Jugador,Seleccion,Posicion,Edad,Edad_FBref,Altura,Temporada,Tipo_Lesion,Desde,Hasta,Dias_Baja,Partidos_Perdidos
Emiliano Martínez,Argentina,,33.0,,1.95,,Calf Problems,,,5,1
Emiliano Martínez,Argentina,,33.0,,1.95,,Muscular Problems,,,4,1
Emiliano Martínez,Argentina,,33.0,,1.95,,Muscular Problems,,,3,1
Emiliano Martínez,Argentina,,33.0,,1.95,,Knock,,,3,1
Emiliano Martínez,Argentina,,33.0,,1.95,,Muscle Injury,,,12,2
Emiliano Martínez,Argentina,,33.0,,1.95,,Unknown Injury,,,3,1
Emiliano Martínez,Argentina,,33.0,,1.95,,Unknown Injury,,,6,1
Emiliano Martínez,Argentina,,33.0,,1.95,,Knee Problems,,,10,1
Gerónimo Rulli,Argentina,,34.0,,1.89,,Shoulder Injury,,,104,22
Gerónimo Rulli,Argentina,,34.0,,1.89,,Cruciate Ligament Strain,,,56,8
Gerónimo Rulli,Argentina,,34.0,,1.89,,Metatarsal Fracture,,,71,9
Juan Musso,Argentina,,32.0,,1.93,,Ankle Sprain,,,15,1
Juan Musso,Argentina,,32.0,,1.93,,Broken Jaw,,,36,5
Juan Musso,Argentina,,32.0,,1.93,,Corona Virus,,,7,0
Juan Musso,Argentina,,32.0,,1.93,,Surgery,,,20,4
Juan Musso,Argentina,,32.0,,1.93,,Finger Injury,,,37,2
Cristian Romero,Argentina,,28.0,,1.85,,Knee Injury,,,56,6
Cristian Romero,Argentina,,28.0,,1.85,,Adductor Injury,,,13,4
Cristian Romero,Argentina,,28.0,,1.85,,Hamstring Injury,,,86,20
Cristian Romero,Argentina,,28.0,,1.85,,Toe Injury,,,15,4
Cristian Romero,Argentina,,28.0,,1.85,,Ankle Injury,,,6,1
Cristian Romero,Argentina,,28.0,,1.85,,Hamstring Strain,,,20,3
Cristian Romero,Argentina,,28.0,,1.85,,Hamstring Injury,,,23,6
Cristian Romero,Argentina,,28.0,,1.85,,Adductor Pain,,,16,3
Cristian Romero,Argentina,,28.0,,1.85,,Hip Problems,,,15,3
Cristian Romero,Argentina,,28.0,,1.85,,Hamstring Injury,,,81,17
Cristian Romero,Argentina,,28.0,,1.85,,Quarantine,,,9,3
Cristian Romero,Argentina,,28.0,,1.85,,Knee Injury,,,6,1
Cristian Romero,Argentina,,28.0,,1.85,,Knee Injury,,,18,3
Cristian Romero,Argentina,,28.0,,1.85,,Muscular Problems,,,6,1
Cristian Romero,Argentina,,28.0,,1.85,,Corona Virus,,,5,1
Lisandro Martínez,Argentina,,28.0,,1.75,,Calf Injury,,,45,8
Lisandro Martínez,Argentina,,28.0,,1.75,,Cruciate Ligament Injury,,,292,44
Lisandro Martínez,Argentina,,28.0,,1.75,,Back Problems,,,3,1
Lisandro Martínez,Argentina,,28.0,,1.75,,Calf Strain,,,30,6
Lisandro Martínez,Argentina,,28.0,,1.75,,Knee Injury,,,55,9
Lisandro Martínez,Argentina,,28.0,,1.75,,Foot Injury,,,106,26
Lisandro Martínez,Argentina,,28.0,,1.75,,Metatarsal Fracture,,,78,14
Lisandro Martínez,Argentina,,28.0,,1.75,,Muscle Injury,,,63,9
Lisandro Martínez,Argentina,,28.0,,1.75,,Unknown Injury,,,11,1
Lisandro Martínez,Argentina,,28.0,,1.75,,Knock,,,7,1
Lisandro Martínez,Argentina,,28.0,,1.75,,Hamstring Injury,,,21,1
Marcos Senesi,Argentina,,29.0,,1.84,,Hamstring Injury,,,123,21
Marcos Senesi,Argentina,,29.0,,1.84,,Facial Injury,,,10,1
Marcos Senesi,Argentina,,29.0,,1.84,,Hamstring Injury,,,33,6
Marcos Senesi,Argentina,,29.0,,1.84,,Ill,,,4,1
Marcos Senesi,Argentina,,29.0,,1.84,,Groin Injury,,,13,0
Marcos Senesi,Argentina,,29.0,,1.84,,Groin Injury,,,22,2
Marcos Senesi,Argentina,,29.0,,1.84,,Quarantine,,,5,1
Marcos Senesi,Argentina,,29.0,,1.84,,Arm Injury,,,11,0
Facundo Medina,Argentina,,27.0,,1.84,,Ankle Sprain,,,85,17
Facundo Medina,Argentina,,27.0,,1.84,,Injury To The Ankle,,,14,2
Facundo Medina,Argentina,,27.0,,1.84,,Dead Leg,,,5,0
Facundo Medina,Argentina,,27.0,,1.84,,Knee Injury,,,19,3
Facundo Medina,Argentina,,27.0,,1.84,,Muscle Injury,,,7,2
Facundo Medina,Argentina,,27.0,,1.84,,Corona Virus,,,11,2
Facundo Medina,Argentina,,27.0,,1.84,,Knee Problems,,,26,3
Facundo Medina,Argentina,,27.0,,1.84,,Knee Injury,,,6,0
Nicolás Otamendi,Argentina,,38.0,,1.82,,Muscular Problems,,,7,1
Nicolás Otamendi,Argentina,,38.0,,1.82,,Corona Virus,,,10,3
Nicolás Otamendi,Argentina,,38.0,,1.82,,Knock,,,7,2
Nicolás Otamendi,Argentina,,38.0,,1.82,,Knock,,,12,2
Nicolás Otamendi,Argentina,,38.0,,1.82,,Knee Injury,,,13,2
Nicolás Otamendi,Argentina,,38.0,,1.82,,Achilles Tendon Problems,,,14,3
Nicolás Otamendi,Argentina,,38.0,,1.82,,Knock,,,8,2
Nicolás Otamendi,Argentina,,38.0,,1.82,,Ankle Problems,,,8,1
Nicolás Otamendi,Argentina,,38.0,,1.82,,Ankle Problems,,,5,1
Nicolás Tagliafico,Argentina,,33.0,,1.72,,Ankle Sprain,,,26,6
Nicolás Tagliafico,Argentina,,33.0,,1.72,,Calf Injury,,,23,4
Nicolás Tagliafico,Argentina,,33.0,,1.72,,Ill,,,10,1
Nicolás Tagliafico,Argentina,,33.0,,1.72,,Injury To The Ankle,,,6,1
Nicolás Tagliafico,Argentina,,33.0,,1.72,,Rest,,,5,1
Nicolás Tagliafico,Argentina,,33.0,,1.72,,Concussion,,,9,1
Nicolás Tagliafico,Argentina,,33.0,,1.72,,Inflammation Of Pubic Bone,,,11,1
Nicolás Tagliafico,Argentina,,33.0,,1.72,,Rest,,,15,2
Nicolás Tagliafico,Argentina,,33.0,,1.72,,Head Injury,,,14,4
Nicolás Tagliafico,Argentina,,33.0,,1.72,,Eye Injury,,,13,1
Nicolás Tagliafico,Argentina,,33.0,,1.72,,Knock,,,2,0
Nicolás Tagliafico,Argentina,,33.0,,1.72,,Knock,,,4,1
Nicolás Tagliafico,Argentina,,33.0,,1.72,,Knee Injury,,,45,5
Nicolás Tagliafico,Argentina,,33.0,,1.72,,Hip Injury,,,3,0
Nicolás Tagliafico,Argentina,,33.0,,1.72,,Hip Problems,,,6,1
Nahuel Molina,Argentina,,28.0,,1.79,,Muscle Injury,,,19,5
Nahuel Molina,Argentina,,28.0,,1.79,,Muscle Injury,,,38,5
Nahuel Molina,Argentina,,28.0,,1.79,,Muscle Injury,,,26,1
Nahuel Molina,Argentina,,28.0,,1.79,,Unknown Injury,,,9,2
Nahuel Molina,Argentina,,28.0,,1.79,,Unknown Injury,,,4,1
Nahuel Molina,Argentina,,28.0,,1.79,,Hip Injury,,,34,1
Nahuel Molina,Argentina,,28.0,,1.79,,Fitness,,,25,1
Gonzalo Montiel,Argentina,,29.0,,1.75,,Muscle Tear,,,22,3
Gonzalo Montiel,Argentina,,29.0,,1.75,,Muscle Tear,,,16,4
Gonzalo Montiel,Argentina,,29.0,,1.75,,Knee Problems,,,9,2
Gonzalo Montiel,Argentina,,29.0,,1.75,,Knee Injury,,,10,1
Gonzalo Montiel,Argentina,,29.0,,1.75,,Muscular Problems,,,31,5
Gonzalo Montiel,Argentina,,29.0,,1.75,,Muscular Problems,,,9,1
Gonzalo Montiel,Argentina,,29.0,,1.75,,Calf Muscle Tear,,,24,6
Gonzalo Montiel,Argentina,,29.0,,1.75,,Unknown Injury,,,11,1
Gonzalo Montiel,Argentina,,29.0,,1.75,,Knock,,,15,3
Gonzalo Montiel,Argentina,,29.0,,1.75,,Muscle Tear,,,15,3
Gonzalo Montiel,Argentina,,29.0,,1.75,,Thigh Problems,,,15,1
Gonzalo Montiel,Argentina,,29.0,,1.75,,Thigh Problems,,,12,3
Gonzalo Montiel,Argentina,,29.0,,1.75,,Corona Virus,,,18,2
Gonzalo Montiel,Argentina,,29.0,,1.75,,Thigh Problems,,,4,1
Gonzalo Montiel,Argentina,,29.0,,1.75,,Mononucleation,,,36,6
Leandro Paredes,Argentina,,31.0,,1.82,,Ankle Sprain,,,11,2
Leandro Paredes,Argentina,,31.0,,1.82,,Rest,,,3,1
Leandro Paredes,Argentina,,31.0,,1.82,,Flu,,,6,2
Leandro Paredes,Argentina,,31.0,,1.82,,Unknown Injury,,,7,1
Leandro Paredes,Argentina,,31.0,,1.82,,Hamstring Muscle Injury,,,17,4
Leandro Paredes,Argentina,,31.0,,1.82,,Adductor Injury,,,87,10
Leandro Paredes,Argentina,,31.0,,1.82,,Adductor Pain,,,19,3
Leandro Paredes,Argentina,,31.0,,1.82,,Thigh Problems,,,30,6
Leandro Paredes,Argentina,,31.0,,1.82,,Fitness,,,25,4
Leandro Paredes,Argentina,,31.0,,1.82,,Knock,,,18,4
Leandro Paredes,Argentina,,31.0,,1.82,,Corona Virus,,,10,1
Leandro Paredes,Argentina,,31.0,,1.82,,Ankle Problems,,,5,1
Leandro Paredes,Argentina,,31.0,,1.82,,Torn Lateral Ankle Ligament,,,36,5
Leandro Paredes,Argentina,,31.0,,1.82,,Torn Lateral Ankle Ligament,,,11,0
Leandro Paredes,Argentina,,31.0,,1.82,,Minor Knock,,,1,0
Enzo Fernández,Argentina,,25.0,,1.78,,Knee Problems,,,13,1
Enzo Fernández,Argentina,,25.0,,1.78,,Knee Problems,,,7,2
Enzo Fernández,Argentina,,25.0,,1.78,,Knock,,,8,1
Enzo Fernández,Argentina,,25.0,,1.78,,Ill,,,3,1
Enzo Fernández,Argentina,,25.0,,1.78,,Groin Surgery,,,37,6
Enzo Fernández,Argentina,,25.0,,1.78,,Unknown Injury,,,6,1
Enzo Fernández,Argentina,,25.0,,1.78,,Unknown Injury,,,11,2
Alexis Mac Allister,Argentina,,27.0,,1.76,,Muscular Problems,,,12,1
Alexis Mac Allister,Argentina,,27.0,,1.76,,Muscle Injury,,,79,4
Alexis Mac Allister,Argentina,,27.0,,1.76,,Knee Injury,,,23,6
Alexis Mac Allister,Argentina,,27.0,,1.76,,Back Injury,,,4,1
Alexis Mac Allister,Argentina,,27.0,,1.76,,Virus,,,36,5
Valentín Barco,Argentina,,21.0,,1.7,,Ankle Injury,,,18,5
Valentín Barco,Argentina,,21.0,,1.7,,Ill,,,5,1
Valentín Barco,Argentina,,21.0,,1.7,,Hamstring Injury,,,20,3
Valentín Barco,Argentina,,21.0,,1.7,,Groin Injury,,,10,2
Valentín Barco,Argentina,,21.0,,1.7,,Adductor Pain,,,6,1
Valentín Barco,Argentina,,21.0,,1.7,,Corona Virus,,,11,2
Exequiel Palacios,Argentina,,27.0,,1.77,,Fitness,,,39,4
Exequiel Palacios,Argentina,,27.0,,1.77,,Adductor Injury,,,94,22
Exequiel Palacios,Argentina,,27.0,,1.77,,Muscle Injury,,,22,2
Exequiel Palacios,Argentina,,27.0,,1.77,,Groin Problems,,,10,1
Exequiel Palacios,Argentina,,27.0,,1.77,,Fitness,,,12,3
Exequiel Palacios,Argentina,,27.0,,1.77,,Knee Injury,,,32,4
Exequiel Palacios,Argentina,,27.0,,1.77,,Muscular Problems,,,4,1
Exequiel Palacios,Argentina,,27.0,,1.77,,Muscle Injury,,,38,6
Exequiel Palacios,Argentina,,27.0,,1.77,,Rest,,,3,1
Exequiel Palacios,Argentina,,27.0,,1.77,,Knee Problems,,,3,1
Exequiel Palacios,Argentina,,27.0,,1.77,,Muscle Injury,,,24,4
Exequiel Palacios,Argentina,,27.0,,1.77,,Hamstring Injury,,,50,11
Exequiel Palacios,Argentina,,27.0,,1.77,,Back Injury,,,39,6
Exequiel Palacios,Argentina,,27.0,,1.77,,Cold,,,5,1
Exequiel Palacios,Argentina,,27.0,,1.77,,Torn Lateral Ankle Ligament,,,19,4
Rodrigo De Paul,Argentina,,32.0,,1.78,,Torn Muscle Fiber,,,9,1
Rodrigo De Paul,Argentina,,32.0,,1.78,,Rest,,,5,1
Rodrigo De Paul,Argentina,,32.0,,1.78,,Hamstring Injury,,,18,4
Nico Paz,Argentina,,21.0,,1.85,,Knee Problems,,,15,1
Nico Paz,Argentina,,21.0,,1.85,,Bruised Knee,,,8,1
Giovani Lo Celso,Argentina,,30.0,,1.77,,Hamstring Injury,,,79,17
Giovani Lo Celso,Argentina,,30.0,,1.77,,Muscular Problems,,,85,3
Giovani Lo Celso,Argentina,,30.0,,1.77,,Muscle Injury,,,38,8
Giovani Lo Celso,Argentina,,30.0,,1.77,,Adductor Injury,,,21,3
Giovani Lo Celso,Argentina,,30.0,,1.77,,Hamstring Injury,,,33,6
Giovani Lo Celso,Argentina,,30.0,,1.77,,Knee Problems,,,6,1
Giovani Lo Celso,Argentina,,30.0,,1.77,,Muscle Injury,,,37,5
Giovani Lo Celso,Argentina,,30.0,,1.77,,Unknown Injury,,,9,1
Giovani Lo Celso,Argentina,,30.0,,1.77,,Hamstring Injury,,,38,6
Giovani Lo Celso,Argentina,,30.0,,1.77,,Muscle Tear,,,50,12
Giovani Lo Celso,Argentina,,30.0,,1.77,,Shin Injury,,,6,2
Giovani Lo Celso,Argentina,,30.0,,1.77,,Knee Injury,,,28,5
Giovani Lo Celso,Argentina,,30.0,,1.77,,Quarantine,,,9,3
Giovani Lo Celso,Argentina,,30.0,,1.77,,Hamstring Injury,,,85,21
Giovani Lo Celso,Argentina,,30.0,,1.77,,Knock,,,7,1
Nico González,Argentina,,28.0,,1.8,,Muscle Injury,,,39,7
Nico González,Argentina,,28.0,,1.8,,Muscle Injury,,,15,4
Nico González,Argentina,,28.0,,1.8,,Muscle Injury,,,30,4
Nico González,Argentina,,28.0,,1.8,,Muscular Problems,,,73,17
Nico González,Argentina,,28.0,,1.8,,Unknown Injury,,,5,1
Nico González,Argentina,,28.0,,1.8,,Hamstring Injury,,,35,6
Nico González,Argentina,,28.0,,1.8,,Unknown Injury,,,6,1
Nico González,Argentina,,28.0,,1.8,,Rest,,,3,1
Nico González,Argentina,,28.0,,1.8,,Hamstring Muscle Injury,,,50,8
Nico González,Argentina,,28.0,,1.8,,Unknown Injury,,,23,6
Nico González,Argentina,,28.0,,1.8,,Unknown Injury,,,15,3
Nico González,Argentina,,28.0,,1.8,,Unknown Injury,,,8,2
Nico González,Argentina,,28.0,,1.8,,Corona Virus,,,29,5
Nico González,Argentina,,28.0,,1.8,,Torn Muscle Fiber,,,71,9
Nico González,Argentina,,28.0,,1.8,,Torn Muscle Fiber,,,36,5
Thiago Almada,Argentina,,25.0,,1.71,,Muscle Injury,,,31,8
Thiago Almada,Argentina,,25.0,,1.71,,Calf Injury,,,8,2
Thiago Almada,Argentina,,25.0,,1.71,,Calf Problems,,,11,1
Giuliano Simeone,Argentina,,23.0,,1.74,,Fever,,,6,1
Giuliano Simeone,Argentina,,23.0,,1.74,,Broken Ankle,,,147,20
Lionel Messi,Argentina,,38.0,,1.7,,Muscular Problems,,,12,0
Lionel Messi,Argentina,,38.0,,1.7,,Rest,,,4,1
Lionel Messi,Argentina,,38.0,,1.7,,Muscular Problems,,,9,2
Lionel Messi,Argentina,,38.0,,1.7,,Muscular Problems,,,11,2
Lionel Messi,Argentina,,38.0,,1.7,,Adductor Pain,,,10,2
Lionel Messi,Argentina,,38.0,,1.7,,Ligament Injury,,,59,10
Lionel Messi,Argentina,,38.0,,1.7,,Leg Injury,,,5,1
Lionel Messi,Argentina,,38.0,,1.7,,Muscular Problems,,,22,6
Lionel Messi,Argentina,,38.0,,1.7,,Muscle Injury,,,15,4
Lionel Messi,Argentina,,38.0,,1.7,,Muscle Injury,,,13,3
Lionel Messi,Argentina,,38.0,,1.7,,Knee Problems,,,6,1
Lionel Messi,Argentina,,38.0,,1.7,,Achilles Heel Problems,,,3,1
Lionel Messi,Argentina,,38.0,,1.7,,Calf Problems,,,9,2
Lionel Messi,Argentina,,38.0,,1.7,,Flu,,,8,1
Lionel Messi,Argentina,,38.0,,1.7,,Quarantine,,,15,2
Julián Alvarez,Argentina,,26.0,,1.7,,Ankle Sprain,,,26,4
Julián Alvarez,Argentina,,26.0,,1.7,,Ankle Problems,,,5,1
Julián Alvarez,Argentina,,26.0,,1.7,,Inner Ligament Injury,,,7,1
Julián Alvarez,Argentina,,26.0,,1.7,,Ill,,,3,1
Lautaro Martínez,Argentina,,28.0,,1.75,,Muscle Injury,,,22,2
Lautaro Martínez,Argentina,,28.0,,1.75,,Calf Problems,,,16,2
Lautaro Martínez,Argentina,,28.0,,1.75,,Calf Strain,,,42,9
Lautaro Martínez,Argentina,,28.0,,1.75,,Muscle Fatigue,,,12,2
Lautaro Martínez,Argentina,,28.0,,1.75,,Hamstring Injury,,,5,1
Lautaro Martínez,Argentina,,28.0,,1.75,,Muscle Injury,,,16,4
Lautaro Martínez,Argentina,,28.0,,1.75,,Fever,,,4,1
Lautaro Martínez,Argentina,,28.0,,1.75,,Muscle Fatigue,,,7,1
Lautaro Martínez,Argentina,,28.0,,1.75,,Adductor Injury,,,16,2
Lautaro Martínez,Argentina,,28.0,,1.75,,Muscle Fatigue,,,4,0
Lautaro Martínez,Argentina,,28.0,,1.75,,Corona Virus,,,12,2
Lautaro Martínez,Argentina,,28.0,,1.75,,Muscular Problems,,,4,1
Lautaro Martínez,Argentina,,28.0,,1.75,,Muscular Problems,,,14,1
Lautaro Martínez,Argentina,,28.0,,1.75,,Hamstring Injury,,,16,3
Lautaro Martínez,Argentina,,28.0,,1.75,,Calf Problems,,,17,4
José Manuel López,Argentina,,25.0,,1.9,,Ninguna,,,0,0
Achref Abada,Algeria,DF,,26-361,1.85,21/22,Bruise,2021-12-25,2022-01-05,12,2
Rayan Aït-Nouri,Algeria,"DF,MF",,25-005,1.8,25/26,Ankle Injury,2025-09-01,2025-10-27,57,13
Rayan Aït-Nouri,Algeria,"DF,MF",,25-005,1.8,23/24,Calf Injury,2024-04-07,2024-04-17,11,1
Rayan Aït-Nouri,Algeria,"DF,MF",,25-005,1.8,22/23,Ill,2022-10-17,2022-10-22,6,1
Rayan Aït-Nouri,Algeria,"DF,MF",,25-005,1.8,21/22,Groin Injury,2021-12-14,2021-12-31,18,2
Rayan Aït-Nouri,Algeria,"DF,MF",,25-005,1.8,21/22,Head Injury,2021-09-22,2021-10-02,11,1
Rayan Aït-Nouri,Algeria,"DF,MF",,25-005,1.8,20/21,Groin Injury,2021-01-28,2021-02-10,14,3
Rayan Aït-Nouri,Algeria,"DF,MF",,25-005,1.8,20/21,Bruise,2020-11-09,2020-11-22,14,-
Rayan Aït-Nouri,Algeria,"DF,MF",,25-005,1.8,20/21,Virus,2020-08-20,2020-09-15,27,5
Rayan Aït-Nouri,Algeria,"DF,MF",,25-005,1.8,19/20,Broken Jaw,2020-01-13,2020-03-31,79,10
Rayan Aït-Nouri,Algeria,"DF,MF",,25-005,1.8,19/20,Ill,2019-11-29,2019-12-02,4,1
Rayan Aït-Nouri,Algeria,"DF,MF",,25-005,1.8,19/20,Ankle Injury,2019-10-06,2019-10-21,16,3
Rayan Aït-Nouri,Algeria,"DF,MF",,25-005,1.8,18/19,Groin Strain,2018-10-26,2018-11-07,13,4
Rayan Aït-Nouri,Algeria,"DF,MF",,25-005,1.8,18/19,Groin Injury,2018-08-14,2018-08-21,8,1
Rayan Aït-Nouri,Algeria,"DF,MF",,25-005,1.8,17/18,Groin Strain,2018-05-09,2018-05-20,12,2
Mohamed Amine Tougai,Algeria,DF,,26-140,1.86,25/26,Muscular Problems,2025-10-06,2025-11-30,56,13
Mohamed Amine Tougai,Algeria,DF,,26-140,1.86,24/25,Muscle Injury,2025-02-24,2025-03-16,21,4
Mohamed Amine Tougai,Algeria,DF,,26-140,1.86,21/22,Corona Virus,2021-12-25,2021-12-31,7,-
Mohamed Amine Tougai,Algeria,DF,,26-140,1.86,20/21,Heel Injury,2021-02-13,2021-05-03,80,16
Mohamed Amine Tougai,Algeria,DF,,26-140,1.86,19/20,Torn Thigh Muscle,2019-09-13,2020-02-01,142,17
Mohamed Amoura,Algeria,"FW,MF",,26-033,1.7,25/26,Muscular Problems,2025-11-17,2025-11-20,4,1
Mohamed Amoura,Algeria,"FW,MF",,26-033,1.7,25/26,Hamstring Injury,2025-08-10,2025-08-22,13,3
Mohamed Amoura,Algeria,"FW,MF",,26-033,1.7,24/25,Hamstring Injury,2025-06-05,2025-07-14,40,2
Mohamed Amoura,Algeria,"FW,MF",,26-033,1.7,24/25,Inner Ligament Injury,2024-08-02,2024-09-09,39,4
Mohamed Amoura,Algeria,"FW,MF",,26-033,1.7,23/24,Shoulder Injury,2023-11-09,2023-11-14,6,1
Mohamed Amoura,Algeria,"FW,MF",,26-033,1.7,22/23,Unknown Injury,2022-08-12,2022-08-26,15,2
Mohamed Amoura,Algeria,"FW,MF",,26-033,1.7,22/23,Unknown Injury,2022-07-29,2022-08-03,6,1
Mohamed Amoura,Algeria,"FW,MF",,26-033,1.7,22/23,Unknown Injury,2022-07-14,2022-07-22,9,1
Mohamed Amoura,Algeria,"FW,MF",,26-033,1.7,21/22,Unknown Injury,2022-01-27,2022-03-04,37,7
Houssem Aouar,Algeria,MF,,27-346,1.75,25/26,Muscle Injury,2025-12-19,2026-01-18,31,12
Houssem Aouar,Algeria,MF,,27-346,1.75,24/25,Muscle Injury,2025-05-15,2025-05-22,8,1
Houssem Aouar,Algeria,MF,,27-346,1.75,24/25,Hamstring Injury,2025-03-13,2025-03-31,19,2
Houssem Aouar,Algeria,MF,,27-346,1.75,24/25,Unknown Injury,2024-11-02,2024-11-18,17,3
Houssem Aouar,Algeria,MF,,27-346,1.75,23/24,Flu,2024-04-06,2024-04-08,3,1
Houssem Aouar,Algeria,MF,,27-346,1.75,23/24,Adductor Pain,2023-12-14,2024-01-05,23,4
Houssem Aouar,Algeria,MF,,27-346,1.75,23/24,Hamstring Muscle Injury,2023-09-01,2023-09-19,19,3
Houssem Aouar,Algeria,MF,,27-346,1.75,22/23,Unknown Injury,2023-02-15,2023-02-26,12,2
Houssem Aouar,Algeria,MF,,27-346,1.75,22/23,Dead Leg,2023-01-02,2023-01-20,19,3
Houssem Aouar,Algeria,MF,,27-346,1.75,22/23,Muscle Injury,2022-12-27,2022-12-29,3,1
Houssem Aouar,Algeria,MF,,27-346,1.75,22/23,Injury To The Ankle,2022-08-18,2022-09-06,20,4
Houssem Aouar,Algeria,MF,,27-346,1.75,20/21,Adductor Pain,2021-04-01,2021-04-16,16,3
Houssem Aouar,Algeria,MF,,27-346,1.75,20/21,Corona Virus,2020-08-28,2020-09-09,13,3
Houssem Aouar,Algeria,MF,,27-346,1.75,19/20,Thigh Problems,2019-11-10,2019-12-03,24,5
Zineddine Belaïd,Algeria,DF,,27-083,1.86,-,Ninguna,,,0,0
Rafik Belghali,Algeria,"DF,MF",,24-004,1.8,25/26,Ankle Problems,2026-02-16,2026-03-04,17,2
Rafik Belghali,Algeria,"DF,MF",,24-004,1.8,25/26,Ankle Sprain,2026-01-14,2026-02-13,31,5
Rafik Belghali,Algeria,"DF,MF",,24-004,1.8,24/25,Knee Injury,2024-11-07,2024-11-12,6,1
Rafik Belghali,Algeria,"DF,MF",,24-004,1.8,24/25,Knee Injury,2024-08-04,2024-08-22,19,2
Rafik Belghali,Algeria,"DF,MF",,24-004,1.8,23/24,Knee Medial Ligament Tear,2023-09-17,2024-05-13,240,32
Rafik Belghali,Algeria,"DF,MF",,24-004,1.8,22/23,Meniscus Injury,2023-01-11,2023-07-27,198,15
Oussama Benbot,Algeria,GK,,31-243,1.88,18/19,Unknown Injury,2019-01-14,2019-02-28,46,5
Nadhir Benbouali,Algeria,FW,,26-055,1.9,24/25,Knock,2024-07-22,2024-08-13,23,3
Nadhir Benbouali,Algeria,FW,,26-055,1.9,23/24,Knee Problems,2024-02-11,2024-05-01,81,18
Nadhir Benbouali,Algeria,FW,,26-055,1.9,22/23,Cruciate Ligament Tear,2023-01-07,2023-10-16,283,25
Ramy Bensebaini,Algeria,"DF,MF",,31-056,1.87,25/26,Ankle Injury,2026-04-27,2026-05-28,32,3
Ramy Bensebaini,Algeria,"DF,MF",,31-056,1.87,25/26,Ill,2026-01-15,2026-01-19,5,1
Ramy Bensebaini,Algeria,"DF,MF",,31-056,1.87,25/26,Rest,2026-01-12,2026-01-14,3,1
Ramy Bensebaini,Algeria,"DF,MF",,31-056,1.87,25/26,Back Problems,2025-11-10,2025-11-23,14,3
Ramy Bensebaini,Algeria,"DF,MF",,31-056,1.87,25/26,Back Problems,2025-10-27,2025-10-30,4,1
Ramy Bensebaini,Algeria,"DF,MF",,31-056,1.87,24/25,Muscle Stiffness,2025-02-10,2025-02-17,8,2
Ramy Bensebaini,Algeria,"DF,MF",,31-056,1.87,24/25,Ill,2025-01-08,2025-01-13,6,1
Ramy Bensebaini,Algeria,"DF,MF",,31-056,1.87,23/24,Fitness,2024-06-01,2024-06-30,30,3
Ramy Bensebaini,Algeria,"DF,MF",,31-056,1.87,23/24,Inner Ligament Injury,2024-03-23,2024-05-31,70,13
Ramy Bensebaini,Algeria,"DF,MF",,31-056,1.87,23/24,Hip Problems,2024-01-25,2024-01-29,5,1
Ramy Bensebaini,Algeria,"DF,MF",,31-056,1.87,23/24,Ill,2023-12-01,2023-12-04,4,1
Ramy Bensebaini,Algeria,"DF,MF",,31-056,1.87,22/23,Hip Flexor Problems,2023-05-28,2023-06-05,9,-
Ramy Bensebaini,Algeria,"DF,MF",,31-056,1.87,22/23,Hip Injury,2023-04-24,2023-05-02,9,1
Ramy Bensebaini,Algeria,"DF,MF",,31-056,1.87,22/23,Hamstring Injury,2023-03-06,2023-03-13,8,1
Ramy Bensebaini,Algeria,"DF,MF",,31-056,1.87,22/23,Ill,2023-02-10,2023-02-13,4,1
Nabil Bentaleb,Algeria,MF,,31-199,1.89,25/26,Infection,2026-04-17,2026-05-04,18,3
Nabil Bentaleb,Algeria,MF,,31-199,1.89,25/26,Shoulder Injury,2026-01-23,2026-02-13,22,4
Nabil Bentaleb,Algeria,MF,,31-199,1.89,23/24,Heart Problems,2024-06-18,2025-02-12,240,42
Nabil Bentaleb,Algeria,MF,,31-199,1.89,23/24,Calf Injury,2023-09-04,2023-10-09,36,7
Nabil Bentaleb,Algeria,MF,,31-199,1.89,20/21,Groin Surgery,2021-03-16,2021-06-30,107,14
Nabil Bentaleb,Algeria,MF,,31-199,1.89,20/21,Groin Problems,2021-03-05,2021-03-15,11,2
Nabil Bentaleb,Algeria,MF,,31-199,1.89,19/20,Meniscus Tear,2019-09-02,2019-11-20,80,16
Nabil Bentaleb,Algeria,MF,,31-199,1.89,18/19,Groin Problems,2019-03-14,2019-03-18,5,1
Nabil Bentaleb,Algeria,MF,,31-199,1.89,18/19,Back Injury,2019-02-21,2019-02-22,2,-
Nabil Bentaleb,Algeria,MF,,31-199,1.89,18/19,Hamstring Injury,2019-01-16,2019-01-24,9,1
Nabil Bentaleb,Algeria,MF,,31-199,1.89,17/18,Inflammation Of Pubic Bone,2017-11-06,2017-12-31,56,9
Nabil Bentaleb,Algeria,MF,,31-199,1.89,17/18,Groin Problems,2017-10-02,2017-10-12,11,1
Nabil Bentaleb,Algeria,MF,,31-199,1.89,17/18,Muscle Stiffness,2017-09-21,2017-09-28,8,1
Nabil Bentaleb,Algeria,MF,,31-199,1.89,16/17,Ankle Injury,2017-06-08,2017-06-08,1,-
Nabil Bentaleb,Algeria,MF,,31-199,1.89,16/17,Stomach Flu,2017-02-13,2017-02-16,4,-
Hicham Boudaoui,Algeria,MF,,26-261,1.75,25/26,Concussion,2026-05-26,2026-06-05,11,2
Hicham Boudaoui,Algeria,MF,,26-261,1.75,25/26,Back Injury,2026-02-23,2026-03-02,8,1
Hicham Boudaoui,Algeria,MF,,26-261,1.75,25/26,Ill,2026-01-24,2026-01-31,8,2
Hicham Boudaoui,Algeria,MF,,26-261,1.75,25/26,Hip Injury,2025-11-16,2025-11-23,8,2
Hicham Boudaoui,Algeria,MF,,26-261,1.75,25/26,Back Injury,2025-09-26,2025-10-04,9,1
Hicham Boudaoui,Algeria,MF,,26-261,1.75,24/25,Hamstring Injury,2024-10-30,2024-11-22,24,5
Hicham Boudaoui,Algeria,MF,,26-261,1.75,24/25,Knee Injury,2024-09-02,2024-09-21,20,4
Hicham Boudaoui,Algeria,MF,,26-261,1.75,23/24,Foot Injury,2024-02-15,2024-02-24,10,1
Hicham Boudaoui,Algeria,MF,,26-261,1.75,23/24,Back Injury,2023-09-20,2023-10-05,16,1
Hicham Boudaoui,Algeria,MF,,26-261,1.75,22/23,Knee Injury,2023-01-01,2023-01-10,10,2
Hicham Boudaoui,Algeria,MF,,26-261,1.75,22/23,Groin Injury,2022-10-14,2022-10-30,17,1
Hicham Boudaoui,Algeria,MF,,26-261,1.75,22/23,Back Injury,2022-07-19,2022-09-01,45,7
Hicham Boudaoui,Algeria,MF,,26-261,1.75,21/22,Back Injury,2021-11-04,2021-12-01,28,4
Hicham Boudaoui,Algeria,MF,,26-261,1.75,21/22,Back Injury,2021-09-23,2021-10-03,11,1
Hicham Boudaoui,Algeria,MF,,26-261,1.75,20/21,Meniscus Tear,2021-03-04,2021-04-12,40,7
Adil Boulbina,Algeria,FW,,23-040,,-,Ninguna,,,0,0
Fares Chaïbi,Algeria,"FW,MF",,23-195,1.83,25/26,Knee Problems,2026-02-12,2026-02-18,7,1
Fares Chaïbi,Algeria,"FW,MF",,23-195,1.83,25/26,Rest,2026-01-12,2026-01-14,3,1
Fares Chaïbi,Algeria,"FW,MF",,23-195,1.83,25/26,Muscular Problems,2025-11-11,2025-11-20,10,2
Fares Chaïbi,Algeria,"FW,MF",,23-195,1.83,23/24,Cold,2023-12-13,2023-12-15,3,1
Fares Chaïbi,Algeria,"FW,MF",,23-195,1.83,22/23,Appendectomy,2022-08-12,2022-08-25,14,2
Samir Chergui,Algeria,DF,,27-125,1.85,25/26,Hamstring Injury,2025-12-29,2026-03-05,67,13
Samir Chergui,Algeria,DF,,27-125,1.85,25/26,Hamstring Injury,2025-11-24,2025-12-20,27,7
Samir Chergui,Algeria,DF,,27-125,1.85,23/24,Knock,2024-05-18,2025-01-26,254,22
Samir Chergui,Algeria,DF,,27-125,1.85,23/24,Knock,2023-09-24,2024-01-28,127,19
Farés Ghedjemis,Algeria,"FW,MF",,23-278,1.83,24/25,Metacarpal Fracture,2024-11-12,2024-12-04,23,2
Farés Ghedjemis,Algeria,"FW,MF",,23-278,1.83,23/24,Unknown Injury,2024-02-01,2024-02-22,22,3
Amine Gouiri,Algeria,"FW,MF",,26-115,1.8,25/26,Hamstring Injury,2026-04-19,2026-04-27,9,1
Amine Gouiri,Algeria,"FW,MF",,26-115,1.8,25/26,Muscle Injury,2026-03-01,2026-03-05,5,2
Amine Gouiri,Algeria,"FW,MF",,26-115,1.8,25/26,Shoulder Injury,2025-10-15,2025-12-31,78,22
Amine Gouiri,Algeria,"FW,MF",,26-115,1.8,25/26,Shoulder Injury,2025-09-13,2025-09-15,3,-
Amine Gouiri,Algeria,"FW,MF",,26-115,1.8,24/25,Rest,2025-04-04,2025-04-07,4,1
Amine Gouiri,Algeria,"FW,MF",,26-115,1.8,24/25,Knee Injury,2024-12-16,2025-01-02,18,1
Amine Gouiri,Algeria,"FW,MF",,26-115,1.8,23/24,Knee Injury,2024-01-01,2024-01-24,24,7
Amine Gouiri,Algeria,"FW,MF",,26-115,1.8,20/21,Calf Injury,2021-04-12,2021-05-05,24,3
Amine Gouiri,Algeria,"FW,MF",,26-115,1.8,18/19,Cruciate Ligament Tear,2018-08-18,2019-04-01,227,42
Amine Gouiri,Algeria,"FW,MF",,26-115,1.8,17/18,Knock,2017-08-21,2017-09-08,19,1
Anis Hadj Moussa,Algeria,"FW,MF",,24-120,1.76,25/26,Groin Injury,2026-03-23,2026-04-11,20,3
Anis Hadj Moussa,Algeria,"FW,MF",,24-120,1.76,24/25,Minor Knock,2025-03-16,2025-03-28,13,2
Anis Hadj Moussa,Algeria,"FW,MF",,24-120,1.76,24/25,Minor Knock,2025-02-04,2025-02-07,4,1
Anis Hadj Moussa,Algeria,"FW,MF",,24-120,1.76,24/25,Minor Knock,2024-09-13,2024-09-18,6,1
Anis Hadj Moussa,Algeria,"FW,MF",,24-120,1.76,21/22,Hip Injury,2021-11-11,2021-11-22,12,1
Jaouen Hadjam,Algeria,DF,,23-077,1.85,25/26,Syndesmosis Ligament Tear,2025-12-29,2026-04-17,110,21
Jaouen Hadjam,Algeria,DF,,23-077,1.85,24/25,Torn Muscle Fiber,2024-11-01,2024-11-08,8,2
Riyad Mahrez,Algeria,"FW,MF",,35-110,1.79,23/24,Knock,2024-05-22,2024-05-31,10,2
Riyad Mahrez,Algeria,"FW,MF",,35-110,1.79,20/21,Corona Virus,2020-09-07,2020-09-21,15,-
Riyad Mahrez,Algeria,"FW,MF",,35-110,1.79,15/16,Leg Injury,2016-05-27,2016-06-05,10,1
Aïssa Mandi,Algeria,DF,,34-232,1.84,23/24,Leg Injury,2023-11-19,2023-12-15,27,7
Aïssa Mandi,Algeria,DF,,34-232,1.84,20/21,Corona Virus,2020-11-22,2020-12-07,16,3
Aïssa Mandi,Algeria,DF,,34-232,1.84,16/17,Broken Hand,2017-03-28,2017-04-07,11,2
Aïssa Mandi,Algeria,DF,,34-232,1.84,16/17,Adductor Injury,2016-09-20,2016-10-13,24,4
Aïssa Mandi,Algeria,DF,,34-232,1.84,16/17,Bruise,2016-09-02,2016-09-06,5,1
Aïssa Mandi,Algeria,DF,,34-232,1.84,15/16,Cruciate Ligament Strain,2015-09-23,2015-11-05,44,8
Melvin Mastil,Algeria,GK,,26-112,1.94,25/26,Inguinal Hernia,2026-04-16,2026-05-06,21,3
Melvin Mastil,Algeria,GK,,26-112,1.94,22/23,Ill,2022-11-11,2022-11-17,7,2
Melvin Mastil,Algeria,GK,,26-112,1.94,20/21,Unknown Injury,2021-04-23,2021-06-30,69,6
Ibrahim Maza,Algeria,MF,,20-199,1.8,25/26,Knee Problems,2026-01-30,2026-02-10,12,3
Ibrahim Maza,Algeria,MF,,20-199,1.8,25/26,Rest,2026-01-12,2026-01-14,3,-
Ibrahim Maza,Algeria,MF,,20-199,1.8,24/25,Hamstring Strain,2024-11-12,2024-11-19,8,2
Ibrahim Maza,Algeria,MF,,20-199,1.8,23/24,Fitness,2024-01-01,2024-02-04,35,4
Ibrahim Maza,Algeria,MF,,20-199,1.8,23/24,Meniscus Injury,2023-07-15,2024-01-15,185,20
Yassine Titraoui,Algeria,MF,,22-320,1.8,25/26,Hamstring Muscle Injury,2026-04-10,2026-04-28,19,3
Yassine Titraoui,Algeria,MF,,22-320,1.8,25/26,Minor Knock,2025-09-27,2025-10-01,5,1
Yassine Titraoui,Algeria,MF,,22-320,1.8,24/25,Contracture,2025-04-04,2025-04-16,13,2
Yassine Titraoui,Algeria,MF,,22-320,1.8,24/25,Torn Muscle Bundle,2025-02-13,2025-02-20,8,1
Ramiz Zerrouki,Algeria,MF,,28-016,1.83,24/25,Leg Injury,2025-01-18,2025-03-28,70,15
Ramiz Zerrouki,Algeria,MF,,28-016,1.83,22/23,Unknown Injury,2023-02-15,2023-02-22,8,1
Ramiz Zerrouki,Algeria,MF,,28-016,1.83,22/23,Hip Injury,2023-02-08,2023-02-15,8,-
Ramiz Zerrouki,Algeria,MF,,28-016,1.83,21/22,Muscular Problems,2022-01-09,2022-01-18,10,3
Luca Zidane,Algeria,GK,,28-029,1.83,25/26,Broken Jaw,2026-04-27,2026-05-29,33,4
Luca Zidane,Algeria,GK,,28-029,1.83,25/26,Muscular Problems,2025-11-10,2025-11-17,8,2
Luca Zidane,Algeria,GK,,28-029,1.83,24/25,Knee Injury,2024-09-09,2024-10-09,31,4
Luca Zidane,Algeria,GK,,28-029,1.83,19/20,Finger Injury,2020-06-29,2020-07-21,23,5
Luca Zidane,Algeria,GK,,28-029,1.83,19/20,Muscle Injury,2019-08-18,2019-09-04,18,2
Luca Zidane,Algeria,GK,,28-029,1.83,18/19,Hamstring Injury,2019-02-02,2019-02-15,14,4
Luca Zidane,Algeria,GK,,28-029,1.83,17/18,Shoulder Injury,2017-10-02,2018-02-05,127,43
Luca Zidane,Algeria,GK,,28-029,1.83,16/17,Shoulder Injury,2017-03-01,2017-06-01,93,11
Luca Zidane,Algeria,GK,,28-029,1.83,24/25,Ankle Injury,,2025-04-27,,-
Thiago Almada,Argentina,"FW,MF",,25-046,1.71,25/26,Muscle Injury,2025-09-11,2025-10-11,31,8
Thiago Almada,Argentina,"FW,MF",,25-046,1.71,23/24,Calf Injury,2024-05-17,2024-05-24,8,2
Thiago Almada,Argentina,"FW,MF",,25-046,1.71,22/23,Calf Problems,2023-04-10,2023-04-20,11,1
Julián Álvarez,Argentina,"FW,MF",,26-131,1.7,25/26,Ankle Sprain,2026-05-06,2026-05-31,26,4
Julián Álvarez,Argentina,"FW,MF",,26-131,1.7,25/26,Ankle Problems,2026-04-30,2026-05-04,5,1
Julián Álvarez,Argentina,"FW,MF",,26-131,1.7,25/26,Inner Ligament Injury,2025-09-14,2025-09-20,7,1
Julián Álvarez,Argentina,"FW,MF",,26-131,1.7,22/23,Ill,2022-03-04,2022-03-06,3,1
Leonardo Balerdi,Argentina,DF,,27-136,1.88,25/26,Calf Injury,2026-06-06,,10,-
Leonardo Balerdi,Argentina,DF,,27-136,1.88,25/26,Muscular Problems,2026-03-13,2026-03-20,8,1
Leonardo Balerdi,Argentina,DF,,27-136,1.88,25/26,Head Injury,2026-02-09,2026-02-23,15,2
Leonardo Balerdi,Argentina,DF,,27-136,1.88,25/26,Ill,2026-01-04,2026-01-07,4,1
Leonardo Balerdi,Argentina,DF,,27-136,1.88,25/26,Calf Injury,2025-10-28,2025-11-09,13,4
Leonardo Balerdi,Argentina,DF,,27-136,1.88,24/25,Knee Injury,2025-03-30,2025-04-26,28,3
Leonardo Balerdi,Argentina,DF,,27-136,1.88,24/25,Dead Leg,2024-08-26,2024-09-13,19,3
Leonardo Balerdi,Argentina,DF,,27-136,1.88,23/24,Adductor Pain,2024-03-15,2024-03-20,6,1
Leonardo Balerdi,Argentina,DF,,27-136,1.88,21/22,Shoulder Injury,2022-03-24,2022-07-21,120,17
Leonardo Balerdi,Argentina,DF,,27-136,1.88,18/19,Facial Injury,2019-01-25,2019-02-11,18,9
Valentín Barco,Argentina,"DF,MF",,21-323,1.7,25/26,Ankle Injury,2026-04-17,2026-05-04,18,5
Valentín Barco,Argentina,"DF,MF",,21-323,1.7,25/26,Ill,2025-12-06,2025-12-10,5,1
Valentín Barco,Argentina,"DF,MF",,21-323,1.7,24/25,Hamstring Injury,2025-01-22,2025-02-10,20,3
Valentín Barco,Argentina,"DF,MF",,21-323,1.7,24/25,Groin Injury,2025-01-10,2025-01-19,10,2
Valentín Barco,Argentina,"DF,MF",,21-323,1.7,23/24,Adductor Pain,2023-08-24,2023-08-29,6,1
Valentín Barco,Argentina,"DF,MF",,21-323,1.7,21/22,Corona Virus,2021-08-16,2021-08-26,11,2
Rodrigo De Paul,Argentina,"FW,MF",,32-018,1.78,25/26,Torn Muscle Fiber,2026-03-18,2026-03-26,9,1
Rodrigo De Paul,Argentina,"FW,MF",,32-018,1.78,25/26,Rest,2026-03-13,2026-03-17,5,1
Rodrigo De Paul,Argentina,"FW,MF",,32-018,1.78,23/24,Hamstring Injury,2023-09-12,2023-09-29,18,4
Enzo Fernández,Argentina,MF,,25-145,1.78,25/26,Knee Problems,2025-11-09,2025-11-21,13,1
Enzo Fernández,Argentina,MF,,25-145,1.78,25/26,Knee Problems,2025-10-14,2025-10-20,7,2
Enzo Fernández,Argentina,MF,,25-145,1.78,24/25,Knock,2025-01-16,2025-01-23,8,1
Enzo Fernández,Argentina,MF,,25-145,1.78,24/25,Ill,2024-09-13,2024-09-15,3,1
Enzo Fernández,Argentina,MF,,25-145,1.78,23/24,Groin Surgery,2024-04-25,2024-05-31,37,6
Enzo Fernández,Argentina,MF,,25-145,1.78,23/24,Unknown Injury,2024-04-13,2024-04-18,6,1
Enzo Fernández,Argentina,MF,,25-145,1.78,23/24,Unknown Injury,2023-12-19,2023-12-29,11,2
Nicolás González,Argentina,"FW,MF",,28-066,1.88,25/26,Knock,2026-01-11,2026-01-27,17,4
Nicolás González,Argentina,"FW,MF",,28-066,1.88,25/26,Knock,2026-01-02,2026-01-05,4,1
Nicolás González,Argentina,"FW,MF",,28-066,1.88,24/25,Knock,2025-02-08,2025-02-10,3,-
Nicolás González,Argentina,"FW,MF",,28-066,1.88,22/23,Ankle Injury,2023-04-10,2023-04-20,11,1
Nicolás González,Argentina,"FW,MF",,28-066,1.88,22/23,Metatarsal Fracture,2023-01-01,2023-03-01,60,12
Nicolás González,Argentina,"FW,MF",,28-066,1.88,21/22,Broken Toe,2022-04-29,2022-05-29,31,5
Nicolás González,Argentina,"FW,MF",,28-066,1.88,21/22,Influenza,2022-03-24,2022-04-01,9,1
Nicolás González,Argentina,"FW,MF",,28-066,1.88,21/22,Adductor Injury,2021-11-07,2021-11-19,13,2
Nicolás González,Argentina,"FW,MF",,28-066,1.88,21/22,Knock,2021-09-18,2021-09-22,5,1
Giovani Lo Celso,Argentina,"FW,MF",,30-063,1.77,25/26,Hamstring Injury,2026-01-17,2026-04-05,79,17
Giovani Lo Celso,Argentina,"FW,MF",,30-063,1.77,24/25,Muscular Problems,2025-05-19,2025-08-11,85,3
Giovani Lo Celso,Argentina,"FW,MF",,30-063,1.77,24/25,Muscle Injury,2025-02-16,2025-03-25,38,8
Giovani Lo Celso,Argentina,"FW,MF",,30-063,1.77,24/25,Adductor Injury,2025-01-12,2025-02-01,21,3
Giovani Lo Celso,Argentina,"FW,MF",,30-063,1.77,24/25,Hamstring Injury,2024-10-17,2024-11-18,33,6
Giovani Lo Celso,Argentina,"FW,MF",,30-063,1.77,23/24,Knee Problems,2024-05-15,2024-05-20,6,1
Giovani Lo Celso,Argentina,"FW,MF",,30-063,1.77,23/24,Muscle Injury,2024-01-06,2024-02-11,37,5
Giovani Lo Celso,Argentina,"FW,MF",,30-063,1.77,23/24,Unknown Injury,2023-12-14,2023-12-22,9,1
Giovani Lo Celso,Argentina,"FW,MF",,30-063,1.77,23/24,Hamstring Injury,2023-08-29,2023-10-05,38,6
Giovani Lo Celso,Argentina,"FW,MF",,30-063,1.77,22/23,Muscle Tear,2022-10-31,2022-12-19,50,12
Giovani Lo Celso,Argentina,"FW,MF",,30-063,1.77,21/22,Shin Injury,2021-12-25,2021-12-30,6,2
Giovani Lo Celso,Argentina,"FW,MF",,30-063,1.77,21/22,Knee Injury,2021-11-18,2021-12-15,28,5
Giovani Lo Celso,Argentina,"FW,MF",,30-063,1.77,21/22,Quarantine,2021-09-09,2021-09-17,9,3
Giovani Lo Celso,Argentina,"FW,MF",,30-063,1.77,20/21,Hamstring Injury,2020-12-20,2021-03-14,85,21
Giovani Lo Celso,Argentina,"FW,MF",,30-063,1.77,20/21,Knock,2020-11-22,2020-11-28,7,1
Flaco López,Argentina,FW,,25-187,1.9,-,Ninguna,,,0,0
Alexis Mac Allister,Argentina,MF,,27-169,1.76,25/26,Muscular Problems,2025-08-18,2025-08-29,12,1
Alexis Mac Allister,Argentina,MF,,27-169,1.76,24/25,Muscle Injury,2025-05-12,2025-07-29,79,4
Alexis Mac Allister,Argentina,MF,,27-169,1.76,23/24,Knee Injury,2023-12-07,2023-12-29,23,6
Alexis Mac Allister,Argentina,MF,,27-169,1.76,20/21,Back Injury,2021-02-02,2021-02-05,4,1
Alexis Mac Allister,Argentina,MF,,27-169,1.76,20/21,Virus,2020-11-07,2020-12-12,36,5
Emiliano Martínez,Argentina,GK,,33-282,1.95,25/26,Calf Problems,2026-04-11,2026-04-15,5,1
Emiliano Martínez,Argentina,GK,,33-282,1.95,25/26,Muscular Problems,2025-12-12,2025-12-15,4,1
Emiliano Martínez,Argentina,GK,,33-282,1.95,25/26,Muscular Problems,2025-12-02,2025-12-04,3,1
Emiliano Martínez,Argentina,GK,,33-282,1.95,25/26,Knock,2025-10-01,2025-10-03,3,1
Emiliano Martínez,Argentina,GK,,33-282,1.95,25/26,Muscle Injury,2025-09-15,2025-09-26,12,2
Emiliano Martínez,Argentina,GK,,33-282,1.95,24/25,Unknown Injury,2025-03-07,2025-03-09,3,1
Emiliano Martínez,Argentina,GK,,33-282,1.95,24/25,Unknown Injury,2025-01-09,2025-01-14,6,1
Emiliano Martínez,Argentina,GK,,33-282,1.95,21/22,Knee Problems,2022-05-20,2022-05-29,10,1
Lautaro Martínez,Argentina,FW,,28-293,1.75,25/26,Muscle Injury,2026-04-10,2026-05-01,22,2
Lautaro Martínez,Argentina,FW,,28-293,1.75,25/26,Calf Problems,2026-04-10,2026-04-25,16,2
Lautaro Martínez,Argentina,FW,,28-293,1.75,25/26,Calf Strain,2026-02-19,2026-04-01,42,9
Lautaro Martínez,Argentina,FW,,28-293,1.75,24/25,Muscle Fatigue,2025-05-09,2025-05-20,12,2
Lautaro Martínez,Argentina,FW,,28-293,1.75,24/25,Hamstring Injury,2025-04-30,2025-05-04,5,1
Lautaro Martínez,Argentina,FW,,28-293,1.75,24/25,Muscle Injury,2025-03-19,2025-04-03,16,4
Lautaro Martínez,Argentina,FW,,28-293,1.75,24/25,Fever,2024-11-22,2024-11-25,4,1
Lautaro Martínez,Argentina,FW,,28-293,1.75,24/25,Muscle Fatigue,2024-08-23,2024-08-29,7,1
Lautaro Martínez,Argentina,FW,,28-293,1.75,23/24,Adductor Injury,2023-12-20,2024-01-04,16,2
Lautaro Martínez,Argentina,FW,,28-293,1.75,22/23,Muscle Fatigue,2022-10-01,2022-10-04,4,-
Lautaro Martínez,Argentina,FW,,28-293,1.75,21/22,Corona Virus,2022-03-20,2022-03-31,12,2
Lautaro Martínez,Argentina,FW,,28-293,1.75,21/22,Muscular Problems,2021-10-06,2021-10-09,4,1
Lautaro Martínez,Argentina,FW,,28-293,1.75,21/22,Muscular Problems,2021-08-13,2021-08-26,14,1
Lautaro Martínez,Argentina,FW,,28-293,1.75,18/19,Hamstring Injury,2019-03-27,2019-04-11,16,3
Lautaro Martínez,Argentina,FW,,28-293,1.75,18/19,Calf Problems,2018-09-05,2018-09-21,17,4
Lisandro Martínez,Argentina,"DF,MF",,28-144,1.75,25/26,Calf Injury,2026-02-23,2026-04-08,45,8
Lisandro Martínez,Argentina,"DF,MF",,28-144,1.75,24/25,Cruciate Ligament Injury,2025-02-03,2025-11-21,292,44
Lisandro Martínez,Argentina,"DF,MF",,28-144,1.75,24/25,Back Problems,2024-11-23,2024-11-25,3,1
Lisandro Martínez,Argentina,"DF,MF",,28-144,1.75,23/24,Calf Strain,2024-04-02,2024-05-01,30,6
Lisandro Martínez,Argentina,"DF,MF",,28-144,1.75,23/24,Knee Injury,2024-02-04,2024-03-29,55,9
Lisandro Martínez,Argentina,"DF,MF",,28-144,1.75,23/24,Foot Injury,2023-09-21,2024-01-04,106,26
Lisandro Martínez,Argentina,"DF,MF",,28-144,1.75,22/23,Metatarsal Fracture,2023-04-14,2023-06-30,78,14
Lisandro Martínez,Argentina,"DF,MF",,28-144,1.75,21/22,Muscle Injury,2022-03-21,2022-05-22,63,9
Lisandro Martínez,Argentina,"DF,MF",,28-144,1.75,21/22,Unknown Injury,2021-12-21,2021-12-31,11,1
Lisandro Martínez,Argentina,"DF,MF",,28-144,1.75,20/21,Knock,2020-09-13,2020-09-19,7,1
Lisandro Martínez,Argentina,"DF,MF",,28-144,1.75,19/20,Hamstring Injury,2019-07-05,2019-07-25,21,1
Facundo Medina,Argentina,DF,,27-014,1.84,25/26,Ankle Sprain,2025-10-01,2025-12-24,85,17
Facundo Medina,Argentina,DF,,27-014,1.84,25/26,Injury To The Ankle,2025-08-19,2025-09-01,14,2
Facundo Medina,Argentina,DF,,27-014,1.84,24/25,Dead Leg,2024-12-09,2024-12-13,5,-
Facundo Medina,Argentina,DF,,27-014,1.84,22/23,Knee Injury,2023-03-02,2023-03-20,19,3
Facundo Medina,Argentina,DF,,27-014,1.84,21/22,Muscle Injury,2022-04-19,2022-04-25,7,2
Facundo Medina,Argentina,DF,,27-014,1.84,20/21,Corona Virus,2021-04-10,2021-04-20,11,2
Facundo Medina,Argentina,DF,,27-014,1.84,20/21,Knee Problems,2020-12-21,2021-01-15,26,3
Facundo Medina,Argentina,DF,,27-014,1.84,20/21,Knee Injury,2020-09-01,2020-09-06,6,-
Lionel Messi,Argentina,"FW,MF",,38-352,1.7,25/26,Muscular Problems,2026-05-26,2026-06-06,12,-
Lionel Messi,Argentina,"FW,MF",,38-352,1.7,25/26,Rest,2026-03-13,2026-03-16,4,1
Lionel Messi,Argentina,"FW,MF",,38-352,1.7,25/26,Muscular Problems,2025-08-18,2025-08-26,9,2
Lionel Messi,Argentina,"FW,MF",,38-352,1.7,25/26,Muscular Problems,2025-08-04,2025-08-14,11,2
Lionel Messi,Argentina,"FW,MF",,38-352,1.7,24/25,Adductor Pain,2025-03-18,2025-03-27,10,2
Lionel Messi,Argentina,"FW,MF",,38-352,1.7,24/25,Ligament Injury,2024-07-16,2024-09-12,59,10
Lionel Messi,Argentina,"FW,MF",,38-352,1.7,23/24,Leg Injury,2024-05-14,2024-05-18,5,1
Lionel Messi,Argentina,"FW,MF",,38-352,1.7,23/24,Muscular Problems,2024-03-15,2024-04-05,22,6
Lionel Messi,Argentina,"FW,MF",,38-352,1.7,23/24,Muscle Injury,2023-09-22,2023-10-06,15,4
Lionel Messi,Argentina,"FW,MF",,38-352,1.7,23/24,Muscle Injury,2023-09-06,2023-09-18,13,3
Lionel Messi,Argentina,"FW,MF",,38-352,1.7,22/23,Knee Problems,2023-02-08,2023-02-13,6,1
Lionel Messi,Argentina,"FW,MF",,38-352,1.7,22/23,Achilles Heel Problems,2022-11-05,2022-11-07,3,1
Lionel Messi,Argentina,"FW,MF",,38-352,1.7,22/23,Calf Problems,2022-10-05,2022-10-13,9,2
Lionel Messi,Argentina,"FW,MF",,38-352,1.7,21/22,Flu,2022-03-17,2022-03-24,8,1
Lionel Messi,Argentina,"FW,MF",,38-352,1.7,21/22,Quarantine,2022-01-06,2022-01-20,15,2
Nahuel Molina,Argentina,"DF,MF",,28-066,1.79,24/25,Muscle Injury,2024-11-18,2024-12-06,19,5
Nahuel Molina,Argentina,"DF,MF",,28-066,1.79,23/24,Muscle Injury,2024-05-05,2024-06-11,38,5
Nahuel Molina,Argentina,"DF,MF",,28-066,1.79,23/24,Muscle Injury,2023-07-24,2023-08-18,26,1
Nahuel Molina,Argentina,"DF,MF",,28-066,1.79,21/22,Unknown Injury,2022-01-14,2022-01-22,9,2
Nahuel Molina,Argentina,"DF,MF",,28-066,1.79,20/21,Unknown Injury,2020-10-18,2020-10-21,4,1
Nahuel Molina,Argentina,"DF,MF",,28-066,1.79,18/19,Hip Injury,2018-12-27,2019-01-29,34,1
Nahuel Molina,Argentina,"DF,MF",,28-066,1.79,18/19,Fitness,2018-09-24,2018-10-18,25,1
Gonzalo Montiel,Argentina,DF,,29-161,1.75,25/26,Muscle Tear,2026-05-17,2026-06-07,22,3
Gonzalo Montiel,Argentina,DF,,29-161,1.75,25/26,Muscle Tear,2026-03-23,2026-04-07,16,4
Gonzalo Montiel,Argentina,DF,,29-161,1.75,25/26,Knee Problems,2025-11-11,2025-11-19,9,2
Gonzalo Montiel,Argentina,DF,,29-161,1.75,25/26,Knee Injury,2025-10-29,2025-11-07,10,1
Gonzalo Montiel,Argentina,DF,,29-161,1.75,24/25,Muscular Problems,2025-05-13,2025-06-12,31,5
Gonzalo Montiel,Argentina,DF,,29-161,1.75,24/25,Muscular Problems,2025-04-28,2025-05-06,9,1
Gonzalo Montiel,Argentina,DF,,29-161,1.75,24/25,Calf Muscle Tear,2025-03-15,2025-04-07,24,6
Gonzalo Montiel,Argentina,DF,,29-161,1.75,23/24,Unknown Injury,2023-10-19,2023-10-29,11,1
Gonzalo Montiel,Argentina,DF,,29-161,1.75,21/22,Knock,2022-02-28,2022-03-14,15,3
Gonzalo Montiel,Argentina,DF,,29-161,1.75,21/22,Muscle Tear,2022-02-07,2022-02-21,15,3
Gonzalo Montiel,Argentina,DF,,29-161,1.75,21/22,Thigh Problems,2021-12-20,2022-01-03,15,1
Gonzalo Montiel,Argentina,DF,,29-161,1.75,21/22,Thigh Problems,2021-08-05,2021-08-16,12,3
Gonzalo Montiel,Argentina,DF,,29-161,1.75,20/21,Corona Virus,2021-05-17,2021-06-03,18,2
Gonzalo Montiel,Argentina,DF,,29-161,1.75,20/21,Thigh Problems,2021-05-10,2021-05-13,4,1
Gonzalo Montiel,Argentina,DF,,29-161,1.75,20/21,Mononucleation,2021-02-25,2021-04-01,36,6
Juan Musso,Argentina,GK,,32-036,1.93,22/23,Ankle Sprain,2022-12-26,2023-01-09,15,1
Juan Musso,Argentina,GK,,32-036,1.93,22/23,Broken Jaw,2022-09-18,2022-10-23,36,5
Juan Musso,Argentina,GK,,32-036,1.93,21/22,Corona Virus,2022-01-01,2022-01-07,7,-
Juan Musso,Argentina,GK,,32-036,1.93,20/21,Surgery,2020-10-12,2020-10-31,20,4
Juan Musso,Argentina,GK,,32-036,1.93,18/19,Finger Injury,2018-07-19,2018-08-24,37,2
Nicolás Otamendi,Argentina,DF,,38-119,1.82,25/26,Muscular Problems,2026-03-13,2026-03-19,7,1
Nicolás Otamendi,Argentina,DF,,38-119,1.82,20/21,Corona Virus,2021-01-20,2021-01-29,10,3
Nicolás Otamendi,Argentina,DF,,38-119,1.82,19/20,Knock,2019-12-31,2020-01-06,7,2
Nicolás Otamendi,Argentina,DF,,38-119,1.82,19/20,Knock,2019-10-10,2019-10-21,12,2
Nicolás Otamendi,Argentina,DF,,38-119,1.82,18/19,Knee Injury,2019-03-17,2019-03-29,13,2
Nicolás Otamendi,Argentina,DF,,38-119,1.82,18/19,Achilles Tendon Problems,2018-11-10,2018-11-23,14,3
Nicolás Otamendi,Argentina,DF,,38-119,1.82,18/19,Knock,2018-10-30,2018-11-06,8,2
Nicolás Otamendi,Argentina,DF,,38-119,1.82,15/16,Ankle Problems,2016-03-17,2016-03-24,8,1
Nicolás Otamendi,Argentina,DF,,38-119,1.82,14/15,Ankle Problems,2015-01-15,2015-01-19,5,1
Exequiel Palacios,Argentina,"DF,MF",,27-249,1.77,25/26,Fitness,2025-12-16,2026-01-23,39,4
Exequiel Palacios,Argentina,"DF,MF",,27-249,1.77,25/26,Adductor Injury,2025-09-13,2025-12-15,94,22
Exequiel Palacios,Argentina,"DF,MF",,27-249,1.77,25/26,Muscle Injury,2025-08-06,2025-08-27,22,2
Exequiel Palacios,Argentina,"DF,MF",,27-249,1.77,24/25,Groin Problems,2025-04-01,2025-04-10,10,1
Exequiel Palacios,Argentina,"DF,MF",,27-249,1.77,24/25,Fitness,2024-09-05,2024-09-16,12,3
Exequiel Palacios,Argentina,"DF,MF",,27-249,1.77,24/25,Knee Injury,2024-08-05,2024-09-05,32,4
Exequiel Palacios,Argentina,"DF,MF",,27-249,1.77,23/24,Muscular Problems,2024-03-29,2024-04-01,4,1
Exequiel Palacios,Argentina,"DF,MF",,27-249,1.77,23/24,Muscle Injury,2024-01-21,2024-02-27,38,6
Exequiel Palacios,Argentina,"DF,MF",,27-249,1.77,23/24,Rest,2023-12-13,2023-12-15,3,1
Exequiel Palacios,Argentina,"DF,MF",,27-249,1.77,23/24,Knee Problems,2023-11-08,2023-11-10,3,1
Exequiel Palacios,Argentina,"DF,MF",,27-249,1.77,22/23,Muscle Injury,2023-04-10,2023-05-03,24,4
Exequiel Palacios,Argentina,"DF,MF",,27-249,1.77,22/23,Hamstring Injury,2022-09-08,2022-10-27,50,11
Exequiel Palacios,Argentina,"DF,MF",,27-249,1.77,21/22,Back Injury,2022-01-03,2022-02-10,39,6
Exequiel Palacios,Argentina,"DF,MF",,27-249,1.77,21/22,Cold,2021-10-14,2021-10-18,5,1
Exequiel Palacios,Argentina,"DF,MF",,27-249,1.77,21/22,Torn Lateral Ankle Ligament,2021-09-16,2021-10-04,19,4
Leandro Paredes,Argentina,MF,,31-347,1.82,25/26,Ankle Sprain,2026-02-16,2026-02-26,11,2
Leandro Paredes,Argentina,MF,,31-347,1.82,24/25,Rest,2025-02-08,2025-02-10,3,1
Leandro Paredes,Argentina,MF,,31-347,1.82,24/25,Flu,2024-12-12,2024-12-17,6,2
Leandro Paredes,Argentina,MF,,31-347,1.82,22/23,Unknown Injury,2023-02-06,2023-02-12,7,1
Leandro Paredes,Argentina,MF,,31-347,1.82,22/23,Hamstring Muscle Injury,2022-10-22,2022-11-07,17,4
Leandro Paredes,Argentina,MF,,31-347,1.82,21/22,Adductor Injury,2022-04-05,2022-06-30,87,10
Leandro Paredes,Argentina,MF,,31-347,1.82,21/22,Adductor Pain,2022-02-18,2022-03-08,19,3
Leandro Paredes,Argentina,MF,,31-347,1.82,21/22,Thigh Problems,2021-10-16,2021-11-14,30,6
Leandro Paredes,Argentina,MF,,31-347,1.82,21/22,Fitness,2021-08-01,2021-08-25,25,4
Leandro Paredes,Argentina,MF,,31-347,1.82,20/21,Knock,2020-10-17,2020-11-03,18,4
Leandro Paredes,Argentina,MF,,31-347,1.82,20/21,Corona Virus,2020-09-02,2020-09-11,10,1
Leandro Paredes,Argentina,MF,,31-347,1.82,19/20,Ankle Problems,2020-01-13,2020-01-17,5,1
Leandro Paredes,Argentina,MF,,31-347,1.82,16/17,Torn Lateral Ankle Ligament,2016-11-28,2017-01-02,36,5
Leandro Paredes,Argentina,MF,,31-347,1.82,16/17,Torn Lateral Ankle Ligament,2016-11-07,2016-11-17,11,-
Leandro Paredes,Argentina,MF,,31-347,1.82,16/17,Minor Knock,2016-08-25,2016-08-25,1,-
Nicolás Paz,Argentina,MF,,21-276,1.85,25/26,Knee Problems,2026-05-25,2026-06-08,15,1
Nicolás Paz,Argentina,MF,,21-276,1.85,25/26,Bruised Knee,2026-05-15,2026-05-22,8,1
Cristian Romero,Argentina,DF,,28-045,1.85,25/26,Knee Injury,2026-04-12,2026-06-06,56,6
Cristian Romero,Argentina,DF,,28-045,1.85,25/26,Adductor Injury,2025-10-19,2025-10-31,13,4
Cristian Romero,Argentina,DF,,28-045,1.85,24/25,Hamstring Injury,2024-12-08,2025-03-03,86,20
Cristian Romero,Argentina,DF,,28-045,1.85,24/25,Toe Injury,2024-11-22,2024-12-06,15,4
Cristian Romero,Argentina,DF,,28-045,1.85,24/25,Ankle Injury,2024-11-03,2024-11-08,6,1
Cristian Romero,Argentina,DF,,28-045,1.85,23/24,Hamstring Strain,2023-12-24,2024-01-12,20,3
Cristian Romero,Argentina,DF,,28-045,1.85,22/23,Hamstring Injury,2022-10-28,2022-11-19,23,6
Cristian Romero,Argentina,DF,,28-045,1.85,22/23,Adductor Pain,2022-08-18,2022-09-02,16,3
Cristian Romero,Argentina,DF,,28-045,1.85,21/22,Hip Problems,2022-05-12,2022-05-26,15,3
Cristian Romero,Argentina,DF,,28-045,1.85,21/22,Hamstring Injury,2021-11-17,2022-02-05,81,17
Cristian Romero,Argentina,DF,,28-045,1.85,21/22,Quarantine,2021-09-09,2021-09-17,9,3
Cristian Romero,Argentina,DF,,28-045,1.85,21/22,Knee Injury,2021-08-20,2021-08-25,6,1
Cristian Romero,Argentina,DF,,28-045,1.85,21/22,Knee Injury,2021-06-23,2021-07-10,18,3
Cristian Romero,Argentina,DF,,28-045,1.85,20/21,Muscular Problems,2021-06-10,2021-06-15,6,1
Cristian Romero,Argentina,DF,,28-045,1.85,20/21,Corona Virus,2021-01-29,2021-02-02,5,1
Gerónimo Rulli,Argentina,GK,,34-022,1.89,23/24,Shoulder Injury,2023-08-13,2023-11-24,104,22
Gerónimo Rulli,Argentina,GK,,34-022,1.89,17/18,Cruciate Ligament Strain,2018-02-22,2018-04-18,56,8
Gerónimo Rulli,Argentina,GK,,34-022,1.89,14/15,Metatarsal Fracture,2014-08-28,2014-11-06,71,9
Giuliano Simeone,Argentina,"FW,MF",,23-175,1.74,25/26,Fever,2026-01-29,2026-02-03,6,1
Giuliano Simeone,Argentina,"FW,MF",,23-175,1.74,23/24,Broken Ankle,2023-08-07,2023-12-31,147,20
Nicolás Tagliafico,Argentina,DF,,33-284,1.72,25/26,Ankle Sprain,2026-01-22,2026-02-16,26,6
Nicolás Tagliafico,Argentina,DF,,33-284,1.72,24/25,Calf Injury,2024-08-22,2024-09-13,23,4
Nicolás Tagliafico,Argentina,DF,,33-284,1.72,23/24,Ill,2024-04-27,2024-05-06,10,1
Nicolás Tagliafico,Argentina,DF,,33-284,1.72,23/24,Injury To The Ankle,2023-12-05,2023-12-10,6,1
Nicolás Tagliafico,Argentina,DF,,33-284,1.72,23/24,Rest,2023-10-19,2023-10-23,5,1
Nicolás Tagliafico,Argentina,DF,,33-284,1.72,22/23,Concussion,2023-04-25,2023-05-03,9,1
Nicolás Tagliafico,Argentina,DF,,33-284,1.72,22/23,Inflammation Of Pubic Bone,2023-04-11,2023-04-21,11,1
Nicolás Tagliafico,Argentina,DF,,33-284,1.72,22/23,Rest,2022-12-19,2023-01-02,15,2
Nicolás Tagliafico,Argentina,DF,,33-284,1.72,20/21,Head Injury,2021-02-19,2021-03-04,14,4
Nicolás Tagliafico,Argentina,DF,,33-284,1.72,20/21,Eye Injury,2021-01-28,2021-02-09,13,1
Nicolás Tagliafico,Argentina,DF,,33-284,1.72,20/21,Knock,2020-12-10,2020-12-11,2,-
Nicolás Tagliafico,Argentina,DF,,33-284,1.72,20/21,Knock,2020-10-30,2020-11-02,4,1
Nicolás Tagliafico,Argentina,DF,,33-284,1.72,18/19,Knee Injury,2018-12-17,2019-01-30,45,5
Nicolás Tagliafico,Argentina,DF,,33-284,1.72,18/19,Hip Injury,2018-10-25,2018-10-27,3,-
Nicolás Tagliafico,Argentina,DF,,33-284,1.72,18/19,Hip Problems,2018-10-17,2018-10-22,6,1
Patrick Beach,Australia,GK,,22-309,1.89,25/26,Muscle Injury,2026-04-01,2026-04-11,11,2
Patrick Beach,Australia,GK,,22-309,1.89,23/24,Ill,2024-03-31,2024-04-04,5,1
Aziz Behich,Australia,"DF,MF",,35-177,1.7,25/26,Hamstring Strain,2025-10-29,2025-11-20,23,5
Aziz Behich,Australia,"DF,MF",,35-177,1.7,16/17,Injury To The Ankle,2017-05-15,2017-05-24,10,1
Jordy Bos,Australia,DF,,23-225,1.8,25/26,Unknown Injury,2026-04-11,2026-04-24,14,1
Jordy Bos,Australia,DF,,23-225,1.8,25/26,Unknown Injury,2026-03-09,2026-03-12,4,-
Jordy Bos,Australia,DF,,23-225,1.8,25/26,Unknown Injury,2025-12-20,2026-01-01,13,1
Jordy Bos,Australia,DF,,23-225,1.8,25/26,Hamstring Injury,2025-10-27,2025-11-29,34,7
Jordy Bos,Australia,DF,,23-225,1.8,24/25,Hamstring Injury,2025-02-09,2025-06-26,138,19
Jordy Bos,Australia,DF,,23-225,1.8,24/25,Minor Knock,2024-10-19,2024-10-31,13,2
Jordy Bos,Australia,DF,,23-225,1.8,24/25,Muscle Injury,2024-07-28,2024-09-10,45,6
Jordy Bos,Australia,DF,,23-225,1.8,23/24,Unknown Injury,2024-03-21,2024-04-18,29,4
Jordy Bos,Australia,DF,,23-225,1.8,23/24,Appendectomy,2023-08-22,2023-09-19,29,4
Cameron Burgess,Australia,DF,,30-233,1.94,22/23,Facial Fracture,2022-09-15,2022-10-23,39,9
Cameron Burgess,Australia,DF,,30-233,1.94,14/15,Ankle Sprain,2015-01-21,2015-01-24,4,-
Alessandro Circati,Australia,DF,,22-244,1.91,25/26,Ankle Injury,2025-11-03,2025-12-24,52,8
Alessandro Circati,Australia,DF,,22-244,1.91,24/25,Cruciate Ligament Tear,2024-09-27,2025-04-10,196,32
Miloš Degenek,Australia,"DF,MF",,32-044,1.87,23/24,Heel Injury,2024-01-15,2024-09-02,232,37
Miloš Degenek,Australia,"DF,MF",,32-044,1.87,22/23,Achilles Tendon Problems,2023-05-01,2023-06-21,52,11
Miloš Degenek,Australia,"DF,MF",,32-044,1.87,16/17,Inner Knee Ligament Tear,2016-09-23,2016-10-23,31,6
Miloš Degenek,Australia,"DF,MF",,32-044,1.87,13/14,Achilles Tendon Problems,2014-03-03,2014-12-10,283,30
Miloš Degenek,Australia,"DF,MF",,32-044,1.87,13/14,Achilles Tendon Problems,2013-11-25,2014-01-09,46,4
Cammy Devlin,Australia,MF,,28-004,1.7,25/26,Ankle Injury,2026-04-18,2026-05-05,18,2
Cammy Devlin,Australia,MF,,28-004,1.7,25/26,Ankle Injury,2026-01-15,2026-03-16,61,9
Cammy Devlin,Australia,MF,,28-004,1.7,24/25,Concussion,2025-02-11,2025-03-21,39,7
Cammy Devlin,Australia,MF,,28-004,1.7,23/24,Ankle Injury,2023-12-05,2024-02-05,63,17
Cammy Devlin,Australia,MF,,28-004,1.7,22/23,Concussion,2023-03-27,2023-04-05,10,1
Cammy Devlin,Australia,MF,,28-004,1.7,22/23,Hamstring Injury,2023-01-29,2023-02-05,8,2
Cammy Devlin,Australia,MF,,28-004,1.7,22/23,Ankle Injury,2022-10-22,2022-11-01,11,2
Cammy Devlin,Australia,MF,,28-004,1.7,21/22,Hamstring Injury,2022-03-05,2022-04-11,38,4
Jason Geria,Australia,DF,,33-032,1.81,23/24,Muscle Injury,2023-10-30,2023-11-08,10,1
Jason Geria,Australia,DF,,33-032,1.81,22/23,Hip Injury,2023-03-20,2023-04-24,36,7
Jason Geria,Australia,DF,,33-032,1.81,22/23,Hip Injury,2022-07-28,2022-11-03,99,7
Jason Geria,Australia,DF,,33-032,1.81,18/19,Hamstring Strain,2018-09-02,2018-09-29,28,3
Lucas Herrington,Australia,DF,,18-279,1.93,-,Ninguna,,,0,0
Ajdin Hrustic,Australia,MF,,29-341,1.8,23/24,Unknown Injury,2023-08-11,2023-08-15,5,1
Ajdin Hrustic,Australia,MF,,29-341,1.8,22/23,Ankle Surgery,2023-01-08,2023-05-19,132,21
Ajdin Hrustic,Australia,MF,,29-341,1.8,22/23,Unknown Injury,2022-10-17,2022-11-10,25,3
Ajdin Hrustic,Australia,MF,,29-341,1.8,22/23,Muscular Problems,2022-08-18,2022-09-01,15,2
Ajdin Hrustic,Australia,MF,,29-341,1.8,21/22,Knock,2021-11-01,2021-11-08,8,2
Ajdin Hrustic,Australia,MF,,29-341,1.8,21/22,Corona Virus,2021-07-29,2021-08-09,12,1
Ajdin Hrustic,Australia,MF,,29-341,1.8,19/20,Knee Problems,2020-02-17,2020-02-24,8,1
Ajdin Hrustic,Australia,MF,,29-341,1.8,13/14,Unknown Injury,2014-01-02,2014-05-22,141,13
Nestory Irankunda,Australia,MF,,20-122,1.75,-,Ninguna,,,0,0
Jackson Irvine,Australia,"DF,MF",,33-096,1.89,25/26,Rest,2026-03-23,2026-03-31,9,1
Jackson Irvine,Australia,"DF,MF",,33-096,1.89,25/26,Foot Injury,2026-01-13,2026-01-21,9,2
Jackson Irvine,Australia,"DF,MF",,33-096,1.89,25/26,Muscular Problems,2025-09-17,2025-10-17,31,5
Jackson Irvine,Australia,"DF,MF",,33-096,1.89,24/25,Foot Surgery,2025-04-29,2025-09-10,135,10
Jackson Irvine,Australia,"DF,MF",,33-096,1.89,24/25,Foot Injury,2025-04-13,2025-04-28,16,2
Jackson Irvine,Australia,"DF,MF",,33-096,1.89,23/24,Fitness,2024-02-06,2024-02-11,6,1
Jackson Irvine,Australia,"DF,MF",,33-096,1.89,23/24,Ill,2024-02-06,2024-02-11,6,1
Jackson Irvine,Australia,"DF,MF",,33-096,1.89,23/24,Outer Ligament Tear,2023-09-10,2023-09-28,19,2
Jackson Irvine,Australia,"DF,MF",,33-096,1.89,22/23,Fitness,2023-06-01,2023-07-26,56,1
Jackson Irvine,Australia,"DF,MF",,33-096,1.89,21/22,Fitness,2022-03-28,2022-04-03,7,2
Jackson Irvine,Australia,"DF,MF",,33-096,1.89,21/22,Corona Virus,2022-03-19,2022-03-27,9,1
Jackson Irvine,Australia,"DF,MF",,33-096,1.89,21/22,Fitness,2021-07-05,2021-08-24,51,5
Jackson Irvine,Australia,"DF,MF",,33-096,1.89,15/16,Ankle Injury,2016-03-29,2016-04-20,23,3
Jackson Irvine,Australia,"DF,MF",,33-096,1.89,15/16,Broken Nose Bone,2016-01-23,2016-01-30,8,-
Jackson Irvine,Australia,"DF,MF",,33-096,1.89,14/15,Knee Injury,2015-03-11,2015-03-18,8,1
Jacob Italiano,Australia,DF,,24-316,1.77,25/26,Unknown Injury,2026-04-20,2026-04-24,5,1
Jacob Italiano,Australia,DF,,24-316,1.77,25/26,Unknown Injury,2026-02-08,2026-02-14,7,1
Jacob Italiano,Australia,DF,,24-316,1.77,25/26,Calf Injury,2025-10-31,2025-12-31,62,8
Jacob Italiano,Australia,DF,,24-316,1.77,24/25,Ill,2025-02-28,2025-03-03,4,1
Jacob Italiano,Australia,DF,,24-316,1.77,23/24,Laceration,2024-05-06,2024-05-13,8,1
Jacob Italiano,Australia,DF,,24-316,1.77,23/24,Muscular Problems,2023-07-30,2023-08-28,30,4
Jacob Italiano,Australia,DF,,24-316,1.77,22/23,Mononucleation,2022-08-22,2022-09-19,29,4
Jacob Italiano,Australia,DF,,24-316,1.77,22/23,Hamstring Injury,2022-07-04,2022-08-21,49,5
Jacob Italiano,Australia,DF,,24-316,1.77,21/22,Torn Muscle Bundle,2022-01-25,2022-04-14,80,12
Jacob Italiano,Australia,DF,,24-316,1.77,20/21,Muscle Injury,2021-05-23,2021-06-30,39,5
Jacob Italiano,Australia,DF,,24-316,1.77,20/21,Achilles Tendon Problems,2020-12-03,2021-01-28,57,6
Jacob Italiano,Australia,DF,,24-316,1.77,19/20,Ankle Injury,2020-02-11,2020-09-10,213,4
Paul Izzo,Australia,GK,,31-156,1.84,25/26,Hip Injury,2025-07-01,2025-08-12,43,4
Paul Izzo,Australia,GK,,31-156,1.84,22/23,Thumb Injury,2022-12-26,2023-02-16,53,7
Paul Izzo,Australia,GK,,31-156,1.84,21/22,Unknown Injury,2022-02-28,2022-03-07,8,2
Paul Izzo,Australia,GK,,31-156,1.84,21/22,Unknown Injury,2021-11-08,2021-11-22,15,1
Mathew Leckie,Australia,"FW,MF",,35-127,1.81,25/26,Hip Injury,2025-12-10,2026-04-11,123,23
Mathew Leckie,Australia,"FW,MF",,35-127,1.81,25/26,Hamstring Injury,2025-11-01,2025-12-10,40,9
Mathew Leckie,Australia,"FW,MF",,35-127,1.81,25/26,Hamstring Injury,2025-09-20,2025-10-15,26,2
Mathew Leckie,Australia,"FW,MF",,35-127,1.81,24/25,Hamstring Injury,2025-04-15,2025-05-02,18,2
Mathew Leckie,Australia,"FW,MF",,35-127,1.81,24/25,Calf Injury,2025-03-26,2025-04-10,16,2
Mathew Leckie,Australia,"FW,MF",,35-127,1.81,24/25,Hamstring Injury,2024-11-27,2025-01-17,52,8
Mathew Leckie,Australia,"FW,MF",,35-127,1.81,24/25,Muscle Injury,2024-09-19,2024-10-24,36,3
Mathew Leckie,Australia,"FW,MF",,35-127,1.81,23/24,Ill,2024-03-07,2024-03-12,6,1
Mathew Leckie,Australia,"FW,MF",,35-127,1.81,23/24,Minor Knock,2024-02-25,2024-03-04,9,1
Mathew Leckie,Australia,"FW,MF",,35-127,1.81,23/24,Hamstring Injury,2023-12-13,2024-01-31,50,12
Mathew Leckie,Australia,"FW,MF",,35-127,1.81,23/24,Collateral Ligament Injury,2023-09-08,2023-11-22,76,15
Mathew Leckie,Australia,"FW,MF",,35-127,1.81,22/23,Hamstring Injury,2023-02-25,2023-04-20,55,10
Mathew Leckie,Australia,"FW,MF",,35-127,1.81,21/22,Groin Injury,2022-04-15,2022-05-01,17,5
Mathew Leckie,Australia,"FW,MF",,35-127,1.81,21/22,Groin Injury,2022-03-08,2022-03-25,18,5
Mathew Leckie,Australia,"FW,MF",,35-127,1.81,20/21,Muscular Problems,2021-02-23,2021-03-04,10,1
Awer Mabil,Australia,"FW,MF",,30-269,1.78,23/24,Unknown Injury,2023-12-13,2024-04-05,115,21
Awer Mabil,Australia,"FW,MF",,30-269,1.78,23/24,Unknown Injury,2023-11-14,2023-11-22,9,2
Connor Metcalfe,Australia,MF,,26-218,1.83,25/26,Knee Problems,2026-01-14,2026-02-23,41,9
Connor Metcalfe,Australia,MF,,26-218,1.83,24/25,Fitness,2025-02-28,2025-03-12,13,2
Connor Metcalfe,Australia,MF,,26-218,1.83,24/25,Calf Problems,2025-02-13,2025-02-18,6,1
Connor Metcalfe,Australia,MF,,26-218,1.83,24/25,Fitness,2025-01-29,2025-02-13,16,2
Connor Metcalfe,Australia,MF,,26-218,1.83,24/25,Muscular Problems,2024-10-04,2025-01-29,118,19
Connor Metcalfe,Australia,MF,,26-218,1.83,24/25,Muscular Problems,2024-09-10,2024-09-16,7,2
Connor Metcalfe,Australia,MF,,26-218,1.83,21/22,Corona Virus,2022-04-12,2022-04-20,9,2
Aiden O'Neill,Australia,MF,,27-342,1.8,25/26,Ankle Injury,2026-05-04,2026-05-29,26,5
Aiden O'Neill,Australia,MF,,27-342,1.8,24/25,Minor Knock,2025-01-18,2025-02-05,19,3
Aiden O'Neill,Australia,MF,,27-342,1.8,23/24,Syndesmotic Ligament Tear,2024-03-03,2024-06-15,105,16
Aiden O'Neill,Australia,MF,,27-342,1.8,21/22,Metatarsal Fracture,2022-04-06,2022-10-06,184,14
Paul Okon-Engstler,Australia,MF,,21-138,1.85,25/26,Muscle Injury,2025-12-03,2026-01-01,30,3
Mathew Ryan,Australia,GK,,34-064,1.84,24/25,Hip Injury,2025-02-07,2025-02-21,15,2
Mathew Ryan,Australia,GK,,34-064,1.84,24/25,Unknown Injury,2025-01-01,2025-01-11,11,1
Mathew Ryan,Australia,GK,,34-064,1.84,23/24,Broken Cheekbone,2023-12-11,2024-01-01,22,3
Mathew Ryan,Australia,GK,,34-064,1.84,22/23,Knee Problems,2022-08-10,2022-08-15,6,1
Mathew Ryan,Australia,GK,,34-064,1.84,21/22,Knee Injury,2021-07-22,2021-09-11,52,3
Mathew Ryan,Australia,GK,,34-064,1.84,20/21,Groin Injury,2021-01-28,2021-02-05,9,2
Mathew Ryan,Australia,GK,,34-064,1.84,18/19,Ankle Injury,2018-11-25,2018-11-30,6,-
Mathew Ryan,Australia,GK,,34-064,1.84,18/19,Knock,2018-10-07,2018-10-19,13,1
Mathew Ryan,Australia,GK,,34-064,1.84,16/17,Hip Problems,2016-12-13,2017-01-23,42,5
Mathew Ryan,Australia,GK,,34-064,1.84,16/17,Cyst In The Knee,2016-12-12,2017-01-02,22,1
Mathew Ryan,Australia,GK,,34-064,1.84,16/17,Ankle Sprain,2016-09-13,2016-10-06,24,4
Mathew Ryan,Australia,GK,,34-064,1.84,15/16,Meniscus Injury,2015-08-31,2015-11-14,76,16
Harry Souttar,Australia,DF,,27-232,1.98,24/25,Achilles Tendon Rupture,2024-12-26,2026-04-07,468,83
Harry Souttar,Australia,DF,,27-232,1.98,23/24,Ill,2023-12-13,2023-12-18,6,1
Harry Souttar,Australia,DF,,27-232,1.98,22/23,Ankle Injury,2023-03-27,2023-04-01,6,1
Harry Souttar,Australia,DF,,27-232,1.98,22/23,Hip Problems,2023-02-02,2023-02-04,3,-
Harry Souttar,Australia,DF,,27-232,1.98,21/22,Cruciate Ligament Tear,2021-11-15,2022-10-20,340,42
Harry Souttar,Australia,DF,,27-232,1.98,20/21,Corona Virus,2020-11-28,2020-12-12,15,4
Mo Touré,Australia,FW,,22-077,1.85,20/21,Unknown Injury,2021-03-11,2021-04-28,49,5
Mo Touré,Australia,FW,,22-077,1.85,20/21,Unknown Injury,2020-11-02,2020-12-31,60,4
Kai Trewin,Australia,"DF,MF",,25-024,1.83,25/26,Knee Injury,2026-01-19,2026-02-19,32,1
Kai Trewin,Australia,"DF,MF",,25-024,1.83,25/26,Rest,2025-11-19,2025-11-24,6,1
Kai Trewin,Australia,"DF,MF",,25-024,1.83,24/25,Groin Injury,2025-01-26,2025-02-19,25,2
Nishan Velupillay,Australia,MF,,25-035,1.81,25/26,Hamstring Injury,2025-10-04,2025-11-20,48,8
Nishan Velupillay,Australia,MF,,25-035,1.81,24/25,Ankle Surgery,2025-05-26,2025-08-31,98,4
Nishan Velupillay,Australia,MF,,25-035,1.81,24/25,Rest,2024-12-26,2024-12-29,4,1
Nishan Velupillay,Australia,MF,,25-035,1.81,24/25,Ankle Injury,2024-11-15,2024-12-19,35,4
Cristian Volpato,Australia,MF,,22-208,1.87,25/26,Unknown Injury,2026-01-02,2026-01-24,23,4
Cristian Volpato,Australia,MF,,22-208,1.87,25/26,Hamstring Muscle Injury,2025-11-02,2025-11-23,22,2
Cristian Volpato,Australia,MF,,22-208,1.87,24/25,Hamstring Injury,2024-12-20,2025-01-13,25,4
Cristian Volpato,Australia,MF,,22-208,1.87,23/24,Unknown Injury,2024-02-09,2024-02-17,9,1
Tete Yengi,Australia,FW,,25-195,1.97,-,Ninguna,,,0,0
David Affengruber,Austria,DF,,25-084,1.85,23/24,Muscular Problems,2024-05-11,2024-05-20,10,2
David Affengruber,Austria,DF,,25-084,1.85,23/24,Unknown Injury,2024-02-24,2024-03-02,8,1
David Affengruber,Austria,DF,,25-084,1.85,23/24,Unknown Injury,2023-11-01,2023-11-04,4,1
David Affengruber,Austria,DF,,25-084,1.85,21/22,Quarantine,2021-11-08,2021-11-20,13,2
David Alaba,Austria,"DF,MF",,33-352,1.8,25/26,Calf Problems,2026-03-04,2026-03-16,13,3
David Alaba,Austria,"DF,MF",,33-352,1.8,25/26,Calf Injury,2025-11-21,2025-12-19,29,8
David Alaba,Austria,"DF,MF",,33-352,1.8,25/26,Calf Injury,2025-10-20,2025-11-06,18,4
David Alaba,Austria,"DF,MF",,33-352,1.8,24/25,Meniscus Tear,2025-04-29,2025-07-31,94,13
David Alaba,Austria,"DF,MF",,33-352,1.8,24/25,Adductor Injury,2025-02-04,2025-02-18,15,4
David Alaba,Austria,"DF,MF",,33-352,1.8,23/24,Cruciate Ligament Tear,2023-12-18,2025-01-04,384,72
David Alaba,Austria,"DF,MF",,33-352,1.8,23/24,Adductor Pain,2023-09-27,2023-10-19,23,5
David Alaba,Austria,"DF,MF",,33-352,1.8,22/23,Muscle Injury,2023-04-19,2023-05-06,18,4
David Alaba,Austria,"DF,MF",,33-352,1.8,22/23,Hamstring Injury,2023-02-22,2023-03-22,29,6
David Alaba,Austria,"DF,MF",,33-352,1.8,22/23,Muscle Injury,2023-01-09,2023-02-03,26,7
David Alaba,Austria,"DF,MF",,33-352,1.8,21/22,Fitness,2022-06-02,2022-06-06,5,1
David Alaba,Austria,"DF,MF",,33-352,1.8,21/22,Adductor Pain,2022-05-05,2022-05-26,22,4
David Alaba,Austria,"DF,MF",,33-352,1.8,21/22,Adductor Pain,2022-04-28,2022-05-02,5,1
David Alaba,Austria,"DF,MF",,33-352,1.8,21/22,Muscular Problems,2022-02-24,2022-02-28,5,1
David Alaba,Austria,"DF,MF",,33-352,1.8,21/22,Muscular Problems,2022-01-10,2022-01-13,4,1
Marko Arnautović,Austria,"FW,MF",,37-053,1.92,25/26,Adductor Injury,2025-11-27,2025-12-10,14,3
Marko Arnautović,Austria,"FW,MF",,37-053,1.92,24/25,Flu,2024-09-16,2024-09-19,4,1
Marko Arnautović,Austria,"FW,MF",,37-053,1.92,24/25,Muscular Problems,2024-08-02,2024-08-22,21,-
Marko Arnautović,Austria,"FW,MF",,37-053,1.92,23/24,Hamstring Muscle Injury,2024-03-09,2024-04-04,27,5
Marko Arnautović,Austria,"FW,MF",,37-053,1.92,23/24,Hamstring Muscle Injury,2023-09-24,2023-11-06,44,10
Marko Arnautović,Austria,"FW,MF",,37-053,1.92,22/23,Foot Injury,2023-03-19,2023-05-07,50,8
Marko Arnautović,Austria,"FW,MF",,37-053,1.92,22/23,Hip Injury,2023-02-20,2023-03-03,12,1
Marko Arnautović,Austria,"FW,MF",,37-053,1.92,22/23,Sprain,2023-01-06,2023-02-11,37,6
Marko Arnautović,Austria,"FW,MF",,37-053,1.92,22/23,Stomach Flu,2022-10-26,2022-11-02,8,1
Marko Arnautović,Austria,"FW,MF",,37-053,1.92,22/23,Back Problems,2022-10-09,2022-10-17,9,1
Marko Arnautović,Austria,"FW,MF",,37-053,1.92,21/22,Corona Virus,2022-03-03,2022-03-09,7,1
Marko Arnautović,Austria,"FW,MF",,37-053,1.92,21/22,Thigh Problems,2021-12-01,2021-12-12,12,1
Marko Arnautović,Austria,"FW,MF",,37-053,1.92,21/22,Muscular Problems,2021-10-23,2021-11-01,10,1
Marko Arnautović,Austria,"FW,MF",,37-053,1.92,21/22,Muscle Injury,2021-10-04,2021-10-14,11,2
Marko Arnautović,Austria,"FW,MF",,37-053,1.92,20/21,Unknown Injury,2021-05-15,2021-06-05,22,2
Christoph Baumgartner,Austria,"FW,MF",,26-314,1.8,25/26,Hamstring Injury,2026-06-01,2026-10-31,153,-
Christoph Baumgartner,Austria,"FW,MF",,26-314,1.8,24/25,Concussion,2025-03-20,2025-03-26,7,1
Christoph Baumgartner,Austria,"FW,MF",,26-314,1.8,24/25,Ill,2025-03-07,2025-03-12,6,1
Christoph Baumgartner,Austria,"FW,MF",,26-314,1.8,21/22,Muscular Problems,2021-11-11,2021-12-07,27,4
Christoph Baumgartner,Austria,"FW,MF",,26-314,1.8,21/22,Corona Virus,2021-10-22,2021-10-28,7,2
Christoph Baumgartner,Austria,"FW,MF",,26-314,1.8,21/22,Muscular Problems,2021-10-01,2021-10-12,12,2
Christoph Baumgartner,Austria,"FW,MF",,26-314,1.8,20/21,Ankle Injury,2021-05-13,2021-05-23,11,2
Christoph Baumgartner,Austria,"FW,MF",,26-314,1.8,20/21,Quarantine,2020-11-11,2020-11-16,6,2
Christoph Baumgartner,Austria,"FW,MF",,26-314,1.8,18/19,Broken Hand,2019-02-17,2019-03-09,21,2
Christoph Baumgartner,Austria,"FW,MF",,26-314,1.8,18/19,Unknown Injury,2018-08-04,2018-10-07,65,11
Carney Chukwuemeka,Austria,MF,,22-234,1.87,25/26,Muscular Problems,2026-02-27,2026-03-11,13,2
Carney Chukwuemeka,Austria,MF,,22-234,1.87,24/25,Ill,2025-06-30,2025-07-03,4,-
Carney Chukwuemeka,Austria,MF,,22-234,1.87,24/25,Minor Knock,2025-04-14,2025-04-18,5,1
Carney Chukwuemeka,Austria,MF,,22-234,1.87,24/25,Muscular Problems,2025-03-03,2025-03-10,8,2
Carney Chukwuemeka,Austria,MF,,22-234,1.87,24/25,Knee Problems,2025-02-12,2025-02-16,5,1
Carney Chukwuemeka,Austria,MF,,22-234,1.87,24/25,Knee Problems,2025-02-07,2025-02-10,4,1
Carney Chukwuemeka,Austria,MF,,22-234,1.87,24/25,Ill,2024-12-20,2024-12-31,12,3
Carney Chukwuemeka,Austria,MF,,22-234,1.87,24/25,Ill,2024-10-02,2024-10-04,3,1
Carney Chukwuemeka,Austria,MF,,22-234,1.87,23/24,Unknown Injury,2024-04-25,2024-05-18,24,5
Carney Chukwuemeka,Austria,MF,,22-234,1.87,23/24,Knock,2024-03-25,2024-04-02,9,1
Carney Chukwuemeka,Austria,MF,,22-234,1.87,23/24,Ankle Injury,2024-02-13,2024-03-10,27,4
Carney Chukwuemeka,Austria,MF,,22-234,1.87,23/24,Fitness,2024-01-01,2024-01-08,8,1
Carney Chukwuemeka,Austria,MF,,22-234,1.87,23/24,Knee Injury,2023-10-09,2023-12-31,84,14
Carney Chukwuemeka,Austria,MF,,22-234,1.87,23/24,Knee Injury,2023-08-21,2023-10-06,47,7
Carney Chukwuemeka,Austria,MF,,22-234,1.87,23/24,Flu,2023-04-25,2023-04-27,3,1
Kevin Danso,Austria,"DF,MF",,27-265,1.9,25/26,Toe Injury,2026-01-29,2026-02-23,26,4
Kevin Danso,Austria,"DF,MF",,27-265,1.9,24/25,Thigh Problems,2025-06-09,2025-07-19,41,1
Kevin Danso,Austria,"DF,MF",,27-265,1.9,24/25,Thigh Problems,2025-03-12,2025-04-14,34,8
Kevin Danso,Austria,"DF,MF",,27-265,1.9,24/25,Heart Problems,2024-08-31,2024-10-15,46,9
Kevin Danso,Austria,"DF,MF",,27-265,1.9,23/24,Adductor Pain,2024-05-04,2024-05-14,11,1
Kevin Danso,Austria,"DF,MF",,27-265,1.9,23/24,Injury To The Ankle,2023-11-24,2023-11-27,4,1
Kevin Danso,Austria,"DF,MF",,27-265,1.9,23/24,Adductor Pain,2023-10-13,2023-10-19,7,1
Kevin Danso,Austria,"DF,MF",,27-265,1.9,22/23,Adductor Pain,2023-06-04,2023-06-19,16,-
Kevin Danso,Austria,"DF,MF",,27-265,1.9,22/23,Muscular Problems,2022-11-19,2022-12-05,17,1
Kevin Danso,Austria,"DF,MF",,27-265,1.9,21/22,Ankle Injury,2022-03-21,2022-03-28,8,1
Kevin Danso,Austria,"DF,MF",,27-265,1.9,21/22,Ill,2021-07-19,2021-08-07,20,-
Kevin Danso,Austria,"DF,MF",,27-265,1.9,20/21,Muscular Problems,2020-09-01,2020-09-15,15,5
Kevin Danso,Austria,"DF,MF",,27-265,1.9,17/18,Syndesmosis Ligament Tear,2018-03-05,2018-04-16,43,7
Kevin Danso,Austria,"DF,MF",,27-265,1.9,17/18,Torn Ankle Ligaments,2017-12-14,2018-01-15,33,2
Marco Friedl,Austria,DF,,28-087,1.87,25/26,Muscular Problems,2026-04-26,2026-04-29,4,1
Marco Friedl,Austria,DF,,28-087,1.87,25/26,Inner Ligament Injury,2025-08-24,2025-09-01,9,1
Marco Friedl,Austria,DF,,28-087,1.87,24/25,Fitness,2025-03-04,2025-03-11,8,1
Marco Friedl,Austria,DF,,28-087,1.87,24/25,Internal Ligament Strain,2025-01-31,2025-03-04,33,5
Marco Friedl,Austria,DF,,28-087,1.87,23/24,Syndesmotic Ligament Tear,2024-02-20,2024-03-25,35,5
Marco Friedl,Austria,DF,,28-087,1.87,23/24,Muscular Problems,2023-12-09,2023-12-18,10,2
Marco Friedl,Austria,DF,,28-087,1.87,23/24,Injury To Abdominal Muscles,2023-09-23,2023-10-03,11,2
Marco Friedl,Austria,DF,,28-087,1.87,23/24,Injury To Abdominal Muscles,2023-07-22,2023-08-06,16,-
Marco Friedl,Austria,DF,,28-087,1.87,22/23,Ill,2023-03-08,2023-03-21,14,2
Marco Friedl,Austria,DF,,28-087,1.87,22/23,Adductor Pain,2022-10-17,2022-10-20,4,1
Marco Friedl,Austria,DF,,28-087,1.87,21/22,Abdominal Muscle Strain,2022-03-10,2022-04-07,29,4
Marco Friedl,Austria,DF,,28-087,1.87,21/22,Thigh Problems,2022-02-10,2022-02-21,12,-
Marco Friedl,Austria,DF,,28-087,1.87,21/22,Corona Virus,2021-12-30,2022-01-13,15,-
Marco Friedl,Austria,DF,,28-087,1.87,21/22,Corona Virus,2021-11-11,2021-11-25,15,3
Marco Friedl,Austria,DF,,28-087,1.87,20/21,Pelvic Contusion,2021-04-26,2021-05-17,22,2
Michael Gregoritsch,Austria,"FW,MF",,32-054,1.93,25/26,Ill,2026-04-18,2026-04-21,4,1
Michael Gregoritsch,Austria,"FW,MF",,32-054,1.93,25/26,Ill,2025-11-01,2025-11-04,4,1
Michael Gregoritsch,Austria,"FW,MF",,32-054,1.93,24/25,Infection,2025-02-06,2025-02-13,8,1
Michael Gregoritsch,Austria,"FW,MF",,32-054,1.93,24/25,Torn Muscle Fiber,2024-08-24,2024-09-27,35,6
Michael Gregoritsch,Austria,"FW,MF",,32-054,1.93,23/24,Calf Problems,2023-09-16,2023-10-19,34,6
Michael Gregoritsch,Austria,"FW,MF",,32-054,1.93,22/23,Ankle Problems,2023-04-13,2023-04-21,9,1
Michael Gregoritsch,Austria,"FW,MF",,32-054,1.93,22/23,Ill,2023-03-03,2023-03-07,5,1
Michael Gregoritsch,Austria,"FW,MF",,32-054,1.93,22/23,Pelvic Contusion,2022-10-06,2022-10-06,1,-
Michael Gregoritsch,Austria,"FW,MF",,32-054,1.93,21/22,Corona Virus,2022-03-31,2022-04-04,5,1
Michael Gregoritsch,Austria,"FW,MF",,32-054,1.93,21/22,Muscular Problems,2021-09-13,2021-09-27,15,1
Michael Gregoritsch,Austria,"FW,MF",,32-054,1.93,20/21,Cold,2021-04-19,2021-04-26,8,2
Michael Gregoritsch,Austria,"FW,MF",,32-054,1.93,18/19,Cold,2019-03-14,2019-03-25,12,3
Michael Gregoritsch,Austria,"FW,MF",,32-054,1.93,18/19,Thigh Problems,2018-10-08,2018-10-18,11,2
Michael Gregoritsch,Austria,"FW,MF",,32-054,1.93,17/18,Thigh Problems,2018-04-26,2018-05-03,8,-
Michael Gregoritsch,Austria,"FW,MF",,32-054,1.93,17/18,Ankle Problems,2017-11-09,2017-11-16,8,1
Florian Grillitsch,Austria,"DF,MF",,30-308,1.86,25/26,Unknown Injury,2025-10-19,2025-10-27,9,2
Florian Grillitsch,Austria,"DF,MF",,30-308,1.86,24/25,Fitness,2024-12-18,2024-12-23,6,1
Florian Grillitsch,Austria,"DF,MF",,30-308,1.86,24/25,Inner Ligament Injury,2024-11-23,2024-12-18,26,7
Florian Grillitsch,Austria,"DF,MF",,30-308,1.86,24/25,Influenza,2024-09-20,2024-09-23,4,1
Florian Grillitsch,Austria,"DF,MF",,30-308,1.86,24/25,Hip Problems,2024-08-31,2024-09-02,3,1
Florian Grillitsch,Austria,"DF,MF",,30-308,1.86,23/24,Hamstring Injury,2023-10-21,2023-11-13,24,3
Florian Grillitsch,Austria,"DF,MF",,30-308,1.86,23/24,Thigh Problems,2023-09-23,2023-09-27,5,1
Florian Grillitsch,Austria,"DF,MF",,30-308,1.86,22/23,Knock,2023-01-07,2023-02-11,36,8
Florian Grillitsch,Austria,"DF,MF",,30-308,1.86,22/23,Knock,2022-09-17,2022-09-19,3,1
Florian Grillitsch,Austria,"DF,MF",,30-308,1.86,21/22,Muscle Injury,2022-04-08,2022-06-01,55,6
Florian Grillitsch,Austria,"DF,MF",,30-308,1.86,21/22,Corona Virus,2022-03-18,2022-03-24,7,1
Florian Grillitsch,Austria,"DF,MF",,30-308,1.86,21/22,Corona Virus,2022-01-07,2022-01-18,12,2
Florian Grillitsch,Austria,"DF,MF",,30-308,1.86,21/22,Cold,2021-12-03,2021-12-13,11,2
Florian Grillitsch,Austria,"DF,MF",,30-308,1.86,21/22,Thigh Problems,2021-08-09,2021-08-18,10,2
Florian Grillitsch,Austria,"DF,MF",,30-308,1.86,20/21,Abdominal Muscle Strain,2020-12-19,2021-01-26,39,6
Saša Kalajdžić,Austria,"FW,MF",,28-339,2.0,25/26,Unknown Injury,2025-10-18,2025-10-24,7,1
Saša Kalajdžić,Austria,"FW,MF",,28-339,2.0,24/25,Fitness,2025-05-01,2025-06-17,48,6
Saša Kalajdžić,Austria,"FW,MF",,28-339,2.0,23/24,Cruciate Ligament Tear,2024-02-19,2025-04-30,437,68
Saša Kalajdžić,Austria,"FW,MF",,28-339,2.0,22/23,Cruciate Ligament Tear,2022-09-04,2023-06-05,275,43
Saša Kalajdžić,Austria,"FW,MF",,28-339,2.0,22/23,Ankle Problems,2022-07-18,2022-08-01,15,1
Saša Kalajdžić,Austria,"FW,MF",,28-339,2.0,21/22,Corona Virus,2022-04-04,2022-04-11,8,1
Saša Kalajdžić,Austria,"FW,MF",,28-339,2.0,21/22,Calf Problems,2022-02-10,2022-02-14,5,1
Saša Kalajdžić,Austria,"FW,MF",,28-339,2.0,21/22,Shoulder Injury,2021-08-19,2022-01-03,138,23
Saša Kalajdžić,Austria,"FW,MF",,28-339,2.0,21/22,Corona Virus,2021-07-29,2021-08-16,19,2
Saša Kalajdžić,Austria,"FW,MF",,28-339,2.0,19/20,Fitness,2020-04-06,2020-05-04,29,-
Saša Kalajdžić,Austria,"FW,MF",,28-339,2.0,19/20,Cruciate Ligament Tear,2019-07-18,2020-04-06,264,28
Saša Kalajdžić,Austria,"FW,MF",,28-339,2.0,18/19,Syndesmotic Ligament Tear,2018-11-05,2019-02-25,113,7
Saša Kalajdžić,Austria,"FW,MF",,28-339,2.0,18/19,Knee Problems,2018-09-27,2018-10-25,29,4
Saša Kalajdžić,Austria,"FW,MF",,28-339,2.0,17/18,Metatarsal Fracture,2018-03-08,2018-09-13,190,25
Saša Kalajdžić,Austria,"FW,MF",,28-339,2.0,17/18,Internal Ligament Strain,2017-11-27,2017-12-11,15,2
Konrad Laimer,Austria,"DF,MF",,29-015,1.8,25/26,Calf Problems,2026-02-21,2026-02-27,7,1
Konrad Laimer,Austria,"DF,MF",,29-015,1.8,25/26,Torn Muscle Fiber,2026-01-15,2026-02-03,20,5
Konrad Laimer,Austria,"DF,MF",,29-015,1.8,23/24,Calf Injury,2024-01-25,2024-02-22,29,5
Konrad Laimer,Austria,"DF,MF",,29-015,1.8,22/23,Ankle Injury,2023-06-16,2023-06-23,8,2
Konrad Laimer,Austria,"DF,MF",,29-015,1.8,22/23,Syndesmotic Ligament Tear,2022-09-12,2023-01-02,113,19
Konrad Laimer,Austria,"DF,MF",,29-015,1.8,22/23,Ankle Problems,2022-08-01,2022-08-15,15,2
Konrad Laimer,Austria,"DF,MF",,29-015,1.8,21/22,Inner Ligament Injury,2021-12-16,2022-01-03,19,1
Konrad Laimer,Austria,"DF,MF",,29-015,1.8,21/22,Adductor Pain,2021-11-04,2021-11-22,19,3
Konrad Laimer,Austria,"DF,MF",,29-015,1.8,21/22,Muscular Problems,2021-10-14,2021-11-01,19,2
Konrad Laimer,Austria,"DF,MF",,29-015,1.8,20/21,Bone Edema,2020-08-27,2021-04-26,243,53
Konrad Laimer,Austria,"DF,MF",,29-015,1.8,19/20,Influenza,2020-06-18,2020-06-22,5,1
Konrad Laimer,Austria,"DF,MF",,29-015,1.8,17/18,Muscle Tear,2018-04-05,2018-04-30,26,5
Konrad Laimer,Austria,"DF,MF",,29-015,1.8,17/18,Adductor Pain,2018-03-08,2018-03-12,5,1
Konrad Laimer,Austria,"DF,MF",,29-015,1.8,17/18,Minor Knock,2018-02-22,2018-03-01,8,1
Konrad Laimer,Austria,"DF,MF",,29-015,1.8,16/17,Muscular Problems,2016-10-03,2016-10-10,8,1
Philipp Lienhart,Austria,DF,,29-335,1.89,25/26,Injury To Abdominal Muscles,2026-01-11,2026-03-05,54,11
Philipp Lienhart,Austria,DF,,29-335,1.89,25/26,Muscular Problems,2025-12-14,2025-12-31,18,2
Philipp Lienhart,Austria,DF,,29-335,1.89,25/26,Rest,2025-12-02,2025-12-04,3,1
Philipp Lienhart,Austria,DF,,29-335,1.89,25/26,Ill,2025-09-23,2025-09-30,8,2
Philipp Lienhart,Austria,DF,,29-335,1.89,24/25,Infection,2025-01-06,2025-01-16,11,2
Philipp Lienhart,Austria,DF,,29-335,1.89,23/24,Knee Injury,2024-03-22,2024-06-01,72,10
Philipp Lienhart,Austria,DF,,29-335,1.89,23/24,Groin Surgery,2024-01-18,2024-03-11,54,11
Philipp Lienhart,Austria,DF,,29-335,1.89,23/24,Adductor Pain,2023-12-12,2024-01-10,30,3
Philipp Lienhart,Austria,DF,,29-335,1.89,22/23,Ill,2023-05-05,2023-05-08,4,1
Philipp Lienhart,Austria,DF,,29-335,1.89,22/23,Hamstring Injury,2023-03-11,2023-04-06,27,7
Philipp Lienhart,Austria,DF,,29-335,1.89,21/22,Influenza,2022-05-26,2022-06-15,21,4
Philipp Lienhart,Austria,DF,,29-335,1.89,21/22,Corona Virus,2022-03-10,2022-03-28,19,3
Philipp Lienhart,Austria,DF,,29-335,1.89,21/22,Dental Surgery,2021-10-04,2021-10-11,8,1
Philipp Lienhart,Austria,DF,,29-335,1.89,19/20,Shoulder Injury,2019-12-05,2019-12-30,26,4
Philipp Lienhart,Austria,DF,,29-335,1.89,19/20,Whiplash,2019-10-03,2019-10-07,5,1
Phillipp Mwene,Austria,"DF,MF",,32-133,1.7,25/26,Muscle Injury,2025-12-06,2026-01-19,45,7
Phillipp Mwene,Austria,"DF,MF",,32-133,1.7,24/25,Muscle Strain,2025-04-13,2025-04-22,10,1
Phillipp Mwene,Austria,"DF,MF",,32-133,1.7,23/24,Knee Injury,2023-09-20,2023-11-02,44,8
Phillipp Mwene,Austria,"DF,MF",,32-133,1.7,22/23,Unknown Injury,2023-04-02,2023-04-20,19,3
Phillipp Mwene,Austria,"DF,MF",,32-133,1.7,22/23,Concussion,2023-02-07,2023-02-15,9,2
Phillipp Mwene,Austria,"DF,MF",,32-133,1.7,21/22,Unknown Injury,2022-02-17,2022-06-30,134,25
Phillipp Mwene,Austria,"DF,MF",,32-133,1.7,21/22,Minor Knock,2021-09-16,2021-09-20,5,1
Phillipp Mwene,Austria,"DF,MF",,32-133,1.7,20/21,Fitness,2020-12-17,2020-12-28,12,2
Phillipp Mwene,Austria,"DF,MF",,32-133,1.7,20/21,Capsular Injury,2020-11-16,2020-12-17,32,5
Phillipp Mwene,Austria,"DF,MF",,32-133,1.7,19/20,Fitness,2019-09-09,2019-12-30,113,14
Phillipp Mwene,Austria,"DF,MF",,32-133,1.7,18/19,Patellar Tendon Irritation,2018-11-05,2019-09-09,309,27
Patrick Pentz,Austria,GK,,29-160,1.83,22/23,Shoulder Injury,2023-05-10,2023-05-17,8,2
Patrick Pentz,Austria,GK,,29-160,1.83,13/14,Shoulder Injury,2014-01-16,2014-06-16,152,15
Stefan Posch,Austria,DF,,29-028,1.88,24/25,Hamstring Muscle Injury,2025-03-06,2025-05-20,76,12
Stefan Posch,Austria,DF,,29-028,1.88,24/25,Flu,2024-12-29,2025-01-07,10,1
Stefan Posch,Austria,DF,,29-028,1.88,23/24,Hamstring Muscle Injury,2023-09-25,2023-10-23,29,6
Stefan Posch,Austria,DF,,29-028,1.88,21/22,Laceration,2022-04-18,2022-04-21,4,-
Stefan Posch,Austria,DF,,29-028,1.88,21/22,Corona Virus,2022-03-28,2022-04-04,8,2
Stefan Posch,Austria,DF,,29-028,1.88,20/21,Corona Virus,2021-02-18,2021-03-15,26,6
Stefan Posch,Austria,DF,,29-028,1.88,20/21,Quarantine,2020-11-12,2020-11-16,5,1
Stefan Posch,Austria,DF,,29-028,1.88,20/21,Torn Ankle Ligaments,2020-11-02,2020-11-16,15,4
Stefan Posch,Austria,DF,,29-028,1.88,20/21,Shin Bruise,2020-09-14,2020-09-21,8,1
Stefan Posch,Austria,DF,,29-028,1.88,19/20,Broken Toe,2019-12-16,2020-01-02,18,1
Stefan Posch,Austria,DF,,29-028,1.88,18/19,Torn Muscle Fiber,2018-10-08,2018-10-15,8,1
Stefan Posch,Austria,DF,,29-028,1.88,17/18,Groin Problems,2018-04-19,2018-06-28,71,6
Stefan Posch,Austria,DF,,29-028,1.88,17/18,Fitness,2018-03-26,2018-04-05,11,2
Stefan Posch,Austria,DF,,29-028,1.88,17/18,Pubic Bone Irritation,2018-02-15,2018-03-26,40,6
Stefan Posch,Austria,DF,,29-028,1.88,17/18,Hip Injury,2017-12-04,2017-12-11,8,2
Alexander Prass,Austria,"DF,MF",,25-016,1.8,24/25,Ankle Problems,2025-03-09,2025-04-21,44,7
Alexander Prass,Austria,"DF,MF",,25-016,1.8,24/25,Ill,2025-01-22,2025-01-31,10,3
Alexander Prass,Austria,"DF,MF",,25-016,1.8,23/24,Hip Flexor Problems,2024-03-06,2024-03-09,4,1
Alexander Prass,Austria,"DF,MF",,25-016,1.8,23/24,Calf Problems,2023-08-04,2023-08-07,4,1
Alexander Prass,Austria,"DF,MF",,25-016,1.8,22/23,Calf Problems,2022-11-19,2022-12-31,43,1
Alexander Prass,Austria,"DF,MF",,25-016,1.8,21/22,Quarantine,2021-11-08,2021-11-20,13,2
Alexander Prass,Austria,"DF,MF",,25-016,1.8,21/22,Strain In The Thigh And Gluteal Muscles,2021-10-23,2021-10-30,8,2
Marcel Sabitzer,Austria,"FW,MF",,32-086,1.78,25/26,Calf Problems,2026-01-16,2026-02-11,27,6
Marcel Sabitzer,Austria,"FW,MF",,32-086,1.78,25/26,Muscle Stiffness,2025-12-09,2025-12-15,7,2
Marcel Sabitzer,Austria,"FW,MF",,32-086,1.78,24/25,Knee Medial Ligament Tear,2025-03-16,2025-04-28,44,9
Marcel Sabitzer,Austria,"FW,MF",,32-086,1.78,24/25,Knock,2024-12-21,2024-12-24,4,1
Marcel Sabitzer,Austria,"FW,MF",,32-086,1.78,24/25,Knock,2024-09-26,2024-09-29,4,1
Marcel Sabitzer,Austria,"FW,MF",,32-086,1.78,23/24,Rest,2024-05-10,2024-05-12,3,1
Marcel Sabitzer,Austria,"FW,MF",,32-086,1.78,23/24,Calf Problems,2023-12-07,2023-12-10,4,1
Marcel Sabitzer,Austria,"FW,MF",,32-086,1.78,23/24,Adductor Pain,2023-09-20,2023-10-12,23,4
Marcel Sabitzer,Austria,"FW,MF",,32-086,1.78,22/23,Meniscus Injury,2023-05-10,2023-06-15,37,5
Marcel Sabitzer,Austria,"FW,MF",,32-086,1.78,22/23,Groin Problems,2023-04-16,2023-04-19,4,1
Marcel Sabitzer,Austria,"FW,MF",,32-086,1.78,22/23,Unknown Injury,2023-03-06,2023-03-14,9,2
Marcel Sabitzer,Austria,"FW,MF",,32-086,1.78,21/22,Muscular Problems,2022-05-13,2022-05-18,6,1
Marcel Sabitzer,Austria,"FW,MF",,32-086,1.78,21/22,Calf Injury,2021-11-20,2021-12-15,26,6
Marcel Sabitzer,Austria,"FW,MF",,32-086,1.78,20/21,Calf Problems,2021-04-17,2021-04-22,6,1
Marcel Sabitzer,Austria,"FW,MF",,32-086,1.78,20/21,Torn Muscle Fiber,2020-09-24,2020-10-18,25,6
Alexander Schlager,Austria,GK,,30-130,1.88,25/26,Hip Problems,2025-11-01,2025-11-08,8,2
Alexander Schlager,Austria,GK,,30-130,1.88,24/25,Hand Injury,2025-05-29,2025-06-30,33,5
Alexander Schlager,Austria,GK,,30-130,1.88,24/25,Adductor Pain,2025-03-29,2025-04-19,22,3
Alexander Schlager,Austria,GK,,30-130,1.88,24/25,Whiplash,2024-10-23,2024-11-01,10,2
Alexander Schlager,Austria,GK,,30-130,1.88,23/24,Knee Surgery,2024-05-05,2024-08-16,104,14
Alexander Schlager,Austria,GK,,30-130,1.88,22/23,Unknown Injury,2023-04-29,2023-05-06,8,1
Alexander Schlager,Austria,GK,,30-130,1.88,22/23,Ill,2023-03-18,2023-03-30,13,3
Alexander Schlager,Austria,GK,,30-130,1.88,22/23,Ill,2023-03-04,2023-03-06,3,1
Alexander Schlager,Austria,GK,,30-130,1.88,21/22,Adductor Pain,2021-11-08,2021-11-20,13,2
Alexander Schlager,Austria,GK,,30-130,1.88,20/21,Adductor Injury,2021-02-19,2021-02-26,8,1
Alexander Schlager,Austria,GK,,30-130,1.88,20/21,Muscle Injury,2020-10-03,2020-10-16,14,4
Alexander Schlager,Austria,GK,,30-130,1.88,17/18,Torn Muscle Fiber,2018-03-24,2018-05-10,48,16
Alexander Schlager,Austria,GK,,30-130,1.88,17/18,Bruise,2017-11-11,2017-11-24,14,2
Alexander Schlager,Austria,GK,,30-130,1.88,16/17,Unknown Injury,2016-09-30,2016-10-13,14,-
Xaver Schlager,Austria,MF,,28-256,1.74,25/26,Adductor Pain,2026-02-22,2026-03-12,19,2
Xaver Schlager,Austria,MF,,28-256,1.74,25/26,Calf Problems,2025-11-08,2025-11-12,5,1
Xaver Schlager,Austria,MF,,28-256,1.74,25/26,Muscle Injury,2025-09-14,2025-10-06,23,3
Xaver Schlager,Austria,MF,,28-256,1.74,24/25,Fitness,2025-05-14,2025-05-19,6,1
Xaver Schlager,Austria,MF,,28-256,1.74,24/25,Muscle Injury,2025-03-27,2025-05-14,49,8
Xaver Schlager,Austria,MF,,28-256,1.74,24/25,Knee Problems,2025-01-07,2025-03-14,67,13
Xaver Schlager,Austria,MF,,28-256,1.74,23/24,Cruciate Ligament Tear,2024-05-04,2024-11-28,209,32
Xaver Schlager,Austria,MF,,28-256,1.74,22/23,Syndesmotic Ligament Tear,2023-03-04,2023-04-30,58,11
Xaver Schlager,Austria,MF,,28-256,1.74,21/22,Fitness,2022-01-31,2022-02-21,22,3
Xaver Schlager,Austria,MF,,28-256,1.74,21/22,Cruciate Ligament Tear,2021-08-30,2022-01-31,155,30
Xaver Schlager,Austria,MF,,28-256,1.74,20/21,Quarantine,2020-12-17,2020-12-28,12,2
Xaver Schlager,Austria,MF,,28-256,1.74,19/20,Ankle Injury,2019-08-29,2019-11-18,82,18
Xaver Schlager,Austria,MF,,28-256,1.74,17/18,Ill,2017-11-09,2017-11-20,12,2
Xaver Schlager,Austria,MF,,28-256,1.74,16/17,Ankle Injury,2017-04-10,2017-08-17,130,21
Romano Schmid,Austria,"FW,MF",,26-135,1.68,24/25,Ill,2025-02-25,2025-03-04,8,2
Romano Schmid,Austria,"FW,MF",,26-135,1.68,24/25,Muscular Problems,2025-02-06,2025-02-12,7,1
Romano Schmid,Austria,"FW,MF",,26-135,1.68,22/23,Ill,2023-03-08,2023-03-13,6,1
Romano Schmid,Austria,"FW,MF",,26-135,1.68,22/23,Inner Knee Ligament Tear,2023-01-05,2023-02-08,35,4
Romano Schmid,Austria,"FW,MF",,26-135,1.68,22/23,Corona Virus,2022-08-04,2022-08-11,8,1
Romano Schmid,Austria,"FW,MF",,26-135,1.68,21/22,Minor Knock,2021-10-04,2021-10-14,11,2
Romano Schmid,Austria,"FW,MF",,26-135,1.68,19/20,Minor Knock,2019-10-10,2019-10-21,12,2
Alessandro Schöpf,Austria,MF,,32-124,1.78,25/26,Thigh Problems,2026-03-20,2026-04-20,32,6
Alessandro Schöpf,Austria,MF,,32-124,1.78,25/26,Flu,2026-02-05,2026-02-09,5,1
Alessandro Schöpf,Austria,MF,,32-124,1.78,25/26,Hamstring Strain,2025-12-08,2025-12-15,8,1
Alessandro Schöpf,Austria,MF,,32-124,1.78,25/26,Thigh Problems,2025-09-26,2025-10-01,6,1
Alessandro Schöpf,Austria,MF,,32-124,1.78,24/25,Muscular Problems,2025-04-18,2025-05-19,32,6
Alessandro Schöpf,Austria,MF,,32-124,1.78,23/24,Ill,2024-06-12,2024-06-18,7,2
Alessandro Schöpf,Austria,MF,,32-124,1.78,23/24,Groin Problems,2023-06-05,2023-06-15,11,2
Alessandro Schöpf,Austria,MF,,32-124,1.78,22/23,Muscle Injury,2023-03-27,2023-04-18,23,6
Alessandro Schöpf,Austria,MF,,32-124,1.78,22/23,Ankle Sprain,2023-03-06,2023-03-10,5,1
Alessandro Schöpf,Austria,MF,,32-124,1.78,21/22,Cold,2021-09-29,2021-10-01,3,-
Alessandro Schöpf,Austria,MF,,32-124,1.78,20/21,Thigh Problems,2021-01-10,2021-01-23,14,2
Alessandro Schöpf,Austria,MF,,32-124,1.78,20/21,Calf Injury,2020-11-10,2020-11-27,18,4
Alessandro Schöpf,Austria,MF,,32-124,1.78,19/20,Torn Muscle Fiber,2019-11-22,2019-12-31,40,6
Alessandro Schöpf,Austria,MF,,32-124,1.78,19/20,Thigh Problems,2019-09-13,2019-09-17,5,1
Alessandro Schöpf,Austria,MF,,32-124,1.78,18/19,Torn Lateral Knee Ligament,2019-01-26,2019-05-30,125,21
Nicolas Seiwald,Austria,MF,,25-038,1.79,25/26,Infection,2026-04-23,2026-04-28,6,1
Nicolas Seiwald,Austria,MF,,25-038,1.79,24/25,Muscle Injury,2024-10-18,2024-11-01,15,4
Nicolas Seiwald,Austria,MF,,25-038,1.79,21/22,Meniscus Injury,2022-01-11,2022-02-10,31,1
Michael Svoboda,Austria,DF,,27-239,1.95,24/25,Cruciate Ligament Tear,2024-12-14,2025-09-15,276,32
Michael Svoboda,Austria,DF,,27-239,1.95,23/24,Tendon Irritation,2023-07-01,2023-12-15,168,17
Michael Svoboda,Austria,DF,,27-239,1.95,21/22,Corona Virus,2022-01-21,2022-02-02,13,1
Michael Svoboda,Austria,DF,,27-239,1.95,21/22,Unknown Injury,2021-11-08,2021-11-24,17,1
Paul Wanner,Austria,MF,,20-170,1.85,25/26,Ligament Injury,2025-08-08,2025-08-22,15,1
Paul Wanner,Austria,MF,,20-170,1.85,24/25,Ill,2025-03-12,2025-03-26,15,2
Paul Wanner,Austria,MF,,20-170,1.85,23/24,Influenza,2023-09-22,2023-09-26,5,1
Paul Wanner,Austria,MF,,20-170,1.85,22/23,Dental Surgery,2023-03-29,2023-06-30,94,12
Paul Wanner,Austria,MF,,20-170,1.85,22/23,Adductor Pain,2023-03-16,2023-03-28,13,1
Paul Wanner,Austria,MF,,20-170,1.85,22/23,Corona Virus,2022-09-29,2022-10-06,8,3
Florian Wiegele,Austria,GK,,25-082,2.05,24/25,Ill,2025-02-28,2025-03-03,4,1
Florian Wiegele,Austria,GK,,25-082,2.05,23/24,Finger Injury,2024-04-22,2024-08-01,102,8
Patrick Wimmer,Austria,"FW,MF",,25-012,1.82,25/26,Muscular Problems,2026-05-10,2026-05-31,22,3
Patrick Wimmer,Austria,"FW,MF",,25-012,1.82,25/26,Torn Muscle Fiber,2026-02-02,2026-03-12,39,5
Patrick Wimmer,Austria,"FW,MF",,25-012,1.82,25/26,Torn Muscle Fiber,2025-10-04,2025-10-22,19,4
Patrick Wimmer,Austria,"FW,MF",,25-012,1.82,24/25,Ill,2025-03-07,2025-03-10,4,1
Patrick Wimmer,Austria,"FW,MF",,25-012,1.82,24/25,Muscular Problems,2024-09-27,2024-10-01,5,1
Patrick Wimmer,Austria,"FW,MF",,25-012,1.82,23/24,Syndesmotic Ligament Tear,2023-10-29,2024-02-15,110,16
Patrick Wimmer,Austria,"FW,MF",,25-012,1.82,23/24,Ill,2023-08-28,2023-09-03,7,1
Patrick Wimmer,Austria,"FW,MF",,25-012,1.82,22/23,Influenza,2022-11-10,2022-11-30,21,3
Patrick Wimmer,Austria,"FW,MF",,25-012,1.82,22/23,Ankle Injury,2022-10-20,2022-10-27,8,1
Patrick Wimmer,Austria,"FW,MF",,25-012,1.82,22/23,Concussion,2022-08-15,2022-09-15,32,4
Patrick Wimmer,Austria,"FW,MF",,25-012,1.82,21/22,Ill,2022-05-02,2022-05-09,8,-
Patrick Wimmer,Austria,"FW,MF",,25-012,1.82,21/22,Broken Nose Bone,2021-11-04,2021-11-15,12,1
Patrick Wimmer,Austria,"FW,MF",,25-012,1.82,21/22,Concussion,2021-11-04,2021-11-15,12,1
Patrick Wimmer,Austria,"FW,MF",,25-012,1.82,21/22,Adductor Pain,2021-10-04,2021-10-18,15,2
Patrick Wimmer,Austria,"FW,MF",,25-012,1.82,21/22,Ankle Injury,2021-07-15,2021-08-09,26,6
Timothy Castagne,Belgium,"DF,MF",,30-188,1.85,24/25,Ankle Surgery,2025-05-07,2025-07-15,70,5
Timothy Castagne,Belgium,"DF,MF",,30-188,1.85,24/25,Hamstring Injury,2024-10-14,2024-11-03,21,2
Timothy Castagne,Belgium,"DF,MF",,30-188,1.85,21/22,Hamstring Injury,2022-01-03,2022-03-17,74,13
Timothy Castagne,Belgium,"DF,MF",,30-188,1.85,20/21,Fracture Of The Eye Socket,2021-06-13,2021-08-15,64,6
Timothy Castagne,Belgium,"DF,MF",,30-188,1.85,20/21,Hamstring Strain,2021-02-01,2021-02-19,19,5
Timothy Castagne,Belgium,"DF,MF",,30-188,1.85,20/21,Hamstring Strain,2020-10-27,2020-12-19,54,15
Timothy Castagne,Belgium,"DF,MF",,30-188,1.85,19/20,Knee Problems,2020-01-13,2020-01-28,16,3
Timothy Castagne,Belgium,"DF,MF",,30-188,1.85,19/20,Meniscus Injury,2019-08-01,2019-09-15,46,4
Timothy Castagne,Belgium,"DF,MF",,30-188,1.85,15/16,Shoulder Injury,2016-05-10,2016-06-20,42,5
Thibaut Courtois,Belgium,GK,,34-031,1.99,25/26,Muscle Tear,2026-03-17,2026-05-01,46,9
Thibaut Courtois,Belgium,GK,,34-031,1.99,25/26,Stomach Flu,2025-11-25,2025-11-30,6,1
Thibaut Courtois,Belgium,GK,,34-031,1.99,24/25,Back Injury,2025-06-01,2025-06-15,15,2
Thibaut Courtois,Belgium,GK,,34-031,1.99,24/25,Muscle Injury,2025-03-19,2025-04-04,17,2
Thibaut Courtois,Belgium,GK,,34-031,1.99,24/25,Patellar Tendon Irritation,2025-03-07,2025-03-12,6,1
Thibaut Courtois,Belgium,GK,,34-031,1.99,24/25,Achilles Tendon Problems,2024-10-23,2024-11-23,32,5
Thibaut Courtois,Belgium,GK,,34-031,1.99,24/25,Adductor Tear,2024-09-30,2024-10-18,19,4
Thibaut Courtois,Belgium,GK,,34-031,1.99,23/24,Meniscus Tear,2024-03-19,2024-04-28,41,8
Thibaut Courtois,Belgium,GK,,34-031,1.99,23/24,Cruciate Ligament Tear,2023-08-10,2024-03-31,235,50
Thibaut Courtois,Belgium,GK,,34-031,1.99,22/23,Stomach Flu,2023-04-23,2023-04-26,4,1
Thibaut Courtois,Belgium,GK,,34-031,1.99,22/23,Adductor Pain,2023-03-26,2023-03-30,5,1
Thibaut Courtois,Belgium,GK,,34-031,1.99,22/23,Hamstring Injury,2023-02-06,2023-02-17,12,3
Thibaut Courtois,Belgium,GK,,34-031,1.99,22/23,Sciatica Problems,2022-09-29,2022-10-17,19,5
Thibaut Courtois,Belgium,GK,,34-031,1.99,21/22,Inflammation Of Pubic Bone,2022-05-30,2022-06-30,32,4
Thibaut Courtois,Belgium,GK,,34-031,1.99,21/22,Corona Virus,2021-12-30,2022-01-03,5,-
Kevin De Bruyne,Belgium,"FW,MF",,34-348,1.81,25/26,Eye Injury,2026-05-10,2026-05-12,3,1
Kevin De Bruyne,Belgium,"FW,MF",,34-348,1.81,25/26,Hamstring Muscle Injury,2025-10-26,2026-03-03,129,30
Kevin De Bruyne,Belgium,"FW,MF",,34-348,1.81,24/25,Hamstring Muscle Injury,2024-09-18,2024-10-31,44,11
Kevin De Bruyne,Belgium,"FW,MF",,34-348,1.81,23/24,Stomach Problems,2024-04-09,2024-04-10,2,-
Kevin De Bruyne,Belgium,"FW,MF",,34-348,1.81,23/24,Groin Strain,2024-03-10,2024-03-18,9,1
Kevin De Bruyne,Belgium,"FW,MF",,34-348,1.81,23/24,Fitness,2023-12-18,2023-12-29,12,3
Kevin De Bruyne,Belgium,"FW,MF",,34-348,1.81,23/24,Hamstring Muscle Injury,2023-08-12,2023-12-17,128,30
Kevin De Bruyne,Belgium,"FW,MF",,34-348,1.81,22/23,Foot Bruise,2023-04-26,2023-05-04,9,2
Kevin De Bruyne,Belgium,"FW,MF",,34-348,1.81,22/23,Ill,2023-02-21,2023-02-24,4,1
Kevin De Bruyne,Belgium,"FW,MF",,34-348,1.81,21/22,Corona Virus,2021-11-19,2021-12-03,15,4
Kevin De Bruyne,Belgium,"FW,MF",,34-348,1.81,21/22,Ankle Injury,2021-08-01,2021-09-10,41,6
Kevin De Bruyne,Belgium,"FW,MF",,34-348,1.81,20/21,Facial Fracture,2021-05-29,2021-06-14,17,3
Kevin De Bruyne,Belgium,"FW,MF",,34-348,1.81,20/21,Muscular Problems,2021-05-05,2021-05-15,11,2
Kevin De Bruyne,Belgium,"FW,MF",,34-348,1.81,20/21,Hamstring Injury,2021-01-21,2021-02-16,27,7
Kevin De Bruyne,Belgium,"FW,MF",,34-348,1.81,20/21,Muscle Injury,2020-10-12,2020-10-22,11,3
Maxim De Cuyper,Belgium,"DF,MF",,25-171,1.82,25/26,Ill,2026-01-09,2026-01-21,13,2
Maxim De Cuyper,Belgium,"DF,MF",,25-171,1.82,25/26,Muscle Injury,2025-09-19,2025-09-22,4,1
Maxim De Cuyper,Belgium,"DF,MF",,25-171,1.82,24/25,Achilles Tendon Problems,2024-12-19,2024-12-31,13,2
Maxim De Cuyper,Belgium,"DF,MF",,25-171,1.82,24/25,Hamstring Injury,2024-09-07,2024-09-11,5,1
Maxim De Cuyper,Belgium,"DF,MF",,25-171,1.82,23/24,Whiplash,2024-02-04,2024-02-09,6,1
Maxim De Cuyper,Belgium,"DF,MF",,25-171,1.82,20/21,Ankle Injury,2021-04-11,2021-04-22,12,3
Maxim De Cuyper,Belgium,"DF,MF",,25-171,1.82,20/21,Meniscus Injury,2020-08-13,2020-08-26,14,2
Charles De Ketelaere,Belgium,"FW,MF",,25-093,1.92,25/26,Meniscus Injury,2026-02-08,2026-03-12,33,9
Charles De Ketelaere,Belgium,"FW,MF",,25-093,1.92,25/26,Muscle Fatigue,2025-09-27,2025-10-11,15,3
Charles De Ketelaere,Belgium,"FW,MF",,25-093,1.92,25/26,Adductor Pain,2025-09-18,2025-09-20,3,-
Charles De Ketelaere,Belgium,"FW,MF",,25-093,1.92,24/25,Adductor Injury,2025-04-11,2025-04-18,8,1
Charles De Ketelaere,Belgium,"FW,MF",,25-093,1.92,24/25,Hamstring Muscle Injury,2024-11-08,2024-11-18,11,3
Charles De Ketelaere,Belgium,"FW,MF",,25-093,1.92,23/24,Hamstring Injury,2024-03-21,2024-04-07,18,4
Charles De Ketelaere,Belgium,"FW,MF",,25-093,1.92,23/24,Inflammation,2023-11-28,2023-12-03,6,1
Charles De Ketelaere,Belgium,"FW,MF",,25-093,1.92,23/24,Knee Problems,2023-11-07,2023-11-24,18,4
Charles De Ketelaere,Belgium,"FW,MF",,25-093,1.92,22/23,Muscle Injury,2022-10-10,2022-10-20,11,2
Charles De Ketelaere,Belgium,"FW,MF",,25-093,1.92,21/22,Shoulder Injury,2022-02-24,2022-03-03,8,2
Charles De Ketelaere,Belgium,"FW,MF",,25-093,1.92,20/21,Corona Virus,2021-02-24,2021-03-10,15,3
Koni De Winter,Belgium,DF,,23-364,1.91,24/25,Hamstring Injury,2024-10-13,2024-12-24,73,13
Koni De Winter,Belgium,DF,,23-364,1.91,24/25,Adductor Pain,2024-09-02,2024-09-12,11,2
Koni De Winter,Belgium,DF,,23-364,1.91,23/24,Unknown Injury,2024-05-23,2024-05-30,8,1
Koni De Winter,Belgium,DF,,23-364,1.91,23/24,Flu,2024-01-05,2024-01-10,6,1
Koni De Winter,Belgium,DF,,23-364,1.91,22/23,Collateral Ligament Injury,2023-04-14,2023-06-10,58,8
Koni De Winter,Belgium,DF,,23-364,1.91,22/23,Hamstring Muscle Injury,2022-10-30,2022-11-11,13,2
Koni De Winter,Belgium,DF,,23-364,1.91,21/22,Shoulder Injury,2022-01-30,2022-03-15,45,17
Koni De Winter,Belgium,DF,,23-364,1.91,21/22,Corona Virus,2021-12-29,2022-01-10,13,2
Koni De Winter,Belgium,DF,,23-364,1.91,21/22,Ill,2021-10-30,2021-11-01,3,2
Koni De Winter,Belgium,DF,,23-364,1.91,20/21,Bruise,2021-05-11,2021-05-25,15,6
Koni De Winter,Belgium,DF,,23-364,1.91,20/21,Muscle Injury,2021-03-08,2021-03-23,16,7
Zeno Debast,Belgium,DF,,22-230,1.91,25/26,Hamstring Muscle Injury,2026-05-10,,37,5
Zeno Debast,Belgium,DF,,22-230,1.91,25/26,Knee Injury,2026-01-25,2026-03-16,51,8
Zeno Debast,Belgium,DF,,22-230,1.91,25/26,Knee Injury,2025-10-22,2026-01-14,85,18
Zeno Debast,Belgium,DF,,22-230,1.91,23/24,Calf Injury,2023-08-10,2023-08-17,8,1
Zeno Debast,Belgium,DF,,22-230,1.91,22/23,Muscle Injury,2023-02-22,2023-02-25,4,1
Zeno Debast,Belgium,DF,,22-230,1.91,22/23,Ankle Injury,2022-12-26,2023-01-07,13,-
Zeno Debast,Belgium,DF,,22-230,1.91,22/23,Ankle Injury,2022-10-23,2022-10-28,6,1
Zeno Debast,Belgium,DF,,22-230,1.91,21/22,Foot Injury,2022-03-01,2022-05-31,92,13
Jeremy Doku,Belgium,"FW,MF",,24-015,1.73,25/26,Calf Injury,2026-01-28,2026-02-23,27,6
Jeremy Doku,Belgium,"FW,MF",,24-015,1.73,25/26,Muscle Injury,2025-12-10,2025-12-28,19,4
Jeremy Doku,Belgium,"FW,MF",,24-015,1.73,24/25,Unknown Injury,2025-01-19,2025-02-11,24,5
Jeremy Doku,Belgium,"FW,MF",,24-015,1.73,24/25,Hamstring Injury,2024-11-03,2024-11-27,25,5
Jeremy Doku,Belgium,"FW,MF",,24-015,1.73,23/24,Minor Knock,2024-03-04,2024-03-08,5,1
Jeremy Doku,Belgium,"FW,MF",,24-015,1.73,23/24,Muscle Injury,2023-12-04,2024-01-05,33,8
Jeremy Doku,Belgium,"FW,MF",,24-015,1.73,22/23,Hamstring Injury,2023-03-06,2023-03-21,16,2
Jeremy Doku,Belgium,"FW,MF",,24-015,1.73,22/23,Dead Leg,2022-10-05,2022-10-24,20,5
Jeremy Doku,Belgium,"FW,MF",,24-015,1.73,22/23,Muscle Injury,2022-08-29,2022-09-14,17,4
Jeremy Doku,Belgium,"FW,MF",,24-015,1.73,21/22,Calf Injury,2022-03-16,2022-04-29,45,10
Jeremy Doku,Belgium,"FW,MF",,24-015,1.73,21/22,Hamstring Injury,2022-01-29,2022-02-21,24,3
Jeremy Doku,Belgium,"FW,MF",,24-015,1.73,21/22,Knee Injury,2021-12-02,2021-12-31,30,5
Jeremy Doku,Belgium,"FW,MF",,24-015,1.73,21/22,Knee Injury,2021-10-15,2021-11-13,30,7
Jeremy Doku,Belgium,"FW,MF",,24-015,1.73,21/22,Hamstring Injury,2021-08-23,2021-10-04,43,13
Matias Fernandez-Pardo,Belgium,"FW,MF",,21-128,1.88,25/26,Ill,2025-12-10,2026-01-02,24,3
Matias Fernandez-Pardo,Belgium,"FW,MF",,21-128,1.88,25/26,Injury To The Ankle,2025-11-10,2025-11-24,15,1
Matias Fernandez-Pardo,Belgium,"FW,MF",,21-128,1.88,24/25,Ankle Ligament Tear,2025-01-04,2025-02-18,46,10
Matias Fernandez-Pardo,Belgium,"FW,MF",,21-128,1.88,24/25,Hamstring Injury,2024-08-05,2024-08-10,6,1
Matias Fernandez-Pardo,Belgium,"FW,MF",,21-128,1.88,23/24,Knock,2023-09-20,2023-09-26,7,2
Senne Lammens,Belgium,GK,,23-339,1.93,23/24,Knock,2023-08-04,2023-08-15,12,2
Romelu Lukaku,Belgium,FW,,33-029,1.9,25/26,Muscular Problems,2026-03-30,2026-05-31,63,9
Romelu Lukaku,Belgium,FW,,33-029,1.9,25/26,Fitness,2025-12-14,2026-01-19,37,7
Romelu Lukaku,Belgium,FW,,33-029,1.9,25/26,Hamstring Injury,2025-08-14,2025-12-14,123,28
Romelu Lukaku,Belgium,FW,,33-029,1.9,23/24,Thigh Problems,2024-04-18,2024-04-30,13,2
Romelu Lukaku,Belgium,FW,,33-029,1.9,23/24,Hip Problems,2024-03-13,2024-03-16,4,1
Romelu Lukaku,Belgium,FW,,33-029,1.9,22/23,Inflammation In The Knee,2023-01-08,2023-01-17,10,2
Romelu Lukaku,Belgium,FW,,33-029,1.9,22/23,Hamstring Muscle Injury,2022-10-31,2022-11-26,27,6
Romelu Lukaku,Belgium,FW,,33-029,1.9,22/23,Hamstring Injury,2022-08-29,2022-10-25,58,14
Romelu Lukaku,Belgium,FW,,33-029,1.9,21/22,Ankle Injury,2022-06-03,2022-06-30,28,3
Romelu Lukaku,Belgium,FW,,33-029,1.9,21/22,Corona Virus,2021-12-16,2021-12-25,10,3
Romelu Lukaku,Belgium,FW,,33-029,1.9,21/22,Sprain,2021-10-21,2021-11-21,32,8
Romelu Lukaku,Belgium,FW,,33-029,1.9,20/21,Contracture,2021-01-03,2021-01-06,4,-
Romelu Lukaku,Belgium,FW,,33-029,1.9,20/21,Adductor Injury,2020-10-29,2020-11-06,9,2
Romelu Lukaku,Belgium,FW,,33-029,1.9,19/20,Adductor Injury,2020-07-10,2020-07-18,9,2
Romelu Lukaku,Belgium,FW,,33-029,1.9,19/20,Muscle Injury,2019-09-30,2019-10-06,7,1
Dodi Lukebakio,Belgium,"FW,MF",,28-260,1.84,25/26,Broken Ankle,2025-11-19,2026-02-09,83,18
Dodi Lukebakio,Belgium,"FW,MF",,28-260,1.84,25/26,Foot Bruise,2025-08-26,2025-09-22,28,6
Dodi Lukebakio,Belgium,"FW,MF",,28-260,1.84,23/24,Ligament Stretching,2023-12-10,2024-03-01,83,15
Dodi Lukebakio,Belgium,"FW,MF",,28-260,1.84,21/22,Corona Virus,2021-12-29,2022-01-10,13,1
Dodi Lukebakio,Belgium,"FW,MF",,28-260,1.84,20/21,Fitness,2021-05-05,2021-05-10,6,2
Dodi Lukebakio,Belgium,"FW,MF",,28-260,1.84,20/21,Corona Virus,2021-04-15,2021-05-04,20,1
Dodi Lukebakio,Belgium,"FW,MF",,28-260,1.84,19/20,Quarantine,2020-03-17,2020-03-31,15,-
Dodi Lukebakio,Belgium,"FW,MF",,28-260,1.84,17/18,Ankle Sprain,2017-11-18,2017-12-08,21,3
Brandon Mechele,Belgium,DF,,33-134,1.9,20/21,Corona Virus,2020-09-07,2020-09-22,16,3
Brandon Mechele,Belgium,DF,,33-134,1.9,19/20,Knock,2019-08-17,2019-08-25,9,1
Brandon Mechele,Belgium,DF,,33-134,1.9,16/17,Shin Injury,2016-09-19,2016-10-28,40,8
Brandon Mechele,Belgium,DF,,33-134,1.9,16/17,Torn Ankle Ligaments,2016-07-03,2016-08-14,43,3
Thomas Meunier,Belgium,"DF,MF",,34-272,1.9,25/26,Hamstring Injury,2026-01-26,2026-02-27,33,7
Thomas Meunier,Belgium,"DF,MF",,34-272,1.9,25/26,Pelvic Injury,2025-09-12,2025-10-01,20,4
Thomas Meunier,Belgium,"DF,MF",,34-272,1.9,24/25,Foot Injury,2025-03-14,2025-03-28,15,1
Thomas Meunier,Belgium,"DF,MF",,34-272,1.9,24/25,Muscle Injury,2024-12-06,2024-12-10,5,1
Thomas Meunier,Belgium,"DF,MF",,34-272,1.9,24/25,Adductor Pain,2024-11-01,2024-11-11,11,2
Thomas Meunier,Belgium,"DF,MF",,34-272,1.9,23/24,Partial Muscle Tear,2024-06-08,2024-07-02,25,4
Thomas Meunier,Belgium,"DF,MF",,34-272,1.9,23/24,Muscle Injury,2023-07-31,2023-10-27,89,16
Thomas Meunier,Belgium,"DF,MF",,34-272,1.9,22/23,Muscle Injury,2023-04-16,2023-05-29,44,6
Thomas Meunier,Belgium,"DF,MF",,34-272,1.9,22/23,Back Problems,2023-03-29,2023-04-06,9,3
Thomas Meunier,Belgium,"DF,MF",,34-272,1.9,22/23,Torn Muscle Fiber,2023-01-12,2023-02-09,29,5
Thomas Meunier,Belgium,"DF,MF",,34-272,1.9,22/23,Broken Cheekbone,2022-10-20,2022-11-17,29,7
Thomas Meunier,Belgium,"DF,MF",,34-272,1.9,22/23,Groin Problems,2022-10-13,2022-10-13,1,-
Thomas Meunier,Belgium,"DF,MF",,34-272,1.9,21/22,Tendon Rupture,2022-02-24,2022-05-12,78,12
Thomas Meunier,Belgium,"DF,MF",,34-272,1.9,21/22,Minor Knock,2022-02-10,2022-02-21,12,3
Thomas Meunier,Belgium,"DF,MF",,34-272,1.9,21/22,Muscular Problems,2022-01-20,2022-01-31,12,1
Diego Moreira,Belgium,MF,,21-309,1.79,25/26,Adductor Pain,2026-02-28,2026-04-06,38,9
Diego Moreira,Belgium,MF,,21-309,1.79,25/26,Dead Leg,2025-08-15,2025-08-23,9,2
Diego Moreira,Belgium,MF,,21-309,1.79,24/25,Injury To The Ankle,2025-05-11,2025-05-16,6,-
Diego Moreira,Belgium,MF,,21-309,1.79,24/25,Leg Injury,2025-05-04,2025-05-08,5,-
Diego Moreira,Belgium,MF,,21-309,1.79,24/25,Knee Injury,2025-01-13,2025-01-24,12,2
Nathan Ngoy,Belgium,DF,,23-001,1.83,25/26,Hand Injury,2025-11-19,2025-11-21,3,-
Nathan Ngoy,Belgium,DF,,23-001,1.83,25/26,Knock,2025-11-01,2025-11-08,8,2
Nathan Ngoy,Belgium,DF,,23-001,1.83,24/25,Meniscus Injury,2024-10-16,2025-02-24,132,19
Nathan Ngoy,Belgium,DF,,23-001,1.83,24/25,Ankle Injury,2024-09-28,2024-10-09,12,1
Nathan Ngoy,Belgium,DF,,23-001,1.83,24/25,Minor Knock,2024-09-20,2024-09-23,4,1
Nathan Ngoy,Belgium,DF,,23-001,1.83,23/24,Hamstring Injury,2024-03-07,2024-07-22,138,12
Nathan Ngoy,Belgium,DF,,23-001,1.83,23/24,Partial Muscle Tear,2024-01-08,2024-02-22,46,6
Nathan Ngoy,Belgium,DF,,23-001,1.83,23/24,Minor Knock,2023-11-03,2023-11-08,6,1
Nathan Ngoy,Belgium,DF,,23-001,1.83,22/23,Hamstring Injury,2022-11-07,2023-04-27,172,20
Nathan Ngoy,Belgium,DF,,23-001,1.83,22/23,Calf Injury,2022-09-13,2022-10-19,37,4
Nathan Ngoy,Belgium,DF,,23-001,1.83,22/23,Hamstring Injury,2022-07-28,2022-08-03,7,1
Nathan Ngoy,Belgium,DF,,23-001,1.83,18/19,Broken Tibia,2018-10-28,2019-02-28,124,6
Amadou Onana,Belgium,MF,,24-299,1.92,25/26,Calf Problems,2026-04-30,2026-05-18,19,4
Amadou Onana,Belgium,MF,,24-299,1.92,25/26,Knee Problems,2026-04-24,2026-04-27,4,1
Amadou Onana,Belgium,MF,,24-299,1.92,25/26,Hamstring Injury,2025-12-31,2026-01-19,20,4
Amadou Onana,Belgium,MF,,24-299,1.92,25/26,Muscle Injury,2025-11-15,2025-11-27,13,2
Amadou Onana,Belgium,MF,,24-299,1.92,25/26,Hamstring Injury,2025-08-24,2025-10-05,43,9
Amadou Onana,Belgium,MF,,24-299,1.92,24/25,Hamstring Injury,2025-02-03,2025-03-10,36,8
Amadou Onana,Belgium,MF,,24-299,1.92,24/25,Hamstring Injury,2025-01-19,2025-01-31,13,3
Amadou Onana,Belgium,MF,,24-299,1.92,24/25,Foot Injury,2024-11-22,2024-12-05,14,4
Amadou Onana,Belgium,MF,,24-299,1.92,24/25,Hamstring Injury,2024-10-02,2024-10-17,16,3
Amadou Onana,Belgium,MF,,24-299,1.92,23/24,Calf Injury,2023-11-11,2023-12-08,28,5
Amadou Onana,Belgium,MF,,24-299,1.92,22/23,Leg Injury,2023-04-14,2023-04-24,11,2
Amadou Onana,Belgium,MF,,24-299,1.92,20/21,Groin Problems,2021-05-17,2021-05-24,8,1
Amadou Onana,Belgium,MF,,24-299,1.92,20/21,Adductor Pain,2021-01-02,2021-01-13,12,2
Mike Penders,Belgium,GK,,20-315,2.0,24/25,Ankle Sprain,2024-11-09,2024-11-14,6,1
Nicolas Raskin,Belgium,MF,,25-108,1.78,24/25,Unknown Injury,2024-07-13,2024-09-23,73,6
Nicolas Raskin,Belgium,MF,,25-108,1.78,23/24,Unknown Injury,2023-10-29,2024-01-01,65,14
Nicolas Raskin,Belgium,MF,,25-108,1.78,23/24,Muscle Injury,2023-09-16,2023-10-18,33,4
Nicolas Raskin,Belgium,MF,,25-108,1.78,21/22,Adductor Injury,2022-03-14,2022-06-06,85,5
Nicolas Raskin,Belgium,MF,,25-108,1.78,20/21,Knee Injury,2021-05-16,2021-06-10,26,3
Nicolas Raskin,Belgium,MF,,25-108,1.78,20/21,Foot Injury,2021-02-15,2021-03-03,17,2
Alexis Saelemaekers,Belgium,MF,,26-349,1.8,25/26,Adductor Pain,2026-01-26,2026-02-16,22,2
Alexis Saelemaekers,Belgium,MF,,26-349,1.8,25/26,Adductor Pain,2026-01-19,2026-01-23,5,-
Alexis Saelemaekers,Belgium,MF,,26-349,1.8,25/26,Muscular Problems,2025-10-11,2025-10-17,7,1
Alexis Saelemaekers,Belgium,MF,,26-349,1.8,24/25,Ankle Surgery,2024-09-15,2024-11-27,74,17
Alexis Saelemaekers,Belgium,MF,,26-349,1.8,23/24,Muscular Problems,2024-01-13,2024-01-25,13,1
Alexis Saelemaekers,Belgium,MF,,26-349,1.8,23/24,Ankle Injury,2023-08-03,2023-09-22,51,6
Alexis Saelemaekers,Belgium,MF,,26-349,1.8,22/23,Inner Knee Ligament Tear,2022-09-29,2022-12-12,75,15
Alexis Saelemaekers,Belgium,MF,,26-349,1.8,20/21,Hamstring Muscle Injury,2020-12-21,2021-01-14,25,4
Alexis Saelemaekers,Belgium,MF,,26-349,1.8,20/21,Intestinal Virus,2020-12-10,2020-12-17,8,2
Alexis Saelemaekers,Belgium,MF,,26-349,1.8,20/21,Ankle Sprain,2020-11-19,2020-11-30,12,1
Alexis Saelemaekers,Belgium,MF,,26-349,1.8,20/21,Inflammation Of Pubic Bone,2020-11-09,2020-11-16,8,2
Alexis Saelemaekers,Belgium,MF,,26-349,1.8,19/20,Muscle Tear,2019-09-26,2019-10-14,19,2
Alexis Saelemaekers,Belgium,MF,,26-349,1.8,18/19,Knee Problems,2018-10-08,2018-10-18,11,2
Joaquin Seys,Belgium,DF,,21-075,1.78,25/26,Minor Knock,2025-09-03,2025-09-15,13,1
Joaquin Seys,Belgium,DF,,21-075,1.78,24/25,Partial Muscle Tear,2025-03-01,2025-05-15,76,13
Joaquin Seys,Belgium,DF,,21-075,1.78,24/25,Hamstring Injury,2024-12-22,2025-01-16,26,4
Joaquin Seys,Belgium,DF,,21-075,1.78,24/25,Minor Knock,2024-10-27,2024-11-04,9,2
Arthur Theate,Belgium,DF,,26-017,1.85,25/26,Meniscus Injury,2026-02-11,2026-03-18,36,5
Arthur Theate,Belgium,DF,,26-017,1.85,24/25,Fitness,2025-03-27,2025-03-28,2,-
Arthur Theate,Belgium,DF,,26-017,1.85,24/25,Muscle Injury,2025-03-09,2025-03-27,19,5
Arthur Theate,Belgium,DF,,26-017,1.85,24/25,Torn Lateral Ankle Ligament,2024-12-01,2024-12-06,6,1
Arthur Theate,Belgium,DF,,26-017,1.85,24/25,Unknown Injury,2024-11-15,2024-11-20,6,1
Arthur Theate,Belgium,DF,,26-017,1.85,23/24,Ankle Injury,2024-05-12,2024-06-15,35,3
Arthur Theate,Belgium,DF,,26-017,1.85,21/22,Unknown Injury,2021-12-21,2021-12-25,5,1
Youri Tielemans,Belgium,MF,,29-035,1.76,25/26,Ankle Injury,2026-01-25,2026-03-22,57,11
Youri Tielemans,Belgium,MF,,29-035,1.76,25/26,Calf Problems,2025-09-13,2025-11-06,55,12
Youri Tielemans,Belgium,MF,,29-035,1.76,24/25,Calf Injury,2025-05-05,2025-05-20,16,2
Youri Tielemans,Belgium,MF,,29-035,1.76,23/24,Groin Injury,2024-05-15,2024-06-10,27,3
Youri Tielemans,Belgium,MF,,29-035,1.76,23/24,Groin Injury,2024-04-27,2024-05-08,12,2
Youri Tielemans,Belgium,MF,,29-035,1.76,23/24,Calf Injury,2023-12-13,2024-01-12,31,6
Youri Tielemans,Belgium,MF,,29-035,1.76,22/23,Torn Ankle Ligaments,2023-02-26,2023-04-10,44,9
Youri Tielemans,Belgium,MF,,29-035,1.76,21/22,Calf Injury,2021-11-07,2021-12-07,31,7
Youri Tielemans,Belgium,MF,,29-035,1.76,17/18,Meniscus Injury,2017-11-26,2018-01-14,50,10
Youri Tielemans,Belgium,MF,,29-035,1.76,16/17,Ligament Injury,2016-09-16,2016-09-27,12,3
Leandro Trossard,Belgium,"FW,MF",,31-189,1.72,25/26,Hip Injury,2026-03-07,2026-03-16,10,2
Leandro Trossard,Belgium,"FW,MF",,31-189,1.72,25/26,Ankle Problems,2025-11-27,2025-12-05,9,2
Leandro Trossard,Belgium,"FW,MF",,31-189,1.72,21/22,Ill,2022-04-19,2022-04-21,3,1
Leandro Trossard,Belgium,"FW,MF",,31-189,1.72,21/22,Hamstring Injury,2021-12-26,2022-01-01,7,1
Leandro Trossard,Belgium,"FW,MF",,31-189,1.72,21/22,Elbow Injury,2021-12-04,2021-12-14,11,-
Leandro Trossard,Belgium,"FW,MF",,31-189,1.72,20/21,Groin Injury,2020-11-02,2020-11-27,26,5
Leandro Trossard,Belgium,"FW,MF",,31-189,1.72,19/20,Groin Injury,2019-09-01,2019-10-18,48,5
Leandro Trossard,Belgium,"FW,MF",,31-189,1.72,18/19,Hamstring Injury,2018-10-23,2018-11-09,18,5
Leandro Trossard,Belgium,"FW,MF",,31-189,1.72,18/19,Shoulder Injury,2018-10-05,2018-10-18,14,3
Leandro Trossard,Belgium,"FW,MF",,31-189,1.72,17/18,Muscle Tear,2017-08-20,2017-12-08,111,15
Leandro Trossard,Belgium,"FW,MF",,31-189,1.72,16/17,Hamstring Injury,2017-05-16,2017-06-16,32,4
Leandro Trossard,Belgium,"FW,MF",,31-189,1.72,16/17,Muscle Injury,2017-05-06,2017-05-15,10,2
Hans Vanaken,Belgium,MF,,33-291,1.95,25/26,Hip Injury,2026-03-14,2026-03-29,16,2
Hans Vanaken,Belgium,MF,,33-291,1.95,24/25,Ill,2025-01-24,2025-01-27,4,1
Hans Vanaken,Belgium,MF,,33-291,1.95,23/24,Ill,2024-04-06,2024-04-09,4,1
Hans Vanaken,Belgium,MF,,33-291,1.95,23/24,Rest,2023-08-16,2023-08-18,3,1
Hans Vanaken,Belgium,MF,,33-291,1.95,20/21,Corona Virus,2021-02-15,2021-03-02,16,3
Axel Witsel,Belgium,"DF,MF",,37-150,1.86,25/26,Calf Injury,2026-01-09,2026-01-26,18,2
Axel Witsel,Belgium,"DF,MF",,37-150,1.86,23/24,Groin Injury,2024-06-18,2024-06-30,13,2
Axel Witsel,Belgium,"DF,MF",,37-150,1.86,21/22,Infection,2022-04-21,2022-04-28,8,1
Axel Witsel,Belgium,"DF,MF",,37-150,1.86,20/21,Achilles Tendon Rupture,2021-01-11,2021-06-14,155,33
Axel Witsel,Belgium,"DF,MF",,37-150,1.86,19/20,Muscular Problems,2020-05-11,2020-05-25,15,2
Axel Witsel,Belgium,"DF,MF",,37-150,1.86,19/20,Facial Injury,2019-12-09,2020-01-02,25,4
Axel Witsel,Belgium,"DF,MF",,37-150,1.86,19/20,Torn Muscle Fiber In The Adductor Area,2019-08-29,2019-09-12,15,3
Axel Witsel,Belgium,"DF,MF",,37-150,1.86,18/19,Torn Muscle Fiber In The Adductor Area,2019-03-11,2019-03-25,15,3
Axel Witsel,Belgium,"DF,MF",,37-150,1.86,18/19,Rest,2018-12-10,2018-12-13,4,1
Axel Witsel,Belgium,"DF,MF",,37-150,1.86,12/13,Thigh Problems,2012-09-17,2012-10-01,15,4
Kerim Alajbegović,Bosnia-Herzegovina,MF,,18-263,1.86,25/26,Ill,2025-11-01,2025-11-07,7,2
Esmir Bajraktarevic,Bosnia-Herzegovina,MF,,21-093,1.75,-,Ninguna,,,0,0
Ivan Bašić,Bosnia-Herzegovina,MF,,24-042,1.78,22/23,Muscle Injury,2023-04-02,2023-06-30,90,10
Ivan Bašić,Bosnia-Herzegovina,MF,,24-042,1.78,21/22,Unknown Injury,2021-11-13,2021-11-25,13,2
Samed Baždar,Bosnia-Herzegovina,FW,,22-131,1.89,24/25,Hamstring Injury,2024-12-01,2025-01-15,46,6
Dženis Burnić,Bosnia-Herzegovina,MF,,28-020,1.82,21/22,Adductor Pain,2021-08-28,2021-09-20,24,2
Dženis Burnić,Bosnia-Herzegovina,MF,,28-020,1.82,20/21,Hairline Fracture In The Fibula,2021-02-13,2021-05-31,108,14
Dženis Burnić,Bosnia-Herzegovina,MF,,28-020,1.82,20/21,Torn Muscle Bundle,2020-09-15,2020-11-17,64,7
Dženis Burnić,Bosnia-Herzegovina,MF,,28-020,1.82,19/20,Torn Ankle Ligaments,2020-06-03,2020-09-10,100,7
Dženis Burnić,Bosnia-Herzegovina,MF,,28-020,1.82,19/20,Ligament Stretching,2020-04-28,2020-05-18,21,-
Dženis Burnić,Bosnia-Herzegovina,MF,,28-020,1.82,17/18,Knee Problems,2017-11-09,2017-12-31,53,8
Dženis Burnić,Bosnia-Herzegovina,MF,,28-020,1.82,16/17,Ankle Injury,2017-03-09,2017-04-20,43,9
Nidal Čelik,Bosnia-Herzegovina,DF,,19-329,1.92,25/26,Meniscus Injury,2026-06-10,,6,-
Amar Dedić,Bosnia-Herzegovina,DF,,23-297,1.8,25/26,Unknown Injury,2026-01-31,2026-02-15,16,3
Amar Dedić,Bosnia-Herzegovina,DF,,23-297,1.8,25/26,Muscle Injury,2025-10-23,2025-11-04,13,3
Amar Dedić,Bosnia-Herzegovina,DF,,23-297,1.8,24/25,Hamstring Injury,2024-12-03,2024-12-06,4,1
Amar Dedić,Bosnia-Herzegovina,DF,,23-297,1.8,24/25,Adductor Injury,2024-10-26,2024-11-13,19,5
Amar Dedić,Bosnia-Herzegovina,DF,,23-297,1.8,23/24,Calf Problems,2024-04-20,2024-06-30,72,8
Amar Dedić,Bosnia-Herzegovina,DF,,23-297,1.8,23/24,Foot Injury,2024-03-28,2024-04-11,15,3
Amar Dedić,Bosnia-Herzegovina,DF,,23-297,1.8,23/24,Muscle Injury,2024-02-08,2024-02-23,16,2
Ermedin Demirović,Bosnia-Herzegovina,FW,,28-078,1.85,25/26,Foot Injury,2025-10-06,2026-01-04,91,19
Ermedin Demirović,Bosnia-Herzegovina,FW,,28-078,1.85,22/23,Outer Ligament Tear,2023-06-07,2023-06-26,20,2
Edin Džeko,Bosnia-Herzegovina,FW,,40-086,1.92,25/26,Shoulder Injury,2026-04-01,2026-04-30,30,4
Edin Džeko,Bosnia-Herzegovina,FW,,40-086,1.92,25/26,Foot Bruise,2026-01-05,2026-01-22,18,3
Edin Džeko,Bosnia-Herzegovina,FW,,40-086,1.92,23/24,Hamstring Strain,2023-12-17,2023-12-22,6,1
Edin Džeko,Bosnia-Herzegovina,FW,,40-086,1.92,21/22,Corona Virus,2021-12-31,2022-01-08,9,-
Edin Džeko,Bosnia-Herzegovina,FW,,40-086,1.92,21/22,Muscle Fatigue,2021-11-07,2021-11-19,13,2
Edin Džeko,Bosnia-Herzegovina,FW,,40-086,1.92,20/21,Adductor Pain,2021-02-25,2021-03-10,14,3
Edin Džeko,Bosnia-Herzegovina,FW,,40-086,1.92,20/21,Bruise,2021-01-21,2021-01-28,8,1
Edin Džeko,Bosnia-Herzegovina,FW,,40-086,1.92,20/21,Corona Virus,2020-11-06,2020-11-23,18,5
Edin Džeko,Bosnia-Herzegovina,FW,,40-086,1.92,19/20,Broken Cheekbone,2019-10-06,2019-10-19,14,2
Edin Džeko,Bosnia-Herzegovina,FW,,40-086,1.92,18/19,Muscle Injury,2018-11-27,2018-12-21,25,5
Edin Džeko,Bosnia-Herzegovina,FW,,40-086,1.92,16/17,Calf Muscle Tear,2017-05-07,2017-05-18,12,1
Edin Džeko,Bosnia-Herzegovina,FW,,40-086,1.92,15/16,Inner Ligament Injury,2016-05-30,2016-06-18,20,2
Edin Džeko,Bosnia-Herzegovina,FW,,40-086,1.92,15/16,Foot Bruise,2016-02-01,2016-02-04,4,1
Edin Džeko,Bosnia-Herzegovina,FW,,40-086,1.92,15/16,Inner Knee Ligament Tear,2015-09-28,2015-10-12,15,2
Edin Džeko,Bosnia-Herzegovina,FW,,40-086,1.92,14/15,Calf Injury,2014-12-15,2015-01-05,22,5
Armin Gigovic,Bosnia-Herzegovina,MF,,24-066,1.87,21/22,Muscle Injury,2021-11-07,2022-01-03,58,6
Armin Gigovic,Bosnia-Herzegovina,MF,,24-066,1.87,21/22,Muscle Injury,2021-10-16,2021-10-21,6,-
Armin Gigovic,Bosnia-Herzegovina,MF,,24-066,1.87,20/21,Corona Virus,2020-08-24,2020-09-07,15,1
Amir Hadžiahmetović,Bosnia-Herzegovina,MF,,29-095,1.79,25/26,Knee Injury,2026-04-19,2026-05-26,38,5
Amir Hadžiahmetović,Bosnia-Herzegovina,MF,,29-095,1.79,23/24,Cruciate Ligament Injury,2024-01-13,2024-08-10,211,28
Amir Hadžiahmetović,Bosnia-Herzegovina,MF,,29-095,1.79,22/23,Unknown Injury,2023-01-14,2023-02-02,20,3
Amir Hadžiahmetović,Bosnia-Herzegovina,MF,,29-095,1.79,21/22,Unknown Injury,2021-10-29,2021-11-03,6,1
Amir Hadžiahmetović,Bosnia-Herzegovina,MF,,29-095,1.79,20/21,Unknown Injury,2021-02-11,2021-02-23,13,2
Amir Hadžiahmetović,Bosnia-Herzegovina,MF,,29-095,1.79,20/21,Unknown Injury,2020-10-17,2020-11-19,34,6
Amir Hadžiahmetović,Bosnia-Herzegovina,MF,,29-095,1.79,18/19,Unknown Injury,2019-01-14,2019-02-11,29,4
Amir Hadžiahmetović,Bosnia-Herzegovina,MF,,29-095,1.79,17/18,Unknown Injury,2018-03-31,2018-05-20,51,8
Amir Hadžiahmetović,Bosnia-Herzegovina,MF,,29-095,1.79,17/18,Unknown Injury,2017-12-04,2018-01-12,40,6
Amir Hadžiahmetović,Bosnia-Herzegovina,MF,,29-095,1.79,17/18,Unknown Injury,2017-08-14,2017-10-23,71,14
Dennis Hadžikadunić,Bosnia-Herzegovina,DF,,27-337,1.91,25/26,Calf Problems,2026-03-16,2026-04-07,23,5
Dennis Hadžikadunić,Bosnia-Herzegovina,DF,,27-337,1.91,25/26,Stress Reaction Of The Bone,2026-02-28,2026-03-03,4,-
Dennis Hadžikadunić,Bosnia-Herzegovina,DF,,27-337,1.91,25/26,Flu,2026-02-18,2026-02-20,3,-
Dennis Hadžikadunić,Bosnia-Herzegovina,DF,,27-337,1.91,25/26,Unknown Injury,2025-11-20,2025-11-22,3,-
Dennis Hadžikadunić,Bosnia-Herzegovina,DF,,27-337,1.91,24/25,Inner Ligament Tear In Ankle Joint,2025-05-03,2025-06-16,45,4
Dennis Hadžikadunić,Bosnia-Herzegovina,DF,,27-337,1.91,24/25,Shoulder Injury,2025-03-28,2025-04-06,10,1
Dennis Hadžikadunić,Bosnia-Herzegovina,DF,,27-337,1.91,24/25,Capsular Injury,2024-10-18,2024-11-25,39,8
Dennis Hadžikadunić,Bosnia-Herzegovina,DF,,27-337,1.91,23/24,Cold,2024-04-10,2024-04-15,6,1
Dennis Hadžikadunić,Bosnia-Herzegovina,DF,,27-337,1.91,23/24,Muscular Problems,2023-07-25,2023-08-02,9,1
Dennis Hadžikadunić,Bosnia-Herzegovina,DF,,27-337,1.91,19/20,Corona Virus,2020-06-17,2020-07-01,15,2
Osman Hadžikić,Bosnia-Herzegovina,GK,,30-091,1.89,25/26,Hamstring Injury,2026-05-31,,16,-
Osman Hadžikić,Bosnia-Herzegovina,GK,,30-091,1.89,21/22,Ill,2022-02-12,2022-02-14,3,1
Osman Hadžikić,Bosnia-Herzegovina,GK,,30-091,1.89,17/18,Foot Injury,2017-09-25,2017-10-30,36,9
Osman Hadžikić,Bosnia-Herzegovina,GK,,30-091,1.89,16/17,Knee Problems,2016-09-22,2016-10-03,12,3
Osman Hadžikić,Bosnia-Herzegovina,GK,,30-091,1.89,16/17,Ill,2016-08-15,2016-09-08,25,-
Osman Hadžikić,Bosnia-Herzegovina,GK,,30-091,1.89,15/16,Ill,2016-03-31,2016-04-11,12,2
Osman Hadžikić,Bosnia-Herzegovina,GK,,30-091,1.89,14/15,Broken Finger,2014-12-04,2014-12-29,26,2
Osman Hadžikić,Bosnia-Herzegovina,GK,,30-091,1.89,13/14,Meniscus Injury,2014-01-27,2014-02-20,25,2
Osman Hadžikić,Bosnia-Herzegovina,GK,,30-091,1.89,12/13,Meniscus Tear,2013-04-04,2013-05-20,47,10
Mladen Jurkas,Bosnia-Herzegovina,GK,,18-247,1.93,-,Ninguna,,,0,0
Nikola Katić,Bosnia-Herzegovina,DF,,29-244,1.94,25/26,Knee Injury,2026-04-04,2026-05-14,41,6
Nikola Katić,Bosnia-Herzegovina,DF,,29-244,1.94,24/25,Hamstring Injury,2025-04-10,2025-04-20,11,2
Nikola Katić,Bosnia-Herzegovina,DF,,29-244,1.94,22/23,Unknown Injury,2023-03-29,2023-04-06,9,1
Nikola Katić,Bosnia-Herzegovina,DF,,29-244,1.94,19/20,Cruciate Ligament Tear,2020-07-07,2021-06-30,359,57
Nikola Katić,Bosnia-Herzegovina,DF,,29-244,1.94,18/19,Knee Injury,2018-10-09,2018-10-24,16,2
Sead Kolašinac,Bosnia-Herzegovina,DF,,32-356,1.83,25/26,Muscle Fatigue,2026-02-26,2026-02-28,3,-
Sead Kolašinac,Bosnia-Herzegovina,DF,,32-356,1.83,25/26,Collateral Ligament Injury,2026-01-05,2026-01-15,11,2
Sead Kolašinac,Bosnia-Herzegovina,DF,,32-356,1.83,25/26,Unknown Injury,2025-10-31,2025-11-02,3,1
Sead Kolašinac,Bosnia-Herzegovina,DF,,32-356,1.83,24/25,Cruciate Ligament Tear,2025-04-14,2025-10-27,197,23
Sead Kolašinac,Bosnia-Herzegovina,DF,,32-356,1.83,24/25,Hamstring Muscle Injury,2025-02-02,2025-02-17,16,4
Sead Kolašinac,Bosnia-Herzegovina,DF,,32-356,1.83,24/25,Muscle Injury,2024-11-06,2024-11-25,20,4
Sead Kolašinac,Bosnia-Herzegovina,DF,,32-356,1.83,24/25,Fever,2024-10-19,2024-10-21,3,1
Sead Kolašinac,Bosnia-Herzegovina,DF,,32-356,1.83,24/25,Muscle Fatigue,2024-08-14,2024-09-09,27,4
Sead Kolašinac,Bosnia-Herzegovina,DF,,32-356,1.83,23/24,Muscular Problems,2024-05-22,2024-06-03,13,2
Sead Kolašinac,Bosnia-Herzegovina,DF,,32-356,1.83,23/24,Muscular Problems,2024-05-02,2024-05-20,19,5
Sead Kolašinac,Bosnia-Herzegovina,DF,,32-356,1.83,23/24,Muscular Problems,2024-04-11,2024-04-15,5,1
Sead Kolašinac,Bosnia-Herzegovina,DF,,32-356,1.83,23/24,Muscular Problems,2024-01-07,2024-01-09,3,-
Sead Kolašinac,Bosnia-Herzegovina,DF,,32-356,1.83,23/24,Ankle Sprain,2023-12-09,2023-12-17,9,2
Sead Kolašinac,Bosnia-Herzegovina,DF,,32-356,1.83,23/24,Muscular Problems,2023-11-13,2023-11-23,11,2
Sead Kolašinac,Bosnia-Herzegovina,DF,,32-356,1.83,22/23,Adductor Pain,2023-03-13,2023-03-30,18,3
Jovo Lukić,Bosnia-Herzegovina,FW,,27-195,1.9,25/26,Muscular Problems,2026-04-26,2026-05-08,13,1
Jovo Lukić,Bosnia-Herzegovina,FW,,27-195,1.9,25/26,Muscular Problems,2026-01-09,2026-02-05,28,4
Jovo Lukić,Bosnia-Herzegovina,FW,,27-195,1.9,20/21,Shoulder Injury,2021-02-22,2021-07-24,153,22
Ermin Mahmić,Bosnia-Herzegovina,MF,,21-089,1.82,-,Ninguna,,,0,0
Amar Memić,Bosnia-Herzegovina,MF,,25-142,1.76,-,Ninguna,,,0,0
Tarik Muharemovic,Bosnia-Herzegovina,DF,,23-103,1.92,25/26,Unknown Injury,2025-10-16,2025-10-27,12,2
Tarik Muharemovic,Bosnia-Herzegovina,DF,,23-103,1.92,22/23,Shoulder Injury,2023-05-07,2023-06-01,26,-
Tarik Muharemovic,Bosnia-Herzegovina,DF,,23-103,1.92,22/23,Shin Bruise,2022-12-15,2023-02-28,76,13
Tarik Muharemovic,Bosnia-Herzegovina,DF,,23-103,1.92,22/23,Hamstring Injury,2022-07-24,2022-09-08,47,1
Tarik Muharemovic,Bosnia-Herzegovina,DF,,23-103,1.92,21/22,Broken Tibia,2021-10-10,2022-01-27,110,22
Nihad Mujakić,Bosnia-Herzegovina,DF,,28-057,1.89,25/26,Unknown Injury,2026-05-01,2026-05-12,12,1
Nihad Mujakić,Bosnia-Herzegovina,DF,,28-057,1.89,25/26,Unknown Injury,2026-03-11,2026-03-14,4,1
Nihad Mujakić,Bosnia-Herzegovina,DF,,28-057,1.89,25/26,Unknown Injury,2026-02-09,2026-02-19,11,1
Nihad Mujakić,Bosnia-Herzegovina,DF,,28-057,1.89,24/25,Muscle Injury,2025-01-19,2025-02-17,30,3
Nihad Mujakić,Bosnia-Herzegovina,DF,,28-057,1.89,23/24,Unknown Injury,2023-10-11,2023-10-25,15,1
Nihad Mujakić,Bosnia-Herzegovina,DF,,28-057,1.89,22/23,Unknown Injury,2023-01-14,2023-01-19,6,1
Nihad Mujakić,Bosnia-Herzegovina,DF,,28-057,1.89,19/20,Muscle Injury,2020-06-17,2020-07-17,31,5
Nihad Mujakić,Bosnia-Herzegovina,DF,,28-057,1.89,18/19,Rest,2018-07-20,2018-07-23,4,1
Stjepan Radeljić,Bosnia-Herzegovina,DF,,28-279,2.01,24/25,Inner Ligament Stretch Of The Knee,2024-12-23,2025-02-12,52,3
Stjepan Radeljić,Bosnia-Herzegovina,DF,,28-279,2.01,22/23,Unknown Injury,2022-08-05,2022-08-26,22,3
Stjepan Radeljić,Bosnia-Herzegovina,DF,,28-279,2.01,16/17,Ankle Injury,2016-09-12,2016-09-19,8,1
Ivan Šunjić,Bosnia-Herzegovina,MF,,29-245,1.83,25/26,Muscle Injury,2026-05-20,2026-06-09,21,3
Haris Tabaković,Bosnia-Herzegovina,FW,,31-356,1.96,25/26,Metatarsal Fracture,2026-05-17,2026-06-08,23,2
Haris Tabaković,Bosnia-Herzegovina,FW,,31-356,1.96,25/26,Muscular Problems,2026-05-06,2026-05-14,9,1
Haris Tabaković,Bosnia-Herzegovina,FW,,31-356,1.96,25/26,Stomach Flu,2025-08-30,2025-09-02,4,1
Haris Tabaković,Bosnia-Herzegovina,FW,,31-356,1.96,24/25,Inflammation In The Knee,2025-01-23,2025-02-15,24,5
Haris Tabaković,Bosnia-Herzegovina,FW,,31-356,1.96,24/25,Adductor Pain,2024-11-16,2024-11-22,7,2
Haris Tabaković,Bosnia-Herzegovina,FW,,31-356,1.96,23/24,Knee Problems,2024-02-09,2024-02-14,6,1
Haris Tabaković,Bosnia-Herzegovina,FW,,31-356,1.96,22/23,Unknown Injury,2022-07-05,2022-07-21,17,1
Haris Tabaković,Bosnia-Herzegovina,FW,,31-356,1.96,21/22,Hamstring Injury,2022-04-09,2022-05-07,29,5
Haris Tabaković,Bosnia-Herzegovina,FW,,31-356,1.96,21/22,Knee Problems,2021-08-05,2021-08-19,15,2
Haris Tabaković,Bosnia-Herzegovina,FW,,31-356,1.96,20/21,Torn Ligaments,2021-03-21,2021-04-15,26,4
Haris Tabaković,Bosnia-Herzegovina,FW,,31-356,1.96,18/19,Knee Injury,2018-07-10,2019-05-01,296,39
Haris Tabaković,Bosnia-Herzegovina,FW,,31-356,1.96,16/17,Unknown Injury,2016-12-08,2016-12-31,24,1
Haris Tabaković,Bosnia-Herzegovina,FW,,31-356,1.96,16/17,Unknown Injury,2016-08-06,2016-08-10,5,1
Haris Tabaković,Bosnia-Herzegovina,FW,,31-356,1.96,15/16,Ill,2015-10-02,2015-10-05,4,1
Haris Tabaković,Bosnia-Herzegovina,FW,,31-356,1.96,14/15,Meniscus Injury,2014-09-13,2015-05-05,235,24
Benjamin Tahirovic,Bosnia-Herzegovina,MF,,23-100,1.91,25/26,Ill,2026-04-06,2026-04-08,3,1
Benjamin Tahirovic,Bosnia-Herzegovina,MF,,23-100,1.91,24/25,Concussion,2024-11-30,2024-12-08,9,2
Nikola Vasilj,Bosnia-Herzegovina,GK,,30-191,1.93,22/23,Broken Finger,2022-07-13,2022-08-29,48,7
Nikola Vasilj,Bosnia-Herzegovina,GK,,30-191,1.93,21/22,Unknown Injury,2022-05-01,2022-05-06,6,-
Martin Zlomislić,Bosnia-Herzegovina,GK,,27-299,1.89,-,Ninguna,,,0,0
Alisson,Brazil,GK,,33-252,1.93,25/26,Hamstring Injury,2026-03-20,2026-05-20,62,12
Alisson,Brazil,GK,,33-252,1.93,25/26,Unknown Injury,2026-03-09,2026-03-14,6,1
Alisson,Brazil,GK,,33-252,1.93,25/26,Ill,2025-11-24,2025-11-27,4,1
Alisson,Brazil,GK,,33-252,1.93,25/26,Hamstring Injury,2025-10-01,2025-11-19,50,12
Alisson,Brazil,GK,,33-252,1.93,24/25,Concussion,2025-03-21,2025-04-07,18,3
Alisson,Brazil,GK,,33-252,1.93,24/25,Hamstring Injury,2024-10-18,2024-12-19,63,14
Alisson,Brazil,GK,,33-252,1.93,24/25,Hamstring Injury,2024-10-05,2024-11-10,37,9
Alisson,Brazil,GK,,33-252,1.93,24/25,Thigh Problems,2024-09-18,2024-09-26,9,2
Alisson,Brazil,GK,,33-252,1.93,23/24,Hamstring Injury,2024-02-16,2024-04-12,57,15
Alisson,Brazil,GK,,33-252,1.93,23/24,Virus,2024-02-08,2024-02-12,5,1
Alisson,Brazil,GK,,33-252,1.93,23/24,Muscular Problems,2023-11-26,2023-12-08,13,3
Alisson,Brazil,GK,,33-252,1.93,21/22,Corona Virus,2022-01-01,2022-01-08,8,1
Alisson,Brazil,GK,,33-252,1.93,20/21,Ill,2021-02-01,2021-02-05,5,1
Alisson,Brazil,GK,,33-252,1.93,20/21,Hip Injury,2020-11-29,2020-12-12,14,3
Alisson,Brazil,GK,,33-252,1.93,20/21,Shoulder Injury,2020-10-03,2020-10-23,21,5
Gleison Bremer,Brazil,DF,,29-085,1.88,25/26,Muscular Problems,2026-02-18,2026-02-24,7,1
Gleison Bremer,Brazil,DF,,29-085,1.88,25/26,Meniscus Injury,2025-10-13,2025-12-09,58,15
Gleison Bremer,Brazil,DF,,29-085,1.88,25/26,Muscular Problems,2025-09-28,2025-10-07,10,2
Gleison Bremer,Brazil,DF,,29-085,1.88,24/25,Cruciate Ligament Tear,2024-10-03,2025-06-25,266,53
Gleison Bremer,Brazil,DF,,29-085,1.88,22/23,Muscle Injury,2023-05-28,2023-07-01,35,3
Gleison Bremer,Brazil,DF,,29-085,1.88,22/23,Muscle Fatigue,2023-05-10,2023-05-13,4,1
Gleison Bremer,Brazil,DF,,29-085,1.88,22/23,Thigh Problems,2023-04-20,2023-04-22,3,-
Gleison Bremer,Brazil,DF,,29-085,1.88,22/23,Unknown Injury,2023-03-13,2023-03-15,3,-
Gleison Bremer,Brazil,DF,,29-085,1.88,22/23,Muscle Fatigue,2023-01-06,2023-01-11,6,1
Gleison Bremer,Brazil,DF,,29-085,1.88,22/23,Hamstring Muscle Injury,2022-10-17,2022-11-05,20,4
Gleison Bremer,Brazil,DF,,29-085,1.88,21/22,Ankle Problems,2022-05-16,2022-05-30,15,1
Gleison Bremer,Brazil,DF,,29-085,1.88,21/22,Ankle Injury,2021-08-26,2021-09-09,15,1
Gleison Bremer,Brazil,DF,,29-085,1.88,20/21,Corona Virus,2021-02-22,2021-03-15,22,1
Casemiro,Brazil,MF,,34-108,1.85,25/26,Unknown Injury,2026-05-06,2026-05-12,7,1
Casemiro,Brazil,MF,,34-108,1.85,23/24,Knock,2023-10-13,2024-01-04,84,18
Casemiro,Brazil,MF,,34-108,1.85,21/22,Muscular Problems,2022-04-19,2022-04-25,7,1
Casemiro,Brazil,MF,,34-108,1.85,21/22,Stomach Flu,2022-02-05,2022-02-11,7,1
Casemiro,Brazil,MF,,34-108,1.85,21/22,Infection,2021-10-04,2021-10-16,13,3
Casemiro,Brazil,MF,,34-108,1.85,20/21,Corona Virus,2020-11-07,2020-11-22,16,4
Casemiro,Brazil,MF,,34-108,1.85,18/19,Ankle Sprain,2018-11-12,2018-12-17,36,9
Casemiro,Brazil,MF,,34-108,1.85,17/18,Stomach Problems,2018-02-26,2018-02-28,3,1
Casemiro,Brazil,MF,,34-108,1.85,16/17,Fracture Of Fibula Shaft,2016-09-19,2016-11-25,68,17
Casemiro,Brazil,MF,,34-108,1.85,15/16,Muscular Problems,2016-05-02,2016-05-08,7,1
Casemiro,Brazil,MF,,34-108,1.85,15/16,Minor Knock,2016-04-14,2016-04-18,5,1
Casemiro,Brazil,MF,,34-108,1.85,14/15,Ankle Sprain,2014-09-25,2014-10-16,22,4
Matheus Cunha,Brazil,"FW,MF",,27-015,1.83,25/26,Hip Flexor Problems,2026-04-19,2026-04-30,12,1
Matheus Cunha,Brazil,"FW,MF",,27-015,1.83,25/26,Knock,2025-11-21,2025-12-04,14,2
Matheus Cunha,Brazil,"FW,MF",,27-015,1.83,25/26,Hamstring Injury,2025-08-30,2025-09-18,20,3
Matheus Cunha,Brazil,"FW,MF",,27-015,1.83,23/24,Calf Injury,2024-04-14,2024-04-22,9,1
Matheus Cunha,Brazil,"FW,MF",,27-015,1.83,23/24,Hamstring Injury,2024-02-11,2024-03-30,49,8
Matheus Cunha,Brazil,"FW,MF",,27-015,1.83,22/23,Ankle Injury,2023-02-25,2023-03-03,7,1
Matheus Cunha,Brazil,"FW,MF",,27-015,1.83,22/23,Muscle Injury,2022-09-02,2022-09-09,8,2
Matheus Cunha,Brazil,"FW,MF",,27-015,1.83,21/22,Knee Injury,2022-02-17,2022-03-31,43,9
Matheus Cunha,Brazil,"FW,MF",,27-015,1.83,21/22,Muscle Injury,2021-10-01,2021-10-18,18,4
Matheus Cunha,Brazil,"FW,MF",,27-015,1.83,20/21,Ankle Injury,2021-05-10,2021-06-13,35,6
Matheus Cunha,Brazil,"FW,MF",,27-015,1.83,20/21,Hamstring Injury,2021-02-28,2021-03-15,16,2
Matheus Cunha,Brazil,"FW,MF",,27-015,1.83,20/21,Groin Problems,2021-01-09,2021-01-14,6,1
Matheus Cunha,Brazil,"FW,MF",,27-015,1.83,19/20,Concussion,2020-05-28,2020-06-10,14,2
Matheus Cunha,Brazil,"FW,MF",,27-015,1.83,19/20,Quarantine,2020-03-17,2020-03-31,15,-
Matheus Cunha,Brazil,"FW,MF",,27-015,1.83,19/20,Ill,2020-01-19,2020-01-22,4,1
Danilo,Brazil,"DF,MF",,34-331,1.84,25/26,Knee Problems,2026-01-10,2026-01-31,22,6
Danilo,Brazil,"DF,MF",,34-331,1.84,25/26,Hamstring Injury,2025-07-21,2025-08-16,27,7
Danilo,Brazil,"DF,MF",,34-331,1.84,24/25,Hamstring Injury,2025-02-23,2025-04-12,49,10
Danilo,Brazil,"DF,MF",,34-331,1.84,24/25,Ankle Sprain,2024-12-20,2024-12-28,9,1
Danilo,Brazil,"DF,MF",,34-331,1.84,23/24,Hamstring Muscle Injury,2024-05-05,2024-05-13,9,1
Danilo,Brazil,"DF,MF",,34-331,1.84,23/24,Ankle Injury,2024-02-18,2024-03-02,14,1
Danilo,Brazil,"DF,MF",,34-331,1.84,23/24,Unknown Injury,2023-10-31,2023-12-01,32,5
Danilo,Brazil,"DF,MF",,34-331,1.84,23/24,Torn Muscle Bundle,2023-10-13,2023-10-30,18,3
Danilo,Brazil,"DF,MF",,34-331,1.84,22/23,Ankle Injury,2022-11-24,2022-12-04,11,2
Danilo,Brazil,"DF,MF",,34-331,1.84,21/22,Muscular Problems,2022-05-11,2022-05-23,13,2
Danilo,Brazil,"DF,MF",,34-331,1.84,21/22,Rest,2022-05-05,2022-05-09,5,1
Danilo,Brazil,"DF,MF",,34-331,1.84,21/22,Adductor Pain,2022-01-15,2022-01-17,3,1
Danilo,Brazil,"DF,MF",,34-331,1.84,21/22,Adductor Injury,2021-11-20,2022-01-10,52,10
Danilo,Brazil,"DF,MF",,34-331,1.84,19/20,Hamstring Strain,2020-01-23,2020-02-09,18,3
Danilo,Brazil,"DF,MF",,34-331,1.84,19/20,Hamstring Muscle Injury,2019-09-25,2019-10-15,21,5
Ederson,Brazil,GK,,32-298,1.88,25/26,Hamstring Strain,2026-03-01,2026-03-06,6,1
Ederson,Brazil,GK,,32-298,1.88,25/26,Hamstring Strain,2026-02-23,2026-02-28,6,1
Ederson,Brazil,GK,,32-298,1.88,25/26,Muscular Problems,2025-10-04,2025-10-21,18,4
Ederson,Brazil,GK,,32-298,1.88,25/26,Ill,2025-08-15,2025-08-23,9,1
Ederson,Brazil,GK,,32-298,1.88,24/25,Hip Problems,2025-04-13,2025-04-25,13,2
Ederson,Brazil,GK,,32-298,1.88,24/25,Abdominal Problems,2025-03-14,2025-03-30,17,3
Ederson,Brazil,GK,,32-298,1.88,24/25,Unknown Injury,2025-02-01,2025-02-10,10,2
Ederson,Brazil,GK,,32-298,1.88,24/25,Unknown Injury,2024-12-20,2025-01-10,22,4
Ederson,Brazil,GK,,32-298,1.88,23/24,Eyebow Fracture,2024-05-14,2024-07-28,76,8
Ederson,Brazil,GK,,32-298,1.88,23/24,Muscle Injury,2024-03-10,2024-04-05,27,5
Ederson,Brazil,GK,,32-298,1.88,23/24,Knee Injury,2024-01-13,2024-01-20,8,-
Ederson,Brazil,GK,,32-298,1.88,20/21,Virus,2020-12-27,2021-01-12,17,2
Ederson,Brazil,GK,,32-298,1.88,19/20,Ill,2019-12-30,2020-01-07,9,2
Ederson,Brazil,GK,,32-298,1.88,19/20,Ill,2019-12-08,2019-12-14,7,1
Ederson,Brazil,GK,,32-298,1.88,19/20,Muscular Problems,2019-11-06,2019-11-22,17,3
Éderson,Brazil,MF,,26-339,1.88,25/26,Hamstring Strain,2026-03-01,2026-03-06,6,1
Éderson,Brazil,MF,,26-339,1.88,25/26,Hamstring Strain,2026-02-23,2026-02-28,6,1
Éderson,Brazil,MF,,26-339,1.88,25/26,Muscular Problems,2025-10-04,2025-10-21,18,4
Éderson,Brazil,MF,,26-339,1.88,25/26,Ill,2025-08-15,2025-08-23,9,1
Éderson,Brazil,MF,,26-339,1.88,24/25,Hip Problems,2025-04-13,2025-04-25,13,2
Éderson,Brazil,MF,,26-339,1.88,24/25,Abdominal Problems,2025-03-14,2025-03-30,17,3
Éderson,Brazil,MF,,26-339,1.88,24/25,Unknown Injury,2025-02-01,2025-02-10,10,2
Éderson,Brazil,MF,,26-339,1.88,24/25,Unknown Injury,2024-12-20,2025-01-10,22,4
Éderson,Brazil,MF,,26-339,1.88,23/24,Eyebow Fracture,2024-05-14,2024-07-28,76,8
Éderson,Brazil,MF,,26-339,1.88,23/24,Muscle Injury,2024-03-10,2024-04-05,27,5
Éderson,Brazil,MF,,26-339,1.88,23/24,Knee Injury,2024-01-13,2024-01-20,8,-
Éderson,Brazil,MF,,26-339,1.88,20/21,Virus,2020-12-27,2021-01-12,17,2
Éderson,Brazil,MF,,26-339,1.88,19/20,Ill,2019-12-30,2020-01-07,9,2
Éderson,Brazil,MF,,26-339,1.88,19/20,Ill,2019-12-08,2019-12-14,7,1
Éderson,Brazil,MF,,26-339,1.88,19/20,Muscular Problems,2019-11-06,2019-11-22,17,3
Endrick,Brazil,FW,,19-325,1.72,25/26,Thigh Problems,2025-08-18,2025-09-14,28,6
Endrick,Brazil,FW,,19-325,1.72,24/25,Hamstring Injury,2025-05-21,2025-07-21,62,9
Fabinho,Brazil,"DF,MF",,32-231,1.88,23/24,Fitness,2024-05-01,2024-05-25,25,4
Fabinho,Brazil,"DF,MF",,32-231,1.88,23/24,Unknown Injury,2024-03-03,2024-05-01,60,12
Fabinho,Brazil,"DF,MF",,32-231,1.88,21/22,Thigh Problems,2022-05-12,2022-05-25,14,3
Fabinho,Brazil,"DF,MF",,32-231,1.88,21/22,Corona Virus,2021-12-15,2021-12-22,8,2
Fabinho,Brazil,"DF,MF",,32-231,1.88,21/22,Knee Problems,2021-10-23,2021-11-02,11,3
Fabinho,Brazil,"DF,MF",,32-231,1.88,20/21,Muscle Injury,2021-02-11,2021-03-01,19,4
Fabinho,Brazil,"DF,MF",,32-231,1.88,20/21,Muscular Problems,2021-01-26,2021-02-06,12,3
Fabinho,Brazil,"DF,MF",,32-231,1.88,20/21,Hamstring Injury,2020-10-27,2020-11-21,26,5
Fabinho,Brazil,"DF,MF",,32-231,1.88,19/20,Ankle Injury,2019-11-28,2020-01-18,52,13
Fabinho,Brazil,"DF,MF",,32-231,1.88,18/19,Head Injury,2019-04-22,2019-05-03,12,1
Fabinho,Brazil,"DF,MF",,32-231,1.88,18/19,Hamstring Injury,2019-01-20,2019-01-29,10,-
Fabinho,Brazil,"DF,MF",,32-231,1.88,18/19,Ill,2018-08-09,2018-08-11,3,-
Bruno Guimarães,Brazil,MF,,28-207,1.82,25/26,Hamstring Injury,2026-02-13,2026-04-16,63,14
Bruno Guimarães,Brazil,MF,,28-207,1.82,22/23,Ankle Injury,2023-02-01,2023-02-20,20,3
Bruno Guimarães,Brazil,MF,,28-207,1.82,22/23,Hamstring Injury,2022-08-25,2022-09-16,23,3
Bruno Guimarães,Brazil,MF,,28-207,1.82,20/21,Corona Virus,2021-01-01,2021-01-11,11,2
Luiz Henrique,Brazil,"FW,MF",,25-160,1.82,25/26,Unknown Injury,2025-07-26,2025-08-05,11,3
Luiz Henrique,Brazil,"FW,MF",,25-160,1.82,23/24,Calf Injury,2024-02-16,2024-03-30,44,10
Luiz Henrique,Brazil,"FW,MF",,25-160,1.82,23/24,Unknown Injury,2023-09-26,2023-10-16,21,4
Roger Ibanez,Brazil,DF,,27-200,1.86,22/23,Heel Injury,2023-03-05,2023-03-10,6,1
Roger Ibanez,Brazil,DF,,27-200,1.86,22/23,Unknown Injury,2022-10-27,2022-10-30,4,1
Roger Ibanez,Brazil,DF,,27-200,1.86,21/22,Collateral Ligament Injury,2022-02-08,2022-02-26,19,2
Roger Ibanez,Brazil,DF,,27-200,1.86,20/21,Muscular Problems,2021-02-18,2021-03-10,21,5
Roger Ibanez,Brazil,DF,,27-200,1.86,20/21,Muscular Problems,2020-11-22,2020-11-28,7,1
Roger Ibanez,Brazil,DF,,27-200,1.86,19/20,Adductor Pain,2020-07-20,2020-07-27,8,2
Vinicius Júnior,Brazil,FW,,25-334,1.76,24/25,Ankle Sprain,2025-05-12,2025-05-23,12,2
Vinicius Júnior,Brazil,FW,,25-334,1.76,24/25,Muscle Injury,2024-11-25,2024-12-08,14,4
Vinicius Júnior,Brazil,FW,,25-334,1.76,24/25,Cervical Spine Injury,2024-10-06,2024-10-16,11,1
Vinicius Júnior,Brazil,FW,,25-334,1.76,23/24,Torn Thigh Muscle,2023-11-18,2024-01-01,45,8
Vinicius Júnior,Brazil,FW,,25-334,1.76,23/24,Hamstring Muscle Injury,2023-08-26,2023-09-26,32,6
Vinicius Júnior,Brazil,FW,,25-334,1.76,22/23,Knee Problems,2023-05-24,2023-05-27,4,1
Vinicius Júnior,Brazil,FW,,25-334,1.76,22/23,Muscle Strain,2023-04-13,2023-04-16,4,1
Vinicius Júnior,Brazil,FW,,25-334,1.76,21/22,Corona Virus,2021-12-29,2022-01-07,10,2
Vinicius Júnior,Brazil,FW,,25-334,1.76,20/21,Intestinal Virus,2020-12-19,2020-12-22,4,1
Vinicius Júnior,Brazil,FW,,25-334,1.76,18/19,Torn Lateral Knee Ligament,2019-03-06,2019-05-03,59,9
Gabriel Magalhães,Brazil,DF,,28-174,1.9,25/26,Knee Injury,2026-03-22,2026-04-01,11,2
Gabriel Magalhães,Brazil,DF,,28-174,1.9,25/26,Hamstring Injury,2025-11-16,2025-12-27,42,10
Gabriel Magalhães,Brazil,DF,,28-174,1.9,24/25,Hamstring Injury,2025-04-02,2025-07-14,104,14
Gabriel Magalhães,Brazil,DF,,28-174,1.9,24/25,Knee Injury,2024-12-01,2024-12-13,13,3
Gabriel Magalhães,Brazil,DF,,28-174,1.9,24/25,Knee Injury,2024-10-27,2024-11-01,6,1
Gabriel Magalhães,Brazil,DF,,28-174,1.9,21/22,Knee Injury,2021-07-06,2021-08-25,51,2
Gabriel Magalhães,Brazil,DF,,28-174,1.9,20/21,Corona Virus,2020-12-26,2021-01-13,19,4
Gabriel Magalhães,Brazil,DF,,28-174,1.9,20/21,Ill,2020-08-01,2020-08-31,31,2
Gabriel Magalhães,Brazil,DF,,28-174,1.9,19/20,Foot Injury,2019-08-01,2019-08-25,25,2
Marquinhos,Brazil,DF,,32-028,1.83,25/26,Dead Leg,2025-09-26,2025-10-17,22,5
Marquinhos,Brazil,DF,,32-028,1.83,24/25,Adductor Injury,2025-01-05,2025-01-26,22,4
Marquinhos,Brazil,DF,,32-028,1.83,23/24,Achilles Tendon Contusion,2024-02-18,2024-04-04,47,8
Marquinhos,Brazil,DF,,32-028,1.83,23/24,Hamstring Injury,2023-11-23,2023-12-03,11,2
Marquinhos,Brazil,DF,,32-028,1.83,23/24,Adductor Pain,2023-10-28,2023-11-01,5,1
Marquinhos,Brazil,DF,,32-028,1.83,22/23,Dead Leg,2023-02-15,2023-02-22,8,1
Marquinhos,Brazil,DF,,32-028,1.83,22/23,Rest,2022-11-12,2022-11-14,3,1
Marquinhos,Brazil,DF,,32-028,1.83,21/22,Fitness,2021-07-12,2021-08-16,36,3
Marquinhos,Brazil,DF,,32-028,1.83,20/21,Adductor Pain,2021-04-08,2021-04-25,18,5
Marquinhos,Brazil,DF,,32-028,1.83,20/21,Adductor Pain,2021-01-23,2021-02-05,14,2
Marquinhos,Brazil,DF,,32-028,1.83,20/21,Hip Problems,2020-12-10,2020-12-17,8,2
Marquinhos,Brazil,DF,,32-028,1.83,20/21,Adductor Pain,2020-11-25,2020-12-01,7,1
Marquinhos,Brazil,DF,,32-028,1.83,20/21,Adductor Pain,2020-10-14,2020-10-18,5,1
Marquinhos,Brazil,DF,,32-028,1.83,20/21,Corona Virus,2020-09-02,2020-09-16,15,2
Marquinhos,Brazil,DF,,32-028,1.83,19/20,Hamstring Strain,2020-01-23,2020-02-13,22,6
Gabriel Martinelli,Brazil,"FW,MF",,24-358,1.78,25/26,Groin Problems,2025-10-27,2025-11-21,26,6
Gabriel Martinelli,Brazil,"FW,MF",,24-358,1.78,24/25,Hamstring Injury,2025-02-06,2025-03-07,30,4
Gabriel Martinelli,Brazil,"FW,MF",,24-358,1.78,23/24,Foot Injury,2024-03-05,2024-03-29,25,4
Gabriel Martinelli,Brazil,"FW,MF",,24-358,1.78,23/24,Hamstring Injury,2023-09-17,2023-10-07,21,5
Gabriel Martinelli,Brazil,"FW,MF",,24-358,1.78,22/23,Ankle Injury,2023-05-14,2023-06-01,19,2
Gabriel Martinelli,Brazil,"FW,MF",,24-358,1.78,21/22,Ill,2022-03-18,2022-03-21,4,1
Gabriel Martinelli,Brazil,"FW,MF",,24-358,1.78,20/21,Ankle Injury,2021-01-09,2021-01-17,9,2
Gabriel Martinelli,Brazil,"FW,MF",,24-358,1.78,19/20,Knee Injury,2020-06-21,2020-12-18,181,35
Gabriel Martinelli,Brazil,"FW,MF",,24-358,1.78,19/20,Knock,2020-02-20,2020-02-25,6,1
Gabriel Martinelli,Brazil,"FW,MF",,24-358,1.78,19/20,Hamstring Injury,2019-12-23,2020-01-06,15,3
Neymar,Brazil,"FW,MF",,34-126,1.75,25/26,Calf Injury,2026-05-18,,29,7
Neymar,Brazil,"FW,MF",,34-126,1.75,25/26,Rest,2026-04-24,2026-05-03,10,2
Neymar,Brazil,"FW,MF",,34-126,1.75,25/26,Knee Surgery,2025-12-15,2026-02-14,62,10
Neymar,Brazil,"FW,MF",,34-126,1.75,25/26,Meniscus Injury,2025-11-21,2025-11-27,7,1
Neymar,Brazil,"FW,MF",,34-126,1.75,25/26,Hamstring Injury,2025-09-19,2025-10-31,43,9
Neymar,Brazil,"FW,MF",,34-126,1.75,24/25,Hamstring Injury,2025-04-17,2025-05-21,35,6
Neymar,Brazil,"FW,MF",,34-126,1.75,24/25,Hamstring Injury,2025-03-04,2025-04-12,40,4
Neymar,Brazil,"FW,MF",,34-126,1.75,24/25,Fitness,2024-12-17,2025-02-03,49,6
Neymar,Brazil,"FW,MF",,34-126,1.75,24/25,Hamstring Injury,2024-11-05,2024-12-16,42,8
Neymar,Brazil,"FW,MF",,34-126,1.75,24/25,Fitness,2024-09-23,2024-10-19,27,7
Neymar,Brazil,"FW,MF",,34-126,1.75,23/24,Cruciate Ligament Tear,2023-10-19,2024-09-22,340,60
Neymar,Brazil,"FW,MF",,34-126,1.75,23/24,Muscular Problems,2023-08-04,2023-09-03,31,5
Neymar,Brazil,"FW,MF",,34-126,1.75,22/23,Ankle Surgery,2023-02-20,2023-06-30,131,18
Neymar,Brazil,"FW,MF",,34-126,1.75,22/23,Ankle Injury,2022-11-25,2022-12-04,10,2
Neymar,Brazil,"FW,MF",,34-126,1.75,21/22,Ankle Injury,2021-11-29,2022-02-13,77,15
Lucas Paquetá,Brazil,MF,,28-288,1.83,25/26,Hamstring Injury,2026-04-20,2026-05-16,27,7
Lucas Paquetá,Brazil,MF,,28-288,1.83,24/25,Ankle Injury,2025-02-21,2025-03-10,18,2
Lucas Paquetá,Brazil,MF,,28-288,1.83,24/25,Hip Injury,2025-01-30,2025-02-14,16,1
Lucas Paquetá,Brazil,MF,,28-288,1.83,23/24,Calf Injury,2024-01-07,2024-02-21,46,6
Lucas Paquetá,Brazil,MF,,28-288,1.83,22/23,Foot Injury,2023-04-07,2023-04-13,7,1
Lucas Paquetá,Brazil,MF,,28-288,1.83,22/23,Shoulder Injury,2023-02-11,2023-02-21,11,1
Lucas Paquetá,Brazil,MF,,28-288,1.83,22/23,Shoulder Injury,2022-10-17,2022-11-05,20,5
Lucas Paquetá,Brazil,MF,,28-288,1.83,19/20,Thigh Problems,2019-09-22,2019-09-28,7,1
Lucas Paquetá,Brazil,MF,,28-288,1.83,18/19,Ankle Sprain,2019-04-02,2019-04-17,16,2
Léo Pereira,Brazil,DF,,30-131,1.89,25/26,Cut,2026-04-27,2026-05-02,6,1
Léo Pereira,Brazil,DF,,30-131,1.89,24/25,Thigh Problems,2024-12-02,2024-12-07,6,1
Léo Pereira,Brazil,DF,,30-131,1.89,24/25,Knee Problems,2024-08-29,2024-09-11,14,1
Léo Pereira,Brazil,DF,,30-131,1.89,22/23,Hamstring Injury,2024-05-19,2024-05-29,11,2
Léo Pereira,Brazil,DF,,30-131,1.89,23/24,Bruised Ribs,2023-10-26,2023-10-31,6,-
Léo Pereira,Brazil,DF,,30-131,1.89,23/24,Hamstring Injury,2020-02-12,2020-02-22,11,2
Raphinha,Brazil,MF,,29-179,1.76,25/26,Hamstring Injury,2026-03-28,2026-04-30,34,7
Raphinha,Brazil,MF,,29-179,1.76,25/26,Hamstring Strain,2026-02-02,2026-02-14,13,3
Raphinha,Brazil,MF,,29-179,1.76,25/26,Dead Leg,2026-01-15,2026-01-21,7,1
Raphinha,Brazil,MF,,29-179,1.76,25/26,Hamstring Injury,2025-09-26,2025-11-22,58,13
Raphinha,Brazil,MF,,29-179,1.76,23/24,Knock,2024-03-08,2024-03-10,3,-
Raphinha,Brazil,MF,,29-179,1.76,23/24,Muscle Injury,2024-01-12,2024-02-10,30,7
Raphinha,Brazil,MF,,29-179,1.76,23/24,Muscle Injury,2023-09-30,2023-10-27,28,6
Raphinha,Brazil,MF,,29-179,1.76,21/22,Corona Virus,2022-03-17,2022-03-31,15,3
Raphinha,Brazil,MF,,29-179,1.76,21/22,Ill,2021-11-19,2021-11-22,4,1
Raphinha,Brazil,MF,,29-179,1.76,20/21,Hamstring Injury,2021-04-12,2021-05-03,22,3
Raphinha,Brazil,MF,,29-179,1.76,20/21,Ankle Injury,2020-10-26,2020-11-06,12,1
Raphinha,Brazil,MF,,29-179,1.76,19/20,Back Injury,2020-02-05,2020-02-07,3,-
Raphinha,Brazil,MF,,29-179,1.76,19/20,Ill,2019-10-14,2019-10-21,8,1
Raphinha,Brazil,MF,,29-179,1.76,18/19,Unknown Injury,2019-04-04,2019-04-10,7,1
Raphinha,Brazil,MF,,29-179,1.76,18/19,Unknown Injury,2018-10-16,2018-12-18,64,13
Rayan,Brazil,MF,,19-312,1.77,25/26,Thigh Problems,2025-08-30,2025-10-03,35,9
Rayan,Brazil,MF,,19-312,1.77,23/24,Muscle Injury,2024-04-01,2024-04-02,2,-
Rayan,Brazil,MF,,19-312,1.77,21/22,Metatarsal Fracture,2022-02-09,2022-05-09,90,19
Alex Sandro,Brazil,"DF,MF",,35-136,1.8,25/26,Thigh Problems,2026-03-23,2026-04-11,20,5
Alex Sandro,Brazil,"DF,MF",,35-136,1.8,25/26,Calf Injury,2025-08-26,2025-09-20,26,5
Alex Sandro,Brazil,"DF,MF",,35-136,1.8,25/26,Hamstring Injury,2025-07-13,2025-07-30,18,4
Alex Sandro,Brazil,"DF,MF",,35-136,1.8,24/25,Hamstring Injury,2025-04-17,2025-05-03,17,4
Alex Sandro,Brazil,"DF,MF",,35-136,1.8,24/25,Hamstring Injury,2025-02-09,2025-03-07,27,4
Alex Sandro,Brazil,"DF,MF",,35-136,1.8,24/25,Calf Problems,2024-12-02,2024-12-07,6,1
Alex Sandro,Brazil,"DF,MF",,35-136,1.8,24/25,Muscular Problems,2024-10-21,2024-11-02,13,2
Alex Sandro,Brazil,"DF,MF",,35-136,1.8,24/25,Hamstring Injury,2024-10-03,2024-10-16,14,2
Alex Sandro,Brazil,"DF,MF",,35-136,1.8,24/25,Fitness,2024-08-24,2024-09-14,22,6
Alex Sandro,Brazil,"DF,MF",,35-136,1.8,23/24,Leg Injury,2024-05-03,2024-05-13,11,-
Alex Sandro,Brazil,"DF,MF",,35-136,1.8,23/24,Muscle Fatigue,2024-03-30,2024-04-02,4,-
Alex Sandro,Brazil,"DF,MF",,35-136,1.8,23/24,Unknown Injury,2023-12-28,2024-01-08,12,-
Alex Sandro,Brazil,"DF,MF",,35-136,1.8,23/24,Hamstring Muscle Injury,2023-09-18,2023-11-22,66,3
Alex Sandro,Brazil,"DF,MF",,35-136,1.8,22/23,Muscle Fatigue,2023-04-12,2023-04-17,6,2
Alex Sandro,Brazil,"DF,MF",,35-136,1.8,22/23,Hamstring Muscle Injury,2023-03-09,2023-03-29,21,4
Danilo Santos,Brazil,MF,,25-043,1.77,25/26,Hamstring Injury,2026-02-16,2026-02-24,9,2
Danilo Santos,Brazil,MF,,25-043,1.77,25/26,Hamstring Injury,2025-11-23,2026-01-20,59,5
Danilo Santos,Brazil,MF,,25-043,1.77,25/26,Hamstring Injury,2025-09-18,2025-10-25,38,7
Danilo Santos,Brazil,MF,,25-043,1.77,25/26,Fitness,2025-07-19,2025-08-02,15,3
Danilo Santos,Brazil,MF,,25-043,1.77,24/25,Fitness,2025-01-01,2025-01-10,10,1
Danilo Santos,Brazil,MF,,25-043,1.77,24/25,Broken Ankle,2024-08-17,2025-01-10,147,20
Danilo Santos,Brazil,MF,,25-043,1.77,23/24,Unknown Injury,2023-09-02,2023-11-04,64,6
Danilo Santos,Brazil,MF,,25-043,1.77,20/21,Corona Virus,2020-11-20,2020-11-28,9,1
Douglas Santos,Brazil,DF,,32-081,1.73,25/26,Shoulder Injury,2025-10-25,2025-12-31,68,10
Douglas Santos,Brazil,DF,,32-081,1.73,23/24,Muscle Injury,2024-05-19,2024-06-10,23,3
Douglas Santos,Brazil,DF,,32-081,1.73,21/22,Hamstring Strain,2021-10-24,2021-11-16,24,4
Douglas Santos,Brazil,DF,,32-081,1.73,20/21,Muscle Injury,2020-11-24,2020-11-30,7,1
Douglas Santos,Brazil,DF,,32-081,1.73,18/19,Hamstring Strain,2019-02-11,2019-02-20,10,1
Douglas Santos,Brazil,DF,,32-081,1.73,17/18,Stomach Flu,2017-10-13,2017-10-20,8,1
Igor Thiago,Brazil,FW,,24-350,1.9,24/25,Knee Injury,2024-12-07,2025-05-02,147,21
Igor Thiago,Brazil,FW,,24-350,1.9,24/25,Meniscus Injury,2024-07-21,2024-11-23,126,14
Igor Thiago,Brazil,FW,,24-350,1.9,23/24,Knee Injury,2024-05-13,2024-06-30,49,2
Igor Thiago,Brazil,FW,,24-350,1.9,23/24,Overstretching,2024-03-01,2024-03-13,13,3
Igor Thiago,Brazil,FW,,24-350,1.9,20/21,Corona Virus,2021-01-16,2021-01-24,9,2
Wesley,Brazil,"DF,MF",,22-278,1.88,25/26,Fever,2025-12-31,2026-01-06,7,1
Wesley,Brazil,"DF,MF",,22-278,1.88,25/26,Rest,2025-12-02,2025-12-04,3,1
Wesley,Brazil,"DF,MF",,22-278,1.88,25/26,Rest,2025-11-21,2025-11-23,3,1
Wesley,Brazil,"DF,MF",,22-278,1.88,25/26,Concussion,2025-09-24,2025-10-20,27,4
Wesley,Brazil,"DF,MF",,22-278,1.88,24/25,Surgery,2025-04-01,2025-07-01,92,18
Wesley,Brazil,"DF,MF",,22-278,1.88,24/25,Hamstring Injury,2024-12-01,2025-02-24,86,17
Wesley,Brazil,"DF,MF",,22-278,1.88,23/24,Cruciate Ligament Tear,2023-07-17,2024-06-30,350,64
Wesley,Brazil,"DF,MF",,22-278,1.88,22/23,Knee Injury,2022-12-20,2023-02-13,56,9
Wesley,Brazil,"DF,MF",,22-278,1.88,22/23,Knee Injury,2022-10-06,2022-12-16,72,11
Wesley,Brazil,"DF,MF",,22-278,1.88,21/22,Broken Fibula,2021-08-04,2022-03-15,224,47
Wesley,Brazil,"DF,MF",,22-278,1.88,20/21,Hamstring Strain,2021-02-03,2021-03-01,27,8
Wesley,Brazil,"DF,MF",,22-278,1.88,20/21,Knee Injury,2020-12-27,2021-01-02,7,1
Wesley,Brazil,"DF,MF",,22-278,1.88,20/21,Knee Injury,2020-11-09,2020-11-21,13,2
Wesley,Brazil,"DF,MF",,22-278,1.88,19/20,Knee Injury,2019-11-08,2019-11-27,20,2
Wesley,Brazil,"DF,MF",,22-278,1.88,19/20,Knee Injury,2019-08-10,2019-10-05,57,10
Wéverton,Brazil,GK,,38-180,1.89,25/26,Finger Injury,2025-10-16,2026-01-09,86,16
Ali Ahmed,Canada,MF,,25-244,1.8,24/25,Ankle Injury,2025-06-22,2025-08-11,51,11
Ali Ahmed,Canada,MF,,25-244,1.8,24/25,Hamstring Injury,2024-09-27,2024-10-04,8,2
Ali Ahmed,Canada,MF,,25-244,1.8,23/24,Groin Surgery,2024-01-26,2024-03-02,37,2
Ali Ahmed,Canada,MF,,25-244,1.8,22/23,Concussion,2023-05-25,2023-06-27,34,6
Moïse Bombito,Canada,DF,,26-073,1.9,25/26,Lower Leg Fracture,2025-10-06,2026-05-31,238,48
Moïse Bombito,Canada,DF,,26-073,1.9,25/26,Shin Injury,2025-07-12,2025-09-15,66,8
Moïse Bombito,Canada,DF,,26-073,1.9,24/25,Wrist Injury,2025-05-21,2025-06-23,34,4
Moïse Bombito,Canada,DF,,26-073,1.9,24/25,Wrist Fracture,2025-04-13,2025-05-01,19,2
Moïse Bombito,Canada,DF,,26-073,1.9,24/25,Groin Injury,2025-01-02,2025-01-24,23,5
Moïse Bombito,Canada,DF,,26-073,1.9,22/23,Knee Injury,2023-03-02,2023-05-04,64,10
Tajon Buchanan,Canada,MF,,27-123,1.83,24/25,Unknown Injury,2025-04-06,2025-04-22,17,2
Tajon Buchanan,Canada,MF,,27-123,1.83,24/25,Muscle Fatigue,2024-12-08,2024-12-10,3,-
Tajon Buchanan,Canada,MF,,27-123,1.83,24/25,Broken Tibia,2024-07-02,2024-10-25,116,17
Tajon Buchanan,Canada,MF,,27-123,1.83,23/24,Knock,2023-11-03,2023-11-07,5,1
Tajon Buchanan,Canada,MF,,27-123,1.83,23/24,Hamstring Injury,2023-09-14,2023-10-03,20,5
Tajon Buchanan,Canada,MF,,27-123,1.83,22/23,Shin Injury,2023-04-15,2023-05-26,42,6
Tajon Buchanan,Canada,MF,,27-123,1.83,22/23,Muscle Injury,2022-07-17,2022-09-25,71,13
Mathieu Choinière,Canada,MF,,27-124,1.73,24/25,Unknown Injury,2025-01-15,2025-02-19,36,6
Mathieu Choinière,Canada,MF,,27-124,1.73,22/23,Ankle Injury,2023-06-23,2023-07-11,19,3
Mathieu Choinière,Canada,MF,,27-124,1.73,21/22,Foot Injury,2022-03-10,2022-05-01,53,9
Mathieu Choinière,Canada,MF,,27-124,1.73,19/20,Ankle Injury,2020-08-25,2021-05-07,256,23
Derek Cornelius,Canada,DF,,28-198,1.86,25/26,Muscle Injury,2025-11-21,2026-05-20,181,35
Derek Cornelius,Canada,DF,,28-198,1.86,24/25,Bruised Ribs,2024-11-04,2024-12-06,33,5
Derek Cornelius,Canada,DF,,28-198,1.86,20/21,Knee Problems,2021-04-01,2021-04-21,21,1
Maxime Crépeau,Canada,GK,,32-031,1.85,25/26,Concussion,2025-09-08,2025-09-26,19,4
Maxime Crépeau,Canada,GK,,32-031,1.85,24/25,Leg Injury,2025-02-25,2025-03-14,18,2
Maxime Crépeau,Canada,GK,,32-031,1.85,22/23,Broken Tibia,2022-11-07,2023-07-23,259,46
Maxime Crépeau,Canada,GK,,32-031,1.85,19/20,Broken Thumb,2020-07-21,2020-12-31,164,20
Maxime Crépeau,Canada,GK,,32-031,1.85,15/16,Concussion,2016-03-25,2016-04-25,32,6
Maxime Crépeau,Canada,GK,,32-031,1.85,14/15,Shoulder Injury,2015-02-05,2015-05-11,96,11
Jonathan David,Canada,FW,,26-148,1.75,25/26,Adductor Pain,2026-02-16,2026-02-20,5,1
Jonathan David,Canada,FW,,26-148,1.75,22/23,Hand Injury,2023-01-30,2023-02-03,5,1
Jonathan David,Canada,FW,,26-148,1.75,20/21,Torn Lateral Ankle Ligament,2021-04-03,2021-04-12,10,1
Promise David,Canada,FW,,24-343,1.95,25/26,Surgery,2026-02-21,2026-06-01,101,17
Promise David,Canada,FW,,24-343,1.95,25/26,Minor Knock,2025-08-01,2025-08-13,13,2
Alphonso Davies,Canada,"DF,FW",,25-221,1.83,25/26,Muscle Injury,2026-05-07,2026-06-11,36,5
Alphonso Davies,Canada,"DF,FW",,25-221,1.83,25/26,Hamstring Strain,2026-03-11,2026-04-02,23,5
Alphonso Davies,Canada,"DF,FW",,25-221,1.83,25/26,Torn Muscle Fiber,2026-02-22,2026-03-09,16,2
Alphonso Davies,Canada,"DF,FW",,25-221,1.83,25/26,Ill,2026-01-04,2026-01-15,12,2
Alphonso Davies,Canada,"DF,FW",,25-221,1.83,25/26,Fitness,2025-10-31,2025-12-08,39,10
Alphonso Davies,Canada,"DF,FW",,25-221,1.83,24/25,Cruciate Ligament Tear,2025-03-24,2025-10-30,221,39
Alphonso Davies,Canada,"DF,FW",,25-221,1.83,24/25,Torn Muscle Fiber,2025-01-23,2025-02-16,25,6
Alphonso Davies,Canada,"DF,FW",,25-221,1.83,24/25,Torn Muscle Fiber,2024-12-08,2024-12-15,8,2
Alphonso Davies,Canada,"DF,FW",,25-221,1.83,23/24,Internal Ligament Strain,2024-02-04,2024-02-25,22,4
Alphonso Davies,Canada,"DF,FW",,25-221,1.83,22/23,Torn Muscle Bundle,2023-04-23,2023-06-11,50,5
Alphonso Davies,Canada,"DF,FW",,25-221,1.83,22/23,Torn Muscle Fiber,2022-11-06,2022-11-17,12,3
Alphonso Davies,Canada,"DF,FW",,25-221,1.83,22/23,Head Injury,2022-10-10,2022-10-13,4,1
Alphonso Davies,Canada,"DF,FW",,25-221,1.83,22/23,Muscular Problems,2022-08-18,2022-08-22,5,1
Alphonso Davies,Canada,"DF,FW",,25-221,1.83,21/22,Heart Problems,2022-01-10,2022-04-04,85,18
Alphonso Davies,Canada,"DF,FW",,25-221,1.83,21/22,Corona Virus,2022-01-03,2022-01-13,11,1
Luc De Fougerolles,Canada,DF,,20-242,1.83,25/26,Minor Knock,2026-05-20,2026-05-31,12,1
Luc De Fougerolles,Canada,DF,,20-242,1.83,25/26,Minor Knock,2026-03-31,2026-04-14,15,2
Luc De Fougerolles,Canada,DF,,20-242,1.83,25/26,Minor Knock,2026-03-11,2026-03-22,12,1
Luc De Fougerolles,Canada,DF,,20-242,1.83,25/26,Injury To Abdominal Muscles,2025-11-20,2025-12-03,14,3
Stephen Eustáquio,Canada,MF,,29-172,1.75,25/26,Dead Leg,2026-03-09,2026-04-21,44,11
Stephen Eustáquio,Canada,MF,,29-172,1.75,23/24,Unknown Injury,2023-10-11,2023-10-16,6,1
Stephen Eustáquio,Canada,MF,,29-172,1.75,22/23,Unknown Injury,2023-06-19,2023-07-17,29,4
Stephen Eustáquio,Canada,MF,,29-172,1.75,22/23,Bruised Knee,2023-01-28,2023-02-11,15,3
Stephen Eustáquio,Canada,MF,,29-172,1.75,22/23,Muscle Injury,2022-11-29,2022-12-26,28,4
Stephen Eustáquio,Canada,MF,,29-172,1.75,22/23,Muscle Injury,2022-11-10,2022-11-16,7,1
Stephen Eustáquio,Canada,MF,,29-172,1.75,18/19,Torn Lateral Knee Ligament,2019-01-26,2019-09-01,219,27
Marcelo Flores,Canada,MF,,22-253,1.64,25/26,Cruciate Ligament Tear,2026-06-01,,15,-
Owen Goodman,Canada,GK,,22-196,1.93,23/24,Ankle Injury,2023-11-24,2023-12-06,13,3
Alistair Johnston,Canada,DF,,27-246,1.8,25/26,Hamstring Muscle Injury,2025-10-23,2026-04-23,183,43
Alistair Johnston,Canada,DF,,27-246,1.8,25/26,Hamstring Muscle Injury,2025-08-20,2025-10-20,62,14
Alistair Johnston,Canada,DF,,27-246,1.8,23/24,Ankle Surgery,2023-07-13,2023-08-26,45,3
Alistair Johnston,Canada,DF,,27-246,1.8,22/23,Ankle Injury,2023-04-30,2023-07-12,74,8
Alfie Jones,Canada,"DF,MF",,28-247,1.91,25/26,Ankle Injury,2025-12-27,2026-05-31,156,30
Alfie Jones,Canada,"DF,MF",,28-247,1.91,24/25,Calf Problems,2024-12-01,2024-12-12,12,2
Alfie Jones,Canada,"DF,MF",,28-247,1.91,22/23,Torn Thigh Muscle,2023-04-11,2023-04-25,15,3
Alfie Jones,Canada,"DF,MF",,28-247,1.91,22/23,Ill,2022-12-14,2022-12-21,8,1
Alfie Jones,Canada,"DF,MF",,28-247,1.91,21/22,Hamstring Injury,2021-11-03,2022-01-30,89,13
Alfie Jones,Canada,"DF,MF",,28-247,1.91,21/22,Hamstring Injury,2021-10-02,2021-10-30,29,3
Ismaël Koné,Canada,MF,,23-360,1.88,25/26,Unknown Injury,2026-01-15,2026-01-20,6,2
Ismaël Koné,Canada,MF,,23-360,1.88,24/25,Ankle Injury,2024-10-02,2024-10-20,19,2
Ismaël Koné,Canada,MF,,23-360,1.88,24/25,Injury To The Ankle,2024-08-08,2024-09-02,26,3
Cyle Larin,Canada,"FW,MF",,31-055,1.88,25/26,Unknown Injury,2025-11-13,2025-12-10,28,6
Cyle Larin,Canada,"FW,MF",,31-055,1.88,25/26,Fitness,2025-09-02,2025-09-16,15,3
Cyle Larin,Canada,"FW,MF",,31-055,1.88,21/22,Hamstring Strain,2022-02-14,2022-03-01,16,2
Cyle Larin,Canada,"FW,MF",,31-055,1.88,21/22,Corona Virus,2022-01-06,2022-01-12,7,1
Cyle Larin,Canada,"FW,MF",,31-055,1.88,21/22,Hamstring Strain,2021-09-23,2021-10-11,19,5
Cyle Larin,Canada,"FW,MF",,31-055,1.88,21/22,Unknown Injury,2021-07-18,2021-08-08,22,2
Cyle Larin,Canada,"FW,MF",,31-055,1.88,20/21,Hamstring Strain,2021-04-20,2021-04-27,8,1
Cyle Larin,Canada,"FW,MF",,31-055,1.88,20/21,Hamstring Strain,2020-09-04,2020-09-11,8,-
Cyle Larin,Canada,"FW,MF",,31-055,1.88,15/16,Muscle Injury,2016-04-05,2016-04-16,12,1
Richie Laryea,Canada,DF,,31-155,1.75,25/26,Hamstring Injury,2026-04-24,2026-05-31,38,6
Richie Laryea,Canada,DF,,31-155,1.75,24/25,Muscle Injury,2025-03-03,2025-05-30,89,17
Richie Laryea,Canada,DF,,31-155,1.75,23/24,Hamstring Injury,2024-02-26,2024-05-28,93,18
Richie Laryea,Canada,DF,,31-155,1.75,19/20,Ankle Sprain,2020-08-26,2020-09-07,13,3
Liam Millar,Canada,MF,,26-257,1.76,25/26,Hamstring Injury,2025-10-29,2025-11-30,33,8
Liam Millar,Canada,MF,,26-257,1.76,24/25,Cruciate Ligament Injury,2024-10-23,2025-05-31,221,40
Liam Millar,Canada,MF,,26-257,1.76,22/23,Unknown Injury,2023-04-21,2023-04-24,4,1
Liam Millar,Canada,MF,,26-257,1.76,22/23,Broken Hand,2023-02-03,2023-02-17,15,3
Liam Millar,Canada,MF,,26-257,1.76,21/22,Elbow Fracture,2022-05-01,2022-06-13,44,5
Tani Oluwaseyi,Canada,FW,,26-027,1.87,-,Ninguna,,,0,0
Jonathan Osorio,Canada,MF,,33-364,1.75,24/25,Leg Injury,2025-06-25,2025-07-15,21,6
Jonathan Osorio,Canada,MF,,33-364,1.75,24/25,Shoulder Injury,2025-05-02,2025-05-22,21,4
Jonathan Osorio,Canada,MF,,33-364,1.75,22/23,Outer Ligament Problems,2023-04-25,2023-06-06,43,9
Jonathan Osorio,Canada,MF,,33-364,1.75,21/22,Nerval Disease,2022-08-22,2022-09-15,25,4
Jonathan Osorio,Canada,MF,,33-364,1.75,21/22,Leg Injury,2022-05-28,2022-06-21,25,4
Jonathan Osorio,Canada,MF,,33-364,1.75,21/22,Leg Injury,2022-05-01,2022-05-21,21,3
Jonathan Osorio,Canada,MF,,33-364,1.75,20/21,Hamstring Strain,2021-03-15,2021-04-22,39,5
Jonathan Osorio,Canada,MF,,33-364,1.75,19/20,Muscle Injury,2020-10-20,2020-11-07,19,3
Jonathan Osorio,Canada,MF,,33-364,1.75,19/20,Hamstring Strain,2020-07-01,2020-07-25,25,3
Jonathan Osorio,Canada,MF,,33-364,1.75,16/17,Circulation Problems,2017-05-12,2017-05-22,11,2
Jonathan Osorio,Canada,MF,,33-364,1.75,15/16,Ankle Injury,2016-04-25,2016-05-05,11,1
Nathan Saliba,Canada,MF,,22-124,1.74,25/26,Minor Knock,2026-05-02,2026-05-11,10,2
Nathan Saliba,Canada,MF,,22-124,1.74,24/25,Ankle Injury,2025-03-27,2025-04-03,8,1
Jacob Shaffelburg,Canada,MF,,26-197,1.81,25/26,Groin Surgery,2026-01-08,2026-04-02,85,12
Jacob Shaffelburg,Canada,MF,,26-197,1.81,25/26,Ankle Injury,2025-07-14,2025-07-24,11,2
Jacob Shaffelburg,Canada,MF,,26-197,1.81,24/25,Hamstring Injury,2025-02-20,2025-03-13,22,3
Jacob Shaffelburg,Canada,MF,,26-197,1.81,21/22,Leg Injury,2022-03-11,2022-03-31,21,4
Niko Sigur,Canada,"DF,MF",,22-275,1.78,-,Ninguna,,,0,0
Dayne St. Clair,Canada,GK,,29-033,1.91,21/22,Ill,2021-08-16,2021-08-24,9,2
Joel Waterman,Canada,DF,,30-138,1.85,25/26,Knock,2026-04-02,2026-04-09,8,1
Joel Waterman,Canada,DF,,30-138,1.85,22/23,Unknown Injury,2023-02-20,2023-03-09,18,2
Telmo Arcanjo,Cape Verde,MF,,24-355,1.8,25/26,Unknown Injury,2025-12-05,2025-12-09,5,1
Telmo Arcanjo,Cape Verde,MF,,24-355,1.8,22/23,Cruciate Ligament Tear,2023-05-23,2024-06-30,405,61
Telmo Arcanjo,Cape Verde,MF,,24-355,1.8,20/21,Corona Virus,2021-01-14,2021-01-26,13,2
Gilson Benchimol,Cape Verde,FW,,24-164,1.87,25/26,Unknown Injury,2025-08-12,2025-09-17,37,8
Gilson Benchimol,Cape Verde,FW,,24-164,1.87,24/25,Muscle Injury,2025-03-01,2025-04-07,38,7
Gilson Benchimol,Cape Verde,FW,,24-164,1.87,23/24,Unknown Injury,2024-04-08,2024-04-23,16,2
Gilson Benchimol,Cape Verde,FW,,24-164,1.87,21/22,Corona Virus,2022-01-06,2022-02-01,27,8
Jovane Cabral,Cape Verde,"FW,MF",,27-362,1.74,25/26,Unknown Injury,2025-08-11,2025-08-23,13,-
Jovane Cabral,Cape Verde,"FW,MF",,27-362,1.74,24/25,Unknown Injury,2025-01-16,2025-02-12,28,4
Jovane Cabral,Cape Verde,"FW,MF",,27-362,1.74,23/24,Calf Injury,2023-11-03,2023-11-24,22,4
Jovane Cabral,Cape Verde,"FW,MF",,27-362,1.74,22/23,Unknown Injury,2023-03-22,2023-06-30,101,15
Jovane Cabral,Cape Verde,"FW,MF",,27-362,1.74,22/23,Knock,2022-08-25,2022-10-13,50,11
Jovane Cabral,Cape Verde,"FW,MF",,27-362,1.74,21/22,Knock,2021-11-18,2022-01-17,61,14
Jovane Cabral,Cape Verde,"FW,MF",,27-362,1.74,20/21,Knock,2020-11-30,2021-01-04,36,5
Jovane Cabral,Cape Verde,"FW,MF",,27-362,1.74,20/21,Muscle Injury,2020-09-28,2020-10-15,18,4
Jovane Cabral,Cape Verde,"FW,MF",,27-362,1.74,20/21,Minor Knock,2020-06-25,2020-07-02,8,1
Jovane Cabral,Cape Verde,"FW,MF",,27-362,1.74,19/20,Hip Injury,2019-09-26,2020-01-27,124,23
Jovane Cabral,Cape Verde,"FW,MF",,27-362,1.74,19/20,Muscle Injury,2019-08-01,2019-09-19,50,6
Logan Costa,Cape Verde,DF,,25-071,1.9,25/26,Cruciate Ligament Tear,2025-07-19,2026-04-25,281,51
Nuno da Costa,Cape Verde,"FW,MF",,35-121,1.82,25/26,Unknown Injury,2025-08-28,2025-09-10,14,3
Nuno da Costa,Cape Verde,"FW,MF",,35-121,1.82,24/25,Unknown Injury,2025-05-24,2025-05-31,8,2
Nuno da Costa,Cape Verde,"FW,MF",,35-121,1.82,24/25,Fitness,2025-01-28,2025-02-03,7,1
Nuno da Costa,Cape Verde,"FW,MF",,35-121,1.82,24/25,Unknown Injury,2025-01-13,2025-01-28,16,2
Nuno da Costa,Cape Verde,"FW,MF",,35-121,1.82,24/25,Unknown Injury,2024-08-30,2024-09-01,3,1
Nuno da Costa,Cape Verde,"FW,MF",,35-121,1.82,23/24,Unknown Injury,2023-10-08,2023-11-04,28,6
Nuno da Costa,Cape Verde,"FW,MF",,35-121,1.82,23/24,Unknown Injury,2023-09-23,2023-09-30,8,1
Nuno da Costa,Cape Verde,"FW,MF",,35-121,1.82,22/23,Dead Leg,2023-02-18,2023-03-15,26,2
Nuno da Costa,Cape Verde,"FW,MF",,35-121,1.82,22/23,Hamstring Injury,2022-09-05,2022-09-15,11,1
Nuno da Costa,Cape Verde,"FW,MF",,35-121,1.82,21/22,Groin Injury,2021-08-11,2021-08-30,20,5
Nuno da Costa,Cape Verde,"FW,MF",,35-121,1.82,19/20,Knee Injury,2020-01-03,2020-01-29,27,5
Nuno da Costa,Cape Verde,"FW,MF",,35-121,1.82,18/19,Groin Injury,2018-12-18,2019-01-07,21,2
Nuno da Costa,Cape Verde,"FW,MF",,35-121,1.82,17/18,Knock,2018-05-15,2018-05-20,6,1
Nuno da Costa,Cape Verde,"FW,MF",,35-121,1.82,17/18,Groin Injury,2018-03-12,2018-04-23,43,5
Nuno da Costa,Cape Verde,"FW,MF",,35-121,1.82,17/18,Groin Injury,2018-02-26,2018-03-05,8,2
Diney,Cape Verde,DF,,31-145,1.85,-,Ninguna,,,0,0
C.J. dos Santos,Cape Verde,GK,,25-291,,-,No Encontrado,,,0,0
Deroy Duarte,Cape Verde,MF,,26-342,1.77,24/25,Broken Jaw,2024-12-08,2025-01-17,41,3
Deroy Duarte,Cape Verde,MF,,26-342,1.77,22/23,Knee Injury,2022-10-03,2022-11-01,30,5
Deroy Duarte,Cape Verde,MF,,26-342,1.77,20/21,Shoulder Injury,2021-03-09,2021-03-11,3,-
Deroy Duarte,Cape Verde,MF,,26-342,1.77,20/21,Unknown Injury,2021-01-27,2021-02-02,7,1
Deroy Duarte,Cape Verde,MF,,26-342,1.77,20/21,Corona Virus,2020-09-17,2020-09-24,8,1
Deroy Duarte,Cape Verde,MF,,26-342,1.77,18/19,Knee Injury,2019-02-01,2019-02-03,3,-
Deroy Duarte,Cape Verde,MF,,26-342,1.77,18/19,Ill,2018-08-30,2018-09-02,4,1
Deroy Duarte,Cape Verde,MF,,26-342,1.77,18/19,Ill,2018-07-09,2018-07-12,4,-
Laros Duarte,Cape Verde,MF,,29-103,1.8,24/25,Unknown Injury,2025-01-23,2025-02-23,32,4
Laros Duarte,Cape Verde,MF,,29-103,1.8,23/24,Unknown Injury,2023-08-15,2023-10-15,62,8
Laros Duarte,Cape Verde,MF,,29-103,1.8,22/23,Unknown Injury,2023-01-01,2023-02-21,52,9
Laros Duarte,Cape Verde,MF,,29-103,1.8,21/22,Unknown Injury,2021-09-21,2021-10-15,25,3
Laros Duarte,Cape Verde,MF,,29-103,1.8,21/22,Ankle Injury,2021-07-01,2021-08-05,36,-
Laros Duarte,Cape Verde,MF,,29-103,1.8,20/21,Unknown Injury,2021-05-06,2021-05-17,12,3
Laros Duarte,Cape Verde,MF,,29-103,1.8,18/19,Unknown Injury,2019-04-25,2019-05-10,16,2
Dailon Livramento,Cape Verde,FW,,25-038,1.85,24/25,Injury To Abdominal Muscles,2025-02-02,2025-02-13,12,1
Sidny Lopes Cabral,Cape Verde,"DF,MF",,23-266,1.76,24/25,Muscular Problems,2024-12-01,2025-01-12,43,4
Sidny Lopes Cabral,Cape Verde,"DF,MF",,23-266,1.76,24/25,Ankle Sprain,2024-09-21,2024-10-07,17,3
Sidny Lopes Cabral,Cape Verde,"DF,MF",,23-266,1.76,23/24,Torn Muscle Fiber,2023-10-29,2023-11-13,16,2
Sidny Lopes Cabral,Cape Verde,"DF,MF",,23-266,1.76,23/24,Calf Stiffness,2023-10-20,2023-10-29,10,-
Sidny Lopes Cabral,Cape Verde,"DF,MF",,23-266,1.76,22/23,Dead Leg,2022-07-30,2022-09-11,44,6
Ryan Mendes,Cape Verde,"FW,MF",,36-154,1.78,24/25,Muscle Injury,2025-02-22,2025-03-28,35,4
Ryan Mendes,Cape Verde,"FW,MF",,36-154,1.78,23/24,Fitness,2023-10-27,2023-10-30,4,1
Ryan Mendes,Cape Verde,"FW,MF",,36-154,1.78,23/24,Unknown Injury,2023-10-12,2023-10-27,16,2
Ryan Mendes,Cape Verde,"FW,MF",,36-154,1.78,23/24,Unknown Injury,2023-09-30,2023-10-02,3,1
Ryan Mendes,Cape Verde,"FW,MF",,36-154,1.78,16/17,Groin Problems,2017-04-01,2017-04-24,24,3
Ryan Mendes,Cape Verde,"FW,MF",,36-154,1.78,16/17,Unknown Injury,2017-02-11,2017-03-27,45,7
Ryan Mendes,Cape Verde,"FW,MF",,36-154,1.78,16/17,Inflammation Of Pubic Bone,2016-09-29,2016-11-27,60,9
Ryan Mendes,Cape Verde,"FW,MF",,36-154,1.78,13/14,Ankle Injury,2013-09-19,2014-01-10,114,16
Ryan Mendes,Cape Verde,"FW,MF",,36-154,1.78,12/13,Ankle Injury,2013-02-02,2013-06-02,121,18
Ryan Mendes,Cape Verde,"FW,MF",,36-154,1.78,12/13,Ankle Injury,2012-10-26,2012-12-06,42,12
Jamiro Monteiro,Cape Verde,"FW,MF",,32-200,1.75,25/26,Unknown Injury,2026-02-01,2026-05-02,91,12
Jamiro Monteiro,Cape Verde,"FW,MF",,32-200,1.75,23/24,Leg Injury,2023-06-26,2023-07-13,18,2
Jamiro Monteiro,Cape Verde,"FW,MF",,32-200,1.75,19/20,Ankle Sprain,2019-07-05,2019-07-31,27,4
Steven Moreira,Cape Verde,"DF,MF",,31-302,1.78,24/25,Hamstring Injury,2025-03-13,2025-03-27,15,4
João Paulo Fernandes,Cape Verde,"DF,MF",,28-016,1.8,-,Ninguna,,,0,0
Pico,Cape Verde,DF,,33-359,1.88,25/26,Ill,2025-12-10,2026-01-02,24,3
Pico,Cape Verde,DF,,33-359,1.88,25/26,Injury To The Ankle,2025-11-10,2025-11-24,15,1
Pico,Cape Verde,DF,,33-359,1.88,24/25,Ankle Ligament Tear,2025-01-04,2025-02-18,46,10
Pico,Cape Verde,DF,,33-359,1.88,24/25,Hamstring Injury,2024-08-05,2024-08-10,6,1
Pico,Cape Verde,DF,,33-359,1.88,23/24,Knock,2023-09-20,2023-09-26,7,2
Kevin Pina,Cape Verde,MF,,29-135,1.77,23/24,Unknown Injury,2023-09-30,2023-10-17,18,3
Kevin Pina,Cape Verde,MF,,29-135,1.77,22/23,Foot Bruise,2023-05-13,2023-05-16,4,-
Wagner Pina,Cape Verde,"DF,MF",,23-220,1.8,25/26,Partial Muscle Tear,2025-08-31,2025-09-15,16,3
Wagner Pina,Cape Verde,"DF,MF",,23-220,1.8,24/25,Unknown Injury,2025-03-04,2025-03-09,6,1
Wagner Pina,Cape Verde,"DF,MF",,23-220,1.8,23/24,Muscle Injury,2024-02-20,2024-03-05,15,2
Kelvin Pires,Cape Verde,DF,,26-006,1.93,-,Ninguna,,,0,0
Garry Rodrigues,Cape Verde,"FW,MF",,35-196,1.73,25/26,Muscle Injury,2026-02-01,2026-02-12,12,2
Garry Rodrigues,Cape Verde,"FW,MF",,35-196,1.73,25/26,Muscle Injury,2025-08-29,2025-09-27,30,3
Garry Rodrigues,Cape Verde,"FW,MF",,35-196,1.73,25/26,Muscle Injury,2025-07-26,2025-08-15,21,-
Garry Rodrigues,Cape Verde,"FW,MF",,35-196,1.73,24/25,Fitness,2025-02-24,2025-02-26,3,1
Garry Rodrigues,Cape Verde,"FW,MF",,35-196,1.73,24/25,Hamstring Strain,2025-01-25,2025-02-24,31,5
Garry Rodrigues,Cape Verde,"FW,MF",,35-196,1.73,23/24,Fitness,2024-04-09,2024-04-20,12,2
Garry Rodrigues,Cape Verde,"FW,MF",,35-196,1.73,23/24,Unknown Injury,2024-03-17,2024-04-09,24,3
Garry Rodrigues,Cape Verde,"FW,MF",,35-196,1.73,23/24,Strain,2024-03-09,2024-03-12,4,1
Garry Rodrigues,Cape Verde,"FW,MF",,35-196,1.73,22/23,Unknown Injury,2023-02-20,2023-03-11,20,2
Garry Rodrigues,Cape Verde,"FW,MF",,35-196,1.73,22/23,Muscle Injury,2022-10-28,2022-11-12,16,4
Garry Rodrigues,Cape Verde,"FW,MF",,35-196,1.73,22/23,Fracture,2022-08-09,2022-08-24,16,3
Garry Rodrigues,Cape Verde,"FW,MF",,35-196,1.73,21/22,Contracture,2022-06-23,2022-07-22,30,1
Garry Rodrigues,Cape Verde,"FW,MF",,35-196,1.73,21/22,Appendicitis,2022-04-01,2022-04-12,12,1
Garry Rodrigues,Cape Verde,"FW,MF",,35-196,1.73,21/22,Fracture,2022-02-06,2022-02-22,17,4
Garry Rodrigues,Cape Verde,"FW,MF",,35-196,1.73,21/22,Corona Virus,2021-12-31,2022-01-09,10,1
Márcio Rosa,Cape Verde,GK,,29-108,1.86,25/26,Appendicitis,2025-11-18,2026-01-05,49,6
Willy Semedo,Cape Verde,"FW,MF",,32-045,1.85,25/26,Muscle Injury,2026-03-02,2026-03-14,13,2
Willy Semedo,Cape Verde,"FW,MF",,32-045,1.85,25/26,Hamstring Muscle Injury,2026-01-10,2026-01-24,15,2
Willy Semedo,Cape Verde,"FW,MF",,32-045,1.85,24/25,Muscle Injury,2024-11-02,2024-11-22,21,4
Willy Semedo,Cape Verde,"FW,MF",,32-045,1.85,24/25,Groin Strain,2024-09-27,2024-10-18,22,4
Stopira,Cape Verde,DF,,38-022,1.78,12/13,Broken Leg,2012-10-04,2013-01-31,120,19
Hélio Varela,Cape Verde,FW,,24-039,1.76,24/25,Elbow Injury,2025-03-20,2025-05-31,73,11
Hélio Varela,Cape Verde,FW,,24-039,1.76,24/25,Minor Knock,2024-11-15,2024-11-26,12,1
Vozinha,Cape Verde,GK,,40-008,1.89,21/22,Corona Virus,2022-01-01,2022-01-10,10,1
Yannick,Cape Verde,MF,,30-164,1.83,25/26,Unknown Injury,2026-05-06,2026-05-13,8,1
Yannick,Cape Verde,MF,,30-164,1.83,22/23,Muscle Injury,2022-11-02,2022-12-14,43,4
Yannick,Cape Verde,MF,,30-164,1.83,22/23,Adductor Pain,2022-10-05,2022-10-11,7,1
Yannick,Cape Verde,MF,,30-164,1.83,21/22,Unknown Injury,2022-01-26,2022-01-31,6,-
Yannick,Cape Verde,MF,,30-164,1.83,21/22,Flu,2021-10-22,2021-10-24,3,1
Yannick,Cape Verde,MF,,30-164,1.83,21/22,Muscle Injury,2021-08-13,2021-09-10,29,4
Yannick,Cape Verde,MF,,30-164,1.83,18/19,Inflammation In The Knee,2019-04-01,2019-04-05,5,1
Jhon Arias,Colombia,"FW,MF",,28-263,1.68,-,Ninguna,,,0,0
Santiago Arias,Colombia,"DF,MF",,34-149,1.77,24/25,Hamstring Injury,2025-04-18,2025-05-24,37,10
Santiago Arias,Colombia,"DF,MF",,34-149,1.77,24/25,Hamstring Injury,2025-01-11,2025-02-08,29,8
Santiago Arias,Colombia,"DF,MF",,34-149,1.77,23/24,Leg Injury,2023-10-13,2023-11-02,21,3
Santiago Arias,Colombia,"DF,MF",,34-149,1.77,22/23,Calf Injury,2023-04-17,2023-05-13,27,5
Santiago Arias,Colombia,"DF,MF",,34-149,1.77,22/23,Leg Injury,2023-03-01,2023-03-15,15,2
Santiago Arias,Colombia,"DF,MF",,34-149,1.77,21/22,Hamstring Injury,2021-12-23,2022-04-29,128,20
Santiago Arias,Colombia,"DF,MF",,34-149,1.77,20/21,Broken Fibula,2020-10-11,2021-07-17,280,53
Santiago Arias,Colombia,"DF,MF",,34-149,1.77,19/20,Groin Injury,2020-01-24,2020-02-14,22,3
Santiago Arias,Colombia,"DF,MF",,34-149,1.77,18/19,Hamstring Injury,2019-03-13,2019-04-01,20,4
Santiago Arias,Colombia,"DF,MF",,34-149,1.77,18/19,Rib Fracture,2018-09-08,2018-09-24,17,4
Santiago Arias,Colombia,"DF,MF",,34-149,1.77,17/18,Groin Injury,2017-11-06,2017-11-20,15,3
Santiago Arias,Colombia,"DF,MF",,34-149,1.77,17/18,Knock,2017-08-26,2017-08-31,6,1
Santiago Arias,Colombia,"DF,MF",,34-149,1.77,14/15,Ankle Injury,2015-03-05,2015-06-01,89,10
Santiago Arias,Colombia,"DF,MF",,34-149,1.77,14/15,Foot Injury,2015-02-20,2015-02-27,8,2
Santiago Arias,Colombia,"DF,MF",,34-149,1.77,14/15,Groin Injury,2014-08-21,2014-08-30,10,3
Juan Camilo Portilla,Colombia,MF,,27-272,1.81,24/25,Strain,2025-04-23,2025-05-01,9,1
Juan Camilo Portilla,Colombia,MF,,27-272,1.81,23/24,Flu,2024-05-31,2024-06-04,5,1
Jaminton Campaz,Colombia,"FW,MF",,26-018,1.66,25/26,Muscular Problems,2026-01-31,2026-02-23,24,5
Jaminton Campaz,Colombia,"FW,MF",,26-018,1.66,25/26,Muscular Problems,2025-07-15,2025-07-23,9,1
Jaminton Campaz,Colombia,"FW,MF",,26-018,1.66,24/25,Knee Injury,2025-04-21,2025-05-06,16,2
Jaminton Campaz,Colombia,"FW,MF",,26-018,1.66,24/25,Muscle Injury,2024-11-21,2024-12-31,41,4
Jaminton Campaz,Colombia,"FW,MF",,26-018,1.66,24/25,Muscular Problems,2024-10-27,2024-11-07,12,2
Jaminton Campaz,Colombia,"FW,MF",,26-018,1.66,24/25,Muscle Injury,2024-09-23,2024-10-13,21,3
Jaminton Campaz,Colombia,"FW,MF",,26-018,1.66,22/23,Thigh Problems,2022-09-13,2022-10-20,38,8
Jorge Carrascal,Colombia,"FW,MF",,28-017,1.8,23/24,Knee Injury,2023-07-12,2023-08-23,43,8
Jorge Carrascal,Colombia,"FW,MF",,28-017,1.8,22/23,Unknown Injury,2023-05-24,2023-06-01,9,1
Jorge Carrascal,Colombia,"FW,MF",,28-017,1.8,22/23,Foot Bruise,2022-10-16,2022-10-20,5,1
Jorge Carrascal,Colombia,"FW,MF",,28-017,1.8,16/17,Meniscus Tear,2016-09-09,2017-07-20,315,40
Kevin Castaño,Colombia,MF,,25-255,1.79,-,Ninguna,,,0,0
Jhon Córdoba,Colombia,FW,,33-031,1.86,21/22,Hamstring Injury,2021-11-27,2022-04-25,150,8
Jhon Córdoba,Colombia,FW,,33-031,1.86,20/21,Ligament Injury,2021-05-10,2021-06-30,52,3
Jhon Córdoba,Colombia,FW,,33-031,1.86,20/21,Torn Muscle Fiber,2021-01-26,2021-02-22,28,4
Jhon Córdoba,Colombia,FW,,33-031,1.86,20/21,Ligament Injury,2020-11-08,2020-12-28,51,6
Jhon Córdoba,Colombia,FW,,33-031,1.86,19/20,Muscle Injury,2020-06-21,2020-06-30,10,1
Jhon Córdoba,Colombia,FW,,33-031,1.86,19/20,Hamstring Injury,2019-08-24,2019-09-12,20,1
Jhon Córdoba,Colombia,FW,,33-031,1.86,17/18,Fitness,2018-01-15,2018-01-29,15,2
Jhon Córdoba,Colombia,FW,,33-031,1.86,17/18,Hamstring Injury,2017-11-23,2018-01-15,54,8
Jhon Córdoba,Colombia,FW,,33-031,1.86,17/18,Hamstring Injury,2017-10-02,2017-11-13,43,7
Jhon Córdoba,Colombia,FW,,33-031,1.86,17/18,Knee Problems,2017-08-14,2017-08-14,1,-
Jhon Córdoba,Colombia,FW,,33-031,1.86,17/18,Hip Problems,2017-08-07,2017-08-10,4,-
Jhon Córdoba,Colombia,FW,,33-031,1.86,16/17,Thigh Problems,2017-04-17,2017-04-27,11,1
Jhon Córdoba,Colombia,FW,,33-031,1.86,16/17,Ankle Problems,2016-08-22,2016-09-08,18,1
Jhon Córdoba,Colombia,FW,,33-031,1.86,16/17,Knee Problems,2016-08-01,2016-08-01,1,-
Jhon Córdoba,Colombia,FW,,33-031,1.86,15/16,Adductor Pain,2015-11-26,2015-12-07,12,2
Cucho,Colombia,"FW,MF",,27-052,1.76,25/26,Hamstring Injury,2026-01-10,2026-02-10,32,8
Cucho,Colombia,"FW,MF",,27-052,1.76,23/24,Unknown Injury,2024-05-13,2024-05-31,19,3
Cucho,Colombia,"FW,MF",,27-052,1.76,22/23,Knee Problems,2023-03-17,2023-04-25,40,8
Cucho,Colombia,"FW,MF",,27-052,1.76,20/21,Metatarsal Fracture,2021-03-14,2021-05-13,61,9
Cucho,Colombia,"FW,MF",,27-052,1.76,20/21,Muscle Injury,2020-12-28,2021-01-21,25,5
Cucho,Colombia,"FW,MF",,27-052,1.76,18/19,Muscle Injury,2019-06-08,2019-12-07,183,27
Cucho,Colombia,"FW,MF",,27-052,1.76,18/19,Flu,2019-02-27,2019-03-06,8,1
Cucho,Colombia,"FW,MF",,27-052,1.76,17/18,Metatarsal Fracture,2018-01-29,2018-03-17,48,6
Cucho,Colombia,"FW,MF",,27-052,1.76,17/18,Ankle Sprain,2017-11-27,2017-12-04,8,1
Álvaro David Montero,Colombia,GK,,31-074,2.01,-,Ninguna,,,0,0
Luis Díaz,Colombia,"FW,MF",,29-149,1.79,22/23,Knee Injury,2022-10-10,2023-04-16,189,35
Luis Díaz,Colombia,"FW,MF",,29-149,1.79,20/21,Corona Virus,2021-01-14,2021-01-28,15,2
Luis Díaz,Colombia,"FW,MF",,29-149,1.79,20/21,Muscle Injury,2020-10-22,2020-10-29,8,2
Luis Díaz,Colombia,"FW,MF",,29-149,1.79,19/20,Muscle Injury,2020-02-27,2020-03-16,19,2
Willer Ditta,Colombia,DF,,28-139,1.79,-,Ninguna,,,0,0
Andrés Gómez,Colombia,MF,,23-272,1.7,24/25,Injury To The Ankle,2025-02-28,2025-03-28,29,5
Andrés Gómez,Colombia,MF,,23-272,1.7,24/25,Shin Injury,2024-09-02,2024-09-23,22,4
Andrés Gómez,Colombia,MF,,23-272,1.7,22/23,Ankle Injury,2023-06-19,2023-06-24,6,1
Jefferson Lerma,Colombia,"DF,MF",,31-229,1.8,25/26,Head Injury,2026-01-06,2026-01-12,7,2
Jefferson Lerma,Colombia,"DF,MF",,31-229,1.8,23/24,Hamstring Injury,2024-04-15,2024-05-15,31,5
Jefferson Lerma,Colombia,"DF,MF",,31-229,1.8,23/24,Unknown Injury,2023-09-15,2023-10-19,35,7
Jefferson Lerma,Colombia,"DF,MF",,31-229,1.8,20/21,Hamstring Injury,2020-10-25,2020-11-02,9,2
Jefferson Lerma,Colombia,"DF,MF",,31-229,1.8,19/20,Chest Injury,2020-02-02,2020-02-28,27,2
Jefferson Lerma,Colombia,"DF,MF",,31-229,1.8,19/20,Groin Injury,2020-01-23,2020-01-31,9,1
Jefferson Lerma,Colombia,"DF,MF",,31-229,1.8,19/20,Knee Injury,2020-01-13,2020-01-17,5,-
Jefferson Lerma,Colombia,"DF,MF",,31-229,1.8,19/20,Knock,2019-10-16,2019-10-25,10,1
Jefferson Lerma,Colombia,"DF,MF",,31-229,1.8,18/19,Ankle Injury,2019-01-31,2019-02-08,9,-
Jefferson Lerma,Colombia,"DF,MF",,31-229,1.8,18/19,Hamstring Injury,2018-11-11,2018-11-24,14,-
Jefferson Lerma,Colombia,"DF,MF",,31-229,1.8,18/19,Knock,2018-08-01,2018-08-24,24,2
Jefferson Lerma,Colombia,"DF,MF",,31-229,1.8,17/18,Muscle Injury,2018-02-04,2018-02-25,22,2
Jefferson Lerma,Colombia,"DF,MF",,31-229,1.8,17/18,Muscle Injury,2017-11-15,2017-12-13,29,5
Jefferson Lerma,Colombia,"DF,MF",,31-229,1.8,17/18,Muscle Injury,2017-09-17,2017-10-12,26,3
Jefferson Lerma,Colombia,"DF,MF",,31-229,1.8,16/17,Muscle Tear,2017-03-26,2017-05-12,48,6
Jhon Lucumí,Colombia,DF,,27-350,1.87,25/26,Hamstring Muscle Injury,2026-01-11,2026-02-05,26,6
Jhon Lucumí,Colombia,DF,,27-350,1.87,24/25,Flu,2025-01-27,2025-01-30,4,1
Jhon Lucumí,Colombia,DF,,27-350,1.87,24/25,Hamstring Injury,2024-06-25,2024-08-20,57,4
Jhon Lucumí,Colombia,DF,,27-350,1.87,23/24,Thigh Problems,2023-09-24,2023-11-01,39,8
Jhon Lucumí,Colombia,DF,,27-350,1.87,18/19,Muscle Injury,2018-10-29,2018-12-18,51,11
Deiver Machado,Colombia,"DF,MF",,32-282,1.73,25/26,Dead Leg,2026-05-03,2026-05-29,27,2
Deiver Machado,Colombia,"DF,MF",,32-282,1.73,25/26,Hamstring Injury,2026-01-19,2026-02-01,14,2
Deiver Machado,Colombia,"DF,MF",,32-282,1.73,25/26,Muscle Injury,2025-11-20,2025-11-29,10,1
Deiver Machado,Colombia,"DF,MF",,32-282,1.73,25/26,Knee Injury,2025-08-30,2025-10-13,45,7
Deiver Machado,Colombia,"DF,MF",,32-282,1.73,24/25,Hamstring Injury,2025-05-11,2025-05-19,9,1
Deiver Machado,Colombia,"DF,MF",,32-282,1.73,24/25,Groin Injury,2025-04-12,2025-04-25,14,1
Deiver Machado,Colombia,"DF,MF",,32-282,1.73,24/25,Hamstring Injury,2024-10-17,2024-10-24,8,1
Deiver Machado,Colombia,"DF,MF",,32-282,1.73,23/24,Adductor Pain,2024-02-08,2024-04-05,58,11
Deiver Machado,Colombia,"DF,MF",,32-282,1.73,23/24,Adductor Pain,2023-12-06,2024-02-01,58,9
Deiver Machado,Colombia,"DF,MF",,32-282,1.73,23/24,Adductor Pain,2023-11-18,2023-11-27,10,2
Deiver Machado,Colombia,"DF,MF",,32-282,1.73,23/24,Rest,2023-10-19,2023-10-21,3,1
Deiver Machado,Colombia,"DF,MF",,32-282,1.73,22/23,Muscle Injury,2023-04-23,2023-05-03,11,1
Deiver Machado,Colombia,"DF,MF",,32-282,1.73,21/22,Meniscus Injury,2021-11-03,2022-02-05,95,18
Yerry Mina,Colombia,DF,,31-261,1.95,25/26,Muscle Fatigue,2026-03-05,2026-03-12,8,1
Yerry Mina,Colombia,DF,,31-261,1.95,25/26,Knee Problems,2026-02-07,2026-02-13,7,1
Yerry Mina,Colombia,DF,,31-261,1.95,25/26,Flu,2025-12-26,2025-12-29,4,1
Yerry Mina,Colombia,DF,,31-261,1.95,25/26,Bruise,2025-11-26,2025-12-17,22,4
Yerry Mina,Colombia,DF,,31-261,1.95,25/26,Muscle Fatigue,2025-10-20,2025-10-29,10,1
Yerry Mina,Colombia,DF,,31-261,1.95,25/26,Calf Problems,2025-10-06,2025-10-17,12,2
Yerry Mina,Colombia,DF,,31-261,1.95,24/25,Hamstring Injury,2025-04-24,2025-05-15,22,3
Yerry Mina,Colombia,DF,,31-261,1.95,24/25,Unknown Injury,2025-01-10,2025-01-14,5,1
Yerry Mina,Colombia,DF,,31-261,1.95,24/25,Rest,2024-09-23,2024-09-25,3,1
Yerry Mina,Colombia,DF,,31-261,1.95,24/25,Fitness,2024-08-05,2024-08-19,15,2
Yerry Mina,Colombia,DF,,31-261,1.95,23/24,Unknown Injury,2024-03-28,2024-04-01,5,-
Yerry Mina,Colombia,DF,,31-261,1.95,23/24,Rest,2024-03-14,2024-03-17,4,1
Yerry Mina,Colombia,DF,,31-261,1.95,23/24,Muscle Injury,2023-09-13,2023-10-29,47,11
Yerry Mina,Colombia,DF,,31-261,1.95,23/24,Fitness,2023-08-18,2023-08-23,6,1
Yerry Mina,Colombia,DF,,31-261,1.95,22/23,Ankle Injury,2022-08-06,2022-10-31,87,15
Johan Mojica,Colombia,"DF,MF",,33-294,1.84,23/24,Inner Ligament Injury,2023-12-03,2024-01-05,34,6
Johan Mojica,Colombia,"DF,MF",,33-294,1.84,23/24,Hamstring Injury,2023-10-02,2023-10-19,18,3
Johan Mojica,Colombia,"DF,MF",,33-294,1.84,20/21,Muscular Problems,2020-12-05,2020-12-08,4,-
Johan Mojica,Colombia,"DF,MF",,33-294,1.84,18/19,Muscular Problems,2019-05-14,2019-05-21,8,1
Johan Mojica,Colombia,"DF,MF",,33-294,1.84,18/19,Cruciate Ligament Tear,2018-10-17,2019-05-10,206,37
Johan Mojica,Colombia,"DF,MF",,33-294,1.84,18/19,Hamstring Injury,2018-08-10,2018-10-16,68,11
Johan Mojica,Colombia,"DF,MF",,33-294,1.84,16/17,Achilles Tendon Rupture,2016-09-26,2016-10-29,34,7
Johan Mojica,Colombia,"DF,MF",,33-294,1.84,14/15,Collateral Ligament Injury,2015-02-15,2015-03-09,23,3
Daniel Muñoz,Colombia,"DF,MF",,30-016,1.8,25/26,Shoulder Injury,2026-03-05,2026-03-16,12,2
Daniel Muñoz,Colombia,"DF,MF",,30-016,1.8,25/26,Knee Injury,2025-12-06,2026-01-19,45,12
Daniel Muñoz,Colombia,"DF,MF",,30-016,1.8,23/24,Flu,2023-11-24,2023-11-27,4,1
Daniel Muñoz,Colombia,"DF,MF",,30-016,1.8,22/23,Hamstring Injury,2023-04-02,2023-04-25,24,3
David Ospina,Colombia,GK,,37-284,1.83,24/25,Leg Injury,2025-01-29,2025-03-03,34,5
David Ospina,Colombia,GK,,37-284,1.83,24/25,Muscle Injury,2024-08-05,2024-10-18,75,13
David Ospina,Colombia,GK,,37-284,1.83,23/24,Torn Thigh Muscle,2024-02-01,2024-02-26,26,4
David Ospina,Colombia,GK,,37-284,1.83,22/23,Elbow Injury,2023-01-14,2023-11-30,321,53
David Ospina,Colombia,GK,,37-284,1.83,21/22,Influenza,2022-04-17,2022-04-20,4,1
David Ospina,Colombia,GK,,37-284,1.83,21/22,Stomach Flu,2022-01-31,2022-02-03,4,1
David Ospina,Colombia,GK,,37-284,1.83,21/22,Calf Injury,2022-01-13,2022-01-21,9,2
David Ospina,Colombia,GK,,37-284,1.83,20/21,Muscle Injury,2021-04-11,2021-05-06,26,4
David Ospina,Colombia,GK,,37-284,1.83,20/21,Finger Injury,2021-03-30,2021-04-03,5,-
David Ospina,Colombia,GK,,37-284,1.83,20/21,Adductor Pain,2021-02-13,2021-02-26,14,3
David Ospina,Colombia,GK,,37-284,1.83,20/21,Muscular Problems,2020-11-14,2020-11-20,7,-
David Ospina,Colombia,GK,,37-284,1.83,19/20,Muscle Fatigue,2020-07-21,2020-07-24,4,1
David Ospina,Colombia,GK,,37-284,1.83,19/20,Head Injury,2020-07-02,2020-07-07,6,1
David Ospina,Colombia,GK,,37-284,1.83,19/20,Stomach Flu,2020-01-25,2020-01-29,5,1
David Ospina,Colombia,GK,,37-284,1.83,18/19,Concussion,2019-03-18,2019-03-27,10,2
Gustavo Puerta,Colombia,MF,,22-323,1.73,-,Ninguna,,,0,0
Juan Quintero,Colombia,"FW,MF",,33-144,1.67,25/26,Muscle Tear,2026-04-16,2026-05-02,17,3
Juan Quintero,Colombia,"FW,MF",,33-144,1.67,25/26,Muscle Tear,2026-02-23,2026-03-08,14,2
Juan Quintero,Colombia,"FW,MF",,33-144,1.67,24/25,Lumbago,2024-08-01,2024-08-07,7,1
Juan Quintero,Colombia,"FW,MF",,33-144,1.67,23/24,Adductor Pain,2024-05-03,2024-05-18,16,3
Juan Quintero,Colombia,"FW,MF",,33-144,1.67,23/24,Flu,2023-11-03,2023-11-06,4,1
Juan Quintero,Colombia,"FW,MF",,33-144,1.67,22/23,Calf Injury,2023-03-16,2023-06-30,107,17
Juan Quintero,Colombia,"FW,MF",,33-144,1.67,22/23,Torn Muscle Bundle,2022-09-12,2022-09-21,10,2
Juan Quintero,Colombia,"FW,MF",,33-144,1.67,21/22,Torn Muscle Bundle,2022-04-20,2022-06-17,59,13
Juan Quintero,Colombia,"FW,MF",,33-144,1.67,19/20,Stomach Problems,2020-01-18,2020-01-22,5,1
Juan Quintero,Colombia,"FW,MF",,33-144,1.67,19/20,Hamstring Strain,2019-12-10,2019-12-22,13,1
Juan Quintero,Colombia,"FW,MF",,33-144,1.67,18/19,Cruciate Ligament Tear,2019-03-18,2019-10-09,206,39
Juan Quintero,Colombia,"FW,MF",,33-144,1.67,18/19,Thigh Problems,2019-01-28,2019-02-03,7,1
Juan Quintero,Colombia,"FW,MF",,33-144,1.67,18/19,Strain,2018-11-26,2018-12-04,9,2
Juan Quintero,Colombia,"FW,MF",,33-144,1.67,17/18,Flu,2018-03-30,2018-04-02,4,1
Juan Quintero,Colombia,"FW,MF",,33-144,1.67,15/16,Thigh Problems,2016-01-15,2016-01-21,7,2
Richard Ríos,Colombia,MF,,26-009,1.85,25/26,Shoulder Injury,2026-01-15,2026-02-15,32,7
Richard Ríos,Colombia,MF,,26-009,1.85,24/25,Injury To The Ankle,2025-04-21,2025-04-26,6,1
James Rodríguez,Colombia,"FW,MF",,34-334,1.81,25/26,Ill,2026-04-03,2026-04-13,11,2
James Rodríguez,Colombia,"FW,MF",,34-334,1.81,25/26,Bruise,2026-03-05,2026-03-12,8,1
James Rodríguez,Colombia,"FW,MF",,34-334,1.81,23/24,Muscle Injury,2024-04-15,2024-06-05,52,11
James Rodríguez,Colombia,"FW,MF",,34-334,1.81,22/23,Unknown Injury,2023-03-29,2023-04-03,6,1
James Rodríguez,Colombia,"FW,MF",,34-334,1.81,22/23,Unknown Injury,2023-02-16,2023-03-11,24,3
James Rodríguez,Colombia,"FW,MF",,34-334,1.81,22/23,Unknown Injury,2023-02-06,2023-02-11,6,1
James Rodríguez,Colombia,"FW,MF",,34-334,1.81,21/22,Fitness,2022-04-14,2022-04-21,8,2
James Rodríguez,Colombia,"FW,MF",,34-334,1.81,21/22,Muscle Injury,2022-03-07,2022-04-13,38,5
James Rodríguez,Colombia,"FW,MF",,34-334,1.81,21/22,Muscle Tear,2022-02-22,2022-08-31,191,15
James Rodríguez,Colombia,"FW,MF",,34-334,1.81,21/22,Quarantine,2021-08-12,2021-09-21,41,9
James Rodríguez,Colombia,"FW,MF",,34-334,1.81,20/21,Calf Injury,2021-05-01,2021-05-14,14,3
James Rodríguez,Colombia,"FW,MF",,34-334,1.81,20/21,Calf Injury,2021-02-22,2021-04-01,39,5
James Rodríguez,Colombia,"FW,MF",,34-334,1.81,20/21,Calf Injury,2021-02-07,2021-02-13,7,1
James Rodríguez,Colombia,"FW,MF",,34-334,1.81,20/21,Calf Strain,2020-12-06,2020-12-31,26,5
James Rodríguez,Colombia,"FW,MF",,34-334,1.81,20/21,Groin Injury,2020-10-26,2020-11-06,12,1
Davinson Sánchez,Colombia,DF,,29-364,1.88,25/26,Rest,2026-03-02,2026-03-04,3,1
Davinson Sánchez,Colombia,DF,,29-364,1.88,24/25,Concussion,2025-03-21,2025-03-28,8,1
Davinson Sánchez,Colombia,DF,,29-364,1.88,24/25,Hamstring Strain,2024-08-09,2024-09-05,28,4
Davinson Sánchez,Colombia,DF,,29-364,1.88,23/24,Strain,2024-03-06,2024-03-18,13,2
Davinson Sánchez,Colombia,DF,,29-364,1.88,23/24,Fitness,2024-01-14,2024-01-16,3,1
Davinson Sánchez,Colombia,DF,,29-364,1.88,23/24,Toe Injury,2023-12-12,2024-01-14,34,5
Davinson Sánchez,Colombia,DF,,29-364,1.88,23/24,Hamstring Strain,2023-11-25,2023-12-10,16,3
Davinson Sánchez,Colombia,DF,,29-364,1.88,21/22,Quarantine,2021-09-09,2021-09-17,9,3
Davinson Sánchez,Colombia,DF,,29-364,1.88,19/20,Ankle Injury,2019-09-12,2019-09-17,6,1
Davinson Sánchez,Colombia,DF,,29-364,1.88,18/19,Knock,2019-05-05,2019-05-31,27,2
Davinson Sánchez,Colombia,DF,,29-364,1.88,18/19,Hamstring Injury,2018-11-06,2018-12-26,51,9
Luis Suárez,Colombia,FW,,28-191,1.82,25/26,Foot Injury,2026-02-28,2026-03-05,6,1
Luis Suárez,Colombia,FW,,28-191,1.82,23/24,Rest,2024-05-24,2024-05-27,4,1
Luis Suárez,Colombia,FW,,28-191,1.82,22/23,Rest,2022-09-07,2022-09-09,3,1
Luis Suárez,Colombia,FW,,28-191,1.82,22/23,Fitness,2022-07-27,2022-08-01,6,2
Luis Suárez,Colombia,FW,,28-191,1.82,21/22,Muscle Injury,2021-12-08,2021-12-10,3,-
Luis Suárez,Colombia,FW,,28-191,1.82,21/22,Knee Problems,2021-08-30,2021-09-11,13,3
Luis Suárez,Colombia,FW,,28-191,1.82,20/21,Muscle Injury,2021-04-07,2021-04-23,17,3
Luis Suárez,Colombia,FW,,28-191,1.82,20/21,Corona Virus,2020-11-18,2020-12-04,17,4
Luis Suárez,Colombia,FW,,28-191,1.82,20/21,Knock,2020-10-30,2020-11-02,4,1
Luis Suárez,Colombia,FW,,28-191,1.82,19/20,Knee Surgery,2020-01-10,2020-06-07,150,12
Luis Suárez,Colombia,FW,,28-191,1.82,19/20,Ankle Sprain,2019-11-03,2019-11-08,6,1
Luis Suárez,Colombia,FW,,28-191,1.82,19/20,Calf Injury,2019-08-17,2019-09-12,27,4
Luis Suárez,Colombia,FW,,28-191,1.82,18/19,Meniscus Injury,2019-05-08,2019-06-03,27,3
Luis Suárez,Colombia,FW,,28-191,1.82,18/19,Knee Problems,2019-05-02,2019-05-06,5,1
Luis Suárez,Colombia,FW,,28-191,1.82,18/19,Ankle Sprain,2019-03-18,2019-03-29,12,2
Camilo Vargas,Colombia,GK,,37-094,1.83,25/26,Adductor Injury,2025-07-01,2025-07-22,22,2
Cédric Bakambu,Congo DR,FW,,35-061,1.82,23/24,Unknown Injury,2024-04-28,2024-09-15,141,15
Cédric Bakambu,Congo DR,FW,,35-061,1.82,21/22,Knee Problems,2022-04-22,2022-04-27,6,1
Cédric Bakambu,Congo DR,FW,,35-061,1.82,20/21,Corona Virus,2021-03-05,2021-03-21,17,-
Cédric Bakambu,Congo DR,FW,,35-061,1.82,16/17,Hamstring Injury,2016-08-13,2016-09-29,48,10
Cédric Bakambu,Congo DR,FW,,35-061,1.82,15/16,Ankle Sprain,2015-09-20,2015-10-15,26,6
Cédric Bakambu,Congo DR,FW,,35-061,1.82,14/15,Unknown Injury,2015-03-07,2015-04-01,26,2
Cédric Bakambu,Congo DR,FW,,35-061,1.82,14/15,Unknown Injury,2014-12-21,2014-12-29,9,2
Simon Banza,Congo DR,"FW,MF",,29-302,1.89,24/25,Thigh Problems,2025-05-14,2025-05-20,7,1
Simon Banza,Congo DR,"FW,MF",,29-302,1.89,24/25,Knee Problems,2024-07-31,2024-08-09,10,2
Simon Banza,Congo DR,"FW,MF",,29-302,1.89,21/22,Corona Virus,2022-01-21,2022-01-30,10,1
Simon Banza,Congo DR,"FW,MF",,29-302,1.89,18/19,Cruciate Ligament Tear,2018-07-05,2019-02-20,231,30
Simon Banza,Congo DR,"FW,MF",,29-302,1.89,17/18,Back Problems,2017-11-19,2017-11-27,9,2
Dylan Batubinsika,Congo DR,DF,,30-116,1.85,24/25,Calf Injury,2025-04-25,2025-04-29,5,1
Dylan Batubinsika,Congo DR,DF,,30-116,1.85,23/24,Unknown Injury,2023-10-29,2023-11-30,33,7
Dylan Batubinsika,Congo DR,DF,,30-116,1.85,22/23,Hamstring Injury,2022-11-14,2023-01-01,49,3
Dylan Batubinsika,Congo DR,DF,,30-116,1.85,21/22,Corona Virus,2022-01-21,2022-01-30,10,1
Dylan Batubinsika,Congo DR,DF,,30-116,1.85,21/22,Unknown Injury,2021-08-26,2021-09-13,19,2
Dylan Batubinsika,Congo DR,DF,,30-116,1.85,19/20,Knee Injury,2020-01-20,2020-02-24,36,7
Theo Bongonda,Congo DR,"FW,MF",,30-203,1.76,25/26,Unknown Injury,2025-11-11,2025-12-20,40,4
Theo Bongonda,Congo DR,"FW,MF",,30-203,1.76,24/25,Achilles Tendon Problems,2025-06-06,2025-09-04,91,15
Theo Bongonda,Congo DR,"FW,MF",,30-203,1.76,24/25,Muscle Injury,2025-03-21,2025-04-03,14,2
Theo Bongonda,Congo DR,"FW,MF",,30-203,1.76,23/24,Ligament Injury,2024-02-10,2024-03-22,42,3
Theo Bongonda,Congo DR,"FW,MF",,30-203,1.76,23/24,Virus,2023-12-07,2023-12-12,6,1
Theo Bongonda,Congo DR,"FW,MF",,30-203,1.76,21/22,Ill,2022-02-26,2022-03-01,4,1
Theo Bongonda,Congo DR,"FW,MF",,30-203,1.76,20/21,Corona Virus,2020-08-08,2020-08-18,11,1
Theo Bongonda,Congo DR,"FW,MF",,30-203,1.76,17/18,Unknown Injury,2017-11-01,2017-11-05,5,1
Rocky Bushiri,Congo DR,DF,,26-193,1.87,22/23,Ankle Injury,2023-01-22,2023-04-24,93,11
Rocky Bushiri,Congo DR,DF,,26-193,1.87,22/23,Ankle Injury,2023-01-22,2023-04-23,92,11
Rocky Bushiri,Congo DR,DF,,26-193,1.87,22/23,Ankle Injury,2022-08-19,2022-10-12,55,6
Rocky Bushiri,Congo DR,DF,,26-193,1.87,20/21,Meniscus Injury,2021-03-06,2021-10-23,232,15
Brian Cipenga,Congo DR,MF,,28-092,1.72,-,Ninguna,,,0,0
Meschak Elia,Congo DR,"FW,MF",,28-309,1.73,25/26,Fitness,2026-04-09,2026-04-12,4,1
Meschak Elia,Congo DR,"FW,MF",,28-309,1.73,25/26,Unknown Injury,2026-03-31,2026-04-09,10,1
Meschak Elia,Congo DR,"FW,MF",,28-309,1.73,25/26,Edema In The Knee,2026-03-16,2026-03-19,4,1
Meschak Elia,Congo DR,"FW,MF",,28-309,1.73,24/25,Unknown Injury,2024-12-05,2024-12-08,4,1
Meschak Elia,Congo DR,"FW,MF",,28-309,1.73,22/23,Ill,2022-08-20,2022-08-23,4,1
Meschak Elia,Congo DR,"FW,MF",,28-309,1.73,21/22,Ankle Injury,2022-01-28,2022-02-24,28,5
Meschak Elia,Congo DR,"FW,MF",,28-309,1.73,21/22,Unknown Injury,2021-07-29,2021-08-02,5,1
Meschak Elia,Congo DR,"FW,MF",,28-309,1.73,20/21,Knee Injury,2021-04-29,2021-05-19,21,4
Meschak Elia,Congo DR,"FW,MF",,28-309,1.73,19/20,Syndesmotic Ligament Tear,2020-08-01,2020-09-17,48,6
Matthieu Epolo,Congo DR,GK,,21-147,1.89,25/26,Hand Injury,2026-04-08,2026-04-15,8,1
Matthieu Epolo,Congo DR,GK,,21-147,1.89,25/26,Ankle Sprain,2026-01-31,2026-03-09,38,6
Matthieu Epolo,Congo DR,GK,,21-147,1.89,24/25,Hamstring Muscle Injury,2024-12-26,2025-01-30,36,3
Timothy Fayulu,Congo DR,GK,,26-322,1.92,22/23,Unknown Injury,2023-03-15,2023-04-06,23,2
Timothy Fayulu,Congo DR,GK,,26-322,1.92,22/23,Muscle Injury,2022-10-31,2023-02-23,116,8
Timothy Fayulu,Congo DR,GK,,26-322,1.92,21/22,Unknown Injury,2022-04-27,2022-05-17,21,3
Timothy Fayulu,Congo DR,GK,,26-322,1.92,21/22,Unknown Injury,2021-07-23,2021-07-30,8,1
Timothy Fayulu,Congo DR,GK,,26-322,1.92,19/20,Unknown Injury,2020-01-22,2020-02-05,15,2
Timothy Fayulu,Congo DR,GK,,26-322,1.92,19/20,Unknown Injury,2019-10-03,2019-10-23,21,2
Gaël Kakuta,Congo DR,"FW,MF",,34-355,1.74,25/26,Back Problems,2026-05-01,2026-05-08,8,1
Gaël Kakuta,Congo DR,"FW,MF",,34-355,1.74,24/25,Unknown Injury,2024-11-09,2024-11-30,22,3
Gaël Kakuta,Congo DR,"FW,MF",,34-355,1.74,24/25,Groin Injury,2024-09-19,2024-09-24,6,1
Gaël Kakuta,Congo DR,"FW,MF",,34-355,1.74,23/24,Adductor Pain,2024-04-14,2024-05-09,26,4
Gaël Kakuta,Congo DR,"FW,MF",,34-355,1.74,23/24,Injury To The Ankle,2024-02-08,2024-03-15,37,6
Gaël Kakuta,Congo DR,"FW,MF",,34-355,1.74,23/24,Achilles Tendon Problems,2023-09-24,2023-10-20,27,5
Gaël Kakuta,Congo DR,"FW,MF",,34-355,1.74,22/23,Dead Leg,2023-04-16,2023-05-25,40,5
Gaël Kakuta,Congo DR,"FW,MF",,34-355,1.74,22/23,Muscle Injury,2022-09-02,2022-09-07,6,1
Gaël Kakuta,Congo DR,"FW,MF",,34-355,1.74,21/22,Hamstring Injury,2022-07-20,2022-08-15,27,2
Gaël Kakuta,Congo DR,"FW,MF",,34-355,1.74,21/22,Knee Injury,2022-05-13,2022-05-23,11,2
Gaël Kakuta,Congo DR,"FW,MF",,34-355,1.74,21/22,Knee Injury,2022-04-19,2022-04-21,3,1
Gaël Kakuta,Congo DR,"FW,MF",,34-355,1.74,21/22,Calf Injury,2022-04-06,2022-04-11,6,1
Gaël Kakuta,Congo DR,"FW,MF",,34-355,1.74,21/22,Adductor Pain,2021-12-05,2021-12-29,25,3
Gaël Kakuta,Congo DR,"FW,MF",,34-355,1.74,20/21,Foot Injury,2021-10-02,2021-10-20,19,3
Gaël Kakuta,Congo DR,"FW,MF",,34-355,1.74,20/21,Corona Virus,2021-06-08,2021-06-13,6,1
Gédéon Kalulu,Congo DR,DF,,28-286,1.78,25/26,Cruciate Ligament Surgery,2026-02-01,2026-05-01,90,13
Gédéon Kalulu,Congo DR,DF,,28-286,1.78,24/25,Dead Leg,2025-02-15,2025-03-30,44,7
Gédéon Kalulu,Congo DR,DF,,28-286,1.78,24/25,Dead Leg,2024-10-26,2024-11-24,30,5
Gédéon Kalulu,Congo DR,DF,,28-286,1.78,22/23,Adductor Injury,2023-03-11,2023-04-18,39,7
Gédéon Kalulu,Congo DR,DF,,28-286,1.78,22/23,Calf Injury,2022-10-03,2022-10-28,26,3
Steve Kapuadi,Congo DR,DF,,28-042,1.96,-,Ninguna,,,0,0
Edo Kayembe,Congo DR,MF,,28-008,1.83,23/24,Calf Injury,2024-01-10,2024-02-11,33,15
Edo Kayembe,Congo DR,MF,,28-008,1.83,22/23,Calf Injury,2022-11-13,2023-06-01,201,31
Joris Kayembe,Congo DR,"DF,FW",,31-307,1.8,25/26,Muscle Injury,2025-11-19,2025-12-15,27,7
Joris Kayembe,Congo DR,"DF,FW",,31-307,1.8,22/23,Hamstring Injury,2023-03-01,2023-03-29,29,3
Joris Kayembe,Congo DR,"DF,FW",,31-307,1.8,22/23,Muscle Injury,2022-09-06,2022-09-15,10,1
Joris Kayembe,Congo DR,"DF,FW",,31-307,1.8,20/21,Corona Virus,2021-03-16,2021-03-30,15,-
Joris Kayembe,Congo DR,"DF,FW",,31-307,1.8,17/18,Knee Injury,2018-03-04,2019-06-30,484,55
Joris Kayembe,Congo DR,"DF,FW",,31-307,1.8,17/18,Cruciate Ligament Tear,2017-07-20,2018-02-17,213,28
Arthur Masuaku,Congo DR,"DF,MF",,32-216,1.79,25/26,Ankle Sprain,2025-12-28,2026-02-02,37,10
Arthur Masuaku,Congo DR,"DF,MF",,32-216,1.79,25/26,Fitness,2025-08-10,2025-08-19,10,3
Arthur Masuaku,Congo DR,"DF,MF",,32-216,1.79,23/24,Edema In The Knee,2024-05-02,2024-05-07,6,1
Arthur Masuaku,Congo DR,"DF,MF",,32-216,1.79,23/24,Cartilage Damage,2024-03-28,2024-04-21,25,3
Arthur Masuaku,Congo DR,"DF,MF",,32-216,1.79,23/24,Hamstring Strain,2023-11-26,2023-12-16,21,4
Arthur Masuaku,Congo DR,"DF,MF",,32-216,1.79,23/24,Hamstring Strain,2023-10-26,2023-11-25,31,6
Arthur Masuaku,Congo DR,"DF,MF",,32-216,1.79,23/24,Hamstring Strain,2023-10-05,2023-10-14,10,2
Arthur Masuaku,Congo DR,"DF,MF",,32-216,1.79,23/24,Unknown Injury,2023-09-09,2023-09-13,5,1
Arthur Masuaku,Congo DR,"DF,MF",,32-216,1.79,23/24,Hamstring Strain,2023-08-24,2023-09-07,15,2
Arthur Masuaku,Congo DR,"DF,MF",,32-216,1.79,22/23,Bone Edema,2022-11-04,2022-11-29,26,2
Arthur Masuaku,Congo DR,"DF,MF",,32-216,1.79,20/21,Knee Surgery,2020-12-10,2021-03-17,98,24
Arthur Masuaku,Congo DR,"DF,MF",,32-216,1.79,19/20,Ankle Injury,2020-06-19,2020-07-04,16,3
Arthur Masuaku,Congo DR,"DF,MF",,32-216,1.79,19/20,Knee Injury,2020-01-24,2020-01-28,5,1
Arthur Masuaku,Congo DR,"DF,MF",,32-216,1.79,19/20,Knee Injury,2020-01-12,2020-01-17,6,-
Arthur Masuaku,Congo DR,"DF,MF",,32-216,1.79,18/19,Knee Injury,2019-02-10,2019-03-01,20,2
Fiston Mayele,Congo DR,FW,,31-352,1.85,-,Ninguna,,,0,0
Chancel Mbemba,Congo DR,DF,,31-307,1.82,23/24,Knee Injury,2024-04-19,2024-05-02,14,3
Chancel Mbemba,Congo DR,DF,,31-307,1.82,21/22,Unknown Injury,2021-10-12,2021-10-17,6,1
Chancel Mbemba,Congo DR,DF,,31-307,1.82,20/21,Knee Problems,2021-03-05,2021-03-08,4,1
Chancel Mbemba,Congo DR,DF,,31-307,1.82,20/21,Rest,2021-02-10,2021-02-14,5,1
Chancel Mbemba,Congo DR,DF,,31-307,1.82,20/21,Muscle Injury,2020-12-27,2021-01-01,6,1
Chancel Mbemba,Congo DR,DF,,31-307,1.82,18/19,Fitness,2018-09-25,2018-10-05,11,2
Chancel Mbemba,Congo DR,DF,,31-307,1.82,18/19,Knee Injury,2018-07-25,2018-09-24,62,9
Chancel Mbemba,Congo DR,DF,,31-307,1.82,15/16,Ankle Injury,2016-02-03,2016-03-20,47,7
Chancel Mbemba,Congo DR,DF,,31-307,1.82,14/15,Knee Injury,2014-11-06,2014-11-24,19,3
Nathanaël Mbuku,Congo DR,MF,,24-087,1.7,22/23,Ill,2023-05-04,2023-05-10,7,1
Samuel Moutoussamy,Congo DR,MF,,29-303,1.76,25/26,Unknown Injury,2025-11-28,2025-12-05,8,2
Samuel Moutoussamy,Congo DR,MF,,29-303,1.76,24/25,Fitness,2024-12-11,2024-12-14,4,1
Samuel Moutoussamy,Congo DR,MF,,29-303,1.76,24/25,Torn Thigh Muscle,2024-11-24,2024-12-11,18,2
Samuel Moutoussamy,Congo DR,MF,,29-303,1.76,17/18,Hamstring Injury,2017-09-07,2017-10-13,37,4
Lionel Mpasi,Congo DR,GK,,31-314,1.82,23/24,Knee Injury,2024-02-16,2024-05-31,106,16
Lionel Mpasi,Congo DR,GK,,31-314,1.82,22/23,Facial Injury,2023-02-12,2023-03-12,29,5
Ngal'Ayel Mukau,Congo DR,MF,,21-220,1.86,25/26,Foot Bruise,2025-08-25,2025-09-05,12,1
Ngal'Ayel Mukau,Congo DR,MF,,21-220,1.86,24/25,Hip Injury,2025-04-06,2025-04-11,6,-
Ngal'Ayel Mukau,Congo DR,MF,,21-220,1.86,24/25,Ankle Sprain,2024-09-01,2024-10-13,43,6
Ngal'Ayel Mukau,Congo DR,MF,,21-220,1.86,23/24,Ill,2024-02-29,2024-03-06,7,1
Charles Pickel,Congo DR,"DF,MF",,29-027,1.87,18/19,Meniscus Injury,2018-07-31,2018-09-13,45,5
Charles Pickel,Congo DR,"DF,MF",,29-027,1.87,17/18,Meniscus Injury,2017-09-17,2017-11-15,60,10
Charles Pickel,Congo DR,"DF,MF",,29-027,1.87,16/17,Unknown Injury,2017-03-16,2017-03-29,14,3
Noah Sadiki,Congo DR,MF,,21-176,1.65,-,Ninguna,,,0,0
Aaron Tshibola,Congo DR,MF,,31-160,1.84,25/26,Unknown Injury,2025-12-12,2025-12-19,8,2
Aaron Tshibola,Congo DR,MF,,31-160,1.84,24/25,Unknown Injury,2025-03-01,2025-03-17,17,2
Aaron Tshibola,Congo DR,MF,,31-160,1.84,17/18,Ill,2018-03-29,2018-04-05,8,1
Aaron Tshibola,Congo DR,MF,,31-160,1.84,17/18,Knock,2018-02-13,2018-02-20,8,1
Aaron Tshibola,Congo DR,MF,,31-160,1.84,16/17,Groin Problems,2016-08-19,2016-09-24,37,5
Aaron Tshibola,Congo DR,MF,,31-160,1.84,15/16,Hamstring Injury,2016-01-30,2016-05-18,110,20
Aaron Tshibola,Congo DR,MF,,31-160,1.84,15/16,Ankle Injury,2015-10-24,2015-12-27,65,10
Axel Tuanzebe,Congo DR,DF,,28-209,1.88,25/26,Achilles Tendon Problems,2026-02-06,2026-04-30,84,12
Axel Tuanzebe,Congo DR,DF,,28-209,1.88,25/26,Unknown Injury,2025-11-30,2025-12-20,21,2
Axel Tuanzebe,Congo DR,DF,,28-209,1.88,25/26,Fitness,2025-08-25,2025-09-28,35,6
Axel Tuanzebe,Congo DR,DF,,28-209,1.88,25/26,Muscular Problems,2025-08-10,2025-08-25,16,4
Axel Tuanzebe,Congo DR,DF,,28-209,1.88,24/25,Thigh Problems,2025-04-25,2025-04-28,4,1
Axel Tuanzebe,Congo DR,DF,,28-209,1.88,24/25,Broken Thumb,2025-03-04,2025-03-17,14,2
Axel Tuanzebe,Congo DR,DF,,28-209,1.88,24/25,Hamstring Injury,2024-11-30,2025-01-18,50,9
Axel Tuanzebe,Congo DR,DF,,28-209,1.88,24/25,Thumb Injury,2024-10-04,2024-11-04,32,6
Axel Tuanzebe,Congo DR,DF,,28-209,1.88,22/23,Unknown Injury,2022-07-13,2023-01-23,195,30
Axel Tuanzebe,Congo DR,DF,,28-209,1.88,21/22,Lumbago,2022-02-03,2022-03-14,40,8
Axel Tuanzebe,Congo DR,DF,,28-209,1.88,20/21,Ankle Injury,2020-06-18,2020-10-19,124,4
Axel Tuanzebe,Congo DR,DF,,28-209,1.88,19/20,Hamstring Strain,2019-12-18,2020-03-05,79,18
Axel Tuanzebe,Congo DR,DF,,28-209,1.88,19/20,Hip Injury,2019-10-19,2019-11-23,36,7
Axel Tuanzebe,Congo DR,DF,,28-209,1.88,18/19,Metatarsal Fracture,2018-12-22,2019-03-29,98,17
Aaron Wan-Bissaka,Congo DR,"DF,MF",,28-197,1.83,25/26,Ill,2025-09-12,2025-10-03,22,3
Aaron Wan-Bissaka,Congo DR,"DF,MF",,28-197,1.83,23/24,Unknown Injury,2024-01-01,2024-03-13,73,9
Aaron Wan-Bissaka,Congo DR,"DF,MF",,28-197,1.83,23/24,Hamstring Injury,2023-09-16,2023-10-30,45,9
Aaron Wan-Bissaka,Congo DR,"DF,MF",,28-197,1.83,22/23,Back Problems,2022-09-12,2022-10-25,44,8
Aaron Wan-Bissaka,Congo DR,"DF,MF",,28-197,1.83,21/22,Ill,2022-01-14,2022-01-23,10,3
Aaron Wan-Bissaka,Congo DR,"DF,MF",,28-197,1.83,21/22,Hand Injury,2021-11-29,2021-12-04,6,1
Aaron Wan-Bissaka,Congo DR,"DF,MF",,28-197,1.83,19/20,Back Injury,2020-03-02,2020-03-07,6,1
Aaron Wan-Bissaka,Congo DR,"DF,MF",,28-197,1.83,19/20,Tonsillitis,2019-09-27,2019-10-19,23,3
Aaron Wan-Bissaka,Congo DR,"DF,MF",,28-197,1.83,19/20,Back Injury,2019-09-03,2019-09-13,11,-
Aaron Wan-Bissaka,Congo DR,"DF,MF",,28-197,1.83,18/19,Hamstring Injury,2019-02-10,2019-03-02,21,3
Aaron Wan-Bissaka,Congo DR,"DF,MF",,28-197,1.83,18/19,Shoulder Injury,2018-11-11,2018-11-23,13,2
Yoane Wissa,Congo DR,"FW,MF",,29-281,1.76,25/26,Bruised Knee,2026-02-12,2026-02-23,12,3
Yoane Wissa,Congo DR,"FW,MF",,29-281,1.76,25/26,Knee Injury,2025-08-15,2025-12-06,114,27
Yoane Wissa,Congo DR,"FW,MF",,29-281,1.76,24/25,Ankle Injury,2024-09-14,2024-10-19,36,6
Yoane Wissa,Congo DR,"FW,MF",,29-281,1.76,21/22,Ankle Injury,2021-10-10,2021-11-20,42,8
Martin Baturina,Croatia,MF,,23-115,1.72,25/26,Ankle Injury,2026-02-22,2026-03-02,9,1
Martin Baturina,Croatia,MF,,23-115,1.72,23/24,Muscle Stiffness,2024-03-18,2024-03-28,11,2
Ante Budimir,Croatia,FW,,34-324,1.9,23/24,Rib Fracture,2024-04-16,2024-05-13,28,4
Ante Budimir,Croatia,FW,,34-324,1.9,21/22,Corona Virus,2021-12-18,2021-12-29,12,1
Ante Budimir,Croatia,FW,,34-324,1.9,21/22,Muscular Problems,2021-09-21,2021-10-29,39,8
Ante Budimir,Croatia,FW,,34-324,1.9,21/22,Adductor Pain,2021-08-26,2021-09-11,17,4
Ante Budimir,Croatia,FW,,34-324,1.9,20/21,Muscle Injury,2021-01-25,2021-02-07,14,2
Ante Budimir,Croatia,FW,,34-324,1.9,20/21,Corona Virus,2020-10-15,2020-10-29,15,2
Ante Budimir,Croatia,FW,,34-324,1.9,17/18,Metatarsal Fracture,2018-03-06,2018-06-01,88,12
Ante Budimir,Croatia,FW,,34-324,1.9,17/18,Knee Bruise,2017-09-23,2017-09-28,6,1
Ante Budimir,Croatia,FW,,34-324,1.9,14/15,Heel Injury,2015-04-15,2015-05-05,21,3
Duje Ćaleta-Car,Croatia,DF,,29-267,1.93,24/25,Muscle Injury,2024-11-22,2024-11-27,6,1
Duje Ćaleta-Car,Croatia,DF,,29-267,1.93,21/22,Corona Virus,2021-07-28,2021-08-14,18,1
Duje Ćaleta-Car,Croatia,DF,,29-267,1.93,20/21,Muscular Problems,2021-02-12,2021-02-16,5,1
Duje Ćaleta-Car,Croatia,DF,,29-267,1.93,17/18,Fever,2018-02-09,2018-02-14,6,1
Martin Erlić,Croatia,DF,,28-138,1.92,24/25,Calf Muscle Tear,2025-05-10,2025-05-31,22,2
Martin Erlić,Croatia,DF,,28-138,1.92,24/25,Flu,2025-01-24,2025-01-26,3,1
Martin Erlić,Croatia,DF,,28-138,1.92,24/25,Hamstring Muscle Injury,2024-10-17,2024-11-11,26,6
Martin Erlić,Croatia,DF,,28-138,1.92,24/25,Unknown Injury,2024-08-25,2024-09-12,19,3
Martin Erlić,Croatia,DF,,28-138,1.92,23/24,Unknown Injury,2024-02-10,2024-02-25,16,2
Martin Erlić,Croatia,DF,,28-138,1.92,22/23,Minor Knock,2022-09-12,2022-09-24,13,2
Martin Erlić,Croatia,DF,,28-138,1.92,21/22,Muscular Problems,2021-08-30,2021-11-01,64,7
Martin Erlić,Croatia,DF,,28-138,1.92,20/21,Minor Knock,2021-04-15,2021-04-26,12,1
Martin Erlić,Croatia,DF,,28-138,1.92,20/21,Ankle Injury,2021-04-12,2021-04-19,8,-
Martin Erlić,Croatia,DF,,28-138,1.92,20/21,Corona Virus,2020-10-22,2020-11-09,19,4
Martin Erlić,Croatia,DF,,28-138,1.92,16/17,Muscle Injury,2017-01-23,2017-04-27,95,29
Toni Fruk,Croatia,"FW,MF",,25-094,1.77,25/26,Bruised Back,2026-04-13,2026-05-01,19,3
Toni Fruk,Croatia,"FW,MF",,25-094,1.77,25/26,Broken Finger,2026-01-15,2026-01-30,16,1
Toni Fruk,Croatia,"FW,MF",,25-094,1.77,19/20,Ankle Surgery,2019-07-30,2019-10-15,78,4
Joško Gvardiol,Croatia,DF,,24-139,1.85,25/26,Broken Tibia,2026-01-04,2026-05-01,118,27
Joško Gvardiol,Croatia,DF,,24-139,1.85,25/26,Unknown Injury,2025-08-01,2025-09-01,32,3
Joško Gvardiol,Croatia,DF,,24-139,1.85,23/24,Ankle Ligament Tear,2024-02-11,2024-03-04,23,5
Joško Gvardiol,Croatia,DF,,24-139,1.85,22/23,Groin Problems,2023-06-11,2023-07-07,27,2
Joško Gvardiol,Croatia,DF,,24-139,1.85,22/23,Thigh Problems,2023-05-06,2023-05-13,8,1
Joško Gvardiol,Croatia,DF,,24-139,1.85,21/22,Knee Problems,2022-05-05,2022-05-12,8,1
Joško Gvardiol,Croatia,DF,,24-139,1.85,20/21,Muscle Injury,2021-05-13,2021-06-17,36,1
Joško Gvardiol,Croatia,DF,,24-139,1.85,20/21,Muscle Injury,2021-03-08,2021-03-29,22,6
Kristijan Jakić,Croatia,"DF,MF",,29-028,1.81,25/26,Knock,2026-04-02,2026-04-08,7,1
Kristijan Jakić,Croatia,"DF,MF",,29-028,1.81,25/26,Muscle Stiffness,2026-01-19,2026-02-05,18,2
Kristijan Jakić,Croatia,"DF,MF",,29-028,1.81,25/26,Knock,2025-11-20,2025-11-27,8,1
Kristijan Jakić,Croatia,"DF,MF",,29-028,1.81,24/25,Muscle Stiffness,2025-01-20,2025-01-27,8,1
Kristijan Jakić,Croatia,"DF,MF",,29-028,1.81,24/25,Knee Problems,2024-11-22,2024-11-26,5,1
Kristijan Jakić,Croatia,"DF,MF",,29-028,1.81,24/25,Ankle Injury,2024-08-24,2024-09-01,9,1
Kristijan Jakić,Croatia,"DF,MF",,29-028,1.81,23/24,Achilles Tendon Problems,2024-04-08,2024-06-30,84,8
Kristijan Jakić,Croatia,"DF,MF",,29-028,1.81,23/24,Calf Injury,2023-12-06,2023-12-24,19,5
Kristijan Jakić,Croatia,"DF,MF",,29-028,1.81,23/24,Knee Problems,2023-09-13,2023-10-25,43,8
Kristijan Jakić,Croatia,"DF,MF",,29-028,1.81,23/24,Concussion,2023-09-01,2023-09-07,7,1
Kristijan Jakić,Croatia,"DF,MF",,29-028,1.81,22/23,Calf Injury,2023-04-16,2023-05-23,38,6
Kristijan Jakić,Croatia,"DF,MF",,29-028,1.81,22/23,Inflammation,2022-09-19,2022-10-03,15,3
Kristijan Jakić,Croatia,"DF,MF",,29-028,1.81,21/22,Corona Virus,2021-12-30,2022-01-06,8,-
Kristijan Jakić,Croatia,"DF,MF",,29-028,1.81,21/22,Hip Bruise,2021-12-16,2022-01-06,22,1
Kristijan Jakić,Croatia,"DF,MF",,29-028,1.81,21/22,Pelvic Contusion,2021-10-25,2021-11-04,11,1
Dominik Kotarski,Croatia,GK,,26-121,1.9,24/25,Ill,2025-03-01,2025-03-10,10,2
Dominik Kotarski,Croatia,GK,,26-121,1.9,24/25,Ill,2025-02-14,2025-02-18,5,1
Dominik Kotarski,Croatia,GK,,26-121,1.9,24/25,Rest,2024-08-16,2024-08-19,4,1
Dominik Kotarski,Croatia,GK,,26-121,1.9,23/24,Fever,2024-02-24,2024-03-01,7,2
Dominik Kotarski,Croatia,GK,,26-121,1.9,22/23,Concussion,2022-09-12,2022-09-15,4,-
Dominik Kotarski,Croatia,GK,,26-121,1.9,18/19,Hand Injury,2018-12-22,2019-01-31,41,7
Mateo Kovačić,Croatia,MF,,32-036,1.78,25/26,Ankle Injury,2025-10-27,2026-03-12,137,35
Mateo Kovačić,Croatia,MF,,32-036,1.78,24/25,Achilles Tendon Surgery,2025-06-02,2025-10-03,124,15
Mateo Kovačić,Croatia,MF,,32-036,1.78,24/25,Unknown Injury,2024-11-18,2024-12-12,25,5
Mateo Kovačić,Croatia,MF,,32-036,1.78,23/24,Knee Injury,2024-02-08,2024-02-15,8,2
Mateo Kovačić,Croatia,MF,,32-036,1.78,23/24,Muscle Injury,2023-11-16,2023-12-01,16,4
Mateo Kovačić,Croatia,MF,,32-036,1.78,23/24,Muscle Injury,2023-09-12,2023-09-25,14,3
Mateo Kovačić,Croatia,MF,,32-036,1.78,22/23,Knock,2023-05-20,2023-05-27,8,2
Mateo Kovačić,Croatia,MF,,32-036,1.78,22/23,Ill,2023-02-20,2023-02-27,8,1
Mateo Kovačić,Croatia,MF,,32-036,1.78,22/23,Calf Problems,2023-01-21,2023-02-04,15,2
Mateo Kovačić,Croatia,MF,,32-036,1.78,22/23,Rest,2022-12-18,2022-12-28,11,1
Mateo Kovačić,Croatia,MF,,32-036,1.78,22/23,Knee Problems,2022-08-07,2022-08-24,18,2
Mateo Kovačić,Croatia,MF,,32-036,1.78,21/22,Ankle Injury,2022-04-17,2022-04-30,14,3
Mateo Kovačić,Croatia,MF,,32-036,1.78,21/22,Corona Virus,2021-12-03,2021-12-18,16,4
Mateo Kovačić,Croatia,MF,,32-036,1.78,21/22,Adductor Pain,2021-10-29,2021-12-01,34,8
Mateo Kovačić,Croatia,MF,,32-036,1.78,20/21,Muscle Injury,2021-04-11,2021-05-14,34,9
Andrej Kramarić,Croatia,"FW,MF",,34-357,1.77,24/25,Ankle Problems,2025-01-30,2025-02-06,8,2
Andrej Kramarić,Croatia,"FW,MF",,34-357,1.77,24/25,Ill,2024-09-24,2024-10-01,8,2
Andrej Kramarić,Croatia,"FW,MF",,34-357,1.77,23/24,Hamstring Injury,2023-09-30,2023-11-02,34,6
Andrej Kramarić,Croatia,"FW,MF",,34-357,1.77,22/23,Ankle Problems,2022-10-13,2022-10-20,8,2
Andrej Kramarić,Croatia,"FW,MF",,34-357,1.77,21/22,Corona Virus,2022-02-03,2022-02-14,12,1
Andrej Kramarić,Croatia,"FW,MF",,34-357,1.77,21/22,Head Injury,2021-11-15,2021-11-25,11,1
Andrej Kramarić,Croatia,"FW,MF",,34-357,1.77,20/21,Ankle Problems,2021-04-01,2021-04-08,8,1
Andrej Kramarić,Croatia,"FW,MF",,34-357,1.77,20/21,Ankle Injury,2021-02-11,2021-02-22,12,2
Andrej Kramarić,Croatia,"FW,MF",,34-357,1.77,20/21,Quarantine,2020-11-09,2020-11-16,8,2
Andrej Kramarić,Croatia,"FW,MF",,34-357,1.77,20/21,Fitness,2020-10-26,2020-11-09,15,4
Andrej Kramarić,Croatia,"FW,MF",,34-357,1.77,20/21,Corona Virus,2020-10-15,2020-10-26,12,3
Andrej Kramarić,Croatia,"FW,MF",,34-357,1.77,19/20,Knee Problems,2020-05-07,2020-06-08,33,4
Andrej Kramarić,Croatia,"FW,MF",,34-357,1.77,19/20,Groin Problems,2020-02-17,2020-02-27,11,1
Andrej Kramarić,Croatia,"FW,MF",,34-357,1.77,19/20,Groin Problems,2020-02-06,2020-02-10,5,1
Andrej Kramarić,Croatia,"FW,MF",,34-357,1.77,19/20,Knee Problems,2019-11-07,2019-11-21,15,3
Dominik Livaković,Croatia,GK,,31-153,1.88,24/25,Torn Thigh Muscle,2025-01-13,2025-02-21,40,10
Dominik Livaković,Croatia,GK,,31-153,1.88,24/25,Fitness,2024-12-31,2025-01-06,7,1
Dominik Livaković,Croatia,GK,,31-153,1.88,24/25,Torn Thigh Muscle,2024-12-15,2024-12-31,17,1
Igor Matanović,Croatia,FW,,23-072,1.94,25/26,Fitness,2025-08-29,2025-09-11,14,3
Igor Matanović,Croatia,FW,,23-072,1.94,25/26,Torn Muscle Fiber,2025-08-16,2025-08-28,13,2
Igor Matanović,Croatia,FW,,23-072,1.94,24/25,Ill,2025-04-23,2025-04-30,8,1
Igor Matanović,Croatia,FW,,23-072,1.94,24/25,Fitness,2025-03-26,2025-03-31,6,1
Igor Matanović,Croatia,FW,,23-072,1.94,24/25,Foot Injury,2025-02-01,2025-03-25,53,11
Igor Matanović,Croatia,FW,,23-072,1.94,22/23,Shoulder Injury,2023-02-22,2023-05-22,90,14
Igor Matanović,Croatia,FW,,23-072,1.94,21/22,Corona Virus,2022-01-20,2022-01-27,8,1
Igor Matanović,Croatia,FW,,23-072,1.94,21/22,Fitness,2021-09-17,2021-10-25,39,5
Igor Matanović,Croatia,FW,,23-072,1.94,20/21,Adductor Injury,2021-04-14,2021-09-16,156,13
Igor Matanović,Croatia,FW,,23-072,1.94,18/19,Unknown Injury,2019-03-10,2019-04-28,50,4
Luka Modrić,Croatia,MF,,40-275,1.72,25/26,Broken Cheekbone,2026-04-27,2026-05-15,19,2
Luka Modrić,Croatia,MF,,40-275,1.72,23/24,Thigh Problems,2023-11-26,2023-12-01,6,1
Luka Modrić,Croatia,MF,,40-275,1.72,22/23,Muscle Fatigue,2022-10-24,2022-10-29,6,1
Luka Modrić,Croatia,MF,,40-275,1.72,22/23,Strain,2022-09-28,2022-10-06,9,1
Luka Modrić,Croatia,MF,,40-275,1.72,21/22,Knock,2022-01-03,2022-01-07,5,1
Luka Modrić,Croatia,MF,,40-275,1.72,21/22,Corona Virus,2021-12-15,2021-12-24,10,2
Luka Modrić,Croatia,MF,,40-275,1.72,21/22,Cold,2021-11-05,2021-11-08,4,1
Luka Modrić,Croatia,MF,,40-275,1.72,21/22,Muscular Problems,2021-10-26,2021-10-28,3,1
Luka Modrić,Croatia,MF,,40-275,1.72,21/22,Adductor Pain,2021-08-20,2021-09-10,22,5
Luka Modrić,Croatia,MF,,40-275,1.72,20/21,Back Problems,2021-04-20,2021-04-23,4,1
Luka Modrić,Croatia,MF,,40-275,1.72,20/21,Contracture,2020-12-21,2020-12-27,7,1
Luka Modrić,Croatia,MF,,40-275,1.72,19/20,Bruise,2019-10-15,2019-10-23,9,2
Luka Modrić,Croatia,MF,,40-275,1.72,19/20,Muscle Injury,2019-09-12,2019-09-27,16,4
Luka Modrić,Croatia,MF,,40-275,1.72,17/18,Muscle Injury,2018-02-19,2018-03-05,15,4
Luka Modrić,Croatia,MF,,40-275,1.72,17/18,Broken Ankle,2017-10-05,2017-11-01,28,1
Nikola Moro,Croatia,MF,,28-091,1.83,21/22,Facial Injury,2022-04-19,2022-04-22,4,-
Nikola Moro,Croatia,MF,,28-091,1.83,20/21,Unknown Injury,2020-10-20,2020-11-05,17,2
Nikola Moro,Croatia,MF,,28-091,1.83,17/18,Cruciate Ligament Injury,2018-03-28,2018-09-24,181,28
Petar Musa,Croatia,FW,,28-099,1.9,24/25,Ankle Injury,2025-04-14,2025-05-09,26,4
Petar Musa,Croatia,FW,,28-099,1.9,23/24,Tonsillitis,2023-10-27,2023-11-02,7,2
Petar Musa,Croatia,FW,,28-099,1.9,22/23,Flu,2023-01-09,2023-01-12,4,1
Petar Musa,Croatia,FW,,28-099,1.9,20/21,Unknown Injury,2021-03-20,2021-03-22,3,1
Petar Musa,Croatia,FW,,28-099,1.9,20/21,Ankle Injury,2020-12-10,2020-12-31,22,3
Petar Musa,Croatia,FW,,28-099,1.9,17/18,Muscle Injury,2017-09-17,2017-10-15,29,4
Ivor Pandur,Croatia,GK,,26-078,1.87,21/22,Shoulder Injury,2022-02-09,2022-06-24,136,18
Marco Pašalić,Croatia,MF,,25-270,1.77,25/26,Hamstring Injury,2026-04-17,2026-05-12,26,6
Marco Pašalić,Croatia,MF,,25-270,1.77,22/23,Ill,2023-03-31,2023-04-09,10,5
Marco Pašalić,Croatia,MF,,25-270,1.77,21/22,Shoulder Injury,2022-03-13,2022-08-08,149,20
Marco Pašalić,Croatia,MF,,25-270,1.77,21/22,Syndesmosis Ligament Tear,2021-09-05,2022-01-23,141,40
Marco Pašalić,Croatia,MF,,25-270,1.77,20/21,Minor Knock,2021-05-14,2021-05-28,15,2
Marco Pašalić,Croatia,MF,,25-270,1.77,17/18,Ill,2017-09-09,2017-09-22,14,2
Mario Pašalić,Croatia,"FW,MF",,31-122,1.88,22/23,Ankle Sprain,2023-04-08,2023-04-23,16,1
Mario Pašalić,Croatia,"FW,MF",,31-122,1.88,22/23,Ankle Sprain,2023-02-09,2023-02-28,20,3
Mario Pašalić,Croatia,"FW,MF",,31-122,1.88,21/22,Corona Virus,2022-01-21,2022-02-02,13,1
Mario Pašalić,Croatia,"FW,MF",,31-122,1.88,20/21,Pubalgia,2020-11-24,2021-01-30,68,16
Mario Pašalić,Croatia,"FW,MF",,31-122,1.88,15/16,Back Problems,2016-02-22,2016-07-31,161,21
Ivan Perišić,Croatia,"FW,MF",,37-129,1.86,23/24,Cruciate Ligament Tear,2023-09-20,2024-02-28,162,27
Ivan Perišić,Croatia,"FW,MF",,37-129,1.86,21/22,Leg Injury,2022-05-22,2022-06-26,36,4
Ivan Perišić,Croatia,"FW,MF",,37-129,1.86,21/22,Muscle Fatigue,2022-03-04,2022-03-08,5,1
Ivan Perišić,Croatia,"FW,MF",,37-129,1.86,20/21,Corona Virus,2021-06-26,2021-07-14,19,1
Ivan Perišić,Croatia,"FW,MF",,37-129,1.86,20/21,Muscle Fatigue,2021-04-02,2021-04-11,10,2
Ivan Perišić,Croatia,"FW,MF",,37-129,1.86,19/20,Knock,2020-06-14,2020-06-22,9,2
Ivan Perišić,Croatia,"FW,MF",,37-129,1.86,19/20,Ankle Injury,2020-02-04,2020-03-30,56,8
Ivan Perišić,Croatia,"FW,MF",,37-129,1.86,19/20,Influenza,2019-09-27,2019-09-30,4,1
Ivan Perišić,Croatia,"FW,MF",,37-129,1.86,17/18,Shoulder Injury,2018-02-12,2018-02-23,12,1
Ivan Perišić,Croatia,"FW,MF",,37-129,1.86,15/16,Leg Injury,2016-06-13,2016-06-16,4,-
Ivan Perišić,Croatia,"FW,MF",,37-129,1.86,15/16,Ankle Sprain,2016-01-25,2016-01-28,4,1
Ivan Perišić,Croatia,"FW,MF",,37-129,1.86,14/15,Adductor Pain,2015-02-12,2015-03-09,26,7
Ivan Perišić,Croatia,"FW,MF",,37-129,1.86,14/15,Muscle Strain,2015-02-05,2015-02-12,8,1
Ivan Perišić,Croatia,"FW,MF",,37-129,1.86,14/15,Broken Shoulder,2014-07-28,2014-09-22,57,8
Ivan Perišić,Croatia,"FW,MF",,37-129,1.86,13/14,Stomach Flu,2013-08-08,2013-08-12,5,1
Marin Pongračić,Croatia,DF,,28-273,1.93,24/25,Thigh Problems,2024-12-07,2024-12-22,16,3
Marin Pongračić,Croatia,DF,,28-273,1.93,24/25,Muscle Injury,2024-09-21,2024-11-02,43,10
Marin Pongračić,Croatia,DF,,28-273,1.93,22/23,Ankle Surgery,2022-12-23,2023-05-05,134,19
Marin Pongračić,Croatia,DF,,28-273,1.93,20/21,Mononucleation,2020-08-27,2020-10-31,66,9
Marin Pongračić,Croatia,DF,,28-273,1.93,19/20,Stomach Flu,2019-10-04,2019-10-18,15,1
Marin Pongračić,Croatia,DF,,28-273,1.93,19/20,Hamstring Injury,2019-08-16,2019-09-27,43,7
Marin Pongračić,Croatia,DF,,28-273,1.93,19/20,Hamstring Injury,2019-07-19,2019-07-26,8,1
Marin Pongračić,Croatia,DF,,28-273,1.93,18/19,Torn Muscle Fiber,2019-04-14,2019-07-06,84,8
Marin Pongračić,Croatia,DF,,28-273,1.93,18/19,Torn Muscle Bundle,2019-02-22,2019-04-13,51,9
Marin Pongračić,Croatia,DF,,28-273,1.93,17/18,Ill,2018-02-16,2018-02-25,10,2
Marin Pongračić,Croatia,DF,,28-273,1.93,17/18,Knee Injury,2017-12-15,2018-02-09,57,2
Marin Pongračić,Croatia,DF,,28-273,1.93,17/18,Adductor Injury,2017-09-04,2017-11-04,62,15
Josip Stanišić,Croatia,DF,,26-070,1.87,25/26,Capsular Injury,2026-01-12,2026-01-30,19,5
Josip Stanišić,Croatia,DF,,26-070,1.87,25/26,Inner Ligament Injury,2025-09-18,2025-10-23,36,8
Josip Stanišić,Croatia,DF,,26-070,1.87,24/25,Stomach Flu,2025-02-23,2025-02-25,3,1
Josip Stanišić,Croatia,DF,,26-070,1.87,24/25,Muscle Strain,2025-01-06,2025-01-17,12,2
Josip Stanišić,Croatia,DF,,26-070,1.87,24/25,Fitness,2024-12-09,2024-12-23,15,3
Josip Stanišić,Croatia,DF,,26-070,1.87,24/25,Torn Lateral Knee Ligament,2024-08-19,2024-12-09,113,26
Josip Stanišić,Croatia,DF,,26-070,1.87,23/24,Ill,2023-09-14,2023-09-16,3,1
Josip Stanišić,Croatia,DF,,26-070,1.87,22/23,Torn Muscle Fiber In The Adductor Area,2023-05-05,2023-05-19,15,2
Josip Stanišić,Croatia,DF,,26-070,1.87,22/23,Tonsillitis,2022-11-03,2022-11-10,8,2
Josip Stanišić,Croatia,DF,,26-070,1.87,21/22,Torn Muscle Bundle,2021-12-02,2022-01-24,54,8
Josip Stanišić,Croatia,DF,,26-070,1.87,21/22,Corona Virus,2021-11-15,2021-11-25,11,2
Josip Stanišić,Croatia,DF,,26-070,1.87,20/21,Concussion,2020-11-02,2020-11-09,8,1
Josip Stanišić,Croatia,DF,,26-070,1.87,19/20,Knee Injury,2020-01-30,2020-05-28,120,6
Josip Stanišić,Croatia,DF,,26-070,1.87,19/20,Muscle Injury,2019-10-03,2019-11-18,47,5
Josip Stanišić,Croatia,DF,,26-070,1.87,19/20,Muscle Injury,2019-08-26,2019-09-16,22,2
Luka Sučić,Croatia,"FW,MF",,23-276,1.85,25/26,Hamstring Strain,2026-02-07,2026-02-16,10,2
Luka Sučić,Croatia,"FW,MF",,23-276,1.85,24/25,Fitness,2024-07-24,2024-08-01,9,1
Luka Sučić,Croatia,"FW,MF",,23-276,1.85,23/24,Knee Injury,2024-03-02,2024-03-30,29,5
Luka Sučić,Croatia,"FW,MF",,23-276,1.85,23/24,Intestinal Virus,2023-11-14,2023-11-19,6,1
Luka Sučić,Croatia,"FW,MF",,23-276,1.85,23/24,Ill,2023-10-07,2023-10-09,3,1
Luka Sučić,Croatia,"FW,MF",,23-276,1.85,22/23,Knee Surgery,2023-03-05,2023-09-15,195,31
Luka Sučić,Croatia,"FW,MF",,23-276,1.85,22/23,Adductor Pain,2022-10-22,2022-10-24,3,1
Luka Sučić,Croatia,"FW,MF",,23-276,1.85,22/23,Groin Problems,2022-09-02,2022-09-13,12,3
Luka Sučić,Croatia,"FW,MF",,23-276,1.85,21/22,Corona Virus,2022-03-01,2022-03-04,4,1
Luka Sučić,Croatia,"FW,MF",,23-276,1.85,21/22,Ill,2022-02-07,2022-02-15,9,1
Luka Sučić,Croatia,"FW,MF",,23-276,1.85,21/22,Bruise,2021-08-20,2021-08-24,5,1
Luka Sučić,Croatia,"FW,MF",,23-276,1.85,21/22,Cold,2021-08-07,2021-08-13,7,1
Luka Sučić,Croatia,"FW,MF",,23-276,1.85,20/21,Hamstring Injury,2021-03-19,2021-04-09,22,2
Petar Sučić,Croatia,MF,,22-229,1.83,24/25,Metatarsal Fracture,2024-11-21,2025-02-10,82,12
Josip Šutalo,Croatia,DF,,26-103,1.85,25/26,Unknown Injury,2026-05-16,2026-06-01,17,3
Josip Šutalo,Croatia,DF,,26-103,1.85,25/26,Unknown Injury,2025-11-29,2026-01-04,37,6
Josip Šutalo,Croatia,DF,,26-103,1.85,25/26,Ankle Injury,2025-07-15,2025-08-23,40,2
Josip Šutalo,Croatia,DF,,26-103,1.85,24/25,Shoulder Injury,2025-02-23,2025-03-05,11,2
Josip Šutalo,Croatia,DF,,26-103,1.85,24/25,Ill,2024-12-15,2025-01-13,30,4
Josip Šutalo,Croatia,DF,,26-103,1.85,24/25,Minor Knock,2024-11-03,2024-11-09,7,1
Josip Šutalo,Croatia,DF,,26-103,1.85,23/24,Unknown Injury,2024-03-15,2024-04-03,20,4
Josip Šutalo,Croatia,DF,,26-103,1.85,23/24,Unknown Injury,2024-03-01,2024-03-09,9,2
Josip Šutalo,Croatia,DF,,26-103,1.85,23/24,Unknown Injury,2024-01-15,2024-02-02,19,2
Josip Šutalo,Croatia,DF,,26-103,1.85,23/24,Bruise,2023-11-24,2023-12-02,9,2
Josip Šutalo,Croatia,DF,,26-103,1.85,23/24,Back Problems,2023-10-07,2023-10-10,4,1
Josip Šutalo,Croatia,DF,,26-103,1.85,22/23,Unknown Injury,2022-07-22,2022-08-29,39,11
Nikola Vlašić,Croatia,"FW,MF",,28-250,1.79,24/25,Muscular Problems,2025-04-12,2025-04-25,14,2
Nikola Vlašić,Croatia,"FW,MF",,28-250,1.79,23/24,Muscle Injury,2024-06-18,2024-09-27,102,11
Nikola Vlašić,Croatia,"FW,MF",,28-250,1.79,23/24,Adductor Injury,2024-05-09,2024-05-31,23,3
Nikola Vlašić,Croatia,"FW,MF",,28-250,1.79,23/24,Unknown Injury,2024-02-20,2024-02-22,3,-
Nikola Vlašić,Croatia,"FW,MF",,28-250,1.79,23/24,Unknown Injury,2023-12-29,2024-01-04,7,-
Nikola Vlašić,Croatia,"FW,MF",,28-250,1.79,23/24,Head Injury,2023-10-22,2023-11-01,11,1
Nikola Vlašić,Croatia,"FW,MF",,28-250,1.79,23/24,Stomach Flu,2023-09-18,2023-09-20,3,1
Nikola Vlašić,Croatia,"FW,MF",,28-250,1.79,22/23,Hamstring Injury,2023-02-19,2023-03-16,26,4
Nikola Vlašić,Croatia,"FW,MF",,28-250,1.79,21/22,Foot Bruise,2021-08-14,2021-08-18,5,-
Nikola Vlašić,Croatia,"FW,MF",,28-250,1.79,21/22,Bruise,2021-07-24,2021-07-27,4,-
Nikola Vlašić,Croatia,"FW,MF",,28-250,1.79,20/21,Inflammation In The Knee,2021-05-01,2021-05-17,17,2
Nikola Vlašić,Croatia,"FW,MF",,28-250,1.79,20/21,Muscle Injury,2020-08-08,2020-08-17,10,2
Nikola Vlašić,Croatia,"FW,MF",,28-250,1.79,18/19,Bruise On The Ankle Joint,2019-06-24,2019-06-30,7,-
Nikola Vlašić,Croatia,"FW,MF",,28-250,1.79,14/15,Concussion,2014-08-24,2014-09-14,22,4
Luka Vušković,Croatia,DF,,19-107,1.93,25/26,Knee Bruise,2026-04-08,2026-04-29,22,3
Luka Vušković,Croatia,DF,,19-107,1.93,22/23,Muscle Injury,2023-04-16,2023-05-15,30,5
Jeremy Antonisse,Curaçao,"FW,MF",,24-074,1.64,25/26,Sprain,2026-05-04,2026-05-15,12,2
Jeremy Antonisse,Curaçao,"FW,MF",,24-074,1.64,25/26,Ankle Injury,2026-02-22,2026-03-06,13,2
Jeremy Antonisse,Curaçao,"FW,MF",,24-074,1.64,25/26,Sprain,2025-12-13,2025-12-21,9,1
Jeremy Antonisse,Curaçao,"FW,MF",,24-074,1.64,23/24,Unknown Injury,2023-08-01,2023-08-25,25,2
Jeremy Antonisse,Curaçao,"FW,MF",,24-074,1.64,22/23,Ill,2023-02-02,2023-02-06,5,1
Jeremy Antonisse,Curaçao,"FW,MF",,24-074,1.64,22/23,Unknown Injury,2022-08-01,2022-08-10,10,1
Jeremy Antonisse,Curaçao,"FW,MF",,24-074,1.64,21/22,Unknown Injury,2022-03-28,2022-04-18,22,9
Jeremy Antonisse,Curaçao,"FW,MF",,24-074,1.64,21/22,Unknown Injury,2022-01-07,2022-02-01,26,6
Jeremy Antonisse,Curaçao,"FW,MF",,24-074,1.64,21/22,Knock,2021-09-30,2021-11-18,50,10
Juninho Bacuna,Curaçao,"FW,MF",,28-308,1.78,20/21,Ill,2020-11-02,2020-11-04,3,1
Juninho Bacuna,Curaçao,"FW,MF",,28-308,1.78,18/19,Knock,2019-03-17,2019-03-29,13,-
Juninho Bacuna,Curaçao,"FW,MF",,28-308,1.78,18/19,Knock,2018-08-30,2018-10-05,37,4
Leandro Bacuna,Curaçao,"DF,MF",,34-294,1.8,21/22,Unknown Injury,2022-01-01,2022-06-02,153,24
Leandro Bacuna,Curaçao,"DF,MF",,34-294,1.8,21/22,Unknown Injury,2021-10-18,2021-10-25,8,2
Leandro Bacuna,Curaçao,"DF,MF",,34-294,1.8,21/22,Unknown Injury,2021-08-01,2021-08-16,16,1
Riechedly Bazoer,Curaçao,"DF,MF",,29-242,1.84,25/26,Unknown Injury,2026-04-03,2026-04-06,4,1
Riechedly Bazoer,Curaçao,"DF,MF",,29-242,1.84,25/26,Unknown Injury,2025-11-07,2026-01-02,57,10
Riechedly Bazoer,Curaçao,"DF,MF",,29-242,1.84,25/26,Fitness,2025-10-02,2025-10-06,5,1
Riechedly Bazoer,Curaçao,"DF,MF",,29-242,1.84,25/26,Injury To The Ankle,2025-09-27,2025-10-02,6,1
Riechedly Bazoer,Curaçao,"DF,MF",,29-242,1.84,24/25,Inner Ligament Stretch Of The Knee,2025-03-21,2025-03-30,10,1
Riechedly Bazoer,Curaçao,"DF,MF",,29-242,1.84,24/25,Toothache,2025-02-19,2025-02-24,6,1
Riechedly Bazoer,Curaçao,"DF,MF",,29-242,1.84,24/25,Unknown Injury,2024-12-14,2024-12-18,5,1
Riechedly Bazoer,Curaçao,"DF,MF",,29-242,1.84,23/24,Unknown Injury,2024-05-05,2024-05-11,7,-
Riechedly Bazoer,Curaçao,"DF,MF",,29-242,1.84,23/24,Unknown Injury,2023-11-26,2023-12-12,17,2
Riechedly Bazoer,Curaçao,"DF,MF",,29-242,1.84,23/24,Strain,2023-09-29,2023-10-06,8,2
Riechedly Bazoer,Curaçao,"DF,MF",,29-242,1.84,22/23,Knee Injury,2023-02-01,2023-03-26,54,10
Riechedly Bazoer,Curaçao,"DF,MF",,29-242,1.84,22/23,Ill,2023-01-20,2023-01-23,4,1
Riechedly Bazoer,Curaçao,"DF,MF",,29-242,1.84,22/23,Unknown Injury,2022-08-12,2022-09-06,26,6
Riechedly Bazoer,Curaçao,"DF,MF",,29-242,1.84,22/23,Ill,2022-08-03,2022-08-10,8,2
Riechedly Bazoer,Curaçao,"DF,MF",,29-242,1.84,21/22,Ill,2022-03-11,2022-03-15,5,1
Tyrick Bodak,Curaçao,GK,,24-027,1.9,-,Ninguna,,,0,0
Joshua Brenet,Curaçao,DF,,32-083,1.81,23/24,Muscle Injury,2023-08-21,2023-11-04,76,10
Joshua Brenet,Curaçao,DF,,32-083,1.81,22/23,Groin Injury,2022-11-07,2022-12-31,55,1
Joshua Brenet,Curaçao,DF,,32-083,1.81,20/21,Quarantine,2020-11-11,2020-11-16,6,-
Joshua Brenet,Curaçao,DF,,32-083,1.81,16/17,Ankle Injury,2016-11-21,2016-12-01,11,2
Joshua Brenet,Curaçao,DF,,32-083,1.81,14/15,Groin Injury,2015-04-21,2015-05-09,19,1
Joshua Brenet,Curaçao,DF,,32-083,1.81,13/14,Unknown Injury,2013-11-09,2013-11-21,13,3
Tahith Chong,Curaçao,"FW,MF",,26-189,1.85,25/26,Meniscus Tear,2025-09-27,2025-11-26,61,14
Tahith Chong,Curaçao,"FW,MF",,26-189,1.85,24/25,Hamstring Injury,2025-01-15,2025-03-20,65,12
Tahith Chong,Curaçao,"FW,MF",,26-189,1.85,24/25,Knock,2024-09-28,2024-10-12,15,2
Tahith Chong,Curaçao,"FW,MF",,26-189,1.85,21/22,Hamstring Injury,2022-04-04,2022-05-01,28,5
Tahith Chong,Curaçao,"FW,MF",,26-189,1.85,21/22,Groin Surgery,2021-11-03,2022-02-21,111,18
Tahith Chong,Curaçao,"FW,MF",,26-189,1.85,21/22,Thigh Problems,2021-08-08,2021-08-15,8,2
Tahith Chong,Curaçao,"FW,MF",,26-189,1.85,20/21,Quarantine,2020-10-22,2020-10-24,3,-
Tahith Chong,Curaçao,"FW,MF",,26-189,1.85,16/17,Knee Injury,2017-01-21,2017-11-17,301,20
Livano Comenencia,Curaçao,DF,,22-128,1.85,25/26,Unknown Injury,2026-05-13,2026-05-27,15,1
Livano Comenencia,Curaçao,DF,,22-128,1.85,25/26,Thigh Problems,2026-02-14,2026-03-14,29,4
Livano Comenencia,Curaçao,DF,,22-128,1.85,25/26,Adductor Injury,2025-12-07,2026-01-11,36,3
Livano Comenencia,Curaçao,DF,,22-128,1.85,24/25,Flu,2024-12-10,2024-12-17,8,1
Trevor Doornbusch,Curaçao,GK,,26-340,1.88,25/26,Muscle Injury,2025-10-28,2025-11-06,10,1
Trevor Doornbusch,Curaçao,GK,,26-340,1.88,21/22,Ill,2021-11-18,2021-11-25,8,1
Roshon van Eijma,Curaçao,DF,,28-002,1.86,21/22,Achilles Tendon Problems,2021-08-26,2021-09-30,36,5
Roshon van Eijma,Curaçao,DF,,28-002,1.86,19/20,Unknown Injury,2019-10-03,2019-10-17,15,3
Roshon van Eijma,Curaçao,DF,,28-002,1.86,18/19,Unknown Injury,2019-03-29,2019-04-18,21,3
Kevin Felida,Curaçao,MF,,26-212,1.74,23/24,Unknown Injury,2023-11-02,2023-11-09,8,1
Kevin Felida,Curaçao,MF,,26-212,1.74,22/23,Unknown Injury,2022-08-10,2022-09-02,24,3
Kevin Felida,Curaçao,MF,,26-212,1.74,20/21,Minor Knock,2021-05-11,2021-05-18,8,1
Kevin Felida,Curaçao,MF,,26-212,1.74,20/21,Knock,2021-04-16,2021-04-22,7,-
Kevin Felida,Curaçao,MF,,26-212,1.74,20/21,Knock,2021-04-08,2021-04-15,8,1
Sherel Floranus,Curaçao,DF,,27-292,1.81,25/26,Unknown Injury,2026-03-12,2026-04-03,23,1
Sherel Floranus,Curaçao,DF,,27-292,1.81,23/24,Ankle Injury,2023-10-15,2023-11-11,28,5
Sherel Floranus,Curaçao,DF,,27-292,1.81,21/22,Unknown Injury,2022-01-05,2022-01-27,23,4
Sherel Floranus,Curaçao,DF,,27-292,1.81,20/21,Corona Virus,2021-01-08,2021-01-16,9,2
Sherel Floranus,Curaçao,DF,,27-292,1.81,17/18,Knock,2018-03-05,2018-03-17,13,1
Sherel Floranus,Curaçao,DF,,27-292,1.81,15/16,Ankle Injury,2015-09-05,2015-10-05,31,7
Deveron Fonville,Curaçao,DF,,23-026,1.88,25/26,Leg Injury,2025-09-13,2025-09-27,15,1
Juriën Gaari,Curaçao,DF,,32-170,1.83,23/24,Unknown Injury,2024-01-10,2024-01-17,8,1
Juriën Gaari,Curaçao,DF,,32-170,1.83,20/21,Unknown Injury,2021-05-14,2021-06-04,22,1
Kenji Gorré,Curaçao,"FW,MF",,31-255,1.74,25/26,Knee Injury,2026-04-20,2026-05-17,28,7
Kenji Gorré,Curaçao,"FW,MF",,31-255,1.74,25/26,Fever,2026-01-13,2026-01-16,4,1
Kenji Gorré,Curaçao,"FW,MF",,31-255,1.74,25/26,Muscle Injury,2025-07-31,2025-09-10,42,6
Kenji Gorré,Curaçao,"FW,MF",,31-255,1.74,22/23,Unknown Injury,2023-03-11,2023-03-18,8,1
Sontje Hansen,Curaçao,"FW,MF",,24-024,1.76,24/25,Ill,2025-01-10,2025-01-31,22,2
Sontje Hansen,Curaçao,"FW,MF",,24-024,1.76,23/24,Ill,2023-10-27,2023-11-03,8,1
Sontje Hansen,Curaçao,"FW,MF",,24-024,1.76,21/22,Knee Injury,2021-08-26,2021-10-17,53,7
Sontje Hansen,Curaçao,"FW,MF",,24-024,1.76,20/21,Ankle Injury,2020-08-29,2020-10-01,34,5
Sontje Hansen,Curaçao,"FW,MF",,24-024,1.76,19/20,Knock,2019-11-28,2019-12-06,9,2
Gervane Kastaneer,Curaçao,"FW,MF",,30-002,1.89,25/26,Unknown Injury,2025-11-13,2025-11-25,13,2
Gervane Kastaneer,Curaçao,"FW,MF",,30-002,1.89,25/26,Unknown Injury,2025-10-29,2025-11-04,7,1
Gervane Kastaneer,Curaçao,"FW,MF",,30-002,1.89,22/23,Hamstring Injury,2022-08-10,2022-09-08,30,4
Gervane Kastaneer,Curaçao,"FW,MF",,30-002,1.89,20/21,Ankle Injury,2020-10-26,2020-11-26,32,6
Gervane Kastaneer,Curaçao,"FW,MF",,30-002,1.89,20/21,Ankle Injury,2020-09-01,2020-10-15,45,5
Gervane Kastaneer,Curaçao,"FW,MF",,30-002,1.89,18/19,Knee Injury,2018-10-16,2018-12-31,77,10
Gervane Kastaneer,Curaçao,"FW,MF",,30-002,1.89,17/18,Knee Problems,2017-07-24,2017-08-01,9,1
Gervane Kastaneer,Curaçao,"FW,MF",,30-002,1.89,16/17,Eye Injury,2017-01-23,2017-05-08,106,16
Gervane Kastaneer,Curaçao,"FW,MF",,30-002,1.89,16/17,Groin Injury,2016-10-20,2016-11-10,22,4
Gervane Kastaneer,Curaçao,"FW,MF",,30-002,1.89,16/17,Thigh Problems,2016-09-16,2016-09-20,5,1
Brandley Kuwas,Curaçao,"FW,MF",,33-265,1.81,25/26,Shoulder Injury,2026-03-02,2026-03-15,14,2
Brandley Kuwas,Curaçao,"FW,MF",,33-265,1.81,22/23,Unknown Injury,2023-05-30,2023-06-08,10,2
Brandley Kuwas,Curaçao,"FW,MF",,33-265,1.81,17/18,Bone Bruise,2017-08-27,2017-09-29,34,4
Jürgen Locadia,Curaçao,FW,,32-216,1.93,24/25,Muscular Problems,2024-09-07,2024-11-05,60,10
Jürgen Locadia,Curaçao,FW,,32-216,1.93,21/22,Ill,2022-05-12,2022-05-19,8,1
Jürgen Locadia,Curaçao,FW,,32-216,1.93,21/22,Knee Problems,2022-03-17,2022-04-11,26,3
Jürgen Locadia,Curaçao,FW,,32-216,1.93,21/22,Bruised Back,2022-03-03,2022-03-10,8,1
Jürgen Locadia,Curaçao,FW,,32-216,1.93,21/22,Corona Virus,2021-12-13,2022-01-03,22,4
Jürgen Locadia,Curaçao,FW,,32-216,1.93,19/20,Stomach Flu,2019-09-19,2019-09-23,5,-
Jürgen Locadia,Curaçao,FW,,32-216,1.93,18/19,Ankle Injury,2019-02-18,2019-02-25,8,-
Jürgen Locadia,Curaçao,FW,,32-216,1.93,17/18,Hamstring Injury,2017-12-11,2018-02-15,67,8
Jürgen Locadia,Curaçao,FW,,32-216,1.93,17/18,Ankle Injury,2017-11-06,2017-11-16,11,-
Jürgen Locadia,Curaçao,FW,,32-216,1.93,17/18,Leg Injury,2017-10-23,2017-10-26,4,-
Jürgen Locadia,Curaçao,FW,,32-216,1.93,16/17,Minor Knock,2017-05-22,2017-06-01,11,-
Jürgen Locadia,Curaçao,FW,,32-216,1.93,16/17,Knee Injury,2016-12-12,2017-02-20,71,7
Jürgen Locadia,Curaçao,FW,,32-216,1.93,16/17,Groin Problems,2016-09-08,2016-12-12,96,20
Jürgen Locadia,Curaçao,FW,,32-216,1.93,15/16,Knee Problems,2016-05-23,2016-06-09,18,-
Jürgen Locadia,Curaçao,FW,,32-216,1.93,15/16,Ankle Injury,2016-03-21,2016-04-07,18,1
Jearl Margaritha,Curaçao,"FW,MF",,26-062,1.81,23/24,Unknown Injury,2023-10-18,2023-12-17,61,11
Jearl Margaritha,Curaçao,"FW,MF",,26-062,1.81,21/22,Groin Injury,2021-10-21,2021-10-29,9,2
Jearl Margaritha,Curaçao,"FW,MF",,26-062,1.81,21/22,Groin Injury,2021-10-08,2021-10-14,7,1
Ar'jany Martha,Curaçao,"DF,FW",,22-280,1.8,23/24,Knock,2023-08-24,2023-09-24,32,4
Tyrese Noslin,Curaçao,MF,,23-273,1.82,-,Ninguna,,,0,0
Armando Obispo,Curaçao,DF,,27-098,1.85,25/26,Calf Injury,2026-04-03,2026-04-22,20,2
Armando Obispo,Curaçao,DF,,27-098,1.85,24/25,Minor Knock,2024-11-05,2024-11-25,21,2
Armando Obispo,Curaçao,DF,,27-098,1.85,24/25,Knee Injury,2024-07-20,2024-09-21,64,7
Armando Obispo,Curaçao,DF,,27-098,1.85,22/23,Knee Injury,2023-03-20,2023-11-20,246,31
Armando Obispo,Curaçao,DF,,27-098,1.85,21/22,Unknown Injury,2022-03-28,2022-06-24,89,10
Armando Obispo,Curaçao,DF,,27-098,1.85,21/22,Concussion,2022-02-15,2022-03-04,18,5
Armando Obispo,Curaçao,DF,,27-098,1.85,21/22,Ill,2021-11-06,2021-11-10,5,1
Armando Obispo,Curaçao,DF,,27-098,1.85,20/21,Tendon Rupture,2020-09-11,2021-02-09,152,31
Godfried Roemeratoe,Curaçao,MF,,26-296,1.78,23/24,Unknown Injury,2023-08-16,2023-09-01,17,2
Godfried Roemeratoe,Curaçao,MF,,26-296,1.78,21/22,Unknown Injury,2022-02-01,2022-02-15,15,2
Godfried Roemeratoe,Curaçao,MF,,26-296,1.78,21/22,Unknown Injury,2021-09-23,2021-10-10,18,2
Godfried Roemeratoe,Curaçao,MF,,26-296,1.78,21/22,Unknown Injury,2021-08-03,2021-08-12,10,-
Godfried Roemeratoe,Curaçao,MF,,26-296,1.78,20/21,Unknown Injury,2021-02-05,2021-02-13,9,1
Godfried Roemeratoe,Curaçao,MF,,26-296,1.78,20/21,Quarantine,2020-11-08,2020-11-23,16,1
Eloy Room,Curaçao,GK,,37-125,1.9,22/23,Knee Injury,2023-03-30,2023-05-01,33,6
Eloy Room,Curaçao,GK,,37-125,1.9,16/17,Groin Injury,2017-03-03,2017-03-09,7,1
Eloy Room,Curaçao,GK,,37-125,1.9,11/12,Strain In The Thigh And Gluteal Muscles,2011-08-08,2011-08-22,15,2
Shurandy Sambo,Curaçao,DF,,24-296,1.74,25/26,Flu,2025-09-29,2025-10-02,4,-
Shurandy Sambo,Curaçao,DF,,24-296,1.74,23/24,Unknown Injury,2023-12-01,2023-12-05,5,1
Shurandy Sambo,Curaçao,DF,,24-296,1.74,21/22,Cruciate Ligament Tear,2021-08-11,2022-06-24,318,37
Shurandy Sambo,Curaçao,DF,,24-296,1.74,18/19,Cruciate Ligament Tear,2018-05-12,2019-03-14,307,21
Lukáš Červ,Czechia,MF,,25-062,1.82,21/22,Unknown Injury,2022-02-14,2022-03-20,35,9
Lukáš Červ,Czechia,MF,,25-062,1.82,19/20,Corona Virus,2020-05-19,2020-06-08,21,-
Štěpán Chaloupek,Czechia,DF,,23-095,1.88,25/26,Unknown Injury,2026-04-11,2026-05-08,28,4
Štěpán Chaloupek,Czechia,DF,,23-095,1.88,24/25,Ankle Injury,2025-03-20,2025-04-16,28,9
Štěpán Chaloupek,Czechia,DF,,23-095,1.88,24/25,Muscle Injury,2024-07-10,2024-08-14,36,6
Štěpán Chaloupek,Czechia,DF,,23-095,1.88,22/23,Knee Injury,2022-09-18,2022-11-19,63,9
Štěpán Chaloupek,Czechia,DF,,23-095,1.88,21/22,Muscle Injury,2021-11-28,2021-12-30,33,3
Tomáš Chorý,Czechia,FW,,31-136,1.99,21/22,Facial Fracture,2021-11-06,2021-11-19,14,-
Tomáš Chorý,Czechia,FW,,31-136,1.99,20/21,Ankle Injury,2020-12-19,2021-02-07,51,10
Tomáš Chorý,Czechia,FW,,31-136,1.99,17/18,Knee Problems,2017-09-09,2017-10-10,32,4
Mojmír Chytil,Czechia,FW,,27-043,1.87,19/20,Corona Virus,2020-08-20,2020-09-01,13,2
Vladimír Coufal,Czechia,MF,,33-293,1.75,25/26,Knee Problems,2025-10-27,2025-10-30,4,1
Vladimír Coufal,Czechia,MF,,33-293,1.75,24/25,Hamstring Strain,2025-02-14,2025-04-01,47,5
Vladimír Coufal,Czechia,MF,,33-293,1.75,22/23,Hamstring Injury,2023-05-03,2023-05-16,14,3
Vladimír Coufal,Czechia,MF,,33-293,1.75,22/23,Heel Injury,2023-03-01,2023-03-20,20,5
Vladimír Coufal,Czechia,MF,,33-293,1.75,21/22,Groin Surgery,2022-02-14,2022-04-01,47,10
Vladimír Coufal,Czechia,MF,,33-293,1.75,21/22,Groin Injury,2021-10-05,2021-10-27,23,5
Vladimír Coufal,Czechia,MF,,33-293,1.75,20/21,Quarantine,2020-09-05,2020-09-09,5,1
Vladimír Coufal,Czechia,MF,,33-293,1.75,18/19,Muscle Injury,2019-04-10,2019-04-25,16,4
Vladimír Coufal,Czechia,MF,,33-293,1.75,18/19,Injury To Abdominal Muscles,2018-11-04,2018-11-25,22,6
Vladimír Coufal,Czechia,MF,,33-293,1.75,16/17,Knee Bruise,2017-02-26,2017-05-10,74,11
Vladimír Darida,Czechia,MF,,35-307,1.72,21/22,Corona Virus,2022-03-14,2022-03-17,4,-
Vladimír Darida,Czechia,MF,,35-307,1.72,21/22,Hamstring Injury,2021-11-09,2021-11-29,21,4
Vladimír Darida,Czechia,MF,,35-307,1.72,20/21,Minor Knock,2021-06-24,2021-07-01,8,1
Vladimír Darida,Czechia,MF,,35-307,1.72,19/20,Quarantine,2020-03-16,2020-03-30,15,-
Vladimír Darida,Czechia,MF,,35-307,1.72,19/20,Cold,2020-01-23,2020-02-06,15,3
Vladimír Darida,Czechia,MF,,35-307,1.72,18/19,Torn Lateral Knee Ligament,2019-04-30,2019-06-30,62,5
Vladimír Darida,Czechia,MF,,35-307,1.72,18/19,Hamstring Injury,2019-03-28,2019-04-18,22,3
Vladimír Darida,Czechia,MF,,35-307,1.72,18/19,Hamstring Injury,2019-02-24,2019-03-13,18,5
Vladimír Darida,Czechia,MF,,35-307,1.72,18/19,Tendon Irritation,2018-11-29,2018-12-04,6,2
Vladimír Darida,Czechia,MF,,35-307,1.72,18/19,Knee Problems,2018-07-04,2018-10-02,91,9
Vladimír Darida,Czechia,MF,,35-307,1.72,17/18,Toe Injury,2018-02-26,2018-03-05,8,1
Vladimír Darida,Czechia,MF,,35-307,1.72,17/18,Fitness,2018-01-01,2018-01-11,11,-
Vladimír Darida,Czechia,MF,,35-307,1.72,17/18,Arthroscopy,2017-11-20,2018-01-01,43,7
Vladimír Darida,Czechia,MF,,35-307,1.72,17/18,Ligament Stretching,2017-10-16,2017-11-20,36,9
Vladimír Darida,Czechia,MF,,35-307,1.72,17/18,Bruised Ribs,2017-09-25,2017-09-25,1,-
David Doudera,Czechia,"DF,MF",,28-011,1.75,25/26,Calf Injury,2026-02-14,2026-04-01,47,7
David Doudera,Czechia,"DF,MF",,28-011,1.75,25/26,Muscle Injury,2025-10-01,2025-10-30,30,7
David Doudera,Czechia,"DF,MF",,28-011,1.75,23/24,Unknown Injury,2024-04-11,2024-04-17,7,1
David Doudera,Czechia,"DF,MF",,28-011,1.75,23/24,Unknown Injury,2023-11-20,2023-11-27,8,1
David Doudera,Czechia,"DF,MF",,28-011,1.75,23/24,Muscle Injury,2023-07-30,2023-08-15,17,3
David Doudera,Czechia,"DF,MF",,28-011,1.75,22/23,Ill,2023-04-06,2023-04-18,13,2
David Doudera,Czechia,"DF,MF",,28-011,1.75,22/23,Unknown Injury,2022-10-09,2022-10-14,6,1
Adam Hložek,Czechia,"FW,MF",,23-321,1.88,25/26,Calf Injury,2026-01-09,2026-04-20,102,17
Adam Hložek,Czechia,"FW,MF",,23-321,1.88,25/26,Fitness,2025-11-25,2025-12-01,7,1
Adam Hložek,Czechia,"FW,MF",,23-321,1.88,25/26,Scaphoid Fracture,2025-08-13,2025-11-24,104,19
Adam Hložek,Czechia,"FW,MF",,23-321,1.88,24/25,Foot Injury,2025-06-07,2025-08-04,59,1
Adam Hložek,Czechia,"FW,MF",,23-321,1.88,24/25,Ankle Surgery,2025-02-09,2025-03-31,51,8
Adam Hložek,Czechia,"FW,MF",,23-321,1.88,24/25,Thigh Problems,2024-09-13,2024-09-20,8,1
Adam Hložek,Czechia,"FW,MF",,23-321,1.88,23/24,Ankle Injury,2024-04-07,2024-04-29,23,5
Adam Hložek,Czechia,"FW,MF",,23-321,1.88,22/23,Unknown Injury,2023-03-28,2023-04-10,14,2
Adam Hložek,Czechia,"FW,MF",,23-321,1.88,21/22,Knee Problems,2021-11-01,2021-11-18,18,3
Adam Hložek,Czechia,"FW,MF",,23-321,1.88,20/21,Hip Problems,2021-05-20,2021-05-27,8,1
Adam Hložek,Czechia,"FW,MF",,23-321,1.88,20/21,Metatarsal Fracture,2020-10-26,2021-03-08,134,21
Adam Hložek,Czechia,"FW,MF",,23-321,1.88,20/21,Quarantine,2020-10-08,2020-10-15,8,2
Adam Hložek,Czechia,"FW,MF",,23-321,1.88,20/21,Quarantine,2020-09-03,2020-09-10,8,1
Adam Hložek,Czechia,"FW,MF",,23-321,1.88,19/20,Ill,2019-08-05,2019-08-12,8,2
Adam Hložek,Czechia,"FW,MF",,23-321,1.88,17/18,Hamstring Injury,2018-02-20,2018-05-31,101,15
Tomáš Holeš,Czechia,"DF,MF",,33-072,1.8,25/26,Knee Collateral Ligament Strain,2025-09-17,2025-11-07,52,13
Tomáš Holeš,Czechia,"DF,MF",,33-072,1.8,24/25,Hamstring Injury,2025-03-22,2025-04-11,21,4
Tomáš Holeš,Czechia,"DF,MF",,33-072,1.8,24/25,Ill,2025-02-14,2025-02-20,7,1
Tomáš Holeš,Czechia,"DF,MF",,33-072,1.8,23/24,Unknown Injury,2024-04-11,2024-04-17,7,1
Tomáš Holeš,Czechia,"DF,MF",,33-072,1.8,23/24,Muscle Injury,2023-11-20,2023-12-08,19,3
Tomáš Holeš,Czechia,"DF,MF",,33-072,1.8,23/24,Ill,2023-10-27,2023-11-03,8,1
Tomáš Holeš,Czechia,"DF,MF",,33-072,1.8,22/23,Unknown Injury,2023-05-04,2023-05-09,6,1
Tomáš Holeš,Czechia,"DF,MF",,33-072,1.8,22/23,Ill,2023-04-06,2023-04-13,8,1
Tomáš Holeš,Czechia,"DF,MF",,33-072,1.8,22/23,Ankle Injury,2022-09-11,2023-02-15,158,22
Tomáš Holeš,Czechia,"DF,MF",,33-072,1.8,21/22,Rest,2022-06-01,2022-06-14,14,4
Tomáš Holeš,Czechia,"DF,MF",,33-072,1.8,21/22,Calf Injury,2021-10-04,2021-11-01,29,7
Tomáš Holeš,Czechia,"DF,MF",,33-072,1.8,20/21,Muscle Contusion,2021-05-18,2021-05-31,14,3
Tomáš Holeš,Czechia,"DF,MF",,33-072,1.8,20/21,Ankle Injury,2021-02-18,2021-02-23,6,1
Tomáš Holeš,Czechia,"DF,MF",,33-072,1.8,20/21,Broken Finger,2020-12-06,2020-12-31,26,4
Tomáš Holeš,Czechia,"DF,MF",,33-072,1.8,20/21,Corona Virus,2020-10-12,2020-10-26,15,2
Lukáš Horníček,Czechia,GK,,23-333,1.98,-,Ninguna,,,0,0
Robin Hranáč,Czechia,DF,,26-133,1.89,25/26,Ill,2026-02-08,2026-02-12,5,1
David Jurásek,Czechia,"DF,MF",,25-308,1.83,25/26,Muscular Problems,2025-08-16,2025-08-19,4,1
David Jurásek,Czechia,"DF,MF",,25-308,1.83,24/25,Muscular Problems,2024-10-18,2024-10-23,6,1
David Jurásek,Czechia,"DF,MF",,25-308,1.83,24/25,Forearm Fracture,2024-07-30,2024-10-02,65,9
David Jurásek,Czechia,"DF,MF",,25-308,1.83,23/24,Ankle Injury,2023-08-15,2023-09-19,36,6
David Jurásek,Czechia,"DF,MF",,25-308,1.83,22/23,Muscle Injury,2023-04-09,2023-05-01,23,3
David Jurásek,Czechia,"DF,MF",,25-308,1.83,22/23,Ill,2022-09-05,2022-09-09,5,1
Matej Kovar,Czechia,GK,,26-025,1.96,25/26,Muscle Injury,2026-02-06,2026-02-15,10,2
Matej Kovar,Czechia,GK,,26-025,1.96,23/24,Muscular Problems,2024-03-09,2024-03-11,3,1
Ladislav Krejčí,Czechia,DF,,27-052,1.91,25/26,Neck Injury,2026-04-18,2026-05-04,17,2
Ladislav Krejčí,Czechia,DF,,27-052,1.91,24/25,Groin Injury,2025-01-20,2025-02-01,13,2
Ladislav Krejčí,Czechia,DF,,27-052,1.91,24/25,Foot Injury,2024-11-07,2024-11-20,14,3
Ladislav Krejčí,Czechia,DF,,27-052,1.91,23/24,Calf Injury,2023-10-16,2023-11-23,39,9
Ladislav Krejčí,Czechia,DF,,27-052,1.91,23/24,Rest,2023-09-26,2023-09-28,3,1
Ladislav Krejčí,Czechia,DF,,27-052,1.91,22/23,Muscle Strain,2022-10-10,2023-01-13,96,8
Ladislav Krejčí,Czechia,DF,,27-052,1.91,22/23,Back Problems,2022-07-01,2022-09-30,92,13
Ladislav Krejčí,Czechia,DF,,27-052,1.91,21/22,Edema In The Knee,2022-06-02,2022-06-13,12,3
Ladislav Krejčí,Czechia,DF,,27-052,1.91,21/22,Muscular Problems,2022-02-11,2022-02-22,12,2
Ladislav Krejčí,Czechia,DF,,27-052,1.91,21/22,Muscular Problems,2021-07-29,2021-10-28,92,17
Ladislav Krejčí,Czechia,DF,,27-052,1.91,20/21,Metatarsal Fracture,2021-04-18,2021-06-14,58,9
Ladislav Krejčí,Czechia,DF,,27-052,1.91,20/21,Corona Virus,2020-09-18,2020-09-23,6,1
Ladislav Krejčí,Czechia,DF,,27-052,1.91,19/20,Ill,2020-02-20,2020-03-01,11,2
Ladislav Krejčí,Czechia,DF,,27-052,1.91,19/20,Ankle Injury,2019-09-15,2019-10-25,41,7
Jan Kuchta,Czechia,FW,,29-154,1.85,25/26,Ill,2026-02-07,2026-02-09,3,1
Jan Kuchta,Czechia,FW,,29-154,1.85,25/26,Rest,2025-09-23,2025-09-25,3,1
Jan Kuchta,Czechia,FW,,29-154,1.85,24/25,Ill,2025-05-02,2025-05-05,4,1
Jan Kuchta,Czechia,FW,,29-154,1.85,23/24,Rest,2023-09-26,2023-09-28,3,1
Jan Kuchta,Czechia,FW,,29-154,1.85,21/22,Kidney Stone Surgery,2021-08-22,2021-09-03,13,3
Jan Kuchta,Czechia,FW,,29-154,1.85,21/22,Ill,2021-07-29,2021-08-02,5,1
Jan Kuchta,Czechia,FW,,29-154,1.85,20/21,Ill,2021-05-22,2021-05-27,6,1
Jan Kuchta,Czechia,FW,,29-154,1.85,20/21,Corona Virus,2020-08-08,2020-08-23,16,-
Jan Kuchta,Czechia,FW,,29-154,1.85,18/19,Ankle Injury,2018-08-05,2018-09-20,47,8
Lukáš Provod,Czechia,FW,,29-231,1.91,25/26,Unknown Injury,2026-02-08,2026-03-05,26,4
Lukáš Provod,Czechia,FW,,29-231,1.91,24/25,Knee Problems,2025-01-19,2025-01-31,13,2
Lukáš Provod,Czechia,FW,,29-231,1.91,23/24,Unknown Injury,2024-05-04,2024-05-13,10,1
Lukáš Provod,Czechia,FW,,29-231,1.91,23/24,Ill,2023-12-04,2023-12-18,15,4
Lukáš Provod,Czechia,FW,,29-231,1.91,23/24,Ill,2023-10-20,2023-10-24,5,1
Lukáš Provod,Czechia,FW,,29-231,1.91,22/23,Unknown Injury,2023-02-23,2023-04-06,43,9
Lukáš Provod,Czechia,FW,,29-231,1.91,22/23,Unknown Injury,2023-02-04,2023-02-13,10,1
Lukáš Provod,Czechia,FW,,29-231,1.91,22/23,Unknown Injury,2022-10-09,2022-11-05,28,7
Lukáš Provod,Czechia,FW,,29-231,1.91,22/23,Muscle Fiber Tear,2022-08-05,2022-08-16,12,3
Lukáš Provod,Czechia,FW,,29-231,1.91,21/22,Knee Injury,2022-05-04,2022-07-04,62,7
Lukáš Provod,Czechia,FW,,29-231,1.91,20/21,Cruciate Ligament Tear,2021-05-09,2022-03-31,327,62
Lukáš Provod,Czechia,FW,,29-231,1.91,20/21,Meniscus Tear,2021-05-09,2022-03-31,327,62
Lukáš Provod,Czechia,FW,,29-231,1.91,20/21,Ill,2021-04-24,2021-04-30,7,2
Lukáš Provod,Czechia,FW,,29-231,1.91,20/21,Corona Virus,2020-11-02,2020-11-19,18,5
Lukáš Provod,Czechia,FW,,29-231,1.91,20/21,Quarantine,2020-09-06,2020-09-09,4,1
Michal Sadílek,Czechia,"DF,FW",,27-011,1.69,25/26,Ill,2026-05-01,2026-05-08,8,1
Michal Sadílek,Czechia,"DF,FW",,27-011,1.69,24/25,Unknown Injury,2025-03-15,2025-03-21,7,1
Michal Sadílek,Czechia,"DF,FW",,27-011,1.69,23/24,Laceration,2024-06-08,2024-11-01,147,23
Michal Sadílek,Czechia,"DF,FW",,27-011,1.69,23/24,Unknown Injury,2024-04-14,2024-04-23,10,1
Michal Sadílek,Czechia,"DF,FW",,27-011,1.69,22/23,Thigh Problems,2023-02-06,2023-04-15,69,10
Michal Sadílek,Czechia,"DF,FW",,27-011,1.69,22/23,Groin Problems,2023-01-19,2023-01-24,6,1
Michal Sadílek,Czechia,"DF,FW",,27-011,1.69,22/23,Groin Injury,2022-08-29,2022-11-30,94,14
Michal Sadílek,Czechia,"DF,FW",,27-011,1.69,21/22,Unknown Injury,2022-06-12,2022-06-30,19,-
Michal Sadílek,Czechia,"DF,FW",,27-011,1.69,21/22,Ill,2022-05-05,2022-05-09,5,1
Michal Sadílek,Czechia,"DF,FW",,27-011,1.69,20/21,Open Wound,2021-02-06,2021-02-15,10,2
Michal Sadílek,Czechia,"DF,FW",,27-011,1.69,20/21,Corona Virus,2020-11-03,2020-11-17,15,3
Michal Sadílek,Czechia,"DF,FW",,27-011,1.69,19/20,Unknown Injury,2019-12-14,2020-02-11,60,8
Patrik Schick,Czechia,FW,,30-138,1.91,25/26,Muscular Problems,2026-03-04,2026-03-09,6,2
Patrik Schick,Czechia,FW,,30-138,1.91,25/26,Muscular Problems,2026-01-10,2026-01-12,3,1
Patrik Schick,Czechia,FW,,30-138,1.91,25/26,Ankle Injury,2025-12-11,2025-12-18,8,1
Patrik Schick,Czechia,FW,,30-138,1.91,25/26,Hamstring Injury,2025-09-28,2025-10-23,26,6
Patrik Schick,Czechia,FW,,30-138,1.91,24/25,Calf Problems,2024-12-04,2024-12-09,6,1
Patrik Schick,Czechia,FW,,30-138,1.91,23/24,Calf Injury,2023-10-31,2023-11-29,30,7
Patrik Schick,Czechia,FW,,30-138,1.91,22/23,Adductor Injury,2023-03-11,2023-10-18,222,34
Patrik Schick,Czechia,FW,,30-138,1.91,22/23,Adductor Pain,2022-11-03,2023-02-15,105,10
Patrik Schick,Czechia,FW,,30-138,1.91,22/23,Adductor Pain,2022-10-20,2022-10-24,5,1
Patrik Schick,Czechia,FW,,30-138,1.91,21/22,Groin Surgery,2022-05-16,2022-06-30,46,4
Patrik Schick,Czechia,FW,,30-138,1.91,21/22,Torn Muscle Fiber,2022-02-17,2022-03-31,43,8
Patrik Schick,Czechia,FW,,30-138,1.91,21/22,Fitness,2021-11-15,2021-11-25,11,2
Patrik Schick,Czechia,FW,,30-138,1.91,21/22,Torn Ankle Ligaments,2021-10-25,2021-11-15,22,5
Patrik Schick,Czechia,FW,,30-138,1.91,20/21,Minor Knock,2021-01-21,2021-01-28,8,1
Patrik Schick,Czechia,FW,,30-138,1.91,20/21,Torn Muscle Fiber,2020-10-05,2020-11-19,46,13
Hugo Sochůrek,Czechia,MF,,18-004,1.83,25/26,Unknown Injury,2026-05-02,2026-05-13,12,3
Alexandr Sojka,Czechia,MF,,23-070,1.88,-,Ninguna,,,0,0
Tomáš Souček,Czechia,MF,,31-104,1.92,20/21,Quarantine,2020-09-03,2020-09-08,6,2
Tomáš Souček,Czechia,MF,,31-104,1.92,19/20,Muscular Problems,2020-02-25,2020-03-05,10,1
Jindřich Staněk,Czechia,GK,,30-045,1.92,25/26,Unknown Injury,2026-02-25,2026-05-08,73,11
Jindřich Staněk,Czechia,GK,,30-045,1.92,25/26,Muscle Injury,2025-10-04,2025-10-30,27,6
Jindřich Staněk,Czechia,GK,,30-045,1.92,24/25,Ill,2025-04-04,2025-04-11,8,2
Jindřich Staněk,Czechia,GK,,30-045,1.92,24/25,Shoulder Injury,2024-06-27,2024-12-31,188,36
Jindřich Staněk,Czechia,GK,,30-045,1.92,23/24,Calf Injury,2024-01-27,2024-03-01,35,5
Jindřich Staněk,Czechia,GK,,30-045,1.92,23/24,Concussion,2023-10-08,2023-11-07,31,6
Jindřich Staněk,Czechia,GK,,30-045,1.92,22/23,Shoulder Injury,2022-09-26,2022-10-03,8,-
Jindřich Staněk,Czechia,GK,,30-045,1.92,21/22,Minor Knock,2022-03-28,2022-04-04,8,-
Jindřich Staněk,Czechia,GK,,30-045,1.92,21/22,Concussion,2022-02-24,2022-03-03,8,-
Jindřich Staněk,Czechia,GK,,30-045,1.92,21/22,Knock,2021-07-08,2021-08-26,50,8
Jindřich Staněk,Czechia,GK,,30-045,1.92,18/19,Shoulder Injury,2018-05-17,2018-08-02,78,5
Pavel Šulc,Czechia,FW,,25-164,1.77,25/26,Knee Injury,2026-04-06,2026-04-20,15,2
Pavel Šulc,Czechia,FW,,25-164,1.77,25/26,Hamstring Injury,2026-02-23,2026-03-13,19,4
Pavel Šulc,Czechia,FW,,25-164,1.77,25/26,Hamstring Injury,2025-11-08,2025-11-21,14,3
Pavel Šulc,Czechia,FW,,25-164,1.77,20/21,Muscle Injury,2020-09-10,2020-11-10,62,8
Denis Višinský,Czechia,"FW,MF",,23-082,1.78,-,Ninguna,,,0,0
Jaroslav Zelený,Czechia,MF,,33-295,1.9,25/26,Unknown Injury,2026-03-02,2026-03-04,3,1
Jaroslav Zelený,Czechia,MF,,33-295,1.9,25/26,Unknown Injury,2025-12-04,2025-12-10,7,1
Jaroslav Zelený,Czechia,MF,,33-295,1.9,25/26,Rest,2025-09-23,2025-09-25,3,1
Jaroslav Zelený,Czechia,MF,,33-295,1.9,25/26,Calf Problems,2025-08-09,2025-08-25,17,5
Jaroslav Zelený,Czechia,MF,,33-295,1.9,25/26,Unknown Injury,2025-07-23,2025-07-25,3,1
Jaroslav Zelený,Czechia,MF,,33-295,1.9,24/25,Appendicitis,2024-11-04,2024-12-02,29,7
Jaroslav Zelený,Czechia,MF,,33-295,1.9,24/25,Unknown Injury,2024-10-22,2024-10-25,4,1
Jaroslav Zelený,Czechia,MF,,33-295,1.9,24/25,Minor Knock,2024-10-07,2024-10-17,11,2
Jaroslav Zelený,Czechia,MF,,33-295,1.9,23/24,Broken Nose Bone,2023-10-24,2023-10-27,4,1
Jaroslav Zelený,Czechia,MF,,33-295,1.9,21/22,Minor Knock,2022-06-06,2022-06-09,4,-
David Zima,Czechia,DF,,25-215,1.9,25/26,Unknown Injury,2026-05-12,2026-05-30,19,3
David Zima,Czechia,DF,,25-215,1.9,25/26,Ankle Injury,2026-03-14,2026-04-20,38,4
David Zima,Czechia,DF,,25-215,1.9,25/26,Unknown Injury,2026-02-02,2026-02-18,17,2
David Zima,Czechia,DF,,25-215,1.9,25/26,Knee Injury,2025-08-16,2025-09-12,28,4
David Zima,Czechia,DF,,25-215,1.9,24/25,Ill,2024-11-09,2024-11-20,12,3
David Zima,Czechia,DF,,25-215,1.9,24/25,Knock,2024-10-07,2024-10-16,10,2
David Zima,Czechia,DF,,25-215,1.9,23/24,Ill,2024-03-26,2024-04-01,7,1
David Zima,Czechia,DF,,25-215,1.9,23/24,Unknown Injury,2023-12-27,2024-01-06,11,1
David Zima,Czechia,DF,,25-215,1.9,23/24,Knee Problems,2023-09-18,2023-10-01,14,3
David Zima,Czechia,DF,,25-215,1.9,23/24,Leg Injury,2023-08-08,2023-08-20,13,1
David Zima,Czechia,DF,,25-215,1.9,22/23,Meniscus Injury,2023-01-25,2023-05-20,116,19
David Zima,Czechia,DF,,25-215,1.9,22/23,Shoulder Injury,2022-07-30,2022-08-30,32,4
David Zima,Czechia,DF,,25-215,1.9,21/22,Influenza,2022-03-11,2022-03-14,4,1
David Zima,Czechia,DF,,25-215,1.9,21/22,Ankle Injury,2021-08-19,2021-08-27,9,1
David Zima,Czechia,DF,,25-215,1.9,20/21,Fitness,2021-01-21,2021-01-30,10,2
Simon Adingra,Côte d'Ivoire,"FW,MF",,24-161,1.75,25/26,Muscle Strain,2025-10-22,2025-10-27,6,1
Simon Adingra,Côte d'Ivoire,"FW,MF",,24-161,1.75,24/25,Unknown Injury,2024-09-26,2024-10-14,19,3
Simon Adingra,Côte d'Ivoire,"FW,MF",,24-161,1.75,23/24,Hamstring Injury,2023-12-27,2024-01-20,25,5
Simon Adingra,Côte d'Ivoire,"FW,MF",,24-161,1.75,22/23,Hip Injury,2023-01-12,2023-01-16,5,1
Emmanuel Agbadou,Côte d'Ivoire,DF,,28-359,1.85,24/25,Muscle Fatigue,2025-02-17,2025-03-03,15,3
Emmanuel Agbadou,Côte d'Ivoire,DF,,28-359,1.85,22/23,Dead Leg,2023-02-13,2023-03-20,36,4
Clément Akpa,Côte d'Ivoire,DF,,24-199,1.81,25/26,Adductor Pain,2026-05-14,,33,1
Clément Akpa,Côte d'Ivoire,DF,,24-199,1.81,25/26,Pelvic Injury,2026-04-17,2026-04-24,8,1
Clément Akpa,Côte d'Ivoire,DF,,24-199,1.81,25/26,Ill,2026-01-04,2026-01-16,13,3
Clément Akpa,Côte d'Ivoire,DF,,24-199,1.81,25/26,Adductor Pain,2025-09-11,2025-09-16,6,1
Clément Akpa,Côte d'Ivoire,DF,,24-199,1.81,24/25,Calf Injury,2025-04-11,2025-04-19,9,-
Clément Akpa,Côte d'Ivoire,DF,,24-199,1.81,24/25,Dead Leg,2024-08-18,2024-09-04,18,1
Ange-Yoan Bonny,Côte d'Ivoire,FW,,22-229,1.89,25/26,Calf Problems,2026-03-01,2026-03-06,6,1
Ange-Yoan Bonny,Côte d'Ivoire,FW,,22-229,1.89,25/26,Sprain,2025-12-23,2026-01-05,14,2
Ange-Yoan Bonny,Côte d'Ivoire,FW,,22-229,1.89,25/26,Flu,2025-11-29,2025-12-02,4,1
Ange-Yoan Bonny,Côte d'Ivoire,FW,,22-229,1.89,25/26,Ankle Problems,2025-09-22,2025-09-26,5,-
Ange-Yoan Bonny,Côte d'Ivoire,FW,,22-229,1.89,24/25,Flu,2025-01-24,2025-01-27,4,1
Oumar Diakité,Côte d'Ivoire,FW,,22-173,1.82,21/22,Broken Fibula,2022-06-08,2022-08-11,65,4
Amad Diallo,Côte d'Ivoire,"FW,MF",,23-335,1.73,24/25,Ankle Injury,2025-02-14,2025-04-28,74,17
Amad Diallo,Côte d'Ivoire,"FW,MF",,23-335,1.73,23/24,Fitness,2023-12-08,2023-12-29,22,5
Amad Diallo,Côte d'Ivoire,"FW,MF",,23-335,1.73,23/24,Knee Injury,2023-08-03,2023-12-07,127,27
Amad Diallo,Côte d'Ivoire,"FW,MF",,23-335,1.73,21/22,Unknown Injury,2022-03-02,2022-03-09,8,2
Amad Diallo,Côte d'Ivoire,"FW,MF",,23-335,1.73,21/22,Thigh Problems,2021-08-28,2021-10-08,42,10
Ousmane Diomande,Côte d'Ivoire,DF,,22-189,1.9,25/26,Muscle Injury,2026-01-15,2026-01-23,9,2
Ousmane Diomande,Côte d'Ivoire,DF,,22-189,1.9,25/26,Muscle Injury,2025-08-09,2025-09-28,51,9
Ousmane Diomande,Côte d'Ivoire,DF,,22-189,1.9,24/25,Unknown Injury,2025-05-23,2025-05-28,6,1
Ousmane Diomande,Côte d'Ivoire,DF,,22-189,1.9,24/25,Ankle Sprain,2024-10-02,2024-10-23,22,5
Yan Diomandé,Côte d'Ivoire,FW,,19-209,1.8,25/26,Shoulder Injury,2026-03-21,2026-04-01,12,2
Guéla Doué,Côte d'Ivoire,DF,,23-237,1.87,25/26,Ill,2026-04-17,2026-05-04,18,5
Guéla Doué,Côte d'Ivoire,DF,,23-237,1.87,25/26,Injury To The Ankle,2026-02-06,2026-02-13,8,1
Guéla Doué,Côte d'Ivoire,DF,,23-237,1.87,25/26,Adductor Pain,2025-08-14,2025-09-12,30,7
Guéla Doué,Côte d'Ivoire,DF,,23-237,1.87,24/25,Pelvic Injury,2025-04-05,2025-04-07,3,1
Seko Fofana,Côte d'Ivoire,MF,,31-035,1.85,25/26,Calf Injury,2026-01-29,2026-02-08,11,2
Seko Fofana,Côte d'Ivoire,MF,,31-035,1.85,25/26,Muscle Injury,2025-11-18,2025-12-07,20,4
Seko Fofana,Côte d'Ivoire,MF,,31-035,1.85,24/25,Hamstring Injury,2025-02-01,2025-02-07,7,1
Seko Fofana,Côte d'Ivoire,MF,,31-035,1.85,22/23,Muscle Tear,2022-08-28,2022-09-07,11,2
Seko Fofana,Côte d'Ivoire,MF,,31-035,1.85,20/21,Corona Virus,2021-04-08,2021-04-20,13,2
Seko Fofana,Côte d'Ivoire,MF,,31-035,1.85,20/21,Muscular Problems,2020-09-23,2020-11-03,42,5
Seko Fofana,Côte d'Ivoire,MF,,31-035,1.85,18/19,Hamstring Muscle Injury,2019-04-20,2019-05-26,37,4
Seko Fofana,Côte d'Ivoire,MF,,31-035,1.85,18/19,Unknown Injury,2019-04-14,2019-04-19,6,1
Seko Fofana,Côte d'Ivoire,MF,,31-035,1.85,17/18,Muscle Injury,2018-03-26,2018-04-13,19,4
Seko Fofana,Côte d'Ivoire,MF,,31-035,1.85,16/17,Broken Fibula,2017-03-05,2017-06-06,94,11
Yahia Fofana,Côte d'Ivoire,GK,,25-294,1.94,22/23,Meniscus Injury,2022-11-28,2023-02-28,93,13
Yahia Fofana,Côte d'Ivoire,GK,,25-294,1.94,22/23,Meniscus Injury,2022-10-19,2022-10-26,8,1
Evann Guessand,Côte d'Ivoire,"FW,MF",,24-345,1.88,25/26,Knee Injury,2026-04-09,2026-05-17,39,9
Evann Guessand,Côte d'Ivoire,"FW,MF",,24-345,1.88,25/26,Muscular Problems,2025-12-05,2025-12-08,4,1
Evann Guessand,Côte d'Ivoire,"FW,MF",,24-345,1.88,25/26,Knee Problems,2025-08-03,2025-08-10,8,1
Parfait Guiagon,Côte d'Ivoire,MF,,25-109,1.65,25/26,Muscle Injury,2026-04-16,2026-04-28,13,3
Parfait Guiagon,Côte d'Ivoire,MF,,25-109,1.65,25/26,Hamstring Injury,2025-09-17,2025-10-15,29,5
Parfait Guiagon,Côte d'Ivoire,MF,,25-109,1.65,24/25,Muscle Injury,2025-04-06,2025-04-16,11,1
Parfait Guiagon,Côte d'Ivoire,MF,,25-109,1.65,24/25,Ankle Injury,2025-03-04,2025-03-13,10,1
Parfait Guiagon,Côte d'Ivoire,MF,,25-109,1.65,24/25,Ankle Injury,2024-10-21,2024-11-06,17,3
Parfait Guiagon,Côte d'Ivoire,MF,,25-109,1.65,23/24,Minor Knock,2024-02-15,2024-02-21,7,1
Parfait Guiagon,Côte d'Ivoire,MF,,25-109,1.65,22/23,Groin Strain,2022-07-28,2022-08-07,11,2
Parfait Guiagon,Côte d'Ivoire,MF,,25-109,1.65,21/22,Hamstring Injury,2022-01-23,2022-02-11,20,2
Christ Inao Oulaï,Côte d'Ivoire,MF,,20-066,1.73,-,Ninguna,,,0,0
Franck Kessié,Côte d'Ivoire,"DF,MF",,29-174,1.83,25/26,Unknown Injury,2026-05-06,2026-05-13,8,1
Franck Kessié,Côte d'Ivoire,"DF,MF",,29-174,1.83,22/23,Muscle Injury,2022-11-02,2022-12-14,43,4
Franck Kessié,Côte d'Ivoire,"DF,MF",,29-174,1.83,22/23,Adductor Pain,2022-10-05,2022-10-11,7,1
Franck Kessié,Côte d'Ivoire,"DF,MF",,29-174,1.83,21/22,Unknown Injury,2022-01-26,2022-01-31,6,-
Franck Kessié,Côte d'Ivoire,"DF,MF",,29-174,1.83,21/22,Flu,2021-10-22,2021-10-24,3,1
Franck Kessié,Côte d'Ivoire,"DF,MF",,29-174,1.83,21/22,Muscle Injury,2021-08-13,2021-09-10,29,4
Franck Kessié,Côte d'Ivoire,"DF,MF",,29-174,1.83,18/19,Inflammation In The Knee,2019-04-01,2019-04-05,5,1
Ghislain Konan,Côte d'Ivoire,"DF,MF",,30-166,1.76,20/21,Back Injury,2020-10-12,2020-11-09,29,5
Ghislain Konan,Côte d'Ivoire,"DF,MF",,30-166,1.76,18/19,Back Injury,2019-01-12,2019-05-25,134,21
Ghislain Konan,Côte d'Ivoire,"DF,MF",,30-166,1.76,16/17,Knock,2016-10-05,2016-10-30,26,3
Mohamed Koné,Côte d'Ivoire,GK,,24-096,1.86,24/25,Broken Hand,2024-10-20,2024-11-26,38,7
Odilon Kossounou,Côte d'Ivoire,DF,,25-158,1.91,25/26,Hamstring Muscle Injury,2026-05-11,2026-06-01,22,2
Odilon Kossounou,Côte d'Ivoire,DF,,25-158,1.91,25/26,Hamstring Muscle Injury,2025-10-01,2025-10-20,20,4
Odilon Kossounou,Côte d'Ivoire,DF,,25-158,1.91,24/25,Adductor Injury,2025-01-12,2025-04-10,89,19
Odilon Kossounou,Côte d'Ivoire,DF,,25-158,1.91,24/25,Hamstring Muscle Injury,2024-10-03,2024-10-28,26,6
Odilon Kossounou,Côte d'Ivoire,DF,,25-158,1.91,22/23,Muscle Injury,2023-05-12,2023-06-30,50,5
Odilon Kossounou,Côte d'Ivoire,DF,,25-158,1.91,22/23,Muscular Problems,2022-11-11,2022-12-31,51,3
Alban Lafont,Côte d'Ivoire,GK,,27-139,1.96,25/26,Unknown Injury,2025-11-23,2025-12-05,13,3
Alban Lafont,Côte d'Ivoire,GK,,27-139,1.96,23/24,Muscle Injury,2024-02-12,2024-02-23,12,1
Alban Lafont,Côte d'Ivoire,GK,,27-139,1.96,23/24,Pneumothorax,2023-08-14,2023-09-20,38,4
Alban Lafont,Côte d'Ivoire,GK,,27-139,1.96,18/19,Hamstring Muscle Injury,2018-09-02,2018-09-18,17,1
Obite N'Dicka,Côte d'Ivoire,DF,,26-295,,-,No Encontrado,,,0,0
Christopher Opéri,Côte d'Ivoire,"DF,MF",,29-043,1.83,25/26,Unknown Injury,2026-04-21,2026-05-03,13,2
Christopher Opéri,Côte d'Ivoire,"DF,MF",,29-043,1.83,25/26,Unknown Injury,2026-04-11,2026-04-21,11,1
Christopher Opéri,Côte d'Ivoire,"DF,MF",,29-043,1.83,25/26,Unknown Injury,2026-03-07,2026-03-31,25,3
Christopher Opéri,Côte d'Ivoire,"DF,MF",,29-043,1.83,25/26,Unknown Injury,2025-10-30,2025-11-25,27,5
Christopher Opéri,Côte d'Ivoire,"DF,MF",,29-043,1.83,24/25,Fitness,2025-03-01,2025-03-04,4,1
Christopher Opéri,Côte d'Ivoire,"DF,MF",,29-043,1.83,24/25,Inner Ligament Stretch Of The Knee,2025-01-13,2025-03-01,48,7
Christopher Opéri,Côte d'Ivoire,"DF,MF",,29-043,1.83,24/25,Dead Leg,2024-08-17,2024-08-31,15,1
Christopher Opéri,Côte d'Ivoire,"DF,MF",,29-043,1.83,23/24,Hamstring Injury,2023-10-21,2023-11-20,31,3
Christopher Opéri,Côte d'Ivoire,"DF,MF",,29-043,1.83,21/22,Unknown Injury,2022-03-18,2022-05-06,50,6
Christopher Opéri,Côte d'Ivoire,"DF,MF",,29-043,1.83,16/17,Knee Injury,2016-11-01,2016-11-04,4,-
Nicolas Pépé,Côte d'Ivoire,"FW,MF",,31-013,1.83,24/25,Muscle Injury,2024-11-21,2025-01-20,61,8
Nicolas Pépé,Côte d'Ivoire,"FW,MF",,31-013,1.83,23/24,Bruise,2024-05-17,2024-05-19,3,1
Nicolas Pépé,Côte d'Ivoire,"FW,MF",,31-013,1.83,23/24,Fitness,2023-12-18,2023-12-21,4,1
Nicolas Pépé,Côte d'Ivoire,"FW,MF",,31-013,1.83,23/24,Hamstring Injury,2023-12-03,2023-12-18,16,2
Nicolas Pépé,Côte d'Ivoire,"FW,MF",,31-013,1.83,23/24,Fitness,2023-09-08,2023-10-20,43,7
Nicolas Pépé,Côte d'Ivoire,"FW,MF",,31-013,1.83,22/23,Knee Injury,2023-04-20,2023-08-20,123,10
Nicolas Pépé,Côte d'Ivoire,"FW,MF",,31-013,1.83,22/23,Calf Injury,2023-04-08,2023-04-17,10,2
Nicolas Pépé,Côte d'Ivoire,"FW,MF",,31-013,1.83,22/23,Knee Injury,2023-01-28,2023-03-15,47,9
Nicolas Pépé,Côte d'Ivoire,"FW,MF",,31-013,1.83,21/22,Virus,2022-03-30,2022-04-10,12,1
Nicolas Pépé,Côte d'Ivoire,"FW,MF",,31-013,1.83,20/21,Muscle Fatigue,2020-07-02,2020-07-06,5,1
Nicolas Pépé,Côte d'Ivoire,"FW,MF",,31-013,1.83,19/20,Knee Injury,2019-12-10,2019-12-14,5,1
Nicolas Pépé,Côte d'Ivoire,"FW,MF",,31-013,1.83,16/17,Ankle Injury,2017-05-05,2017-05-11,7,1
Nicolas Pépé,Côte d'Ivoire,"FW,MF",,31-013,1.83,15/16,Strain In The Thigh And Gluteal Muscles,2016-04-16,2016-05-12,27,3
Ibrahim Sangaré,Côte d'Ivoire,MF,,28-191,1.91,25/26,Unknown Injury,2026-04-24,2026-05-05,12,2
Ibrahim Sangaré,Côte d'Ivoire,MF,,28-191,1.91,24/25,Hamstring Injury,2024-09-14,2025-01-20,129,24
Ibrahim Sangaré,Côte d'Ivoire,MF,,28-191,1.91,23/24,Knee Injury,2024-02-23,2024-03-01,8,2
Ibrahim Sangaré,Côte d'Ivoire,MF,,28-191,1.91,22/23,Ill,2023-02-17,2023-02-22,6,1
Ibrahim Sangaré,Côte d'Ivoire,MF,,28-191,1.91,22/23,Ill,2022-11-01,2022-11-04,4,1
Ibrahim Sangaré,Côte d'Ivoire,MF,,28-191,1.91,22/23,Ill,2022-09-10,2022-09-13,4,1
Ibrahim Sangaré,Côte d'Ivoire,MF,,28-191,1.91,21/22,Unknown Injury,2021-09-09,2021-09-23,15,4
Ibrahim Sangaré,Côte d'Ivoire,MF,,28-191,1.91,18/19,Tendon Rupture,2018-10-20,2019-01-01,74,11
Jean Seri,Côte d'Ivoire,MF,,34-327,,-,No Encontrado,,,0,0
Wilfried Singo,Côte d'Ivoire,"DF,MF",,25-168,1.82,25/26,Tendon Irritation,2025-11-23,2026-01-27,66,18
Wilfried Singo,Côte d'Ivoire,"DF,MF",,25-168,1.82,25/26,Muscle Strain,2025-10-04,2025-10-31,28,5
Wilfried Singo,Côte d'Ivoire,"DF,MF",,25-168,1.82,24/25,Thigh Problems,2025-01-22,2025-02-16,26,6
Wilfried Singo,Côte d'Ivoire,"DF,MF",,25-168,1.82,22/23,Hamstring Muscle Injury,2022-12-03,2023-01-06,35,1
Wilfried Singo,Côte d'Ivoire,"DF,MF",,25-168,1.82,22/23,Knee Problems,2022-08-31,2022-09-09,10,2
Wilfried Singo,Côte d'Ivoire,"DF,MF",,25-168,1.82,21/22,Surgery,2022-05-10,2022-06-12,34,4
Wilfried Singo,Côte d'Ivoire,"DF,MF",,25-168,1.82,20/21,Inflammation In The Knee,2021-03-17,2021-04-13,28,2
Wilfried Singo,Côte d'Ivoire,"DF,MF",,25-168,1.82,20/21,Corona Virus,2021-02-23,2021-03-17,23,2
Wilfried Singo,Côte d'Ivoire,"DF,MF",,25-168,1.82,19/20,Shoulder Injury,2020-07-31,2020-10-15,77,3
Bazoumana Touré,Côte d'Ivoire,MF,,20-101,1.78,-,Ninguna,,,0,0
Elye Wahi,Côte d'Ivoire,FW,,23-160,1.81,25/26,Ankle Injury,2026-02-16,2026-03-09,22,4
Elye Wahi,Côte d'Ivoire,FW,,23-160,1.81,25/26,Ill,2025-12-17,2025-12-22,6,1
Elye Wahi,Côte d'Ivoire,FW,,23-160,1.81,24/25,Knee Injury,2025-03-15,2025-04-07,24,3
Elye Wahi,Côte d'Ivoire,FW,,23-160,1.81,24/25,Fitness,2025-01-27,2025-02-07,12,2
Elye Wahi,Côte d'Ivoire,FW,,23-160,1.81,24/25,Thigh Problems,2025-01-10,2025-01-27,18,4
Elye Wahi,Côte d'Ivoire,FW,,23-160,1.81,23/24,Ill,2023-12-15,2023-12-18,4,1
Jordy Alcivar,Ecuador,MF,,26-310,1.68,23/24,Unknown Injury,2024-03-11,2024-04-20,41,11
Nilson Angulo,Ecuador,"FW,MF",,22-357,1.84,25/26,Muscle Injury,2026-03-13,2026-05-24,73,8
Nilson Angulo,Ecuador,"FW,MF",,22-357,1.84,22/23,Muscle Fatigue,2022-08-09,2022-08-12,4,1
Jeremy Arévalo,Ecuador,FW,,21-084,1.82,-,Ninguna,,,0,0
Jordy Caicedo,Ecuador,FW,,28-205,1.86,-,Ninguna,,,0,0
Moisés Caicedo,Ecuador,MF,,24-221,1.78,23/24,Fever,2023-12-23,2023-12-25,3,1
Moisés Caicedo,Ecuador,MF,,24-221,1.78,23/24,Knock,2023-09-14,2023-09-20,7,1
Moisés Caicedo,Ecuador,MF,,24-221,1.78,21/22,Ill,2022-04-01,2022-04-06,6,1
Moisés Caicedo,Ecuador,MF,,24-221,1.78,20/21,Torn Muscle Fiber,2020-11-18,2020-12-09,22,6
Denil Castillo,Ecuador,MF,,22-079,1.89,25/26,Knock,2026-03-25,2026-04-07,14,3
Pervis Estupiñán,Ecuador,"DF,MF",,28-141,1.75,25/26,Ankle Problems,2025-10-12,2025-10-31,20,4
Pervis Estupiñán,Ecuador,"DF,MF",,28-141,1.75,25/26,Stress Reaction Of The Bone,2025-09-08,2025-09-11,4,1
Pervis Estupiñán,Ecuador,"DF,MF",,28-141,1.75,24/25,Muscle Injury,2025-01-24,2025-02-22,30,4
Pervis Estupiñán,Ecuador,"DF,MF",,28-141,1.75,24/25,Ankle Injury,2024-04-14,2024-08-31,140,15
Pervis Estupiñán,Ecuador,"DF,MF",,28-141,1.75,23/24,Muscle Injury,2023-11-09,2023-12-27,49,11
Pervis Estupiñán,Ecuador,"DF,MF",,28-141,1.75,23/24,Muscle Injury,2023-09-30,2023-11-08,40,8
Pervis Estupiñán,Ecuador,"DF,MF",,28-141,1.75,22/23,Muscular Problems,2023-02-19,2023-03-01,11,1
Pervis Estupiñán,Ecuador,"DF,MF",,28-141,1.75,20/21,Muscle Injury,2021-03-26,2021-04-22,28,7
Pervis Estupiñán,Ecuador,"DF,MF",,28-141,1.75,20/21,Muscle Injury,2020-12-14,2020-12-17,4,1
Pervis Estupiñán,Ecuador,"DF,MF",,28-141,1.75,20/21,Muscle Injury,2020-10-14,2020-10-31,18,4
Pervis Estupiñán,Ecuador,"DF,MF",,28-141,1.75,18/19,Inner Ligament Injury,2019-04-01,2019-05-18,48,6
Pervis Estupiñán,Ecuador,"DF,MF",,28-141,1.75,18/19,Pneumothorax,2018-10-28,2018-11-26,30,5
Pervis Estupiñán,Ecuador,"DF,MF",,28-141,1.75,17/18,Muscle Injury,2017-12-23,2018-02-01,41,4
Pervis Estupiñán,Ecuador,"DF,MF",,28-141,1.75,17/18,Hamstring Injury,2017-11-08,2017-12-06,29,4
Alan Franco,Ecuador,MF,,27-294,1.83,25/26,Adductor Injury,2026-05-04,2026-05-18,15,4
Alan Franco,Ecuador,MF,,27-294,1.83,25/26,Calf Problems,2026-03-22,2026-04-06,16,2
Alan Franco,Ecuador,MF,,27-294,1.83,25/26,Thigh Problems,2025-09-30,2025-10-04,5,1
Alan Franco,Ecuador,MF,,27-294,1.83,23/24,Leg Injury,2023-07-05,2023-07-20,16,3
Alan Franco,Ecuador,MF,,27-294,1.83,20/21,Leg Injury,2021-05-17,2021-05-25,9,1
Alan Franco,Ecuador,MF,,27-294,1.83,18/19,Metatarsal Fracture,2018-10-07,2018-12-25,80,8
Hernán Galíndez,Ecuador,GK,,39-073,1.89,25/26,Torn Muscle Bundle,2025-06-06,2025-08-05,61,5
Hernán Galíndez,Ecuador,GK,,39-073,1.89,21/22,Torn Muscle Bundle,2021-09-06,2021-10-15,40,7
Piero Hincapié,Ecuador,DF,,24-153,1.83,25/26,Muscle Injury,2026-03-28,2026-04-09,13,3
Piero Hincapié,Ecuador,DF,,24-153,1.83,25/26,Groin Injury,2026-01-09,2026-01-24,16,4
Piero Hincapié,Ecuador,DF,,24-153,1.83,25/26,Groin Problems,2025-09-19,2025-10-20,32,8
Piero Hincapié,Ecuador,DF,,24-153,1.83,22/23,Foot Injury,2023-06-19,2023-07-19,31,1
Piero Hincapié,Ecuador,DF,,24-153,1.83,21/22,Corona Virus,2021-12-29,2022-01-04,7,-
Piero Hincapié,Ecuador,DF,,24-153,1.83,21/22,Muscle Injury,2021-12-18,2022-01-05,19,1
Yaimar Medina,Ecuador,"DF,MF",,21-218,1.73,25/26,Muscle Injury,2026-04-30,2026-05-17,18,3
Yaimar Medina,Ecuador,"DF,MF",,21-218,1.73,25/26,Minor Knock,2025-10-24,2025-10-30,7,2
Yaimar Medina,Ecuador,"DF,MF",,21-218,1.73,25/26,Concussion,2025-09-25,2025-09-30,6,1
Yaimar Medina,Ecuador,"DF,MF",,21-218,1.73,24/25,Minor Knock,2025-04-09,2025-04-16,8,1
Yaimar Medina,Ecuador,"DF,MF",,21-218,1.73,24/25,Muscle Injury,2025-02-03,2025-02-20,18,3
Alan Minda,Ecuador,"FW,MF",,23-028,1.74,25/26,Hamstring Injury,2026-04-04,2026-04-22,19,5
Alan Minda,Ecuador,"FW,MF",,23-028,1.74,24/25,Muscle Injury,2025-03-09,2025-04-09,32,6
Alan Minda,Ecuador,"FW,MF",,23-028,1.74,24/25,Rest,2024-10-20,2024-10-25,6,1
Alan Minda,Ecuador,"FW,MF",,23-028,1.74,24/25,Muscle Injury,2024-09-01,2024-09-24,24,4
Alan Minda,Ecuador,"FW,MF",,23-028,1.74,21/22,Cruciate Ligament Tear,2021-10-30,2022-07-11,255,32
Joel Ordóñez,Ecuador,DF,,22-051,1.88,24/25,Hamstring Injury,2025-01-06,2025-01-09,4,1
Joel Ordóñez,Ecuador,DF,,22-051,1.88,24/25,Minor Knock,2024-07-24,2024-07-31,8,1
Joel Ordóñez,Ecuador,DF,,22-051,1.88,23/24,Hamstring Injury,2023-12-17,2024-02-08,54,8
Joel Ordóñez,Ecuador,DF,,22-051,1.88,23/24,Knock,2023-11-23,2023-11-27,5,1
Willian Pacho,Ecuador,DF,,24-238,1.88,25/26,Dead Leg,2026-05-09,2026-05-18,10,3
Willian Pacho,Ecuador,DF,,24-238,1.88,24/25,Ill,2025-04-18,2025-04-20,3,1
Willian Pacho,Ecuador,DF,,24-238,1.88,21/22,Fitness,2022-02-05,2022-02-07,3,1
Willian Pacho,Ecuador,DF,,24-238,1.88,21/22,Shoulder Injury,2021-10-04,2022-02-04,124,10
Kendry Páez,Ecuador,MF,,19-038,1.78,25/26,Fitness,2026-01-30,2026-02-10,12,2
Gonzalo Plata,Ecuador,"FW,MF",,25-222,1.78,25/26,Knee Problems,2026-05-11,2026-05-22,12,3
Gonzalo Plata,Ecuador,"FW,MF",,25-222,1.78,25/26,Hamstring Injury,2025-07-17,2025-07-26,10,2
Gonzalo Plata,Ecuador,"FW,MF",,25-222,1.78,24/25,Knee Problems,2025-05-02,2025-06-15,45,11
Gonzalo Plata,Ecuador,"FW,MF",,25-222,1.78,24/25,Bone Edema,2025-04-20,2025-04-26,7,1
Gonzalo Plata,Ecuador,"FW,MF",,25-222,1.78,24/25,Muscle Fatigue,2025-03-30,2025-04-05,7,1
Gonzalo Plata,Ecuador,"FW,MF",,25-222,1.78,22/23,Torn Muscle Fiber In The Adductor Area,2023-03-18,2023-03-30,13,2
Gonzalo Plata,Ecuador,"FW,MF",,25-222,1.78,22/23,Hip Problems,2022-10-06,2022-10-18,13,2
Gonzalo Plata,Ecuador,"FW,MF",,25-222,1.78,22/23,Ankle Problems,2022-08-15,2022-09-01,18,2
Gonzalo Plata,Ecuador,"FW,MF",,25-222,1.78,21/22,Ankle Sprain,2022-06-13,2022-07-25,43,-
Gonzalo Plata,Ecuador,"FW,MF",,25-222,1.78,21/22,Corona Virus,2022-02-17,2022-02-24,8,1
Gonzalo Plata,Ecuador,"FW,MF",,25-222,1.78,21/22,Flu,2021-11-01,2021-11-05,5,1
Gonzalo Plata,Ecuador,"FW,MF",,25-222,1.78,20/21,Corona Virus,2020-11-22,2020-12-02,11,2
Jackson Porozo,Ecuador,DF,,25-311,1.92,23/24,Unknown Injury,2023-11-10,2023-12-28,49,9
Jackson Porozo,Ecuador,DF,,25-311,1.92,21/22,Ankle Injury,2021-10-16,2021-11-16,32,6
Ángelo Preciado,Ecuador,"DF,MF",,28-113,1.74,25/26,Hamstring Injury,2026-04-14,2026-04-18,5,1
Ángelo Preciado,Ecuador,"DF,MF",,28-113,1.74,25/26,Ankle Sprain,2026-01-26,2026-01-31,6,1
Ángelo Preciado,Ecuador,"DF,MF",,28-113,1.74,25/26,Unknown Injury,2025-10-01,2025-10-03,3,1
Ángelo Preciado,Ecuador,"DF,MF",,28-113,1.74,25/26,Ankle Problems,2025-09-21,2025-09-25,5,1
Ángelo Preciado,Ecuador,"DF,MF",,28-113,1.74,25/26,Leg Injury,2025-08-15,2025-08-20,6,1
Ángelo Preciado,Ecuador,"DF,MF",,28-113,1.74,25/26,Hamstring Injury,2025-08-01,2025-08-13,13,3
Ángelo Preciado,Ecuador,"DF,MF",,28-113,1.74,24/25,Meniscus Injury,2024-10-26,2025-04-21,178,31
Ángelo Preciado,Ecuador,"DF,MF",,28-113,1.74,24/25,Rest,2024-10-18,2024-10-20,3,1
Ángelo Preciado,Ecuador,"DF,MF",,28-113,1.74,24/25,Rest,2024-09-21,2024-09-23,3,1
Ángelo Preciado,Ecuador,"DF,MF",,28-113,1.74,24/25,Rest,2024-07-15,2024-07-24,10,2
Ángelo Preciado,Ecuador,"DF,MF",,28-113,1.74,23/24,Unknown Injury,2023-12-14,2023-12-22,9,1
Ángelo Preciado,Ecuador,"DF,MF",,28-113,1.74,23/24,Unknown Injury,2023-10-26,2023-11-03,9,2
Ángelo Preciado,Ecuador,"DF,MF",,28-113,1.74,23/24,Rest,2023-09-26,2023-09-28,3,1
Ángelo Preciado,Ecuador,"DF,MF",,28-113,1.74,23/24,Toothache,2023-07-28,2023-08-01,5,1
Ángelo Preciado,Ecuador,"DF,MF",,28-113,1.74,22/23,Ill,2022-08-04,2022-08-08,5,1
Moisés Ramírez,Ecuador,GK,,25-275,1.85,-,Ninguna,,,0,0
Kevin Rodríguez,Ecuador,FW,,26-099,1.9,25/26,Minor Knock,2026-03-18,2026-03-23,6,1
Kevin Rodríguez,Ecuador,FW,,26-099,1.9,25/26,Vertebral Injury,2026-01-17,2026-03-09,52,11
Kevin Rodríguez,Ecuador,FW,,26-099,1.9,25/26,Minor Knock,2025-09-25,2025-09-28,4,1
Kevin Rodríguez,Ecuador,FW,,26-099,1.9,24/25,Hamstring Injury,2025-03-25,2025-04-22,29,5
Kevin Rodríguez,Ecuador,FW,,26-099,1.9,24/25,Knee Injury,2024-08-21,2024-08-27,7,1
Kevin Rodríguez,Ecuador,FW,,26-099,1.9,23/24,Muscle Injury,2024-05-09,2024-06-11,34,4
Kevin Rodríguez,Ecuador,FW,,26-099,1.9,23/24,Knee Injury,2024-02-01,2024-04-08,68,17
Kevin Rodríguez,Ecuador,FW,,26-099,1.9,22/23,Cruciate Ligament Strain,2023-05-19,2023-06-01,14,3
Félix Torres Caicedo,Ecuador,DF,,29-151,,-,No Encontrado,,,0,0
Anthony Valencia,Ecuador,MF,,22-325,1.73,24/25,Cruciate Ligament Tear,2025-02-27,2025-10-13,229,24
Anthony Valencia,Ecuador,MF,,22-325,1.73,23/24,Minor Knock,2024-05-08,2024-05-31,24,4
Anthony Valencia,Ecuador,MF,,22-325,1.73,23/24,Fracture Of Fibula Shaft,2023-10-25,2024-04-02,161,29
Anthony Valencia,Ecuador,MF,,22-325,1.73,22/23,Muscle Injury,2023-02-16,2023-06-30,135,17
Anthony Valencia,Ecuador,MF,,22-325,1.73,22/23,Muscle Injury,2023-01-01,2023-01-27,27,5
Anthony Valencia,Ecuador,MF,,22-325,1.73,22/23,Muscle Injury,2022-08-17,2022-08-23,7,1
Enner Valencia,Ecuador,"FW,MF",,36-219,1.77,24/25,Hamstring Injury,2025-05-09,2025-06-08,31,8
Enner Valencia,Ecuador,"FW,MF",,36-219,1.77,24/25,Hip Flexor Problems,2024-07-14,2024-07-22,9,2
Enner Valencia,Ecuador,"FW,MF",,36-219,1.77,23/24,Foot Injury,2024-04-01,2024-05-28,58,7
Enner Valencia,Ecuador,"FW,MF",,36-219,1.77,23/24,Foot Bruise,2024-02-26,2024-03-08,12,2
Enner Valencia,Ecuador,"FW,MF",,36-219,1.77,22/23,Head Injury,2023-04-29,2023-05-06,8,1
Enner Valencia,Ecuador,"FW,MF",,36-219,1.77,22/23,Meniscus Injury,2023-03-19,2023-03-29,11,2
Enner Valencia,Ecuador,"FW,MF",,36-219,1.77,22/23,Knee Problems,2022-12-26,2023-01-04,10,2
Enner Valencia,Ecuador,"FW,MF",,36-219,1.77,22/23,Knee Injury,2022-11-29,2022-12-16,18,-
Enner Valencia,Ecuador,"FW,MF",,36-219,1.77,21/22,Foot Injury,2022-02-28,2022-03-14,15,2
Enner Valencia,Ecuador,"FW,MF",,36-219,1.77,21/22,Ill,2022-01-14,2022-01-16,3,1
Enner Valencia,Ecuador,"FW,MF",,36-219,1.77,21/22,Fitness,2021-12-06,2021-12-15,10,2
Enner Valencia,Ecuador,"FW,MF",,36-219,1.77,21/22,Ankle Injury,2021-10-30,2021-12-06,38,9
Enner Valencia,Ecuador,"FW,MF",,36-219,1.77,21/22,Unknown Injury,2021-08-12,2021-08-21,10,2
Enner Valencia,Ecuador,"FW,MF",,36-219,1.77,20/21,Partial Muscle Tear,2020-12-07,2020-12-28,22,4
Enner Valencia,Ecuador,"FW,MF",,36-219,1.77,20/21,Corona Virus,2020-11-14,2020-11-30,17,4
Gonzalo Valle,Ecuador,GK,,30-103,1.86,25/26,Bone Edema,2026-04-01,2026-04-23,23,-
Gonzalo Valle,Ecuador,GK,,30-103,1.86,25/26,Knee Injury,2025-10-19,2025-12-31,74,16
Pedro Vite,Ecuador,MF,,24-094,1.72,-,Ninguna,,,0,0
John Yeboah,Ecuador,"FW,MF",,25-353,1.7,25/26,Ankle Injury,2026-02-08,2026-02-12,5,1
John Yeboah,Ecuador,"FW,MF",,25-353,1.7,24/25,Knock,2025-03-25,2025-03-27,3,1
John Yeboah,Ecuador,"FW,MF",,25-353,1.7,24/25,Unknown Injury,2024-09-29,2024-10-01,3,1
John Yeboah,Ecuador,"FW,MF",,25-353,1.7,23/24,Torn Muscle Fiber,2023-11-15,2023-11-29,15,3
John Yeboah,Ecuador,"FW,MF",,25-353,1.7,23/24,Ankle Injury,2023-08-03,2023-08-28,26,6
John Yeboah,Ecuador,"FW,MF",,25-353,1.7,21/22,Ill,2022-03-13,2022-03-15,3,1
John Yeboah,Ecuador,"FW,MF",,25-353,1.7,17/18,Broken Nose Bone,2017-09-25,2017-10-05,11,-
Hamza Abdelkarim,Egypt,FW,,18-161,1.82,-,Ninguna,,,0,0
Hossam Abdelmaguid,Egypt,DF,,25-042,1.93,-,Ninguna,,,0,0
Mohamed Abdelmonem,Egypt,DF,,27-130,1.84,25/26,Fitness,2026-01-22,2026-02-25,35,8
Mohamed Abdelmonem,Egypt,DF,,27-130,1.84,24/25,Cruciate Ligament Tear,2025-04-25,2026-01-21,272,48
Mohamed Abdelmonem,Egypt,DF,,27-130,1.84,24/25,Ill,2024-12-04,2024-12-18,15,3
Mohamed Abdelmonem,Egypt,DF,,27-130,1.84,22/23,Nose Surgery,2022-10-29,2022-11-29,32,3
Mohamed Abdelmonem,Egypt,DF,,27-130,1.84,21/22,Nose Injury,2022-03-25,2022-04-07,14,2
Ibrahim Adel,Egypt,MF,,25-049,1.78,23/24,Broken Ankle,2023-09-29,2024-01-23,117,26
Mohamed Alaa,Egypt,GK,,27-161,1.88,-,Ninguna,,,0,0
Tarek Alaa,Egypt,DF,,24-157,,-,Ninguna,,,0,0
Emam Ashour,Egypt,MF,,28-111,1.8,25/26,Knee Injury,2026-05-05,2026-05-12,8,-
Emam Ashour,Egypt,MF,,28-111,1.8,25/26,Virus,2025-09-16,2025-11-16,62,14
Emam Ashour,Egypt,MF,,28-111,1.8,24/25,Broken Collarbone,2025-06-15,2025-09-01,79,6
Emam Ashour,Egypt,MF,,28-111,1.8,24/25,Muscle Fatigue,2024-11-08,2024-11-15,8,-
Emam Ashour,Egypt,MF,,28-111,1.8,24/25,Knee Bruise,2024-09-04,2024-09-12,9,2
Emam Ashour,Egypt,MF,,28-111,1.8,23/24,Broken Shoulder,2024-03-22,2024-04-23,33,7
Emam Ashour,Egypt,MF,,28-111,1.8,23/24,Concussion,2024-01-24,2024-01-29,6,1
Emam Ashour,Egypt,MF,,28-111,1.8,23/24,Foot Bruise,2023-10-08,2023-10-20,13,2
Emam Ashour,Egypt,MF,,28-111,1.8,22/23,Muscle Injury,2023-04-29,2023-08-05,99,14
Emam Ashour,Egypt,MF,,28-111,1.8,21/22,Corona Virus,2021-11-26,2021-12-03,8,1
Emam Ashour,Egypt,MF,,28-111,1.8,20/21,Muscle Injury,2021-04-10,2021-05-26,47,12
Emam Ashour,Egypt,MF,,28-111,1.8,19/20,Ankle Injury,2019-11-20,2020-09-08,294,30
Emam Ashour,Egypt,MF,,28-111,1.8,19/20,Ankle Injury,2019-11-04,2020-09-07,309,30
Marwan Attia,Egypt,MF,,27-303,,-,No Encontrado,,,0,0
Nabil Dunga,Egypt,MF,,30-066,1.79,25/26,Inner Knee Ligament Tear,2025-11-23,2025-12-13,21,5
Nabil Dunga,Egypt,MF,,30-066,1.79,22/23,Cartilage Damage,2022-09-14,2022-12-11,89,14
Hamdy Fathy,Egypt,MF,,31-255,1.82,25/26,Muscle Injury,2025-11-15,2025-11-21,7,2
Hamdy Fathy,Egypt,MF,,31-255,1.82,22/23,Muscle Injury,2023-05-27,2023-06-02,7,1
Hamdy Fathy,Egypt,MF,,31-255,1.82,19/20,Cartilage Damage,2019-11-11,2020-07-07,240,26
Hamdy Fathy,Egypt,MF,,31-255,1.82,19/20,Ill,2019-09-28,2019-09-28,1,-
Ahmed Fatouh,Egypt,DF,,28-081,1.77,23/24,Muscle Tear,2024-01-28,2024-02-28,32,2
Karim Hafez,Egypt,DF,,30-091,1.74,21/22,Torn Thigh Muscle,2021-08-22,2021-09-18,28,5
Karim Hafez,Egypt,DF,,30-091,1.74,20/21,Calf Strain,2021-01-28,2021-02-09,13,3
Karim Hafez,Egypt,DF,,30-091,1.74,20/21,Corona Virus,2020-10-16,2020-10-24,9,1
Karim Hafez,Egypt,DF,,30-091,1.74,19/20,Unknown Injury,2019-10-14,2019-10-21,8,2
Karim Hafez,Egypt,DF,,30-091,1.74,18/19,Unknown Injury,2018-09-03,2018-09-22,20,3
Karim Hafez,Egypt,DF,,30-091,1.74,17/18,Ankle Injury,2018-01-24,2018-04-24,91,18
Karim Hafez,Egypt,DF,,30-091,1.74,16/17,Ill,2016-08-05,2016-08-06,2,1
Mohamed Hany,Egypt,"DF,MF",,30-137,1.8,24/25,Cruciate Ligament Strain,2024-09-27,2024-12-31,96,17
Mohamed Hany,Egypt,"DF,MF",,30-137,1.8,20/21,Muscle Injury,2021-05-28,2021-06-22,26,1
Mohamed Hany,Egypt,"DF,MF",,30-137,1.8,20/21,Thigh Problems,2021-04-04,2021-04-25,22,5
Mohamed Hany,Egypt,"DF,MF",,30-137,1.8,18/19,Ankle Injury,2018-11-13,2018-12-04,22,3
Haissem Hassan,Egypt,MF,,24-123,1.75,-,Ninguna,,,0,0
Yasser Ibrahim,Egypt,DF,,33-121,,-,Ninguna,,,0,0
El Mahdy Soliman,Egypt,GK,,39-193,,-,No Encontrado,,,0,0
Omar Marmoush,Egypt,"FW,MF",,27-124,1.83,25/26,Knee Injury,2025-09-10,2025-10-13,34,9
Omar Marmoush,Egypt,"FW,MF",,27-124,1.83,24/25,Rest,2024-11-15,2024-11-15,1,-
Omar Marmoush,Egypt,"FW,MF",,27-124,1.83,23/24,Ill,2024-01-29,2024-02-08,11,1
Omar Marmoush,Egypt,"FW,MF",,27-124,1.83,23/24,Ill,2023-12-12,2023-12-16,5,1
Omar Marmoush,Egypt,"FW,MF",,27-124,1.83,21/22,Muscular Problems,2022-04-23,2022-04-28,6,1
Omar Marmoush,Egypt,"FW,MF",,27-124,1.83,21/22,Corona Virus,2022-02-11,2022-02-16,6,1
Omar Marmoush,Egypt,"FW,MF",,27-124,1.83,21/22,Foot Injury,2021-10-21,2021-11-23,34,7
Mohanad Mostafa,Egypt,,,30-013,1.8,25/26,Bruised Ribs,2025-12-30,2026-01-09,11,2
Ramy Rabia,Egypt,"DF,MF",,33-022,1.83,24/25,Muscle Fatigue,2024-11-08,2024-11-17,10,1
Ramy Rabia,Egypt,"DF,MF",,33-022,1.83,23/24,Abscess,2023-10-03,2023-10-19,17,4
Ramy Rabia,Egypt,"DF,MF",,33-022,1.83,22/23,Shoulder Injury,2023-04-10,2023-05-08,29,5
Ramy Rabia,Egypt,"DF,MF",,33-022,1.83,22/23,Bruised Ribs,2022-10-30,2022-11-14,16,1
Ramy Rabia,Egypt,"DF,MF",,33-022,1.83,20/21,Corona Virus,2020-12-20,2021-01-04,16,3
Ramy Rabia,Egypt,"DF,MF",,33-022,1.83,20/21,Hamstring Injury,2020-09-26,2020-10-26,31,6
Ramy Rabia,Egypt,"DF,MF",,33-022,1.83,18/19,Finger Injury,2018-12-04,2018-12-31,28,6
Ramy Rabia,Egypt,"DF,MF",,33-022,1.83,17/18,Groin Injury,2018-01-08,2018-03-14,66,14
Ramy Rabia,Egypt,"DF,MF",,33-022,1.83,17/18,Groin Injury,2017-10-11,2017-12-21,72,10
Ramy Rabia,Egypt,"DF,MF",,33-022,1.83,16/17,Knee Surgery,2016-08-21,2016-11-13,85,12
Ramy Rabia,Egypt,"DF,MF",,33-022,1.83,15/16,Muscle Strain,2015-10-15,2015-11-18,35,6
Ramy Rabia,Egypt,"DF,MF",,33-022,1.83,14/15,Surgery,2014-09-02,2014-10-07,36,7
Ramy Rabia,Egypt,"DF,MF",,33-022,1.83,14/15,Muscular Problems,2014-08-31,2014-09-01,2,1
Ramy Rabia,Egypt,"DF,MF",,33-022,1.83,12/13,Cartilage Damage,2013-04-30,2013-05-31,32,5
Ramy Rabia,Egypt,"DF,MF",,33-022,1.83,11/12,Back Problems,2011-12-15,2012-07-01,200,13
Mahmoud Saber,Egypt,MF,,24-316,1.7,24/25,Torn Ankle Ligaments,2025-05-11,2025-07-01,52,2
Mahmoud Saber,Egypt,MF,,24-316,1.7,24/25,Leg Injury,2025-05-11,2025-07-01,52,2
Mahmoud Saber,Egypt,MF,,24-316,1.7,24/25,Torn Knee Ligaments,2025-05-11,2025-07-01,52,2
Mohamed Salah,Egypt,"FW,MF",,33-361,1.75,25/26,Thigh Problems,2026-04-26,2026-05-12,17,2
Mohamed Salah,Egypt,"FW,MF",,33-361,1.75,25/26,Muscular Problems,2026-03-18,2026-04-01,15,3
Mohamed Salah,Egypt,"FW,MF",,33-361,1.75,23/24,Muscular Problems,2024-02-19,2024-03-04,15,4
Mohamed Salah,Egypt,"FW,MF",,33-361,1.75,23/24,Hamstring Muscle Injury,2024-01-19,2024-02-13,26,8
Mohamed Salah,Egypt,"FW,MF",,33-361,1.75,21/22,Groin Problems,2022-05-15,2022-05-20,6,1
Mohamed Salah,Egypt,"FW,MF",,33-361,1.75,20/21,Corona Virus,2020-11-13,2020-11-24,12,3
Mohamed Salah,Egypt,"FW,MF",,33-361,1.75,19/20,Ankle Injury,2019-11-11,2019-11-22,12,2
Mohamed Salah,Egypt,"FW,MF",,33-361,1.75,19/20,Ankle Problems,2019-10-06,2019-10-22,17,2
Mohamed Salah,Egypt,"FW,MF",,33-361,1.75,18/19,Concussion,2019-05-05,2019-05-11,7,1
Mohamed Salah,Egypt,"FW,MF",,33-361,1.75,18/19,Thigh Problems,2018-10-13,2018-10-18,6,1
Mohamed Salah,Egypt,"FW,MF",,33-361,1.75,17/18,Shoulder Injury,2018-05-27,2018-06-14,19,2
Mohamed Salah,Egypt,"FW,MF",,33-361,1.75,17/18,Groin Problems,2018-04-05,2018-04-08,4,1
Mohamed Salah,Egypt,"FW,MF",,33-361,1.75,17/18,Groin Problems,2017-12-31,2018-01-08,9,2
Mohamed Salah,Egypt,"FW,MF",,33-361,1.75,16/17,Torn Lateral Ankle Ligament,2016-12-01,2016-12-15,15,3
Mohamed Salah,Egypt,"FW,MF",,33-361,1.75,15/16,Torn Lateral Ankle Ligament,2015-11-09,2015-12-07,29,6
Mohamed El-Shenawy,Egypt,GK,,37-175,,-,No Encontrado,,,0,0
Mostafa Shobeir,Egypt,GK,,26-027,,-,No Encontrado,,,0,0
Trézéguet,Egypt,"FW,MF",,31-253,1.9,12/13,Knee Surgery,2013-04-15,2013-07-15,92,11
Trézéguet,Egypt,"FW,MF",,31-253,1.9,09/10,Ankle Sprain,2010-01-06,2010-02-20,46,8
Trézéguet,Egypt,"FW,MF",,31-253,1.9,09/10,Calf Muscle Tear,2009-11-21,2009-12-02,12,3
Trézéguet,Egypt,"FW,MF",,31-253,1.9,08/09,Knee Problems,2008-09-17,2009-01-26,132,24
Trézéguet,Egypt,"FW,MF",,31-253,1.9,04/05,Inflammation In The Ankle Joint,2005-03-16,2005-04-26,42,6
Trézéguet,Egypt,"FW,MF",,31-253,1.9,04/05,Flu,2005-02-17,2005-02-28,12,3
Trézéguet,Egypt,"FW,MF",,31-253,1.9,04/05,Shoulder Injury,2004-10-03,2005-01-10,100,21
Trézéguet,Egypt,"FW,MF",,31-253,1.9,03/04,Shoulder Injury,2004-03-12,2004-03-18,7,2
Trézéguet,Egypt,"FW,MF",,31-253,1.9,03/04,Thigh Problems,2004-02-13,2004-03-11,28,6
Trézéguet,Egypt,"FW,MF",,31-253,1.9,02/03,Shoulder Injury,2003-04-05,2003-04-26,22,4
Trézéguet,Egypt,"FW,MF",,31-253,1.9,02/03,Patellar Tendon Problems,2002-07-31,2002-12-20,143,25
Trézéguet,Egypt,"FW,MF",,31-253,1.9,00/01,Muscle Injury,2001-01-28,2001-03-01,33,5
Mostafa Ziko,Egypt,FW,,29-045,1.79,-,Ninguna,,,0,0
Zizo,Egypt,MF,,30-152,1.75,25/26,Hamstring Strain,2026-02-03,2026-02-28,26,5
Zizo,Egypt,MF,,30-152,1.75,25/26,Knee Injury,2025-11-15,2025-11-19,5,1
Zizo,Egypt,MF,,30-152,1.75,25/26,Adductor Injury,2025-09-14,2025-10-02,19,3
Zizo,Egypt,MF,,30-152,1.75,24/25,Muscle Tear,2024-11-01,2024-11-17,17,2
Zizo,Egypt,MF,,30-152,1.75,24/25,Metatarsal Bruise,2024-04-15,2024-07-27,104,9
Zizo,Egypt,MF,,30-152,1.75,24/25,Ankle Injury,2024-03-08,2024-03-30,23,3
Zizo,Egypt,MF,,30-152,1.75,16/17,Muscle Injury,2016-08-15,2016-09-08,25,3
Zizo,Egypt,MF,,30-152,1.75,15/16,Strain,2016-01-28,2016-02-19,23,3
Zizo,Egypt,MF,,30-152,1.75,15/16,Head Injury,2015-07-23,2015-09-09,49,3
Elliot Anderson,England,MF,,23-217,1.79,23/24,Back Injury,2023-10-23,2024-02-25,126,25
Elliot Anderson,England,MF,,23-217,1.79,20/21,Quarantine,2020-10-08,2020-10-22,15,2
Jude Bellingham,England,MF,,22-347,1.86,25/26,Hamstring Injury,2026-02-02,2026-03-17,44,9
Jude Bellingham,England,MF,,22-347,1.86,25/26,Shoulder Injury,2025-07-15,2025-09-15,63,6
Jude Bellingham,England,MF,,22-347,1.86,24/25,Muscle Injury,2024-08-23,2024-09-15,24,6
Jude Bellingham,England,MF,,22-347,1.86,23/24,Ankle Sprain,2024-02-10,2024-03-02,22,3
Jude Bellingham,England,MF,,22-347,1.86,23/24,Shoulder Injury,2023-11-09,2023-11-26,18,3
Jude Bellingham,England,MF,,22-347,1.86,22/23,Knee Injury,2023-05-20,2023-05-22,3,1
Jude Bellingham,England,MF,,22-347,1.86,21/22,Knee Problems,2021-11-25,2021-12-01,7,1
Jude Bellingham,England,MF,,22-347,1.86,20/21,Knock,2020-12-30,2021-01-10,12,2
Dan Burn,England,DF,,34-033,2.01,25/26,Bruised Ribs,2025-12-15,2026-01-24,41,10
Dan Burn,England,DF,,34-033,2.01,23/24,Back Injury,2023-11-04,2023-12-11,38,7
Dan Burn,England,DF,,34-033,2.01,22/23,Concussion,2022-08-21,2022-08-26,6,1
Dan Burn,England,DF,,34-033,2.01,21/22,Shoulder Injury,2021-12-26,2021-12-28,3,-
Dan Burn,England,DF,,34-033,2.01,21/22,Knee Injury,2021-10-27,2021-11-19,24,2
Dan Burn,England,DF,,34-033,2.01,21/22,Torn Knee Ligaments,2021-07-31,2021-09-18,50,5
Dan Burn,England,DF,,34-033,2.01,19/20,Broken Collarbone,2020-01-01,2020-02-08,39,5
Dan Burn,England,DF,,34-033,2.01,18/19,Broken Foot,2018-07-16,2018-10-03,80,12
Eberechi Eze,England,"FW,MF",,27-347,1.78,25/26,Calf Injury,2026-03-18,2026-04-09,23,5
Eberechi Eze,England,"FW,MF",,27-347,1.78,24/25,Foot Injury,2025-02-03,2025-02-11,9,1
Eberechi Eze,England,"FW,MF",,27-347,1.78,24/25,Hamstring Injury,2024-10-30,2024-11-25,27,5
Eberechi Eze,England,"FW,MF",,27-347,1.78,23/24,Muscle Injury,2024-01-30,2024-03-01,32,4
Eberechi Eze,England,"FW,MF",,27-347,1.78,23/24,Ankle Injury,2023-11-25,2023-12-14,20,3
Eberechi Eze,England,"FW,MF",,27-347,1.78,23/24,Hamstring Injury,2023-10-03,2023-11-01,30,5
Eberechi Eze,England,"FW,MF",,27-347,1.78,20/21,Achilles Tendon Problems,2021-05-19,2021-10-28,163,12
Eberechi Eze,England,"FW,MF",,27-347,1.78,20/21,Knock,2020-11-19,2020-11-22,4,-
Eberechi Eze,England,"FW,MF",,27-347,1.78,20/21,Groin Injury,2020-09-10,2020-09-11,2,-
Anthony Gordon,England,"FW,MF",,25-107,1.83,25/26,Hip Injury,2026-04-17,2026-04-30,14,2
Anthony Gordon,England,"FW,MF",,25-107,1.83,25/26,Thigh Problems,2026-02-06,2026-02-09,4,1
Anthony Gordon,England,"FW,MF",,25-107,1.83,25/26,Hip Problems,2025-11-07,2025-11-24,18,4
Anthony Gordon,England,"FW,MF",,25-107,1.83,24/25,Knock,2025-03-21,2025-04-14,25,3
Anthony Gordon,England,"FW,MF",,25-107,1.83,24/25,Thigh Problems,2025-02-06,2025-02-10,5,1
Anthony Gordon,England,"FW,MF",,25-107,1.83,24/25,Groin Injury,2024-10-26,2024-10-30,5,1
Anthony Gordon,England,"FW,MF",,25-107,1.83,23/24,Ankle Injury,2024-05-15,2024-05-27,13,1
Anthony Gordon,England,"FW,MF",,25-107,1.83,22/23,Ankle Injury,2023-03-10,2023-04-01,23,4
Anthony Gordon,England,"FW,MF",,25-107,1.83,22/23,Ill,2022-12-29,2023-01-04,7,2
Marc Guéhi,England,DF,,25-333,1.82,25/26,Ankle Injury,2025-11-06,2025-11-21,16,3
Marc Guéhi,England,DF,,25-333,1.82,24/25,Concussion,2025-05-12,2025-06-07,27,2
Marc Guéhi,England,DF,,25-333,1.82,23/24,Knee Problems,2024-02-03,2024-05-01,89,14
Marc Guéhi,England,DF,,25-333,1.82,23/24,Hip Injury,2023-09-13,2023-09-20,8,1
Marc Guéhi,England,DF,,25-333,1.82,20/21,Groin Injury,2021-03-09,2021-03-19,11,2
Dean Henderson,England,GK,,29-091,1.88,25/26,Ill,2026-03-13,2026-03-20,8,2
Dean Henderson,England,GK,,29-091,1.88,24/25,Ill,2025-01-12,2025-01-15,4,1
Dean Henderson,England,GK,,29-091,1.88,23/24,Hamstring Injury,2023-09-27,2023-12-15,80,14
Dean Henderson,England,GK,,29-091,1.88,22/23,Torn Thigh Muscle,2023-01-14,2023-06-30,168,26
Dean Henderson,England,GK,,29-091,1.88,21/22,Ill,2021-08-02,2021-09-02,32,3
Dean Henderson,England,GK,,29-091,1.88,20/21,Hip Injury,2021-06-14,2021-07-13,30,6
Jordan Henderson,England,MF,,35-359,1.82,25/26,Knock,2026-03-28,2026-05-04,38,5
Jordan Henderson,England,MF,,35-359,1.82,25/26,Ankle Injury,2026-01-11,2026-01-19,9,1
Jordan Henderson,England,MF,,35-359,1.82,24/25,Hamstring Injury,2025-02-09,2025-02-19,11,2
Jordan Henderson,England,MF,,35-359,1.82,24/25,Groin Problems,2024-10-01,2024-10-05,5,1
Jordan Henderson,England,MF,,35-359,1.82,23/24,Muscle Injury,2024-03-28,2024-05-04,38,5
Jordan Henderson,England,MF,,35-359,1.82,23/24,Unknown Injury,2024-02-21,2024-02-24,4,1
Jordan Henderson,England,MF,,35-359,1.82,22/23,Hamstring Injury,2022-08-31,2022-09-25,26,4
Jordan Henderson,England,MF,,35-359,1.82,21/22,Back Problems,2022-02-07,2022-02-12,6,1
Jordan Henderson,England,MF,,35-359,1.82,21/22,Ill,2021-12-18,2021-12-20,3,1
Jordan Henderson,England,MF,,35-359,1.82,20/21,Groin Surgery,2021-02-26,2021-05-19,83,17
Jordan Henderson,England,MF,,35-359,1.82,20/21,Knock,2020-11-16,2020-11-27,12,3
Jordan Henderson,England,MF,,35-359,1.82,20/21,Hip Problems,2020-10-02,2020-10-03,2,-
Jordan Henderson,England,MF,,35-359,1.82,19/20,Knee Injury,2020-07-09,2020-08-30,53,5
Jordan Henderson,England,MF,,35-359,1.82,19/20,Hamstring Injury,2020-02-19,2020-03-10,21,4
Jordan Henderson,England,MF,,35-359,1.82,18/19,Ankle Injury,2019-03-14,2019-03-22,9,1
Reece James,England,"DF,MF",,26-185,1.8,25/26,Hamstring Injury,2026-03-15,2026-05-03,50,9
Reece James,England,"DF,MF",,26-185,1.8,25/26,Knock,2026-02-01,2026-02-11,11,3
Reece James,England,"DF,MF",,26-185,1.8,25/26,Hip Problems,2026-01-09,2026-01-16,8,2
Reece James,England,"DF,MF",,26-185,1.8,24/25,Ill,2025-03-08,2025-03-12,5,1
Reece James,England,"DF,MF",,26-185,1.8,24/25,Hamstring Injury,2024-11-19,2024-12-27,39,10
Reece James,England,"DF,MF",,26-185,1.8,24/25,Hamstring Injury,2024-08-09,2024-10-14,67,15
Reece James,England,"DF,MF",,26-185,1.8,23/24,Surgery,2023-12-11,2024-05-10,152,31
Reece James,England,"DF,MF",,26-185,1.8,23/24,Hamstring Injury,2023-08-13,2023-10-06,55,10
Reece James,England,"DF,MF",,26-185,1.8,22/23,Hamstring Injury,2023-04-25,2023-05-31,37,7
Reece James,England,"DF,MF",,26-185,1.8,22/23,Thigh Problems,2023-03-26,2023-03-31,6,1
Reece James,England,"DF,MF",,26-185,1.8,22/23,Ill,2023-03-09,2023-03-15,7,1
Reece James,England,"DF,MF",,26-185,1.8,22/23,Hamstring Injury,2023-03-01,2023-03-05,5,1
Reece James,England,"DF,MF",,26-185,1.8,22/23,Knee Injury,2022-12-27,2023-01-31,36,6
Reece James,England,"DF,MF",,26-185,1.8,22/23,Knee Injury,2022-10-13,2022-12-12,61,14
Reece James,England,"DF,MF",,26-185,1.8,21/22,Hamstring Injury,2022-04-21,2022-04-28,8,1
Harry Kane,England,FW,,32-318,1.88,25/26,Ankle Problems,2026-03-31,2026-04-06,7,2
Harry Kane,England,FW,,32-318,1.88,25/26,Calf Problems,2026-03-05,2026-03-08,4,1
Harry Kane,England,FW,,32-318,1.88,24/25,Torn Muscle Fiber,2024-12-01,2024-12-15,15,4
Harry Kane,England,FW,,32-318,1.88,23/24,Back Problems,2024-05-09,2024-06-01,24,2
Harry Kane,England,FW,,32-318,1.88,23/24,Ankle Injury,2024-03-17,2024-03-27,11,2
Harry Kane,England,FW,,32-318,1.88,20/21,Ankle Injury,2021-04-16,2021-04-22,7,1
Harry Kane,England,FW,,32-318,1.88,20/21,Ankle Injury,2021-01-29,2021-02-05,8,2
Harry Kane,England,FW,,32-318,1.88,20/21,Unknown Injury,2020-11-30,2020-12-05,6,1
Harry Kane,England,FW,,32-318,1.88,19/20,Fitness,2020-03-09,2020-04-01,24,1
Harry Kane,England,FW,,32-318,1.88,19/20,Torn Thigh Muscle,2020-01-02,2020-03-09,68,14
Harry Kane,England,FW,,32-318,1.88,19/20,Ill,2019-11-01,2019-11-04,4,1
Harry Kane,England,FW,,32-318,1.88,18/19,Ligament Injury,2019-04-10,2019-05-31,52,9
Harry Kane,England,FW,,32-318,1.88,18/19,Torn Ankle Ligaments,2019-01-14,2019-02-23,41,7
Harry Kane,England,FW,,32-318,1.88,18/19,Back Injury,2018-07-04,2018-07-06,3,-
Harry Kane,England,FW,,32-318,1.88,17/18,Ankle Injury,2018-03-12,2018-04-01,21,3
Ezri Konsa,England,"DF,FW",,28-231,1.8,24/25,Hamstring Injury,2025-02-09,2025-02-22,14,2
Ezri Konsa,England,"DF,FW",,28-231,1.8,24/25,Hip Problems,2024-11-22,2024-11-24,3,1
Ezri Konsa,England,"DF,FW",,28-231,1.8,23/24,Knee Injury,2024-02-04,2024-03-01,27,4
Ezri Konsa,England,"DF,FW",,28-231,1.8,21/22,Knee Injury,2022-05-15,2022-07-10,57,2
Ezri Konsa,England,"DF,FW",,28-231,1.8,20/21,Bruise,2020-12-13,2020-12-25,13,2
Ezri Konsa,England,"DF,FW",,28-231,1.8,19/20,Muscle Strain,2020-02-02,2020-02-15,14,-
Ezri Konsa,England,"DF,FW",,28-231,1.8,19/20,Muscle Strain,2019-08-05,2019-08-09,5,-
Tino Livramento,England,"DF,MF",,23-211,1.82,25/26,Thigh Problems,2026-04-18,2026-06-01,45,5
Tino Livramento,England,"DF,MF",,23-211,1.82,25/26,Hamstring Injury,2026-01-11,2026-03-06,55,15
Tino Livramento,England,"DF,MF",,23-211,1.82,25/26,Knee Injury,2025-12-18,2026-01-01,15,3
Tino Livramento,England,"DF,MF",,23-211,1.82,25/26,Knee Injury,2025-09-28,2025-11-21,55,13
Tino Livramento,England,"DF,MF",,23-211,1.82,24/25,Ill,2024-12-24,2024-12-29,6,1
Tino Livramento,England,"DF,MF",,23-211,1.82,23/24,Ankle Injury,2024-05-14,2024-05-27,14,2
Tino Livramento,England,"DF,MF",,23-211,1.82,23/24,Ankle Injury,2024-03-11,2024-04-12,33,5
Tino Livramento,England,"DF,MF",,23-211,1.82,23/24,Ill,2024-01-12,2024-01-20,9,1
Tino Livramento,England,"DF,MF",,23-211,1.82,21/22,Cruciate Ligament Tear,2022-04-25,2023-04-13,354,51
Tino Livramento,England,"DF,MF",,23-211,1.82,21/22,Knee Problems,2022-01-06,2022-02-03,29,4
Noni Madueke,England,"FW,MF",,24-093,1.82,25/26,Knee Injury,2025-09-21,2025-11-21,62,15
Noni Madueke,England,"FW,MF",,24-093,1.82,24/25,Hamstring Injury,2025-02-14,2025-04-02,48,8
Noni Madueke,England,"FW,MF",,24-093,1.82,24/25,Ill,2025-01-10,2025-01-13,4,1
Noni Madueke,England,"FW,MF",,24-093,1.82,23/24,Unknown Injury,2023-12-05,2023-12-18,14,3
Noni Madueke,England,"FW,MF",,24-093,1.82,23/24,Muscle Injury,2023-09-17,2023-09-25,9,2
Noni Madueke,England,"FW,MF",,24-093,1.82,22/23,Ankle Injury,2022-07-28,2022-10-17,82,20
Noni Madueke,England,"FW,MF",,24-093,1.82,21/22,Muscle Injury,2022-04-11,2022-05-05,25,4
Noni Madueke,England,"FW,MF",,24-093,1.82,21/22,Muscle Injury,2021-12-09,2022-02-07,61,8
Noni Madueke,England,"FW,MF",,24-093,1.82,21/22,Muscle Injury,2021-10-21,2021-12-02,43,9
Noni Madueke,England,"FW,MF",,24-093,1.82,21/22,Muscle Injury,2021-09-20,2021-10-14,25,5
Noni Madueke,England,"FW,MF",,24-093,1.82,20/21,Knock,2021-01-25,2021-02-25,32,7
Noni Madueke,England,"FW,MF",,24-093,1.82,20/21,Minor Knock,2021-01-11,2021-01-18,8,1
Noni Madueke,England,"FW,MF",,24-093,1.82,18/19,Minor Knock,2019-05-02,2019-05-09,8,2
Kobbie Mainoo,England,MF,,21-053,1.84,25/26,Knock,2026-04-10,2026-04-15,6,1
Kobbie Mainoo,England,MF,,21-053,1.84,25/26,Calf Injury,2025-12-16,2026-01-06,22,4
Kobbie Mainoo,England,MF,,21-053,1.84,25/26,Knock,2025-11-07,2025-11-10,4,1
Kobbie Mainoo,England,MF,,21-053,1.84,24/25,Muscle Injury,2025-02-10,2025-04-07,57,12
Kobbie Mainoo,England,MF,,21-053,1.84,24/25,Muscle Injury,2024-10-17,2024-11-11,26,7
Kobbie Mainoo,England,MF,,21-053,1.84,23/24,Ankle Injury,2023-07-27,2023-10-22,88,17
Nico O’Reilly,England,"DF,MF",,21-082,,-,No Encontrado,,,0,0
Jordan Pickford,England,GK,,32-096,1.85,22/23,Thigh Problems,2022-09-09,2022-09-27,19,3
Jordan Pickford,England,GK,,32-096,1.85,21/22,Shoulder Injury,2021-09-13,2021-09-27,15,2
Jordan Pickford,England,GK,,32-096,1.85,20/21,Chest Injury,2021-01-28,2021-02-18,22,4
Jordan Pickford,England,GK,,32-096,1.85,16/17,Knee Injury,2016-12-26,2017-02-27,64,9
Jarell Quansah,England,DF,,23-133,1.9,25/26,Thigh Problems,2026-03-22,2026-04-14,24,4
Jarell Quansah,England,DF,,23-133,1.9,25/26,Patellar Tendon Irritation,2025-10-10,2025-10-23,14,3
Marcus Rashford,England,"FW,MF",,28-223,1.85,25/26,Knee Bruise,2026-02-07,2026-02-22,16,2
Marcus Rashford,England,"FW,MF",,28-223,1.85,25/26,Fever,2025-11-21,2025-11-24,4,1
Marcus Rashford,England,"FW,MF",,28-223,1.85,24/25,Hamstring Injury,2025-04-23,2025-05-23,31,4
Marcus Rashford,England,"FW,MF",,28-223,1.85,24/25,Ill,2025-01-04,2025-01-15,12,2
Marcus Rashford,England,"FW,MF",,28-223,1.85,23/24,Unknown Injury,2024-04-22,2024-05-13,22,4
Marcus Rashford,England,"FW,MF",,28-223,1.85,23/24,Ill,2023-12-11,2023-12-13,3,1
Marcus Rashford,England,"FW,MF",,28-223,1.85,22/23,Leg Injury,2023-05-11,2023-05-24,14,2
Marcus Rashford,England,"FW,MF",,28-223,1.85,22/23,Muscle Injury,2023-04-08,2023-04-19,12,2
Marcus Rashford,England,"FW,MF",,28-223,1.85,22/23,Unknown Injury,2023-03-19,2023-03-31,13,2
Marcus Rashford,England,"FW,MF",,28-223,1.85,22/23,Muscle Injury,2022-09-04,2022-09-19,16,2
Marcus Rashford,England,"FW,MF",,28-223,1.85,21/22,Bronchitis,2022-05-04,2022-05-19,16,1
Marcus Rashford,England,"FW,MF",,28-223,1.85,21/22,Dead Leg,2022-01-13,2022-01-17,5,1
Marcus Rashford,England,"FW,MF",,28-223,1.85,21/22,Shoulder Injury,2021-07-14,2021-10-15,94,15
Marcus Rashford,England,"FW,MF",,28-223,1.85,20/21,Shoulder Injury,2020-11-08,2020-11-20,13,3
Marcus Rashford,England,"FW,MF",,28-223,1.85,19/20,Back Injury,2020-01-16,2020-06-05,142,13
Declan Rice,England,"DF,MF",,27-148,1.88,25/26,Knee Problems,2025-12-28,2026-01-01,5,1
Declan Rice,England,"DF,MF",,27-148,1.88,24/25,Strain In The Thigh And Gluteal Muscles,2025-05-08,2025-05-15,8,1
Declan Rice,England,"DF,MF",,27-148,1.88,24/25,Broken Toe,2024-11-04,2024-11-19,16,3
Declan Rice,England,"DF,MF",,27-148,1.88,22/23,Ill,2023-05-02,2023-05-05,4,1
Declan Rice,England,"DF,MF",,27-148,1.88,21/22,Ill,2022-03-04,2022-03-06,3,1
Declan Rice,England,"DF,MF",,27-148,1.88,20/21,Knee Injury,2021-04-01,2021-05-10,40,6
Declan Rice,England,"DF,MF",,27-148,1.88,18/19,Ill,2019-04-28,2019-05-11,14,1
Morgan Rogers,England,"FW,MF",,23-320,1.87,23/24,Hamstring Injury,2024-05-06,2024-06-01,27,3
Bukayo Saka,England,"FW,MF",,24-279,1.78,25/26,Achilles Tendon Problems,2026-03-23,2026-04-20,29,7
Bukayo Saka,England,"FW,MF",,24-279,1.78,25/26,Hip Injury,2026-01-30,2026-02-11,13,3
Bukayo Saka,England,"FW,MF",,24-279,1.78,25/26,Hamstring Injury,2025-08-23,2025-09-17,26,5
Bukayo Saka,England,"FW,MF",,24-279,1.78,24/25,Hamstring Injury,2024-12-22,2025-03-30,99,21
Bukayo Saka,England,"FW,MF",,24-279,1.78,24/25,Thigh Problems,2024-10-10,2024-10-24,15,3
Bukayo Saka,England,"FW,MF",,24-279,1.78,24/25,Muscle Injury,2024-05-13,2024-05-20,8,1
Bukayo Saka,England,"FW,MF",,24-279,1.78,23/24,Unknown Injury,2024-03-21,2024-04-06,17,3
Bukayo Saka,England,"FW,MF",,24-279,1.78,23/24,Thigh Problems,2023-10-03,2023-10-21,19,3
Bukayo Saka,England,"FW,MF",,24-279,1.78,21/22,Dead Leg,2021-06-30,2021-07-05,6,1
Bukayo Saka,England,"FW,MF",,24-279,1.78,20/21,Hip Problems,2021-01-28,2021-01-31,4,1
Bukayo Saka,England,"FW,MF",,24-279,1.78,20/21,Ankle Injury,2020-12-30,2021-01-01,3,-
Bukayo Saka,England,"FW,MF",,24-279,1.78,20/21,Hamstring Injury,2020-11-23,2020-11-28,6,1
Bukayo Saka,England,"FW,MF",,24-279,1.78,19/20,Knee Injury,2020-02-03,2020-02-15,13,-
Djed Spence,England,"DF,MF",,25-306,1.84,25/26,Calf Problems,2026-02-23,2026-03-08,14,2
Djed Spence,England,"DF,MF",,25-306,1.84,25/26,Calf Injury,2026-01-29,2026-02-09,12,2
Djed Spence,England,"DF,MF",,25-306,1.84,24/25,Knock,2025-01-20,2025-02-01,13,3
Djed Spence,England,"DF,MF",,25-306,1.84,24/25,Groin Injury,2024-10-21,2024-11-08,19,5
Djed Spence,England,"DF,MF",,25-306,1.84,23/24,Outer Ligament Problems,2023-09-18,2023-11-18,62,10
Djed Spence,England,"DF,MF",,25-306,1.84,22/23,Knee Injury,2023-05-12,2023-06-15,35,4
John Stones,England,DF,,32-014,1.88,25/26,Calf Injury,2026-03-28,2026-04-17,21,3
John Stones,England,DF,,32-014,1.88,25/26,Thigh Problems,2025-12-05,2026-02-09,67,18
John Stones,England,DF,,32-014,1.88,25/26,Muscle Injury,2025-09-01,2025-09-15,15,3
John Stones,England,DF,,32-014,1.88,24/25,Hamstring Injury,2025-02-19,2025-05-23,94,18
John Stones,England,DF,,32-014,1.88,24/25,Foot Injury,2024-12-22,2025-01-20,30,6
John Stones,England,DF,,32-014,1.88,24/25,Foot Injury,2024-11-23,2024-12-14,22,5
John Stones,England,DF,,32-014,1.88,24/25,Unknown Injury,2024-11-01,2024-11-18,18,5
John Stones,England,DF,,32-014,1.88,23/24,Ankle Injury,2023-12-28,2024-01-15,19,3
John Stones,England,DF,,32-014,1.88,23/24,Hip Injury,2023-08-10,2023-10-01,53,11
John Stones,England,DF,,32-014,1.88,22/23,Hamstring Injury,2023-01-27,2023-03-01,34,7
John Stones,England,DF,,32-014,1.88,22/23,Hamstring Injury,2022-09-26,2022-10-20,25,5
John Stones,England,DF,,32-014,1.88,21/22,Hamstring Injury,2022-04-21,2022-05-16,26,6
John Stones,England,DF,,32-014,1.88,20/21,Rest,2021-01-22,2021-01-24,3,1
John Stones,England,DF,,32-014,1.88,20/21,Knock,2020-09-22,2020-10-02,11,3
John Stones,England,DF,,32-014,1.88,20/21,Ankle Injury,2020-06-19,2020-06-27,9,2
Ivan Toney,England,FW,,30-087,1.85,23/24,Hip Problems,2024-04-14,2024-04-24,11,1
Ivan Toney,England,FW,,30-087,1.85,22/23,Knee Injury,2022-12-31,2023-01-10,11,2
Ivan Toney,England,FW,,30-087,1.85,21/22,Unknown Injury,2022-02-07,2022-02-23,17,3
Ivan Toney,England,FW,,30-087,1.85,21/22,Corona Virus,2021-12-04,2021-12-14,11,2
Ivan Toney,England,FW,,30-087,1.85,15/16,Ankle Injury,2016-01-22,2016-03-22,61,13
James Trafford,England,GK,,23-244,1.92,24/25,Ill,2024-08-16,2024-08-18,3,1
Ollie Watkins,England,"FW,MF",,30-163,1.8,25/26,Muscle Injury,2026-01-29,2026-02-06,9,1
Ollie Watkins,England,"FW,MF",,30-163,1.8,24/25,Knee Problems,2025-03-12,2025-03-30,19,2
Ollie Watkins,England,"FW,MF",,30-163,1.8,24/25,Muscle Injury,2025-02-02,2025-02-14,13,1
Ollie Watkins,England,"FW,MF",,30-163,1.8,24/25,Muscle Fatigue,2024-09-03,2024-09-11,9,2
Maghnes Akliouche,France,MF,,24-106,1.83,25/26,Hip Injury,2026-02-20,2026-02-24,5,1
Maghnes Akliouche,France,MF,,24-106,1.83,24/25,Muscle Fatigue,2025-01-09,2025-01-16,8,2
Maghnes Akliouche,France,MF,,24-106,1.83,23/24,Ill,2023-08-24,2023-08-28,5,1
Maghnes Akliouche,France,MF,,24-106,1.83,22/23,Ill,2023-04-27,2023-05-01,5,1
Maghnes Akliouche,France,MF,,24-106,1.83,22/23,Hip Problems,2022-10-22,2022-10-24,3,1
Bradley Barcola,France,"FW,MF",,23-282,1.82,25/26,Ankle Sprain,2026-03-18,2026-04-13,27,5
Bradley Barcola,France,"FW,MF",,23-282,1.82,25/26,Hamstring Injury,2025-09-20,2025-09-23,4,1
Bradley Barcola,France,"FW,MF",,23-282,1.82,24/25,Knee Injury,2025-06-06,2025-06-29,24,2
Bradley Barcola,France,"FW,MF",,23-282,1.82,23/24,Hamstring Muscle Injury,2024-03-23,2024-04-07,16,3
Bradley Barcola,France,"FW,MF",,23-282,1.82,22/23,Ill,2023-05-12,2023-05-18,7,1
Rayan Cherki,France,"FW,MF",,22-298,1.77,25/26,Thigh Problems,2025-08-30,2025-10-03,35,9
Rayan Cherki,France,"FW,MF",,22-298,1.77,23/24,Muscle Injury,2024-04-01,2024-04-02,2,-
Rayan Cherki,France,"FW,MF",,22-298,1.77,21/22,Metatarsal Fracture,2022-02-09,2022-05-09,90,19
Ousmane Dembélé,France,"FW,MF",,29-027,1.78,25/26,Calf Injury,2026-02-18,2026-03-01,12,3
Ousmane Dembélé,France,"FW,MF",,29-027,1.78,25/26,Ill,2025-12-08,2025-12-15,8,2
Ousmane Dembélé,France,"FW,MF",,29-027,1.78,25/26,Calf Injury,2025-11-05,2025-11-25,21,4
Ousmane Dembélé,France,"FW,MF",,29-027,1.78,25/26,Fitness,2025-10-16,2025-10-19,4,1
Ousmane Dembélé,France,"FW,MF",,29-027,1.78,25/26,Hamstring Injury,2025-09-06,2025-10-15,40,9
Ousmane Dembélé,France,"FW,MF",,29-027,1.78,24/25,Dead Leg,2025-06-06,2025-06-29,24,4
Ousmane Dembélé,France,"FW,MF",,29-027,1.78,24/25,Hamstring Injury,2025-04-30,2025-05-08,9,1
Ousmane Dembélé,France,"FW,MF",,29-027,1.78,24/25,Ill,2025-01-14,2025-01-19,6,2
Ousmane Dembélé,France,"FW,MF",,29-027,1.78,24/25,Hamstring Injury,2024-11-11,2024-11-21,11,2
Ousmane Dembélé,France,"FW,MF",,29-027,1.78,23/24,Muscle Injury,2024-05-13,2024-05-21,9,2
Ousmane Dembélé,France,"FW,MF",,29-027,1.78,23/24,Ruptured Eardrum,2024-03-16,2024-03-20,5,1
Ousmane Dembélé,France,"FW,MF",,29-027,1.78,23/24,Dead Leg,2024-02-01,2024-02-08,8,1
Ousmane Dembélé,France,"FW,MF",,29-027,1.78,23/24,Groin Injury,2023-12-18,2024-01-08,22,2
Ousmane Dembélé,France,"FW,MF",,29-027,1.78,22/23,Hamstring Injury,2023-01-29,2023-04-28,90,19
Ousmane Dembélé,France,"FW,MF",,29-027,1.78,21/22,Angina,2022-04-30,2022-04-30,1,-
Lucas Digne,France,"DF,MF",,32-326,1.78,23/24,Hamstring Injury,2023-12-26,2024-02-06,43,6
Lucas Digne,France,"DF,MF",,32-326,1.78,22/23,Shoulder Injury,2023-01-14,2023-02-03,21,1
Lucas Digne,France,"DF,MF",,32-326,1.78,22/23,Ankle Injury,2022-09-17,2022-10-27,41,7
Lucas Digne,France,"DF,MF",,32-326,1.78,21/22,Shoulder Injury,2022-04-09,2022-04-25,17,1
Lucas Digne,France,"DF,MF",,32-326,1.78,21/22,Hamstring Injury,2022-03-14,2022-03-21,8,1
Lucas Digne,France,"DF,MF",,32-326,1.78,20/21,Ankle Injury,2020-11-26,2021-01-11,47,8
Lucas Digne,France,"DF,MF",,32-326,1.78,19/20,Calf Injury,2020-02-09,2020-03-07,28,2
Lucas Digne,France,"DF,MF",,32-326,1.78,19/20,Ankle Injury,2019-12-08,2019-12-14,7,-
Lucas Digne,France,"DF,MF",,32-326,1.78,18/19,Foot Injury,2019-04-22,2019-04-26,5,-
Lucas Digne,France,"DF,MF",,32-326,1.78,18/19,Hamstring Injury,2019-03-24,2019-03-29,6,1
Lucas Digne,France,"DF,MF",,32-326,1.78,18/19,Bruise,2018-08-13,2018-08-24,12,1
Lucas Digne,France,"DF,MF",,32-326,1.78,17/18,Hamstring Injury,2018-03-28,2018-04-16,20,5
Lucas Digne,France,"DF,MF",,32-326,1.78,17/18,Finger Injury,2018-02-05,2018-02-10,6,1
Lucas Digne,France,"DF,MF",,32-326,1.78,16/17,Knee Problems,2017-01-30,2017-02-06,8,2
Lucas Digne,France,"DF,MF",,32-326,1.78,15/16,Hamstring Muscle Injury,2016-01-29,2016-02-05,8,2
Désiré Doué,France,"FW,MF",,21-008,1.81,25/26,Hamstring Injury,2025-10-30,2025-12-08,40,9
Désiré Doué,France,"FW,MF",,21-008,1.81,25/26,Calf Injury,2025-09-06,2025-10-14,39,9
Désiré Doué,France,"FW,MF",,21-008,1.81,24/25,Injury To The Ankle,2024-10-08,2024-10-18,11,2
Désiré Doué,France,"FW,MF",,21-008,1.81,24/25,Ankle Injury,2024-09-25,2024-09-29,5,1
Désiré Doué,France,"FW,MF",,21-008,1.81,23/24,Ill,2024-02-05,2024-02-10,6,-
Désiré Doué,France,"FW,MF",,21-008,1.81,22/23,Back Injury,2023-04-20,2023-05-18,29,4
Désiré Doué,France,"FW,MF",,21-008,1.81,22/23,Ill,2023-03-10,2023-03-15,6,1
Désiré Doué,France,"FW,MF",,21-008,1.81,22/23,Injury To The Ankle,2022-11-17,2023-01-06,51,4
Désiré Doué,France,"FW,MF",,21-008,1.81,22/23,Ill,2022-10-28,2022-11-01,5,1
Malo Gusto,France,"DF,MF",,23-023,1.78,25/26,Ill,2026-03-15,2026-03-19,5,1
Malo Gusto,France,"DF,MF",,23-023,1.78,25/26,Ill,2026-01-09,2026-01-18,10,3
Malo Gusto,France,"DF,MF",,23-023,1.78,24/25,Muscle Injury,2025-04-20,2025-04-28,9,1
Malo Gusto,France,"DF,MF",,23-023,1.78,24/25,Injury To The Ankle,2025-03-07,2025-03-15,9,2
Malo Gusto,France,"DF,MF",,23-023,1.78,24/25,Ill,2024-11-22,2024-11-29,8,2
Malo Gusto,France,"DF,MF",,23-023,1.78,24/25,Muscle Injury,2024-09-01,2024-09-22,22,6
Malo Gusto,France,"DF,MF",,23-023,1.78,23/24,Unknown Injury,2024-04-22,2024-05-05,14,3
Malo Gusto,France,"DF,MF",,23-023,1.78,23/24,Rest,2024-04-07,2024-04-08,2,1
Malo Gusto,France,"DF,MF",,23-023,1.78,23/24,Hamstring Injury,2024-03-31,2024-04-02,3,-
Malo Gusto,France,"DF,MF",,23-023,1.78,23/24,Muscle Injury,2024-01-20,2024-01-28,9,2
Malo Gusto,France,"DF,MF",,23-023,1.78,23/24,Knee Injury,2023-11-14,2023-12-14,31,8
Malo Gusto,France,"DF,MF",,23-023,1.78,22/23,Hamstring Injury,2023-02-09,2023-04-17,68,13
Malo Gusto,France,"DF,MF",,23-023,1.78,22/23,Strain In The Thigh And Gluteal Muscles,2023-01-15,2023-01-30,16,1
Malo Gusto,France,"DF,MF",,23-023,1.78,22/23,Strain In The Thigh And Gluteal Muscles,2022-12-22,2023-01-08,18,3
Malo Gusto,France,"DF,MF",,23-023,1.78,22/23,Knock,2022-09-27,2022-10-05,9,1
Lucas Hernández,France,DF,,30-117,1.84,23/24,Cruciate Ligament Tear,2024-05-01,2024-12-01,215,37
Lucas Hernández,France,DF,,30-117,1.84,23/24,Unknown Injury,2024-04-04,2024-04-10,7,1
Lucas Hernández,France,DF,,30-117,1.84,22/23,Cruciate Ligament Tear,2022-11-23,2023-06-30,220,35
Lucas Hernández,France,DF,,30-117,1.84,22/23,Torn Muscle Bundle,2022-09-14,2022-10-31,48,12
Lucas Hernández,France,DF,,30-117,1.84,21/22,Muscular Problems,2022-06-09,2022-06-13,5,-
Lucas Hernández,France,DF,,30-117,1.84,21/22,Muscular Problems,2022-04-14,2022-04-21,8,1
Lucas Hernández,France,DF,,30-117,1.84,21/22,Thigh Problems,2022-04-07,2022-04-11,5,1
Lucas Hernández,France,DF,,30-117,1.84,21/22,Corona Virus,2022-01-03,2022-01-17,15,2
Lucas Hernández,France,DF,,30-117,1.84,21/22,Meniscus Tear,2021-06-28,2021-08-30,64,5
Lucas Hernández,France,DF,,30-117,1.84,20/21,Bruised Ribs,2021-04-08,2021-04-12,5,1
Lucas Hernández,France,DF,,30-117,1.84,20/21,Thigh Problems,2020-12-03,2020-12-07,5,1
Lucas Hernández,France,DF,,30-117,1.84,19/20,Tendon Irritation,2020-03-02,2020-03-05,4,1
Lucas Hernández,France,DF,,30-117,1.84,19/20,Fitness,2020-01-20,2020-02-03,15,2
Lucas Hernández,France,DF,,30-117,1.84,19/20,Inner Ankle Ligament Tear,2019-10-24,2020-01-20,89,16
Lucas Hernández,France,DF,,30-117,1.84,19/20,Knee Bruise,2019-09-30,2019-10-10,11,2
Theo Hernández,France,"DF,MF",,28-248,1.84,24/25,Thigh Problems,2025-05-15,2025-05-22,8,1
Theo Hernández,France,"DF,MF",,28-248,1.84,24/25,Rest,2024-12-02,2024-12-05,4,1
Theo Hernández,France,"DF,MF",,28-248,1.84,23/24,Flu,2024-05-17,2024-05-21,5,1
Theo Hernández,France,"DF,MF",,28-248,1.84,23/24,Bruise On Ankle,2023-11-04,2023-11-07,4,1
Theo Hernández,France,"DF,MF",,28-248,1.84,23/24,Muscle Fatigue,2023-09-22,2023-09-25,4,1
Theo Hernández,France,"DF,MF",,28-248,1.84,22/23,Flu,2023-03-17,2023-03-21,5,1
Theo Hernández,France,"DF,MF",,28-248,1.84,22/23,Muscle Fatigue,2023-01-23,2023-01-27,5,1
Theo Hernández,France,"DF,MF",,28-248,1.84,22/23,Adductor Injury,2022-09-19,2022-10-06,18,4
Theo Hernández,France,"DF,MF",,28-248,1.84,21/22,Fever,2021-12-15,2021-12-20,6,1
Theo Hernández,France,"DF,MF",,28-248,1.84,21/22,Corona Virus,2021-10-13,2021-10-24,12,3
Theo Hernández,France,"DF,MF",,28-248,1.84,20/21,Muscle Fatigue,2021-04-20,2021-04-26,7,1
Theo Hernández,France,"DF,MF",,28-248,1.84,20/21,Stomach Flu,2021-03-11,2021-03-12,2,1
Theo Hernández,France,"DF,MF",,28-248,1.84,20/21,Shin Bruise,2021-03-03,2021-03-11,9,2
Theo Hernández,France,"DF,MF",,28-248,1.84,20/21,Quarantine,2021-01-17,2021-01-21,5,1
Theo Hernández,France,"DF,MF",,28-248,1.84,19/20,Capsular Tear Of Ankle Joint,2019-07-24,2019-09-15,54,2
N'Golo Kanté,France,MF,,35-074,1.68,24/25,Muscle Injury,2025-01-09,2025-01-13,5,1
N'Golo Kanté,France,MF,,35-074,1.68,22/23,Groin Injury,2023-05-12,2023-05-29,18,4
N'Golo Kanté,France,MF,,35-074,1.68,22/23,Fitness,2023-02-20,2023-03-12,21,4
N'Golo Kanté,France,MF,,35-074,1.68,22/23,Hamstring Injury,2022-08-15,2023-02-20,190,39
N'Golo Kanté,France,MF,,35-074,1.68,21/22,Knee Problems,2022-06-09,2022-06-30,22,2
N'Golo Kanté,France,MF,,35-074,1.68,21/22,Knock,2022-04-28,2022-05-12,15,3
N'Golo Kanté,France,MF,,35-074,1.68,21/22,Corona Virus,2022-01-06,2022-01-10,5,1
N'Golo Kanté,France,MF,,35-074,1.68,21/22,Knee Problems,2021-11-25,2021-12-16,22,5
N'Golo Kanté,France,MF,,35-074,1.68,21/22,Corona Virus,2021-09-27,2021-10-11,15,4
N'Golo Kanté,France,MF,,35-074,1.68,21/22,Groin Injury,2021-08-26,2021-09-16,22,4
N'Golo Kanté,France,MF,,35-074,1.68,20/21,Muscle Injury,2021-03-25,2021-04-01,8,2
N'Golo Kanté,France,MF,,35-074,1.68,20/21,Hamstring Injury,2021-01-07,2021-02-01,26,5
N'Golo Kanté,France,MF,,35-074,1.68,20/21,Rest,2020-09-21,2020-09-24,4,1
N'Golo Kanté,France,MF,,35-074,1.68,19/20,Hamstring Injury,2020-07-02,2020-07-30,29,6
N'Golo Kanté,France,MF,,35-074,1.68,19/20,Muscle Injury,2020-02-17,2020-06-08,113,5
Ibrahima Konaté,France,DF,,27-017,1.94,24/25,Knee Injury,2024-11-28,2024-12-31,34,8
Ibrahima Konaté,France,DF,,27-017,1.94,23/24,Thigh Problems,2024-03-07,2024-03-19,13,3
Ibrahima Konaté,France,DF,,27-017,1.94,23/24,Hamstring Injury,2023-11-10,2023-11-22,13,3
Ibrahima Konaté,France,DF,,27-017,1.94,23/24,Muscle Injury,2023-08-25,2023-09-14,21,4
Ibrahima Konaté,France,DF,,27-017,1.94,22/23,Minor Knock,2023-04-23,2023-04-27,5,1
Ibrahima Konaté,France,DF,,27-017,1.94,22/23,Muscle Injury,2023-01-30,2023-02-27,29,5
Ibrahima Konaté,France,DF,,27-017,1.94,22/23,Knock,2022-11-10,2022-12-27,48,3
Ibrahima Konaté,France,DF,,27-017,1.94,22/23,Muscle Injury,2022-10-12,2022-10-23,12,3
Ibrahima Konaté,France,DF,,27-017,1.94,22/23,Knee Injury,2022-08-01,2022-09-25,56,9
Ibrahima Konaté,France,DF,,27-017,1.94,20/21,Ankle Injury,2020-12-17,2021-02-04,50,9
Ibrahima Konaté,France,DF,,27-017,1.94,20/21,Torn Muscle Fiber,2020-07-01,2020-10-15,107,10
Ibrahima Konaté,France,DF,,27-017,1.94,19/20,Torn Muscle Fiber,2020-05-22,2020-06-05,15,3
Ibrahima Konaté,France,DF,,27-017,1.94,19/20,Torn Muscle Fiber,2019-10-03,2020-03-11,161,31
Ibrahima Konaté,France,DF,,27-017,1.94,17/18,Minor Knock,2017-12-18,2017-12-23,6,-
Ibrahima Konaté,France,DF,,27-017,1.94,17/18,Thigh Problems,2017-11-09,2017-11-16,8,-
Manu Koné,France,MF,,25-025,1.85,25/26,Muscular Problems,2026-05-16,2026-05-20,5,1
Manu Koné,France,MF,,25-025,1.85,25/26,Hamstring Muscle Injury,2026-03-20,2026-04-28,40,7
Manu Koné,France,MF,,25-025,1.85,25/26,Muscle Fatigue,2026-03-12,2026-03-14,3,1
Manu Koné,France,MF,,25-025,1.85,25/26,Hamstring Injury,2026-01-25,2026-02-18,25,4
Manu Koné,France,MF,,25-025,1.85,25/26,Bruise On Ankle,2025-10-24,2025-10-25,2,-
Manu Koné,France,MF,,25-025,1.85,24/25,Muscle Fatigue,2024-12-16,2024-12-20,5,1
Manu Koné,France,MF,,25-025,1.85,23/24,Torn Muscle Fiber,2024-03-25,2024-04-26,33,4
Manu Koné,France,MF,,25-025,1.85,23/24,Strain,2024-01-15,2024-01-19,5,-
Manu Koné,France,MF,,25-025,1.85,23/24,Muscular Problems,2023-12-06,2023-12-11,6,1
Manu Koné,France,MF,,25-025,1.85,22/23,Knee Injury,2023-06-29,2023-09-05,69,4
Manu Koné,France,MF,,25-025,1.85,22/23,Muscular Problems,2023-05-22,2023-06-11,21,1
Manu Koné,France,MF,,25-025,1.85,22/23,Hamstring Strain,2023-04-26,2023-05-02,7,1
Manu Koné,France,MF,,25-025,1.85,22/23,Knock,2022-06-30,2022-08-04,36,1
Manu Koné,France,MF,,25-025,1.85,21/22,Inner Ligament Injury,2021-07-05,2021-09-06,64,4
Manu Koné,France,MF,,25-025,1.85,19/20,Heel Problems,2019-12-02,2019-12-05,4,1
Jules Koundé,France,DF,,27-211,1.8,25/26,Muscle Injury,2026-03-03,2026-04-01,30,7
Jules Koundé,France,DF,,27-211,1.8,25/26,Hamstring Injury,2025-12-21,2026-01-03,14,-
Jules Koundé,France,DF,,27-211,1.8,24/25,Hamstring Injury,2025-04-30,2025-06-09,41,8
Jules Koundé,France,DF,,27-211,1.8,23/24,Knee Injury,2023-10-09,2023-10-27,19,4
Jules Koundé,France,DF,,27-211,1.8,22/23,Muscular Problems,2022-10-30,2022-11-14,16,3
Jules Koundé,France,DF,,27-211,1.8,22/23,Achilles Tendon Problems,2022-09-23,2022-10-15,23,5
Jules Koundé,France,DF,,27-211,1.8,21/22,Muscle Injury,2022-01-15,2022-01-25,11,2
Jules Koundé,France,DF,,27-211,1.8,20/21,Corona Virus,2020-10-15,2020-10-27,13,3
Maxence Lacroix,France,DF,,26-066,1.9,22/23,Shoulder Injury,2023-05-01,2023-07-10,71,4
Maxence Lacroix,France,DF,,26-066,1.9,21/22,Muscular Problems,2022-04-17,2022-04-23,7,1
Maxence Lacroix,France,DF,,26-066,1.9,20/21,Corona Virus,2020-12-22,2020-12-31,10,1
Mike Maignan,France,GK,,30-343,1.91,25/26,Calf Problems,2025-09-15,2025-09-22,8,1
Mike Maignan,France,GK,,30-343,1.91,25/26,Unknown Injury,2025-07-22,2025-07-25,4,-
Mike Maignan,France,GK,,30-343,1.91,24/25,Head Injury,2025-04-11,2025-04-18,8,-
Mike Maignan,France,GK,,30-343,1.91,24/25,Unknown Injury,2024-12-02,2024-12-04,3,1
Mike Maignan,France,GK,,30-343,1.91,23/24,Finger Injury,2024-05-23,2024-06-05,14,1
Mike Maignan,France,GK,,30-343,1.91,23/24,Adductor Injury,2024-04-27,2024-05-17,21,2
Mike Maignan,France,GK,,30-343,1.91,23/24,Muscle Fatigue,2024-04-13,2024-04-15,3,1
Mike Maignan,France,GK,,30-343,1.91,23/24,Knee Bruise,2024-03-14,2024-03-16,3,-
Mike Maignan,France,GK,,30-343,1.91,23/24,Thigh Problems,2023-09-19,2023-09-29,11,2
Mike Maignan,France,GK,,30-343,1.91,22/23,Calf Muscle Tear,2022-10-19,2023-02-24,129,25
Mike Maignan,France,GK,,30-343,1.91,22/23,Calf Injury,2022-09-22,2022-10-19,28,6
Mike Maignan,France,GK,,30-343,1.91,21/22,Wrist Injury,2021-10-12,2021-11-25,45,11
Mike Maignan,France,GK,,30-343,1.91,15/16,Shoulder Injury,2015-12-07,2016-03-29,114,28
Jean-Philippe Mateta,France,FW,,28-348,1.92,25/26,Knee Problems,2026-01-31,2026-03-09,38,8
Jean-Philippe Mateta,France,FW,,28-348,1.92,24/25,Head Injury,2025-03-08,2025-03-29,22,1
Jean-Philippe Mateta,France,FW,,28-348,1.92,19/20,Meniscus Tear,2019-07-30,2019-12-08,132,15
Jean-Philippe Mateta,France,FW,,28-348,1.92,18/19,Ill,2019-02-28,2019-03-01,2,-
Kylian Mbappé,France,"FW,MF",,27-173,1.8,25/26,Torn Muscle Fiber,2026-04-25,2026-05-11,17,2
Kylian Mbappé,France,"FW,MF",,27-173,1.8,25/26,Knee Problems,2026-02-25,2026-03-16,20,5
Kylian Mbappé,France,"FW,MF",,27-173,1.8,25/26,Knee Problems,2025-12-31,2026-01-09,10,2
Kylian Mbappé,France,"FW,MF",,27-173,1.8,25/26,Muscular Problems,2025-12-08,2025-12-12,5,-
Kylian Mbappé,France,"FW,MF",,27-173,1.8,24/25,Stomach Flu,2025-06-18,2025-06-30,13,3
Kylian Mbappé,France,"FW,MF",,27-173,1.8,24/25,Hamstring Injury,2024-12-12,2024-12-17,6,1
Kylian Mbappé,France,"FW,MF",,27-173,1.8,24/25,Muscle Injury,2024-09-25,2024-09-30,6,1
Kylian Mbappé,France,"FW,MF",,27-173,1.8,22/23,Hamstring Injury,2023-02-02,2023-02-12,11,3
Kylian Mbappé,France,"FW,MF",,27-173,1.8,22/23,Adductor Pain,2022-08-05,2022-08-07,3,1
Kylian Mbappé,France,"FW,MF",,27-173,1.8,21/22,Infection,2021-10-26,2021-11-02,8,1
Kylian Mbappé,France,"FW,MF",,27-173,1.8,21/22,Calf Injury,2021-09-02,2021-09-10,9,2
Kylian Mbappé,France,"FW,MF",,27-173,1.8,20/21,Calf Injury,2021-05-05,2021-05-11,7,1
Kylian Mbappé,France,"FW,MF",,27-173,1.8,20/21,Calf Injury,2021-04-29,2021-05-03,5,1
Kylian Mbappé,France,"FW,MF",,27-173,1.8,20/21,Thigh Problems,2020-11-01,2020-11-15,15,4
Kylian Mbappé,France,"FW,MF",,27-173,1.8,20/21,Corona Virus,2020-09-07,2020-09-18,12,4
Michael Olise,France,"FW,MF",,24-181,1.84,23/24,Hamstring Injury,2024-02-03,2024-04-03,61,7
Michael Olise,France,"FW,MF",,24-181,1.84,22/23,Hamstring Injury,2023-06-26,2023-11-08,136,13
Michael Olise,France,"FW,MF",,24-181,1.84,21/22,Inflammation Of The Sole Of The Foot,2022-04-01,2022-04-13,13,2
Michael Olise,France,"FW,MF",,24-181,1.84,20/21,Rest,2020-09-14,2020-09-16,3,1
Adrien Rabiot,France,MF,,31-069,1.91,25/26,Calf Injury,2025-10-16,2025-11-18,34,7
Adrien Rabiot,France,MF,,31-069,1.91,24/25,Calf Injury,2025-03-21,2025-03-22,2,-
Adrien Rabiot,France,MF,,31-069,1.91,23/24,Muscle Fatigue,2024-05-25,2024-05-31,7,1
Adrien Rabiot,France,MF,,31-069,1.91,23/24,Foot Injury,2024-02-25,2024-03-16,21,2
Adrien Rabiot,France,MF,,31-069,1.91,23/24,Calf Problems,2024-01-20,2024-02-01,13,2
Adrien Rabiot,France,MF,,31-069,1.91,23/24,Thigh Problems,2024-01-08,2024-01-14,7,1
Adrien Rabiot,France,MF,,31-069,1.91,23/24,Bruise,2023-12-14,2023-12-22,9,1
Adrien Rabiot,France,MF,,31-069,1.91,23/24,Calf Problems,2023-07-22,2023-08-07,17,-
Adrien Rabiot,France,MF,,31-069,1.91,22/23,Thigh Problems,2023-01-18,2023-01-21,4,1
Adrien Rabiot,France,MF,,31-069,1.91,22/23,Cold,2022-12-12,2022-12-16,5,1
Adrien Rabiot,France,MF,,31-069,1.91,22/23,Calf Problems,2022-09-11,2022-09-27,17,5
Adrien Rabiot,France,MF,,31-069,1.91,22/23,Thigh Problems,2022-09-02,2022-09-05,4,1
Adrien Rabiot,France,MF,,31-069,1.91,21/22,Quarantine,2021-10-23,2021-10-25,3,1
Adrien Rabiot,France,MF,,31-069,1.91,21/22,Corona Virus,2021-10-09,2021-10-22,14,3
Adrien Rabiot,France,MF,,31-069,1.91,21/22,Ankle Problems,2021-09-23,2021-09-29,7,1
Robin Risser,France,GK,,21-191,1.93,25/26,Head Injury,2025-11-15,2025-11-18,4,1
William Saliba,France,DF,,25-079,1.92,25/26,Ankle Injury,2026-03-23,2026-04-01,10,2
William Saliba,France,DF,,25-079,1.92,25/26,Ankle Sprain,2026-03-02,2026-03-09,8,2
William Saliba,France,DF,,25-079,1.92,25/26,Ill,2026-02-09,2026-02-14,6,1
William Saliba,France,DF,,25-079,1.92,25/26,Knock,2025-11-29,2025-12-13,15,4
William Saliba,France,DF,,25-079,1.92,25/26,Ankle Injury,2025-08-31,2025-09-15,16,3
William Saliba,France,DF,,25-079,1.92,24/25,Hamstring Injury,2025-01-17,2025-01-24,8,2
William Saliba,France,DF,,25-079,1.92,23/24,Toe Injury,2023-10-09,2023-10-19,11,2
William Saliba,France,DF,,25-079,1.92,22/23,Back Injury,2023-03-16,2023-06-20,97,15
William Saliba,France,DF,,25-079,1.92,19/20,Metatarsal Fracture,2019-11-04,2020-01-20,78,15
William Saliba,France,DF,,25-079,1.92,18/19,Hamstring Injury,2019-05-23,2019-09-28,129,9
Brice Samba,France,GK,,32-047,1.87,24/25,Injury To The Ankle,2024-12-20,2024-12-30,11,1
Aurélien Tchouaméni,France,"DF,MF",,26-135,1.88,25/26,Muscle Strain,2026-04-22,2026-05-01,10,1
Aurélien Tchouaméni,France,"DF,MF",,26-135,1.88,25/26,Hamstring Injury,2025-11-06,2025-11-25,20,4
Aurélien Tchouaméni,France,"DF,MF",,26-135,1.88,24/25,Leg Injury,2025-01-17,2025-01-20,4,1
Aurélien Tchouaméni,France,"DF,MF",,26-135,1.88,24/25,Ankle Sprain,2024-11-06,2024-12-02,27,6
Aurélien Tchouaméni,France,"DF,MF",,26-135,1.88,24/25,Foot Injury,2024-09-02,2024-09-16,15,3
Aurélien Tchouaméni,France,"DF,MF",,26-135,1.88,23/24,Foot Injury,2024-05-08,2024-05-29,22,4
Aurélien Tchouaméni,France,"DF,MF",,26-135,1.88,23/24,Fatigue Fracture,2023-10-28,2023-12-14,48,10
Aurélien Tchouaméni,France,"DF,MF",,26-135,1.88,22/23,Flu,2023-02-18,2023-02-20,3,1
Aurélien Tchouaméni,France,"DF,MF",,26-135,1.88,22/23,Muscle Injury,2023-01-09,2023-02-01,24,6
Aurélien Tchouaméni,France,"DF,MF",,26-135,1.88,22/23,Muscle Injury,2022-10-30,2022-11-04,6,2
Aurélien Tchouaméni,France,"DF,MF",,26-135,1.88,21/22,Groin Injury,2021-12-30,2022-01-06,8,1
Aurélien Tchouaméni,France,"DF,MF",,26-135,1.88,20/21,Ankle Injury,2021-04-01,2021-04-05,5,1
Marcus Thuram,France,"FW,MF",,28-309,1.92,25/26,Muscle Fatigue,2026-05-10,2026-05-12,3,-
Marcus Thuram,France,"FW,MF",,28-309,1.92,25/26,Flu,2026-03-06,2026-03-10,5,1
Marcus Thuram,France,"FW,MF",,28-309,1.92,25/26,Hamstring Muscle Injury,2025-10-01,2025-11-03,34,8
Marcus Thuram,France,"FW,MF",,28-309,1.92,24/25,Muscle Fatigue,2025-06-18,2025-06-28,11,2
Marcus Thuram,France,"FW,MF",,28-309,1.92,24/25,Adductor Pain,2025-04-18,2025-04-28,11,3
Marcus Thuram,France,"FW,MF",,28-309,1.92,24/25,Ankle Problems,2025-03-17,2025-03-27,11,2
Marcus Thuram,France,"FW,MF",,28-309,1.92,24/25,Ankle Problems,2025-02-17,2025-02-26,10,2
Marcus Thuram,France,"FW,MF",,28-309,1.92,24/25,Muscle Fatigue,2025-01-02,2025-01-09,8,-
Marcus Thuram,France,"FW,MF",,28-309,1.92,23/24,Adductor Injury,2024-02-20,2024-03-03,13,2
Marcus Thuram,France,"FW,MF",,28-309,1.92,22/23,Torn Muscle Fiber,2023-04-24,2023-05-12,19,2
Marcus Thuram,France,"FW,MF",,28-309,1.92,22/23,Muscular Problems,2023-02-13,2023-02-16,4,-
Marcus Thuram,France,"FW,MF",,28-309,1.92,22/23,Knee Problems,2023-01-15,2023-01-24,10,1
Marcus Thuram,France,"FW,MF",,28-309,1.92,22/23,Stomach Flu,2022-11-13,2022-11-16,4,-
Marcus Thuram,France,"FW,MF",,28-309,1.92,22/23,Calf Problems,2022-09-26,2022-09-29,4,-
Marcus Thuram,France,"FW,MF",,28-309,1.92,21/22,Muscular Problems,2022-04-11,2022-05-12,32,4
Dayot Upamecano,France,DF,,27-227,1.86,25/26,Ill,2026-01-21,2026-01-26,6,2
Dayot Upamecano,France,DF,,27-227,1.86,24/25,Cartilage Damage,2025-03-26,2025-06-09,76,12
Dayot Upamecano,France,DF,,27-227,1.86,24/25,Rest,2025-03-07,2025-03-09,3,1
Dayot Upamecano,France,DF,,27-227,1.86,24/25,Hip Problems,2025-02-20,2025-02-26,7,1
Dayot Upamecano,France,DF,,27-227,1.86,24/25,Pelvic Contusion,2025-01-23,2025-01-28,6,1
Dayot Upamecano,France,DF,,27-227,1.86,24/25,Thigh Problems,2024-10-29,2024-10-31,3,1
Dayot Upamecano,France,DF,,27-227,1.86,24/25,Hamstring Injury,2024-10-06,2024-10-16,11,2
Dayot Upamecano,France,DF,,27-227,1.86,23/24,Torn Muscle Fiber,2024-01-25,2024-02-07,14,2
Dayot Upamecano,France,DF,,27-227,1.86,23/24,Hamstring Injury,2023-10-09,2023-11-02,25,6
Dayot Upamecano,France,DF,,27-227,1.86,23/24,Adductor Pain,2023-09-25,2023-09-29,5,1
Dayot Upamecano,France,DF,,27-227,1.86,22/23,Torn Muscle Fiber,2023-04-27,2023-05-08,12,2
Dayot Upamecano,France,DF,,27-227,1.86,22/23,Toe Injury,2023-02-02,2023-02-06,5,1
Dayot Upamecano,France,DF,,27-227,1.86,21/22,Corona Virus,2022-01-04,2022-01-11,8,1
Dayot Upamecano,France,DF,,27-227,1.86,21/22,Hamstring Injury,2021-08-29,2021-09-09,12,3
Dayot Upamecano,France,DF,,27-227,1.86,20/21,Muscle Injury,2021-03-15,2021-03-28,14,3
Warren Zaïre-Emery,France,"DF,MF",,20-095,1.78,25/26,Back Injury,2026-05-09,2026-05-14,6,2
Warren Zaïre-Emery,France,"DF,MF",,20-095,1.78,24/25,Ankle Sprain,2025-01-29,2025-02-24,27,7
Warren Zaïre-Emery,France,"DF,MF",,20-095,1.78,25/26,Calf Injury,2024-09-07,2024-09-16,10,3
Warren Zaïre-Emery,France,"DF,MF",,20-095,1.78,23/24,Ankle Sprain,2023-11-19,2023-12-06,18,5
Warren Zaïre-Emery,France,"DF,MF",,20-095,1.78,23/24,Ankle Injury,2023-10-18,2023-10-24,7,1
Nadiem Amiri,Germany,MF,,29-227,1.8,25/26,Fitness,2026-04-09,2026-04-10,2,1
Nadiem Amiri,Germany,MF,,29-227,1.8,25/26,Heel Injury,2026-02-26,2026-04-08,42,9
Nadiem Amiri,Germany,MF,,29-227,1.8,25/26,Ill,2026-01-17,2026-01-20,4,1
Nadiem Amiri,Germany,MF,,29-227,1.8,25/26,Muscular Problems,2025-12-10,2025-12-17,8,2
Nadiem Amiri,Germany,MF,,29-227,1.8,25/26,Adductor Pain,2025-11-10,2025-11-19,10,2
Nadiem Amiri,Germany,MF,,29-227,1.8,24/25,Adductor Pain,2025-05-30,2025-06-09,11,2
Nadiem Amiri,Germany,MF,,29-227,1.8,24/25,Rest,2025-01-04,2025-01-08,5,-
Nadiem Amiri,Germany,MF,,29-227,1.8,21/22,Unknown Injury,2022-02-12,2022-02-21,10,2
Nadiem Amiri,Germany,MF,,29-227,1.8,21/22,Ill,2021-12-18,2022-01-12,26,2
Nadiem Amiri,Germany,MF,,29-227,1.8,20/21,Corona Virus,2021-01-26,2021-02-08,14,3
Nadiem Amiri,Germany,MF,,29-227,1.8,20/21,Quarantine,2020-08-03,2020-08-10,8,1
Nadiem Amiri,Germany,MF,,29-227,1.8,19/20,Shoulder Injury,2020-03-04,2020-04-07,35,2
Nadiem Amiri,Germany,MF,,29-227,1.8,18/19,Torn Lateral Ankle Ligament,2019-05-12,2019-06-16,36,1
Nadiem Amiri,Germany,MF,,29-227,1.8,18/19,Fatigue Fracture,2018-08-15,2018-11-27,105,24
Nadiem Amiri,Germany,MF,,29-227,1.8,17/18,Foot Bruise,2018-03-23,2018-03-26,4,-
Waldemar Anton,Germany,"DF,MF",,29-326,1.89,25/26,Ill,2026-01-27,2026-01-29,3,1
Waldemar Anton,Germany,"DF,MF",,29-326,1.89,25/26,Hamstring Injury,2025-12-11,2026-01-03,24,2
Waldemar Anton,Germany,"DF,MF",,29-326,1.89,24/25,Ill,2025-01-06,2025-01-13,8,1
Waldemar Anton,Germany,"DF,MF",,29-326,1.89,24/25,Torn Muscle Fiber,2024-12-01,2024-12-19,19,3
Waldemar Anton,Germany,"DF,MF",,29-326,1.89,24/25,Thigh Problems,2024-10-26,2024-11-20,26,6
Waldemar Anton,Germany,"DF,MF",,29-326,1.89,22/23,Laceration,2022-10-10,2022-10-13,4,-
Waldemar Anton,Germany,"DF,MF",,29-326,1.89,21/22,Corona Virus,2022-02-07,2022-02-17,11,1
Waldemar Anton,Germany,"DF,MF",,29-326,1.89,21/22,Corona Virus,2021-10-04,2021-10-25,22,2
Waldemar Anton,Germany,"DF,MF",,29-326,1.89,21/22,Cold,2021-08-02,2021-08-09,8,1
Waldemar Anton,Germany,"DF,MF",,29-326,1.89,20/21,Outer Ligament Problems,2020-10-12,2020-10-26,15,2
Waldemar Anton,Germany,"DF,MF",,29-326,1.89,19/20,Quarantine,2020-03-12,2020-03-26,15,-
Waldemar Anton,Germany,"DF,MF",,29-326,1.89,17/18,Hamstring Injury,2018-04-02,2018-05-03,32,4
Waldemar Anton,Germany,"DF,MF",,29-326,1.89,17/18,Influenza,2018-02-15,2018-02-22,8,1
Waldemar Anton,Germany,"DF,MF",,29-326,1.89,17/18,Knee Problems,2017-12-04,2017-12-07,4,-
Waldemar Anton,Germany,"DF,MF",,29-326,1.89,17/18,Rest,2017-11-30,2017-11-30,1,-
Oliver Baumann,Germany,GK,,36-009,1.87,24/25,Concussion,2025-04-27,2025-05-08,12,1
Oliver Baumann,Germany,GK,,36-009,1.87,24/25,Foot Injury,2025-01-24,2025-02-28,36,6
Oliver Baumann,Germany,GK,,36-009,1.87,21/22,Ill,2021-11-25,2021-12-02,8,1
Oliver Baumann,Germany,GK,,36-009,1.87,21/22,Unknown Injury,2021-08-03,2021-08-10,8,1
Oliver Baumann,Germany,GK,,36-009,1.87,20/21,Inflammation Of Pubic Bone,2021-05-10,2021-06-30,52,2
Oliver Baumann,Germany,GK,,36-009,1.87,20/21,Rest,2020-12-10,2020-12-10,1,-
Oliver Baumann,Germany,GK,,36-009,1.87,20/21,Quarantine,2020-11-11,2020-11-16,6,-
Oliver Baumann,Germany,GK,,36-009,1.87,20/21,Stomach Problems,2020-10-24,2020-10-26,3,1
Oliver Baumann,Germany,GK,,36-009,1.87,19/20,Meniscus Injury,2020-01-08,2020-02-11,35,5
Oliver Baumann,Germany,GK,,36-009,1.87,17/18,Rest,2017-08-10,2017-08-14,5,1
Oliver Baumann,Germany,GK,,36-009,1.87,09/10,Influenza,2009-12-17,2009-12-21,5,1
Maximilian Beier,Germany,"FW,MF",,23-237,1.85,25/26,Muscle Stiffness,2025-11-24,2025-12-01,8,2
Maximilian Beier,Germany,"FW,MF",,23-237,1.85,24/25,Ankle Injury,2025-04-21,2025-06-05,46,5
Maximilian Beier,Germany,"FW,MF",,23-237,1.85,24/25,Knee Problems,2024-12-08,2024-12-13,6,1
Maximilian Beier,Germany,"FW,MF",,23-237,1.85,24/25,Influenza,2024-10-14,2024-10-17,4,2
Maximilian Beier,Germany,"FW,MF",,23-237,1.85,23/24,Ill,2023-12-08,2023-12-11,4,1
Maximilian Beier,Germany,"FW,MF",,23-237,1.85,21/22,Corona Virus,2022-03-08,2022-03-15,8,1
Maximilian Beier,Germany,"FW,MF",,23-237,1.85,20/21,Quarantine,2020-11-11,2020-11-16,6,-
Maximilian Beier,Germany,"FW,MF",,23-237,1.85,19/20,Meniscus Injury,2020-08-13,2020-08-20,8,-
Nathaniel Brown,Germany,"DF,MF",,22-360,1.76,25/26,Ill,2026-01-12,2026-01-14,3,1
Nathaniel Brown,Germany,"DF,MF",,22-360,1.76,25/26,Hamstring Injury,2025-06-28,2025-08-17,51,-
Nathaniel Brown,Germany,"DF,MF",,22-360,1.76,24/25,Ill,2025-01-24,2025-02-01,9,2
Nathaniel Brown,Germany,"DF,MF",,22-360,1.76,23/24,Knee Problems,2023-10-28,2023-10-30,3,1
Nathaniel Brown,Germany,"DF,MF",,22-360,1.76,23/24,Infection,2023-09-20,2023-10-04,15,2
Leon Goretzka,Germany,MF,,31-125,1.89,24/25,Bruise,2025-04-18,2025-04-23,6,1
Leon Goretzka,Germany,MF,,31-125,1.89,24/25,Hamstring Strain,2025-01-26,2025-02-04,10,2
Leon Goretzka,Germany,MF,,31-125,1.89,23/24,Ill,2023-12-15,2023-12-22,8,2
Leon Goretzka,Germany,MF,,31-125,1.89,23/24,Muscular Problems,2023-11-10,2023-11-13,4,1
Leon Goretzka,Germany,MF,,31-125,1.89,23/24,Broken Hand,2023-10-22,2023-11-02,12,3
Leon Goretzka,Germany,MF,,31-125,1.89,22/23,Thigh Problems,2023-01-26,2023-01-31,6,1
Leon Goretzka,Germany,MF,,31-125,1.89,22/23,Corona Virus,2022-09-19,2022-09-26,8,1
Leon Goretzka,Germany,MF,,31-125,1.89,22/23,Knee Surgery,2022-07-18,2022-08-25,39,4
Leon Goretzka,Germany,MF,,31-125,1.89,21/22,Fitness,2022-03-21,2022-03-28,8,1
Leon Goretzka,Germany,MF,,31-125,1.89,21/22,Hip Problems,2021-11-29,2022-03-14,106,15
Leon Goretzka,Germany,MF,,31-125,1.89,21/22,Cold,2021-10-18,2021-10-25,8,2
Leon Goretzka,Germany,MF,,31-125,1.89,21/22,Rest,2021-08-23,2021-08-26,4,1
Leon Goretzka,Germany,MF,,31-125,1.89,20/21,Torn Muscle Fiber,2021-05-06,2021-06-17,43,5
Leon Goretzka,Germany,MF,,31-125,1.89,20/21,Strain,2021-04-08,2021-04-15,8,2
Leon Goretzka,Germany,MF,,31-125,1.89,20/21,Calf Problems,2021-02-11,2021-02-18,8,2
Pascal Groß,Germany,"DF,MF",,34-361,1.81,24/25,Inner Ligament Injury,2025-04-20,2025-05-02,13,1
Pascal Groß,Germany,"DF,MF",,34-361,1.81,21/22,Corona Virus,2021-12-14,2021-12-25,12,1
Pascal Groß,Germany,"DF,MF",,34-361,1.81,18/19,Hamstring Injury,2019-02-26,2019-04-16,50,7
Pascal Groß,Germany,"DF,MF",,34-361,1.81,18/19,Ankle Injury,2018-09-01,2018-11-22,83,8
Pascal Groß,Germany,"DF,MF",,34-361,1.81,15/16,Cold,2016-01-04,2016-01-06,3,-
Pascal Groß,Germany,"DF,MF",,34-361,1.81,14/15,Muscle Stiffness,2015-05-21,2015-05-26,6,-
Kai Havertz,Germany,"FW,MF",,27-000,1.93,25/26,Muscle Injury,2026-04-25,2026-05-04,10,2
Kai Havertz,Germany,"FW,MF",,27-000,1.93,25/26,Muscle Injury,2026-02-11,2026-02-27,17,4
Kai Havertz,Germany,"FW,MF",,27-000,1.93,25/26,Rest,2026-01-24,2026-01-26,3,1
Kai Havertz,Germany,"FW,MF",,27-000,1.93,25/26,Rest,2026-01-02,2026-01-09,8,2
Kai Havertz,Germany,"FW,MF",,27-000,1.93,25/26,Knee Injury,2025-08-18,2025-12-29,134,32
Kai Havertz,Germany,"FW,MF",,27-000,1.93,24/25,Hamstring Injury,2025-02-11,2025-05-16,95,20
Kai Havertz,Germany,"FW,MF",,27-000,1.93,24/25,Ill,2024-12-30,2025-01-06,8,2
Kai Havertz,Germany,"FW,MF",,27-000,1.93,24/25,Knee Problems,2024-10-06,2024-10-21,16,2
Kai Havertz,Germany,"FW,MF",,27-000,1.93,22/23,Knee Injury,2023-04-24,2023-05-01,8,1
Kai Havertz,Germany,"FW,MF",,27-000,1.93,22/23,Influenza,2023-03-26,2023-03-29,4,1
Kai Havertz,Germany,"FW,MF",,27-000,1.93,21/22,Corona Virus,2021-12-15,2021-12-28,14,4
Kai Havertz,Germany,"FW,MF",,27-000,1.93,21/22,Cold,2021-09-03,2021-09-06,4,1
Kai Havertz,Germany,"FW,MF",,27-000,1.93,20/21,Knock,2021-02-01,2021-02-20,20,4
Kai Havertz,Germany,"FW,MF",,27-000,1.93,20/21,Corona Virus,2020-11-03,2020-11-22,20,6
Kai Havertz,Germany,"FW,MF",,27-000,1.93,19/20,Muscular Problems,2020-06-06,2020-06-12,7,2
Lennart Karl,Germany,MF,,18-109,1.68,25/26,Muscle Tear,2026-06-05,,11,-
Lennart Karl,Germany,MF,,18-109,1.68,25/26,Muscle Tear,2026-04-10,2026-05-03,24,7
Lennart Karl,Germany,MF,,18-109,1.68,24/25,Knock,2025-02-09,2025-02-20,12,5
Joshua Kimmich,Germany,"DF,MF",,31-123,1.77,25/26,Ankle Problems,2025-12-15,2026-01-15,32,3
Joshua Kimmich,Germany,"DF,MF",,31-123,1.77,24/25,Tendon Irritation,2025-02-24,2025-03-04,9,1
Joshua Kimmich,Germany,"DF,MF",,31-123,1.77,23/24,Shoulder Injury,2024-01-25,2024-02-07,14,2
Joshua Kimmich,Germany,"DF,MF",,31-123,1.77,23/24,Ill,2023-12-15,2023-12-22,8,2
Joshua Kimmich,Germany,"DF,MF",,31-123,1.77,23/24,Ill,2023-10-13,2023-10-19,7,2
Joshua Kimmich,Germany,"DF,MF",,31-123,1.77,23/24,Muscular Problems,2023-09-12,2023-09-14,3,-
Joshua Kimmich,Germany,"DF,MF",,31-123,1.77,22/23,Corona Virus,2022-10-01,2022-10-06,6,1
Joshua Kimmich,Germany,"DF,MF",,31-123,1.77,21/22,Fitness,2021-12-09,2022-01-03,26,3
Joshua Kimmich,Germany,"DF,MF",,31-123,1.77,21/22,Corona Virus,2021-11-22,2021-12-09,18,4
Joshua Kimmich,Germany,"DF,MF",,31-123,1.77,21/22,Quarantine,2021-11-08,2021-11-22,15,3
Joshua Kimmich,Germany,"DF,MF",,31-123,1.77,20/21,Influenza,2021-03-18,2021-03-22,5,1
Joshua Kimmich,Germany,"DF,MF",,31-123,1.77,20/21,Meniscus Damage,2020-11-05,2020-12-21,47,11
Joshua Kimmich,Germany,"DF,MF",,31-123,1.77,17/18,Bruise,2018-02-22,2018-02-26,5,1
Joshua Kimmich,Germany,"DF,MF",,31-123,1.77,17/18,Back Problems,2018-01-08,2018-01-11,4,-
Joshua Kimmich,Germany,"DF,MF",,31-123,1.77,17/18,Stomach Problems,2017-11-02,2017-11-02,1,-
Jamie Leweling,Germany,"FW,MF",,25-105,1.85,25/26,Muscular Problems,2026-03-19,2026-03-31,13,4
Jamie Leweling,Germany,"FW,MF",,25-105,1.85,25/26,Adductor Pain,2025-10-07,2025-10-22,16,3
Jamie Leweling,Germany,"FW,MF",,25-105,1.85,24/25,Muscular Problems,2025-04-14,2025-04-23,10,1
Jamie Leweling,Germany,"FW,MF",,25-105,1.85,24/25,Fitness,2024-12-17,2024-12-23,7,1
Jamie Leweling,Germany,"FW,MF",,25-105,1.85,24/25,Hamstring Injury,2024-11-02,2024-12-17,46,11
Jamie Leweling,Germany,"FW,MF",,25-105,1.85,21/22,Outer Ligament Tear,2022-06-04,2022-07-04,31,1
Jamie Leweling,Germany,"FW,MF",,25-105,1.85,21/22,Corona Virus,2022-04-21,2022-04-25,5,1
Jamie Leweling,Germany,"FW,MF",,25-105,1.85,19/20,Syndesmosis Ligament Tear,2020-02-17,2020-04-06,50,3
Jamal Musiala,Germany,MF,,23-105,1.84,25/26,Ankle Problems,2026-03-11,2026-04-01,22,5
Jamal Musiala,Germany,MF,,23-105,1.84,25/26,Fitness,2025-12-27,2026-01-15,20,2
Jamal Musiala,Germany,MF,,23-105,1.84,25/26,Broken Fibula,2025-07-06,2025-12-26,174,31
Jamal Musiala,Germany,MF,,23-105,1.84,24/25,Torn Muscle Bundle,2025-04-05,2025-06-14,71,10
Jamal Musiala,Germany,MF,,23-105,1.84,24/25,Influenza,2025-01-06,2025-01-12,7,1
Jamal Musiala,Germany,MF,,23-105,1.84,24/25,Hip Problems,2024-10-04,2024-10-22,19,4
Jamal Musiala,Germany,MF,,23-105,1.84,23/24,Knee Problems,2024-05-09,2024-05-26,18,2
Jamal Musiala,Germany,MF,,23-105,1.84,23/24,Rest,2024-05-03,2024-05-05,3,1
Jamal Musiala,Germany,MF,,23-105,1.84,23/24,Tendon Irritation,2024-04-26,2024-04-29,4,1
Jamal Musiala,Germany,MF,,23-105,1.84,23/24,Minor Knock,2024-04-18,2024-04-21,4,1
Jamal Musiala,Germany,MF,,23-105,1.84,23/24,Hamstring Injury,2023-11-09,2023-12-04,26,5
Jamal Musiala,Germany,MF,,23-105,1.84,23/24,Torn Muscle Fiber,2023-08-23,2023-09-08,17,2
Jamal Musiala,Germany,MF,,23-105,1.84,22/23,Hamstring Injury,2023-03-20,2023-03-31,12,2
Jamal Musiala,Germany,MF,,23-105,1.84,22/23,Corona Virus,2022-10-10,2022-10-13,4,1
Jamal Musiala,Germany,MF,,23-105,1.84,22/23,Laceration Wound,2022-09-19,2022-09-22,4,-
Manuel Neuer,Germany,GK,,40-076,1.93,25/26,Calf Problems,2026-05-16,2026-06-08,24,3
Manuel Neuer,Germany,GK,,40-076,1.93,25/26,Muscle Fiber Tear,2026-03-06,2026-03-29,24,5
Manuel Neuer,Germany,GK,,40-076,1.93,25/26,Torn Muscle Fiber,2026-02-14,2026-03-01,16,2
Manuel Neuer,Germany,GK,,40-076,1.93,25/26,Fitness,2026-01-05,2026-01-07,3,-
Manuel Neuer,Germany,GK,,40-076,1.93,25/26,Torn Muscle Fiber,2025-12-15,2026-01-04,21,1
Manuel Neuer,Germany,GK,,40-076,1.93,24/25,Torn Muscle Fiber,2025-03-06,2025-04-30,56,12
Manuel Neuer,Germany,GK,,40-076,1.93,24/25,Rib Fracture,2024-12-06,2024-12-31,26,4
Manuel Neuer,Germany,GK,,40-076,1.93,24/25,Thigh Problems,2024-09-18,2024-09-26,9,1
Manuel Neuer,Germany,GK,,40-076,1.93,23/24,Infection,2024-05-27,2024-05-31,5,-
Manuel Neuer,Germany,GK,,40-076,1.93,23/24,Torn Muscle Fiber,2024-03-20,2024-04-08,20,4
Manuel Neuer,Germany,GK,,40-076,1.93,23/24,Fitness,2023-10-18,2023-10-25,8,3
Manuel Neuer,Germany,GK,,40-076,1.93,22/23,Lower Leg Fracture,2022-12-10,2023-10-17,312,44
Manuel Neuer,Germany,GK,,40-076,1.93,22/23,Shoulder Joint Contusion,2022-10-10,2022-11-03,25,7
Manuel Neuer,Germany,GK,,40-076,1.93,22/23,Corona Virus,2022-09-19,2022-09-26,8,1
Manuel Neuer,Germany,GK,,40-076,1.93,21/22,Knee Surgery,2022-02-03,2022-03-07,33,5
Felix Nmecha,Germany,MF,,25-244,1.9,25/26,Torn Lateral Knee Ligament,2026-03-22,2026-05-06,46,7
Felix Nmecha,Germany,MF,,25-244,1.9,24/25,Ligament Injury,2025-01-25,2025-04-02,68,15
Felix Nmecha,Germany,MF,,25-244,1.9,23/24,Fitness,2024-02-28,2024-03-06,8,1
Felix Nmecha,Germany,MF,,25-244,1.9,23/24,Hip Problems,2023-11-13,2024-02-27,107,18
Felix Nmecha,Germany,MF,,25-244,1.9,23/24,Muscular Problems,2023-10-28,2023-10-30,3,1
Felix Nmecha,Germany,MF,,25-244,1.9,23/24,Ankle Problems,2023-08-09,2023-08-18,10,1
Felix Nmecha,Germany,MF,,25-244,1.9,22/23,Thigh Problems,2023-01-23,2023-02-01,10,2
Felix Nmecha,Germany,MF,,25-244,1.9,21/22,Fitness,2021-08-09,2021-08-19,11,1
Felix Nmecha,Germany,MF,,25-244,1.9,19/20,Unknown Injury,2019-07-01,2019-10-31,123,12
Alexander Nübel,Germany,GK,,29-254,1.93,25/26,Elbow Injury,2025-08-08,2025-08-19,12,1
Alexander Nübel,Germany,GK,,29-254,1.93,24/25,Cold,2025-01-27,2025-01-30,4,1
Alexander Nübel,Germany,GK,,29-254,1.93,23/24,Muscular Problems,2024-04-07,2024-04-19,13,1
Alexander Nübel,Germany,GK,,29-254,1.93,23/24,Hip Problems,2024-02-07,2024-02-26,20,3
Alexander Nübel,Germany,GK,,29-254,1.93,21/22,Head Injury,2022-01-27,2022-02-01,6,1
Alexander Nübel,Germany,GK,,29-254,1.93,21/22,Stomach Problems,2021-08-16,2021-08-20,5,1
Alexander Nübel,Germany,GK,,29-254,1.93,20/21,Syndesmosis Ligament Tear,2021-01-28,2021-03-11,43,9
Assan Ouédraogo,Germany,MF,,20-033,1.91,25/26,Knee Injury,2026-01-15,2026-03-31,76,14
Assan Ouédraogo,Germany,MF,,20-033,1.91,25/26,Knee Injury,2025-11-24,2026-01-02,40,5
Assan Ouédraogo,Germany,MF,,20-033,1.91,24/25,Fitness,2025-04-15,2025-04-28,14,2
Assan Ouédraogo,Germany,MF,,20-033,1.91,24/25,Hamstring Injury,2024-11-27,2025-04-15,140,27
Assan Ouédraogo,Germany,MF,,20-033,1.91,24/25,Knee Injury,2024-08-07,2024-11-01,87,13
Assan Ouédraogo,Germany,MF,,20-033,1.91,23/24,Ankle Injury,2024-05-14,2024-06-30,48,1
Assan Ouédraogo,Germany,MF,,20-033,1.91,23/24,Adductor Pain,2024-04-12,2024-04-24,13,2
Assan Ouédraogo,Germany,MF,,20-033,1.91,23/24,Fitness,2024-02-20,2024-03-03,13,2
Assan Ouédraogo,Germany,MF,,20-033,1.91,23/24,Syndesmotic Ligament Tear,2023-11-16,2024-02-19,96,10
Assan Ouédraogo,Germany,MF,,20-033,1.91,23/24,Hamstring Injury,2023-10-31,2023-11-11,12,3
Assan Ouédraogo,Germany,MF,,20-033,1.91,22/23,Unknown Injury,2023-02-20,2023-04-28,68,7
Aleksandar Pavlovic,Germany,MF,,22-039,1.88,25/26,Hip Problems,2026-03-20,2026-04-02,14,3
Aleksandar Pavlovic,Germany,MF,,22-039,1.88,25/26,Ill,2025-12-21,2025-12-23,3,1
Aleksandar Pavlovic,Germany,MF,,22-039,1.88,25/26,Fracture Of The Eye Socket,2025-08-01,2025-08-19,19,1
Aleksandar Pavlovic,Germany,MF,,22-039,1.88,24/25,Mononucleation,2025-02-25,2025-04-09,44,10
Aleksandar Pavlovic,Germany,MF,,22-039,1.88,24/25,Broken Collarbone,2024-10-20,2024-11-24,36,9
Aleksandar Pavlovic,Germany,MF,,22-039,1.88,24/25,Fitness,2024-07-12,2024-07-24,13,-
Aleksandar Pavlovic,Germany,MF,,22-039,1.88,23/24,Tonsillitis,2024-06-10,2024-06-30,21,4
Aleksandar Pavlovic,Germany,MF,,22-039,1.88,23/24,Ligament Stretching,2024-05-18,2024-05-27,10,-
Aleksandar Pavlovic,Germany,MF,,22-039,1.88,23/24,Ill,2024-04-05,2024-04-08,4,1
Aleksandar Pavlovic,Germany,MF,,22-039,1.88,23/24,Tonsillitis,2024-03-18,2024-04-02,16,1
Aleksandar Pavlovic,Germany,MF,,22-039,1.88,23/24,Hip Problems,2024-02-17,2024-02-20,4,1
Aleksandar Pavlovic,Germany,MF,,22-039,1.88,21/22,Hamstring Injury,2021-10-02,2021-11-29,59,9
David Raum,Germany,"DF,MF",,28-050,1.81,25/26,Groin Problems,2026-04-20,2026-04-29,10,1
David Raum,Germany,"DF,MF",,28-050,1.81,24/25,Hamstring Injury,2025-04-11,2025-04-24,14,2
David Raum,Germany,"DF,MF",,28-050,1.81,24/25,Ankle Injury,2024-10-07,2024-12-11,66,17
David Raum,Germany,"DF,MF",,28-050,1.81,23/24,Muscular Problems,2024-05-20,2024-05-26,7,-
David Raum,Germany,"DF,MF",,28-050,1.81,21/22,Ankle Injury,2021-10-29,2021-11-03,6,1
David Raum,Germany,"DF,MF",,28-050,1.81,18/19,Knee Problems,2019-04-12,2019-04-16,5,1
David Raum,Germany,"DF,MF",,28-050,1.81,18/19,Cold,2019-02-19,2019-02-27,9,1
David Raum,Germany,"DF,MF",,28-050,1.81,18/19,Flu,2019-02-07,2019-02-12,6,1
Antonio Rüdiger,Germany,DF,,33-100,1.9,25/26,Knee Injury,2026-01-09,2026-02-03,26,6
Antonio Rüdiger,Germany,DF,,33-100,1.9,25/26,Hamstring Injury,2025-09-12,2025-11-28,78,19
Antonio Rüdiger,Germany,DF,,33-100,1.9,24/25,Tear Of The Lateral Meniscus,2025-04-27,2025-06-20,55,8
Antonio Rüdiger,Germany,DF,,33-100,1.9,24/25,Flu,2025-03-08,2025-03-12,5,1
Antonio Rüdiger,Germany,DF,,33-100,1.9,24/25,Muscle Injury,2025-02-02,2025-02-18,17,4
Antonio Rüdiger,Germany,DF,,33-100,1.9,23/24,Muscle Strain,2024-06-24,2024-06-28,5,-
Antonio Rüdiger,Germany,DF,,33-100,1.9,23/24,Hamstring Injury,2024-02-02,2024-02-19,18,4
Antonio Rüdiger,Germany,DF,,33-100,1.9,22/23,Knee Problems,2023-03-22,2023-04-05,15,3
Antonio Rüdiger,Germany,DF,,33-100,1.9,22/23,Hip Injury,2022-11-05,2022-11-17,13,3
Antonio Rüdiger,Germany,DF,,33-100,1.9,21/22,Groin Injury,2022-04-14,2022-04-28,15,2
Antonio Rüdiger,Germany,DF,,33-100,1.9,21/22,Back Problems,2021-10-09,2021-10-20,12,2
Antonio Rüdiger,Germany,DF,,33-100,1.9,20/21,Facial Injury,2021-04-28,2021-05-03,6,1
Antonio Rüdiger,Germany,DF,,33-100,1.9,19/20,Groin Injury,2019-09-12,2019-12-12,92,22
Antonio Rüdiger,Germany,DF,,33-100,1.9,19/20,Knock,2019-08-19,2019-09-16,29,5
Antonio Rüdiger,Germany,DF,,33-100,1.9,18/19,Knee Injury,2019-07-15,2019-08-12,29,1
Leroy Sané,Germany,"FW,MF",,30-151,1.83,25/26,Torn Lateral Ankle Ligament,2026-01-28,2026-02-14,18,4
Leroy Sané,Germany,"FW,MF",,30-151,1.83,25/26,Rest,2026-01-12,2026-01-14,3,1
Leroy Sané,Germany,"FW,MF",,30-151,1.83,24/25,Fitness,2024-08-04,2024-09-04,32,3
Leroy Sané,Germany,"FW,MF",,30-151,1.83,24/25,Groin Surgery,2024-07-08,2024-08-18,42,1
Leroy Sané,Germany,"FW,MF",,30-151,1.83,23/24,Fitness,2024-06-01,2024-06-06,6,1
Leroy Sané,Germany,"FW,MF",,30-151,1.83,23/24,Inflammation Of Pubic Bone,2024-05-21,2024-05-31,11,-
Leroy Sané,Germany,"FW,MF",,30-151,1.83,23/24,Rest,2024-05-09,2024-05-20,12,2
Leroy Sané,Germany,"FW,MF",,30-151,1.83,23/24,Inflammation Of Pubic Bone,2024-04-18,2024-04-29,12,2
Leroy Sané,Germany,"FW,MF",,30-151,1.83,23/24,Pubic Bone Irritation,2024-04-10,2024-04-14,5,1
Leroy Sané,Germany,"FW,MF",,30-151,1.83,23/24,Pubic Bone Irritation,2024-04-04,2024-04-08,5,1
Leroy Sané,Germany,"FW,MF",,30-151,1.83,23/24,Knee Problems,2024-02-27,2024-03-04,7,1
Leroy Sané,Germany,"FW,MF",,30-151,1.83,22/23,Knee Problems,2022-11-21,2022-11-22,2,-
Leroy Sané,Germany,"FW,MF",,30-151,1.83,22/23,Torn Muscle Fiber,2022-10-17,2022-11-03,18,5
Leroy Sané,Germany,"FW,MF",,30-151,1.83,21/22,Ill,2022-05-07,2022-05-09,3,1
Leroy Sané,Germany,"FW,MF",,30-151,1.83,21/22,Corona Virus,2022-01-03,2022-01-13,11,1
Nico Schlotterbeck,Germany,DF,,26-192,1.91,25/26,Muscular Problems,2026-02-15,2026-02-24,10,2
Nico Schlotterbeck,Germany,DF,,26-192,1.91,25/26,Ill,2025-10-30,2025-11-03,5,1
Nico Schlotterbeck,Germany,DF,,26-192,1.91,25/26,Fitness,2025-09-10,2025-09-18,9,2
Nico Schlotterbeck,Germany,DF,,26-192,1.91,24/25,Meniscus Tear,2025-04-07,2025-09-09,156,20
Nico Schlotterbeck,Germany,DF,,26-192,1.91,24/25,Ill,2025-01-09,2025-01-14,6,1
Nico Schlotterbeck,Germany,DF,,26-192,1.91,22/23,Hamstring Injury,2023-04-23,2023-05-05,13,1
Nico Schlotterbeck,Germany,DF,,26-192,1.91,22/23,Torn Muscle Fiber,2023-04-02,2023-04-20,19,3
Nico Schlotterbeck,Germany,DF,,26-192,1.91,22/23,Muscular Problems,2023-03-26,2023-03-29,4,1
Nico Schlotterbeck,Germany,DF,,26-192,1.91,21/22,Corona Virus,2022-01-06,2022-01-17,12,2
Nico Schlotterbeck,Germany,DF,,26-192,1.91,21/22,Muscular Problems,2021-11-08,2021-11-22,15,-
Nico Schlotterbeck,Germany,DF,,26-192,1.91,20/21,Hamstring Injury,2020-11-16,2021-01-11,57,10
Nico Schlotterbeck,Germany,DF,,26-192,1.91,20/21,Torn Muscle Fiber,2020-10-01,2020-11-16,47,7
Angelo Stiller,Germany,MF,,25-068,1.83,25/26,Groin Problems,2026-01-21,2026-01-23,3,1
Angelo Stiller,Germany,MF,,25-068,1.83,24/25,Ankle Injury,2025-05-25,2025-06-09,16,2
Angelo Stiller,Germany,MF,,25-068,1.83,24/25,Ligament Injury,2025-05-12,2025-05-22,11,1
Angelo Stiller,Germany,MF,,25-068,1.83,24/25,Muscular Problems,2024-11-13,2024-11-21,9,2
Angelo Stiller,Germany,MF,,25-068,1.83,22/23,Knee Problems,2023-04-25,2023-05-04,10,1
Angelo Stiller,Germany,MF,,25-068,1.83,22/23,Pelvic Contusion,2023-03-02,2023-03-08,7,1
Angelo Stiller,Germany,MF,,25-068,1.83,22/23,Unknown Injury,2023-01-25,2023-02-02,9,2
Angelo Stiller,Germany,MF,,25-068,1.83,22/23,Ligament Tear,2022-07-28,2022-08-18,22,3
Angelo Stiller,Germany,MF,,25-068,1.83,21/22,Ill,2022-02-10,2022-02-21,12,2
Angelo Stiller,Germany,MF,,25-068,1.83,21/22,Shin Bruise,2021-10-28,2021-11-04,8,-
Angelo Stiller,Germany,MF,,25-068,1.83,21/22,Ill,2021-09-23,2021-09-27,5,1
Angelo Stiller,Germany,MF,,25-068,1.83,18/19,Ankle Ligament Tear,2019-01-03,2019-02-11,40,1
Angelo Stiller,Germany,MF,,25-068,1.83,17/18,Muscle Injury,2018-03-05,2018-04-09,36,3
Jonathan Tah,Germany,DF,,30-120,1.95,24/25,Ill,2025-01-14,2025-01-16,3,1
Jonathan Tah,Germany,DF,,30-120,1.95,21/22,Infection,2022-02-10,2022-02-14,5,1
Jonathan Tah,Germany,DF,,30-120,1.95,19/20,Back Problems,2020-05-21,2020-05-25,5,1
Jonathan Tah,Germany,DF,,30-120,1.95,19/20,Influenza,2019-10-07,2019-10-14,8,2
Jonathan Tah,Germany,DF,,30-120,1.95,18/19,Ill,2018-11-29,2018-12-06,8,1
Jonathan Tah,Germany,DF,,30-120,1.95,17/18,Torn Muscle Fiber,2018-04-23,2018-05-07,15,2
Jonathan Tah,Germany,DF,,30-120,1.95,17/18,Muscular Problems,2018-04-12,2018-04-16,5,1
Jonathan Tah,Germany,DF,,30-120,1.95,17/18,Influenza,2018-02-15,2018-02-26,12,2
Jonathan Tah,Germany,DF,,30-120,1.95,17/18,Bruised Back,2017-11-06,2017-11-16,11,4
Jonathan Tah,Germany,DF,,30-120,1.95,17/18,Knee Injury,2017-09-04,2017-09-07,4,2
Jonathan Tah,Germany,DF,,30-120,1.95,17/18,Adductor Injury,2017-06-12,2017-07-27,46,10
Jonathan Tah,Germany,DF,,30-120,1.95,16/17,Rest,2017-06-08,2017-06-08,1,-
Jonathan Tah,Germany,DF,,30-120,1.95,16/17,Muscular Problems,2017-05-01,2017-05-11,11,1
Jonathan Tah,Germany,DF,,30-120,1.95,16/17,Torn Muscle Fiber,2017-02-06,2017-04-27,81,17
Jonathan Tah,Germany,DF,,30-120,1.95,16/17,Influenza,2016-12-01,2016-12-08,8,1
Malick Thiaw,Germany,"DF,MF",,24-307,1.94,24/25,Hamstring Muscle Injury,2025-01-14,2025-01-27,14,3
Malick Thiaw,Germany,"DF,MF",,24-307,1.94,24/25,Ankle Sprain,2024-08-30,2024-09-20,22,5
Malick Thiaw,Germany,"DF,MF",,24-307,1.94,23/24,Heel Spur,2024-04-05,2024-04-10,6,1
Malick Thiaw,Germany,"DF,MF",,24-307,1.94,23/24,Hamstring Muscle Injury,2023-11-28,2024-02-14,79,14
Malick Thiaw,Germany,"DF,MF",,24-307,1.94,21/22,Knee Problems,2022-03-20,2022-03-29,10,1
Malick Thiaw,Germany,"DF,MF",,24-307,1.94,21/22,Thigh Problems,2021-08-02,2021-08-12,11,1
Malick Thiaw,Germany,"DF,MF",,24-307,1.94,21/22,Hamstring Injury,2021-08-02,2021-08-12,11,1
Malick Thiaw,Germany,"DF,MF",,24-307,1.94,20/21,Quarantine,2021-05-11,2021-05-23,13,3
Deniz Undav,Germany,"FW,MF",,29-327,1.79,25/26,Inner Knee Ligament Tear,2025-08-31,2025-10-08,39,8
Deniz Undav,Germany,"FW,MF",,29-327,1.79,24/25,Stomach Problems,2025-04-04,2025-04-08,5,1
Deniz Undav,Germany,"FW,MF",,29-327,1.79,24/25,Fitness,2024-12-17,2024-12-23,7,1
Deniz Undav,Germany,"FW,MF",,29-327,1.79,24/25,Torn Muscle Fiber,2024-11-20,2024-12-17,28,7
Deniz Undav,Germany,"FW,MF",,29-327,1.79,24/25,Hamstring Strain,2024-11-07,2024-11-20,14,3
Deniz Undav,Germany,"FW,MF",,29-327,1.79,23/24,Torn Muscle Fiber,2024-02-18,2024-03-01,13,1
Deniz Undav,Germany,"FW,MF",,29-327,1.79,23/24,Torn Lateral Knee Ligament,2023-08-09,2023-09-11,34,4
Deniz Undav,Germany,"FW,MF",,29-327,1.79,17/18,Shin Injury,2017-08-04,2017-11-08,97,14
Florian Wirtz,Germany,"FW,MF",,23-039,1.77,25/26,Stomach Problems,2026-05-07,2026-05-10,4,1
Florian Wirtz,Germany,"FW,MF",,23-039,1.77,25/26,Back Problems,2026-02-21,2026-03-04,12,3
Florian Wirtz,Germany,"FW,MF",,23-039,1.77,25/26,Muscular Problems,2025-11-21,2025-11-28,8,2
Florian Wirtz,Germany,"FW,MF",,23-039,1.77,24/25,Inner Ligament Injury,2025-03-09,2025-04-07,30,7
Florian Wirtz,Germany,"FW,MF",,23-039,1.77,24/25,Capsular Injury,2024-10-15,2024-10-17,3,-
Florian Wirtz,Germany,"FW,MF",,23-039,1.77,23/24,Bruise,2024-05-10,2024-05-16,7,1
Florian Wirtz,Germany,"FW,MF",,23-039,1.77,23/24,Bruise,2024-05-04,2024-05-08,5,1
Florian Wirtz,Germany,"FW,MF",,23-039,1.77,23/24,Muscular Problems,2023-11-29,2023-12-01,3,1
Florian Wirtz,Germany,"FW,MF",,23-039,1.77,22/23,Stomach Flu,2023-04-22,2023-04-26,5,1
Florian Wirtz,Germany,"FW,MF",,23-039,1.77,22/23,Rest,2023-03-11,2023-03-13,3,1
Florian Wirtz,Germany,"FW,MF",,23-039,1.77,22/23,Muscular Problems,2023-03-10,2023-03-14,5,1
Florian Wirtz,Germany,"FW,MF",,23-039,1.77,21/22,Cruciate Ligament Tear,2022-03-14,2022-12-04,266,43
Florian Wirtz,Germany,"FW,MF",,23-039,1.77,21/22,Hip Flexor Problems,2021-11-04,2021-11-18,15,3
Florian Wirtz,Germany,"FW,MF",,23-039,1.77,21/22,Adductor Pain,2021-08-05,2021-08-19,15,2
Florian Wirtz,Germany,"FW,MF",,23-039,1.77,20/21,Adductor Pain,2021-04-12,2021-04-19,8,1
Nick Woltemade,Germany,"FW,MF",,24-117,1.98,25/26,Ill,2026-03-01,2026-03-06,6,1
Nick Woltemade,Germany,"FW,MF",,24-117,1.98,24/25,Ill,2025-02-03,2025-02-06,4,1
Nick Woltemade,Germany,"FW,MF",,24-117,1.98,23/24,Back Problems,2023-08-17,2023-08-21,5,1
Nick Woltemade,Germany,"FW,MF",,24-117,1.98,21/22,Foot Surgery,2021-10-07,2021-12-31,86,13
Nick Woltemade,Germany,"FW,MF",,24-117,1.98,21/22,Back Problems,2021-07-08,2021-07-20,13,-
Nick Woltemade,Germany,"FW,MF",,24-117,1.98,20/21,Outer Ligament Tear,2021-04-01,2021-05-31,61,10
Nick Woltemade,Germany,"FW,MF",,24-117,1.98,20/21,Virus,2020-12-31,2021-02-01,33,6
Jonas Adjetey,Ghana,DF,,22-180,1.88,24/25,Foot Injury,2024-10-21,2024-11-06,17,3
Jonas Adjetey,Ghana,DF,,22-180,1.88,23/24,Unknown Injury,2023-09-20,2023-09-25,6,2
Jonas Adjetey,Ghana,DF,,22-180,1.88,23/24,Unknown Injury,2023-07-19,2023-08-09,22,5
Joseph Anang,Ghana,GK,,26-003,1.9,22/23,Broken Arm,2022-08-18,2023-01-03,139,28
Benjamin Asare,Ghana,GK,,33-333,2.05,-,Ninguna,,,0,0
Lawrence Ati-Zigi,Ghana,GK,,29-194,,-,No Encontrado,,,0,0
Jordan Ayew,Ghana,"FW,MF",,34-273,1.82,20/21,Virus,2020-10-19,2020-10-29,11,1
Jordan Ayew,Ghana,"FW,MF",,34-273,1.82,18/19,Knock,2018-08-09,2018-08-19,11,1
Augustine Boakye,Ghana,"FW,MF",,25-220,1.78,25/26,Knock,2025-12-05,2025-12-07,3,1
Augustine Boakye,Ghana,"FW,MF",,25-220,1.78,25/26,Adductor Pain,2025-10-29,2025-11-07,10,1
Augustine Boakye,Ghana,"FW,MF",,25-220,1.78,24/25,Injury To The Ankle,2025-03-27,2025-06-30,96,8
Augustine Boakye,Ghana,"FW,MF",,25-220,1.78,24/25,Dead Leg,2024-11-29,2025-01-03,36,4
Augustine Boakye,Ghana,"FW,MF",,25-220,1.78,24/25,Leg Injury,2024-08-30,2024-09-24,26,3
Augustine Boakye,Ghana,"FW,MF",,25-220,1.78,23/24,Muscular Problems,2024-05-03,2024-05-10,8,1
Augustine Boakye,Ghana,"FW,MF",,25-220,1.78,23/24,Torn Muscle Fiber In The Adductor Area,2024-04-05,2024-04-22,18,3
Augustine Boakye,Ghana,"FW,MF",,25-220,1.78,23/24,Ill,2024-02-10,2024-02-12,3,1
Augustine Boakye,Ghana,"FW,MF",,25-220,1.78,22/23,Syndesmosis Ligament Tear,2023-06-05,2023-07-08,34,-
Augustine Boakye,Ghana,"FW,MF",,25-220,1.78,22/23,Syndesmosis Ligament Tear,2023-01-01,2023-03-31,90,9
Augustine Boakye,Ghana,"FW,MF",,25-220,1.78,21/22,Knee Problems,2022-04-25,2022-06-30,67,4
Augustine Boakye,Ghana,"FW,MF",,25-220,1.78,21/22,Meniscus Injury,2022-02-26,2022-04-24,58,9
Augustine Boakye,Ghana,"FW,MF",,25-220,1.78,21/22,Quarantine,2021-08-31,2021-09-03,4,-
Christopher Bonsu-Baah,Ghana,MF,,21-179,,-,No Encontrado,,,0,0
Abdul Fatawu Issahaku,Ghana,"FW,MF",,22-095,1.77,25/26,Knock,2026-02-12,2026-02-23,12,2
Abdul Fatawu Issahaku,Ghana,"FW,MF",,22-095,1.77,24/25,Cruciate Ligament Surgery,2024-11-15,2025-08-01,260,34
Prince Kwabena Adu,Ghana,FW,,22-261,1.79,24/25,Unknown Injury,2025-03-29,2025-04-11,14,3
Prince Kwabena Adu,Ghana,FW,,22-261,1.79,24/25,Unknown Injury,2025-02-20,2025-03-01,10,2
Derrick Luckassen,Ghana,"DF,MF",,30-343,1.88,23/24,Broken Fibula,2024-02-09,2024-05-05,87,14
Derrick Luckassen,Ghana,"DF,MF",,30-343,1.88,23/24,Unknown Injury,2024-01-01,2024-01-04,4,1
Derrick Luckassen,Ghana,"DF,MF",,30-343,1.88,22/23,Ankle Sprain,2023-01-24,2023-01-26,3,-
Derrick Luckassen,Ghana,"DF,MF",,30-343,1.88,21/22,Unknown Injury,2022-02-24,2022-03-23,28,5
Derrick Luckassen,Ghana,"DF,MF",,30-343,1.88,21/22,Unknown Injury,2022-02-05,2022-02-09,5,1
Derrick Luckassen,Ghana,"DF,MF",,30-343,1.88,21/22,Unknown Injury,2022-01-08,2022-02-03,27,3
Derrick Luckassen,Ghana,"DF,MF",,30-343,1.88,21/22,Unknown Injury,2021-09-11,2021-10-16,36,4
Derrick Luckassen,Ghana,"DF,MF",,30-343,1.88,20/21,Unknown Injury,2021-03-15,2021-04-01,18,1
Derrick Luckassen,Ghana,"DF,MF",,30-343,1.88,20/21,Unknown Injury,2021-02-05,2021-02-15,11,2
Derrick Luckassen,Ghana,"DF,MF",,30-343,1.88,19/20,Knee Injury,2020-02-15,2020-07-01,138,3
Derrick Luckassen,Ghana,"DF,MF",,30-343,1.88,18/19,Fitness,2019-04-23,2019-05-20,28,4
Derrick Luckassen,Ghana,"DF,MF",,30-343,1.88,18/19,Syndesmosis Ligament Tear,2018-12-05,2019-04-23,140,18
Derrick Luckassen,Ghana,"DF,MF",,30-343,1.88,18/19,Facial Injury,2018-09-07,2018-09-20,14,1
Derrick Luckassen,Ghana,"DF,MF",,30-343,1.88,17/18,Knee Injury,2017-09-25,2017-10-13,19,1
Derrick Luckassen,Ghana,"DF,MF",,30-343,1.88,16/17,Knee Injury,2016-11-26,2016-12-01,6,1
Gideon Mensah,Ghana,"DF,MF",,27-328,1.78,25/26,Muscle Injury,2025-09-19,2025-09-20,2,-
Gideon Mensah,Ghana,"DF,MF",,27-328,1.78,24/25,Ill,2025-01-30,2025-01-31,2,-
Gideon Mensah,Ghana,"DF,MF",,27-328,1.78,24/25,Knee Injury,2024-07-13,2024-09-23,73,7
Gideon Mensah,Ghana,"DF,MF",,27-328,1.78,23/24,Knee Injury,2024-02-18,2024-03-08,20,2
Gideon Mensah,Ghana,"DF,MF",,27-328,1.78,22/23,Knee Injury,2023-04-03,2023-04-20,18,2
Gideon Mensah,Ghana,"DF,MF",,27-328,1.78,22/23,Concussion,2023-01-12,2023-01-25,14,4
Gideon Mensah,Ghana,"DF,MF",,27-328,1.78,22/23,Dead Leg,2022-10-21,2022-10-27,7,1
Gideon Mensah,Ghana,"DF,MF",,27-328,1.78,21/22,Quarantine,2021-09-10,2021-09-17,8,1
Gideon Mensah,Ghana,"DF,MF",,27-328,1.78,20/21,Corona Virus,2020-10-13,2020-10-29,17,2
Gideon Mensah,Ghana,"DF,MF",,27-328,1.78,18/19,Surgery,2018-07-26,2018-09-27,64,8
Gideon Mensah,Ghana,"DF,MF",,27-328,1.78,17/18,Unknown Injury,2017-11-16,2018-01-07,53,11
Abdul Mumin,Ghana,DF,,28-005,1.88,24/25,Cruciate Ligament Tear,2025-03-04,2026-02-09,343,56
Abdul Mumin,Ghana,DF,,28-005,1.88,20/21,Corona Virus,2020-10-15,2020-10-28,14,2
Abdul Mumin,Ghana,DF,,28-005,1.88,18/19,Unknown Injury,2018-10-18,2018-11-21,35,6
Ernest Nuamah,Ghana,"FW,MF",,22-222,1.78,24/25,Cruciate Ligament Tear,2025-04-05,2026-04-27,388,63
Ernest Nuamah,Ghana,"FW,MF",,22-222,1.78,24/25,Dead Leg,2024-10-25,2024-11-08,15,3
Ernest Nuamah,Ghana,"FW,MF",,22-222,1.78,24/25,Dead Leg,2024-08-25,2024-09-13,20,3
Jerome Opoku,Ghana,DF,,27-240,1.97,25/26,Unknown Injury,2026-03-02,2026-03-04,3,1
Jerome Opoku,Ghana,DF,,27-240,1.97,25/26,Unknown Injury,2025-07-21,2025-08-03,14,2
Jerome Opoku,Ghana,DF,,27-240,1.97,24/25,Unknown Injury,2025-04-02,2025-04-09,8,1
Jerome Opoku,Ghana,DF,,27-240,1.97,22/23,Unknown Injury,2023-03-02,2023-03-20,19,3
Elisha Owusu,Ghana,MF,,28-216,1.82,25/26,Muscle Injury,2025-11-21,2025-12-31,41,5
Elisha Owusu,Ghana,MF,,28-216,1.82,24/25,Collateral Ligament Injury,2025-03-30,2025-05-05,37,5
Elisha Owusu,Ghana,MF,,28-216,1.82,22/23,Achilles Tendon Contusion,2023-01-28,2023-05-15,108,20
Elisha Owusu,Ghana,MF,,28-216,1.82,22/23,Muscle Injury,2022-10-21,2022-10-28,8,2
Elisha Owusu,Ghana,MF,,28-216,1.82,22/23,Syndesmotic Ligament Tear,2022-08-04,2022-09-12,40,9
Elisha Owusu,Ghana,MF,,28-216,1.82,20/21,Bruise,2021-05-16,2021-05-20,5,2
Elisha Owusu,Ghana,MF,,28-216,1.82,20/21,Corona Virus,2020-11-06,2020-11-20,15,1
Elisha Owusu,Ghana,MF,,28-216,1.82,20/21,Bruised Knee,2020-10-04,2020-10-26,23,3
Thomas Partey,Ghana,"DF,MF",,32-363,1.85,25/26,Inflammation Of Pubic Bone,2026-01-31,2026-02-16,17,3
Thomas Partey,Ghana,"DF,MF",,32-363,1.85,25/26,Muscle Injury,2025-12-05,2026-01-05,32,5
Thomas Partey,Ghana,"DF,MF",,32-363,1.85,24/25,Muscle Injury,2024-11-28,2024-12-03,6,1
Thomas Partey,Ghana,"DF,MF",,32-363,1.85,23/24,Hamstring Injury,2023-11-09,2024-02-29,113,25
Thomas Partey,Ghana,"DF,MF",,32-363,1.85,23/24,Groin Injury,2023-09-02,2023-10-03,32,8
Thomas Partey,Ghana,"DF,MF",,32-363,1.85,22/23,Knock,2022-09-22,2022-09-30,9,2
Thomas Partey,Ghana,"DF,MF",,32-363,1.85,22/23,Thigh Problems,2022-08-25,2022-09-15,22,4
Thomas Partey,Ghana,"DF,MF",,32-363,1.85,21/22,Unknown Injury,2022-04-04,2022-07-25,113,13
Thomas Partey,Ghana,"DF,MF",,32-363,1.85,21/22,Muscle Injury,2022-02-14,2022-02-22,9,-
Thomas Partey,Ghana,"DF,MF",,32-363,1.85,21/22,Ankle Injury,2021-07-29,2021-08-30,33,4
Thomas Partey,Ghana,"DF,MF",,32-363,1.85,20/21,Hamstring Injury,2021-02-04,2021-02-22,19,3
Thomas Partey,Ghana,"DF,MF",,32-363,1.85,20/21,Hip Injury,2020-12-03,2021-01-11,40,10
Thomas Partey,Ghana,"DF,MF",,32-363,1.85,20/21,Muscle Injury,2020-11-09,2020-12-03,25,6
Thomas Partey,Ghana,"DF,MF",,32-363,1.85,19/20,Hamstring Injury,2019-09-09,2019-09-16,8,1
Thomas Partey,Ghana,"DF,MF",,32-363,1.85,15/16,Hamstring Injury,2016-02-08,2016-03-07,29,5
Kojo Peprah Oppong,Ghana,DF,,22-007,1.85,25/26,Calf Injury,2026-03-09,2026-03-16,8,1
Kojo Peprah Oppong,Ghana,DF,,22-007,1.85,25/26,Knee Injury,2026-01-10,2026-01-16,7,1
Kojo Peprah Oppong,Ghana,DF,,22-007,1.85,25/26,Muscle Injury,2025-12-01,2025-12-06,6,-
Abdul Rahman Baba,Ghana,"DF,MF",,31-344,1.79,24/25,Unknown Injury,2024-08-16,2024-08-20,5,1
Abdul Rahman Baba,Ghana,"DF,MF",,31-344,1.79,23/24,Unknown Injury,2024-03-30,2024-04-01,3,1
Abdul Rahman Baba,Ghana,"DF,MF",,31-344,1.79,23/24,Head Injury,2024-02-26,2024-03-01,5,1
Abdul Rahman Baba,Ghana,"DF,MF",,31-344,1.79,23/24,Unknown Injury,2023-11-09,2023-12-11,33,7
Abdul Rahman Baba,Ghana,"DF,MF",,31-344,1.79,22/23,Unknown Injury,2023-02-15,2023-05-15,90,17
Abdul Rahman Baba,Ghana,"DF,MF",,31-344,1.79,22/23,Tonsillitis,2023-02-01,2023-02-05,5,1
Abdul Rahman Baba,Ghana,"DF,MF",,31-344,1.79,22/23,Hamstring Injury,2022-09-29,2022-10-16,18,4
Abdul Rahman Baba,Ghana,"DF,MF",,31-344,1.79,21/22,Hamstring Injury,2022-02-19,2022-03-31,41,8
Abdul Rahman Baba,Ghana,"DF,MF",,31-344,1.79,19/20,Knee Injury,2019-09-23,2020-09-04,348,41
Abdul Rahman Baba,Ghana,"DF,MF",,31-344,1.79,17/18,Fitness,2017-09-04,2018-05-04,243,52
Abdul Rahman Baba,Ghana,"DF,MF",,31-344,1.79,17/18,Cruciate Ligament Tear,2017-01-19,2017-09-04,229,39
Abdul Rahman Baba,Ghana,"DF,MF",,31-344,1.79,17/18,Meniscus Damage,2017-01-19,2017-07-20,183,34
Abdul Rahman Baba,Ghana,"DF,MF",,31-344,1.79,14/15,Toe Injury,2015-04-09,2015-04-16,8,-
Abdul Rahman Baba,Ghana,"DF,MF",,31-344,1.79,14/15,Capsular Injury,2015-03-23,2015-04-13,22,2
Abdul Rahman Baba,Ghana,"DF,MF",,31-344,1.79,14/15,Rest,2015-02-16,2015-02-19,4,-
Alidu Seidu,Ghana,DF,,26-007,1.73,25/26,Ill,2025-11-02,2025-11-06,5,1
Alidu Seidu,Ghana,DF,,26-007,1.73,25/26,Head Injury,2025-09-21,2025-09-26,6,-
Alidu Seidu,Ghana,DF,,26-007,1.73,24/25,Cruciate Ligament Tear,2024-11-25,2025-08-01,250,28
Alidu Seidu,Ghana,DF,,26-007,1.73,22/23,Knee Surgery,2023-02-07,2023-03-24,46,7
Antoine Semenyo,Ghana,"FW,MF",,26-155,1.85,25/26,Ill,2025-11-21,2025-11-24,4,1
Antoine Semenyo,Ghana,"FW,MF",,26-155,1.85,23/24,Calf Problems,2024-04-10,2024-04-19,10,1
Antoine Semenyo,Ghana,"FW,MF",,26-155,1.85,21/22,Knee Problems,2022-03-21,2022-04-03,14,1
Antoine Semenyo,Ghana,"FW,MF",,26-155,1.85,21/22,Knee Problems,2021-09-24,2021-11-08,46,9
Antoine Semenyo,Ghana,"FW,MF",,26-155,1.85,20/21,Knee Surgery,2021-05-07,2021-08-18,104,5
Marvin Senaya,Ghana,"DF,MF",,25-134,1.81,25/26,Muscle Injury,2025-11-21,2025-12-08,18,3
Marvin Senaya,Ghana,"DF,MF",,25-134,1.81,24/25,Ankle Injury,2025-04-14,2025-07-01,79,7
Kwasi Sibo,Ghana,MF,,27-352,1.83,-,Ninguna,,,0,0
Kamaldeen Sulemana,Ghana,"FW,MF",,24-116,1.74,25/26,Foot Bruise,2026-04-10,2026-04-21,12,2
Kamaldeen Sulemana,Ghana,"FW,MF",,24-116,1.74,25/26,Muscular Problems,2025-12-04,2025-12-19,16,3
Kamaldeen Sulemana,Ghana,"FW,MF",,24-116,1.74,24/25,Hamstring Injury,2025-01-24,2025-01-31,8,1
Kamaldeen Sulemana,Ghana,"FW,MF",,24-116,1.74,24/25,Ankle Injury,2024-07-29,2024-10-16,80,13
Kamaldeen Sulemana,Ghana,"FW,MF",,24-116,1.74,23/24,Unknown Injury,2023-11-29,2024-02-05,69,17
Kamaldeen Sulemana,Ghana,"FW,MF",,24-116,1.74,23/24,Muscle Injury,2023-08-01,2023-09-02,33,5
Kamaldeen Sulemana,Ghana,"FW,MF",,24-116,1.74,22/23,Injury To The Ankle,2022-11-02,2022-11-07,6,2
Kamaldeen Sulemana,Ghana,"FW,MF",,24-116,1.74,22/23,Knee Problems,2022-09-29,2022-10-10,12,2
Kamaldeen Sulemana,Ghana,"FW,MF",,24-116,1.74,21/22,Back Injury,2022-02-19,2022-05-04,75,15
Brandon Thomas-Asante,Ghana,"FW,MF",,27-164,1.82,-,Ninguna,,,0,0
Iñaki Williams,Ghana,"FW,MF",,31-361,1.86,25/26,Adductor Injury,2025-10-22,2025-12-08,48,11
Iñaki Williams,Ghana,"FW,MF",,31-361,1.86,25/26,Muscle Strain,2025-10-05,2025-10-14,10,2
Iñaki Williams,Ghana,"FW,MF",,31-361,1.86,23/24,Surgery,2024-05-21,2024-05-31,11,1
Iñaki Williams,Ghana,"FW,MF",,31-361,1.86,23/24,Foot Injury,2024-02-02,2024-02-05,4,-
Iñaki Williams,Ghana,"FW,MF",,31-361,1.86,22/23,Knee Problems,2023-06-05,2023-06-19,15,1
Iñaki Williams,Ghana,"FW,MF",,31-361,1.86,22/23,Muscular Problems,2023-01-27,2023-02-08,13,3
Iñaki Williams,Ghana,"FW,MF",,31-361,1.86,15/16,Thigh Problems,2016-04-11,2016-04-20,10,2
Iñaki Williams,Ghana,"FW,MF",,31-361,1.86,15/16,Ankle Injury,2016-02-22,2016-03-21,29,8
Iñaki Williams,Ghana,"FW,MF",,31-361,1.86,15/16,Broken Leg,2015-08-20,2015-09-24,36,8
Iñaki Williams,Ghana,"FW,MF",,31-361,1.86,15/16,Torn Muscle Fiber,2015-07-20,2015-08-20,32,4
Caleb Yirenkyi,Ghana,MF,,20-147,1.82,-,Ninguna,,,0,0
Ricardo Adé,Haiti,DF,,36-021,1.9,22/23,Muscle Injury,2022-09-09,2022-10-03,25,3
Carlens Arcus,Haiti,DF,,29-348,1.8,25/26,Adductor Pain,2026-03-15,2026-04-27,44,7
Carlens Arcus,Haiti,DF,,29-348,1.8,24/25,Calf Injury,2025-01-27,2025-02-24,29,5
Carlens Arcus,Haiti,DF,,29-348,1.8,23/24,Ankle Injury,2023-12-06,2024-01-16,42,4
Carlens Arcus,Haiti,DF,,29-348,1.8,23/24,Unknown Injury,2023-10-29,2023-11-02,5,1
Jean-Ricner Bellegarde,Haiti,MF,,27-349,1.7,25/26,Hamstring Injury,2025-12-12,2026-01-31,51,9
Jean-Ricner Bellegarde,Haiti,MF,,27-349,1.7,25/26,Ill,2025-10-17,2025-10-20,4,1
Jean-Ricner Bellegarde,Haiti,MF,,27-349,1.7,23/24,Knee Injury,2024-03-10,2024-05-01,53,8
Jean-Ricner Bellegarde,Haiti,MF,,27-349,1.7,23/24,Calf Injury,2023-10-22,2023-11-02,12,1
Jean-Ricner Bellegarde,Haiti,MF,,27-349,1.7,22/23,Ankle Sprain,2023-01-15,2023-03-14,59,8
Jean-Ricner Bellegarde,Haiti,MF,,27-349,1.7,20/21,Thigh Problems,2020-12-01,2020-12-14,14,2
Jean-Ricner Bellegarde,Haiti,MF,,27-349,1.7,19/20,Knee Injury,2019-12-03,2020-01-03,32,4
Josué Casimir,Haiti,"FW,MF",,24-260,1.78,24/25,Hamstring Injury,2025-02-15,2025-02-17,3,1
Josué Casimir,Haiti,"FW,MF",,24-260,1.78,24/25,Ankle Injury,2024-12-02,2024-12-31,30,3
Josué Casimir,Haiti,"FW,MF",,24-260,1.78,24/25,Knee Injury,2024-10-24,2024-11-04,12,2
Josué Casimir,Haiti,"FW,MF",,24-260,1.78,24/25,Injury To The Ankle,2024-09-29,2024-10-10,12,1
Josué Casimir,Haiti,"FW,MF",,24-260,1.78,23/24,Meniscus Injury,2024-03-11,2024-03-30,20,1
Josué Casimir,Haiti,"FW,MF",,24-260,1.78,22/23,Injury To The Ankle,2023-02-10,2023-02-28,19,3
Louicius Deedson,Haiti,MF,,25-120,1.78,20/21,Unknown Injury,2021-05-20,2021-06-01,13,2
Louicius Deedson,Haiti,MF,,25-120,1.78,20/21,Unknown Injury,2020-10-01,2020-10-16,16,2
Hannes Delcroix,Haiti,DF,,27-103,1.83,25/26,Adductor Injury,2026-02-02,2026-03-02,29,5
Hannes Delcroix,Haiti,DF,,27-103,1.83,23/24,Ankle Injury,2024-04-12,2024-11-26,229,23
Hannes Delcroix,Haiti,DF,,27-103,1.83,22/23,Knee Injury,2023-01-06,2023-03-20,74,16
Hannes Delcroix,Haiti,DF,,27-103,1.83,21/22,Torn Muscle Fiber In The Adductor Area,2022-01-27,2022-04-25,89,14
Hannes Delcroix,Haiti,DF,,27-103,1.83,21/22,Knee Surgery,2021-08-27,2022-01-07,134,20
Hannes Delcroix,Haiti,DF,,27-103,1.83,20/21,Knee Surgery,2021-03-07,2021-07-01,117,11
Hannes Delcroix,Haiti,DF,,27-103,1.83,19/20,Groin Injury,2019-08-31,2019-09-14,15,1
Josué Duverger,Haiti,GK,,26-045,1.87,-,Ninguna,,,0,0
Jean-Kevin Duverne,Haiti,DF,,28-334,1.84,25/26,Unknown Injury,2025-10-30,2025-12-01,33,6
Jean-Kevin Duverne,Haiti,DF,,28-334,1.84,24/25,Hamstring Injury,2024-09-27,2024-10-21,25,5
Jean-Kevin Duverne,Haiti,DF,,28-334,1.84,23/24,Injury To The Ankle,2023-11-04,2023-11-11,8,1
Jean-Kevin Duverne,Haiti,DF,,28-334,1.84,17/18,Knee Injury,2018-05-30,2019-01-17,233,25
Derrick Etienne,Haiti,"FW,MF",,29-198,1.78,24/25,Leg Injury,2025-04-21,2025-05-08,18,3
Derrick Etienne,Haiti,"FW,MF",,29-198,1.78,24/25,Leg Injury,2025-02-26,2025-03-07,10,1
Derrick Etienne,Haiti,"FW,MF",,29-198,1.78,23/24,Ankle Injury,2024-02-01,2024-03-15,44,2
Derrick Etienne,Haiti,"FW,MF",,29-198,1.78,21/22,Leg Injury,2022-06-20,2022-06-28,9,1
Derrick Etienne,Haiti,"FW,MF",,29-198,1.78,20/21,Ankle Injury,2021-04-10,2021-04-28,19,1
Martin Expérience,Haiti,DF,,27-094,1.78,-,Ninguna,,,0,0
Yassin Fortuné,Haiti,"FW,MF",,27-132,1.86,20/21,Unknown Injury,2020-09-17,2020-09-24,8,2
Yassin Fortuné,Haiti,"FW,MF",,27-132,1.86,19/20,Unknown Injury,2020-06-17,2020-07-03,17,4
Yassin Fortuné,Haiti,"FW,MF",,27-132,1.86,19/20,Unknown Injury,2019-11-28,2020-01-22,56,3
Yassin Fortuné,Haiti,"FW,MF",,27-132,1.86,19/20,Concussion,2019-08-11,2019-08-21,11,1
Yassin Fortuné,Haiti,"FW,MF",,27-132,1.86,18/19,Unknown Injury,2019-02-07,2019-02-11,5,1
Yassin Fortuné,Haiti,"FW,MF",,27-132,1.86,18/19,Unknown Injury,2018-10-25,2018-10-30,6,1
Yassin Fortuné,Haiti,"FW,MF",,27-132,1.86,18/19,Unknown Injury,2018-07-20,2018-08-29,41,6
Carl Fred Sainté,Haiti,MF,,23-306,1.82,-,Ninguna,,,0,0
Wilson Isidor,Haiti,FW,,25-288,1.84,22/23,Ankle Injury,2023-01-30,2023-04-12,73,8
Wilson Isidor,Haiti,FW,,25-288,1.84,22/23,Shoulder Injury,2022-08-28,2022-09-17,21,4
Wilson Isidor,Haiti,FW,,25-288,1.84,21/22,Corona Virus,2021-07-28,2021-08-09,13,2
Wilson Isidor,Haiti,FW,,25-288,1.84,19/20,Knock,2019-01-15,2019-04-05,81,25
Danley Jean-Jacques,Haiti,MF,,26-022,1.82,-,Ninguna,,,0,0
Lenny Joseph,Haiti,"FW,MF",,25-242,1.82,-,Ninguna,,,0,0
Duke Lacroix,Haiti,"DF,FW",,32-240,1.75,-,Ninguna,,,0,0
Duckens Nazon,Haiti,"FW,MF",,32-065,1.81,25/26,Unknown Injury,2025-11-19,2025-12-13,25,5
Duckens Nazon,Haiti,"FW,MF",,32-065,1.81,24/25,Groin Injury,2025-01-08,2025-01-21,14,1
Duckens Nazon,Haiti,"FW,MF",,32-065,1.81,21/22,Shoulder Injury,2021-09-12,2021-10-12,31,3
Duckens Nazon,Haiti,"FW,MF",,32-065,1.81,20/21,Corona Virus,2021-03-11,2021-03-24,14,-
Wilguens Paugain,Haiti,DF,,24-291,1.8,25/26,Unknown Injury,2025-10-22,2025-12-01,41,8
Wilguens Paugain,Haiti,DF,,24-291,1.8,25/26,Ill,2025-10-17,2025-10-21,5,1
Alexandre Pierre,Haiti,GK,,25-106,1.9,-,Ninguna,,,0,0
Leverton Pierre,Haiti,MF,,28-094,1.81,-,Ninguna,,,0,0
Woodensky Pierre,Haiti,MF,,21-163,1.77,-,Ninguna,,,0,0
Frantzdy Pierrot,Haiti,FW,,31-074,1.94,25/26,Unknown Injury,2025-11-19,2026-01-12,55,10
Frantzdy Pierrot,Haiti,FW,,31-074,1.94,23/24,Hamstring Strain,2024-03-18,2024-04-12,26,4
Frantzdy Pierrot,Haiti,FW,,31-074,1.94,23/24,Hamstring Strain,2024-01-12,2024-01-16,5,1
Frantzdy Pierrot,Haiti,FW,,31-074,1.94,23/24,Hamstring Injury,2023-08-30,2023-09-20,22,4
Frantzdy Pierrot,Haiti,FW,,31-074,1.94,19/20,Knee Injury,2020-02-10,2020-11-30,295,16
Johny Placide,Haiti,GK,,38-133,1.81,25/26,Knee Injury,2026-03-28,2026-06-01,66,8
Johny Placide,Haiti,GK,,38-133,1.81,22/23,Unknown Injury,2023-02-10,2023-02-20,11,2
Ruben Providence,Haiti,MF,,24-339,1.78,20/21,Ankle Injury,2021-04-16,2021-06-16,62,21
Dominique Simon,Haiti,MF,,25-317,1.78,25/26,Fatigue Fracture,2025-08-31,2025-10-26,57,7
Dominique Simon,Haiti,MF,,25-317,1.78,24/25,Knee Problems,2024-10-19,2024-12-31,74,9
Dominique Simon,Haiti,MF,,25-317,1.78,23/24,Hamstring Injury,2023-08-19,2023-10-15,58,8
Dominique Simon,Haiti,MF,,25-317,1.78,22/23,Knee Problems,2023-01-01,2023-03-22,81,4
Keeto Thermoncy,Haiti,DF,,20-074,1.89,-,Ninguna,,,0,0
Ali Alipour,IR Iran,FW,,30-212,1.81,23/24,Unknown Injury,2023-12-18,2024-01-16,30,5
Ali Alipour,IR Iran,FW,,30-212,1.81,22/23,Cruciate Ligament Tear,2023-02-13,2023-11-13,274,36
Ali Alipour,IR Iran,FW,,30-212,1.81,22/23,Unknown Injury,2022-09-01,2022-10-09,39,7
Alireza Beiranvand,IR Iran,GK,,33-263,1.95,23/24,Hand Injury,2024-04-03,2024-04-28,26,4
Alireza Beiranvand,IR Iran,GK,,33-263,1.95,23/24,Leg Injury,2023-09-07,2023-09-17,11,1
Alireza Beiranvand,IR Iran,GK,,33-263,1.95,22/23,Unknown Injury,2023-06-20,2023-07-12,23,-
Alireza Beiranvand,IR Iran,GK,,33-263,1.95,22/23,Nose Injury,2022-11-21,2022-11-27,7,1
Alireza Beiranvand,IR Iran,GK,,33-263,1.95,21/22,Unknown Injury,2021-12-12,2021-12-25,14,2
Rouzbeh Cheshmi,IR Iran,"DF,MF",,32-322,1.92,25/26,Knee Injury,2026-05-20,,27,2
Rouzbeh Cheshmi,IR Iran,"DF,MF",,32-322,1.92,25/26,Unknown Injury,2026-02-01,2026-02-09,9,1
Rouzbeh Cheshmi,IR Iran,"DF,MF",,32-322,1.92,25/26,Unknown Injury,2025-10-05,2025-11-17,44,8
Rouzbeh Cheshmi,IR Iran,"DF,MF",,32-322,1.92,24/25,Hamstring Injury,2025-03-20,2025-04-14,26,4
Rouzbeh Cheshmi,IR Iran,"DF,MF",,32-322,1.92,24/25,Unknown Injury,2024-12-17,2024-12-31,15,2
Rouzbeh Cheshmi,IR Iran,"DF,MF",,32-322,1.92,24/25,Tibia And Fibula Fracture,2024-09-30,2024-10-30,31,6
Rouzbeh Cheshmi,IR Iran,"DF,MF",,32-322,1.92,17/18,Muscle Injury,2018-06-18,2018-06-25,8,1
Rouzbeh Cheshmi,IR Iran,"DF,MF",,32-322,1.92,16/17,Cruciate Ligament Tear,2016-03-10,2017-01-05,302,27
Dennis Eckert,IR Iran,FW,,29-153,1.82,25/26,Ankle Injury,2026-04-19,2026-04-28,10,2
Dennis Eckert,IR Iran,FW,,29-153,1.82,25/26,Sprain,2025-08-11,2025-09-10,31,3
Dennis Eckert,IR Iran,FW,,29-153,1.82,24/25,Adductor Pain,2024-09-11,2024-09-18,8,1
Dennis Eckert,IR Iran,FW,,29-153,1.82,23/24,Knock,2023-10-07,2023-10-10,4,1
Dennis Eckert,IR Iran,FW,,29-153,1.82,23/24,Knock,2023-09-20,2023-10-04,15,4
Dennis Eckert,IR Iran,FW,,29-153,1.82,22/23,Hamstring Injury,2023-01-20,2023-02-28,40,7
Dennis Eckert,IR Iran,FW,,29-153,1.82,22/23,Muscle Injury,2022-09-26,2022-10-24,29,7
Dennis Eckert,IR Iran,FW,,29-153,1.82,22/23,Muscle Injury,2022-07-28,2022-08-08,12,3
Dennis Eckert,IR Iran,FW,,29-153,1.82,21/22,Ill,2022-04-01,2022-04-07,7,1
Dennis Eckert,IR Iran,FW,,29-153,1.82,21/22,Broken Collarbone,2021-10-22,2021-12-07,47,6
Dennis Eckert,IR Iran,FW,,29-153,1.82,20/21,Shoulder Injury,2021-03-19,2021-04-19,32,5
Dennis Eckert,IR Iran,FW,,29-153,1.82,20/21,Muscle Injury,2020-09-10,2020-11-15,67,11
Dennis Eckert,IR Iran,FW,,29-153,1.82,18/19,Unknown Injury,2019-03-03,2019-03-14,12,3
Dennis Eckert,IR Iran,FW,,29-153,1.82,16/17,Unknown Injury,2017-03-20,2017-06-20,93,10
Dennis Eckert,IR Iran,FW,,29-153,1.82,15/16,Torn Muscle Fiber,2016-02-15,2016-03-10,25,3
Danial Eiri,IR Iran,DF,,22-228,1.82,-,Ninguna,,,0,0
Saeid Ezatolahi,IR Iran,MF,,29-253,,-,No Encontrado,,,0,0
Mehdi Ghayedi,IR Iran,FW,,27-188,1.66,25/26,Lower Leg Fracture,2025-09-13,2025-11-15,64,8
Mehdi Ghayedi,IR Iran,FW,,27-188,1.66,24/25,Lower Leg Fracture,2025-06-03,2025-09-03,93,7
Mehdi Ghayedi,IR Iran,FW,,27-188,1.66,21/22,Corona Virus,2022-01-26,2022-02-02,8,2
Mehdi Ghayedi,IR Iran,FW,,27-188,1.66,18/19,Ankle Injury,2019-01-27,2019-02-01,6,-
Mehdi Ghayedi,IR Iran,FW,,27-188,1.66,17/18,Traffic Accident,2018-01-29,2018-05-10,102,18
Saman Ghoddos,IR Iran,"FW,MF",,32-278,1.76,25/26,Unknown Injury,2025-09-11,2025-09-21,11,1
Saman Ghoddos,IR Iran,"FW,MF",,32-278,1.76,24/25,Unknown Injury,2024-11-10,2024-11-25,16,3
Saman Ghoddos,IR Iran,"FW,MF",,32-278,1.76,21/22,Corona Virus,2022-03-19,2022-03-26,8,2
Saman Ghoddos,IR Iran,"FW,MF",,32-278,1.76,19/20,Hip Injury,2020-01-12,2020-02-25,45,7
Saman Ghoddos,IR Iran,"FW,MF",,32-278,1.76,18/19,Appendicitis,2019-03-29,2019-05-03,36,4
Mohammad Ghorbani,IR Iran,MF,,25-021,1.9,-,Ninguna,,,0,0
Ehsan Hajsafi,IR Iran,"DF,MF",,36-106,1.78,23/24,Unknown Injury,2023-11-11,2023-11-14,4,1
Ehsan Hajsafi,IR Iran,"DF,MF",,36-106,1.78,23/24,Muscle Injury,2023-10-26,2023-11-06,12,2
Ehsan Hajsafi,IR Iran,"DF,MF",,36-106,1.78,23/24,Concussion,2023-09-21,2023-09-26,6,1
Ehsan Hajsafi,IR Iran,"DF,MF",,36-106,1.78,21/22,Corona Virus,2022-01-24,2022-01-26,3,-
Ehsan Hajsafi,IR Iran,"DF,MF",,36-106,1.78,21/22,Thigh Problems,2021-08-19,2021-09-09,22,2
Saleh Hardani,IR Iran,DF,,27-167,1.76,25/26,Unknown Injury,2025-10-05,2025-10-15,11,2
Saleh Hardani,IR Iran,DF,,27-167,1.76,23/24,Hamstring Injury,2024-04-01,2024-04-15,15,2
Saleh Hardani,IR Iran,DF,,27-167,1.76,20/21,Corona Virus,2021-04-23,2021-05-07,15,3
Hossein Hosseini,IR Iran,GK,,33-346,1.89,25/26,Unknown Injury,2025-08-25,2025-09-10,17,4
Hossein Hosseini,IR Iran,GK,,33-346,1.89,24/25,Cold,2025-05-07,2025-05-16,10,-
Hossein Hosseini,IR Iran,GK,,33-346,1.89,22/23,Back Injury,2023-01-15,2023-02-09,26,4
Amirhossein Hosseinzadeh,IR Iran,FW,,25-224,1.78,22/23,Cold,2023-03-22,2023-03-24,3,1
Amirhossein Hosseinzadeh,IR Iran,FW,,25-224,1.78,19/20,Cruciate Ligament Tear,2020-06-23,2021-01-23,215,20
Alireza Jahanbakhsh,IR Iran,"FW,MF",,32-304,1.8,25/26,Minor Knock,2026-05-03,2026-06-03,32,4
Alireza Jahanbakhsh,IR Iran,"FW,MF",,32-304,1.8,23/24,Groin Injury,2024-02-26,2024-04-07,42,8
Alireza Jahanbakhsh,IR Iran,"FW,MF",,32-304,1.8,23/24,Hamstring Injury,2024-02-14,2024-02-21,8,2
Alireza Jahanbakhsh,IR Iran,"FW,MF",,32-304,1.8,23/24,Hamstring Injury,2023-11-16,2023-12-16,31,6
Alireza Jahanbakhsh,IR Iran,"FW,MF",,32-304,1.8,22/23,Groin Injury,2023-04-09,2023-04-12,4,-
Alireza Jahanbakhsh,IR Iran,"FW,MF",,32-304,1.8,22/23,Foot Injury,2023-03-22,2023-03-24,3,1
Alireza Jahanbakhsh,IR Iran,"FW,MF",,32-304,1.8,22/23,Knee Injury,2023-02-18,2023-02-26,9,-
Alireza Jahanbakhsh,IR Iran,"FW,MF",,32-304,1.8,21/22,Knock,2022-04-18,2022-04-27,10,1
Alireza Jahanbakhsh,IR Iran,"FW,MF",,32-304,1.8,21/22,Corona Virus,2022-03-21,2022-03-28,8,1
Alireza Jahanbakhsh,IR Iran,"FW,MF",,32-304,1.8,21/22,Minor Knock,2021-11-03,2021-11-06,4,1
Alireza Jahanbakhsh,IR Iran,"FW,MF",,32-304,1.8,21/22,Groin Injury,2021-08-12,2021-08-18,7,1
Alireza Jahanbakhsh,IR Iran,"FW,MF",,32-304,1.8,21/22,Fitness,2021-07-17,2021-07-28,12,1
Alireza Jahanbakhsh,IR Iran,"FW,MF",,32-304,1.8,20/21,Ankle Injury,2021-01-12,2021-02-24,44,9
Alireza Jahanbakhsh,IR Iran,"FW,MF",,32-304,1.8,20/21,Hamstring Injury,2020-10-01,2020-11-05,36,5
Alireza Jahanbakhsh,IR Iran,"FW,MF",,32-304,1.8,19/20,Hamstring Injury,2020-07-15,2020-07-25,11,2
Hossein Kanaanizadegan,IR Iran,DF,,32-080,1.88,25/26,Hamstring Muscle Injury,2026-02-08,2026-03-08,29,4
Hossein Kanaanizadegan,IR Iran,DF,,32-080,1.88,25/26,Hamstring Injury,2025-09-23,2025-10-15,23,4
Hossein Kanaanizadegan,IR Iran,DF,,32-080,1.88,24/25,Muscle Injury,2025-05-02,2025-06-12,42,4
Hossein Kanaanizadegan,IR Iran,DF,,32-080,1.88,24/25,Muscular Problems,2024-10-05,2024-11-03,30,5
Hossein Kanaanizadegan,IR Iran,DF,,32-080,1.88,23/24,Ankle Injury,2023-12-22,2023-12-27,6,1
Hossein Kanaanizadegan,IR Iran,DF,,32-080,1.88,20/21,Ankle Injury,2021-05-09,2021-05-21,13,1
Hossein Kanaanizadegan,IR Iran,DF,,32-080,1.88,20/21,Hamstring Injury,2021-01-18,2021-02-12,26,4
Hossein Kanaanizadegan,IR Iran,DF,,32-080,1.88,17/18,Cruciate Ligament Tear,2017-11-06,2018-05-06,182,24
Hossein Kanaanizadegan,IR Iran,DF,,32-080,1.88,16/17,Cruciate Ligament Tear,2016-07-31,2017-05-31,305,49
Shoja' Khalilzadeh,IR Iran,DF,,37-028,,-,No Encontrado,,,0,0
Shahriar Moghanlou,IR Iran,MF,,31-172,1.89,23/24,Stomach Problems,2023-10-06,2023-11-06,32,6
Shahriar Moghanlou,IR Iran,MF,,31-172,1.89,20/21,Metacarpal Fracture,2020-11-05,2020-12-07,33,4
Milad Mohammadi,IR Iran,"DF,MF",,32-255,1.75,25/26,Hamstring Injury,2026-05-06,2026-05-31,26,-
Milad Mohammadi,IR Iran,"DF,MF",,32-255,1.75,25/26,Hamstring Injury,2026-02-09,2026-03-09,29,4
Milad Mohammadi,IR Iran,"DF,MF",,32-255,1.75,23/24,Muscle Strain,2024-05-12,2024-05-26,15,1
Milad Mohammadi,IR Iran,"DF,MF",,32-255,1.75,22/23,Groin Injury,2022-11-29,2023-03-06,98,16
Milad Mohammadi,IR Iran,"DF,MF",,32-255,1.75,17/18,Shoulder Injury,2017-09-30,2017-11-19,51,8
Mohammad Mohebi,IR Iran,"FW,MF",,27-173,1.87,25/26,Unknown Injury,2025-11-15,2025-11-27,13,2
Mohammad Mohebi,IR Iran,"FW,MF",,27-173,1.87,24/25,Foot Injury,2025-04-07,2025-05-01,25,5
Mohammad Mohebi,IR Iran,"FW,MF",,27-173,1.87,23/24,Arch Problems,2024-04-14,2024-09-13,153,22
Ali Nemati,IR Iran,DF,,30-123,1.88,-,Ninguna,,,0,0
Payam Niazmand,IR Iran,GK,,31-066,1.93,23/24,Foot Injury,2024-03-17,2024-04-17,32,5
Amirmohammad Razzaghinia,IR Iran,MF,,20-061,1.87,-,Ninguna,,,0,0
Ramin Rezaeian,IR Iran,DF,,36-082,1.84,24/25,Cold,2024-12-11,2024-12-13,3,1
Ramin Rezaeian,IR Iran,DF,,36-082,1.84,24/25,Shoulder Injury,2024-11-04,2024-11-18,15,2
Ramin Rezaeian,IR Iran,DF,,36-082,1.84,23/24,Leg Injury,2023-12-25,2024-01-10,17,2
Ramin Rezaeian,IR Iran,DF,,36-082,1.84,23/24,Ligament Injury,2023-09-07,2023-09-17,11,1
Mehdi Taremi,IR Iran,"FW,MF",,33-328,1.87,25/26,Rest,2025-10-10,2025-10-15,6,1
Mehdi Taremi,IR Iran,"FW,MF",,33-328,1.87,24/25,Adductor Pain,2025-03-29,2025-04-10,13,4
Mehdi Taremi,IR Iran,"FW,MF",,33-328,1.87,24/25,Hamstring Muscle Injury,2024-08-01,2024-08-13,13,-
Mehdi Taremi,IR Iran,"FW,MF",,33-328,1.87,23/24,Adductor Injury,2024-02-20,2024-04-01,42,7
Mehdi Taremi,IR Iran,"FW,MF",,33-328,1.87,21/22,Corona Virus,2022-03-20,2022-03-25,6,2
Mehdi Taremi,IR Iran,"FW,MF",,33-328,1.87,19/20,Unknown Injury,2019-09-04,2019-09-25,22,4
Mehdi Torabi,IR Iran,MF,,31-274,1.85,25/26,Unknown Injury,2026-02-10,2026-02-25,16,2
Mehdi Torabi,IR Iran,MF,,31-274,1.85,25/26,Hamstring Injury,2025-09-12,2025-09-26,15,2
Mehdi Torabi,IR Iran,MF,,31-274,1.85,23/24,Food Poisoning,2024-06-02,2024-06-07,6,1
Mehdi Torabi,IR Iran,MF,,31-274,1.85,23/24,Cold,2024-03-18,2024-03-28,11,2
Mehdi Torabi,IR Iran,MF,,31-274,1.85,23/24,Cold,2023-11-01,2023-11-05,5,1
Mehdi Torabi,IR Iran,MF,,31-274,1.85,23/24,Foot Injury,2023-09-19,2023-10-19,31,3
Mehdi Torabi,IR Iran,MF,,31-274,1.85,22/23,Cold,2023-03-22,2023-03-24,3,1
Aria Yousefi,IR Iran,DF,,24-050,1.81,25/26,Unknown Injury,2025-10-08,2025-10-15,8,2
Aria Yousefi,IR Iran,DF,,24-050,1.81,23/24,Foot Injury,2024-03-01,2024-04-10,41,6
Hussein Ali,Iraq,DF,,24-102,1.82,24/25,Ill,2025-01-17,2025-01-18,2,-
Hussein Ali,Iraq,DF,,24-102,1.82,23/24,Unknown Injury,2024-03-28,2024-04-05,9,2
Hussein Ali,Iraq,DF,,24-102,1.82,23/24,Unknown Injury,2023-10-04,2023-10-15,12,2
Mohanad Ali,Iraq,FW,,25-356,1.83,21/22,Cruciate Ligament Tear,2021-10-02,2022-05-02,213,44
Mohanad Ali,Iraq,FW,,25-356,1.83,21/22,Meniscus Tear,2021-10-02,2022-04-04,185,41
Mohanad Ali,Iraq,FW,,25-356,1.83,20/21,Muscle Contusion,2021-01-03,2021-01-08,6,1
Mohanad Ali,Iraq,FW,,25-356,1.83,20/21,Corona Virus,2020-09-25,2020-10-20,26,2
Mohanad Ali,Iraq,FW,,25-356,1.83,19/20,Muscle Injury,2019-09-15,2019-09-29,15,2
Mohanad Ali,Iraq,FW,,25-356,1.83,19/20,Muscle Stiffness,2019-09-15,2019-09-29,15,2
Mohanad Ali,Iraq,FW,,25-356,1.83,18/19,Torn Thigh Muscle,2018-11-30,2018-12-17,18,-
Amir Al Ammari,Iraq,MF,,28-319,,-,No Encontrado,,,0,0
Youssef Amyn,Iraq,MF,,22-294,1.75,25/26,Hamstring Injury,2026-03-31,2026-05-31,62,10
Youssef Amyn,Iraq,MF,,22-294,1.75,25/26,Hamstring Strain,2026-02-15,2026-03-21,35,6
Youssef Amyn,Iraq,MF,,22-294,1.75,21/22,Knee Bruise,2021-08-14,2021-08-18,5,-
Ahmed Basil,Iraq,GK,,29-296,1.86,20/21,Ankle Injury,2020-12-01,2021-01-01,32,-
Ahmed Basil,Iraq,GK,,29-296,1.86,20/21,Ankle Injury,2020-12-01,2020-12-31,31,-
Ibrahim Bayesh,Iraq,MF,,26-041,1.77,25/26,Unknown Injury,2025-10-16,2025-12-03,49,8
Ibrahim Bayesh,Iraq,MF,,26-041,1.77,23/24,Ankle Injury,2023-12-16,2023-12-23,8,-
Ibrahim Bayesh,Iraq,MF,,26-041,1.77,21/22,Back Injury,2021-11-26,2021-12-16,21,3
Ibrahim Bayesh,Iraq,MF,,26-041,1.77,20/21,Unknown Injury,2021-05-01,2021-06-07,38,2
Frans Dhia Putros,Iraq,DF,,32-332,,-,No Encontrado,,,0,0
Merchas Doski,Iraq,"DF,MF",,26-186,1.73,21/22,Ill,2021-11-19,2021-11-21,3,1
Merchas Doski,Iraq,"DF,MF",,26-186,1.73,21/22,Ankle Injury,2021-09-25,2021-10-02,8,1
Merchas Doski,Iraq,"DF,MF",,26-186,1.73,21/22,Outer Ligament Tear,2021-07-04,2021-08-19,47,5
Merchas Doski,Iraq,"DF,MF",,26-186,1.73,20/21,Groin Surgery,2021-01-01,2021-06-30,181,17
Marko Farji,Iraq,MF,,22-087,1.84,-,Ninguna,,,0,0
Ali Al Hamadi,Iraq,FW,,24-102,1.87,25/26,Calf Injury,2025-08-16,2025-10-30,76,17
Ali Al Hamadi,Iraq,FW,,24-102,1.87,24/25,Groin Problems,2025-02-23,2025-02-26,4,1
Ali Al Hamadi,Iraq,FW,,24-102,1.87,19/20,Unknown Injury,2020-01-01,2020-01-31,31,6
Akam Hashim,Iraq,DF,,27-299,1.86,21/22,Bone Edema,2021-12-22,2022-02-10,51,-
Akam Hashim,Iraq,DF,,27-299,1.86,20/21,Ankle Injury,2020-10-01,2020-12-15,76,-
Jalal Hassan,Iraq,GK,,35-024,1.84,20/21,Corona Virus,2020-11-14,2020-11-28,15,1
Ayman Hussein,Iraq,FW,,30-081,,-,Ninguna,,,0,0
Zidane Iqbal,Iraq,MF,,23-045,1.81,25/26,Fever,2025-12-13,2025-12-16,4,1
Zidane Iqbal,Iraq,MF,,23-045,1.81,24/25,Knee Surgery,2025-04-11,2025-08-22,134,15
Zidane Iqbal,Iraq,MF,,23-045,1.81,24/25,Unknown Injury,2024-09-20,2024-10-19,30,5
Zidane Iqbal,Iraq,MF,,23-045,1.81,23/24,Ill,2024-01-19,2024-01-23,5,1
Zidane Iqbal,Iraq,MF,,23-045,1.81,23/24,Unknown Injury,2023-09-20,2023-11-07,49,9
Zidane Iqbal,Iraq,MF,,23-045,1.81,23/24,Unknown Injury,2023-08-01,2023-08-22,22,2
Zaid Ismail,Iraq,MF,,24-159,1.85,-,Ninguna,,,0,0
Ali Jasim,Iraq,MF,,22-142,1.78,-,Ninguna,,,0,0
Ahmed Maknzi,Iraq,DF,,24-260,1.83,-,Ninguna,,,0,0
Ahmed Qasem,Iraq,"FW,MF",,22-334,1.83,25/26,Ankle Injury,2025-09-18,2025-10-30,43,6
Mustafa Saadoon,Iraq,DF,,25-017,1.82,-,Ninguna,,,0,0
Aimar Sher,Iraq,MF,,23-173,1.8,24/25,Unknown Injury,2025-06-18,2025-09-01,76,13
Aimar Sher,Iraq,MF,,23-173,1.8,22/23,Unknown Injury,2022-08-01,2022-08-29,29,4
Aimar Sher,Iraq,MF,,23-173,1.8,21/22,Unknown Injury,2022-01-27,2022-03-05,38,4
Aimar Sher,Iraq,MF,,23-173,1.8,21/22,Broken Arm,2021-10-21,2021-12-06,47,10
Aimar Sher,Iraq,MF,,23-173,1.8,20/21,Surgery,2021-02-07,2021-04-16,69,6
Rebin Sulaka,Iraq,DF,,34-060,1.92,20/21,Muscle Injury,2021-03-11,2021-04-12,33,5
Rebin Sulaka,Iraq,DF,,34-060,1.92,20/21,Unknown Injury,2020-11-02,2020-11-09,8,2
Zaid Tahseen,Iraq,DF,,25-133,1.93,23/24,Unknown Injury,2024-05-09,2024-06-05,28,-
Zaid Tahseen,Iraq,DF,,25-133,1.93,22/23,Unknown Injury,2022-11-12,2022-12-31,50,-
Fahad Talib,Iraq,GK,,31-233,1.93,21/22,Surgery,2022-03-14,2022-03-15,2,-
Fahad Talib,Iraq,GK,,31-233,1.93,21/22,Knee Injury,2022-03-10,2022-04-30,52,9
Ahmed Yahya,Iraq,DF,,30-345,1.87,25/26,Nose Injury,2025-11-04,2025-11-12,9,-
Ahmed Yahya,Iraq,DF,,30-345,1.87,25/26,Nose Injury,2025-10-21,2025-10-28,8,1
Ahmed Yahya,Iraq,DF,,30-345,1.87,23/24,Unknown Injury,2024-02-12,2024-04-28,77,2
Kevin Yakob,Iraq,MF,,25-244,1.84,22/23,Cruciate Ligament Injury,2023-06-16,2024-06-16,367,56
Kevin Yakob,Iraq,MF,,25-244,1.84,20/21,Groin Injury,2021-06-22,2021-08-22,62,7
Kevin Yakob,Iraq,MF,,25-244,1.84,19/20,Cruciate Ligament Tear,2019-07-20,2020-11-02,472,47
Manaf Younis,Iraq,DF,,29-207,1.9,23/24,Unknown Injury,2023-11-13,2024-03-11,120,7
Manaf Younis,Iraq,DF,,29-207,1.9,24/25,Knee Problems,2023-02-12,2023-03-06,23,-
Manaf Younis,Iraq,DF,,29-207,1.9,23/24,Knee Bruise,2022-10-22,2022-11-26,36,-
Manaf Younis,Iraq,DF,,29-207,1.9,21/22,Corona Virus,2022-01-23,2022-01-31,9,1
Manaf Younis,Iraq,DF,,29-207,1.9,21/22,Quarantine,2022-01-23,2022-01-29,7,1
Ali Yousif,Iraq,FW,,30-143,1.92,24/25,Bone Bruise,2025-03-29,2025-06-01,65,9
Ritsu Doan,Japan,"FW,MF",,27-360,1.72,25/26,Ill,2026-04-09,2026-04-17,9,1
Ritsu Doan,Japan,"FW,MF",,27-360,1.72,22/23,Capsular Injury,2023-05-05,2023-05-08,4,1
Ritsu Doan,Japan,"FW,MF",,27-360,1.72,22/23,Knee Problems,2023-05-04,2023-05-08,5,1
Ritsu Doan,Japan,"FW,MF",,27-360,1.72,21/22,Unknown Injury,2022-04-08,2022-04-13,6,1
Ritsu Doan,Japan,"FW,MF",,27-360,1.72,21/22,Eye Injury,2021-12-20,2021-12-31,12,1
Ritsu Doan,Japan,"FW,MF",,27-360,1.72,21/22,Knee Problems,2021-10-06,2021-10-31,26,6
Ritsu Doan,Japan,"FW,MF",,27-360,1.72,20/21,Muscular Problems,2021-01-27,2021-01-29,3,-
Wataru Endo,Japan,"DF,MF",,33-122,1.78,25/26,Foot Injury,2026-06-11,,5,-
Wataru Endo,Japan,"DF,MF",,33-122,1.78,25/26,Ankle Ligament Tear,2026-02-11,2026-05-22,101,20
Wataru Endo,Japan,"DF,MF",,33-122,1.78,25/26,Ankle Injury,2025-12-07,2026-01-10,35,7
Wataru Endo,Japan,"DF,MF",,33-122,1.78,25/26,Unknown Injury,2025-10-08,2025-10-20,13,3
Wataru Endo,Japan,"DF,MF",,33-122,1.78,23/24,Knock,2024-03-31,2024-04-05,6,1
Wataru Endo,Japan,"DF,MF",,33-122,1.78,23/24,Muscle Stiffness,2024-02-26,2024-03-01,5,1
Wataru Endo,Japan,"DF,MF",,33-122,1.78,22/23,Concussion,2022-11-09,2022-11-15,7,1
Wataru Endo,Japan,"DF,MF",,33-122,1.78,22/23,Bruise,2022-10-03,2022-10-06,4,-
Wataru Endo,Japan,"DF,MF",,33-122,1.78,21/22,Corona Virus,2022-04-11,2022-04-18,8,1
Wataru Endo,Japan,"DF,MF",,33-122,1.78,20/21,Knee Injury,2020-08-27,2020-09-03,8,-
Wataru Endo,Japan,"DF,MF",,33-122,1.78,18/19,Hamstring Injury,2019-05-20,2019-06-10,22,2
Wataru Endo,Japan,"DF,MF",,33-122,1.78,18/19,Hamstring Injury,2019-02-07,2019-03-28,50,8
Wataru Endo,Japan,"DF,MF",,33-122,1.78,17/18,Hip Injury,2018-03-15,2018-03-26,12,1
Wataru Endo,Japan,"DF,MF",,33-122,1.78,16/17,Ankle Sprain,2017-05-01,2017-05-04,4,-
Wataru Endo,Japan,"DF,MF",,33-122,1.78,16/17,Elbow Injury,2016-06-27,2016-07-04,8,1
Keisuke Gotō,Japan,FW,,21-008,1.91,-,Ninguna,,,0,0
Tomoki Hayakawa,Japan,GK,,27-100,1.87,-,Ninguna,,,0,0
Ko Itakura,Japan,"DF,MF",,29-135,1.88,25/26,Unknown Injury,2026-05-20,2026-05-23,4,1
Ko Itakura,Japan,"DF,MF",,29-135,1.88,25/26,Back Injury,2026-01-27,2026-04-03,67,10
Ko Itakura,Japan,"DF,MF",,29-135,1.88,25/26,Unknown Injury,2025-10-03,2025-10-17,15,3
Ko Itakura,Japan,"DF,MF",,29-135,1.88,25/26,Unknown Injury,2025-08-23,2025-08-29,7,1
Ko Itakura,Japan,"DF,MF",,29-135,1.88,24/25,Muscular Problems,2025-05-09,2025-05-12,4,1
Ko Itakura,Japan,"DF,MF",,29-135,1.88,24/25,Injury To The Ankle,2025-04-28,2025-05-01,4,-
Ko Itakura,Japan,"DF,MF",,29-135,1.88,24/25,Infection,2025-01-20,2025-01-27,8,1
Ko Itakura,Japan,"DF,MF",,29-135,1.88,23/24,Ankle Injury,2023-10-18,2023-12-29,73,13
Ko Itakura,Japan,"DF,MF",,29-135,1.88,22/23,Inner Knee Ligament Tear,2022-09-12,2022-11-09,59,11
Ko Itakura,Japan,"DF,MF",,29-135,1.88,21/22,Corona Virus,2021-12-30,2022-01-10,12,-
Ko Itakura,Japan,"DF,MF",,29-135,1.88,21/22,Groin Injury,2021-08-30,2021-09-13,15,2
Ko Itakura,Japan,"DF,MF",,29-135,1.88,17/18,Torn Ankle Ligaments,2018-03-12,2018-04-23,43,7
Hiroki Ito,Japan,DF,,27-030,1.88,25/26,Torn Muscle Fiber,2026-02-26,2026-03-16,19,4
Hiroki Ito,Japan,DF,,27-030,1.88,25/26,Fitness,2025-11-01,2025-11-17,17,4
Hiroki Ito,Japan,DF,,27-030,1.88,25/26,Metatarsal Fracture,2025-07-01,2025-10-31,123,22
Hiroki Ito,Japan,DF,,27-030,1.88,24/25,Metatarsal Fracture,2025-03-30,2025-06-30,93,15
Hiroki Ito,Japan,DF,,27-030,1.88,24/25,Fitness,2025-02-04,2025-02-10,7,1
Hiroki Ito,Japan,DF,,27-030,1.88,24/25,Metatarsal Fracture,2024-07-28,2025-02-04,192,37
Hiroki Ito,Japan,DF,,27-030,1.88,23/24,Muscle Injury,2023-11-26,2023-12-31,36,5
Hiroki Ito,Japan,DF,,27-030,1.88,22/23,Infection,2023-04-14,2023-04-17,4,1
Hiroki Ito,Japan,DF,,27-030,1.88,22/23,Ill,2022-11-03,2022-11-07,5,1
Hiroki Ito,Japan,DF,,27-030,1.88,22/23,Minor Knock,2022-10-03,2022-10-06,4,-
Hiroki Ito,Japan,DF,,27-030,1.88,21/22,Nose Surgery,2022-04-18,2022-04-28,11,-
Hiroki Ito,Japan,DF,,27-030,1.88,21/22,Corona Virus,2022-03-17,2022-03-24,8,1
Junya Itō,Japan,"FW,MF",,33-094,1.77,25/26,Unknown Injury,2025-10-16,2025-12-23,69,17
Junya Itō,Japan,"FW,MF",,33-094,1.77,24/25,Injury To The Ankle,2025-04-28,2025-05-09,12,1
Junya Itō,Japan,"FW,MF",,33-094,1.77,24/25,Back Injury,2025-04-04,2025-04-05,2,-
Junya Itō,Japan,"FW,MF",,33-094,1.77,22/23,Groin Injury,2022-08-05,2022-08-13,9,1
Junya Itō,Japan,"FW,MF",,33-094,1.77,20/21,Groin Injury,2021-04-11,2021-04-22,12,1
Junya Itō,Japan,"FW,MF",,33-094,1.77,20/21,Corona Virus,2020-10-24,2020-10-29,6,1
Junya Itō,Japan,"FW,MF",,33-094,1.77,15/16,Left Hip Flexor Problems,2016-05-08,2016-05-15,8,1
Junya Itō,Japan,"FW,MF",,33-094,1.77,15/16,Achilles Tendon Contusion,2015-09-05,2015-09-25,21,2
Daichi Kamada,Japan,"FW,MF",,29-310,1.8,25/26,Hamstring Injury,2025-12-14,2026-02-02,51,11
Daichi Kamada,Japan,"FW,MF",,29-310,1.8,25/26,Knee Problems,2025-08-11,2025-08-25,15,3
Daichi Kamada,Japan,"FW,MF",,29-310,1.8,23/24,Calf Injury,2024-04-22,2024-04-26,5,1
Daichi Kamada,Japan,"FW,MF",,29-310,1.8,23/24,Back Problems,2023-11-16,2023-11-22,7,1
Daichi Kamada,Japan,"FW,MF",,29-310,1.8,22/23,Infection,2022-11-03,2022-11-07,5,1
Daichi Kamada,Japan,"FW,MF",,29-310,1.8,21/22,Torn Muscle Fiber,2022-01-27,2022-02-10,15,3
Daichi Kamada,Japan,"FW,MF",,29-310,1.8,20/21,Lumbago,2021-03-04,2021-03-11,8,1
Daichi Kamada,Japan,"FW,MF",,29-310,1.8,19/20,Quarantine,2020-03-19,2020-04-02,15,-
Daichi Kamada,Japan,"FW,MF",,29-310,1.8,19/20,Torn Ligaments,2020-01-09,2020-01-20,12,1
Daichi Kamada,Japan,"FW,MF",,29-310,1.8,17/18,Ill,2017-12-07,2017-12-18,12,3
Daichi Kamada,Japan,"FW,MF",,29-310,1.8,17/18,Dead Leg,2017-07-24,2017-07-27,4,-
Daichi Kamada,Japan,"FW,MF",,29-310,1.8,15/16,Elbow Injury,2016-04-21,2016-05-12,22,4
Takefusa Kubo,Japan,"FW,MF",,25-007,1.73,25/26,Muscle Injury,2026-01-18,2026-04-01,74,14
Takefusa Kubo,Japan,"FW,MF",,25-007,1.73,22/23,Shoulder Injury,2022-10-29,2022-11-04,7,2
Takefusa Kubo,Japan,"FW,MF",,25-007,1.73,21/22,Meniscus Injury,2021-09-23,2021-11-24,63,12
Takefusa Kubo,Japan,"FW,MF",,25-007,1.73,18/19,Facial Injury,2019-04-15,2019-04-20,6,1
Daizen Maeda,Japan,"FW,MF",,28-234,1.73,23/24,Ligament Stretching,2023-11-07,2023-12-23,47,9
Daizen Maeda,Japan,"FW,MF",,28-234,1.73,20/21,Hip Injury,2021-03-17,2021-03-31,15,5
Daizen Maeda,Japan,"FW,MF",,28-234,1.73,19/20,Unknown Injury,2020-01-01,2020-02-01,32,7
Daizen Maeda,Japan,"FW,MF",,28-234,1.73,19/20,Lumbago,2019-09-29,2019-10-15,17,3
Daizen Maeda,Japan,"FW,MF",,28-234,1.73,18/19,Leg Injury,2018-10-22,2018-11-02,12,1
Daizen Maeda,Japan,"FW,MF",,28-234,1.73,18/19,Fitness,2018-10-05,2018-10-06,2,-
Daizen Maeda,Japan,"FW,MF",,28-234,1.73,18/19,Ankle Injury,2018-08-29,2018-10-04,37,5
Yūto Nagatomo,Japan,"DF,MF",,39-272,1.7,25/26,Hamstring Injury,2026-03-14,2026-05-03,51,10
Yūto Nagatomo,Japan,"DF,MF",,39-272,1.7,20/21,Hamstring Strain,2021-03-21,2021-04-16,27,4
Yūto Nagatomo,Japan,"DF,MF",,39-272,1.7,20/21,Stomach Problems,2020-10-04,2020-10-14,11,3
Yūto Nagatomo,Japan,"DF,MF",,39-272,1.7,18/19,Ligament Stretching,2019-02-24,2019-04-07,43,8
Yūto Nagatomo,Japan,"DF,MF",,39-272,1.7,18/19,Fever,2019-02-15,2019-02-19,5,1
Yūto Nagatomo,Japan,"DF,MF",,39-272,1.7,18/19,Collapsed Lung,2018-10-24,2018-11-21,29,6
Yūto Nagatomo,Japan,"DF,MF",,39-272,1.7,16/17,Head Injury,2016-10-07,2016-10-12,6,1
Yūto Nagatomo,Japan,"DF,MF",,39-272,1.7,16/17,Muscle Injury,2016-08-26,2016-09-11,17,3
Yūto Nagatomo,Japan,"DF,MF",,39-272,1.7,14/15,Hamstring Injury,2015-02-16,2015-03-31,44,10
Yūto Nagatomo,Japan,"DF,MF",,39-272,1.7,14/15,Hamstring Injury,2015-01-24,2015-02-04,12,2
Yūto Nagatomo,Japan,"DF,MF",,39-272,1.7,14/15,Shoulder Injury,2014-11-27,2014-12-03,7,1
Yūto Nagatomo,Japan,"DF,MF",,39-272,1.7,14/15,Fever,2014-11-06,2014-11-09,4,1
Yūto Nagatomo,Japan,"DF,MF",,39-272,1.7,14/15,Overstretching,2014-10-03,2014-11-06,35,7
Yūto Nagatomo,Japan,"DF,MF",,39-272,1.7,14/15,Muscle Fatigue,2014-09-14,2014-09-19,6,1
Yūto Nagatomo,Japan,"DF,MF",,39-272,1.7,13/14,Muscular Problems,2014-03-15,2014-03-22,8,1
Keito Nakamura,Japan,"FW,MF",,25-318,1.8,24/25,Calf Injury,2025-02-08,2025-02-15,8,1
Keito Nakamura,Japan,"FW,MF",,25-318,1.8,23/24,Ankle Sprain,2023-10-14,2023-11-20,38,5
Keito Nakamura,Japan,"FW,MF",,25-318,1.8,22/23,Unknown Injury,2022-10-22,2022-10-29,8,1
Keito Nakamura,Japan,"FW,MF",,25-318,1.8,20/21,Ankle Injury,2021-01-12,2021-03-01,49,10
Kōki Ogawa,Japan,FW,,28-307,1.86,24/25,Hamstring Injury,2025-03-16,2025-04-20,36,5
Kōki Ogawa,Japan,FW,,28-307,1.86,24/25,Shoulder Injury,2024-07-21,2024-08-14,25,1
Kōki Ogawa,Japan,FW,,28-307,1.86,23/24,Ill,2024-03-28,2024-04-01,5,1
Kōki Ogawa,Japan,FW,,28-307,1.86,23/24,Unknown Injury,2023-10-30,2023-11-03,5,1
Kōki Ogawa,Japan,FW,,28-307,1.86,21/22,Groin Injury,2021-10-24,2021-11-21,29,8
Kōki Ogawa,Japan,FW,,28-307,1.86,20/21,Corona Virus,2020-11-05,2020-12-07,33,10
Kōki Ogawa,Japan,FW,,28-307,1.86,18/19,Torn Ankle Ligaments,2019-06-16,2019-07-17,32,7
Kōki Ogawa,Japan,FW,,28-307,1.86,18/19,Acromioclavicular Joint Dislocation,2018-07-05,2018-08-20,47,9
Kōki Ogawa,Japan,FW,,28-307,1.86,16/17,Cruciate Ligament Tear,2017-05-24,2017-11-24,185,25
Keisuke Ōsako,Japan,GK,,26-318,1.88,23/24,Broken Hand,2023-12-08,2024-02-08,63,6
Kaishū Sano,Japan,MF,,25-163,1.76,22/23,Inner Ligament Injury,2023-04-10,2023-05-08,29,6
Kaishū Sano,Japan,MF,,25-163,1.76,21/22,Lumbago,2022-06-06,2022-10-24,141,22
Kaishū Sano,Japan,MF,,25-163,1.76,20/21,Inner Ligament Injury,2021-04-29,2021-05-31,33,6
Ayumu Seko,Japan,"DF,MF",,26-004,1.86,25/26,Rib Fracture,2026-01-31,2026-02-23,24,3
Kento Shiogai,Japan,FW,,21-077,1.8,-,Ninguna,,,0,0
Yukinari Sugawara,Japan,"DF,FW",,25-348,1.79,21/22,Knee Surgery,2022-06-09,2022-08-10,63,9
Junnosuke Suzuki,Japan,DF,,22-334,1.8,25/26,Unknown Injury,2026-02-20,2026-03-06,15,2
Junnosuke Suzuki,Japan,DF,,22-334,1.8,25/26,Ankle Injury,2025-06-28,2025-08-14,48,12
Junnosuke Suzuki,Japan,DF,,22-334,1.8,23/24,Torn Thigh Muscle,2024-04-22,2024-05-26,35,8
Yuito Suzuki,Japan,"FW,MF",,24-229,1.75,25/26,Broken Collarbone,2026-05-04,2026-05-25,22,4
Yuito Suzuki,Japan,"FW,MF",,24-229,1.75,24/25,Ill,2024-07-31,2024-08-02,3,1
Yuito Suzuki,Japan,"FW,MF",,24-229,1.75,22/23,Thigh Problems,2022-06-19,2022-08-21,64,10
Zion Suzuki,Japan,GK,,23-294,1.9,25/26,Broken Hand,2025-11-09,2026-02-25,109,18
Ao Tanaka,Japan,MF,,27-274,1.8,25/26,Inner Ligament Injury,2025-08-24,2025-09-12,20,4
Ao Tanaka,Japan,MF,,27-274,1.8,23/24,Appendectomy,2024-04-02,2024-04-21,20,4
Ao Tanaka,Japan,MF,,27-274,1.8,22/23,Knee Medial Ligament Tear,2023-04-10,2023-06-24,76,9
Ao Tanaka,Japan,MF,,27-274,1.8,22/23,Capsular Injury,2022-10-31,2022-11-12,13,3
Ao Tanaka,Japan,MF,,27-274,1.8,16/17,Torn Lateral Knee Ligament,2017-03-01,2017-07-06,128,24
Shogo Taniguchi,Japan,"DF,MF",,34-331,1.85,24/25,Achilles Tendon Rupture,2024-11-08,2025-05-06,180,27
Shogo Taniguchi,Japan,"DF,MF",,34-331,1.85,21/22,Ankle Injury,2021-08-19,2021-09-19,32,9
Shogo Taniguchi,Japan,"DF,MF",,34-331,1.85,18/19,Knee Injury,2019-04-11,2019-04-20,10,2
Shogo Taniguchi,Japan,"DF,MF",,34-331,1.85,14/15,Fever,2014-08-23,2014-08-24,2,1
Takehiro Tomiyasu,Japan,DF,,27-218,1.87,25/26,Hamstring Injury,2026-03-22,2026-04-10,20,3
Takehiro Tomiyasu,Japan,DF,,27-218,1.87,25/26,Fitness,2025-12-16,2026-01-23,39,6
Takehiro Tomiyasu,Japan,DF,,27-218,1.87,24/25,Knee Surgery,2025-02-19,2025-10-01,225,28
Takehiro Tomiyasu,Japan,DF,,27-218,1.87,24/25,Knee Injury,2024-10-06,2025-02-18,136,33
Takehiro Tomiyasu,Japan,DF,,27-218,1.87,24/25,Knee Injury,2024-07-21,2024-10-02,74,11
Takehiro Tomiyasu,Japan,DF,,27-218,1.87,23/24,Calf Injury,2024-02-05,2024-03-20,45,6
Takehiro Tomiyasu,Japan,DF,,27-218,1.87,23/24,Calf Injury,2023-12-03,2023-12-30,28,6
Takehiro Tomiyasu,Japan,DF,,27-218,1.87,22/23,Knee Surgery,2023-03-16,2023-07-01,108,15
Takehiro Tomiyasu,Japan,DF,,27-218,1.87,22/23,Muscular Problems,2022-11-03,2022-11-15,13,3
Takehiro Tomiyasu,Japan,DF,,27-218,1.87,21/22,Calf Injury,2022-02-20,2022-04-21,61,11
Takehiro Tomiyasu,Japan,DF,,27-218,1.87,20/21,Knee Problems,2021-06-09,2021-06-16,8,2
Takehiro Tomiyasu,Japan,DF,,27-218,1.87,20/21,Muscular Problems,2021-04-03,2021-05-02,30,4
Takehiro Tomiyasu,Japan,DF,,27-218,1.87,20/21,Calf Injury,2021-02-26,2021-03-16,19,3
Takehiro Tomiyasu,Japan,DF,,27-218,1.87,19/20,Hamstring Injury,2020-07-22,2020-08-31,41,3
Takehiro Tomiyasu,Japan,DF,,27-218,1.87,19/20,Hamstring Muscle Injury,2019-10-11,2019-11-16,37,7
Ayase Ueda,Japan,FW,,27-274,1.82,25/26,Rest,2026-05-15,2026-05-18,4,1
Ayase Ueda,Japan,FW,,27-274,1.82,25/26,Minor Knock,2026-02-07,2026-02-13,7,1
Ayase Ueda,Japan,FW,,27-274,1.82,25/26,Minor Knock,2026-01-28,2026-01-31,4,1
Ayase Ueda,Japan,FW,,27-274,1.82,25/26,Minor Knock,2026-01-17,2026-01-21,5,1
Ayase Ueda,Japan,FW,,27-274,1.82,25/26,Rest,2025-09-23,2025-09-25,3,1
Ayase Ueda,Japan,FW,,27-274,1.82,24/25,Ankle Sprain,2025-03-22,2025-04-01,11,2
Ayase Ueda,Japan,FW,,27-274,1.82,24/25,Strain In The Thigh And Gluteal Muscles,2025-02-12,2025-03-04,21,4
Ayase Ueda,Japan,FW,,27-274,1.82,24/25,Partial Muscle Tear,2024-10-30,2025-01-17,80,15
Ayase Ueda,Japan,FW,,27-274,1.82,24/25,Hamstring Injury,2024-10-26,2024-10-29,4,1
Ayase Ueda,Japan,FW,,27-274,1.82,23/24,Foot Injury,2023-09-10,2023-09-23,14,3
Ayase Ueda,Japan,FW,,27-274,1.82,20/21,Groin Strain,2021-06-23,2021-07-16,24,5
Ayase Ueda,Japan,FW,,27-274,1.82,20/21,Arm Injury,2021-04-25,2021-05-06,12,3
Ayase Ueda,Japan,FW,,27-274,1.82,19/20,Ankle Injury,2020-07-23,2020-08-20,29,7
Tsuyoshi Watanabe,Japan,DF,,29-126,1.84,25/26,Rest,2026-05-15,2026-05-18,4,1
Tsuyoshi Watanabe,Japan,DF,,29-126,1.84,25/26,Unknown Injury,2026-03-14,2026-03-21,8,1
Tsuyoshi Watanabe,Japan,DF,,29-126,1.84,25/26,Ankle Injury,2026-01-26,2026-02-05,11,2
Tsuyoshi Watanabe,Japan,DF,,29-126,1.84,25/26,Muscle Injury,2025-12-07,2025-12-13,7,1
Tsuyoshi Watanabe,Japan,DF,,29-126,1.84,25/26,Calf Injury,2025-10-18,2025-10-22,5,1
Tsuyoshi Watanabe,Japan,DF,,29-126,1.84,24/25,Minor Knock,2025-05-07,2025-05-22,16,2
Tsuyoshi Watanabe,Japan,DF,,29-126,1.84,24/25,Minor Knock,2025-03-07,2025-03-20,14,2
Tsuyoshi Watanabe,Japan,DF,,29-126,1.84,24/25,Ill,2025-02-06,2025-02-11,6,1
Tsuyoshi Watanabe,Japan,DF,,29-126,1.84,24/25,Ill,2024-08-21,2024-08-24,4,1
Tsuyoshi Watanabe,Japan,DF,,29-126,1.84,23/24,Rest,2024-05-15,2024-05-22,8,1
Tsuyoshi Watanabe,Japan,DF,,29-126,1.84,23/24,Minor Knock,2024-02-24,2024-02-28,5,1
Husam Abu Dahab,Jordan,DF,,26-029,1.86,-,Ninguna,,,0,0
Mohammad Abu Hasheesh,Jordan,DF,,31-033,1.79,-,Ninguna,,,0,0
Mohannad Abu Taha,Jordan,MF,,23-129,1.73,21/22,Ankle Injury,2022-04-08,2022-04-13,6,2
Mo Abualnadi,Jordan,DF,,25-123,1.85,-,Ninguna,,,0,0
Yazeed Abulaila,Jordan,GK,,33-154,1.88,-,Ninguna,,,0,0
Yazan Al-Arab,Jordan,DF,,30-131,1.85,25/26,Unknown Injury,2025-09-25,2025-10-21,27,6
Yazan Al-Arab,Jordan,DF,,30-131,1.85,21/22,Muscle Injury,2021-12-09,2021-12-16,8,1
Rajaei Ayed,Jordan,MF,,32-321,1.8,-,Ninguna,,,0,0
Ali Azaizeh,Jordan,MF,,22-059,1.78,23/24,Knock,2024-02-22,2024-05-31,100,2
Anas Badawi,Jordan,DF,,28-271,1.74,-,Ninguna,,,0,0
Nour Bani Attiah,Jordan,GK,,33-137,,-,No Encontrado,,,0,0
Mohammad Al-Dawud,Jordan,"FW,MF",,34-060,1.81,-,Ninguna,,,0,0
Abdallah Al-Fakhouri,Jordan,GK,,26-140,1.9,21/22,Broken Shoulder,2021-10-25,2022-01-31,99,9
Odeh Al-Fakhouri,Jordan,MF,,20-201,,-,No Encontrado,,,0,0
Ihsan Haddad,Jordan,"DF,MF",,32-126,,-,No Encontrado,,,0,0
Amer Jamous,Jordan,MF,,23-343,1.77,-,Ninguna,,,0,0
Mahmoud Al-Mardi,Jordan,"FW,MF",,32-248,1.76,-,Ninguna,,,0,0
Abdallah Nasib,Jordan,DF,,32-106,1.84,22/23,Knee Injury,2022-11-17,2022-12-08,22,1
Abdallah Nasib,Jordan,DF,,32-106,1.84,20/21,Unknown Injury,2021-04-18,2021-04-22,5,1
Salim Obaid,Jordan,DF,,34-145,1.65,-,Ninguna,,,0,0
Ali Olwan,Jordan,FW,,26-077,1.82,25/26,Unknown Injury,2026-02-05,2026-05-05,90,10
Ali Olwan,Jordan,FW,,26-077,1.82,24/25,Knee Injury,2025-03-09,2025-05-09,62,5
Ali Olwan,Jordan,FW,,26-077,1.82,24/25,Unknown Injury,2024-12-09,2025-01-20,43,5
Nizar Al Rashdan,Jordan,MF,,27-080,,-,No Encontrado,,,0,0
Noor Al Rawabdeh,Jordan,MF,,29-107,,-,No Encontrado,,,0,0
Saed Al-Rosan,Jordan,DF,,29-130,,-,No Encontrado,,,0,0
Ibrahim Sabra,Jordan,FW,,20-130,1.84,25/26,Torn Ankle Ligaments,2026-06-06,,10,-
Ibrahim Sabra,Jordan,FW,,20-130,1.84,25/26,Unknown Injury,2025-11-01,2025-12-12,42,10
Ibrahim Sabra,Jordan,FW,,20-130,1.84,25/26,Bruise On Ankle,2025-10-10,2025-10-29,20,3
Ibrahim Sabra,Jordan,FW,,20-130,1.84,25/26,Ill,2025-09-13,2025-09-17,5,1
Ibrahim Sadeh,Jordan,MF,,26-045,1.75,21/22,Facial Fracture,2022-06-01,2022-06-22,22,4
Sharara,Jordan,FW,,28-163,1.76,-,Ninguna,,,0,0
Musa Al-Taamari,Jordan,"FW,MF",,29-001,,-,No Encontrado,,,0,0
Song Bum-keun,Korea Republic,GK,,28-239,,-,No Encontrado,,,0,0
Jens Castrop,Korea Republic,MF,,22-317,1.78,25/26,Ankle Injury,2026-03-29,2026-04-02,5,1
Jens Castrop,Korea Republic,MF,,22-317,1.78,25/26,Ill,2026-01-24,2026-01-29,6,1
Jens Castrop,Korea Republic,MF,,22-317,1.78,25/26,Ill,2025-12-19,2025-12-22,4,1
Jens Castrop,Korea Republic,MF,,22-317,1.78,25/26,Ill,2025-12-01,2025-12-03,3,1
Jens Castrop,Korea Republic,MF,,22-317,1.78,24/25,Torn Lateral Knee Ligament,2025-04-19,2025-06-30,73,4
Jens Castrop,Korea Republic,MF,,22-317,1.78,24/25,Stomach Flu,2025-03-15,2025-03-24,10,1
Jens Castrop,Korea Republic,MF,,22-317,1.78,24/25,Bruise,2025-01-25,2025-02-03,10,1
Jens Castrop,Korea Republic,MF,,22-317,1.78,24/25,Ill,2024-11-07,2024-11-11,5,1
Jens Castrop,Korea Republic,MF,,22-317,1.78,23/24,Muscular Problems,2023-12-15,2024-01-05,22,1
Jens Castrop,Korea Republic,MF,,22-317,1.78,22/23,Ill,2023-05-24,2023-06-27,35,1
Jens Castrop,Korea Republic,MF,,22-317,1.78,21/22,Unknown Injury,2021-11-02,2021-11-26,25,5
Lee Dong-gyeong,Korea Republic,"FW,MF",,28-264,,-,No Encontrado,,,0,0
Lee Gi-hyuk,Korea Republic,DF,,25-339,,-,No Encontrado,,,0,0
Cho Gue-sung,Korea Republic,FW,,28-137,,-,No Encontrado,,,0,0
Lee Han-beom,Korea Republic,DF,,23-359,,-,No Encontrado,,,0,0
Hwang Hee-chan,Korea Republic,"FW,MF",,30-136,,-,No Encontrado,,,0,0
Son Heung-min,Korea Republic,FW,,33-338,,-,No Encontrado,,,0,0
Oh Hyeon-gyu,Korea Republic,FW,,25-060,,-,No Encontrado,,,0,0
Jo Hyeon-woo,Korea Republic,GK,,34-259,,-,No Encontrado,,,0,0
Yang Hyun-jun,Korea Republic,"FW,MF",,24-017,,-,No Encontrado,,,0,0
Hwang In-beom,Korea Republic,MF,,29-264,,-,No Encontrado,,,0,0
Lee Jae-sung,Korea Republic,FW,,33-305,,-,No Encontrado,,,0,0
Eom Ji-sung,Korea Republic,MF,,24-033,,-,No Encontrado,,,0,0
Kim Jin-gyu,Korea Republic,MF,,29-107,,-,No Encontrado,,,0,0
Park Jinseob,Korea Republic,"DF,MF",,30-231,,-,No Encontrado,,,0,0
Bae Jun-ho,Korea Republic,"FW,MF",,22-294,,-,No Encontrado,,,0,0
Lee Kang-in,Korea Republic,FW,,25-112,,-,No Encontrado,,,0,0
Kim Min-jae,Korea Republic,DF,,29-208,,-,No Encontrado,,,0,0
Kim Moon-hwan,Korea Republic,"DF,MF",,30-314,,-,No Encontrado,,,0,0
Kim Seung-gyu,Korea Republic,GK,,35-254,,-,No Encontrado,,,0,0
Paik Seung-ho,Korea Republic,MF,,29-086,,-,No Encontrado,,,0,0
Kim Tae-hyeon,Korea Republic,DF,,25-267,,-,No Encontrado,,,0,0
Lee Tae-seok,Korea Republic,MF,,23-318,,-,No Encontrado,,,0,0
Cho Wi-je,Korea Republic,DF,,24-290,,-,No Encontrado,,,0,0
Seol Young-woo,Korea Republic,MF,,27-188,,-,No Encontrado,,,0,0
Cho Yumin,Korea Republic,DF,,29-206,,-,No Encontrado,,,0,0
Carlos Acevedo,Mexico,GK,,30-053,1.85,21/22,Shoulder Injury,2021-08-23,2021-09-27,36,4
Roberto Alvarado,Mexico,MF,,27-277,1.76,-,Ninguna,,,0,0
Edson Álvarez,Mexico,"DF,MF",,28-230,1.9,25/26,Ankle Surgery,2026-02-17,2026-04-30,73,16
Edson Álvarez,Mexico,"DF,MF",,28-230,1.9,25/26,Ankle Problems,2026-02-13,2026-02-16,4,1
Edson Álvarez,Mexico,"DF,MF",,28-230,1.9,25/26,Injury To The Ankle,2026-01-22,2026-01-31,10,4
Edson Álvarez,Mexico,"DF,MF",,28-230,1.9,25/26,Fitness,2026-01-12,2026-01-15,4,1
Edson Álvarez,Mexico,"DF,MF",,28-230,1.9,25/26,Injury To The Ankle,2025-12-15,2026-01-12,29,4
Edson Álvarez,Mexico,"DF,MF",,28-230,1.9,25/26,Rest,2025-11-22,2025-11-24,3,1
Edson Álvarez,Mexico,"DF,MF",,28-230,1.9,25/26,Fitness,2025-09-19,2025-09-29,11,3
Edson Álvarez,Mexico,"DF,MF",,28-230,1.9,25/26,Hamstring Injury,2025-09-07,2025-09-19,13,3
Edson Álvarez,Mexico,"DF,MF",,28-230,1.9,24/25,Back Injury,2025-04-18,2025-05-09,22,3
Edson Álvarez,Mexico,"DF,MF",,28-230,1.9,24/25,Unknown Injury,2025-02-02,2025-02-10,9,1
Edson Álvarez,Mexico,"DF,MF",,28-230,1.9,24/25,Torn Thigh Muscle,2024-06-22,2024-08-18,58,3
Edson Álvarez,Mexico,"DF,MF",,28-230,1.9,22/23,Knock,2023-01-11,2023-01-13,3,1
Edson Álvarez,Mexico,"DF,MF",,28-230,1.9,21/22,Knee Problems,2022-02-02,2022-02-05,4,1
Edson Álvarez,Mexico,"DF,MF",,28-230,1.9,18/19,Muscle Injury,2018-12-08,2018-12-12,5,1
Luis Chávez,Mexico,MF,,30-147,1.78,24/25,Cruciate Ligament Tear,2025-06-26,2026-03-19,267,43
Luis Chávez,Mexico,MF,,30-147,1.78,24/25,Ankle Injury,2025-05-05,2025-06-08,35,4
Luis Chávez,Mexico,MF,,30-147,1.78,24/25,Muscle Injury,2024-09-08,2024-10-05,28,5
Luis Chávez,Mexico,MF,,30-147,1.78,23/24,Muscle Injury,2024-04-07,2024-04-12,6,-
Mateo Chávez,Mexico,DF,,22-030,1.78,25/26,Shoulder Injury,2026-02-27,2026-03-23,25,12
Álvaro Fidalgo,Mexico,MF,,29-063,1.75,-,Ninguna,,,0,0
Jesús Gallardo,Mexico,DF,,31-300,1.74,20/21,Corona Virus,2020-08-01,2020-08-10,10,2
Santiago Giménez,Mexico,FW,,25-054,1.8,25/26,Rest,2026-03-14,2026-03-18,5,1
Santiago Giménez,Mexico,FW,,25-054,1.8,25/26,Ankle Surgery,2025-12-18,2026-03-10,83,17
Santiago Giménez,Mexico,FW,,25-054,1.8,25/26,Bruise On Ankle,2025-10-28,2025-12-17,51,9
Santiago Giménez,Mexico,FW,,25-054,1.8,24/25,Bruise,2025-04-07,2025-04-16,10,1
Santiago Giménez,Mexico,FW,,25-054,1.8,24/25,Thigh Problems,2024-09-22,2024-11-25,65,14
Santiago Giménez,Mexico,FW,,25-054,1.8,23/24,Muscle Injury,2024-05-10,2024-06-01,23,2
Santiago Giménez,Mexico,FW,,25-054,1.8,23/24,Minor Knock,2024-04-26,2024-05-02,7,-
Santiago Giménez,Mexico,FW,,25-054,1.8,23/24,Calf Injury,2024-02-10,2024-02-14,5,1
Santiago Giménez,Mexico,FW,,25-054,1.8,22/23,Hamstring Injury,2023-03-08,2023-03-11,4,1
Armando González,Mexico,FW,,23-052,1.82,-,Ninguna,,,0,0
Brian Gutiérrez,Mexico,MF,,22-359,1.78,24/25,Leg Injury,2025-03-24,2025-04-10,18,2
César Huerta,Mexico,"FW,MF",,25-190,1.71,25/26,Rest,2026-05-22,2026-05-25,4,2
César Huerta,Mexico,"FW,MF",,25-190,1.71,25/26,Pubalgia,2025-10-30,2026-04-27,180,34
César Huerta,Mexico,"FW,MF",,25-190,1.71,25/26,Hamstring Injury,2025-10-16,2025-10-26,11,2
César Huerta,Mexico,"FW,MF",,25-190,1.71,24/25,Minor Knock,2025-05-24,2025-05-29,6,1
Raúl Jiménez,Mexico,FW,,35-037,1.88,25/26,Knock,2026-05-08,2026-05-15,8,1
Raúl Jiménez,Mexico,FW,,35-037,1.88,25/26,Hip Injury,2025-09-29,2025-10-17,19,3
Raúl Jiménez,Mexico,FW,,35-037,1.88,23/24,Hamstring Injury,2024-01-31,2024-03-14,44,6
Raúl Jiménez,Mexico,FW,,35-037,1.88,22/23,Hip Problems,2022-09-30,2022-11-14,46,9
Raúl Jiménez,Mexico,FW,,35-037,1.88,22/23,Knee Injury,2022-07-23,2022-08-17,26,2
Raúl Jiménez,Mexico,FW,,35-037,1.88,20/21,Fitness,2021-02-18,2021-07-16,149,24
Raúl Jiménez,Mexico,FW,,35-037,1.88,20/21,Skull Fracture,2020-11-30,2021-02-17,80,17
Raúl Jiménez,Mexico,FW,,35-037,1.88,18/19,Knock,2018-09-09,2018-09-15,7,1
Raúl Jiménez,Mexico,FW,,35-037,1.88,17/18,Inflammation Of Ligaments In The Knee,2017-12-18,2018-01-01,15,1
Raúl Jiménez,Mexico,FW,,35-037,1.88,16/17,Muscle Injury,2017-03-30,2017-04-19,21,4
Raúl Jiménez,Mexico,FW,,35-037,1.88,16/17,Ankle Sprain,2017-01-29,2017-02-08,11,2
Raúl Jiménez,Mexico,FW,,35-037,1.88,16/17,Groin Injury,2016-12-30,2017-01-24,26,6
Raúl Jiménez,Mexico,FW,,35-037,1.88,16/17,Knee Injury,2016-09-04,2016-10-17,44,10
Erik Lira,Mexico,MF,,26-034,1.72,-,Ninguna,,,0,0
Guillermo Martínez Ayala,Mexico,FW,,31-088,1.91,-,Ninguna,,,0,0
César Montes,Mexico,DF,,29-107,1.95,25/26,Leg Injury,2026-05-01,2026-05-24,24,2
César Montes,Mexico,DF,,29-107,1.95,22/23,Head Injury,2023-02-09,2023-02-24,16,2
César Montes,Mexico,DF,,29-107,1.95,20/21,Fitness,2021-02-03,2021-02-06,4,1
César Montes,Mexico,DF,,29-107,1.95,20/21,Corona Virus,2021-01-20,2021-01-27,8,-
César Montes,Mexico,DF,,29-107,1.95,20/21,Adductor Pain,2020-08-08,2020-08-29,22,2
César Montes,Mexico,DF,,29-107,1.95,19/20,Head Injury,2019-09-22,2019-10-14,23,5
César Montes,Mexico,DF,,29-107,1.95,19/20,Thigh Problems,2019-08-18,2019-09-15,29,6
César Montes,Mexico,DF,,29-107,1.95,18/19,Broken Nose Bone,2019-04-19,2019-04-27,9,1
César Montes,Mexico,DF,,29-107,1.95,18/19,Adductor Injury,2018-10-08,2018-11-09,33,8
César Montes,Mexico,DF,,29-107,1.95,20/21,Muscle Injury,2018-08-03,2018-08-19,17,4
Gilberto Mora,Mexico,MF,,17-240,1.75,25/26,Broken Hand,2025-10-30,2025-11-15,17,2
Guillermo Ochoa,Mexico,GK,,40-333,1.85,24/25,Unknown Injury,2024-11-29,2025-01-15,48,6
Guillermo Ochoa,Mexico,GK,,40-333,1.85,23/24,Unknown Injury,2024-04-25,2024-05-29,35,5
Guillermo Ochoa,Mexico,GK,,40-333,1.85,23/24,Unknown Injury,2024-03-30,2024-04-11,13,2
Guillermo Ochoa,Mexico,GK,,40-333,1.85,23/24,Shoulder Injury,2023-11-20,2024-01-07,49,9
Guillermo Ochoa,Mexico,GK,,40-333,1.85,22/23,Rest,2022-09-10,2022-09-12,3,1
Guillermo Ochoa,Mexico,GK,,40-333,1.85,20/21,Corona Virus,2021-01-17,2021-02-03,18,2
Guillermo Ochoa,Mexico,GK,,40-333,1.85,20/21,Calf Injury,2020-09-28,2020-10-28,31,7
Guillermo Ochoa,Mexico,GK,,40-333,1.85,19/20,Adductor Pain,2019-07-24,2019-08-20,28,5
Guillermo Ochoa,Mexico,GK,,40-333,1.85,14/15,Flu,2015-02-14,2015-02-17,4,1
Guillermo Ochoa,Mexico,GK,,40-333,1.85,09/10,Hamstring Injury,2010-04-28,2010-05-11,14,4
Guillermo Ochoa,Mexico,GK,,40-333,1.85,07/08,Ankle Injury,2008-02-15,2008-03-19,34,8
Orbelín Pineda,Mexico,"FW,MF",,30-079,1.69,24/25,Virus,2024-07-30,2024-08-02,4,1
Orbelín Pineda,Mexico,"FW,MF",,30-079,1.69,18/19,Knee Bruise,2018-09-10,2018-09-26,17,3
Julián Quiñones,Mexico,MF,,29-079,1.77,25/26,Hamstring Muscle Injury,2025-10-28,2025-11-28,32,5
Julián Quiñones,Mexico,MF,,29-079,1.77,23/24,Unknown Injury,2024-03-23,2024-04-05,14,2
Julián Quiñones,Mexico,MF,,29-079,1.77,23/24,Muscle Injury,2023-10-27,2023-11-03,8,2
Julián Quiñones,Mexico,MF,,29-079,1.77,22/23,Knee Surgery,2022-10-04,2022-11-04,32,-
Julián Quiñones,Mexico,MF,,29-079,1.77,22/23,Hand Injury,2022-07-04,2022-07-14,11,1
Julián Quiñones,Mexico,MF,,29-079,1.77,18/19,Cruciate Ligament Surgery,2019-04-14,2020-02-07,300,39
Raúl Rangel,Mexico,GK,,26-106,1.9,-,Ninguna,,,0,0
Israel Reyes,Mexico,DF,,26-019,1.81,25/26,Muscle Injury,2026-01-25,2026-02-06,13,2
Israel Reyes,Mexico,DF,,26-019,1.81,24/25,Muscle Injury,2024-09-18,2024-10-02,15,3
Luis Romo,Mexico,"DF,MF",,31-006,1.83,25/26,Torn Thigh Muscle,2026-02-06,2026-02-27,22,3
Jorge Sánchez,Mexico,"DF,MF",,28-183,1.76,25/26,Back Problems,2026-05-08,2026-05-11,4,1
Jorge Sánchez,Mexico,"DF,MF",,28-183,1.76,22/23,Knock,2023-02-15,2023-02-22,8,2
Jorge Sánchez,Mexico,"DF,MF",,28-183,1.76,22/23,Knee Problems,2022-09-16,2022-10-12,27,6
Obed Vargas,Mexico,MF,,20-310,1.75,23/24,Head Injury,2024-03-22,2024-04-04,14,2
Obed Vargas,Mexico,MF,,20-310,1.75,21/22,Back Injury,2022-06-23,2023-03-16,267,30
Johan Vásquez,Mexico,DF,,27-232,1.82,24/25,Ankle Sprain,2025-05-17,2025-05-31,15,1
Johan Vásquez,Mexico,DF,,27-232,1.82,24/25,Muscular Problems,2024-11-11,2024-11-23,13,2
Johan Vásquez,Mexico,DF,,27-232,1.82,23/24,Fever,2023-12-05,2023-12-08,4,1
Johan Vásquez,Mexico,DF,,27-232,1.82,20/21,Muscle Injury,2020-11-08,2020-11-15,8,1
Alexis Vega,Mexico,"FW,MF",,28-198,1.75,25/26,Arthroscopy,2026-01-13,2026-03-06,53,11
Alexis Vega,Mexico,"FW,MF",,28-198,1.75,25/26,Muscle Injury,2025-10-30,2025-12-14,46,9
Alexis Vega,Mexico,"FW,MF",,28-198,1.75,22/23,Knee Injury,2023-06-20,2023-07-06,17,4
Alexis Vega,Mexico,"FW,MF",,28-198,1.75,22/23,Meniscus Injury,2023-01-18,2023-03-15,57,9
Alexis Vega,Mexico,"FW,MF",,28-198,1.75,21/22,Ankle Injury,2021-09-05,2021-10-03,29,3
Alexis Vega,Mexico,"FW,MF",,28-198,1.75,20/21,Ankle Injury,2020-11-15,2020-11-26,12,2
Alexis Vega,Mexico,"FW,MF",,28-198,1.75,19/20,Contortion,2020-01-22,2020-02-06,16,3
Nayef Aguerd,Morocco,DF,,30-073,1.9,25/26,Groin Injury,2026-03-04,,104,10
Nayef Aguerd,Morocco,DF,,30-073,1.9,25/26,Ill,2026-02-07,2026-02-09,3,1
Nayef Aguerd,Morocco,DF,,30-073,1.9,25/26,Pubalgia,2025-11-09,2025-11-26,18,4
Nayef Aguerd,Morocco,DF,,30-073,1.9,25/26,Head Injury,2025-09-15,2025-09-20,6,1
Nayef Aguerd,Morocco,DF,,30-073,1.9,24/25,Knee Injury,2025-05-10,2025-05-25,16,4
Nayef Aguerd,Morocco,DF,,30-073,1.9,24/25,Achilles Tendon Contusion,2025-04-02,2025-05-05,34,4
Nayef Aguerd,Morocco,DF,,30-073,1.9,24/25,Knee Injury,2025-03-26,2025-03-30,5,1
Nayef Aguerd,Morocco,DF,,30-073,1.9,24/25,Dead Leg,2025-02-24,2025-03-03,8,1
Nayef Aguerd,Morocco,DF,,30-073,1.9,24/25,Back Injury,2025-01-05,2025-01-14,10,1
Nayef Aguerd,Morocco,DF,,30-073,1.9,24/25,Hamstring Injury,2024-11-08,2024-11-09,2,-
Nayef Aguerd,Morocco,DF,,30-073,1.9,23/24,Injury To The Ankle,2024-04-19,2024-04-28,10,2
Nayef Aguerd,Morocco,DF,,30-073,1.9,23/24,Shoulder Injury,2024-04-02,2024-04-05,4,1
Nayef Aguerd,Morocco,DF,,30-073,1.9,23/24,Knock,2024-03-08,2024-03-09,2,-
Nayef Aguerd,Morocco,DF,,30-073,1.9,23/24,Ill,2023-12-19,2023-12-29,11,3
Nayef Aguerd,Morocco,DF,,30-073,1.9,22/23,Knock,2023-05-19,2023-05-25,7,1
Ayoube Amaimouni,Morocco,MF,,21-193,1.79,24/25,Unknown Injury,2025-04-15,2025-06-15,62,5
Sofyan Amrabat,Morocco,"DF,MF",,29-294,1.85,25/26,Fitness,2026-05-19,2026-05-25,7,1
Sofyan Amrabat,Morocco,"DF,MF",,29-294,1.85,25/26,Ankle Surgery,2026-01-19,2026-03-11,52,10
Sofyan Amrabat,Morocco,"DF,MF",,29-294,1.85,25/26,Leg Injury,2025-11-27,2025-12-19,23,12
Sofyan Amrabat,Morocco,"DF,MF",,29-294,1.85,25/26,Muscle Injury,2025-10-03,2025-10-07,5,1
Sofyan Amrabat,Morocco,"DF,MF",,29-294,1.85,24/25,Unknown Injury,2025-04-11,2025-05-06,26,4
Sofyan Amrabat,Morocco,"DF,MF",,29-294,1.85,24/25,Stomach Flu,2024-11-27,2024-11-30,4,1
Sofyan Amrabat,Morocco,"DF,MF",,29-294,1.85,23/24,Unknown Injury,2023-08-21,2023-09-20,31,6
Sofyan Amrabat,Morocco,"DF,MF",,29-294,1.85,22/23,Rest,2023-05-20,2023-05-22,3,1
Sofyan Amrabat,Morocco,"DF,MF",,29-294,1.85,22/23,Rest,2023-05-02,2023-05-05,4,1
Sofyan Amrabat,Morocco,"DF,MF",,29-294,1.85,22/23,Lumbago,2023-04-16,2023-04-21,6,2
Sofyan Amrabat,Morocco,"DF,MF",,29-294,1.85,22/23,Back Problems,2022-11-01,2022-11-05,5,1
Sofyan Amrabat,Morocco,"DF,MF",,29-294,1.85,21/22,Influenza,2022-03-17,2022-03-21,5,1
Sofyan Amrabat,Morocco,"DF,MF",,29-294,1.85,21/22,Pubalgia,2021-07-14,2021-08-23,41,2
Sofyan Amrabat,Morocco,"DF,MF",,29-294,1.85,20/21,Bruised Back,2021-03-07,2021-03-21,15,1
Sofyan Amrabat,Morocco,"DF,MF",,29-294,1.85,19/20,Muscle Fatigue,2020-07-04,2020-07-07,4,1
Neil El Aynaoui,Morocco,MF,,24-344,1.85,24/25,Hamstring Injury,2025-01-03,2025-01-13,11,2
Neil El Aynaoui,Morocco,MF,,24-344,1.85,24/25,Muscle Tear,2024-09-27,2024-10-17,21,2
Neil El Aynaoui,Morocco,MF,,24-344,1.85,24/25,Knee Injury,2024-07-25,2024-09-15,53,5
Neil El Aynaoui,Morocco,MF,,24-344,1.85,23/24,Knee Injury,2024-04-29,2024-05-29,31,3
Youssef Belammari,Morocco,DF,,27-264,1.83,25/26,Groin Strain,2026-04-21,2026-05-12,22,3
Youssef Belammari,Morocco,DF,,27-264,1.83,24/25,Vertebral Injury,2024-10-31,2024-12-13,44,8
Ayyoub Bouaddi,Morocco,MF,,18-252,1.85,-,Ninguna,,,0,0
Yassine Bounou,Morocco,GK,,35-067,1.92,24/25,Muscle Injury,2024-10-12,2024-10-19,8,2
Yassine Bounou,Morocco,GK,,35-067,1.92,20/21,Corona Virus,2020-11-20,2020-12-04,15,4
Yassine Bounou,Morocco,GK,,35-067,1.92,19/20,Muscle Injury,2020-01-20,2020-02-08,20,4
Yassine Bounou,Morocco,GK,,35-067,1.92,18/19,Muscle Injury,2019-03-27,2019-04-05,10,2
Yassine Bounou,Morocco,GK,,35-067,1.92,18/19,Flu,2019-02-28,2019-03-07,8,1
Yassine Bounou,Morocco,GK,,35-067,1.92,18/19,Knock,2018-12-03,2018-12-20,18,3
Brahim Díaz,Morocco,MF,,26-312,1.7,24/25,Unknown Injury,2025-06-03,2025-06-09,7,1
Brahim Díaz,Morocco,MF,,26-312,1.7,24/25,Torn Muscle Fiber In The Adductor Area,2025-05-14,2025-05-23,10,2
Brahim Díaz,Morocco,MF,,26-312,1.7,24/25,Hamstring Injury,2024-09-14,2024-10-25,42,10
Brahim Díaz,Morocco,MF,,26-312,1.7,22/23,Knee Injury,2023-03-03,2023-03-06,4,1
Brahim Díaz,Morocco,MF,,26-312,1.7,22/23,Contracture,2022-10-22,2022-10-25,4,-
Brahim Díaz,Morocco,MF,,26-312,1.7,21/22,Corona Virus,2021-10-15,2021-10-27,13,4
Brahim Díaz,Morocco,MF,,26-312,1.7,20/21,Unknown Injury,2021-03-31,2021-04-07,8,1
Brahim Díaz,Morocco,MF,,26-312,1.7,20/21,Thigh Problems,2021-01-27,2021-02-20,25,4
Brahim Díaz,Morocco,MF,,26-312,1.7,19/20,Hamstring Injury,2019-08-20,2019-09-13,25,4
Brahim Díaz,Morocco,MF,,26-312,1.7,19/20,Hamstring Injury,2019-07-13,2019-08-16,35,-
Issa Diop,Morocco,DF,,29-153,1.94,25/26,Knock,2025-10-31,2025-11-28,29,3
Issa Diop,Morocco,DF,,29-153,1.94,25/26,Knock,2025-09-19,2025-09-29,11,2
Issa Diop,Morocco,DF,,29-153,1.94,25/26,Knock,2025-08-22,2025-09-01,11,2
Issa Diop,Morocco,DF,,29-153,1.94,24/25,Unknown Injury,2025-04-06,2025-05-03,28,4
Issa Diop,Morocco,DF,,29-153,1.94,23/24,Calf Problems,2024-03-02,2024-04-06,36,5
Issa Diop,Morocco,DF,,29-153,1.94,23/24,Hamstring Injury,2024-01-31,2024-02-09,10,1
Issa Diop,Morocco,DF,,29-153,1.94,23/24,Foot Injury,2023-10-08,2023-12-15,69,9
Issa Diop,Morocco,DF,,29-153,1.94,21/22,Ankle Injury,2022-05-05,2022-05-25,21,3
Issa Diop,Morocco,DF,,29-153,1.94,21/22,Ankle Injury,2022-04-18,2022-05-02,15,2
Issa Diop,Morocco,DF,,29-153,1.94,20/21,Head Injury,2021-02-11,2021-02-15,5,-
Issa Diop,Morocco,DF,,29-153,1.94,20/21,Bruise,2021-01-04,2021-01-14,11,1
Issa Diop,Morocco,DF,,29-153,1.94,20/21,Corona Virus,2020-09-21,2020-10-15,25,4
Issa Diop,Morocco,DF,,29-153,1.94,17/18,Back Injury,2017-07-13,2017-08-17,36,2
Issa Diop,Morocco,DF,,29-153,1.94,16/17,Back Problems,2016-11-10,2016-12-22,43,8
Abde Ezzalzouli,Morocco,"FW,MF",,24-176,1.77,25/26,Inner Ligament Stretch Of The Knee,2026-06-07,2026-06-28,22,-
Abde Ezzalzouli,Morocco,"FW,MF",,24-176,1.77,24/25,Unknown Injury,2025-06-03,2025-09-10,100,15
Abde Ezzalzouli,Morocco,"FW,MF",,24-176,1.77,24/25,Ankle Injury,2025-03-25,2025-04-11,18,3
Abde Ezzalzouli,Morocco,"FW,MF",,24-176,1.77,24/25,Foot Bruise,2025-02-21,2025-03-03,11,2
Abde Ezzalzouli,Morocco,"FW,MF",,24-176,1.77,22/23,Minor Knock,2023-05-18,2023-05-22,5,1
Abde Ezzalzouli,Morocco,"FW,MF",,24-176,1.77,22/23,Torn Muscle Fiber,2022-10-24,2022-11-15,23,4
Abde Ezzalzouli,Morocco,"FW,MF",,24-176,1.77,21/22,Patellar Tendon Irritation,2022-03-11,2022-03-18,8,3
Abde Ezzalzouli,Morocco,"FW,MF",,24-176,1.77,21/22,Corona Virus,2021-12-30,2022-01-07,9,2
Abde Ezzalzouli,Morocco,"FW,MF",,24-176,1.77,21/22,Adductor Pain,2021-09-24,2021-10-01,8,1
Achraf Hakimi,Morocco,DF,,27-219,1.8,25/26,Hamstring Injury,2026-04-29,2026-05-25,27,5
Achraf Hakimi,Morocco,DF,,27-219,1.8,25/26,Ankle Sprain,2025-11-05,2025-12-27,53,17
Achraf Hakimi,Morocco,DF,,27-219,1.8,22/23,Hamstring Injury,2023-02-15,2023-03-06,20,3
Achraf Hakimi,Morocco,DF,,27-219,1.8,21/22,Hamstring Injury,2022-02-24,2022-03-08,13,2
Achraf Hakimi,Morocco,DF,,27-219,1.8,21/22,Corona Virus,2021-07-16,2021-07-30,15,-
Achraf Hakimi,Morocco,DF,,27-219,1.8,20/21,Ankle Problems,2020-12-13,2020-12-16,4,-
Achraf Hakimi,Morocco,DF,,27-219,1.8,20/21,Quarantine,2020-10-21,2020-10-23,3,1
Achraf Hakimi,Morocco,DF,,27-219,1.8,18/19,Metatarsal Fracture,2019-03-31,2019-06-05,67,7
Redouane Halhal,Morocco,DF,,23-098,1.89,25/26,Calf Injury,2026-04-19,2026-04-24,6,1
Redouane Halhal,Morocco,DF,,23-098,1.89,25/26,Ankle Injury,2025-11-17,2025-12-22,36,6
Ayoub El Kaabi,Morocco,"FW,MF",,32-350,1.82,25/26,Muscle Injury,2026-01-29,2026-02-06,9,2
Ayoub El Kaabi,Morocco,"FW,MF",,32-350,1.82,24/25,Unknown Injury,2025-02-27,2025-03-28,30,6
Ayoub El Kaabi,Morocco,"FW,MF",,32-350,1.82,21/22,Corona Virus,2022-01-08,2022-01-13,6,2
Bilal El Khannouss,Morocco,MF,,22-032,1.8,-,Ninguna,,,0,0
Noussair Mazraoui,Morocco,DF,,28-209,1.83,25/26,Shoulder Injury,2026-06-07,2026-06-13,7,-
Noussair Mazraoui,Morocco,DF,,28-209,1.83,25/26,Ill,2026-03-19,2026-03-23,5,1
Noussair Mazraoui,Morocco,DF,,28-209,1.83,25/26,Foot Injury,2026-03-04,2026-03-13,10,-
Noussair Mazraoui,Morocco,DF,,28-209,1.83,25/26,Muscle Injury,2025-09-22,2025-10-17,26,4
Noussair Mazraoui,Morocco,DF,,28-209,1.83,25/26,Knock,2025-07-21,2025-08-29,40,9
Noussair Mazraoui,Morocco,DF,,28-209,1.83,24/25,Heart Problems,2024-10-09,2024-10-18,10,2
Noussair Mazraoui,Morocco,DF,,28-209,1.83,23/24,Torn Muscle Fiber,2024-02-19,2024-03-18,29,5
Noussair Mazraoui,Morocco,DF,,28-209,1.83,23/24,Fitness,2024-01-30,2024-02-09,11,-
Noussair Mazraoui,Morocco,DF,,28-209,1.83,23/24,Torn Muscle Bundle,2023-12-13,2024-01-29,48,10
Noussair Mazraoui,Morocco,DF,,28-209,1.83,23/24,Ill,2023-10-30,2023-11-02,4,1
Noussair Mazraoui,Morocco,DF,,28-209,1.83,23/24,Muscular Problems,2023-10-15,2023-10-23,9,2
Noussair Mazraoui,Morocco,DF,,28-209,1.83,22/23,Inflammation,2023-01-05,2023-03-07,62,10
Noussair Mazraoui,Morocco,DF,,28-209,1.83,22/23,Muscle Injury,2022-12-15,2022-12-22,8,1
Noussair Mazraoui,Morocco,DF,,28-209,1.83,22/23,Hip Flexor Problems,2022-12-08,2022-12-12,5,1
Noussair Mazraoui,Morocco,DF,,28-209,1.83,21/22,Minor Knock,2022-04-21,2022-05-05,15,2
Samir El Mourabet,Morocco,MF,,20-248,1.87,-,Ninguna,,,0,0
Munir,Morocco,GK,,37-032,1.9,25/26,Hamstring Injury,2026-01-26,2026-02-27,33,7
Munir,Morocco,GK,,37-032,1.9,25/26,Pelvic Injury,2025-09-12,2025-10-01,20,4
Munir,Morocco,GK,,37-032,1.9,24/25,Foot Injury,2025-03-14,2025-03-28,15,1
Munir,Morocco,GK,,37-032,1.9,24/25,Muscle Injury,2024-12-06,2024-12-10,5,1
Munir,Morocco,GK,,37-032,1.9,24/25,Adductor Pain,2024-11-01,2024-11-11,11,2
Munir,Morocco,GK,,37-032,1.9,23/24,Partial Muscle Tear,2024-06-08,2024-07-02,25,4
Munir,Morocco,GK,,37-032,1.9,23/24,Muscle Injury,2023-07-31,2023-10-27,89,16
Munir,Morocco,GK,,37-032,1.9,22/23,Muscle Injury,2023-04-16,2023-05-29,44,6
Munir,Morocco,GK,,37-032,1.9,22/23,Back Problems,2023-03-29,2023-04-06,9,3
Munir,Morocco,GK,,37-032,1.9,22/23,Torn Muscle Fiber,2023-01-12,2023-02-09,29,5
Munir,Morocco,GK,,37-032,1.9,22/23,Broken Cheekbone,2022-10-20,2022-11-17,29,7
Munir,Morocco,GK,,37-032,1.9,22/23,Groin Problems,2022-10-13,2022-10-13,1,-
Munir,Morocco,GK,,37-032,1.9,21/22,Tendon Rupture,2022-02-24,2022-05-12,78,12
Munir,Morocco,GK,,37-032,1.9,21/22,Minor Knock,2022-02-10,2022-02-21,12,3
Munir,Morocco,GK,,37-032,1.9,21/22,Muscular Problems,2022-01-20,2022-01-31,12,1
Zakaria El Ouahdi,Morocco,"DF,MF",,24-162,1.71,25/26,Unknown Injury,2026-05-31,2026-06-06,7,2
Zakaria El Ouahdi,Morocco,"DF,MF",,24-162,1.71,25/26,Shoulder Injury,2025-10-02,2025-11-24,54,13
Zakaria El Ouahdi,Morocco,"DF,MF",,24-162,1.71,23/24,Minor Knock,2024-01-15,2024-01-24,10,1
Zakaria El Ouahdi,Morocco,"DF,MF",,24-162,1.71,23/24,Ill,2023-12-22,2023-12-27,6,2
Zakaria El Ouahdi,Morocco,"DF,MF",,24-162,1.71,22/23,Ankle Injury,2022-07-30,2022-09-20,53,6
Azzedine Ounahi,Morocco,MF,,26-053,1.82,25/26,Calf Injury,2026-01-03,2026-02-22,51,11
Azzedine Ounahi,Morocco,MF,,26-053,1.82,25/26,Calf Injury,2025-10-02,2025-10-22,21,4
Azzedine Ounahi,Morocco,MF,,26-053,1.82,24/25,Back Injury,2025-01-08,2025-01-24,17,3
Azzedine Ounahi,Morocco,MF,,26-053,1.82,24/25,Adductor Pain,2024-12-06,2024-12-10,5,1
Azzedine Ounahi,Morocco,MF,,26-053,1.82,23/24,Hamstring Injury,2024-05-11,2024-05-16,6,2
Azzedine Ounahi,Morocco,MF,,26-053,1.82,23/24,Back Injury,2023-10-28,2023-11-22,26,5
Azzedine Ounahi,Morocco,MF,,26-053,1.82,22/23,Broken Toe,2023-03-26,2023-06-15,82,12
Azzedine Ounahi,Morocco,MF,,26-053,1.82,22/23,Ligament Injury,2023-01-04,2023-01-12,9,2
Azzedine Ounahi,Morocco,MF,,26-053,1.82,22/23,Broken Nose Bone,2022-11-09,2022-11-15,7,1
Soufiane Rahimi,Morocco,FW,,30-009,1.8,25/26,Unknown Injury,2025-08-29,2025-10-06,39,8
Soufiane Rahimi,Morocco,FW,,30-009,1.8,23/24,Concussion,2024-04-08,2024-04-13,6,1
Soufiane Rahimi,Morocco,FW,,30-009,1.8,20/21,Corona Virus,2020-10-22,2020-11-02,12,-
Soufiane Rahimi,Morocco,FW,,30-009,1.8,19/20,Broken Nose Bone,2020-10-19,2020-10-30,12,-
Ahmed Reda Tagnaouti,Morocco,GK,,30-067,1.94,25/26,Unknown Injury,2026-02-24,2026-03-12,17,3
Ahmed Reda Tagnaouti,Morocco,GK,,30-067,1.94,22/23,Knee Surgery,2023-03-28,2023-10-08,195,9
Ahmed Reda Tagnaouti,Morocco,GK,,30-067,1.94,20/21,Corona Virus,2021-04-23,2021-05-03,11,3
Chadi Riad,Morocco,DF,,22-359,1.86,25/26,Fitness,2025-12-15,2026-01-10,27,14
Chadi Riad,Morocco,DF,,22-359,1.86,24/25,Cruciate Ligament Tear,2025-01-24,2025-12-15,326,69
Chadi Riad,Morocco,DF,,22-359,1.86,24/25,Knee Injury,2024-08-28,2024-12-09,104,21
Ismael Saibari,Morocco,FW,,25-134,1.85,25/26,Muscle Injury,2026-04-12,2026-05-13,32,3
Ismael Saibari,Morocco,FW,,25-134,1.85,24/25,Minor Knock,2024-08-05,2024-09-16,43,6
Ismael Saibari,Morocco,FW,,25-134,1.85,23/24,Unknown Injury,2024-02-21,2024-04-16,56,12
Ismael Saibari,Morocco,FW,,25-134,1.85,22/23,Unknown Injury,2023-04-26,2023-05-17,22,3
Ismael Saibari,Morocco,FW,,25-134,1.85,22/23,Unknown Injury,2023-01-20,2023-01-27,8,2
Ismael Saibari,Morocco,FW,,25-134,1.85,22/23,Muscle Injury,2022-10-10,2023-01-02,85,9
Ismael Saibari,Morocco,FW,,25-134,1.85,21/22,Knock,2022-03-28,2022-06-27,92,17
Ismael Saibari,Morocco,FW,,25-134,1.85,21/22,Knock,2021-09-06,2021-09-30,25,4
Ismael Saibari,Morocco,FW,,25-134,1.85,20/21,Knock,2021-02-04,2021-04-05,61,19
Anass Salah-Eddine,Morocco,DF,,24-144,1.81,25/26,Unknown Injury,2026-06-06,2026-06-14,9,1
Anass Salah-Eddine,Morocco,DF,,24-144,1.81,25/26,Unknown Injury,2026-04-20,2026-05-07,18,2
Anass Salah-Eddine,Morocco,DF,,24-144,1.81,25/26,Minor Knock,2026-02-23,2026-03-05,11,2
Anass Salah-Eddine,Morocco,DF,,24-144,1.81,25/26,Foot Injury,2026-02-10,2026-02-18,9,1
Anass Salah-Eddine,Morocco,DF,,24-144,1.81,25/26,Ill,2025-11-29,2025-12-02,4,1
Anass Salah-Eddine,Morocco,DF,,24-144,1.81,25/26,Ankle Sprain,2025-07-14,2025-07-29,16,-
Anass Salah-Eddine,Morocco,DF,,24-144,1.81,24/25,Foot Injury,2025-03-24,2025-03-28,5,1
Anass Salah-Eddine,Morocco,DF,,24-144,1.81,22/23,Ankle Injury,2023-05-01,2023-05-10,10,1
Anass Salah-Eddine,Morocco,DF,,24-144,1.81,20/21,Fracture Of Fibula Shaft,2020-08-01,2021-03-18,230,29
Anass Salah-Eddine,Morocco,DF,,24-144,1.81,19/20,Ankle Injury,2020-02-28,2020-06-30,124,10
Chemsdine Talbi,Morocco,MF,,21-033,1.75,25/26,Fitness,2026-06-01,2026-06-03,3,1
Chemsdine Talbi,Morocco,MF,,21-033,1.75,25/26,Muscle Injury,2026-05-21,2026-05-31,11,2
Chemsdine Talbi,Morocco,MF,,21-033,1.75,24/25,Minor Knock,2025-05-09,2025-05-31,23,3
Chemsdine Talbi,Morocco,MF,,21-033,1.75,24/25,Adductor Pain,2025-03-14,2025-03-20,7,1
Chemsdine Talbi,Morocco,MF,,21-033,1.75,24/25,Rest,2025-02-07,2025-02-09,3,1
Chemsdine Talbi,Morocco,MF,,21-033,1.75,22/23,Torn Knee Ligaments,2023-06-30,2024-02-13,229,41
Gessime Yassine,Morocco,MF,,20-201,1.72,-,Ninguna,,,0,0
Nathan Aké,Netherlands,"DF,MF",,31-113,1.8,24/25,Foot Surgery,2025-03-01,2025-05-19,80,14
Nathan Aké,Netherlands,"DF,MF",,31-113,1.8,24/25,Muscle Stiffness,2025-02-13,2025-02-17,5,1
Nathan Aké,Netherlands,"DF,MF",,31-113,1.8,24/25,Muscle Injury,2025-01-18,2025-02-11,25,6
Nathan Aké,Netherlands,"DF,MF",,31-113,1.8,24/25,Unknown Injury,2024-12-04,2024-12-20,17,3
Nathan Aké,Netherlands,"DF,MF",,31-113,1.8,24/25,Hamstring Injury,2024-09-10,2024-10-14,35,8
Nathan Aké,Netherlands,"DF,MF",,31-113,1.8,23/24,Calf Injury,2024-03-31,2024-04-12,13,3
Nathan Aké,Netherlands,"DF,MF",,31-113,1.8,22/23,Hamstring Injury,2023-05-07,2023-05-27,21,5
Nathan Aké,Netherlands,"DF,MF",,31-113,1.8,22/23,Hamstring Muscle Injury,2023-04-19,2023-05-01,13,3
Nathan Aké,Netherlands,"DF,MF",,31-113,1.8,22/23,Groin Injury,2022-08-22,2022-09-01,11,2
Nathan Aké,Netherlands,"DF,MF",,31-113,1.8,20/21,Hamstring Injury,2020-12-27,2021-03-14,78,21
Nathan Aké,Netherlands,"DF,MF",,31-113,1.8,20/21,Hamstring Injury,2020-11-11,2020-11-30,20,5
Nathan Aké,Netherlands,"DF,MF",,31-113,1.8,20/21,Groin Strain,2020-10-21,2020-10-30,10,3
Nathan Aké,Netherlands,"DF,MF",,31-113,1.8,20/21,Groin Injury,2020-07-13,2020-07-25,13,2
Nathan Aké,Netherlands,"DF,MF",,31-113,1.8,19/20,Head Injury,2020-02-10,2020-02-28,19,1
Nathan Aké,Netherlands,"DF,MF",,31-113,1.8,19/20,Hamstring Injury,2019-12-08,2020-01-11,35,6
Brian Brobbey,Netherlands,FW,,24-130,1.81,25/26,Groin Injury,2026-02-23,2026-03-11,17,3
Brian Brobbey,Netherlands,FW,,24-130,1.81,25/26,Ankle Injury,2025-08-03,2025-08-23,21,2
Brian Brobbey,Netherlands,FW,,24-130,1.81,24/25,Ill,2025-02-19,2025-02-22,4,1
Brian Brobbey,Netherlands,FW,,24-130,1.81,24/25,Head Injury,2024-11-28,2024-12-03,6,1
Brian Brobbey,Netherlands,FW,,24-130,1.81,24/25,Unknown Injury,2024-09-18,2024-09-21,4,1
Brian Brobbey,Netherlands,FW,,24-130,1.81,24/25,Fitness,2024-07-29,2024-08-05,8,1
Brian Brobbey,Netherlands,FW,,24-130,1.81,23/24,Hamstring Injury,2024-06-12,2024-06-20,9,1
Brian Brobbey,Netherlands,FW,,24-130,1.81,23/24,Hamstring Injury,2024-03-17,2024-04-06,21,4
Brian Brobbey,Netherlands,FW,,24-130,1.81,23/24,Muscular Problems,2023-11-13,2023-11-29,17,3
Brian Brobbey,Netherlands,FW,,24-130,1.81,23/24,Unknown Injury,2023-09-04,2023-09-15,12,2
Brian Brobbey,Netherlands,FW,,24-130,1.81,22/23,Shoulder Injury,2023-01-09,2023-01-13,5,1
Brian Brobbey,Netherlands,FW,,24-130,1.81,21/22,Knee Medial Ligament Tear,2022-01-23,2022-03-07,44,8
Brian Brobbey,Netherlands,FW,,24-130,1.81,21/22,Muscle Injury,2021-10-09,2021-11-04,27,7
Brian Brobbey,Netherlands,FW,,24-130,1.81,20/21,Thigh Problems,2021-04-09,2021-04-14,6,2
Brian Brobbey,Netherlands,FW,,24-130,1.81,20/21,Unknown Injury,2021-03-02,2021-03-10,9,3
Denzel Dumfries,Netherlands,"DF,MF",,30-054,1.88,25/26,Ankle Surgery,2025-12-16,2026-02-23,70,16
Denzel Dumfries,Netherlands,"DF,MF",,30-054,1.88,25/26,Ankle Problems,2025-11-13,2025-12-15,33,9
Denzel Dumfries,Netherlands,"DF,MF",,30-054,1.88,24/25,Muscle Fatigue,2025-06-15,2025-06-22,8,2
Denzel Dumfries,Netherlands,"DF,MF",,30-054,1.88,24/25,Hamstring Muscle Injury,2025-03-16,2025-04-24,40,10
Denzel Dumfries,Netherlands,"DF,MF",,30-054,1.88,24/25,Fever,2024-12-09,2024-12-11,3,1
Denzel Dumfries,Netherlands,"DF,MF",,30-054,1.88,23/24,Unknown Injury,2023-12-03,2023-12-29,27,5
Denzel Dumfries,Netherlands,"DF,MF",,30-054,1.88,23/24,Muscle Fatigue,2023-11-28,2023-12-02,5,1
Denzel Dumfries,Netherlands,"DF,MF",,30-054,1.88,20/21,Corona Virus,2020-10-24,2020-11-07,15,4
Denzel Dumfries,Netherlands,"DF,MF",,30-054,1.88,20/21,Thigh Problems,2020-08-22,2020-08-29,8,-
Denzel Dumfries,Netherlands,"DF,MF",,30-054,1.88,16/17,Toe Injury,2016-07-30,2016-08-02,4,-
Mark Flekken,Netherlands,GK,,32-363,1.95,25/26,Muscular Problems,2026-04-25,2026-04-27,3,1
Mark Flekken,Netherlands,GK,,32-363,1.95,25/26,Ligament Injury,2026-01-18,2026-03-18,60,16
Mark Flekken,Netherlands,GK,,32-363,1.95,24/25,Chest Injury,2025-01-31,2025-02-14,15,1
Mark Flekken,Netherlands,GK,,32-363,1.95,23/24,Cold,2023-10-03,2023-10-19,17,3
Mark Flekken,Netherlands,GK,,32-363,1.95,21/22,Corona Virus,2022-01-07,2022-01-17,11,2
Mark Flekken,Netherlands,GK,,32-363,1.95,20/21,Elbow Injury,2020-09-13,2021-03-22,191,28
Mark Flekken,Netherlands,GK,,32-363,1.95,19/20,Syndesmotic Ligament Tear,2019-08-01,2019-09-30,61,7
Mark Flekken,Netherlands,GK,,32-363,1.95,18/19,Adductor Pain,2019-03-28,2019-05-01,35,5
Mark Flekken,Netherlands,GK,,32-363,1.95,17/18,Thigh Problems,2018-04-27,2018-05-18,22,3
Mark Flekken,Netherlands,GK,,32-363,1.95,16/17,Hamstring Injury,2017-02-17,2017-02-21,5,1
Mark Flekken,Netherlands,GK,,32-363,1.95,14/15,Cruciate Ligament Tear,2014-07-18,2015-01-05,172,21
Mark Flekken,Netherlands,GK,,32-363,1.95,12/13,Adductor Pain,2013-04-14,2013-04-22,9,2
Cody Gakpo,Netherlands,"FW,MF",,27-035,1.93,25/26,Muscle Injury,2025-12-07,2025-12-25,19,3
Cody Gakpo,Netherlands,"FW,MF",,27-035,1.93,24/25,Knock,2025-03-04,2025-03-09,6,2
Cody Gakpo,Netherlands,"FW,MF",,27-035,1.93,24/25,Knock,2025-02-12,2025-02-21,10,2
Cody Gakpo,Netherlands,"FW,MF",,27-035,1.93,23/24,Knee Injury,2023-10-01,2023-10-24,24,5
Cody Gakpo,Netherlands,"FW,MF",,27-035,1.93,22/23,Virus,2023-03-23,2023-03-26,4,1
Cody Gakpo,Netherlands,"FW,MF",,27-035,1.93,21/22,Unknown Injury,2022-03-18,2022-04-01,15,3
Cody Gakpo,Netherlands,"FW,MF",,27-035,1.93,21/22,Unknown Injury,2022-02-21,2022-03-04,12,3
Cody Gakpo,Netherlands,"FW,MF",,27-035,1.93,21/22,Ankle Injury,2021-10-22,2021-11-30,40,9
Cody Gakpo,Netherlands,"FW,MF",,27-035,1.93,21/22,Concussion,2021-10-08,2021-10-13,6,1
Cody Gakpo,Netherlands,"FW,MF",,27-035,1.93,21/22,Unknown Injury,2021-09-04,2021-09-09,6,1
Cody Gakpo,Netherlands,"FW,MF",,27-035,1.93,20/21,Ankle Injury,2021-01-10,2021-03-13,63,13
Cody Gakpo,Netherlands,"FW,MF",,27-035,1.93,20/21,Corona Virus,2020-10-21,2020-10-31,11,3
Cody Gakpo,Netherlands,"FW,MF",,27-035,1.93,19/20,Ill,2019-09-07,2019-09-13,7,1
Ryan Gravenberch,Netherlands,MF,,24-026,1.9,25/26,Ankle Problems,2025-10-20,2025-10-29,10,2
Ryan Gravenberch,Netherlands,MF,,24-026,1.9,24/25,Unknown Injury,2025-03-16,2025-04-01,17,2
Ryan Gravenberch,Netherlands,MF,,24-026,1.9,23/24,Ankle Injury,2024-02-26,2024-03-15,19,5
Ryan Gravenberch,Netherlands,MF,,24-026,1.9,22/23,Knee Bruise,2023-02-02,2023-02-12,11,2
Ryan Gravenberch,Netherlands,MF,,24-026,1.9,21/22,Ankle Injury,2022-05-04,2022-06-30,58,10
Ryan Gravenberch,Netherlands,MF,,24-026,1.9,21/22,Corona Virus,2022-02-04,2022-02-12,9,2
Ryan Gravenberch,Netherlands,MF,,24-026,1.9,20/21,Corona Virus,2020-09-19,2020-10-02,14,2
Jorrel Hato,Netherlands,DF,,20-096,1.82,25/26,Unknown Injury,2025-12-20,2025-12-31,12,2
Jan Paul van Hecke,Netherlands,DF,,26-003,1.89,25/26,Thigh Problems,2026-02-06,2026-02-10,5,1
Jan Paul van Hecke,Netherlands,DF,,26-003,1.89,25/26,Ill,2025-12-19,2025-12-22,4,1
Jan Paul van Hecke,Netherlands,DF,,26-003,1.89,24/25,Head Injury,2025-04-19,2025-05-03,15,1
Jan Paul van Hecke,Netherlands,DF,,26-003,1.89,24/25,Groin Injury,2024-09-23,2024-10-16,24,4
Jan Paul van Hecke,Netherlands,DF,,26-003,1.89,23/24,Hamstring Injury,2024-04-26,2024-05-26,31,5
Frenkie de Jong,Netherlands,"DF,MF",,29-030,1.81,25/26,Unknown Injury,2026-05-11,2026-05-18,8,2
Frenkie de Jong,Netherlands,"DF,MF",,29-030,1.81,25/26,Hamstring Injury,2026-02-26,2026-04-11,45,11
Frenkie de Jong,Netherlands,"DF,MF",,29-030,1.81,25/26,Fever,2025-12-01,2025-12-06,6,1
Frenkie de Jong,Netherlands,"DF,MF",,29-030,1.81,25/26,Muscle Injury,2025-09-05,2025-09-17,13,2
Frenkie de Jong,Netherlands,"DF,MF",,29-030,1.81,24/25,Stomach Flu,2025-03-16,2025-03-18,3,1
Frenkie de Jong,Netherlands,"DF,MF",,29-030,1.81,24/25,Rest,2024-11-18,2024-11-20,3,1
Frenkie de Jong,Netherlands,"DF,MF",,29-030,1.81,23/24,Ankle Injury,2024-04-22,2024-10-01,163,25
Frenkie de Jong,Netherlands,"DF,MF",,29-030,1.81,23/24,Ankle Injury,2024-03-04,2024-04-08,36,6
Frenkie de Jong,Netherlands,"DF,MF",,29-030,1.81,23/24,Fever,2023-12-11,2023-12-15,5,1
Frenkie de Jong,Netherlands,"DF,MF",,29-030,1.81,23/24,Ankle Sprain,2023-09-24,2023-11-24,62,14
Frenkie de Jong,Netherlands,"DF,MF",,29-030,1.81,22/23,Knee Injury,2023-03-20,2023-04-21,33,6
Frenkie de Jong,Netherlands,"DF,MF",,29-030,1.81,22/23,Muscle Injury,2022-09-22,2022-10-08,17,3
Frenkie de Jong,Netherlands,"DF,MF",,29-030,1.81,21/22,Muscle Strain,2022-01-06,2022-01-10,5,1
Frenkie de Jong,Netherlands,"DF,MF",,29-030,1.81,21/22,Muscle Injury,2021-10-25,2021-11-01,8,2
Frenkie de Jong,Netherlands,"DF,MF",,29-030,1.81,21/22,Calf Injury,2021-08-05,2021-08-16,12,-
Justin Kluivert,Netherlands,"FW,MF",,27-037,1.73,25/26,Knee Surgery,2026-01-04,2026-05-07,124,18
Justin Kluivert,Netherlands,"FW,MF",,27-037,1.73,25/26,Adductor Injury,2025-11-15,2025-11-24,10,2
Justin Kluivert,Netherlands,"FW,MF",,27-037,1.73,25/26,Calf Injury,2025-07-16,2025-08-23,39,1
Justin Kluivert,Netherlands,"FW,MF",,27-037,1.73,24/25,Unknown Injury,2025-04-01,2025-04-11,11,2
Justin Kluivert,Netherlands,"FW,MF",,27-037,1.73,22/23,Hamstring Injury,2023-04-09,2023-05-05,27,5
Justin Kluivert,Netherlands,"FW,MF",,27-037,1.73,22/23,Unknown Injury,2023-01-31,2023-02-07,8,2
Justin Kluivert,Netherlands,"FW,MF",,27-037,1.73,21/22,Hamstring Injury,2021-09-25,2021-11-08,45,9
Justin Kluivert,Netherlands,"FW,MF",,27-037,1.73,21/22,Hamstring Strain,2021-08-29,2021-09-13,16,4
Justin Kluivert,Netherlands,"FW,MF",,27-037,1.73,20/21,Ankle Injury,2021-01-31,2021-02-09,10,2
Justin Kluivert,Netherlands,"FW,MF",,27-037,1.73,20/21,Calf Injury,2020-12-17,2021-01-11,26,4
Justin Kluivert,Netherlands,"FW,MF",,27-037,1.73,19/20,Hamstring Injury,2019-12-02,2020-01-14,44,6
Justin Kluivert,Netherlands,"FW,MF",,27-037,1.73,18/19,Adductor Injury,2019-04-27,2019-05-04,8,-
Justin Kluivert,Netherlands,"FW,MF",,27-037,1.73,18/19,Muscle Injury,2018-10-20,2018-11-02,14,2
Justin Kluivert,Netherlands,"FW,MF",,27-037,1.73,17/18,Muscle Injury,2017-08-24,2017-09-07,15,1
Teun Koopmeiners,Netherlands,"DF,MF",,28-103,1.85,24/25,Achilles Tendon Irritation,2025-04-14,2025-06-05,53,5
Teun Koopmeiners,Netherlands,"DF,MF",,28-103,1.85,24/25,Rib Fracture,2024-10-06,2024-10-28,23,5
Teun Koopmeiners,Netherlands,"DF,MF",,28-103,1.85,23/24,Adductor Injury,2024-06-10,2024-07-18,39,7
Teun Koopmeiners,Netherlands,"DF,MF",,28-103,1.85,23/24,Minor Knock,2024-03-25,2024-03-29,5,1
Teun Koopmeiners,Netherlands,"DF,MF",,28-103,1.85,23/24,Unknown Injury,2024-01-24,2024-02-08,16,2
Teun Koopmeiners,Netherlands,"DF,MF",,28-103,1.85,23/24,Unknown Injury,2023-10-09,2023-10-25,17,3
Teun Koopmeiners,Netherlands,"DF,MF",,28-103,1.85,22/23,Hamstring Muscle Injury,2023-03-04,2023-04-17,45,6
Teun Koopmeiners,Netherlands,"DF,MF",,28-103,1.85,22/23,Head Injury,2022-09-22,2022-09-29,8,1
Teun Koopmeiners,Netherlands,"DF,MF",,28-103,1.85,21/22,Unknown Injury,2022-04-27,2022-04-28,2,1
Teun Koopmeiners,Netherlands,"DF,MF",,28-103,1.85,21/22,Corona Virus,2022-01-21,2022-02-02,13,1
Teun Koopmeiners,Netherlands,"DF,MF",,28-103,1.85,20/21,Corona Virus,2021-04-30,2021-05-10,11,2
Teun Koopmeiners,Netherlands,"DF,MF",,28-103,1.85,17/18,Ill,2018-02-16,2018-02-19,4,1
Noa Lang,Netherlands,"FW,MF",,26-359,1.76,25/26,Finger Injury,2026-03-18,2026-03-26,9,-
Noa Lang,Netherlands,"FW,MF",,26-359,1.76,25/26,Bruise,2026-01-20,2026-01-30,11,2
Noa Lang,Netherlands,"FW,MF",,26-359,1.76,24/25,Ill,2025-01-24,2025-02-03,11,3
Noa Lang,Netherlands,"FW,MF",,26-359,1.76,24/25,Back Problems,2024-11-22,2024-11-25,4,1
Noa Lang,Netherlands,"FW,MF",,26-359,1.76,24/25,Rest,2024-08-29,2024-09-02,5,1
Noa Lang,Netherlands,"FW,MF",,26-359,1.76,23/24,Hamstring Injury,2024-01-27,2024-07-01,157,24
Noa Lang,Netherlands,"FW,MF",,26-359,1.76,23/24,Hamstring Injury,2023-10-08,2023-12-31,85,15
Noa Lang,Netherlands,"FW,MF",,26-359,1.76,23/24,Hamstring Injury,2023-08-17,2023-08-21,5,1
Noa Lang,Netherlands,"FW,MF",,26-359,1.76,22/23,Hamstring Injury,2022-12-21,2023-01-01,12,1
Noa Lang,Netherlands,"FW,MF",,26-359,1.76,22/23,Ankle Injury,2022-08-21,2022-09-28,39,8
Noa Lang,Netherlands,"FW,MF",,26-359,1.76,21/22,Corona Virus,2022-01-28,2022-02-05,9,2
Noa Lang,Netherlands,"FW,MF",,26-359,1.76,20/21,Thigh Problems,2021-03-28,2021-04-09,13,1
Noa Lang,Netherlands,"FW,MF",,26-359,1.76,20/21,Corona Virus,2021-02-16,2021-02-27,12,3
Noa Lang,Netherlands,"FW,MF",,26-359,1.76,19/20,Knee Problems,2020-01-10,2020-01-25,16,1
Noa Lang,Netherlands,"FW,MF",,26-359,1.76,19/20,Knee Problems,2019-09-21,2019-09-26,6,2
Donyell Malen,Netherlands,"FW,MF",,27-153,1.78,24/25,Ill,2025-02-26,2025-03-03,6,1
Donyell Malen,Netherlands,"FW,MF",,27-153,1.78,24/25,Fever,2024-09-29,2024-10-03,5,1
Donyell Malen,Netherlands,"FW,MF",,27-153,1.78,23/24,Knee Problems,2024-04-14,2024-04-29,16,3
Donyell Malen,Netherlands,"FW,MF",,27-153,1.78,23/24,Thigh Problems,2024-03-26,2024-04-11,17,3
Donyell Malen,Netherlands,"FW,MF",,27-153,1.78,22/23,Ankle Problems,2023-03-02,2023-03-04,3,1
Donyell Malen,Netherlands,"FW,MF",,27-153,1.78,22/23,Cold,2022-10-20,2022-10-24,5,1
Donyell Malen,Netherlands,"FW,MF",,27-153,1.78,22/23,Torn Muscle Fiber,2022-08-18,2022-09-12,26,5
Donyell Malen,Netherlands,"FW,MF",,27-153,1.78,21/22,Strain,2022-04-07,2022-07-14,99,10
Donyell Malen,Netherlands,"FW,MF",,27-153,1.78,21/22,Stomach Flu,2021-10-25,2021-10-28,4,1
Donyell Malen,Netherlands,"FW,MF",,27-153,1.78,19/20,Knee Surgery,2019-12-16,2020-08-13,242,11
Donyell Malen,Netherlands,"FW,MF",,27-153,1.78,19/20,Ankle Injury,2019-10-24,2019-11-18,26,6
Memphis,Netherlands,"FW,MF",,32-118,1.78,25/26,Hamstring Muscle Injury,2026-03-22,2026-05-23,63,17
Memphis,Netherlands,"FW,MF",,32-118,1.78,25/26,Inflammation Of Ligaments In The Knee,2025-11-21,2025-12-06,16,3
Memphis,Netherlands,"FW,MF",,32-118,1.78,25/26,Hamstring Injury,2025-09-11,2025-10-04,24,4
Memphis,Netherlands,"FW,MF",,32-118,1.78,25/26,Hamstring Injury,2025-08-07,2025-08-26,20,3
Memphis,Netherlands,"FW,MF",,32-118,1.78,24/25,Ankle Sprain,2025-05-11,2025-05-26,16,4
Memphis,Netherlands,"FW,MF",,32-118,1.78,24/25,Leg Injury,2025-04-28,2025-05-02,5,1
Memphis,Netherlands,"FW,MF",,32-118,1.78,24/25,Injury To The Ankle,2025-04-06,2025-04-11,6,1
Memphis,Netherlands,"FW,MF",,32-118,1.78,24/25,Fitness,2024-09-13,2024-09-20,8,2
Memphis,Netherlands,"FW,MF",,32-118,1.78,24/25,Muscle Injury,2024-07-10,2024-08-01,23,-
Memphis,Netherlands,"FW,MF",,32-118,1.78,23/24,Muscle Injury,2024-04-09,2024-05-11,33,6
Memphis,Netherlands,"FW,MF",,32-118,1.78,23/24,Muscle Injury,2024-04-08,2024-05-06,29,6
Memphis,Netherlands,"FW,MF",,32-118,1.78,23/24,Muscle Injury,2023-09-26,2023-11-24,60,14
Memphis,Netherlands,"FW,MF",,32-118,1.78,23/24,Muscle Injury,2023-09-15,2023-09-20,6,2
Memphis,Netherlands,"FW,MF",,32-118,1.78,22/23,Calf Injury,2023-05-02,2023-07-30,90,8
Memphis,Netherlands,"FW,MF",,32-118,1.78,22/23,Muscle Injury,2023-04-01,2023-04-25,25,4
Tijjani Reijnders,Netherlands,MF,,27-317,1.78,21/22,Unknown Injury,2022-01-21,2022-02-01,12,1
Robin Roefs,Netherlands,GK,,23-145,1.93,25/26,Hamstring Injury,2026-03-01,2026-04-01,32,4
Robin Roefs,Netherlands,GK,,23-145,1.93,24/25,Unknown Injury,2024-09-09,2024-09-27,19,3
Robin Roefs,Netherlands,GK,,23-145,1.93,22/23,Inguinal Hernia,2023-01-01,2023-05-25,145,20
Marten de Roon,Netherlands,"DF,MF",,35-074,1.86,25/26,Muscular Problems,2025-10-29,2025-11-04,7,1
Marten de Roon,Netherlands,"DF,MF",,35-074,1.86,23/24,Hamstring Muscle Injury,2024-05-15,2024-07-18,65,11
Marten de Roon,Netherlands,"DF,MF",,35-074,1.86,22/23,Muscular Problems,2022-11-09,2022-11-20,12,1
Marten de Roon,Netherlands,"DF,MF",,35-074,1.86,22/23,Hamstring Muscle Injury,2022-10-26,2022-11-04,10,1
Marten de Roon,Netherlands,"DF,MF",,35-074,1.86,21/22,Corona Virus,2022-01-21,2022-02-02,13,1
Marten de Roon,Netherlands,"DF,MF",,35-074,1.86,20/21,Unknown Injury,2020-10-24,2020-11-15,23,5
Marten de Roon,Netherlands,"DF,MF",,35-074,1.86,18/19,Injury To The Ankle,2018-12-22,2019-01-10,20,2
Marten de Roon,Netherlands,"DF,MF",,35-074,1.86,17/18,Muscular Problems,2017-11-29,2017-12-04,6,-
Marten de Roon,Netherlands,"DF,MF",,35-074,1.86,17/18,Unknown Injury,2017-08-14,2017-08-18,5,-
Marten de Roon,Netherlands,"DF,MF",,35-074,1.86,16/17,Hamstring Injury,2016-08-13,2016-08-30,18,3
Marten de Roon,Netherlands,"DF,MF",,35-074,1.86,14/15,Thigh Problems,2014-05-08,2014-05-31,24,1
Marten de Roon,Netherlands,"DF,MF",,35-074,1.86,13/14,Thigh Problems,2013-08-29,2013-09-09,12,1
Marten de Roon,Netherlands,"DF,MF",,35-074,1.86,12/13,Groin Problems,2013-04-08,2013-04-18,11,1
Crysencio Summerville,Netherlands,"FW,MF",,24-224,1.72,25/26,Calf Injury,2026-03-09,2026-04-07,30,3
Crysencio Summerville,Netherlands,"FW,MF",,24-224,1.72,25/26,Knock,2025-11-21,2025-12-05,15,3
Crysencio Summerville,Netherlands,"FW,MF",,24-224,1.72,24/25,Hamstring Injury,2025-01-10,2025-09-13,247,21
Crysencio Summerville,Netherlands,"FW,MF",,24-224,1.72,23/24,Groin Strain,2023-08-08,2023-08-30,23,3
Crysencio Summerville,Netherlands,"FW,MF",,24-224,1.72,22/23,Unknown Injury,2023-01-13,2023-01-30,18,4
Crysencio Summerville,Netherlands,"FW,MF",,24-224,1.72,21/22,Ankle Injury,2022-04-23,2022-06-30,69,9
Crysencio Summerville,Netherlands,"FW,MF",,24-224,1.72,18/19,Unknown Injury,2019-01-31,2019-02-07,8,1
Guus Til,Netherlands,"FW,MF",,28-171,1.88,25/26,Unknown Injury,2026-02-17,2026-03-21,33,5
Guus Til,Netherlands,"FW,MF",,28-171,1.88,23/24,Unknown Injury,2024-02-01,2024-03-02,31,5
Guus Til,Netherlands,"FW,MF",,28-171,1.88,22/23,Ankle Injury,2023-03-02,2023-03-08,7,1
Guus Til,Netherlands,"FW,MF",,28-171,1.88,21/22,Knee Injury,2022-04-11,2022-04-27,17,2
Guus Til,Netherlands,"FW,MF",,28-171,1.88,20/21,Ligament Injury,2020-08-31,2020-10-15,46,9
Guus Til,Netherlands,"FW,MF",,28-171,1.88,19/20,Muscle Injury,2020-06-22,2020-07-02,11,2
Guus Til,Netherlands,"FW,MF",,28-171,1.88,17/18,Minor Knock,2018-02-08,2018-02-15,8,1
Jurriën Timber,Netherlands,DF,,24-359,1.79,25/26,Groin Injury,2026-06-01,,15,-
Jurriën Timber,Netherlands,DF,,24-359,1.79,25/26,Hip Injury,2026-05-14,2026-05-24,11,1
Jurriën Timber,Netherlands,DF,,24-359,1.79,25/26,Ankle Injury,2026-03-14,2026-05-04,52,10
Jurriën Timber,Netherlands,DF,,24-359,1.79,25/26,Ankle Injury,2025-12-24,2025-12-28,5,1
Jurriën Timber,Netherlands,DF,,24-359,1.79,24/25,Unknown Injury,2025-05-02,2025-05-05,4,1
Jurriën Timber,Netherlands,DF,,24-359,1.79,24/25,Ill,2025-03-19,2025-03-24,6,2
Jurriën Timber,Netherlands,DF,,24-359,1.79,24/25,Hamstring Muscle Injury,2025-01-02,2025-01-07,6,1
Jurriën Timber,Netherlands,DF,,24-359,1.79,24/25,Muscle Injury,2024-10-01,2024-10-25,25,5
Jurriën Timber,Netherlands,DF,,24-359,1.79,24/25,Knock,2024-09-22,2024-09-28,7,1
Jurriën Timber,Netherlands,DF,,24-359,1.79,23/24,Cruciate Ligament Tear,2023-08-13,2024-04-21,253,53
Jurriën Timber,Netherlands,DF,,24-359,1.79,22/23,Ill,2023-01-11,2023-01-13,3,1
Jurriën Timber,Netherlands,DF,,24-359,1.79,22/23,Knock,2022-07-15,2022-07-22,8,-
Jurriën Timber,Netherlands,DF,,24-359,1.79,21/22,Knock,2022-03-23,2022-04-01,10,2
Jurriën Timber,Netherlands,DF,,24-359,1.79,21/22,Knock,2022-02-25,2022-03-10,14,2
Jurriën Timber,Netherlands,DF,,24-359,1.79,21/22,Knock,2021-11-08,2021-11-20,13,2
Quinten Timber,Netherlands,MF,,24-359,1.76,25/26,Shoulder Injury,2026-03-01,2026-03-05,5,1
Quinten Timber,Netherlands,MF,,24-359,1.76,25/26,Foot Injury,2025-09-29,2025-10-25,27,6
Quinten Timber,Netherlands,MF,,24-359,1.76,24/25,Torn Lateral Knee Ligament,2025-02-12,2025-07-25,164,20
Quinten Timber,Netherlands,MF,,24-359,1.76,24/25,Knee Problems,2025-01-06,2025-02-02,28,5
Quinten Timber,Netherlands,MF,,24-359,1.76,24/25,Ankle Injury,2024-11-22,2024-11-25,4,1
Quinten Timber,Netherlands,MF,,24-359,1.76,24/25,Ankle Injury,2024-07-13,2024-08-02,21,-
Quinten Timber,Netherlands,MF,,24-359,1.76,23/24,Thigh Problems,2024-05-10,2024-07-04,56,8
Quinten Timber,Netherlands,MF,,24-359,1.76,23/24,Concussion,2024-02-07,2024-02-16,10,2
Quinten Timber,Netherlands,MF,,24-359,1.76,22/23,Knee Injury,2023-02-24,2023-04-28,64,16
Quinten Timber,Netherlands,MF,,24-359,1.76,22/23,Foot Injury,2022-12-28,2023-01-21,25,3
Quinten Timber,Netherlands,MF,,24-359,1.76,21/22,Ill,2021-09-17,2021-09-21,5,1
Quinten Timber,Netherlands,MF,,24-359,1.76,20/21,Corona Virus,2021-03-11,2021-04-01,22,7
Quinten Timber,Netherlands,MF,,24-359,1.76,20/21,Metatarsal Fracture,2020-09-15,2021-01-24,132,17
Virgil van Dijk,Netherlands,DF,,34-338,1.95,24/25,Rest,2024-11-18,2024-11-20,3,1
Virgil van Dijk,Netherlands,DF,,34-338,1.95,23/24,Ill,2024-01-06,2024-01-09,4,1
Virgil van Dijk,Netherlands,DF,,34-338,1.95,22/23,Ill,2023-04-02,2023-04-06,5,1
Virgil van Dijk,Netherlands,DF,,34-338,1.95,22/23,Hamstring Injury,2023-01-02,2023-02-12,42,6
Virgil van Dijk,Netherlands,DF,,34-338,1.95,21/22,Rest,2022-06-06,2022-06-16,11,3
Virgil van Dijk,Netherlands,DF,,34-338,1.95,21/22,Knee Problems,2022-05-16,2022-05-19,4,1
Virgil van Dijk,Netherlands,DF,,34-338,1.95,21/22,Corona Virus,2021-12-16,2021-12-27,12,3
Virgil van Dijk,Netherlands,DF,,34-338,1.95,20/21,Cruciate Ligament Tear,2020-10-19,2021-06-30,255,57
Virgil van Dijk,Netherlands,DF,,34-338,1.95,19/20,Ill,2019-12-16,2019-12-19,4,2
Virgil van Dijk,Netherlands,DF,,34-338,1.95,18/19,Ankle Injury,2019-04-01,2019-04-04,4,-
Virgil van Dijk,Netherlands,DF,,34-338,1.95,18/19,Ill,2019-01-21,2019-01-28,8,-
Virgil van Dijk,Netherlands,DF,,34-338,1.95,18/19,Ill,2019-01-03,2019-01-10,8,1
Virgil van Dijk,Netherlands,DF,,34-338,1.95,18/19,Rib Fracture,2018-10-15,2018-10-18,4,1
Virgil van Dijk,Netherlands,DF,,34-338,1.95,18/19,Knock,2018-09-24,2018-09-27,4,1
Virgil van Dijk,Netherlands,DF,,34-338,1.95,17/18,Thigh Problems,2017-12-21,2018-01-15,26,5
Micky van de Ven,Netherlands,DF,,25-053,1.93,25/26,Knock,2026-01-25,2026-01-31,7,1
Micky van de Ven,Netherlands,DF,,25-053,1.93,24/25,Thigh Problems,2025-02-02,2025-03-05,32,6
Micky van de Ven,Netherlands,DF,,25-053,1.93,24/25,Hamstring Injury,2024-12-08,2025-01-27,51,13
Micky van de Ven,Netherlands,DF,,25-053,1.93,24/25,Hamstring Injury,2024-10-30,2024-12-07,39,9
Micky van de Ven,Netherlands,DF,,25-053,1.93,24/25,Knee Injury,2024-08-29,2024-09-09,12,2
Micky van de Ven,Netherlands,DF,,25-053,1.93,23/24,Hamstring Injury,2024-03-10,2024-03-28,19,3
Micky van de Ven,Netherlands,DF,,25-053,1.93,23/24,Hamstring Injury,2023-11-06,2024-01-01,57,11
Micky van de Ven,Netherlands,DF,,25-053,1.93,21/22,Hamstring Injury,2022-02-07,2022-04-24,77,12
Micky van de Ven,Netherlands,DF,,25-053,1.93,21/22,Ill,2021-08-19,2021-08-31,13,2
Micky van de Ven,Netherlands,DF,,25-053,1.93,21/22,Knee Injury,2021-08-05,2021-08-18,14,1
Micky van de Ven,Netherlands,DF,,25-053,1.93,20/21,Rest,2021-05-11,2021-05-13,3,1
Micky van de Ven,Netherlands,DF,,25-053,1.93,20/21,Ill,2021-01-29,2021-02-22,25,2
Micky van de Ven,Netherlands,DF,,25-053,1.93,20/21,Foot Injury,2020-09-03,2020-10-26,54,8
Bart Verbruggen,Netherlands,GK,,23-297,1.93,25/26,Hip Injury,2026-06-09,2026-06-13,5,-
Bart Verbruggen,Netherlands,GK,,23-297,1.93,22/23,Virus,2023-03-23,2023-03-25,3,-
Wout Weghorst,Netherlands,FW,,33-308,1.97,25/26,Ill,2026-05-01,2026-05-09,9,1
Wout Weghorst,Netherlands,FW,,33-308,1.97,25/26,Ankle Sprain,2025-12-06,2026-01-23,49,8
Wout Weghorst,Netherlands,FW,,33-308,1.97,25/26,Minor Knock,2025-11-12,2025-11-21,10,2
Wout Weghorst,Netherlands,FW,,33-308,1.97,25/26,Unknown Injury,2025-09-29,2025-10-01,3,1
Wout Weghorst,Netherlands,FW,,33-308,1.97,25/26,Back Injury,2025-09-20,2025-09-26,7,1
Wout Weghorst,Netherlands,FW,,33-308,1.97,24/25,Broken Toe,2025-02-09,2025-03-31,51,12
Wout Weghorst,Netherlands,FW,,33-308,1.97,24/25,Ill,2024-11-27,2024-11-30,4,1
Wout Weghorst,Netherlands,FW,,33-308,1.97,24/25,Hamstring Injury,2024-09-28,2024-10-05,8,2
Wout Weghorst,Netherlands,FW,,33-308,1.97,23/24,Torn Muscle Fiber In The Adductor Area,2023-12-09,2023-12-31,23,2
Wout Weghorst,Netherlands,FW,,33-308,1.97,23/24,Unknown Injury,2023-09-29,2023-10-05,7,1
Wout Weghorst,Netherlands,FW,,33-308,1.97,23/24,Muscular Problems,2023-08-17,2023-08-24,8,1
Wout Weghorst,Netherlands,FW,,33-308,1.97,21/22,Corona Virus,2021-10-17,2021-11-01,16,3
Wout Weghorst,Netherlands,FW,,33-308,1.97,19/20,Hamstring Strain,2020-02-01,2020-02-06,6,1
Wout Weghorst,Netherlands,FW,,33-308,1.97,16/17,Groin Injury,2017-03-18,2017-03-25,8,1
Wout Weghorst,Netherlands,FW,,33-308,1.97,16/17,Nose Injury,2016-09-30,2016-10-13,14,1
Mats Wieffer,Netherlands,"DF,MF",,26-207,1.89,25/26,Toe Injury,2025-12-29,2026-02-13,47,9
Mats Wieffer,Netherlands,"DF,MF",,26-207,1.89,25/26,Knee Problems,2025-08-29,2025-09-15,18,4
Mats Wieffer,Netherlands,"DF,MF",,26-207,1.89,24/25,Leg Injury,2024-12-22,2025-02-10,51,9
Mats Wieffer,Netherlands,"DF,MF",,26-207,1.89,24/25,Thigh Problems,2024-12-21,2025-01-19,30,6
Mats Wieffer,Netherlands,"DF,MF",,26-207,1.89,24/25,Unknown Injury,2024-08-24,2024-09-16,24,6
Mats Wieffer,Netherlands,"DF,MF",,26-207,1.89,23/24,Thigh Problems,2024-04-17,2024-06-17,62,8
Mats Wieffer,Netherlands,"DF,MF",,26-207,1.89,23/24,Ill,2023-11-03,2023-11-05,3,1
Mats Wieffer,Netherlands,"DF,MF",,26-207,1.89,22/23,Knock,2022-12-15,2022-12-27,13,-
Mats Wieffer,Netherlands,"DF,MF",,26-207,1.89,22/23,Syndesmotic Ligament Tear,2022-07-09,2022-09-02,56,4
Mats Wieffer,Netherlands,"DF,MF",,26-207,1.89,20/21,Ankle Injury,2020-09-11,2020-09-29,19,2
Kosta Barbarouses,New Zealand,"FW,MF",,36-112,1.71,25/26,Calf Problems,2026-04-16,2026-04-30,15,2
Kosta Barbarouses,New Zealand,"FW,MF",,36-112,1.71,25/26,Calf Injury,2026-04-01,2026-04-10,10,1
Kosta Barbarouses,New Zealand,"FW,MF",,36-112,1.71,23/24,Calf Muscle Tear,2024-02-21,2024-02-29,9,1
Kosta Barbarouses,New Zealand,"FW,MF",,36-112,1.71,22/23,Hamstring Injury,2023-02-03,2023-03-03,29,3
Kosta Barbarouses,New Zealand,"FW,MF",,36-112,1.71,21/22,Corona Virus,2022-04-11,2022-04-24,14,4
Kosta Barbarouses,New Zealand,"FW,MF",,36-112,1.71,21/22,Broken Fibula,2021-10-01,2022-02-17,140,19
Lachlan Bayliss,New Zealand,MF,,23-322,1.78,23/24,Unknown Injury,2023-12-01,2024-03-14,105,16
Joe Bell,New Zealand,MF,,27-045,1.82,-,Ninguna,,,0,0
Tyler Bindon,New Zealand,DF,,21-135,1.9,25/26,Ankle Problems,2026-04-25,2026-05-03,9,2
Tyler Bindon,New Zealand,DF,,21-135,1.9,24/25,Ill,2025-03-29,2025-04-03,6,2
Tyler Bindon,New Zealand,DF,,21-135,1.9,24/25,Concussion,2024-08-31,2024-09-10,11,1
Tyler Bindon,New Zealand,DF,,21-135,1.9,23/24,Concussion,2023-08-25,2023-09-08,15,3
Michael Boxall,New Zealand,DF,,37-297,1.91,25/26,Adductor Injury,2026-03-02,2026-04-30,60,12
Michael Boxall,New Zealand,DF,,37-297,1.91,21/22,Hamstring Injury,2021-07-05,2021-08-09,36,10
Liberato Cacace,New Zealand,"DF,MF",,25-257,1.82,25/26,Thigh Problems,2025-08-15,2025-08-27,13,3
Liberato Cacace,New Zealand,"DF,MF",,25-257,1.82,20/21,Corona Virus,2021-03-16,2021-04-01,17,-
Max Crocombe,New Zealand,GK,,32-303,1.9,-,Ninguna,,,0,0
Callan Elliot,New Zealand,DF,,26-339,1.77,-,Ninguna,,,0,0
Matt Garbett,New Zealand,MF,,24-059,1.92,25/26,Foot Injury,2026-02-01,2026-04-10,69,13
Matt Garbett,New Zealand,MF,,24-059,1.92,24/25,Ill,2024-08-07,2024-08-12,6,-
Eli Just,New Zealand,MF,,26-041,,-,No Encontrado,,,0,0
Callum McCowatt,New Zealand,"FW,MF",,27-042,1.8,25/26,Concussion,2025-11-07,2025-11-21,15,2
Ben Old,New Zealand,MF,,23-302,1.73,24/25,Torn Lateral Knee Ligament,2024-10-18,2025-03-25,159,24
Ben Old,New Zealand,MF,,23-302,1.73,24/25,Adductor Pain,2024-08-25,2024-09-07,14,1
Ben Old,New Zealand,MF,,23-302,1.73,22/23,Unknown Injury,2023-04-02,2023-10-01,183,9
Alex Paulsen,New Zealand,GK,,23-342,,-,Ninguna,,,0,0
Tim Payne,New Zealand,"DF,FW",,32-152,1.79,25/26,Hamstring Strain,2026-04-01,2026-04-11,11,1
Tim Payne,New Zealand,"DF,FW",,32-152,1.79,25/26,Hamstring Injury,2026-02-14,2026-03-05,20,2
Tim Payne,New Zealand,"DF,FW",,32-152,1.79,25/26,Broken Collarbone,2025-10-27,2026-01-10,76,11
Tim Payne,New Zealand,"DF,FW",,32-152,1.79,24/25,Achilles Heel Problems,2025-07-01,2025-08-09,40,1
Tim Payne,New Zealand,"DF,FW",,32-152,1.79,24/25,Unknown Injury,2025-01-04,2025-02-05,33,4
Tim Payne,New Zealand,"DF,FW",,32-152,1.79,24/25,Hip Injury,2024-11-15,2024-12-05,21,3
Tim Payne,New Zealand,"DF,FW",,32-152,1.79,23/24,Hamstring Injury,2024-03-17,2024-04-04,19,3
Tim Payne,New Zealand,"DF,FW",,32-152,1.79,23/24,Muscle Contusion,2024-02-15,2024-02-22,8,1
Tim Payne,New Zealand,"DF,FW",,32-152,1.79,13/14,Ankle Injury,2013-08-30,2013-11-30,93,17
Nando Pijnaker,New Zealand,DF,,27-106,1.85,25/26,Shoulder Injury,2026-04-12,2026-04-30,19,6
Nando Pijnaker,New Zealand,DF,,27-106,1.85,25/26,Unknown Injury,2026-02-18,2026-04-01,43,11
Nando Pijnaker,New Zealand,DF,,27-106,1.85,25/26,Unknown Injury,2026-02-01,2026-02-16,16,3
Nando Pijnaker,New Zealand,DF,,27-106,1.85,25/26,Ankle Surgery,2025-08-18,2025-11-02,77,9
Nando Pijnaker,New Zealand,DF,,27-106,1.85,24/25,Ankle Injury,2025-02-05,2025-02-14,10,-
Nando Pijnaker,New Zealand,DF,,27-106,1.85,23/24,Rib Fracture,2024-04-01,2024-06-26,87,15
Nando Pijnaker,New Zealand,DF,,27-106,1.85,19/20,Unknown Injury,2020-08-01,2020-09-18,49,2
Jesse Randall,New Zealand,MF,,23-296,1.76,-,Ninguna,,,0,0
Alex Rufer,New Zealand,MF,,29-364,1.8,25/26,Knock,2026-02-05,2026-02-09,5,1
Alex Rufer,New Zealand,MF,,29-364,1.8,25/26,Unknown Injury,2025-06-11,2025-08-17,68,2
Alex Rufer,New Zealand,MF,,29-364,1.8,24/25,Ill,2024-12-31,2025-02-13,45,6
Alex Rufer,New Zealand,MF,,29-364,1.8,23/24,Muscle Contusion,2024-02-18,2024-02-19,2,1
Alex Rufer,New Zealand,MF,,29-364,1.8,21/22,Cruciate Ligament Tear,2022-03-15,2022-12-10,271,32
Sarpreet Singh,New Zealand,MF,,27-111,1.8,25/26,Collateral Ligament Injury,2026-02-14,2026-04-23,69,10
Sarpreet Singh,New Zealand,MF,,27-111,1.8,23/24,Knee Problems,2024-03-14,2024-03-18,5,1
Sarpreet Singh,New Zealand,MF,,27-111,1.8,23/24,Calf Problems,2023-10-19,2023-10-30,12,2
Sarpreet Singh,New Zealand,MF,,27-111,1.8,21/22,Inflammation Of Pubic Bone,2022-03-31,2022-09-26,180,21
Sarpreet Singh,New Zealand,MF,,27-111,1.8,21/22,Inflammation Of Pubic Bone,2022-03-03,2022-03-21,19,3
Sarpreet Singh,New Zealand,MF,,27-111,1.8,20/21,Calf Stiffness,2021-04-01,2021-04-08,8,1
Sarpreet Singh,New Zealand,MF,,27-111,1.8,20/21,Ill,2021-02-18,2021-02-25,8,2
Tommy Smith,New Zealand,DF,,36-072,1.78,-,Ninguna,,,0,0
Marko Stamenic,New Zealand,MF,,24-112,1.88,24/25,Unknown Injury,2025-02-01,2025-02-17,17,4
Marko Stamenic,New Zealand,MF,,24-112,1.88,23/24,Knock,2024-05-15,2024-05-20,6,1
Marko Stamenic,New Zealand,MF,,24-112,1.88,23/24,Knock,2024-02-05,2024-02-20,16,2
Marko Stamenic,New Zealand,MF,,24-112,1.88,23/24,Knock,2023-12-01,2023-12-05,5,1
Marko Stamenic,New Zealand,MF,,24-112,1.88,21/22,Unknown Injury,2021-10-22,2021-11-03,13,1
Finn Surman,New Zealand,DF,,22-261,1.9,23/24,Head Injury,2024-03-24,2024-03-30,7,1
Ryan Thomas,New Zealand,"FW,MF",,31-173,1.76,23/24,Cruciate Ligament Injury,2023-12-10,2024-06-30,204,24
Ryan Thomas,New Zealand,"FW,MF",,31-173,1.76,23/24,Knee Injury,2023-08-01,2023-10-15,76,8
Ryan Thomas,New Zealand,"FW,MF",,31-173,1.76,21/22,Knee Injury,2021-10-12,2022-12-31,446,58
Ryan Thomas,New Zealand,"FW,MF",,31-173,1.76,21/22,Unknown Injury,2021-09-07,2021-09-14,8,1
Ryan Thomas,New Zealand,"FW,MF",,31-173,1.76,21/22,Ankle Injury,2021-07-25,2021-08-13,20,4
Ryan Thomas,New Zealand,"FW,MF",,31-173,1.76,20/21,Ankle Injury,2021-03-06,2021-06-30,117,10
Ryan Thomas,New Zealand,"FW,MF",,31-173,1.76,20/21,Knock,2020-11-07,2020-12-28,52,11
Ryan Thomas,New Zealand,"FW,MF",,31-173,1.76,18/19,Knee Injury,2018-08-22,2019-09-03,378,52
Ryan Thomas,New Zealand,"FW,MF",,31-173,1.76,17/18,Knock,2018-01-30,2018-02-05,7,2
Ryan Thomas,New Zealand,"FW,MF",,31-173,1.76,16/17,Leg Injury,2016-09-29,2016-10-20,22,4
Ryan Thomas,New Zealand,"FW,MF",,31-173,1.76,15/16,Knee Injury,2015-12-10,2016-07-25,229,26
Ryan Thomas,New Zealand,"FW,MF",,31-173,1.76,14/15,Muscle Injury,2015-04-17,2015-04-25,9,1
Ryan Thomas,New Zealand,"FW,MF",,31-173,1.76,14/15,Ill,2015-02-19,2015-02-26,8,1
Ryan Thomas,New Zealand,"FW,MF",,31-173,1.76,14/15,Foot Injury,2014-12-18,2015-01-01,15,1
Ryan Thomas,New Zealand,"FW,MF",,31-173,1.76,13/14,Unknown Injury,2014-03-21,2014-03-25,5,1
Francis de Vries,New Zealand,DF,,31-195,1.81,25/26,Calf Stiffness,2026-03-28,2026-05-07,41,10
Francis de Vries,New Zealand,DF,,31-195,1.81,24/25,Cruciate Ligament Tear,2022-07-01,2023-03-24,267,23
Ben Waine,New Zealand,FW,,25-000,1.85,-,Ninguna,,,0,0
Chris Wood,New Zealand,FW,,34-186,1.91,25/26,Knee Surgery,2025-12-27,2026-03-20,84,20
Chris Wood,New Zealand,FW,,34-186,1.91,25/26,Knee Injury,2025-10-22,2025-12-27,67,16
Chris Wood,New Zealand,FW,,34-186,1.91,24/25,Hip Problems,2025-03-25,2025-04-11,18,3
Chris Wood,New Zealand,FW,,34-186,1.91,23/24,Hamstring Injury,2024-01-30,2024-03-04,35,7
Chris Wood,New Zealand,FW,,34-186,1.91,22/23,Hamstring Injury,2023-03-30,2023-07-03,96,13
Chris Wood,New Zealand,FW,,34-186,1.91,21/22,Hip Injury,2022-05-09,2022-05-20,12,1
Chris Wood,New Zealand,FW,,34-186,1.91,20/21,Hamstring Strain,2021-02-01,2021-02-18,18,5
Chris Wood,New Zealand,FW,,34-186,1.91,19/20,Calf Injury,2020-06-05,2020-07-04,30,3
Chris Wood,New Zealand,FW,,34-186,1.91,19/20,Hamstring Strain,2020-02-16,2020-02-28,13,1
Chris Wood,New Zealand,FW,,34-186,1.91,19/20,Hamstring Strain,2020-01-05,2020-01-10,6,-
Chris Wood,New Zealand,FW,,34-186,1.91,19/20,Calf Injury,2019-12-15,2019-12-20,6,-
Chris Wood,New Zealand,FW,,34-186,1.91,19/20,Hamstring Injury,2019-10-20,2019-11-08,20,2
Chris Wood,New Zealand,FW,,34-186,1.91,18/19,Knock,2018-08-04,2018-08-11,8,1
Chris Wood,New Zealand,FW,,34-186,1.91,17/18,Foot Injury,2018-04-28,2018-05-13,16,1
Chris Wood,New Zealand,FW,,34-186,1.91,17/18,Knee Injury,2017-12-23,2018-02-24,64,9
Michael Woud,New Zealand,GK,,27-146,1.96,25/26,Adductor Injury,2026-04-03,2026-04-18,16,2
Michael Woud,New Zealand,GK,,27-146,1.96,21/22,Shoulder Injury,2021-11-28,2022-01-15,49,4
Michael Woud,New Zealand,GK,,27-146,1.96,21/22,Ill,2021-11-06,2021-11-08,3,1
Michael Woud,New Zealand,GK,,27-146,1.96,19/20,Hip Injury,2019-09-20,2019-10-16,27,6
Michael Woud,New Zealand,GK,,27-146,1.96,19/20,Unknown Injury,2019-07-01,2019-08-31,62,4
Thelo Aasgaard,Norway,MF,,24-040,1.88,23/24,Shoulder Injury,2023-08-15,2023-09-03,20,3
Kristoffer Ajer,Norway,"DF,MF",,28-055,1.98,25/26,Back Problems,2025-11-07,2025-11-12,6,1
Kristoffer Ajer,Norway,"DF,MF",,28-055,1.98,24/25,Ankle Injury,2024-12-21,2025-01-25,36,6
Kristoffer Ajer,Norway,"DF,MF",,28-055,1.98,24/25,Foot Injury,2024-10-19,2024-12-07,50,9
Kristoffer Ajer,Norway,"DF,MF",,28-055,1.98,24/25,Ankle Injury,2024-08-31,2024-09-14,15,2
Kristoffer Ajer,Norway,"DF,MF",,28-055,1.98,23/24,Calf Strain,2024-04-06,2024-04-20,15,1
Kristoffer Ajer,Norway,"DF,MF",,28-055,1.98,23/24,Foot Injury,2023-12-02,2024-01-16,46,7
Kristoffer Ajer,Norway,"DF,MF",,28-055,1.98,21/22,Hamstring Injury,2022-07-09,2022-08-31,54,6
Kristoffer Ajer,Norway,"DF,MF",,28-055,1.98,20/21,Quarantine,2021-01-09,2021-01-19,11,2
Kristoffer Ajer,Norway,"DF,MF",,28-055,1.98,20/21,Groin Injury,2020-10-29,2020-11-07,10,2
Kristoffer Ajer,Norway,"DF,MF",,28-055,1.98,19/20,Virus,2020-01-25,2020-01-29,5,1
Kristoffer Ajer,Norway,"DF,MF",,28-055,1.98,19/20,Knee Problems,2019-08-29,2019-09-12,15,3
Kristoffer Ajer,Norway,"DF,MF",,28-055,1.98,19/20,Groin Problems,2019-08-29,2019-08-30,2,-
Kristoffer Ajer,Norway,"DF,MF",,28-055,1.98,18/19,Eyebow Fracture,2018-11-11,2018-12-15,35,7
Kristoffer Ajer,Norway,"DF,MF",,28-055,1.98,18/19,Hamstring Injury,2018-09-22,2018-10-27,36,8
Kristoffer Ajer,Norway,"DF,MF",,28-055,1.98,18/19,Virus,2018-09-18,2018-09-22,5,1
Fredrik André Bjørkan,Norway,DF,,27-294,1.8,25/26,Stomach Problems,2025-09-08,2025-09-18,11,3
Fredrik André Bjørkan,Norway,DF,,27-294,1.8,23/24,Hamstring Injury,2024-05-05,2024-06-17,44,8
Fredrik André Bjørkan,Norway,DF,,27-294,1.8,21/22,Corona Virus,2021-12-31,2022-01-20,21,3
Fredrik André Bjørkan,Norway,DF,,27-294,1.8,17/18,Ankle Injury,2018-04-09,2018-06-04,57,11
Fredrik Aursnes,Norway,"DF,MF",,30-183,1.81,25/26,Muscle Injury,2026-03-03,2026-04-10,39,6
Fredrik Aursnes,Norway,"DF,MF",,30-183,1.81,25/26,Muscle Injury,2026-02-20,2026-02-22,3,1
Fredrik Aursnes,Norway,"DF,MF",,30-183,1.81,24/25,Unknown Injury,2026-02-11,2026-02-15,5,1
Fredrik Aursnes,Norway,"DF,MF",,30-183,1.81,24/25,Knee Injury,2025-05-14,2025-05-23,10,1
Fredrik Aursnes,Norway,"DF,MF",,30-183,1.81,24/25,Muscle Injury,2025-02-13,2025-02-17,5,1
Fredrik Aursnes,Norway,"DF,MF",,30-183,1.81,22/23,Muscle Injury,2024-08-24,2024-09-17,25,4
Fredrik Aursnes,Norway,"DF,MF",,30-183,1.81,22/23,Muscle Injury,2022-11-04,2022-12-14,41,7
Patrick Berg,Norway,"DF,MF",,28-199,1.78,24/25,Muscle Injury,2025-07-06,2025-07-18,13,2
Patrick Berg,Norway,"DF,MF",,28-199,1.78,21/22,Adductor Pain,2022-04-21,2022-04-25,5,1
Patrick Berg,Norway,"DF,MF",,28-199,1.78,23/24,Knee Injury,2021-11-05,2021-11-20,16,3
Patrick Berg,Norway,"DF,MF",,28-199,1.78,20/21,Knee Injury,2021-10-25,2021-11-03,10,2
Patrick Berg,Norway,"DF,MF",,28-199,1.78,20/21,Unknown Injury,2021-09-28,2021-09-29,2,-
Patrick Berg,Norway,"DF,MF",,28-199,1.78,19/20,Quarantine,2020-11-12,2020-11-22,11,2
Patrick Berg,Norway,"DF,MF",,28-199,1.78,18/19,Shoulder Injury,2019-04-01,2019-05-06,36,6
Sander Berge,Norway,MF,,28-117,1.95,25/26,Virus,2026-05-01,2026-05-04,4,1
Sander Berge,Norway,MF,,28-117,1.95,24/25,Ankle Injury,2024-12-23,2025-01-17,26,5
Sander Berge,Norway,MF,,28-117,1.95,22/23,Torn Ankle Ligaments,2022-10-05,2022-12-05,62,11
Sander Berge,Norway,MF,,28-117,1.95,21/22,Hamstring Injury,2021-09-17,2021-11-22,67,16
Sander Berge,Norway,MF,,28-117,1.95,21/22,Corona Virus,2021-08-29,2021-09-13,16,4
Sander Berge,Norway,MF,,28-117,1.95,20/21,Surgery,2020-12-18,2021-03-21,94,19
Sander Berge,Norway,MF,,28-117,1.95,20/21,Bruise,2020-11-08,2020-11-21,14,2
Sander Berge,Norway,MF,,28-117,1.95,18/19,Calf Problems,2019-01-19,2019-03-15,56,9
Sander Berge,Norway,MF,,28-117,1.95,18/19,Knee Problems,2018-10-17,2018-10-28,12,2
Sander Berge,Norway,MF,,28-117,1.95,17/18,Torn Muscle Bundle,2017-10-26,2018-05-18,205,36
Sander Berge,Norway,MF,,28-117,1.95,16/17,Knee Surgery,2016-10-17,2016-12-31,76,3
Oscar Bobb,Norway,"FW,MF",,22-334,1.77,25/26,Hamstring Injury,2025-12-17,2026-02-06,52,12
Oscar Bobb,Norway,"FW,MF",,22-334,1.77,24/25,Fitness,2025-03-01,2025-03-30,30,5
Oscar Bobb,Norway,"FW,MF",,22-334,1.77,24/25,Broken Leg,2024-08-14,2025-03-01,200,48
Henrik Falchener,Norway,DF,,23-034,1.94,-,Ninguna,,,0,0
Erling Haaland,Norway,"FW,MF",,25-325,1.95,25/26,Knock,2026-02-26,2026-03-01,4,1
Erling Haaland,Norway,"FW,MF",,25-325,1.95,24/25,Ankle Injury,2025-03-31,2025-05-01,32,6
Erling Haaland,Norway,"FW,MF",,25-325,1.95,24/25,Knee Problems,2025-02-16,2025-02-25,10,1
Erling Haaland,Norway,"FW,MF",,25-325,1.95,23/24,Muscle Injury,2024-04-18,2024-04-26,9,2
Erling Haaland,Norway,"FW,MF",,25-325,1.95,23/24,Stress Reaction Of The Bone,2023-12-09,2024-01-31,54,10
Erling Haaland,Norway,"FW,MF",,25-325,1.95,23/24,Ankle Injury,2023-11-17,2023-11-24,8,1
Erling Haaland,Norway,"FW,MF",,25-325,1.95,23/24,Ankle Injury,2023-11-05,2023-11-06,2,-
Erling Haaland,Norway,"FW,MF",,25-325,1.95,22/23,Groin Problems,2023-03-21,2023-04-03,14,3
Erling Haaland,Norway,"FW,MF",,25-325,1.95,22/23,Foot Bruise,2022-10-26,2022-11-04,10,2
Erling Haaland,Norway,"FW,MF",,25-325,1.95,21/22,Ill,2022-05-05,2022-05-05,1,-
Erling Haaland,Norway,"FW,MF",,25-325,1.95,21/22,Muscular Problems,2022-01-24,2022-03-07,43,6
Erling Haaland,Norway,"FW,MF",,25-325,1.95,21/22,Hip Flexor Problems,2021-10-21,2021-11-25,36,9
Erling Haaland,Norway,"FW,MF",,25-325,1.95,21/22,Muscular Problems,2021-09-23,2021-10-11,19,4
Erling Haaland,Norway,"FW,MF",,25-325,1.95,20/21,Minor Knock,2021-05-06,2021-05-10,5,1
Erling Haaland,Norway,"FW,MF",,25-325,1.95,20/21,Muscular Problems,2021-04-29,2021-05-03,5,1
Torbjørn Heggem,Norway,DF,,27-150,1.92,25/26,Lumbago,2026-02-23,2026-03-10,16,3
Torbjørn Heggem,Norway,DF,,27-150,1.92,25/26,Muscle Fatigue,2026-02-10,2026-02-17,8,2
Sondre Langås,Norway,DF,,25-129,1.9,25/26,Hamstring Injury,2026-01-25,2026-04-02,68,12
Sondre Langås,Norway,DF,,25-129,1.9,25/26,Knee Surgery,2025-05-06,2025-10-16,164,17
David Møller Wolfe,Norway,DF,,24-049,1.85,-,Ninguna,,,0,0
Antonio Nusa,Norway,"FW,MF",,21-055,1.83,25/26,Ankle Injury,2025-12-07,2026-01-11,36,2
Antonio Nusa,Norway,"FW,MF",,21-055,1.83,25/26,Elbow Fracture,2025-09-14,2025-09-23,10,1
Antonio Nusa,Norway,"FW,MF",,21-055,1.83,24/25,Knee Injury,2025-02-10,2025-04-21,71,13
Antonio Nusa,Norway,"FW,MF",,21-055,1.83,23/24,Hamstring Injury,2024-02-27,2024-03-13,16,4
Antonio Nusa,Norway,"FW,MF",,21-055,1.83,23/24,Rest,2024-02-01,2024-02-09,9,2
Antonio Nusa,Norway,"FW,MF",,21-055,1.83,23/24,Back Injury,2023-11-07,2023-11-27,21,5
Antonio Nusa,Norway,"FW,MF",,21-055,1.83,23/24,Back Injury,2023-09-20,2023-10-06,17,5
Antonio Nusa,Norway,"FW,MF",,21-055,1.83,22/23,Muscle Injury,2022-07-21,2022-08-18,29,4
Ørjan Nyland,Norway,GK,,35-274,1.92,25/26,Calf Muscle Tear,2025-12-11,2025-12-19,9,2
Ørjan Nyland,Norway,GK,,35-274,1.92,24/25,Torn Lateral Knee Ligament,2024-10-26,2024-12-04,40,7
Ørjan Nyland,Norway,GK,,35-274,1.92,23/24,Hip Problems,2023-11-06,2024-01-19,75,17
Ørjan Nyland,Norway,GK,,35-274,1.92,20/21,Back Injury,2020-10-02,2021-01-31,122,6
Ørjan Nyland,Norway,GK,,35-274,1.92,18/19,Achilles Tendon Rupture,2018-12-30,2019-06-30,183,29
Marcus Pedersen,Norway,"DF,MF",,25-330,1.84,25/26,Unknown Injury,2026-04-25,2026-05-05,11,2
Marcus Pedersen,Norway,"DF,MF",,25-330,1.84,25/26,Bruised Knee,2025-12-27,2026-01-17,22,4
Marcus Pedersen,Norway,"DF,MF",,25-330,1.84,25/26,Fever,2025-11-04,2025-11-07,4,-
Marcus Pedersen,Norway,"DF,MF",,25-330,1.84,24/25,Facial Injury,2025-05-08,2025-05-16,9,1
Marcus Pedersen,Norway,"DF,MF",,25-330,1.84,24/25,Flu,2024-10-20,2024-10-23,4,1
Marcus Pedersen,Norway,"DF,MF",,25-330,1.84,23/24,Unknown Injury,2024-03-21,2024-04-27,38,6
Marcus Pedersen,Norway,"DF,MF",,25-330,1.84,22/23,Knock,2023-05-14,2023-06-30,48,4
Marcus Pedersen,Norway,"DF,MF",,25-330,1.84,22/23,Groin Injury,2022-07-24,2022-07-30,7,-
Marcus Pedersen,Norway,"DF,MF",,25-330,1.84,21/22,Corona Virus,2022-03-16,2022-03-19,4,1
Marcus Pedersen,Norway,"DF,MF",,25-330,1.84,21/22,Ill,2022-01-22,2022-01-26,5,1
Marcus Pedersen,Norway,"DF,MF",,25-330,1.84,21/22,Calf Injury,2021-09-22,2021-09-28,7,1
Marcus Pedersen,Norway,"DF,MF",,25-330,1.84,19/20,Muscular Problems,2020-12-14,2020-12-23,10,2
Marcus Pedersen,Norway,"DF,MF",,25-330,1.84,19/20,Muscular Problems,2020-07-12,2020-07-25,14,2
Jens Petter Hauge,Norway,"DF,FW",,26-242,1.84,24/25,Knock,2025-01-04,2025-01-07,4,-
Jens Petter Hauge,Norway,"DF,FW",,26-242,1.84,24/25,Hamstring Injury,2024-07-13,2024-07-22,10,1
Jens Petter Hauge,Norway,"DF,FW",,26-242,1.84,23/24,Back Problems,2023-11-24,2023-12-07,14,4
Jens Petter Hauge,Norway,"DF,FW",,26-242,1.84,22/23,Knock,2023-04-27,2023-05-03,7,1
Jens Petter Hauge,Norway,"DF,FW",,26-242,1.84,21/22,Muscle Injury,2021-12-12,2022-01-23,43,5
Jens Petter Hauge,Norway,"DF,FW",,26-242,1.84,20/21,Corona Virus,2020-10-26,2020-10-30,5,2
Julian Ryerson,Norway,"DF,MF",,28-206,1.86,25/26,Knock,2025-08-17,2025-08-22,6,1
Julian Ryerson,Norway,"DF,MF",,28-206,1.86,24/25,Influenza,2025-02-28,2025-03-03,4,1
Julian Ryerson,Norway,"DF,MF",,28-206,1.86,24/25,Circulation Problems,2024-12-12,2024-12-31,20,2
Julian Ryerson,Norway,"DF,MF",,28-206,1.86,24/25,Adductor Pain,2024-10-26,2024-11-08,14,3
Julian Ryerson,Norway,"DF,MF",,28-206,1.86,24/25,Flu,2024-10-14,2024-10-17,4,-
Julian Ryerson,Norway,"DF,MF",,28-206,1.86,23/24,Rest,2024-05-03,2024-05-05,3,1
Julian Ryerson,Norway,"DF,MF",,28-206,1.86,23/24,Inflammation,2024-03-12,2024-03-22,11,2
Julian Ryerson,Norway,"DF,MF",,28-206,1.86,23/24,Inner Ligament Injury,2023-12-07,2024-02-04,60,8
Julian Ryerson,Norway,"DF,MF",,28-206,1.86,23/24,Ill,2023-10-23,2023-10-26,4,1
Julian Ryerson,Norway,"DF,MF",,28-206,1.86,23/24,Ankle Problems,2023-08-21,2023-08-30,10,1
Julian Ryerson,Norway,"DF,MF",,28-206,1.86,22/23,Eye Injury,2023-02-24,2023-02-28,5,1
Julian Ryerson,Norway,"DF,MF",,28-206,1.86,22/23,Ill,2023-02-03,2023-02-06,4,1
Julian Ryerson,Norway,"DF,MF",,28-206,1.86,22/23,Cold,2022-09-29,2022-10-03,5,1
Julian Ryerson,Norway,"DF,MF",,28-206,1.86,21/22,Ill,2022-03-10,2022-03-17,8,1
Julian Ryerson,Norway,"DF,MF",,28-206,1.86,21/22,Corona Virus,2022-01-31,2022-02-10,11,1
Andreas Schjelderup,Norway,"FW,MF",,22-010,1.77,24/25,Rest,2025-02-14,2025-02-16,3,1
Egil Selvik,Norway,GK,,28-316,1.93,25/26,Concussion,2025-09-23,2025-09-29,7,1
Jørgen Strand Larsen,Norway,FW,,26-125,1.93,25/26,Achilles Tendon Problems,2025-08-29,2025-09-15,18,4
Jørgen Strand Larsen,Norway,FW,,26-125,1.93,24/25,Groin Injury,2025-05-02,2025-05-09,8,1
Jørgen Strand Larsen,Norway,FW,,26-125,1.93,24/25,Hamstring Injury,2025-01-25,2025-02-17,24,3
Jørgen Strand Larsen,Norway,FW,,26-125,1.93,23/24,Hamstring Injury,2024-02-04,2024-02-10,7,-
Jørgen Strand Larsen,Norway,FW,,26-125,1.93,21/22,Ill,2021-09-10,2021-09-16,7,1
Jørgen Strand Larsen,Norway,FW,,26-125,1.93,20/21,Ankle Injury,2021-02-28,2021-04-08,40,6
Alexander Sørloth,Norway,FW,,30-188,1.96,24/25,Muscle Injury,2025-01-15,2025-01-23,9,2
Alexander Sørloth,Norway,FW,,30-188,1.96,23/24,Thigh Problems,2023-11-13,2023-12-07,25,7
Alexander Sørloth,Norway,FW,,30-188,1.96,22/23,Ill,2022-11-14,2022-11-18,5,1
Alexander Sørloth,Norway,FW,,30-188,1.96,22/23,Influenza,2022-10-20,2022-10-28,9,2
Alexander Sørloth,Norway,FW,,30-188,1.96,22/23,Foot Bruise,2022-07-22,2022-07-31,10,1
Alexander Sørloth,Norway,FW,,30-188,1.96,21/22,Ill,2022-01-07,2022-01-09,3,1
Alexander Sørloth,Norway,FW,,30-188,1.96,21/22,Hamstring Injury,2021-09-23,2021-10-15,23,5
Alexander Sørloth,Norway,FW,,30-188,1.96,21/22,Ill,2021-08-12,2021-08-25,14,2
Alexander Sørloth,Norway,FW,,30-188,1.96,18/19,Virus,2018-10-18,2018-10-27,10,1
Alexander Sørloth,Norway,FW,,30-188,1.96,15/16,Metacarpal Fracture,2016-02-01,2016-02-12,12,1
Sander Tangvik,Norway,GK,,23-194,1.93,25/26,Ill,2026-04-11,2026-04-13,3,1
Sander Tangvik,Norway,GK,,23-194,1.93,25/26,Influenza,2026-04-08,2026-04-15,8,1
Morten Thorsby,Norway,MF,,30-037,1.88,25/26,Calf Injury,2026-04-06,2026-04-22,17,2
Morten Thorsby,Norway,MF,,30-037,1.88,25/26,Shoulder Injury,2025-12-22,2025-12-27,6,-
Morten Thorsby,Norway,MF,,30-037,1.88,24/25,Muscular Problems,2025-02-10,2025-03-25,44,6
Morten Thorsby,Norway,MF,,30-037,1.88,23/24,Flu,2024-01-04,2024-01-21,18,2
Morten Thorsby,Norway,MF,,30-037,1.88,22/23,Surgery,2023-01-01,2023-02-02,33,4
Morten Thorsby,Norway,MF,,30-037,1.88,22/23,Ill,2022-09-08,2022-09-19,12,2
Morten Thorsby,Norway,MF,,30-037,1.88,20/21,Fever,2021-03-01,2021-03-08,8,1
Morten Thorsby,Norway,MF,,30-037,1.88,20/21,Influenza,2021-02-18,2021-02-22,5,1
Morten Thorsby,Norway,MF,,30-037,1.88,19/20,Knock,2019-09-30,2019-10-21,22,4
Morten Thorsby,Norway,MF,,30-037,1.88,18/19,Foot Injury,2018-12-03,2018-12-31,29,4
Morten Thorsby,Norway,MF,,30-037,1.88,16/17,Knee Injury,2016-08-01,2016-08-11,11,1
Kristian Thorstvedt,Norway,MF,,27-090,1.89,25/26,Virus,2026-03-17,2026-03-30,14,1
Kristian Thorstvedt,Norway,MF,,27-090,1.89,25/26,Shoulder Injury,2026-01-07,2026-01-20,14,2
Kristian Thorstvedt,Norway,MF,,27-090,1.89,24/25,Heel Problems,2025-02-07,2025-09-09,215,22
Kristian Thorstvedt,Norway,MF,,27-090,1.89,23/24,Knee Injury,2023-07-19,2023-08-18,31,1
Kristian Thorstvedt,Norway,MF,,27-090,1.89,21/22,Knee Injury,2021-07-01,2021-07-29,29,2
Kristian Thorstvedt,Norway,MF,,27-090,1.89,19/20,Fitness,2020-06-15,2020-09-01,79,4
Kristian Thorstvedt,Norway,MF,,27-090,1.89,19/20,Stress Reaction Of The Bone,2020-03-07,2020-06-15,101,-
Martin Ødegaard,Norway,"FW,MF",,27-176,1.78,25/26,Knee Problems,2026-04-29,2026-05-04,6,1
Martin Ødegaard,Norway,"FW,MF",,27-176,1.78,25/26,Muscle Injury,2026-04-08,2026-04-17,10,2
Martin Ødegaard,Norway,"FW,MF",,27-176,1.78,25/26,Knee Problems,2026-02-23,2026-03-31,37,8
Martin Ødegaard,Norway,"FW,MF",,27-176,1.78,25/26,Knock,2026-02-13,2026-02-20,8,2
Martin Ødegaard,Norway,"FW,MF",,27-176,1.78,25/26,Muscle Injury,2026-02-01,2026-02-10,10,2
Martin Ødegaard,Norway,"FW,MF",,27-176,1.78,25/26,Knee Injury,2025-10-04,2025-11-25,53,12
Martin Ødegaard,Norway,"FW,MF",,27-176,1.78,25/26,Shoulder Injury,2025-09-13,2025-09-25,13,3
Martin Ødegaard,Norway,"FW,MF",,27-176,1.78,24/25,Ill,2025-01-24,2025-01-28,5,1
Martin Ødegaard,Norway,"FW,MF",,27-176,1.78,24/25,Ankle Sprain,2024-09-09,2024-11-04,57,14
Martin Ødegaard,Norway,"FW,MF",,27-176,1.78,23/24,Hip Injury,2023-11-03,2023-11-22,20,5
Martin Ødegaard,Norway,"FW,MF",,27-176,1.78,22/23,Calf Injury,2022-09-08,2022-09-21,14,1
Martin Ødegaard,Norway,"FW,MF",,27-176,1.78,20/21,Ankle Injury,2021-04-05,2021-04-20,16,4
Martin Ødegaard,Norway,"FW,MF",,27-176,1.78,20/21,Knock,2021-01-16,2021-01-29,14,2
Martin Ødegaard,Norway,"FW,MF",,27-176,1.78,20/21,Muscle Injury,2020-12-07,2020-12-20,14,3
Martin Ødegaard,Norway,"FW,MF",,27-176,1.78,20/21,Calf Injury,2020-10-16,2020-11-06,22,6
Leo Østigård,Norway,"DF,FW",,26-195,1.83,25/26,Knock,2026-05-14,2026-06-01,19,2
Leo Østigård,Norway,"DF,FW",,26-195,1.83,25/26,Muscular Problems,2025-12-06,2025-12-20,15,2
Leo Østigård,Norway,"DF,FW",,26-195,1.83,25/26,Bruised Ribs,2025-10-03,2025-10-15,13,3
Leo Østigård,Norway,"DF,FW",,26-195,1.83,25/26,Bruised Ribs,2025-09-21,2025-09-26,6,1
Leo Østigård,Norway,"DF,FW",,26-195,1.83,24/25,Muscular Problems,2025-03-22,2025-03-28,7,1
Leo Østigård,Norway,"DF,FW",,26-195,1.83,24/25,Thigh Problems,2025-02-23,2025-02-27,5,1
Leo Østigård,Norway,"DF,FW",,26-195,1.83,23/24,Stomach Flu,2024-01-06,2024-01-09,4,1
Leo Østigård,Norway,"DF,FW",,26-195,1.83,22/23,Influenza,2023-02-07,2023-02-08,2,-
Leo Østigård,Norway,"DF,FW",,26-195,1.83,21/22,Unknown Injury,2022-01-22,2022-01-24,3,1
Leo Østigård,Norway,"DF,FW",,26-195,1.83,19/20,Torn Muscle Fiber,2019-07-28,2019-08-20,24,6
Michael Amir Murillo,Panama,"DF,MF",,30-120,1.85,25/26,Dead Leg,2025-11-18,2025-11-30,13,4
Michael Amir Murillo,Panama,"DF,MF",,30-120,1.85,24/25,Hamstring Injury,2025-03-03,2025-03-25,23,4
Michael Amir Murillo,Panama,"DF,MF",,30-120,1.85,24/25,Dead Leg,2025-01-18,2025-01-20,3,1
Michael Amir Murillo,Panama,"DF,MF",,30-120,1.85,24/25,Groin Injury,2024-12-30,2025-01-04,6,-
Michael Amir Murillo,Panama,"DF,MF",,30-120,1.85,24/25,Knock,2024-12-15,2024-12-20,6,-
Michael Amir Murillo,Panama,"DF,MF",,30-120,1.85,23/24,Knock,2024-04-29,2024-05-02,4,-
Michael Amir Murillo,Panama,"DF,MF",,30-120,1.85,23/24,Adductor Pain,2024-01-21,2024-04-10,81,16
Michael Amir Murillo,Panama,"DF,MF",,30-120,1.85,23/24,Hamstring Injury,2023-07-05,2023-09-14,72,13
Michael Amir Murillo,Panama,"DF,MF",,30-120,1.85,22/23,Partial Muscle Tear,2023-04-20,2023-06-12,54,1
Michael Amir Murillo,Panama,"DF,MF",,30-120,1.85,22/23,Hamstring Injury,2023-04-14,2023-04-18,5,1
Michael Amir Murillo,Panama,"DF,MF",,30-120,1.85,21/22,Corona Virus,2021-07-01,2021-07-14,14,1
Andrés Andrade Cedeño,Panama,DF,,27-238,,-,No Encontrado,,,0,0
Yoel Bárcenas,Panama,"FW,MF",,32-231,1.75,24/25,Cruciate Ligament Injury,2025-02-23,2025-07-15,143,18
Yoel Bárcenas,Panama,"FW,MF",,32-231,1.75,21/22,Ankle Injury,2021-10-25,2021-12-10,47,10
César Blackman,Panama,"DF,MF",,28-070,1.74,23/24,Shoulder Injury,2023-07-05,2023-08-07,34,6
César Blackman,Panama,"DF,MF",,28-070,1.74,21/22,Unknown Injury,2021-10-31,2021-11-11,12,1
César Blackman,Panama,"DF,MF",,28-070,1.74,20/21,Unknown Injury,2021-05-12,2021-08-18,99,16
César Blackman,Panama,"DF,MF",,28-070,1.74,20/21,Corona Virus,2020-11-06,2020-11-19,14,3
César Blackman,Panama,"DF,MF",,28-070,1.74,17/18,Ankle Injury,2018-04-17,2019-01-01,260,31
Adalberto Carrasquilla,Panama,MF,,27-195,1.71,25/26,Adductor Tear,2026-05-25,,22,3
José Córdoba,Panama,DF,,25-097,1.89,25/26,Muscle Injury,2025-10-12,2025-12-12,62,14
José Córdoba,Panama,DF,,25-097,1.89,24/25,Knee Problems,2025-01-11,2025-01-24,14,2
José Córdoba,Panama,DF,,25-097,1.89,24/25,Inflammation In The Knee,2024-11-25,2024-12-01,7,2
José Córdoba,Panama,DF,,25-097,1.89,23/24,Virus,2024-04-09,2024-04-19,11,1
José Córdoba,Panama,DF,,25-097,1.89,23/24,Strain,2023-11-30,2023-12-14,15,2
José Córdoba,Panama,DF,,25-097,1.89,22/23,Muscle Injury,2023-04-10,2023-06-12,64,12
Erick Davis,Panama,DF,,35-072,,-,Ninguna,,,0,0
Ismael Díaz,Panama,"FW,MF",,29-030,1.84,24/25,Hip Bruise,2024-11-09,2024-11-20,12,2
Ismael Díaz,Panama,"FW,MF",,29-030,1.84,24/25,Ankle Surgery,2024-07-15,2024-08-19,36,6
Ismael Díaz,Panama,"FW,MF",,29-030,1.84,16/17,Knee Injury,2016-09-29,2016-12-03,66,12
Ismael Díaz,Panama,"FW,MF",,29-030,1.84,16/17,Knee Injury,2016-05-25,2016-09-20,119,14
Fidel Escobar,Panama,DF,,31-153,1.84,25/26,Back Injury,2026-01-12,2026-04-11,90,22
Fidel Escobar,Panama,DF,,31-153,1.84,25/26,Rest,2025-10-15,2025-10-17,3,1
Fidel Escobar,Panama,DF,,31-153,1.84,25/26,Rest,2025-09-10,2025-09-12,3,1
Fidel Escobar,Panama,DF,,31-153,1.84,24/25,Strain,2024-08-10,2024-08-27,18,4
Fidel Escobar,Panama,DF,,31-153,1.84,23/24,Muscle Injury,2024-05-23,2024-08-02,72,14
Fidel Escobar,Panama,DF,,31-153,1.84,23/24,Muscle Injury,2024-04-20,2024-05-18,29,6
Fidel Escobar,Panama,DF,,31-153,1.84,19/20,Muscle Injury,2019-09-07,2019-09-23,17,3
José Fajardo,Panama,FW,,32-297,1.84,24/25,Knee Problems,2025-03-25,2025-04-30,37,7
Edgardo Fariña,Panama,DF,,24-235,1.95,25/26,Muscle Injury,2026-04-11,2026-05-14,34,5
Edgardo Fariña,Panama,DF,,24-235,1.95,25/26,Knee Injury,2026-02-10,2026-03-04,23,1
Edgardo Fariña,Panama,DF,,24-235,1.95,25/26,Muscle Injury,2025-09-02,2025-10-20,49,10
Edgardo Fariña,Panama,DF,,24-235,1.95,24/25,Muscle Injury,2025-03-25,2025-05-14,51,7
Edgardo Fariña,Panama,DF,,24-235,1.95,24/25,Sore Muscles,2024-10-10,2024-11-04,26,4
Aníbal Godoy,Panama,MF,,36-121,1.84,25/26,Sore Muscles,2026-05-17,,30,4
Aníbal Godoy,Panama,MF,,36-121,1.84,25/26,Leg Injury,2025-07-10,2025-07-24,15,3
Aníbal Godoy,Panama,MF,,36-121,1.84,23/24,Hamstring Injury,2024-06-19,2024-07-19,31,11
Aníbal Godoy,Panama,MF,,36-121,1.84,22/23,Shoulder Injury,2023-03-02,2023-03-22,21,4
Aníbal Godoy,Panama,MF,,36-121,1.84,19/20,Injury To Abdominal Muscles,2019-07-06,2019-08-15,41,6
Aníbal Godoy,Panama,MF,,36-121,1.84,16/17,Hip Injury,2017-05-26,2017-05-31,6,1
Aníbal Godoy,Panama,MF,,36-121,1.84,16/17,Muscle Injury,2016-08-26,2016-09-20,26,5
Jorge Gutiérrez,Panama,DF,,27-283,1.67,21/22,Unknown Injury,2021-08-13,2022-06-30,322,40
Carlos Harvey,Panama,"DF,MF",,26-128,1.84,25/26,Leg Injury,2026-04-16,2026-05-22,37,8
Carlos Harvey,Panama,"DF,MF",,26-128,1.84,25/26,Knee Injury,2025-09-16,2025-10-30,45,8
Azarías Londoño,Panama,MF,,24-355,1.85,25/26,Hamstring Injury,2026-02-10,2026-03-19,38,5
Azarías Londoño,Panama,MF,,24-355,1.85,23/24,Muscle Injury,2024-03-04,2024-04-12,40,7
Azarías Londoño,Panama,MF,,24-355,1.85,22/23,Unknown Injury,2022-09-27,2022-09-30,4,-
José Luis Rodríguez,Panama,"FW,MF",,27-357,1.78,-,Ninguna,,,0,0
Cristian Martínez,Panama,MF,,29-125,1.83,-,Ninguna,,,0,0
Luis Mejía,Panama,GK,,35-087,1.93,25/26,Muscle Injury,2026-05-27,,20,5
Luis Mejía,Panama,GK,,35-087,1.93,25/26,Muscle Injury,2026-03-28,2026-04-12,16,5
Luis Mejía,Panama,GK,,35-087,1.93,20/21,Adductor Injury,2020-08-28,2020-09-15,19,4
Luis Mejía,Panama,GK,,35-087,1.93,19/20,Knock,2019-08-19,2019-09-14,27,4
Luis Mejía,Panama,GK,,35-087,1.93,13/14,Cruciate Ligament Tear,2014-03-30,2014-10-01,186,20
Roderick Miller,Panama,DF,,34-069,1.9,24/25,Meniscus Tear,2025-01-01,2025-05-05,125,18
Roderick Miller,Panama,DF,,34-069,1.9,23/24,Unknown Injury,2024-04-06,2024-05-02,27,3
Roderick Miller,Panama,DF,,34-069,1.9,19/20,Unknown Injury,2020-02-23,2020-03-05,12,2
Roderick Miller,Panama,DF,,34-069,1.9,19/20,Unknown Injury,2020-01-26,2020-02-07,13,1
Roderick Miller,Panama,DF,,34-069,1.9,18/19,Unknown Injury,2018-10-10,2018-10-25,16,3
Roderick Miller,Panama,DF,,34-069,1.9,18/19,Unknown Injury,2018-08-01,2018-09-18,49,11
Orlando Mosquera,Panama,GK,,31-168,1.91,20/21,Unknown Injury,2020-12-30,2021-03-24,85,12
Alberto Quintero,Panama,"FW,MF",,38-175,1.85,-,Ninguna,,,0,0
Jiovany Ramos,Panama,DF,,29-136,1.88,23/24,Inner Ligament Stretch Of The Knee,2024-05-16,2024-07-08,54,10
Tomás Rodríguez,Panama,FW,,27-094,1.83,23/24,Patellar Tendon Rupture,2023-08-25,2023-09-30,37,10
César Samudio,Panama,GK,,32-108,1.89,-,Ninguna,,,0,0
Cecilio Waterman,Panama,"FW,MF",,35-059,1.8,24/25,Muscle Tear,2025-06-09,2025-07-12,34,9
Cecilio Waterman,Panama,"FW,MF",,35-059,1.8,24/25,Broken Shoulder,2024-07-26,2024-10-31,98,15
Cecilio Waterman,Panama,"FW,MF",,35-059,1.8,23/24,Muscle Injury,2024-06-07,2024-07-07,31,6
Cecilio Waterman,Panama,"FW,MF",,35-059,1.8,23/24,Muscle Injury,2024-05-18,2024-05-23,6,1
Cecilio Waterman,Panama,"FW,MF",,35-059,1.8,23/24,Muscle Injury,2024-04-19,2024-05-13,25,5
Cecilio Waterman,Panama,"FW,MF",,35-059,1.8,17/18,Surgery,2017-08-21,2017-10-31,72,11
Cecilio Waterman,Panama,"FW,MF",,35-059,1.8,15/16,Unknown Injury,2015-10-28,2015-11-30,34,6
Cecilio Waterman,Panama,"FW,MF",,35-059,1.8,14/15,Unknown Injury,2015-04-20,2015-05-27,38,5
César Yanis,Panama,MF,,30-134,1.6,24/25,Contracture,2024-09-27,2024-10-07,11,2
Omar Alderete,Paraguay,DF,,29-167,1.9,25/26,Head Injury,2025-10-24,2025-11-17,25,3
Omar Alderete,Paraguay,DF,,29-167,1.9,24/25,Hip Problems,2025-02-24,2025-03-05,10,1
Omar Alderete,Paraguay,DF,,29-167,1.9,24/25,Knee Problems,2024-09-12,2024-09-15,4,1
Omar Alderete,Paraguay,DF,,29-167,1.9,22/23,Pubalgia,2022-08-20,2022-09-27,39,7
Omar Alderete,Paraguay,DF,,29-167,1.9,21/22,Adductor Injury,2022-01-22,2022-02-06,16,3
Omar Alderete,Paraguay,DF,,29-167,1.9,21/22,Corona Virus,2021-12-11,2021-12-22,12,3
Omar Alderete,Paraguay,DF,,29-167,1.9,20/21,Hip Bruise,2020-11-30,2020-12-07,8,1
Omar Alderete,Paraguay,DF,,29-167,1.9,19/20,Unknown Injury,2019-09-24,2019-09-27,4,1
Miguel Almirón,Paraguay,MF,,32-121,1.78,25/26,Knee Problems,2026-04-17,2026-05-22,36,8
Miguel Almirón,Paraguay,MF,,32-121,1.78,23/24,Knee Injury,2024-03-30,2024-05-03,35,5
Miguel Almirón,Paraguay,MF,,32-121,1.78,23/24,Ill,2024-01-25,2024-01-30,6,1
Miguel Almirón,Paraguay,MF,,32-121,1.78,22/23,Thigh Problems,2023-03-15,2023-04-15,32,5
Miguel Almirón,Paraguay,MF,,32-121,1.78,20/21,Knee Injury,2021-02-28,2021-03-15,16,2
Miguel Almirón,Paraguay,MF,,32-121,1.78,20/21,Knock,2020-11-14,2020-11-20,7,1
Miguel Almirón,Paraguay,MF,,32-121,1.78,19/20,Hamstring Strain,2020-07-06,2020-07-07,2,-
Miguel Almirón,Paraguay,MF,,32-121,1.78,19/20,Knock,2020-02-06,2020-02-15,10,-
Miguel Almirón,Paraguay,MF,,32-121,1.78,19/20,Groin Injury,2020-01-05,2020-01-10,6,-
Miguel Almirón,Paraguay,MF,,32-121,1.78,19/20,Hamstring Injury,2019-12-09,2019-12-20,12,1
Miguel Almirón,Paraguay,MF,,32-121,1.78,19/20,Ankle Injury,2019-08-26,2019-08-30,5,1
Miguel Almirón,Paraguay,MF,,32-121,1.78,18/19,Hamstring Injury,2019-04-20,2019-06-08,50,4
Miguel Almirón,Paraguay,MF,,32-121,1.78,18/19,Muscle Injury,2018-10-07,2018-10-31,25,2
Miguel Almirón,Paraguay,MF,,32-121,1.78,17/18,Torn Muscle Bundle,2017-09-25,2017-10-17,23,6
Júnior Alonso,Paraguay,DF,,33-122,1.85,22/23,Knee Problems,2022-11-09,2023-01-02,55,4
Álex Arce,Paraguay,FW,,30-360,1.88,25/26,Broken Collarbone,2026-01-24,2026-02-28,36,6
Álex Arce,Paraguay,FW,,30-360,1.88,25/26,Muscle Tear,2025-08-08,2025-08-20,13,1
Álex Arce,Paraguay,FW,,30-360,1.88,24/25,Hamstring Injury,2025-05-29,2025-06-21,24,5
Gabriel Ávalos,Paraguay,FW,,35-242,1.85,24/25,Muscle Tear,2025-04-28,2025-05-17,20,5
Gabriel Ávalos,Paraguay,FW,,35-242,1.85,23/24,Infection,2023-10-05,2023-10-09,5,1
Gabriel Ávalos,Paraguay,FW,,35-242,1.85,23/24,Muscle Injury,2023-08-02,2023-08-22,21,2
Gabriel Ávalos,Paraguay,FW,,35-242,1.85,22/23,Muscle Tear,2023-05-20,2023-06-05,17,3
Fabián Balbuena,Paraguay,DF,,34-292,1.88,25/26,Hamstring Injury,2026-05-15,,32,5
Fabián Balbuena,Paraguay,DF,,34-292,1.88,25/26,Knee Surgery,2025-08-24,2026-01-30,160,29
Fabián Balbuena,Paraguay,DF,,34-292,1.88,24/25,Muscle Injury,2025-04-28,2025-06-02,36,4
Fabián Balbuena,Paraguay,DF,,34-292,1.88,20/21,Calf Injury,2021-02-10,2021-02-16,7,1
Fabián Balbuena,Paraguay,DF,,34-292,1.88,20/21,Virus,2021-01-02,2021-01-18,17,2
Fabián Balbuena,Paraguay,DF,,34-292,1.88,20/21,Groin Strain,2020-12-18,2020-12-21,4,-
Fabián Balbuena,Paraguay,DF,,34-292,1.88,18/19,Knee Surgery,2018-12-22,2019-03-02,71,12
Fabián Balbuena,Paraguay,DF,,34-292,1.88,18/19,Knock,2018-12-02,2018-12-03,2,-
Damián Bobadilla,Paraguay,MF,,24-335,1.8,25/26,Knee Problems,2026-05-25,2026-06-02,9,2
Damián Bobadilla,Paraguay,MF,,24-335,1.8,25/26,Stomach Problems,2026-04-19,2026-04-24,6,1
Damián Bobadilla,Paraguay,MF,,24-335,1.8,25/26,Leg Injury,2026-04-08,2026-04-13,6,1
Damián Bobadilla,Paraguay,MF,,24-335,1.8,25/26,Dead Leg,2026-02-11,2026-02-21,11,1
Damián Bobadilla,Paraguay,MF,,24-335,1.8,23/24,Rib Fracture,2023-11-28,2024-01-08,42,1
Gustavo Caballero,Paraguay,"FW,MF",,24-263,1.89,-,Ninguna,,,0,0
Juan Cáceres,Paraguay,DF,,26-010,1.87,24/25,Cold,2025-05-16,2025-05-20,5,1
Juan Cáceres,Paraguay,DF,,26-010,1.87,24/25,Knock,2025-02-11,2025-02-15,5,1
Juan Cáceres,Paraguay,DF,,26-010,1.87,24/25,Knock,2025-01-25,2025-01-29,5,1
Juan Cáceres,Paraguay,DF,,26-010,1.87,24/25,Calf Injury,2024-06-01,2024-07-10,40,7
Juan Cáceres,Paraguay,DF,,26-010,1.87,23/24,Leg Injury,2023-09-05,2023-09-14,10,2
José Canale,Paraguay,DF,,29-326,1.92,24/25,Ankle Sprain,2024-07-06,2024-08-10,36,5
José Canale,Paraguay,DF,,29-326,1.92,23/24,Torn Muscle Bundle,2023-10-03,2023-10-13,11,1
José Canale,Paraguay,DF,,29-326,1.92,22/23,Elbow Fracture,2023-04-23,2023-08-10,110,12
Andrés Cubas,Paraguay,MF,,30-020,1.66,25/26,Ankle Injury,2025-07-01,2025-07-15,15,3
Andrés Cubas,Paraguay,MF,,30-020,1.66,23/24,Shoulder Injury,2023-10-06,2023-10-27,22,4
Andrés Cubas,Paraguay,MF,,30-020,1.66,23/24,Muscular Problems,2023-07-03,2023-07-11,9,1
Andrés Cubas,Paraguay,MF,,30-020,1.66,22/23,Adductor Injury,2022-09-19,2022-09-30,12,2
Andrés Cubas,Paraguay,MF,,30-020,1.66,15/16,Outer Ligament Problems,2016-04-21,2016-06-21,62,9
Julio Enciso,Paraguay,FW,,22-139,1.68,25/26,Knee Injury,2025-07-16,2025-08-31,47,3
Julio Enciso,Paraguay,FW,,22-139,1.68,24/25,Knee Injury,2025-02-16,2025-03-06,19,3
Julio Enciso,Paraguay,FW,,22-139,1.68,23/24,Meniscus Tear,2023-08-22,2024-02-21,184,38
Julio Enciso,Paraguay,FW,,22-139,1.68,21/22,Facial Injury,2022-05-08,2022-08-29,114,19
Julio Enciso,Paraguay,FW,,22-139,1.68,20/21,Facial Injury,2021-05-21,2021-06-20,31,2
Gatito Fernández,Paraguay,GK,,38-074,1.91,11/12,Knee Problems,2011-11-16,2012-01-19,65,5
Gatito Fernández,Paraguay,GK,,38-074,1.91,11/12,Knee Injury,2011-08-08,2011-10-17,71,9
Matías Galarza,Paraguay,MF,,24-120,1.86,24/25,Metatarsal Fracture,2025-02-17,2025-04-25,68,13
Matías Galarza,Paraguay,MF,,24-120,1.86,23/24,Ankle Injury,2023-08-10,2023-08-15,6,1
Matías Galarza,Paraguay,MF,,24-120,1.86,22/23,Hamstring Injury,2022-12-15,2023-02-07,55,12
Orlando Gill,Paraguay,GK,,26-000,1.99,-,Ninguna,,,0,0
Diego Gómez,Paraguay,MF,,23-076,1.83,25/26,Knee Injury,2026-04-18,2026-05-16,29,3
Diego Gómez,Paraguay,MF,,23-076,1.83,25/26,Muscle Injury,2026-01-28,2026-02-06,10,1
Diego Gómez,Paraguay,MF,,23-076,1.83,23/24,Ankle Injury,2024-04-22,2024-06-29,69,16
Diego Gómez,Paraguay,MF,,23-076,1.83,23/24,Muscle Injury,2023-09-09,2023-10-10,32,8
Gustavo Gómez,Paraguay,DF,,33-036,1.85,24/25,Inflammation Of Ligaments In The Knee,2025-03-12,2025-04-02,22,5
Gustavo Gómez,Paraguay,DF,,33-036,1.85,24/25,Hamstring Injury,2025-02-17,2025-03-09,21,3
Gustavo Gómez,Paraguay,DF,,33-036,1.85,23/24,Broken Foot,2024-02-19,2024-03-27,38,5
Gustavo Gómez,Paraguay,DF,,33-036,1.85,16/17,Muscle Fatigue,2017-03-25,2017-04-02,9,1
Kaku,Paraguay,MF,,31-151,1.9,25/26,Muscular Problems,2026-03-30,2026-05-31,63,9
Kaku,Paraguay,MF,,31-151,1.9,25/26,Fitness,2025-12-14,2026-01-19,37,7
Kaku,Paraguay,MF,,31-151,1.9,25/26,Hamstring Injury,2025-08-14,2025-12-14,123,28
Kaku,Paraguay,MF,,31-151,1.9,23/24,Thigh Problems,2024-04-18,2024-04-30,13,2
Kaku,Paraguay,MF,,31-151,1.9,23/24,Hip Problems,2024-03-13,2024-03-16,4,1
Kaku,Paraguay,MF,,31-151,1.9,22/23,Inflammation In The Knee,2023-01-08,2023-01-17,10,2
Kaku,Paraguay,MF,,31-151,1.9,22/23,Hamstring Muscle Injury,2022-10-31,2022-11-26,27,6
Kaku,Paraguay,MF,,31-151,1.9,22/23,Hamstring Injury,2022-08-29,2022-10-25,58,14
Kaku,Paraguay,MF,,31-151,1.9,21/22,Ankle Injury,2022-06-03,2022-06-30,28,3
Kaku,Paraguay,MF,,31-151,1.9,21/22,Corona Virus,2021-12-16,2021-12-25,10,3
Kaku,Paraguay,MF,,31-151,1.9,21/22,Sprain,2021-10-21,2021-11-21,32,8
Kaku,Paraguay,MF,,31-151,1.9,20/21,Contracture,2021-01-03,2021-01-06,4,-
Kaku,Paraguay,MF,,31-151,1.9,20/21,Adductor Injury,2020-10-29,2020-11-06,9,2
Kaku,Paraguay,MF,,31-151,1.9,19/20,Adductor Injury,2020-07-10,2020-07-18,9,2
Kaku,Paraguay,MF,,31-151,1.9,19/20,Muscle Injury,2019-09-30,2019-10-06,7,1
Alexandro Maidana,Paraguay,DF,,20-320,1.73,-,Ninguna,,,0,0
Mauricio,Paraguay,MF,,25-020,1.76,25/26,Achilles Tendon Problems,2025-07-07,2025-07-22,16,2
Mauricio,Paraguay,MF,,25-020,1.76,23/24,Muscle Tear,2023-11-23,2023-12-08,16,1
Mauricio,Paraguay,MF,,25-020,1.76,22/23,Muscular Problems,2022-10-18,2022-10-28,11,2
Mauricio,Paraguay,MF,,25-020,1.76,22/23,Bruise,2022-07-04,2022-07-13,10,1
Mauricio,Paraguay,MF,,25-020,1.76,21/22,Quarantine,2021-11-06,2021-11-13,8,3
Mauricio,Paraguay,MF,,25-020,1.76,20/21,Corona Virus,2020-09-19,2020-10-11,23,4
Mauricio,Paraguay,MF,,25-020,1.76,19/20,Torn Thigh Muscle,2019-08-21,2019-09-22,33,6
Mauricio,Paraguay,MF,,25-020,1.76,17/18,Torn Thigh Muscle,2017-11-04,2017-11-28,25,2
Mauricio,Paraguay,MF,,25-020,1.76,15/16,Hamstring Injury,2016-04-11,2016-05-02,22,4
Mauricio,Paraguay,MF,,25-020,1.76,14/15,Knee Injury,2015-04-26,2015-05-24,29,3
Mauricio,Paraguay,MF,,25-020,1.76,13/14,Knee Injury,2013-11-16,2013-12-02,17,3
Mauricio,Paraguay,MF,,25-020,1.76,12/13,Muscle Fatigue,2013-04-27,2013-05-04,8,1
Mauricio,Paraguay,MF,,25-020,1.76,12/13,Muscle Fatigue,2013-03-29,2013-04-04,7,2
Mauricio,Paraguay,MF,,25-020,1.76,12/13,Flu,2013-02-08,2013-02-12,5,1
Mauricio,Paraguay,MF,,25-020,1.76,11/12,Cruciate Ligament Tear,2012-02-12,2012-08-24,195,27
Braian Ojeda,Paraguay,MF,,25-349,1.73,-,Ninguna,,,0,0
Gastón Olveira,Paraguay,GK,,33-051,1.91,24/25,Fracture Of Fibula Shaft,2025-02-04,2025-04-28,84,15
Gastón Olveira,Paraguay,GK,,33-051,1.91,22/23,Elbow Fracture,2023-07-15,2023-11-10,119,20
Isidro Pitta,Paraguay,FW,,26-301,1.85,25/26,Ankle Sprain,2026-01-10,2026-01-31,22,6
Isidro Pitta,Paraguay,FW,,26-301,1.85,25/26,Hamstring Injury,2025-08-10,2025-11-01,84,15
Isidro Pitta,Paraguay,FW,,26-301,1.85,22/23,Injury To The Ankle,2022-11-03,2023-01-21,80,3
Antonio Sanabria,Paraguay,FW,,30-099,1.8,25/26,Unknown Injury,2026-05-16,2026-06-01,17,2
Antonio Sanabria,Paraguay,FW,,30-099,1.8,25/26,Muscle Strain,2026-04-01,2026-04-10,10,1
Antonio Sanabria,Paraguay,FW,,30-099,1.8,25/26,Muscle Fatigue,2026-01-17,2026-02-08,23,3
Antonio Sanabria,Paraguay,FW,,30-099,1.8,25/26,Calf Injury,2025-10-26,2025-11-11,17,3
Antonio Sanabria,Paraguay,FW,,30-099,1.8,24/25,Muscle Fatigue,2025-03-07,2025-03-18,12,2
Antonio Sanabria,Paraguay,FW,,30-099,1.8,24/25,Flu,2024-10-23,2024-10-24,2,-
Antonio Sanabria,Paraguay,FW,,30-099,1.8,23/24,Muscle Injury,2023-08-28,2023-09-16,20,3
Antonio Sanabria,Paraguay,FW,,30-099,1.8,22/23,Unknown Injury,2022-10-29,2022-11-07,10,2
Antonio Sanabria,Paraguay,FW,,30-099,1.8,22/23,Muscle Fatigue,2022-10-12,2022-10-21,10,2
Antonio Sanabria,Paraguay,FW,,30-099,1.8,21/22,Muscular Problems,2022-04-30,2022-05-16,17,3
Antonio Sanabria,Paraguay,FW,,30-099,1.8,21/22,Calf Injury,2022-03-17,2022-04-15,30,5
Antonio Sanabria,Paraguay,FW,,30-099,1.8,20/21,Fitness,2021-02-20,2021-03-07,16,-
Antonio Sanabria,Paraguay,FW,,30-099,1.8,20/21,Corona Virus,2021-01-31,2021-02-19,20,2
Antonio Sanabria,Paraguay,FW,,30-099,1.8,19/20,Sore Muscles,2020-07-21,2020-07-31,11,-
Antonio Sanabria,Paraguay,FW,,30-099,1.8,19/20,Muscle Fatigue,2020-06-22,2020-06-26,5,1
Ramón Sosa,Paraguay,"FW,MF",,26-284,1.78,25/26,Injury To The Ankle,2026-05-17,2026-05-27,11,2
Ramón Sosa,Paraguay,"FW,MF",,26-284,1.78,25/26,Hamstring Injury,2025-10-06,2025-10-14,9,2
Ramón Sosa,Paraguay,"FW,MF",,26-284,1.78,25/26,Muscle Injury,2025-08-18,2025-08-24,7,1
Ramón Sosa,Paraguay,"FW,MF",,26-284,1.78,23/24,Torn Muscle Bundle,2024-04-05,2024-04-23,19,3
Ramón Sosa,Paraguay,"FW,MF",,26-284,1.78,23/24,Knock,2023-10-18,2023-11-09,23,4
Ramón Sosa,Paraguay,"FW,MF",,26-284,1.78,22/23,Hamstring Strain,2023-04-14,2023-04-26,13,2
Ramón Sosa,Paraguay,"FW,MF",,26-284,1.78,22/23,Knock,2023-03-10,2023-03-15,6,1
Gustavo Velásquez,Paraguay,DF,,35-055,1.82,-,Ninguna,,,0,0
Tomás Araújo,Portugal,DF,,24-026,1.87,25/26,Muscle Injury,2026-04-05,2026-05-06,32,4
Tomás Araújo,Portugal,DF,,24-026,1.87,24/25,Unknown Injury,2025-06-01,2025-08-13,74,9
Tomás Araújo,Portugal,DF,,24-026,1.87,24/25,Rest,2025-04-01,2025-04-03,3,1
Tomás Araújo,Portugal,DF,,24-026,1.87,24/25,Unknown Injury,2024-09-02,2024-09-09,8,-
Tomás Araújo,Portugal,DF,,24-026,1.87,23/24,Ankle Injury,2024-04-16,2024-06-30,76,6
João Cancelo,Portugal,"DF,MF",,32-015,1.82,25/26,Hamstring Injury,2025-09-18,2025-10-31,44,10
João Cancelo,Portugal,"DF,MF",,32-015,1.82,24/25,Muscle Tear,2025-04-25,2025-06-15,52,8
João Cancelo,Portugal,"DF,MF",,32-015,1.82,24/25,Torn Thigh Muscle,2025-03-03,2025-04-17,46,8
João Cancelo,Portugal,"DF,MF",,32-015,1.82,24/25,Leg Injury,2025-02-08,2025-02-15,8,1
João Cancelo,Portugal,"DF,MF",,32-015,1.82,23/24,Heart Problems,2024-03-16,2024-03-24,9,2
João Cancelo,Portugal,"DF,MF",,32-015,1.82,23/24,Knee Injury,2024-01-05,2024-01-23,19,5
João Cancelo,Portugal,"DF,MF",,32-015,1.82,20/21,Corona Virus,2021-06-12,2021-07-15,34,4
João Cancelo,Portugal,"DF,MF",,32-015,1.82,20/21,Foot Injury,2020-09-21,2020-10-07,17,5
João Cancelo,Portugal,"DF,MF",,32-015,1.82,18/19,Nose Surgery,2019-05-20,2019-06-01,13,1
João Cancelo,Portugal,"DF,MF",,32-015,1.82,18/19,Meniscus Injury,2018-12-12,2019-01-14,34,6
João Cancelo,Portugal,"DF,MF",,32-015,1.82,17/18,Inner Ligament Injury,2017-08-29,2017-10-12,45,9
João Cancelo,Portugal,"DF,MF",,32-015,1.82,16/17,Foot Injury,2017-05-08,2017-05-18,11,1
João Cancelo,Portugal,"DF,MF",,32-015,1.82,15/16,Hamstring Injury,2016-03-13,2016-04-15,34,5
Francisco Conceição,Portugal,MF,,23-179,1.66,25/26,Muscle Fatigue,2026-01-04,2026-01-16,13,2
Francisco Conceição,Portugal,MF,,23-179,1.66,25/26,Muscle Fatigue,2025-12-21,2026-01-01,12,1
Francisco Conceição,Portugal,MF,,23-179,1.66,25/26,Unknown Injury,2025-09-26,2025-09-30,5,1
Francisco Conceição,Portugal,MF,,23-179,1.66,25/26,Muscular Problems,2025-09-08,2025-09-29,22,3
Francisco Conceição,Portugal,MF,,23-179,1.66,24/25,Unknown Injury,2025-06-24,2025-06-26,3,-
Francisco Conceição,Portugal,MF,,23-179,1.66,24/25,Hamstring Muscle Injury,2025-03-02,2025-03-14,13,2
Francisco Conceição,Portugal,MF,,23-179,1.66,24/25,Stress Reaction Of The Bone,2025-01-03,2025-01-20,18,3
Francisco Conceição,Portugal,MF,,23-179,1.66,24/25,Muscular Problems,2024-09-04,2024-09-26,23,5
Francisco Conceição,Portugal,MF,,23-179,1.66,23/24,Muscle Injury,2023-08-11,2023-09-11,32,6
Francisco Conceição,Portugal,MF,,23-179,1.66,22/23,Muscle Injury,2023-05-13,2023-06-20,39,3
Francisco Conceição,Portugal,MF,,23-179,1.66,22/23,Knock,2022-09-09,2022-09-20,12,6
Francisco Conceição,Portugal,MF,,23-179,1.66,22/23,Shoulder Injury,2022-08-10,2022-08-27,18,4
Francisco Conceição,Portugal,MF,,23-179,1.66,21/22,Muscle Injury,2021-11-26,2021-12-09,14,3
Diogo Costa,Portugal,GK,,26-265,1.88,25/26,Adductor Injury,2026-03-23,2026-03-31,9,1
Diogo Costa,Portugal,GK,,26-265,1.88,24/25,Adductor Injury,2025-06-12,2025-06-27,16,3
Diogo Costa,Portugal,GK,,26-265,1.88,24/25,Muscle Injury,2025-04-23,2025-05-09,17,2
Diogo Costa,Portugal,GK,,26-265,1.88,23/24,Unknown Injury,2024-04-15,2024-04-25,11,2
Diogo Costa,Portugal,GK,,26-265,1.88,23/24,Minor Knock,2024-03-20,2024-03-25,6,1
Diogo Costa,Portugal,GK,,26-265,1.88,22/23,Unknown Injury,2023-03-20,2023-04-04,16,3
Diogo Costa,Portugal,GK,,26-265,1.88,20/21,Corona Virus,2021-04-06,2021-04-16,11,3
Diogo Costa,Portugal,GK,,26-265,1.88,19/20,Finger Injury,2019-07-26,2019-08-11,17,2
Diogo Costa,Portugal,GK,,26-265,1.88,18/19,Unknown Injury,2018-07-28,2018-09-17,52,8
Samu Costa,Portugal,MF,,25-196,1.85,24/25,Unknown Injury,2025-02-14,2025-02-28,15,2
Samu Costa,Portugal,MF,,25-196,1.85,24/25,Calf Injury,2024-12-11,2025-01-05,26,3
Samu Costa,Portugal,MF,,25-196,1.85,20/21,Muscle Injury,2021-04-26,2021-05-12,17,2
Diogo Dalot,Portugal,"DF,MF",,27-085,1.84,25/26,Muscle Injury,2025-09-04,2025-09-22,19,4
Diogo Dalot,Portugal,"DF,MF",,27-085,1.84,24/25,Calf Injury,2025-04-21,2025-05-15,25,5
Diogo Dalot,Portugal,"DF,MF",,27-085,1.84,22/23,Hamstring Injury,2023-01-11,2023-02-02,23,6
Diogo Dalot,Portugal,"DF,MF",,27-085,1.84,22/23,Hamstring Injury,2022-12-11,2023-01-01,22,3
Diogo Dalot,Portugal,"DF,MF",,27-085,1.84,19/20,Groin Injury,2019-10-18,2020-01-02,77,21
Diogo Dalot,Portugal,"DF,MF",,27-085,1.84,19/20,Knock,2019-09-20,2019-10-02,13,3
Diogo Dalot,Portugal,"DF,MF",,27-085,1.84,19/20,Hip Injury,2019-08-04,2019-09-17,45,7
Diogo Dalot,Portugal,"DF,MF",,27-085,1.84,18/19,Knock,2018-12-09,2018-12-15,7,1
Diogo Dalot,Portugal,"DF,MF",,27-085,1.84,18/19,Unknown Injury,2018-10-17,2018-11-30,45,13
Diogo Dalot,Portugal,"DF,MF",,27-085,1.84,17/18,Meniscus Injury,2018-04-28,2018-08-30,125,7
Rúben Dias,Portugal,"DF,MF",,29-028,1.87,25/26,Hamstring Injury,2026-03-18,2026-05-08,52,9
Rúben Dias,Portugal,"DF,MF",,29-028,1.87,25/26,Hamstring Injury,2026-01-04,2026-02-07,35,8
Rúben Dias,Portugal,"DF,MF",,29-028,1.87,24/25,Muscle Stiffness,2025-02-13,2025-02-17,5,1
Rúben Dias,Portugal,"DF,MF",,29-028,1.87,24/25,Hip Injury,2025-01-24,2025-02-07,15,3
Rúben Dias,Portugal,"DF,MF",,29-028,1.87,24/25,Unknown Injury,2024-12-20,2025-01-18,30,6
Rúben Dias,Portugal,"DF,MF",,29-028,1.87,24/25,Calf Injury,2024-10-30,2024-12-01,33,6
Rúben Dias,Portugal,"DF,MF",,29-028,1.87,23/24,Ill,2024-04-26,2024-04-30,5,1
Rúben Dias,Portugal,"DF,MF",,29-028,1.87,23/24,Ill,2023-12-25,2023-12-28,4,1
Rúben Dias,Portugal,"DF,MF",,29-028,1.87,23/24,Concussion,2023-08-07,2023-08-15,9,1
Rúben Dias,Portugal,"DF,MF",,29-028,1.87,22/23,Unknown Injury,2023-05-22,2023-06-01,11,2
Rúben Dias,Portugal,"DF,MF",,29-028,1.87,22/23,Hamstring Injury,2022-12-22,2023-01-15,25,7
Rúben Dias,Portugal,"DF,MF",,29-028,1.87,21/22,Muscle Injury,2022-05-09,2022-06-15,38,7
Rúben Dias,Portugal,"DF,MF",,29-028,1.87,21/22,Knock,2022-03-03,2022-04-11,40,9
Rúben Dias,Portugal,"DF,MF",,29-028,1.87,17/18,Ankle Injury,2018-03-19,2018-03-29,11,-
Rúben Dias,Portugal,"DF,MF",,29-028,1.87,17/18,Appendectomy,2017-11-16,2017-12-14,29,7
João Félix,Portugal,"FW,MF",,26-213,1.79,24/25,Unknown Injury,2024-12-11,2024-12-18,8,2
João Félix,Portugal,"FW,MF",,26-213,1.79,23/24,Ankle Injury,2024-01-30,2024-02-19,21,4
João Félix,Portugal,"FW,MF",,26-213,1.79,21/22,Muscle Injury,2022-04-18,2022-07-01,75,10
João Félix,Portugal,"FW,MF",,26-213,1.79,21/22,Corona Virus,2021-12-30,2022-01-05,7,1
João Félix,Portugal,"FW,MF",,26-213,1.79,21/22,Muscle Injury,2021-11-18,2021-12-01,14,3
João Félix,Portugal,"FW,MF",,26-213,1.79,21/22,Broken Ankle,2021-07-02,2021-09-11,72,6
João Félix,Portugal,"FW,MF",,26-213,1.79,20/21,Muscle Injury,2021-06-17,2021-06-20,4,1
João Félix,Portugal,"FW,MF",,26-213,1.79,20/21,Ankle Injury,2021-04-12,2021-04-23,12,2
João Félix,Portugal,"FW,MF",,26-213,1.79,20/21,Ankle Injury,2021-03-30,2021-04-06,8,1
João Félix,Portugal,"FW,MF",,26-213,1.79,20/21,Corona Virus,2021-02-02,2021-02-16,15,2
João Félix,Portugal,"FW,MF",,26-213,1.79,20/21,Knock,2020-12-20,2020-12-23,4,1
João Félix,Portugal,"FW,MF",,26-213,1.79,19/20,Ankle Injury,2020-07-04,2020-07-18,15,3
João Félix,Portugal,"FW,MF",,26-213,1.79,19/20,Leg Injury,2020-01-27,2020-02-21,26,4
João Félix,Portugal,"FW,MF",,26-213,1.79,19/20,Ankle Sprain,2019-10-20,2019-11-20,32,8
João Félix,Portugal,"FW,MF",,26-213,1.79,18/19,Muscle Injury,2019-03-23,2019-03-28,6,-
Bruno Fernandes,Portugal,"FW,MF",,31-276,1.83,25/26,Hamstring Injury,2025-12-21,2026-01-05,16,3
Bruno Fernandes,Portugal,"FW,MF",,31-276,1.83,23/24,Knee Injury,2024-05-01,2024-05-13,13,2
Bruno Fernandes,Portugal,"FW,MF",,31-276,1.83,21/22,Ill,2022-03-12,2022-03-14,3,1
Bruno Fernandes,Portugal,"FW,MF",,31-276,1.83,18/19,Leg Injury,2019-03-19,2019-03-29,11,2
Bruno Fernandes,Portugal,"FW,MF",,31-276,1.83,16/17,Flu,2017-01-05,2017-01-07,3,-
Gonçalo Guedes,Portugal,"FW,MF",,29-194,1.79,24/25,Knee Injury,2025-02-21,2025-03-08,16,3
Gonçalo Guedes,Portugal,"FW,MF",,29-194,1.79,22/23,Meniscus Injury,2023-03-09,2023-04-10,33,6
Gonçalo Guedes,Portugal,"FW,MF",,29-194,1.79,22/23,Unknown Injury,2023-03-01,2023-03-05,5,1
Gonçalo Guedes,Portugal,"FW,MF",,29-194,1.79,19/20,Ankle Sprain,2019-10-15,2020-02-03,112,23
Gonçalo Guedes,Portugal,"FW,MF",,29-194,1.79,18/19,Groin Injury,2018-12-09,2019-02-01,55,11
Gonçalo Guedes,Portugal,"FW,MF",,29-194,1.79,18/19,Adductor Injury,2018-10-08,2018-11-02,26,6
Gonçalo Guedes,Portugal,"FW,MF",,29-194,1.79,17/18,Hamstring Injury,2018-01-28,2018-02-07,11,2
Gonçalo Guedes,Portugal,"FW,MF",,29-194,1.79,17/18,Foot Injury,2017-11-27,2017-12-15,19,3
Gonçalo Inácio,Portugal,DF,,24-290,1.85,25/26,Sprain,2026-04-23,2026-05-03,11,2
Gonçalo Inácio,Portugal,DF,,24-290,1.85,24/25,Unknown Injury,2024-12-10,2025-01-06,28,6
Gonçalo Inácio,Portugal,DF,,24-290,1.85,24/25,Unknown Injury,2024-11-02,2024-11-07,6,1
Gonçalo Inácio,Portugal,DF,,24-290,1.85,24/25,Minor Knock,2024-10-07,2024-10-13,7,1
Gonçalo Inácio,Portugal,DF,,24-290,1.85,24/25,Unknown Injury,2024-09-18,2024-09-25,8,1
Gonçalo Inácio,Portugal,DF,,24-290,1.85,23/24,Thigh Problems,2024-02-26,2024-03-08,12,3
Gonçalo Inácio,Portugal,DF,,24-290,1.85,21/22,Flu,2022-03-13,2022-03-16,4,1
Gonçalo Inácio,Portugal,DF,,24-290,1.85,21/22,Unknown Injury,2021-09-16,2021-10-08,23,4
Gonçalo Inácio,Portugal,DF,,24-290,1.85,21/22,Unknown Injury,2021-09-06,2021-09-13,8,1
Gonçalo Inácio,Portugal,DF,,24-290,1.85,20/21,Unknown Injury,2021-04-10,2021-04-14,5,1
Rafael Leão,Portugal,"FW,MF",,27-001,1.88,25/26,Adductor Pain,2026-03-20,2026-04-03,15,3
Rafael Leão,Portugal,"FW,MF",,27-001,1.88,25/26,Adductor Pain,2025-12-09,2025-12-29,21,3
Rafael Leão,Portugal,"FW,MF",,27-001,1.88,25/26,Calf Injury,2025-08-18,2025-09-25,39,7
Rafael Leão,Portugal,"FW,MF",,27-001,1.88,24/25,Muscle Injury,2024-12-20,2025-01-04,16,2
Rafael Leão,Portugal,"FW,MF",,27-001,1.88,23/24,Hamstring Muscle Injury,2023-11-11,2023-12-12,32,6
Rafael Leão,Portugal,"FW,MF",,27-001,1.88,22/23,Adductor Pain,2023-05-06,2023-05-15,10,2
Rafael Leão,Portugal,"FW,MF",,27-001,1.88,21/22,Hamstring Muscle Injury,2021-12-04,2022-01-01,29,4
Rafael Leão,Portugal,"FW,MF",,27-001,1.88,20/21,Muscle Injury,2021-03-14,2021-04-05,23,6
Rafael Leão,Portugal,"FW,MF",,27-001,1.88,20/21,Hamstring Muscle Injury,2020-11-18,2020-12-08,21,5
Rafael Leão,Portugal,"FW,MF",,27-001,1.88,20/21,Corona Virus,2020-09-07,2020-09-21,15,1
Rafael Leão,Portugal,"FW,MF",,27-001,1.88,17/18,Muscle Injury,2018-03-05,2018-06-01,89,18
Rafael Leão,Portugal,"FW,MF",,27-001,1.88,17/18,Hamstring Injury,2017-12-11,2018-02-05,57,20
Nuno Mendes,Portugal,"DF,MF",,23-357,1.77,25/26,Dead Leg,2026-05-09,2026-05-18,10,3
Nuno Mendes,Portugal,"DF,MF",,23-357,1.77,25/26,Dead Leg,2026-04-15,2026-04-23,9,2
Nuno Mendes,Portugal,"DF,MF",,23-357,1.77,25/26,Dead Leg,2025-11-27,2025-12-08,12,2
Nuno Mendes,Portugal,"DF,MF",,23-357,1.77,25/26,Knee Injury,2025-11-05,2025-11-19,15,3
Nuno Mendes,Portugal,"DF,MF",,23-357,1.77,24/25,Hamstring Injury,2024-12-16,2024-12-20,5,1
Nuno Mendes,Portugal,"DF,MF",,23-357,1.77,24/25,Ankle Sprain,2024-11-19,2024-11-23,5,1
Nuno Mendes,Portugal,"DF,MF",,23-357,1.77,24/25,Virus,2024-09-25,2024-09-29,5,1
Nuno Mendes,Portugal,"DF,MF",,23-357,1.77,24/25,Virus,2024-08-29,2024-09-03,6,1
Nuno Mendes,Portugal,"DF,MF",,23-357,1.77,22/23,Hamstring Injury,2023-05-01,2024-02-12,288,44
Nuno Mendes,Portugal,"DF,MF",,23-357,1.77,22/23,Muscle Injury,2023-04-18,2023-04-28,11,1
Nuno Mendes,Portugal,"DF,MF",,23-357,1.77,22/23,Muscle Injury,2022-11-29,2023-01-16,49,8
Nuno Mendes,Portugal,"DF,MF",,23-357,1.77,22/23,Muscle Injury,2022-11-21,2022-11-25,5,1
Nuno Mendes,Portugal,"DF,MF",,23-357,1.77,22/23,Hamstring Injury,2022-10-03,2022-10-23,21,4
Nuno Mendes,Portugal,"DF,MF",,23-357,1.77,21/22,Ankle Injury,2021-08-02,2021-08-19,18,2
Nuno Mendes,Portugal,"DF,MF",,23-357,1.77,20/21,Minor Knock,2021-06-17,2021-06-21,5,1
Pedro Neto,Portugal,"FW,MF",,26-094,1.74,25/26,Muscle Injury,2026-05-03,2026-05-15,13,2
Pedro Neto,Portugal,"FW,MF",,26-094,1.74,25/26,Knock,2026-02-01,2026-02-06,6,1
Pedro Neto,Portugal,"FW,MF",,26-094,1.74,25/26,Muscle Injury,2025-11-09,2025-11-21,13,2
Pedro Neto,Portugal,"FW,MF",,26-094,1.74,25/26,Muscle Injury,2025-11-01,2025-11-07,7,1
Pedro Neto,Portugal,"FW,MF",,26-094,1.74,24/25,Unknown Injury,2024-11-17,2024-11-29,13,3
Pedro Neto,Portugal,"FW,MF",,26-094,1.74,23/24,Hamstring Injury,2024-03-10,2024-05-16,68,12
Pedro Neto,Portugal,"FW,MF",,26-094,1.74,23/24,Hamstring Injury,2023-10-28,2023-12-25,59,10
Pedro Neto,Portugal,"FW,MF",,26-094,1.74,22/23,Ankle Injury,2022-10-01,2023-02-05,128,26
Pedro Neto,Portugal,"FW,MF",,26-094,1.74,20/21,Knee Injury,2021-04-12,2022-02-03,298,52
Pedro Neto,Portugal,"FW,MF",,26-094,1.74,19/20,Muscle Injury,2020-07-13,2020-07-16,4,-
Pedro Neto,Portugal,"FW,MF",,26-094,1.74,19/20,Knock,2020-07-02,2020-07-13,12,1
Pedro Neto,Portugal,"FW,MF",,26-094,1.74,19/20,Calf Injury,2019-10-07,2019-10-28,22,3
Pedro Neto,Portugal,"FW,MF",,26-094,1.74,18/19,Knock,2019-03-25,2019-04-08,15,3
Pedro Neto,Portugal,"FW,MF",,26-094,1.74,17/18,Knock,2018-02-15,2018-03-12,26,11
João Neves,Portugal,MF,,21-257,1.71,25/26,Injury To The Ankle,2026-02-26,2026-03-07,10,2
João Neves,Portugal,MF,,21-257,1.71,25/26,Muscle Contusion,2026-01-15,2026-01-25,11,3
João Neves,Portugal,MF,,21-257,1.71,25/26,Hamstring Injury,2025-10-02,2025-10-26,25,6
João Neves,Portugal,MF,,21-257,1.71,25/26,Hamstring Injury,2025-09-18,2025-09-29,12,2
João Neves,Portugal,MF,,21-257,1.71,24/25,Knock,2025-01-30,2025-02-05,7,2
Rúben Neves,Portugal,MF,,29-090,1.83,25/26,Muscle Injury,2026-02-28,2026-03-09,10,1
Rúben Neves,Portugal,MF,,29-090,1.83,24/25,Patellar Tendon Rupture,2024-10-21,2025-01-05,77,12
Rúben Neves,Portugal,MF,,29-090,1.83,21/22,Knee Injury,2022-03-19,2022-04-25,38,5
Rúben Neves,Portugal,MF,,29-090,1.83,20/21,Corona Virus,2021-04-12,2021-04-22,11,1
Rúben Neves,Portugal,MF,,29-090,1.83,16/17,Muscle Injury,2017-01-10,2017-02-08,30,4
Rúben Neves,Portugal,MF,,29-090,1.83,16/17,Knee Bruise,2016-11-17,2016-11-24,8,2
Matheus Nunes,Portugal,"DF,MF",,27-288,1.83,25/26,Ill,2026-01-16,2026-01-19,4,1
Matheus Nunes,Portugal,"DF,MF",,27-288,1.83,24/25,Unknown Injury,2024-12-20,2025-01-02,14,3
Matheus Nunes,Portugal,"DF,MF",,27-288,1.83,24/25,Unknown Injury,2024-11-10,2024-11-19,10,2
Matheus Nunes,Portugal,"DF,MF",,27-288,1.83,23/24,Muscle Injury,2023-11-14,2023-12-04,21,5
Matheus Nunes,Portugal,"DF,MF",,27-288,1.83,22/23,Shoulder Injury,2022-11-04,2022-11-12,9,2
Matheus Nunes,Portugal,"DF,MF",,27-288,1.83,20/21,Corona Virus,2021-03-17,2021-03-29,13,1
Gonçalo Ramos,Portugal,FW,,24-356,1.85,24/25,Ill,2025-03-15,2025-03-21,7,2
Gonçalo Ramos,Portugal,FW,,24-356,1.85,24/25,Ankle Injury,2024-08-16,2024-11-15,92,18
Gonçalo Ramos,Portugal,FW,,24-356,1.85,23/24,Flu,2023-12-11,2023-12-18,8,2
Gonçalo Ramos,Portugal,FW,,24-356,1.85,23/24,Muscle Strain,2023-08-24,2023-09-01,9,1
Gonçalo Ramos,Portugal,FW,,24-356,1.85,22/23,Muscular Problems,2023-01-27,2023-02-07,12,2
Gonçalo Ramos,Portugal,FW,,24-356,1.85,22/23,Muscle Injury,2022-11-03,2022-11-10,8,2
Gonçalo Ramos,Portugal,FW,,24-356,1.85,20/21,Muscle Injury,2021-02-16,2021-02-21,6,1
Gonçalo Ramos,Portugal,FW,,24-356,1.85,20/21,Corona Virus,2020-12-24,2021-01-05,13,2
Cristiano Ronaldo,Portugal,"FW,MF",,41-126,1.85,25/26,Hamstring Injury,2026-03-01,2026-04-02,33,4
Cristiano Ronaldo,Portugal,"FW,MF",,41-126,1.85,24/25,Muscle Strain,2025-05-11,2025-05-19,9,2
Cristiano Ronaldo,Portugal,"FW,MF",,41-126,1.85,24/25,Abdominal Problems,2024-12-15,2024-12-31,17,-
Cristiano Ronaldo,Portugal,"FW,MF",,41-126,1.85,24/25,Virus,2024-09-15,2024-09-18,4,1
Cristiano Ronaldo,Portugal,"FW,MF",,41-126,1.85,23/24,Unknown Injury,2024-01-23,2024-02-11,20,-
Cristiano Ronaldo,Portugal,"FW,MF",,41-126,1.85,22/23,Ill,2022-11-09,2022-11-18,10,3
Cristiano Ronaldo,Portugal,"FW,MF",,41-126,1.85,21/22,Rest,2022-06-09,2022-06-13,5,1
Cristiano Ronaldo,Portugal,"FW,MF",,41-126,1.85,21/22,Hip Flexor Problems,2022-03-03,2022-03-07,5,1
Cristiano Ronaldo,Portugal,"FW,MF",,41-126,1.85,21/22,Hip Flexor Problems,2022-01-10,2022-01-17,8,2
Cristiano Ronaldo,Portugal,"FW,MF",,41-126,1.85,21/22,Arm Injury,2021-08-26,2021-08-30,5,1
Cristiano Ronaldo,Portugal,"FW,MF",,41-126,1.85,20/21,Hip Flexor Problems,2021-04-15,2021-04-19,5,1
Cristiano Ronaldo,Portugal,"FW,MF",,41-126,1.85,20/21,Corona Virus,2020-10-12,2020-10-29,18,5
Cristiano Ronaldo,Portugal,"FW,MF",,41-126,1.85,19/20,Adductor Pain,2019-09-23,2019-09-26,4,1
Cristiano Ronaldo,Portugal,"FW,MF",,41-126,1.85,18/19,Hamstring Injury,2019-03-25,2019-04-08,15,3
Cristiano Ronaldo,Portugal,"FW,MF",,41-126,1.85,17/18,Ankle Injury,2018-05-07,2018-05-14,8,2
José Sá,Portugal,GK,,33-145,,-,Ninguna,,,0,0
Nélson Semedo,Portugal,"DF,MF",,32-207,1.79,25/26,Fitness,2026-03-31,2026-04-02,3,1
Nélson Semedo,Portugal,"DF,MF",,32-207,1.79,25/26,Inner Knee Ligament Tear,2026-03-01,2026-03-31,31,6
Nélson Semedo,Portugal,"DF,MF",,32-207,1.79,25/26,Fitness,2026-01-13,2026-01-15,3,1
Nélson Semedo,Portugal,"DF,MF",,32-207,1.79,25/26,Partial Muscle Tear,2025-12-06,2026-01-13,39,6
Nélson Semedo,Portugal,"DF,MF",,32-207,1.79,25/26,Muscle Injury,2025-08-27,2025-09-15,20,4
Nélson Semedo,Portugal,"DF,MF",,32-207,1.79,24/25,Hamstring Strain,2025-01-04,2025-01-14,11,2
Nélson Semedo,Portugal,"DF,MF",,32-207,1.79,22/23,Hamstring Injury,2022-04-30,2022-08-12,105,9
Nélson Semedo,Portugal,"DF,MF",,32-207,1.79,19/20,Muscle Injury,2019-11-10,2019-12-13,34,7
Nélson Semedo,Portugal,"DF,MF",,32-207,1.79,19/20,Ankle Sprain,2019-09-08,2019-09-12,5,1
Nélson Semedo,Portugal,"DF,MF",,32-207,1.79,18/19,Knee Problems,2018-12-15,2018-12-20,6,1
Nélson Semedo,Portugal,"DF,MF",,32-207,1.79,17/18,Hamstring Injury,2018-02-25,2018-03-30,34,7
Nélson Semedo,Portugal,"DF,MF",,32-207,1.79,17/18,Tonsillitis,2018-01-13,2018-01-16,4,1
Nélson Semedo,Portugal,"DF,MF",,32-207,1.79,15/16,Knee Injury,2015-10-11,2016-01-19,101,21
Bernardo Silva,Portugal,"FW,MF",,31-305,1.73,24/25,Unknown Injury,2025-03-15,2025-03-17,3,-
Bernardo Silva,Portugal,"FW,MF",,31-305,1.73,23/24,Unknown Injury,2023-09-20,2023-10-01,12,3
Bernardo Silva,Portugal,"FW,MF",,31-305,1.73,23/24,Muscular Problems,2023-08-14,2023-08-26,13,2
Bernardo Silva,Portugal,"FW,MF",,31-305,1.73,21/22,Muscular Problems,2021-11-09,2021-11-12,4,1
Bernardo Silva,Portugal,"FW,MF",,31-305,1.73,20/21,Muscle Injury,2020-09-08,2020-09-30,23,3
Bernardo Silva,Portugal,"FW,MF",,31-305,1.73,18/19,Knock,2019-04-07,2019-04-14,8,1
Bernardo Silva,Portugal,"FW,MF",,31-305,1.73,18/19,Knock,2018-11-19,2018-11-30,12,3
Bernardo Silva,Portugal,"FW,MF",,31-305,1.73,16/17,Ankle Injury,2017-06-25,2017-06-27,3,-
Bernardo Silva,Portugal,"FW,MF",,31-305,1.73,15/16,Hamstring Injury,2016-05-09,2016-07-10,63,10
Bernardo Silva,Portugal,"FW,MF",,31-305,1.73,15/16,Hamstring Injury,2016-02-08,2016-02-29,22,3
Rui Silva,Portugal,GK,,32-124,1.91,25/26,Hand Injury,2025-09-12,2025-09-19,8,2
Rui Silva,Portugal,GK,,32-124,1.91,20/21,Corona Virus,2020-11-06,2020-11-09,4,1
Rui Silva,Portugal,GK,,32-124,1.91,19/20,Groin Injury,2020-06-25,2020-07-03,9,2
Francisco Trincão,Portugal,"FW,MF",,26-164,1.84,24/25,Rest,2025-02-17,2025-02-20,4,1
Francisco Trincão,Portugal,"FW,MF",,26-164,1.84,23/24,Foot Bruise,2024-02-26,2024-03-02,6,1
Francisco Trincão,Portugal,"FW,MF",,26-164,1.84,21/22,Corona Virus,2021-10-06,2021-10-20,15,3
Francisco Trincão,Portugal,"FW,MF",,26-164,1.84,18/19,Fitness,2018-11-29,2018-12-06,8,1
Francisco Trincão,Portugal,"FW,MF",,26-164,1.84,18/19,Ankle Injury,2018-10-08,2018-11-28,52,11
Renato Veiga,Portugal,"DF,MF",,22-317,1.88,24/25,Muscle Injury,2025-02-19,2025-03-07,17,3
Renato Veiga,Portugal,"DF,MF",,22-317,1.88,23/24,Unknown Injury,2024-05-20,2024-06-05,17,1
Renato Veiga,Portugal,"DF,MF",,22-317,1.88,23/24,Ankle Sprain,2024-04-01,2024-05-13,43,6
Vitinha,Portugal,MF,,26-118,1.7,25/26,Heel Injury,2026-04-20,2026-04-26,7,2
Vitinha,Portugal,MF,,26-118,1.7,25/26,Knock,2025-09-28,2025-09-30,3,-
Vitinha,Portugal,MF,,26-118,1.7,24/25,Ankle Injury,2024-09-25,2024-10-02,8,1
Vitinha,Portugal,MF,,26-118,1.7,24/25,Injury To The Ankle,2024-09-06,2024-09-17,12,2
Vitinha,Portugal,MF,,26-118,1.7,21/22,Corona Virus,2022-05-28,2022-06-06,10,2
Vitinha,Portugal,MF,,26-118,1.7,19/20,Muscle Injury,2020-02-21,2020-03-16,25,4
Yusuf Abdurisag,Qatar,FW,,26-309,1.71,-,Ninguna,,,0,0
Mahmoud Abunada,Qatar,GK,,26-126,1.85,-,Ninguna,,,0,0
Akram Afif,Qatar,FW,,29-205,1.76,16/17,Ankle Injury,2017-03-28,2017-04-14,18,3
Akram Afif,Qatar,FW,,29-205,1.76,16/17,Knock,2016-11-16,2016-11-28,13,2
Homam Ahmed,Qatar,DF,,26-290,1.88,23/24,Ankle Sprain,2024-01-13,2024-02-04,23,4
Ahmed Alaaeldin,Qatar,FW,,33-131,1.79,-,Ninguna,,,0,0
Almoez Ali,Qatar,FW,,29-296,1.8,25/26,Unknown Injury,2025-10-14,2026-03-18,156,31
Almoez Ali,Qatar,FW,,29-296,1.8,25/26,Unknown Injury,2025-08-10,2025-09-22,44,10
Meshaal Barsham,Qatar,GK,,28-117,1.8,-,Ninguna,,,0,0
Karim Boudiaf,Qatar,"DF,MF",,35-268,1.9,-,Ninguna,,,0,0
Sultan Al-Brake,Qatar,DF,,30-065,1.78,24/25,Broken Toe,2024-12-25,2025-04-13,110,13
Sultan Al-Brake,Qatar,DF,,30-065,1.78,16/17,Unknown Injury,2017-02-06,2017-10-09,246,11
Ahmed Fathy,Qatar,MF,,33-137,,-,Ninguna,,,0,0
Jassem Gaber,Qatar,MF,,24-111,1.81,25/26,Muscle Injury,2025-08-14,2025-08-24,11,2
Jassem Gaber,Qatar,MF,,24-111,1.81,24/25,Adductor Injury,2025-03-25,2025-05-30,67,6
Ahmed Al-Ganehi,Qatar,FW,,25-262,1.75,25/26,Unknown Injury,2025-11-16,2026-03-31,136,23
Ahmed Al-Ganehi,Qatar,FW,,25-262,1.75,25/26,Calf Injury,2025-09-02,2025-09-18,17,4
Ahmed Al-Ganehi,Qatar,FW,,25-262,1.75,24/25,Hamstring Injury,2024-11-24,2024-12-15,22,3
Ahmed Al-Ganehi,Qatar,FW,,25-262,1.75,24/25,Unknown Injury,2024-08-08,2024-08-31,24,4
Abdulaziz Hatem,Qatar,MF,,36-161,1.79,-,Ninguna,,,0,0
Hassan Al-Haydos,Qatar,"FW,MF",,35-182,,-,No Encontrado,,,0,0
Al-Hashmi Al-Hussain,Qatar,MF,,22-300,1.82,-,Ninguna,,,0,0
Tahsin Jamshid,Qatar,FW,,19-360,,-,No Encontrado,,,0,0
Edmilson Junior,Qatar,FW,,31-296,1.8,25/26,Unknown Injury,2025-09-13,2025-09-23,11,3
Edmilson Junior,Qatar,FW,,31-296,1.8,23/24,Ankle Surgery,2023-07-03,2023-07-03,1,-
Edmilson Junior,Qatar,FW,,31-296,1.8,22/23,Ankle Injury,2023-03-01,2023-12-31,306,37
Edmilson Junior,Qatar,FW,,31-296,1.8,17/18,Stomach Problems,2017-09-05,2017-09-29,25,4
Edmilson Junior,Qatar,FW,,31-296,1.8,16/17,Foot Injury,2017-04-03,2017-05-03,31,5
Edmilson Junior,Qatar,FW,,31-296,1.8,16/17,Hamstring Injury,2017-01-27,2017-02-10,15,2
Boualem Khoukhi,Qatar,DF,,35-337,1.85,-,Ninguna,,,0,0
Issa Laye,Qatar,MF,,28-171,1.94,25/26,Knock,2025-10-31,2025-11-28,29,3
Issa Laye,Qatar,MF,,28-171,1.94,25/26,Knock,2025-09-19,2025-09-29,11,2
Issa Laye,Qatar,MF,,28-171,1.94,25/26,Knock,2025-08-22,2025-09-01,11,2
Issa Laye,Qatar,MF,,28-171,1.94,24/25,Unknown Injury,2025-04-06,2025-05-03,28,4
Issa Laye,Qatar,MF,,28-171,1.94,23/24,Calf Problems,2024-03-02,2024-04-06,36,5
Issa Laye,Qatar,MF,,28-171,1.94,23/24,Hamstring Injury,2024-01-31,2024-02-09,10,1
Issa Laye,Qatar,MF,,28-171,1.94,23/24,Foot Injury,2023-10-08,2023-12-15,69,9
Issa Laye,Qatar,MF,,28-171,1.94,21/22,Ankle Injury,2022-05-05,2022-05-25,21,3
Issa Laye,Qatar,MF,,28-171,1.94,21/22,Ankle Injury,2022-04-18,2022-05-02,15,2
Issa Laye,Qatar,MF,,28-171,1.94,20/21,Head Injury,2021-02-11,2021-02-15,5,-
Issa Laye,Qatar,MF,,28-171,1.94,20/21,Bruise,2021-01-04,2021-01-14,11,1
Issa Laye,Qatar,MF,,28-171,1.94,20/21,Corona Virus,2020-09-21,2020-10-15,25,4
Issa Laye,Qatar,MF,,28-171,1.94,17/18,Back Injury,2017-07-13,2017-08-17,36,2
Issa Laye,Qatar,MF,,28-171,1.94,16/17,Back Problems,2016-11-10,2016-12-22,43,8
Assim Madibo,Qatar,MF,,29-232,1.68,25/26,Hamstring Injury,2025-12-01,2026-02-28,90,13
Assim Madibo,Qatar,MF,,29-232,1.68,24/25,Unknown Injury,2024-09-19,2024-12-09,82,19
Mohamed Manai,Qatar,DF,,23-229,,-,Ninguna,,,0,0
Lucas Mendes,Qatar,DF,,35-343,1.79,25/26,Fitness,2025-07-29,2025-08-25,28,2
Lucas Mendes,Qatar,DF,,35-343,1.79,24/25,Ankle Injury,2025-04-10,2025-07-28,110,5
Lucas Mendes,Qatar,DF,,35-343,1.79,13/14,Sprain,2013-10-19,2013-11-09,22,4
Mohammed Muntari,Qatar,FW,,32-173,1.92,24/25,Hamstring Injury,2025-03-22,2025-04-21,31,5
Mohammed Muntari,Qatar,FW,,32-173,1.92,24/25,Fitness,2024-07-24,2024-09-08,47,6
Mohammed Muntari,Qatar,FW,,32-173,1.92,23/24,Ankle Injury,2024-01-01,2024-07-23,205,24
Ayoub Al-Oui,Qatar,DF,,21-092,1.81,-,Ninguna,,,0,0
Ró-Ró,Qatar,DF,,35-309,1.8,24/25,Hamstring Injury,2024-10-01,2024-12-31,92,16
Ró-Ró,Qatar,DF,,35-309,1.8,17/18,Knock,2017-09-01,2017-10-09,39,3
Salah Zakaria,Qatar,GK,,27-048,1.86,25/26,Surgery,2025-09-17,2025-12-31,106,26
Salah Zakaria,Qatar,GK,,27-048,1.86,23/24,Unknown Injury,2024-01-22,2024-02-25,35,-
Saud Abdulhamid,Saudi Arabia,"DF,MF",,26-328,1.72,24/25,Hamstring Injury,2025-03-20,2025-04-29,41,6
Abdulelah Al-Amri,Saudi Arabia,,,29-147,1.85,25/26,Unknown Injury,2026-03-28,2026-04-03,7,1
Abdulelah Al-Amri,Saudi Arabia,,,29-147,1.85,24/25,Unknown Injury,2025-02-15,2025-03-31,45,7
Abdulelah Al-Amri,Saudi Arabia,,,29-147,1.85,24/25,Torn Muscle Fiber In The Adductor Area,2024-12-12,2025-01-30,50,9
Abdulelah Al-Amri,Saudi Arabia,,,29-147,1.85,24/25,Unknown Injury,2024-11-07,2024-12-02,26,4
Nawaf Al Aqidi,Saudi Arabia,GK,,26-032,,-,No Encontrado,,,0,0
Nawaf Boushal,Saudi Arabia,DF,,26-268,1.73,-,Ninguna,,,0,0
Firas Al-Buraikan,Saudi Arabia,"FW,MF",,26-028,1.85,24/25,Unknown Injury,2024-12-12,2024-12-31,20,3
Nasser Al-Dawsari,Saudi Arabia,"DF,MF",,27-174,1.78,25/26,Toe Injury,2026-02-25,2026-04-10,45,8
Salem Al-Dawsari,Saudi Arabia,"DF,FW",,34-296,1.73,25/26,Knee Injury,2026-03-21,2026-04-07,18,3
Salem Al-Dawsari,Saudi Arabia,"DF,FW",,34-296,1.73,25/26,Fitness,2025-12-30,2026-01-05,7,2
Salem Al-Dawsari,Saudi Arabia,"DF,FW",,34-296,1.73,25/26,Back Injury,2025-09-01,2025-09-05,5,1
Salem Al-Dawsari,Saudi Arabia,"DF,FW",,34-296,1.73,25/26,Hamstring Injury,2025-06-15,2025-07-31,47,6
Salem Al-Dawsari,Saudi Arabia,"DF,FW",,34-296,1.73,24/25,Torn Muscle Fiber In The Adductor Area,2025-01-07,2025-01-13,7,1
Salem Al-Dawsari,Saudi Arabia,"DF,FW",,34-296,1.73,24/25,Inflammation In The Ankle Joint,2024-11-08,2024-11-23,16,2
Salem Al-Dawsari,Saudi Arabia,"DF,FW",,34-296,1.73,24/25,Ligament Stretching,2024-11-08,2024-11-23,16,2
Salem Al-Dawsari,Saudi Arabia,"DF,FW",,34-296,1.73,23/24,Thigh Problems,2024-06-27,2024-07-13,17,-
Salem Al-Dawsari,Saudi Arabia,"DF,FW",,34-296,1.73,23/24,Torn Thigh Muscle,2024-04-23,2024-05-20,28,6
Salem Al-Dawsari,Saudi Arabia,"DF,FW",,34-296,1.73,25/26,Foot Injury,2023-11-15,2023-11-26,12,3
Salem Al-Dawsari,Saudi Arabia,"DF,FW",,34-296,1.73,25/26,Appendectomy,2022-09-25,2022-12-17,84,7
Salem Al-Dawsari,Saudi Arabia,"DF,FW",,34-296,1.73,25/26,Fitness,2022-05-25,2022-06-06,13,2
Salem Al-Dawsari,Saudi Arabia,"DF,FW",,34-296,1.73,21/22,Torn Ligaments,2021-09-18,2021-10-24,37,5
Salem Al-Dawsari,Saudi Arabia,"DF,FW",,34-296,1.73,20/21,Hamstring Injury,2020-11-16,2020-11-24,9,2
Salem Al-Dawsari,Saudi Arabia,"DF,FW",,34-296,1.73,20/21,Hand Injury,2020-11-16,2020-11-24,9,2
Khalid Al Ghannam,Saudi Arabia,MF,,25-215,,-,No Encontrado,,,0,0
Abdullah Al-Hamdan,Saudi Arabia,FW,,26-271,1.86,-,Ninguna,,,0,0
Moteb Al-Harbi,Saudi Arabia,DF,,26-111,1.77,25/26,Unknown Injury,2026-03-18,2026-03-28,11,1
Moteb Al-Harbi,Saudi Arabia,DF,,26-111,1.77,25/26,Hamstring Muscle Injury,2025-11-08,2025-12-20,43,11
Moteb Al-Harbi,Saudi Arabia,DF,,26-111,1.77,24/25,Bruised Ribs,2025-05-28,2025-06-16,20,1
Moteb Al-Harbi,Saudi Arabia,DF,,26-111,1.77,23/24,Unknown Injury,2023-09-15,2023-12-10,87,16
Alaa Al Hejji,Saudi Arabia,MF,,30-190,,-,No Encontrado,,,0,0
Ziyad Al Johani,Saudi Arabia,MF,,24-212,,-,No Encontrado,,,0,0
Musab Al Juwayr,Saudi Arabia,MF,,22-356,,-,No Encontrado,,,0,0
Hassan Kadesh,Saudi Arabia,DF,,33-278,1.79,24/25,Hamstring Injury,2025-06-16,2025-08-09,55,3
Hassan Kadesh,Saudi Arabia,DF,,33-278,1.79,24/25,Muscle Injury,2025-05-11,2025-05-18,8,1
Hassan Kadesh,Saudi Arabia,DF,,33-278,1.79,24/25,Head Injury,2025-03-20,2025-03-31,12,1
Hassan Kadesh,Saudi Arabia,DF,,33-278,1.79,21/22,Dental Surgery,2021-09-24,2022-05-28,247,31
Mohamed Kanno,Saudi Arabia,MF,,31-262,1.91,24/25,Unknown Injury,2025-03-18,2025-03-30,13,2
Mohamed Kanno,Saudi Arabia,MF,,31-262,1.91,20/21,Foot Injury,2021-02-04,2021-03-18,43,6
Mohamed Kanno,Saudi Arabia,MF,,31-262,1.91,20/21,Corona Virus,2020-09-21,2020-10-05,15,-
Ahmed Al-Kassar,Saudi Arabia,GK,,35-034,1.78,25/26,Shoulder Injury,2025-08-20,2025-11-25,98,18
Ahmed Al-Kassar,Saudi Arabia,GK,,35-034,1.78,24/25,Fitness,2025-01-06,2025-01-13,8,2
Abdullah Al-Khaibari,Saudi Arabia,MF,,29-299,1.75,25/26,Hamstring Muscle Injury,2026-05-11,2026-05-18,8,2
Abdullah Al-Khaibari,Saudi Arabia,MF,,29-299,1.75,24/25,Fitness,2025-05-11,2025-05-13,3,1
Abdullah Al-Khaibari,Saudi Arabia,MF,,29-299,1.75,24/25,Unknown Injury,2025-02-13,2025-04-05,52,11
Abdullah Al-Khaibari,Saudi Arabia,MF,,29-299,1.75,24/25,Chest Injury,2025-01-28,2025-02-04,8,2
Abdullah Al-Khaibari,Saudi Arabia,MF,,29-299,1.75,24/25,Torn Muscle Fiber In The Adductor Area,2024-12-12,2025-01-19,39,6
Abdullah Al-Khaibari,Saudi Arabia,MF,,29-299,1.75,20/21,Corona Virus,2020-10-29,2020-11-12,15,2
Ali Lajami,Saudi Arabia,DF,,30-048,1.77,25/26,Unknown Injury,2026-03-18,2026-04-06,20,1
Ali Lajami,Saudi Arabia,DF,,30-048,1.77,25/26,Hamstring Muscle Injury,2025-11-03,2025-12-01,29,5
Ali Majrashi,Saudi Arabia,DF,,26-252,1.69,24/25,Torn Muscle Fiber In The Adductor Area,2025-05-22,2025-06-02,12,1
Ali Majrashi,Saudi Arabia,DF,,26-252,1.69,23/24,Unknown Injury,2024-04-05,2024-06-30,87,9
Ali Majrashi,Saudi Arabia,DF,,26-252,1.69,22/23,Knee Medial Ligament Tear,2023-02-03,2023-04-30,87,12
Sultan Mendash,Saudi Arabia,"FW,MF",,31-237,,-,No Encontrado,,,0,0
Mohammed Al-Owais,Saudi Arabia,GK,,34-244,1.85,23/24,Torn Thigh Muscle,2024-06-11,2024-07-21,41,-
Mohammed Al-Owais,Saudi Arabia,GK,,34-244,1.85,19/20,Muscle Injury,2020-08-23,2020-09-06,15,3
Mohammed Al-Owais,Saudi Arabia,GK,,34-244,1.85,19/20,Head Injury,2019-11-23,2020-04-12,142,23
Mohammed Abu Al-Shamat,Saudi Arabia,"DF,MF",,23-304,1.7,-,Ninguna,,,0,0
Saleh Al-Shehri,Saudi Arabia,FW,,32-222,1.84,25/26,Unknown Injury,2026-01-31,2026-03-08,37,9
Saleh Al-Shehri,Saudi Arabia,FW,,32-222,1.84,24/25,Hamstring Injury,2025-04-19,2025-05-27,39,6
Saleh Al-Shehri,Saudi Arabia,FW,,32-222,1.84,24/25,Torn Thigh Muscle,2024-12-22,2025-01-19,29,6
Saleh Al-Shehri,Saudi Arabia,FW,,32-222,1.84,21/22,Unknown Injury,2022-04-09,2022-09-28,173,21
Saleh Al-Shehri,Saudi Arabia,FW,,32-222,1.84,19/20,Corona Virus,2020-09-12,2020-09-26,15,3
Hassan Al Tambakti,Saudi Arabia,DF,,27-122,,-,No Encontrado,,,0,0
Jehad Thakri,Saudi Arabia,DF,,24-325,1.84,25/26,Knee Injury,2025-10-15,2025-11-05,22,4
Jehad Thakri,Saudi Arabia,DF,,24-325,1.84,24/25,Muscular Problems,2025-01-19,2025-01-29,11,2
Ayman Yahya,Saudi Arabia,MF,,25-028,1.73,25/26,Adductor Injury,2025-10-29,2025-11-20,23,5
Ayman Yahya,Saudi Arabia,MF,,25-028,1.73,24/25,Leg Injury,2024-11-22,2025-01-28,68,12
Ayman Yahya,Saudi Arabia,MF,,25-028,1.73,23/24,Torn Thigh Muscle,2024-06-02,2024-06-30,29,2
Ayman Yahya,Saudi Arabia,MF,,25-028,1.73,23/24,Muscle Injury,2024-05-17,2024-05-19,3,-
Ché Adams,Scotland,FW,,29-333,1.75,25/26,Hamstring Injury,2026-04-30,2026-05-05,6,1
Ché Adams,Scotland,FW,,29-333,1.75,25/26,Calf Muscle Tear,2026-02-16,2026-02-27,12,1
Ché Adams,Scotland,FW,,29-333,1.75,25/26,Muscle Fatigue,2026-02-03,2026-02-06,4,1
Ché Adams,Scotland,FW,,29-333,1.75,25/26,Stomach Flu,2025-11-23,2025-11-27,5,1
Ché Adams,Scotland,FW,,29-333,1.75,24/25,Hamstring Injury,2024-11-03,2024-11-21,19,3
Ché Adams,Scotland,FW,,29-333,1.75,20/21,Quarantine,2021-06-01,2021-06-04,4,1
Ché Adams,Scotland,FW,,29-333,1.75,20/21,Head Injury,2020-12-30,2021-01-15,17,1
Ryan Christie,Scotland,"FW,MF",,31-109,1.78,25/26,Knee Problems,2025-12-29,2026-01-16,19,4
Ryan Christie,Scotland,"FW,MF",,31-109,1.78,25/26,Knee Problems,2025-11-24,2025-12-19,26,4
Ryan Christie,Scotland,"FW,MF",,31-109,1.78,25/26,Knock,2025-09-12,2025-09-15,4,1
Ryan Christie,Scotland,"FW,MF",,31-109,1.78,24/25,Groin Injury,2025-04-03,2025-08-23,143,11
Ryan Christie,Scotland,"FW,MF",,31-109,1.78,24/25,Groin Problems,2025-02-28,2025-03-03,4,1
Ryan Christie,Scotland,"FW,MF",,31-109,1.78,21/22,Unknown Injury,2021-08-15,2021-08-18,4,1
Ryan Christie,Scotland,"FW,MF",,31-109,1.78,20/21,Quarantine,2021-01-09,2021-01-19,11,2
Ryan Christie,Scotland,"FW,MF",,31-109,1.78,20/21,Quarantine,2020-10-08,2020-10-22,15,4
Ryan Christie,Scotland,"FW,MF",,31-109,1.78,19/20,Knock,2020-02-24,2020-02-29,6,1
Ryan Christie,Scotland,"FW,MF",,31-109,1.78,19/20,Groin Surgery,2019-12-29,2020-01-17,20,-
Ryan Christie,Scotland,"FW,MF",,31-109,1.78,18/19,Facial Fracture,2019-04-14,2019-05-21,38,5
Ryan Christie,Scotland,"FW,MF",,31-109,1.78,18/19,Hamstring Strain,2019-02-24,2019-03-31,36,6
Ryan Christie,Scotland,"FW,MF",,31-109,1.78,18/19,Knee Injury,2018-12-13,2018-12-21,9,2
Ryan Christie,Scotland,"FW,MF",,31-109,1.78,15/16,Knee Injury,2015-11-07,2016-01-31,86,11
Findlay Curtis,Scotland,MF,,19-253,1.8,-,Ninguna,,,0,0
Lyndon Dykes,Scotland,"FW,MF",,30-247,1.88,24/25,Calf Injury,2025-02-23,2025-06-30,128,21
Lyndon Dykes,Scotland,"FW,MF",,30-247,1.88,23/24,Unknown Injury,2024-06-01,2024-08-12,73,5
Lyndon Dykes,Scotland,"FW,MF",,30-247,1.88,21/22,Thigh Problems,2022-06-03,2022-06-18,16,3
Lyndon Dykes,Scotland,"FW,MF",,30-247,1.88,19/20,Ankle Injury,2019-10-23,2019-11-08,17,3
Lyndon Dykes,Scotland,"FW,MF",,30-247,1.88,19/20,Ankle Sprain,2019-09-25,2019-10-05,11,1
Lewis Ferguson,Scotland,MF,,26-291,1.81,24/25,Hamstring Injury,2025-04-07,2025-04-23,17,2
Lewis Ferguson,Scotland,MF,,26-291,1.81,24/25,Muscular Problems,2025-01-29,2025-02-17,20,4
Lewis Ferguson,Scotland,MF,,26-291,1.81,23/24,Cruciate Ligament Surgery,2024-04-13,2024-10-30,201,27
Lewis Ferguson,Scotland,MF,,26-291,1.81,22/23,Knock,2022-06-14,2022-07-19,36,1
Lewis Ferguson,Scotland,MF,,26-291,1.81,20/21,Quarantine,2020-11-22,2020-12-05,14,3
Lewis Ferguson,Scotland,MF,,26-291,1.81,18/19,Knock,2019-04-18,2019-04-23,6,1
Lewis Ferguson,Scotland,MF,,26-291,1.81,18/19,Knee Injury,2018-09-12,2018-09-30,19,4
Lewis Ferguson,Scotland,MF,,26-291,1.81,17/18,Ankle Injury,2018-04-28,2018-05-09,12,2
Tyler Fletcher,Scotland,MF,,19-084,1.83,-,Ninguna,,,0,0
Ben Gannon-Doak,Scotland,MF,,20-212,1.73,25/26,Hamstring Injury,2025-11-18,2026-03-06,109,19
Ben Gannon-Doak,Scotland,MF,,20-212,1.73,24/25,Hamstring Injury,2025-02-02,2025-05-31,119,19
Ben Gannon-Doak,Scotland,MF,,20-212,1.73,23/24,Meniscus Tear,2023-12-17,2024-06-30,197,34
Ben Gannon-Doak,Scotland,MF,,20-212,1.73,22/23,Concussion,2023-03-14,2023-03-30,17,5
Billy Gilmour,Scotland,MF,,25-000,1.7,25/26,Knee Injury,2026-05-30,,17,-
Billy Gilmour,Scotland,MF,,25-000,1.7,25/26,Pubalgia,2025-11-02,2026-02-15,106,25
Billy Gilmour,Scotland,MF,,25-000,1.7,25/26,Adductor Injury,2025-07-16,2025-08-04,20,-
Billy Gilmour,Scotland,MF,,25-000,1.7,23/24,Knee Injury,2024-03-27,2024-04-26,31,5
Billy Gilmour,Scotland,MF,,25-000,1.7,21/22,Ankle Injury,2022-01-08,2022-02-05,29,4
Billy Gilmour,Scotland,MF,,25-000,1.7,20/21,Corona Virus,2021-06-21,2021-07-01,11,1
Billy Gilmour,Scotland,MF,,25-000,1.7,20/21,Knee Injury,2020-07-09,2020-11-17,132,23
Craig Gordon,Scotland,GK,,43-162,1.93,25/26,Shoulder Injury,2026-02-27,2026-05-18,81,12
Craig Gordon,Scotland,GK,,43-162,1.93,24/25,Shoulder Injury,2025-05-01,2025-09-29,152,18
Craig Gordon,Scotland,GK,,43-162,1.93,23/24,Fitness,2023-11-01,2023-12-03,33,7
Craig Gordon,Scotland,GK,,43-162,1.93,22/23,Broken Leg,2022-12-24,2023-11-01,313,49
Craig Gordon,Scotland,GK,,43-162,1.93,21/22,Ill,2022-02-17,2022-02-24,8,1
Craig Gordon,Scotland,GK,,43-162,1.93,18/19,Knee Injury,2019-03-03,2019-03-31,29,4
Craig Gordon,Scotland,GK,,43-162,1.93,18/19,Hip Injury,2018-11-08,2018-11-20,13,2
Craig Gordon,Scotland,GK,,43-162,1.93,17/18,Knee Injury,2018-05-02,2018-05-17,16,3
Craig Gordon,Scotland,GK,,43-162,1.93,17/18,Knee Injury,2018-01-29,2018-04-03,65,13
Craig Gordon,Scotland,GK,,43-162,1.93,13/14,Knee Injury,2012-04-30,2014-06-30,792,20
Craig Gordon,Scotland,GK,,43-162,1.93,10/11,Knee Surgery,2011-04-18,2012-01-02,260,33
Craig Gordon,Scotland,GK,,43-162,1.93,10/11,Broken Arm,2010-07-15,2010-09-16,64,8
Craig Gordon,Scotland,GK,,43-162,1.93,09/10,Broken Arm,2009-11-09,2010-01-25,78,11
Craig Gordon,Scotland,GK,,43-162,1.93,09/10,Thigh Problems,2009-09-10,2009-09-21,12,-
Craig Gordon,Scotland,GK,,43-162,1.93,08/09,Knee Surgery,2009-04-20,2009-05-31,42,5
Angus Gunn,Scotland,GK,,30-140,1.96,25/26,Knee Injury,2025-10-30,2025-12-13,45,11
Angus Gunn,Scotland,GK,,30-140,1.96,20/21,Ankle Injury,2020-11-08,2021-01-19,73,15
Grant Hanley,Scotland,DF,,34-203,1.88,23/24,Unknown Injury,2024-03-06,2024-04-23,49,9
Grant Hanley,Scotland,DF,,34-203,1.88,23/24,Achilles Tendon Problems,2023-04-07,2023-12-25,263,43
Grant Hanley,Scotland,DF,,34-203,1.88,21/22,Groin Injury,2021-10-31,2021-11-24,25,3
Grant Hanley,Scotland,DF,,34-203,1.88,20/21,Quarantine,2021-06-01,2021-06-04,4,1
Grant Hanley,Scotland,DF,,34-203,1.88,20/21,Hamstring Injury,2020-11-09,2020-11-23,15,3
Grant Hanley,Scotland,DF,,34-203,1.88,19/20,Hamstring Injury,2020-06-15,2020-10-01,109,16
Grant Hanley,Scotland,DF,,34-203,1.88,19/20,Knock,2020-01-12,2020-01-17,6,-
Grant Hanley,Scotland,DF,,34-203,1.88,19/20,Ill,2020-01-05,2020-01-10,6,-
Grant Hanley,Scotland,DF,,34-203,1.88,19/20,Groin Strain,2019-09-29,2019-12-18,81,14
Grant Hanley,Scotland,DF,,34-203,1.88,19/20,Groin Strain,2019-08-26,2019-09-10,16,4
Jack Hendry,Scotland,DF,,31-035,1.92,25/26,Unknown Injury,2026-01-28,2026-02-04,8,1
Jack Hendry,Scotland,DF,,31-035,1.92,24/25,Muscle Injury,2025-01-25,2025-02-16,23,3
Jack Hendry,Scotland,DF,,31-035,1.92,22/23,Hamstring Muscle Injury,2023-02-26,2023-05-02,66,11
Jack Hendry,Scotland,DF,,31-035,1.92,22/23,Unknown Injury,2022-10-01,2022-10-19,19,3
Jack Hendry,Scotland,DF,,31-035,1.92,22/23,Fitness,2022-08-31,2022-09-07,8,1
Jack Hendry,Scotland,DF,,31-035,1.92,19/20,Torn Ligaments,2020-02-05,2020-06-01,118,7
Jack Hendry,Scotland,DF,,31-035,1.92,18/19,Knee Injury,2018-08-18,2018-09-17,31,7
Aaron Hickey,Scotland,DF,,24-001,1.85,25/26,Hamstring Injury,2026-02-22,2026-04-13,51,8
Aaron Hickey,Scotland,DF,,24-001,1.85,25/26,Rest,2025-12-02,2025-12-04,3,1
Aaron Hickey,Scotland,DF,,24-001,1.85,25/26,Knock,2025-10-09,2025-11-03,26,5
Aaron Hickey,Scotland,DF,,24-001,1.85,24/25,Fitness,2025-02-17,2025-05-16,89,13
Aaron Hickey,Scotland,DF,,24-001,1.85,23/24,Hamstring Injury,2023-11-02,2025-02-17,474,75
Aaron Hickey,Scotland,DF,,24-001,1.85,22/23,Ankle Injury,2022-10-10,2022-12-31,83,10
Aaron Hickey,Scotland,DF,,24-001,1.85,21/22,Corona Virus,2022-01-01,2022-01-13,13,1
Aaron Hickey,Scotland,DF,,24-001,1.85,20/21,Surgery,2021-04-03,2021-06-07,66,10
Aaron Hickey,Scotland,DF,,24-001,1.85,20/21,Shoulder Injury,2021-02-28,2021-03-13,14,2
Aaron Hickey,Scotland,DF,,24-001,1.85,20/21,Corona Virus,2020-12-13,2021-01-01,20,4
Aaron Hickey,Scotland,DF,,24-001,1.85,20/21,Unknown Injury,2020-11-07,2020-11-22,16,1
Aaron Hickey,Scotland,DF,,24-001,1.85,19/20,Knee Injury,2020-01-18,2020-02-14,28,6
Aaron Hickey,Scotland,DF,,24-001,1.85,19/20,Knock,2019-12-02,2019-12-13,12,2
George Hirst,Scotland,FW,,27-116,1.91,24/25,Knee Injury,2024-11-10,2025-01-11,63,9
George Hirst,Scotland,FW,,27-116,1.91,24/25,Knee Surgery,2024-08-03,2024-09-01,30,4
George Hirst,Scotland,FW,,27-116,1.91,23/24,Torn Muscle Fiber,2023-12-27,2024-04-23,119,21
George Hirst,Scotland,FW,,27-116,1.91,18/19,Inner Ligament Stretch Of The Knee,2018-09-17,2018-10-03,17,2
Dominic Hyam,Scotland,DF,,30-173,1.88,20/21,Concussion,2020-11-03,2020-11-09,7,1
Dominic Hyam,Scotland,DF,,30-173,1.88,20/21,Rest,2020-09-14,2020-09-16,3,1
Liam Kelly,Scotland,GK,,30-139,1.63,-,Ninguna,,,0,0
John McGinn,Scotland,MF,,31-236,1.78,25/26,Muscle Fatigue,2026-05-01,2026-05-04,4,1
John McGinn,Scotland,MF,,31-236,1.78,25/26,Knee Injury,2026-01-19,2026-03-10,51,10
John McGinn,Scotland,MF,,31-236,1.78,24/25,Hamstring Injury,2025-01-05,2025-01-25,21,4
John McGinn,Scotland,MF,,31-236,1.78,24/25,Thigh Problems,2024-09-28,2024-10-07,10,3
John McGinn,Scotland,MF,,31-236,1.78,22/23,Hamstring Strain,2023-01-01,2023-02-04,35,4
John McGinn,Scotland,MF,,31-236,1.78,20/21,Quarantine,2021-06-01,2021-06-04,4,1
John McGinn,Scotland,MF,,31-236,1.78,19/20,Ankle Injury,2019-12-21,2020-06-05,168,14
John McGinn,Scotland,MF,,31-236,1.78,18/19,Hamstring Strain,2018-07-09,2018-07-14,6,1
John McGinn,Scotland,MF,,31-236,1.78,16/17,Ankle Surgery,2016-11-24,2016-12-24,31,3
John McGinn,Scotland,MF,,31-236,1.78,14/15,Hamstring Injury,2015-04-22,2015-05-31,40,5
John McGinn,Scotland,MF,,31-236,1.78,14/15,Knee Injury,2014-10-29,2014-11-24,27,4
John McGinn,Scotland,MF,,31-236,1.78,14/15,Ill,2014-09-02,2014-09-25,24,1
Scott McKenna,Scotland,DF,,29-211,1.89,25/26,Adductor Pain,2026-05-03,2026-05-11,9,1
Scott McKenna,Scotland,DF,,29-211,1.89,25/26,Adductor Pain,2026-04-19,2026-04-24,6,1
Scott McKenna,Scotland,DF,,29-211,1.89,24/25,Hamstring Injury,2024-09-20,2024-10-16,27,6
Scott McKenna,Scotland,DF,,29-211,1.89,23/24,Unknown Injury,2024-03-21,2024-03-31,11,2
Scott McKenna,Scotland,DF,,29-211,1.89,22/23,Shoulder Injury,2023-04-22,2023-06-05,45,6
Scott McKenna,Scotland,DF,,29-211,1.89,22/23,Hamstring Injury,2023-02-11,2023-04-08,57,9
Scott McKenna,Scotland,DF,,29-211,1.89,21/22,Hamstring Injury,2022-03-16,2022-04-01,17,3
Scott McKenna,Scotland,DF,,29-211,1.89,20/21,Ankle Injury,2021-01-25,2021-03-07,42,10
Scott McKenna,Scotland,DF,,29-211,1.89,19/20,Hamstring Injury,2020-02-29,2020-05-31,93,2
Scott McKenna,Scotland,DF,,29-211,1.89,19/20,Torn Thigh Muscle,2019-08-24,2019-10-01,39,7
Scott McKenna,Scotland,DF,,29-211,1.89,18/19,Hamstring Injury,2018-08-05,2018-09-14,41,6
Scott McKenna,Scotland,DF,,29-211,1.89,16/17,Ankle Injury,2016-09-12,2016-10-31,50,6
Scott McKenna,Scotland,DF,,29-211,1.89,14/15,Knee Injury,2014-12-25,2015-01-31,38,6
Kenny McLean,Scotland,"DF,MF",,34-154,1.83,20/21,Knee Injury,2021-05-09,2021-08-10,94,5
Kenny McLean,Scotland,"DF,MF",,34-154,1.83,19/20,Back Injury,2019-08-10,2019-08-16,7,-
Kenny McLean,Scotland,"DF,MF",,34-154,1.83,13/14,Knee Surgery,2013-01-04,2014-02-02,395,17
Kenny McLean,Scotland,"DF,MF",,34-154,1.83,12/13,Knee Surgery,2012-12-21,2013-01-29,40,5
Kenny McLean,Scotland,"DF,MF",,34-154,1.83,11/12,Broken Collarbone,2012-01-26,2012-03-01,36,6
Scott McTominay,Scotland,MF,,29-185,1.93,25/26,Tendonitis,2026-02-09,2026-03-09,29,5
Scott McTominay,Scotland,MF,,29-185,1.93,25/26,Calf Problems,2026-02-07,2026-03-04,26,4
Scott McTominay,Scotland,MF,,29-185,1.93,25/26,Ankle Problems,2025-10-17,2025-10-19,3,1
Scott McTominay,Scotland,MF,,29-185,1.93,25/26,Muscle Fatigue,2025-07-22,2025-08-04,14,-
Scott McTominay,Scotland,MF,,29-185,1.93,24/25,Knee Problems,2025-06-08,2025-06-14,7,1
Scott McTominay,Scotland,MF,,29-185,1.93,24/25,Flu,2025-03-29,2025-04-02,5,1
Scott McTominay,Scotland,MF,,29-185,1.93,23/24,Knee Injury,2024-04-05,2024-06-13,70,4
Scott McTominay,Scotland,MF,,29-185,1.93,23/24,Unknown Injury,2024-04-05,2024-04-20,16,2
Scott McTominay,Scotland,MF,,29-185,1.93,22/23,Unknown Injury,2023-04-09,2023-05-11,33,8
Scott McTominay,Scotland,MF,,29-185,1.93,22/23,Unknown Injury,2023-01-27,2023-02-18,23,6
Scott McTominay,Scotland,MF,,29-185,1.93,21/22,Foot Injury,2022-04-06,2022-04-18,13,2
Scott McTominay,Scotland,MF,,29-185,1.93,21/22,Ill,2022-02-22,2022-03-02,9,2
Scott McTominay,Scotland,MF,,29-185,1.93,21/22,Groin Injury,2021-08-26,2021-09-16,22,6
Scott McTominay,Scotland,MF,,29-185,1.93,20/21,Knock,2021-02-18,2021-02-26,9,2
Scott McTominay,Scotland,MF,,29-185,1.93,20/21,Bruise,2020-11-22,2020-12-01,10,2
Nathan Patterson,Scotland,DF,,24-238,1.83,25/26,Muscle Injury,2025-10-17,2025-12-06,51,8
Nathan Patterson,Scotland,DF,,24-238,1.83,25/26,Muscle Injury,2025-08-01,2025-09-11,42,6
Nathan Patterson,Scotland,DF,,24-238,1.83,24/25,Hamstring Injury,2025-02-03,2025-02-28,26,4
Nathan Patterson,Scotland,DF,,24-238,1.83,23/24,Thigh Problems,2024-04-15,2024-09-21,160,19
Nathan Patterson,Scotland,DF,,24-238,1.83,22/23,Knee Injury,2023-01-03,2023-01-03,1,-
Nathan Patterson,Scotland,DF,,24-238,1.83,22/23,Ankle Injury,2022-09-21,2022-10-26,36,7
Nathan Patterson,Scotland,DF,,24-238,1.83,21/22,Ankle Surgery,2022-04-05,2022-06-06,63,11
Nathan Patterson,Scotland,DF,,24-238,1.83,21/22,Quarantine,2021-08-27,2021-09-08,13,3
Nathan Patterson,Scotland,DF,,24-238,1.83,20/21,Quarantine,2021-06-01,2021-06-04,4,-
Nathan Patterson,Scotland,DF,,24-238,1.83,20/21,Quarantine,2021-02-14,2021-02-23,10,2
Anthony Ralston,Scotland,DF,,27-207,1.78,18/19,Knee Injury,2019-01-20,2019-05-06,107,21
Anthony Ralston,Scotland,DF,,27-207,1.78,17/18,Knee Injury,2017-12-11,2018-02-16,68,13
Anthony Ralston,Scotland,DF,,27-207,1.78,17/18,Knee Injury,2017-10-26,2017-12-04,40,10
Anthony Ralston,Scotland,DF,,27-207,1.78,17/18,Knock,2017-10-10,2017-10-17,8,2
Andy Robertson,Scotland,DF,,32-092,1.78,23/24,Knock,2024-05-10,2024-05-15,6,1
Andy Robertson,Scotland,DF,,32-092,1.78,23/24,Ankle Problems,2024-03-26,2024-04-02,8,1
Andy Robertson,Scotland,DF,,32-092,1.78,23/24,Ill,2024-02-26,2024-02-29,4,1
Andy Robertson,Scotland,DF,,32-092,1.78,23/24,Shoulder Injury,2023-10-12,2024-01-22,103,24
Andy Robertson,Scotland,DF,,32-092,1.78,22/23,Groin Problems,2023-05-25,2023-05-30,6,1
Andy Robertson,Scotland,DF,,32-092,1.78,22/23,Knee Injury,2022-09-08,2022-10-10,33,7
Andy Robertson,Scotland,DF,,32-092,1.78,21/22,Thigh Problems,2021-11-16,2021-11-21,6,1
Andy Robertson,Scotland,DF,,32-092,1.78,25/26,Ankle Injury,2021-08-08,2021-08-18,11,1
Andy Robertson,Scotland,DF,,32-092,1.78,20/21,Hip Injury,2020-11-14,2020-11-18,5,1
Andy Robertson,Scotland,DF,,32-092,1.78,19/20,Minor Knock,2020-06-15,2020-06-22,8,1
Andy Robertson,Scotland,DF,,32-092,1.78,19/20,Rest,2020-03-05,2020-03-09,5,1
Andy Robertson,Scotland,DF,,32-092,1.78,19/20,Ankle Injury,2019-11-11,2019-11-22,12,2
Andy Robertson,Scotland,DF,,32-092,1.78,18/19,Torn Thigh Muscle,2019-06-12,2019-06-24,13,-
Andy Robertson,Scotland,DF,,32-092,1.78,18/19,Arm Injury,2019-02-25,2019-02-26,2,-
Andy Robertson,Scotland,DF,,32-092,1.78,18/19,Knock,2018-12-03,2018-12-07,5,1
Lawrence Shankland,Scotland,FW,,30-305,1.85,25/26,Hamstring Strain,2026-01-17,2026-03-23,66,8
Lawrence Shankland,Scotland,FW,,30-305,1.85,24/25,Calf Problems,2024-12-27,2025-01-27,32,5
Lawrence Shankland,Scotland,FW,,30-305,1.85,23/24,Ill,2024-01-18,2024-01-21,4,1
Lawrence Shankland,Scotland,FW,,30-305,1.85,22/23,Ankle Injury,2023-03-05,2023-03-17,13,2
Lawrence Shankland,Scotland,FW,,30-305,1.85,20/21,Ankle Injury,2020-08-08,2020-09-11,35,7
Lawrence Shankland,Scotland,FW,,30-305,1.85,19/20,Muscle Tear,2019-11-16,2019-12-05,20,2
John Souttar,Scotland,DF,,29-259,1.86,25/26,Muscle Injury,2025-11-18,2025-12-22,35,9
John Souttar,Scotland,DF,,29-259,1.86,22/23,Ankle Injury,2022-08-01,2023-03-09,221,46
John Souttar,Scotland,DF,,29-259,1.86,21/22,Ankle Injury,2022-03-05,2022-05-06,63,9
John Souttar,Scotland,DF,,29-259,1.86,21/22,Ankle Injury,2022-01-30,2022-02-07,9,2
John Souttar,Scotland,DF,,29-259,1.86,21/22,Ankle Injury,2022-01-19,2022-01-25,7,1
John Souttar,Scotland,DF,,29-259,1.86,21/22,Knock,2021-09-23,2021-10-04,12,2
John Souttar,Scotland,DF,,29-259,1.86,20/21,Achilles Tendon Rupture,2020-08-22,2021-03-31,222,39
John Souttar,Scotland,DF,,29-259,1.86,19/20,Achilles Tendon Rupture,2020-03-01,2020-06-30,122,3
John Souttar,Scotland,DF,,29-259,1.86,19/20,Ankle Surgery,2019-10-03,2020-01-01,91,19
John Souttar,Scotland,DF,,29-259,1.86,19/20,Ankle Injury,2019-08-04,2019-10-02,60,10
John Souttar,Scotland,DF,,29-259,1.86,18/19,Hip Injury,2018-10-12,2019-01-20,101,17
John Souttar,Scotland,DF,,29-259,1.86,18/19,Knock,2018-10-11,2018-10-18,8,1
John Souttar,Scotland,DF,,29-259,1.86,17/18,Knock,2018-05-07,2018-05-21,15,2
John Souttar,Scotland,DF,,29-259,1.86,17/18,Knock,2018-02-26,2018-03-02,5,1
John Souttar,Scotland,DF,,29-259,1.86,17/18,Concussion,2017-11-03,2017-11-24,22,2
Ross Stewart,Scotland,FW,,29-335,1.88,25/26,Hamstring Injury,2025-10-04,2026-01-03,92,20
Ross Stewart,Scotland,FW,,29-335,1.88,24/25,Fitness,2025-02-21,2025-04-03,42,7
Ross Stewart,Scotland,FW,,29-335,1.88,24/25,Hamstring Injury,2024-10-06,2025-02-20,138,26
Ross Stewart,Scotland,FW,,29-335,1.88,23/24,Muscle Injury,2023-12-01,2024-05-01,153,33
Ross Stewart,Scotland,FW,,29-335,1.88,22/23,Achilles Tendon Surgery,2023-01-28,2023-11-06,283,45
Ross Stewart,Scotland,FW,,29-335,1.88,22/23,Hamstring Injury,2022-09-05,2022-12-07,94,18
Ross Stewart,Scotland,FW,,29-335,1.88,19/20,Hamstring Injury,2019-12-29,2020-02-29,63,9
Kieran Tierney,Scotland,"DF,MF",,29-006,1.8,24/25,Hamstring Injury,2024-06-19,2024-11-25,160,25
Kieran Tierney,Scotland,"DF,MF",,29-006,1.8,23/24,Adductor Injury,2024-04-25,2024-05-12,18,2
Kieran Tierney,Scotland,"DF,MF",,29-006,1.8,23/24,Hamstring Injury,2024-01-24,2024-02-22,30,6
Kieran Tierney,Scotland,"DF,MF",,29-006,1.8,23/24,Hamstring Injury,2023-10-01,2023-11-24,55,13
Kieran Tierney,Scotland,"DF,MF",,29-006,1.8,21/22,Knee Surgery,2022-03-31,2022-07-07,99,14
Kieran Tierney,Scotland,"DF,MF",,29-006,1.8,21/22,Ankle Problems,2021-10-21,2021-11-06,17,3
Kieran Tierney,Scotland,"DF,MF",,29-006,1.8,20/21,Knee Injury,2021-04-03,2021-05-05,33,7
Kieran Tierney,Scotland,"DF,MF",,29-006,1.8,20/21,Knee Injury,2021-01-19,2021-02-16,29,6
Kieran Tierney,Scotland,"DF,MF",,29-006,1.8,20/21,Virus,2020-10-07,2020-10-16,10,3
Kieran Tierney,Scotland,"DF,MF",,29-006,1.8,20/21,Groin Injury,2020-09-13,2020-09-27,15,2
Kieran Tierney,Scotland,"DF,MF",,29-006,1.8,19/20,Shoulder Injury,2019-12-09,2020-03-14,97,18
Kieran Tierney,Scotland,"DF,MF",,29-006,1.8,18/19,Groin Surgery,2019-05-07,2019-06-09,34,4
Kieran Tierney,Scotland,"DF,MF",,29-006,1.8,18/19,Hip Injury,2019-04-19,2019-05-02,14,2
Kieran Tierney,Scotland,"DF,MF",,29-006,1.8,18/19,Calf Stiffness,2019-03-31,2019-04-05,6,1
Kieran Tierney,Scotland,"DF,MF",,29-006,1.8,18/19,Hip Injury,2018-12-07,2019-02-22,78,15
Lamine Camara,Senegal,MF,,22-161,1.74,25/26,Ankle Sprain,2025-09-26,2025-11-17,53,13
Lamine Camara,Senegal,MF,,22-161,1.74,24/25,Knee Injury,2025-02-02,2025-02-11,10,1
Lamine Camara,Senegal,MF,,22-161,1.74,24/25,Knee Injury,2024-12-19,2025-01-04,17,-
Lamine Camara,Senegal,MF,,22-161,1.74,24/25,Ill,2024-11-30,2024-12-06,7,1
Lamine Camara,Senegal,MF,,22-161,1.74,23/24,Injury To The Ankle,2024-05-13,2024-05-18,6,-
Lamine Camara,Senegal,MF,,22-161,1.74,23/24,Hamstring Injury,2024-04-08,2024-04-10,3,-
Lamine Camara,Senegal,MF,,22-161,1.74,23/24,Injury To The Ankle,2023-12-04,2023-12-09,6,-
Pathé Ciss,Senegal,"DF,MF",,32-087,1.86,21/22,Back Injury,2021-11-15,2021-12-01,17,2
Assane Diao,Senegal,MF,,20-277,1.85,25/26,Unknown Injury,2026-03-06,2026-03-09,4,1
Assane Diao,Senegal,MF,,20-277,1.85,25/26,Hamstring Muscle Injury,2025-12-16,2026-02-24,71,20
Assane Diao,Senegal,MF,,20-277,1.85,25/26,Hamstring Muscle Injury,2025-11-15,2025-12-05,21,4
Assane Diao,Senegal,MF,,20-277,1.85,25/26,Foot Injury,2025-08-22,2025-10-17,57,14
Assane Diao,Senegal,MF,,20-277,1.85,24/25,Broken Foot,2025-04-24,2025-06-30,68,7
Habib Diarra,Senegal,MF,,22-159,1.78,25/26,Groin Surgery,2025-09-15,2025-12-12,89,15
Habib Diarra,Senegal,MF,,22-159,1.78,24/25,Injury To The Ankle,2025-03-03,2025-04-04,33,5
Habib Diarra,Senegal,MF,,22-159,1.78,23/24,Ankle Sprain,2024-06-11,2024-07-02,22,-
Habib Diarra,Senegal,MF,,22-159,1.78,23/24,Facial Injury,2024-04-14,2024-04-20,7,-
Habib Diarra,Senegal,MF,,22-159,1.78,23/24,Achilles Tendon Contusion,2024-02-26,2024-03-02,6,-
Habib Diarra,Senegal,MF,,22-159,1.78,23/24,Groin Injury,2023-10-21,2023-11-04,15,1
Habib Diarra,Senegal,MF,,22-159,1.78,22/23,Calf Injury,2023-02-06,2023-03-04,27,3
Habib Diarra,Senegal,MF,,22-159,1.78,21/22,Knock,2022-05-16,2022-06-30,46,2
Krépin Diatta,Senegal,"DF,FW",,27-106,1.73,25/26,Dead Leg,2026-02-22,2026-03-18,25,4
Krépin Diatta,Senegal,"DF,FW",,27-106,1.73,25/26,Eye Injury,2025-11-03,2025-11-17,15,3
Krépin Diatta,Senegal,"DF,FW",,27-106,1.73,24/25,Adductor Injury,2024-11-21,2025-01-13,54,10
Krépin Diatta,Senegal,"DF,FW",,27-106,1.73,24/25,Hamstring Injury,2024-08-16,2024-08-22,7,1
Krépin Diatta,Senegal,"DF,FW",,27-106,1.73,23/24,Hip Injury,2024-02-07,2024-03-13,36,6
Krépin Diatta,Senegal,"DF,FW",,27-106,1.73,23/24,Knee Injury,2023-11-13,2023-11-23,11,-
Krépin Diatta,Senegal,"DF,FW",,27-106,1.73,22/23,Foot Injury,2023-01-30,2023-02-10,12,3
Krépin Diatta,Senegal,"DF,FW",,27-106,1.73,21/22,Cruciate Ligament Tear,2021-11-19,2022-07-01,225,44
Krépin Diatta,Senegal,"DF,FW",,27-106,1.73,21/22,Ankle Injury,2021-10-09,2021-11-01,24,5
Krépin Diatta,Senegal,"DF,FW",,27-106,1.73,21/22,Concussion,2021-09-22,2021-09-29,8,1
Krépin Diatta,Senegal,"DF,FW",,27-106,1.73,20/21,Fitness,2021-05-05,2021-05-15,11,2
Krépin Diatta,Senegal,"DF,FW",,27-106,1.73,20/21,Corona Virus,2021-04-17,2021-05-04,18,4
Krépin Diatta,Senegal,"DF,FW",,27-106,1.73,19/20,Minor Knock,2020-01-12,2020-01-27,16,3
Krépin Diatta,Senegal,"DF,FW",,27-106,1.73,18/19,Wrist Fracture,2018-07-23,2018-08-30,39,5
Krépin Diatta,Senegal,"DF,FW",,27-106,1.73,18/19,Concussion,2018-07-23,2018-08-30,39,5
Mory Diaw,Senegal,GK,,32-354,1.97,23/24,Ill,2024-03-31,2024-04-13,14,2
Mory Diaw,Senegal,GK,,32-354,1.97,21/22,Unknown Injury,2022-05-20,2022-05-31,12,1
Mory Diaw,Senegal,GK,,32-354,1.97,21/22,Unknown Injury,2021-08-05,2021-08-18,14,1
Mory Diaw,Senegal,GK,,32-354,1.97,19/20,Unknown Injury,2020-06-12,2020-06-22,11,2
Bamba Dieng,Senegal,FW,,26-080,1.78,25/26,Ligament Stretching,2025-10-22,2025-11-11,21,4
Bamba Dieng,Senegal,FW,,26-080,1.78,24/25,Adductor Pain,2025-04-13,2025-05-05,23,4
Bamba Dieng,Senegal,FW,,26-080,1.78,24/25,Groin Injury,2025-02-01,2025-02-20,20,4
Bamba Dieng,Senegal,FW,,26-080,1.78,24/25,Injury To The Ankle,2024-09-23,2024-10-14,22,3
Bamba Dieng,Senegal,FW,,26-080,1.78,23/24,Adductor Injury,2023-08-20,2023-11-19,92,14
Bamba Dieng,Senegal,FW,,26-080,1.78,22/23,Injury To The Ankle,2023-05-22,2023-06-30,40,4
Bamba Dieng,Senegal,FW,,26-080,1.78,22/23,Groin Injury,2023-05-08,2023-05-18,11,1
Bamba Dieng,Senegal,FW,,26-080,1.78,21/22,Dead Leg,2022-05-20,2022-06-30,42,3
Bamba Dieng,Senegal,FW,,26-080,1.78,21/22,Corona Virus,2022-01-04,2022-01-12,9,2
El Hadji Malick Diouf,Senegal,"DF,MF",,21-165,1.77,24/25,Ankle Injury,2025-04-08,2025-04-23,16,2
El Hadji Malick Diouf,Senegal,"DF,MF",,21-165,1.77,24/25,Broken Leg,2025-03-09,2025-04-07,30,5
Yehvann Diouf,Senegal,GK,,26-207,1.88,-,Ninguna,,,0,0
Idrissa Gueye,Senegal,MF,,36-258,1.74,21/22,Corona Virus,2022-01-12,2022-01-15,4,1
Idrissa Gueye,Senegal,MF,,36-258,1.74,21/22,Corona Virus,2021-08-01,2021-08-16,16,3
Idrissa Gueye,Senegal,MF,,36-258,1.74,20/21,Hamstring Injury,2020-10-20,2020-10-25,6,1
Idrissa Gueye,Senegal,MF,,36-258,1.74,20/21,Ankle Injury,2020-09-20,2020-10-02,13,1
Idrissa Gueye,Senegal,MF,,36-258,1.74,19/20,Hamstring Injury,2019-12-09,2020-01-01,24,4
Idrissa Gueye,Senegal,MF,,36-258,1.74,19/20,Groin Injury,2019-10-11,2019-10-28,18,3
Idrissa Gueye,Senegal,MF,,36-258,1.74,19/20,Rest,2019-09-24,2019-09-26,3,1
Idrissa Gueye,Senegal,MF,,36-258,1.74,18/19,Groin Strain,2019-01-27,2019-02-05,10,2
Idrissa Gueye,Senegal,MF,,36-258,1.74,18/19,Groin Strain,2018-12-12,2018-12-25,14,2
Idrissa Gueye,Senegal,MF,,36-258,1.74,18/19,Ankle Injury,2018-10-15,2018-10-20,6,1
Idrissa Gueye,Senegal,MF,,36-258,1.74,18/19,Knee Injury,2018-08-25,2018-09-16,23,3
Idrissa Gueye,Senegal,MF,,36-258,1.74,11/12,Hand Injury,2011-11-23,2011-12-08,16,2
Pape Gueye,Senegal,MF,,27-138,1.89,-,Ninguna,,,0,0
Nicolas Jackson,Senegal,FW,,24-356,1.87,24/25,Hamstring Injury,2025-02-03,2025-04-01,58,10
Nicolas Jackson,Senegal,FW,,24-356,1.87,23/24,Ankle Injury,2024-06-06,2024-07-31,56,1
Nicolas Jackson,Senegal,FW,,24-356,1.87,22/23,Hip Problems,2023-01-07,2023-03-04,57,15
Nicolas Jackson,Senegal,FW,,24-356,1.87,20/21,Thigh Problems,2020-10-25,2020-11-01,8,2
Nicolas Jackson,Senegal,FW,,24-356,1.87,20/21,Fitness,2020-10-09,2020-10-11,3,1
Nicolas Jackson,Senegal,FW,,24-356,1.87,20/21,Muscle Fiber Tear,2020-08-01,2020-10-09,70,-
Ismail Jakobs,Senegal,"DF,MF",,26-298,1.84,25/26,Calf Injury,2025-11-25,2025-12-08,14,2
Ismail Jakobs,Senegal,"DF,MF",,26-298,1.84,25/26,Calf Injury,2025-11-21,2025-11-24,4,1
Ismail Jakobs,Senegal,"DF,MF",,26-298,1.84,24/25,Achilles Tendon Problems,2025-01-25,2025-03-30,65,15
Ismail Jakobs,Senegal,"DF,MF",,26-298,1.84,24/25,Calf Muscle Tear,2024-11-10,2024-12-14,35,7
Ismail Jakobs,Senegal,"DF,MF",,26-298,1.84,24/25,Muscle Strain,2024-10-19,2024-11-08,21,3
Ismail Jakobs,Senegal,"DF,MF",,26-298,1.84,23/24,Knee Injury,2024-04-08,2024-05-31,54,6
Ismail Jakobs,Senegal,"DF,MF",,26-298,1.84,23/24,Hamstring Injury,2024-02-23,2024-03-08,15,2
Ismail Jakobs,Senegal,"DF,MF",,26-298,1.84,22/23,Hip Injury,2023-03-15,2023-03-31,17,3
Ismail Jakobs,Senegal,"DF,MF",,26-298,1.84,20/21,Ligament Injury,2021-04-13,2021-05-04,22,3
Ismail Jakobs,Senegal,"DF,MF",,26-298,1.84,20/21,Muscular Problems,2020-12-17,2021-01-08,23,2
Ismail Jakobs,Senegal,"DF,MF",,26-298,1.84,20/21,Hamstring Injury,2020-09-12,2020-10-06,25,4
Ismail Jakobs,Senegal,"DF,MF",,26-298,1.84,19/20,Muscular Problems,2020-06-10,2020-06-17,8,1
Ismail Jakobs,Senegal,"DF,MF",,26-298,1.84,19/20,Corona Virus,2020-05-03,2020-05-17,15,-
Ismail Jakobs,Senegal,"DF,MF",,26-298,1.84,19/20,Knock,2019-12-08,2019-12-08,1,-
Ismail Jakobs,Senegal,"DF,MF",,26-298,1.84,19/20,Torn Muscle Bundle,2019-07-24,2019-10-24,93,9
Kalidou Koulibaly,Senegal,DF,,34-356,1.86,25/26,Leg Injury,2026-04-10,,67,9
Kalidou Koulibaly,Senegal,DF,,34-356,1.86,22/23,Hamstring Injury,2023-04-12,2023-05-20,39,6
Kalidou Koulibaly,Senegal,DF,,34-356,1.86,21/22,Corona Virus,2022-01-07,2022-01-16,10,4
Kalidou Koulibaly,Senegal,DF,,34-356,1.86,21/22,Hamstring Muscle Injury,2021-12-01,2022-01-02,33,5
Kalidou Koulibaly,Senegal,DF,,34-356,1.86,20/21,Leg Injury,2021-05-04,2021-05-24,21,4
Kalidou Koulibaly,Senegal,DF,,34-356,1.86,20/21,Corona Virus,2021-02-05,2021-02-19,15,4
Kalidou Koulibaly,Senegal,DF,,34-356,1.86,20/21,Muscle Injury,2020-12-20,2021-01-09,21,3
Kalidou Koulibaly,Senegal,DF,,34-356,1.86,19/20,Thigh Problems,2020-02-15,2020-03-04,19,4
Kalidou Koulibaly,Senegal,DF,,34-356,1.86,19/20,Hamstring Muscle Injury,2019-12-15,2020-01-30,47,7
Kalidou Koulibaly,Senegal,DF,,34-356,1.86,16/17,Knee Collateral Ligament Strain,2016-12-11,2016-12-26,16,2
Kalidou Koulibaly,Senegal,DF,,34-356,1.86,14/15,Knock,2015-03-13,2015-03-20,8,2
Kalidou Koulibaly,Senegal,DF,,34-356,1.86,11/12,Metatarsal Fracture,2012-04-11,2012-05-25,45,7
Sadio Mané,Senegal,"FW,MF",,34-062,1.75,25/26,Ankle Injury,2026-03-13,2026-03-26,14,1
Sadio Mané,Senegal,"FW,MF",,34-062,1.75,23/24,Torn Thigh Muscle,2024-05-31,2024-06-30,31,2
Sadio Mané,Senegal,"FW,MF",,34-062,1.75,23/24,Knee Problems,2024-05-27,2024-05-31,5,-
Sadio Mané,Senegal,"FW,MF",,34-062,1.75,22/23,Inflammation In The Head Of The Fibula,2022-11-09,2023-02-22,106,19
Sadio Mané,Senegal,"FW,MF",,34-062,1.75,20/21,Knock,2021-01-30,2021-02-06,8,2
Sadio Mané,Senegal,"FW,MF",,34-062,1.75,20/21,Corona Virus,2020-10-02,2020-10-16,15,2
Sadio Mané,Senegal,"FW,MF",,34-062,1.75,19/20,Hamstring Injury,2020-01-26,2020-02-11,17,4
Sadio Mané,Senegal,"FW,MF",,34-062,1.75,19/20,Muscle Injury,2020-01-24,2020-02-14,22,4
Sadio Mané,Senegal,"FW,MF",,34-062,1.75,19/20,Hamstring Strain,2019-09-23,2019-09-27,5,1
Sadio Mané,Senegal,"FW,MF",,34-062,1.75,18/19,Hand Injury,2019-04-11,2019-04-13,3,-
Sadio Mané,Senegal,"FW,MF",,34-062,1.75,18/19,Foot Injury,2018-12-03,2018-12-07,5,1
Sadio Mané,Senegal,"FW,MF",,34-062,1.75,18/19,Broken Finger,2018-10-15,2018-10-24,10,2
Sadio Mané,Senegal,"FW,MF",,34-062,1.75,17/18,Hamstring Injury,2017-10-09,2017-11-02,25,5
Sadio Mané,Senegal,"FW,MF",,34-062,1.75,16/17,Knee Injury,2017-04-03,2017-06-29,88,10
Sadio Mané,Senegal,"FW,MF",,34-062,1.75,16/17,Shoulder Injury,2016-08-15,2016-08-22,8,1
Pape Matar Sarr,Senegal,MF,,23-270,1.85,25/26,Shoulder Injury,2026-04-13,2026-05-01,19,2
Pape Matar Sarr,Senegal,MF,,23-270,1.85,24/25,Knock,2025-01-21,2025-01-26,6,1
Pape Matar Sarr,Senegal,MF,,23-270,1.85,23/24,Knock,2023-11-22,2023-12-07,16,2
Pape Matar Sarr,Senegal,MF,,23-270,1.85,21/22,Corona Virus,2022-01-05,2022-01-12,8,2
Ibrahim Mbaye,Senegal,FW,,18-138,1.75,24/25,Ankle Sprain,2025-01-11,2025-02-08,29,9
Antoine Mendy,Senegal,DF,,22-015,1.87,24/25,Injury To The Ankle,2024-11-09,2024-12-22,44,8
Antoine Mendy,Senegal,DF,,22-015,1.87,23/24,Eye Injury,2023-12-09,2023-12-15,7,1
Antoine Mendy,Senegal,DF,,22-015,1.87,23/24,Knee Injury,2023-07-01,2023-10-10,102,8
Antoine Mendy,Senegal,DF,,22-015,1.87,22/23,Dead Leg,2023-05-15,2023-05-25,11,1
Antoine Mendy,Senegal,DF,,22-015,1.87,22/23,Injury To The Ankle,2023-02-27,2023-03-20,22,5
Édouard Mendy,Senegal,GK,,34-102,1.94,22/23,Shoulder Injury,2023-01-05,2023-03-16,71,19
Édouard Mendy,Senegal,GK,,34-102,1.94,22/23,Knock,2022-12-08,2023-01-04,28,2
Édouard Mendy,Senegal,GK,,34-102,1.94,21/22,Corona Virus,2022-01-07,2022-01-13,7,3
Édouard Mendy,Senegal,GK,,34-102,1.94,21/22,Bruised Ribs,2021-09-14,2021-09-24,11,2
Édouard Mendy,Senegal,GK,,34-102,1.94,20/21,Muscle Strain,2020-10-16,2020-10-19,4,1
Édouard Mendy,Senegal,GK,,34-102,1.94,19/20,Knee Injury,2019-10-04,2019-10-23,20,3
Édouard Mendy,Senegal,GK,,34-102,1.94,19/20,Metacarpal Fracture,2019-06-28,2019-08-15,49,3
Cherif Ndiaye,Senegal,"FW,MF",,30-139,1.9,25/26,Unknown Injury,2026-03-13,2026-03-16,4,1
Cherif Ndiaye,Senegal,"FW,MF",,30-139,1.9,23/24,Unknown Injury,2023-08-20,2023-08-23,4,1
Cherif Ndiaye,Senegal,"FW,MF",,30-139,1.9,21/22,Abdominal Muscle Strain,2022-02-10,2022-02-17,8,1
Cherif Ndiaye,Senegal,"FW,MF",,30-139,1.9,20/21,Knee Collateral Ligament Strain,2021-04-28,2021-05-03,6,1
Cherif Ndiaye,Senegal,"FW,MF",,30-139,1.9,20/21,Hamstring Strain,2020-11-22,2020-11-27,6,1
Cherif Ndiaye,Senegal,"FW,MF",,30-139,1.9,20/21,Corona Virus,2020-08-24,2020-09-08,16,-
Iliman Ndiaye,Senegal,"FW,MF",,26-097,1.8,24/25,Knee Injury,2025-02-12,2025-04-02,50,7
Moussa Niakhaté,Senegal,"DF,FW",,30-095,1.9,22/23,Hamstring Injury,2022-08-15,2023-03-17,215,41
Moussa Niakhaté,Senegal,"DF,FW",,30-095,1.9,21/22,Corona Virus,2022-01-04,2022-01-11,8,1
Moussa Niakhaté,Senegal,"DF,FW",,30-095,1.9,21/22,Hamstring Injury,2021-09-12,2021-09-28,17,2
Bara Sapoko Ndiaye,Senegal,MF,,18-162,1.8,25/26,Capsular Injury,2026-03-13,2026-04-08,27,5
Bara Sapoko Ndiaye,Senegal,MF,,18-162,1.8,25/26,Fitness,2026-02-02,2026-03-07,34,6
Bara Sapoko Ndiaye,Senegal,MF,,18-162,1.8,25/26,Minor Knock,2026-01-03,2026-02-01,30,7
Ismaila Sarr,Senegal,"FW,MF",,28-106,1.85,25/26,Ankle Problems,2025-12-01,2025-12-12,12,3
Ismaila Sarr,Senegal,"FW,MF",,28-106,1.85,25/26,Unknown Injury,2025-09-03,2025-09-23,21,5
Ismaila Sarr,Senegal,"FW,MF",,28-106,1.85,24/25,Ill,2025-02-07,2025-02-12,6,1
Ismaila Sarr,Senegal,"FW,MF",,28-106,1.85,23/24,Hamstring Injury,2024-03-22,2024-04-28,38,7
Ismaila Sarr,Senegal,"FW,MF",,28-106,1.85,23/24,Hamstring Injury,2023-09-09,2023-09-28,20,5
Ismaila Sarr,Senegal,"FW,MF",,28-106,1.85,21/22,Hamstring Injury,2022-02-27,2022-03-16,18,3
Ismaila Sarr,Senegal,"FW,MF",,28-106,1.85,21/22,Bruise,2022-01-07,2022-01-27,21,7
Ismaila Sarr,Senegal,"FW,MF",,28-106,1.85,21/22,Ligament Injury,2021-11-21,2022-01-01,42,5
Ismaila Sarr,Senegal,"FW,MF",,28-106,1.85,19/20,Hamstring Injury,2020-01-19,2020-02-22,35,4
Ismaila Sarr,Senegal,"FW,MF",,28-106,1.85,19/20,Unknown Injury,2019-10-21,2019-11-22,33,5
Ismaila Sarr,Senegal,"FW,MF",,28-106,1.85,17/18,Tendon Rupture,2017-09-28,2018-01-06,101,17
Mamadou Sarr,Senegal,DF,,20-286,1.94,25/26,Ill,2025-11-01,2025-11-07,7,2
Mamadou Sarr,Senegal,DF,,20-286,1.94,25/26,Dead Leg,2025-09-30,2025-10-24,25,4
Mamadou Sarr,Senegal,DF,,20-286,1.94,24/25,Muscle Injury,2024-11-08,2024-11-22,15,3
Mamadou Sarr,Senegal,DF,,20-286,1.94,24/25,Dead Leg,2024-10-06,2024-10-17,12,3
Mamadou Sarr,Senegal,DF,,20-286,1.94,23/24,Minor Knock,2024-04-04,2024-04-10,7,1
Mamadou Sarr,Senegal,DF,,20-286,1.94,23/24,Pubalgia,2024-02-22,2024-03-13,21,3
Abdoulaye Seck,Senegal,DF,,34-007,1.92,24/25,Hamstring Injury,2024-09-06,2024-10-02,27,3
Abdoulaye Seck,Senegal,DF,,34-007,1.92,22/23,Fitness,2022-09-02,2022-09-10,9,1
Abdoulaye Seck,Senegal,DF,,34-007,1.92,21/22,Muscle Injury,2021-12-15,2022-02-19,67,16
Jayden Adams,South Africa,MF,,25-037,1.77,-,Ninguna,,,0,0
Oswin Appollis,South Africa,MF,,24-290,1.71,-,Ninguna,,,0,0
Sipho Chaine,South Africa,GK,,29-179,1.86,-,Ninguna,,,0,0
Bradley Cross,South Africa,DF,,25-132,1.75,-,Ninguna,,,0,0
Lyle Foster,South Africa,FW,,25-281,1.85,25/26,Ill,2026-02-20,2026-02-23,4,1
Lyle Foster,South Africa,FW,,25-281,1.85,25/26,Ill,2025-10-31,2025-11-03,4,1
Lyle Foster,South Africa,FW,,25-281,1.85,25/26,Muscular Problems,2025-10-16,2025-10-20,5,1
Lyle Foster,South Africa,FW,,25-281,1.85,24/25,Shoulder Injury,2025-04-08,2025-04-27,20,4
Lyle Foster,South Africa,FW,,25-281,1.85,24/25,Knee Injury,2024-10-16,2024-12-22,68,15
Lyle Foster,South Africa,FW,,25-281,1.85,23/24,Muscle Injury,2024-02-05,2024-03-10,35,6
Lyle Foster,South Africa,FW,,25-281,1.85,23/24,Depression,2023-11-09,2023-12-10,32,7
Lyle Foster,South Africa,FW,,25-281,1.85,22/23,Knock,2022-09-22,2022-09-30,9,3
Lyle Foster,South Africa,FW,,25-281,1.85,20/21,Corona Virus,2020-12-17,2021-02-01,47,5
Lyle Foster,South Africa,FW,,25-281,1.85,20/21,Lumbar Vertebra Problems,2020-11-09,2020-11-16,8,1
Lyle Foster,South Africa,FW,,25-281,1.85,20/21,Knock,2020-10-15,2020-11-05,22,3
Lyle Foster,South Africa,FW,,25-281,1.85,19/20,Ankle Injury,2020-02-20,2020-03-02,12,1
Ricardo Goss,South Africa,GK,,32-070,1.81,-,Ninguna,,,0,0
Samukele Kabini,South Africa,DF,,22-088,1.79,24/25,Appendectomy,2025-06-20,2025-07-10,21,3
Evidence Makgopa,South Africa,FW,,26-006,1.83,-,Ninguna,,,0,0
Olwethu Makhanya,South Africa,DF,,22-042,1.85,-,Ninguna,,,0,0
Thapelo Maseko,South Africa,MF,,22-212,1.78,23/24,Hamstring Injury,2024-02-07,2024-06-26,141,28
Thapelo Maseko,South Africa,MF,,22-212,1.78,23/24,Knee Injury,2023-08-22,2023-09-19,29,4
Thabang Matuludi,South Africa,DF,,27-148,1.89,24/25,Knee Injury,2025-01-28,2025-09-16,232,22
Thalente Mbatha,South Africa,MF,,26-087,1.79,-,Ninguna,,,0,0
Mbekezeli Mbokazi,South Africa,DF,,20-265,1.77,-,Ninguna,,,0,0
Aubrey Modiba,South Africa,DF,,30-324,1.71,22/23,Ill,2023-01-22,2023-01-30,9,2
Relebohile Mofokeng,South Africa,MF,,21-231,1.68,-,Ninguna,,,0,0
Teboho Mokoena,South Africa,MF,,29-138,1.77,20/21,Unknown Injury,2021-01-17,2021-02-23,38,7
Tshepang Moremi,South Africa,MF,,25-252,1.69,-,Ninguna,,,0,0
Khuliso Mudau,South Africa,DF,,31-046,1.79,23/24,Hamstring Injury,2023-08-22,2023-08-29,8,1
Khulumani Ndamane,South Africa,DF,,22-126,1.83,-,Ninguna,,,0,0
Ime Okon,South Africa,DF,,22-111,1.87,25/26,Ill,2026-01-16,2026-01-25,10,2
Ime Okon,South Africa,DF,,22-111,1.87,25/26,Muscle Injury,2025-09-29,2025-11-06,39,4
Iqraam Rayners,South Africa,FW,,30-174,1.74,25/26,Virus,2025-10-07,2025-10-21,15,3
Iqraam Rayners,South Africa,FW,,30-174,1.74,19/20,Unknown Injury,2020-01-01,2020-01-10,10,2
Kamogelo Sebelebele,South Africa,"DF,MF",,23-325,1.66,-,Ninguna,,,0,0
Nkosinathi Sibisi,South Africa,DF,,30-262,,22/23,Unknown Injury,2023-02-05,2023-03-02,26,2
Sphephelo Sithole,South Africa,MF,,27-100,1.86,24/25,Tibia And Fibula Fracture,2024-09-11,2025-08-20,344,48
Sphephelo Sithole,South Africa,MF,,27-100,1.86,21/22,Corona Virus,2021-08-20,2021-08-31,12,2
Ronwen Williams,South Africa,GK,,34-141,1.84,20/21,Unknown Injury,2021-04-11,2021-05-11,31,4
Ronwen Williams,South Africa,GK,,34-141,1.84,17/18,Shoulder Injury,2017-11-26,2018-02-01,68,14
Ronwen Williams,South Africa,GK,,34-141,1.84,16/17,Shoulder Injury,2016-11-20,2017-04-03,135,19
Ronwen Williams,South Africa,GK,,34-141,1.84,14/15,Broken Cheekbone,2014-12-17,2015-01-07,22,2
Themba Zwane,South Africa,"FW,MF",,36-312,1.78,25/26,Unknown Injury,2025-09-18,2025-11-11,55,2
Themba Zwane,South Africa,"FW,MF",,36-312,1.78,23/24,Concussion,2023-09-02,2023-09-14,13,2
Themba Zwane,South Africa,"FW,MF",,36-312,1.78,19/20,Hamstring Injury,2019-10-26,2019-12-06,42,9
Themba Zwane,South Africa,"FW,MF",,36-312,1.78,18/19,Toe Injury,2018-09-03,2018-10-01,29,3
Álex Baena,Spain,"FW,MF",,24-326,1.72,25/26,Hamstring Injury,2025-12-03,2025-12-20,18,4
Álex Baena,Spain,"FW,MF",,24-326,1.72,25/26,Appendicitis,2025-09-03,2025-09-22,20,5
Álex Baena,Spain,"FW,MF",,24-326,1.72,25/26,Muscle Injury,2025-08-18,2025-09-02,16,2
Álex Baena,Spain,"FW,MF",,24-326,1.72,24/25,Calf Injury,2025-04-12,2025-04-28,17,4
Álex Baena,Spain,"FW,MF",,24-326,1.72,24/25,Muscular Problems,2024-07-29,2024-07-31,3,1
Álex Baena,Spain,"FW,MF",,24-326,1.72,17/18,Muscular Problems,2018-04-30,2018-05-07,8,1
Pau Cubarsí,Spain,DF,,19-140,1.83,24/25,Ankle Sprain,2025-03-20,2025-03-26,7,1
Marc Cucurella,Spain,"DF,MF",,27-324,1.73,25/26,Hamstring Injury,2026-02-10,2026-03-03,22,3
Marc Cucurella,Spain,"DF,MF",,27-324,1.73,25/26,Hamstring Injury,2025-12-27,2026-01-05,10,2
Marc Cucurella,Spain,"DF,MF",,27-324,1.73,23/24,Ankle Surgery,2023-12-15,2024-03-01,78,17
Marc Cucurella,Spain,"DF,MF",,27-324,1.73,22/23,Muscle Injury,2023-04-25,2023-06-02,39,7
Marc Cucurella,Spain,"DF,MF",,27-324,1.73,17/18,Hamstring Injury,2017-08-15,2017-08-27,13,1
Marc Cucurella,Spain,"DF,MF",,27-324,1.73,15/16,Broken Nose Bone,2016-02-23,2016-03-19,26,-
Marc Cucurella,Spain,"DF,MF",,27-324,1.73,15/16,Foot Injury,2015-11-29,2016-01-16,49,1
Eric García,Spain,"DF,MF",,25-153,1.83,25/26,Strain,2026-03-10,2026-03-13,4,-
Eric García,Spain,"DF,MF",,25-153,1.83,25/26,Hamstring Injury,2026-02-17,2026-02-19,3,-
Eric García,Spain,"DF,MF",,25-153,1.83,25/26,Broken Nose Bone,2025-11-29,2025-12-02,4,-
Eric García,Spain,"DF,MF",,25-153,1.83,25/26,Broken Nose Bone,2025-11-05,2025-11-09,5,-
Eric García,Spain,"DF,MF",,25-153,1.83,24/25,Pubalgia,2024-10-20,2024-11-25,37,9
Eric García,Spain,"DF,MF",,25-153,1.83,24/25,Foot Injury,2024-08-27,2024-08-30,4,1
Eric García,Spain,"DF,MF",,25-153,1.83,23/24,Muscle Injury,2024-01-07,2024-02-02,27,5
Eric García,Spain,"DF,MF",,25-153,1.83,23/24,Muscular Problems,2023-10-23,2023-11-03,12,2
Eric García,Spain,"DF,MF",,25-153,1.83,22/23,Hamstring Injury,2022-10-30,2022-11-04,6,1
Eric García,Spain,"DF,MF",,25-153,1.83,21/22,Hand Injury,2022-05-11,2022-05-26,16,2
Eric García,Spain,"DF,MF",,25-153,1.83,21/22,Hamstring Injury,2022-01-09,2022-02-12,35,4
Eric García,Spain,"DF,MF",,25-153,1.83,21/22,Calf Injury,2021-11-07,2021-11-19,13,2
Eric García,Spain,"DF,MF",,25-153,1.83,20/21,Corona Virus,2021-01-03,2021-01-19,17,5
Eric García,Spain,"DF,MF",,25-153,1.83,20/21,Knock,2020-12-10,2021-01-02,24,5
Eric García,Spain,"DF,MF",,25-153,1.83,20/21,Head Injury,2020-09-20,2020-09-26,7,1
Joan García,Spain,GK,,25-038,1.94,25/26,Meniscus Tear,2025-09-26,2025-11-16,52,9
Joan García,Spain,GK,,25-038,1.94,19/20,Tear Of The Lateral Meniscus,2019-11-03,2020-05-03,183,-
Gavi,Spain,"FW,MF",,21-310,1.73,25/26,Arthroscopy,2025-08-29,2026-03-08,192,46
Gavi,Spain,"FW,MF",,21-310,1.73,24/25,Concussion,2025-02-03,2025-02-08,6,1
Gavi,Spain,"FW,MF",,21-310,1.73,24/25,Fitness,2024-10-01,2024-10-19,19,4
Gavi,Spain,"FW,MF",,21-310,1.73,23/24,Cruciate Ligament Tear,2023-11-20,2024-09-30,316,58
Gavi,Spain,"FW,MF",,21-310,1.73,21/22,Corona Virus,2021-12-29,2022-01-07,10,2
Gavi,Spain,"FW,MF",,21-310,1.73,21/22,Broken Jaw,2021-08-05,2021-08-14,10,-
Gavi,Spain,"FW,MF",,21-310,1.73,20/21,Knee Injury,2021-03-15,2021-04-10,27,3
Álex Grimaldo,Spain,"DF,MF",,30-264,1.71,25/26,Muscular Problems,2025-12-13,2025-12-31,19,2
Álex Grimaldo,Spain,"DF,MF",,30-264,1.71,25/26,Knock,2025-12-06,2025-12-09,4,1
Álex Grimaldo,Spain,"DF,MF",,30-264,1.71,25/26,Muscular Problems,2025-11-16,2025-11-21,6,1
Álex Grimaldo,Spain,"DF,MF",,30-264,1.71,23/24,Rest,2024-05-05,2024-05-06,2,1
Álex Grimaldo,Spain,"DF,MF",,30-264,1.71,21/22,Corona Virus,2021-12-24,2022-01-06,14,1
Álex Grimaldo,Spain,"DF,MF",,30-264,1.71,20/21,Corona Virus,2021-01-19,2021-01-27,9,2
Álex Grimaldo,Spain,"DF,MF",,30-264,1.71,20/21,Muscle Injury,2020-12-06,2020-12-14,9,3
Álex Grimaldo,Spain,"DF,MF",,30-264,1.71,20/21,Ankle Injury,2020-10-27,2020-11-03,8,2
Álex Grimaldo,Spain,"DF,MF",,30-264,1.71,19/20,Knee Injury,2020-06-11,2020-09-10,92,9
Álex Grimaldo,Spain,"DF,MF",,30-264,1.71,18/19,Hamstring Injury,2018-10-17,2018-10-21,5,1
Álex Grimaldo,Spain,"DF,MF",,30-264,1.71,17/18,Knock,2017-11-19,2017-11-24,6,1
Álex Grimaldo,Spain,"DF,MF",,30-264,1.71,17/18,Minor Knock,2017-11-01,2017-11-11,11,1
Álex Grimaldo,Spain,"DF,MF",,30-264,1.71,17/18,Muscle Injury,2017-08-06,2017-09-06,32,4
Álex Grimaldo,Spain,"DF,MF",,30-264,1.71,16/17,Hamstring Injury,2017-06-15,2017-07-06,22,-
Álex Grimaldo,Spain,"DF,MF",,30-264,1.71,16/17,Inflammation Of Pubic Bone,2016-10-24,2017-04-03,162,31
Borja Iglesias,Spain,FW,,33-145,1.87,25/26,Back Injury,2025-12-19,2026-01-01,14,1
Borja Iglesias,Spain,FW,,33-145,1.87,23/24,Muscular Problems,2024-04-13,2024-04-29,17,4
Borja Iglesias,Spain,FW,,33-145,1.87,20/21,Muscle Injury,2021-02-22,2021-03-03,10,1
Borja Iglesias,Spain,FW,,33-145,1.87,19/20,Ankle Sprain,2019-08-19,2019-08-29,11,1
Borja Iglesias,Spain,FW,,33-145,1.87,17/18,Muscle Injury,2017-12-20,2018-01-10,22,1
Aymeric Laporte,Spain,DF,,32-015,1.91,25/26,Hamstring Injury,2025-12-06,2026-02-02,59,12
Aymeric Laporte,Spain,DF,,32-015,1.91,24/25,Foot Injury,2025-03-26,2025-03-31,6,-
Aymeric Laporte,Spain,DF,,32-015,1.91,24/25,Hamstring Injury,2025-02-25,2025-03-23,27,6
Aymeric Laporte,Spain,DF,,32-015,1.91,22/23,Ill,2023-02-21,2023-02-24,4,1
Aymeric Laporte,Spain,DF,,32-015,1.91,22/23,Knee Surgery,2022-06-30,2022-10-03,96,12
Aymeric Laporte,Spain,DF,,32-015,1.91,20/21,Muscle Strain,2020-12-28,2021-01-18,22,5
Aymeric Laporte,Spain,DF,,32-015,1.91,20/21,Knock,2020-10-15,2020-10-22,8,2
Aymeric Laporte,Spain,DF,,32-015,1.91,20/21,Corona Virus,2020-09-07,2020-09-28,22,2
Aymeric Laporte,Spain,DF,,32-015,1.91,19/20,Hamstring Injury,2020-02-27,2020-06-15,110,3
Aymeric Laporte,Spain,DF,,32-015,1.91,19/20,Knock,2020-01-23,2020-02-20,29,3
Aymeric Laporte,Spain,DF,,32-015,1.91,19/20,Knee Injury,2019-08-29,2020-01-20,145,30
Aymeric Laporte,Spain,DF,,32-015,1.91,18/19,Muscle Injury,2019-02-25,2019-03-11,15,2
Aymeric Laporte,Spain,DF,,32-015,1.91,16/17,Groin Injury,2017-02-20,2017-03-06,15,3
Aymeric Laporte,Spain,DF,,32-015,1.91,16/17,Muscular Problems,2016-11-03,2016-11-17,15,3
Aymeric Laporte,Spain,DF,,32-015,1.91,16/17,Ankle Injury,2016-10-24,2016-10-31,8,-
Marcos Llorente,Spain,"DF,MF",,31-132,1.83,25/26,Hamstring Injury,2025-11-22,2025-12-21,30,7
Marcos Llorente,Spain,"DF,MF",,31-132,1.83,24/25,Hamstring Injury,2024-10-03,2024-11-03,32,7
Marcos Llorente,Spain,"DF,MF",,31-132,1.83,22/23,Muscle Injury,2023-04-03,2023-07-30,119,10
Marcos Llorente,Spain,"DF,MF",,31-132,1.83,21/22,Muscle Injury,2022-01-15,2022-02-11,28,3
Marcos Llorente,Spain,"DF,MF",,31-132,1.83,21/22,Strain In The Thigh And Gluteal Muscles,2021-12-20,2022-01-03,15,2
Marcos Llorente,Spain,"DF,MF",,31-132,1.83,21/22,Muscle Injury,2021-10-24,2021-11-08,16,5
Marcos Llorente,Spain,"DF,MF",,31-132,1.83,21/22,Muscle Injury,2021-10-22,2022-02-13,115,12
Marcos Llorente,Spain,"DF,MF",,31-132,1.83,21/22,Hamstring Injury,2021-10-03,2021-10-18,16,2
Marcos Llorente,Spain,"DF,MF",,31-132,1.83,18/19,Adductor Injury,2019-02-07,2019-03-18,40,9
Marcos Llorente,Spain,"DF,MF",,31-132,1.83,18/19,Adductor Injury,2019-01-01,2019-01-21,21,6
Marcos Llorente,Spain,"DF,MF",,31-132,1.83,17/18,Shoulder Injury,2018-01-12,2018-01-15,4,1
Mikel Merino,Spain,MF,,29-354,1.88,25/26,Foot Surgery,2026-01-30,2026-05-24,115,28
Mikel Merino,Spain,MF,,29-354,1.88,24/25,Unknown Injury,2025-04-21,2025-04-28,8,1
Mikel Merino,Spain,MF,,29-354,1.88,24/25,Knock,2025-01-24,2025-01-28,5,1
Mikel Merino,Spain,MF,,29-354,1.88,24/25,Knee Injury,2024-11-28,2024-12-02,5,1
Mikel Merino,Spain,MF,,29-354,1.88,24/25,Shoulder Injury,2024-08-30,2024-10-01,33,8
Mikel Merino,Spain,MF,,29-354,1.88,23/24,Calf Injury,2023-08-11,2023-08-24,14,2
Mikel Merino,Spain,MF,,29-354,1.88,22/23,Hamstring Injury,2023-01-18,2023-02-12,26,4
Mikel Merino,Spain,MF,,29-354,1.88,21/22,Hamstring Injury,2021-11-26,2021-12-17,22,6
Mikel Merino,Spain,MF,,29-354,1.88,20/21,Knee Injury,2021-04-01,2021-06-01,62,10
Mikel Merino,Spain,MF,,29-354,1.88,19/20,Muscular Problems,2020-01-30,2020-02-05,7,1
Mikel Merino,Spain,MF,,29-354,1.88,18/19,Groin Injury,2018-09-30,2018-11-22,54,10
Mikel Merino,Spain,MF,,29-354,1.88,17/18,Knee Injury,2018-04-23,2018-05-05,13,1
Mikel Merino,Spain,MF,,29-354,1.88,17/18,Back Injury,2017-10-29,2017-11-24,27,5
Mikel Merino,Spain,MF,,29-354,1.88,16/17,Ill,2016-11-28,2016-12-05,8,1
Mikel Merino,Spain,MF,,29-354,1.88,16/17,Inflammation In The Knee,2016-09-05,2016-09-12,8,1
Víctor Muñoz,Spain,MF,,22-333,1.73,-,Ninguna,,,0,0
Dani Olmo,Spain,"FW,MF",,28-035,1.79,25/26,Shoulder Injury,2025-12-03,2026-01-03,32,5
Dani Olmo,Spain,"FW,MF",,28-035,1.79,25/26,Unknown Injury,2025-10-10,2025-11-02,24,5
Dani Olmo,Spain,"FW,MF",,28-035,1.79,24/25,Adductor Injury,2025-03-27,2025-04-15,20,5
Dani Olmo,Spain,"FW,MF",,28-035,1.79,24/25,Strain,2025-01-19,2025-02-06,19,4
Dani Olmo,Spain,"FW,MF",,28-035,1.79,24/25,Muscle Injury,2024-09-16,2024-10-17,32,8
Dani Olmo,Spain,"FW,MF",,28-035,1.79,23/24,Muscular Problems,2024-05-11,2024-06-01,22,2
Dani Olmo,Spain,"FW,MF",,28-035,1.79,23/24,Acromioclavicular Joint Dislocation,2023-10-29,2023-12-21,54,13
Dani Olmo,Spain,"FW,MF",,28-035,1.79,23/24,Knee Injury,2023-09-09,2023-10-16,38,10
Dani Olmo,Spain,"FW,MF",,28-035,1.79,22/23,Torn Muscle Fiber,2023-01-28,2023-03-04,36,7
Dani Olmo,Spain,"FW,MF",,28-035,1.79,22/23,Inner Knee Ligament Tear,2022-09-01,2022-10-20,50,12
Dani Olmo,Spain,"FW,MF",,28-035,1.79,21/22,Cold,2022-03-10,2022-03-17,8,1
Dani Olmo,Spain,"FW,MF",,28-035,1.79,21/22,Corona Virus,2022-01-03,2022-01-13,11,1
Dani Olmo,Spain,"FW,MF",,28-035,1.79,21/22,Torn Muscle Fiber,2021-11-18,2021-12-27,40,7
Dani Olmo,Spain,"FW,MF",,28-035,1.79,21/22,Torn Muscle Fiber,2021-09-16,2021-10-25,40,8
Mikel Oyarzabal,Spain,"FW,MF",,29-051,1.81,25/26,Muscle Injury,2025-11-27,2025-12-15,19,4
Mikel Oyarzabal,Spain,"FW,MF",,29-051,1.81,23/24,Muscle Contusion,2024-02-03,2024-02-17,15,3
Mikel Oyarzabal,Spain,"FW,MF",,29-051,1.81,23/24,Hamstring Injury,2023-12-05,2023-12-10,6,2
Mikel Oyarzabal,Spain,"FW,MF",,29-051,1.81,23/24,Muscular Problems,2023-11-16,2023-11-25,10,1
Mikel Oyarzabal,Spain,"FW,MF",,29-051,1.81,21/22,Cruciate Ligament Tear,2022-03-17,2022-12-22,281,45
Mikel Oyarzabal,Spain,"FW,MF",,29-051,1.81,21/22,Torn Muscle Fiber,2021-10-15,2021-11-19,36,9
Mikel Oyarzabal,Spain,"FW,MF",,29-051,1.81,20/21,Muscle Injury,2020-12-04,2020-12-28,25,6
Mikel Oyarzabal,Spain,"FW,MF",,29-051,1.81,20/21,Corona Virus,2020-09-01,2020-09-10,10,2
Mikel Oyarzabal,Spain,"FW,MF",,29-051,1.81,18/19,Muscular Problems,2018-10-23,2018-10-31,9,1
Mikel Oyarzabal,Spain,"FW,MF",,29-051,1.81,17/18,Muscular Problems,2017-09-06,2017-09-23,18,4
Mikel Oyarzabal,Spain,"FW,MF",,29-051,1.81,16/17,Shoulder Injury,2016-11-28,2016-12-02,5,1
Pedri,Spain,MF,,23-198,1.74,25/26,Hamstring Injury,2026-01-21,2026-02-19,30,7
Pedri,Spain,MF,,23-198,1.74,25/26,Calf Problems,2025-12-18,2025-12-28,11,1
Pedri,Spain,MF,,23-198,1.74,25/26,Muscle Tear,2025-10-29,2025-11-28,31,7
Pedri,Spain,MF,,23-198,1.74,24/25,Stomach Flu,2025-01-25,2025-01-27,3,1
Pedri,Spain,MF,,23-198,1.74,24/25,Inner Ligament Stretch Of The Knee,2024-07-06,2024-08-16,42,2
Pedri,Spain,MF,,23-198,1.74,23/24,Hamstring Injury,2024-03-04,2024-04-07,35,6
Pedri,Spain,MF,,23-198,1.74,23/24,Muscular Problems,2023-12-18,2024-01-10,24,3
Pedri,Spain,MF,,23-198,1.74,23/24,Hamstring Injury,2023-08-24,2023-11-03,72,16
Pedri,Spain,MF,,23-198,1.74,22/23,Hamstring Injury,2023-05-15,2023-06-30,47,6
Pedri,Spain,MF,,23-198,1.74,22/23,Muscle Injury,2023-02-17,2023-04-22,65,13
Pedri,Spain,MF,,23-198,1.74,21/22,Hamstring Injury,2022-04-14,2022-06-30,78,12
Pedri,Spain,MF,,23-198,1.74,21/22,Corona Virus,2022-01-03,2022-01-10,8,2
Pedri,Spain,MF,,23-198,1.74,21/22,Hamstring Injury,2021-09-30,2022-01-10,103,23
Pedri,Spain,MF,,23-198,1.74,21/22,Hamstring Injury,2021-09-16,2021-09-27,12,3
Yeremi Pino,Spain,"FW,MF",,23-234,,-,No Encontrado,,,0,0
Pedro Porro,Spain,"DF,MF",,26-271,1.73,25/26,Hamstring Injury,2026-01-25,2026-02-28,35,5
Pedro Porro,Spain,"DF,MF",,26-271,1.73,23/24,Strain,2024-02-16,2024-03-05,19,2
Pedro Porro,Spain,"DF,MF",,26-271,1.73,22/23,Knock,2022-09-22,2022-10-09,18,5
Pedro Porro,Spain,"DF,MF",,26-271,1.73,21/22,Minor Knock,2022-03-17,2022-03-31,15,3
Pedro Porro,Spain,"DF,MF",,26-271,1.73,21/22,Muscle Injury,2021-12-13,2022-01-27,46,9
Pedro Porro,Spain,"DF,MF",,26-271,1.73,21/22,Muscle Injury,2021-11-04,2021-11-15,12,3
Pedro Porro,Spain,"DF,MF",,26-271,1.73,21/22,Knee Bruise,2021-07-15,2021-08-09,26,2
Pedro Porro,Spain,"DF,MF",,26-271,1.73,20/21,Muscle Injury,2021-05-13,2021-05-31,19,2
Pedro Porro,Spain,"DF,MF",,26-271,1.73,20/21,Muscular Problems,2021-05-03,2021-05-10,8,1
Pedro Porro,Spain,"DF,MF",,26-271,1.73,20/21,Minor Knock,2021-03-04,2021-03-11,8,1
Pedro Porro,Spain,"DF,MF",,26-271,1.73,20/21,Ill,2020-06-18,2020-07-20,33,9
Pedro Porro,Spain,"DF,MF",,26-271,1.73,19/20,Muscle Injury,2019-10-03,2019-10-17,15,3
Pedro Porro,Spain,"DF,MF",,26-271,1.73,18/19,Muscle Injury,2019-06-10,2019-07-11,32,5
Marc Pubill,Spain,DF,,22-356,1.91,23/24,Knee Surgery,2023-10-03,2023-12-31,90,12
Marc Pubill,Spain,DF,,22-356,1.91,23/24,Knee Injury,2023-09-02,2023-10-02,31,4
David Raya,Spain,GK,,30-269,1.86,24/25,Muscle Injury,2024-09-23,2024-09-27,5,1
David Raya,Spain,GK,,30-269,1.86,21/22,Knee Injury,2021-10-25,2022-02-04,103,17
Rodri,Spain,"DF,MF",,29-354,1.9,25/26,Groin Injury,2026-04-19,2026-05-15,27,5
Rodri,Spain,"DF,MF",,29-354,1.9,25/26,Hamstring Injury,2025-11-04,2025-12-25,52,13
Rodri,Spain,"DF,MF",,29-354,1.9,25/26,Hamstring Injury,2025-10-05,2025-10-31,27,6
Rodri,Spain,"DF,MF",,29-354,1.9,25/26,Knee Problems,2025-09-22,2025-09-29,8,2
Rodri,Spain,"DF,MF",,29-354,1.9,25/26,Knee Problems,2025-08-04,2025-08-23,20,1
Rodri,Spain,"DF,MF",,29-354,1.9,24/25,Fitness,2025-05-01,2025-05-19,19,3
Rodri,Spain,"DF,MF",,29-354,1.9,24/25,Cruciate Ligament Tear,2024-09-23,2025-04-30,220,51
Rodri,Spain,"DF,MF",,29-354,1.9,24/25,Hamstring Injury,2024-07-14,2024-08-25,43,3
Rodri,Spain,"DF,MF",,29-354,1.9,20/21,Knock,2021-02-11,2021-02-12,2,-
Rodri,Spain,"DF,MF",,29-354,1.9,19/20,Muscle Tear,2019-10-22,2019-11-09,19,4
Fabián Ruiz Peña,Spain,MF,,30-069,1.88,25/26,Knee Injury,2026-01-21,2026-04-15,85,19
Fabián Ruiz Peña,Spain,MF,,30-069,1.88,25/26,Dead Leg,2025-10-02,2025-10-29,28,6
Fabián Ruiz Peña,Spain,MF,,30-069,1.88,25/26,Minor Knock,2025-09-26,2025-09-29,4,1
Fabián Ruiz Peña,Spain,MF,,30-069,1.88,25/26,Muscular Problems,2025-09-01,2025-09-10,10,2
Fabián Ruiz Peña,Spain,MF,,30-069,1.88,23/24,Shoulder Injury,2023-12-04,2023-12-25,22,4
Fabián Ruiz Peña,Spain,MF,,30-069,1.88,23/24,Thigh Problems,2023-09-13,2023-09-21,9,1
Fabián Ruiz Peña,Spain,MF,,30-069,1.88,22/23,Adductor Injury,2023-05-22,2023-06-15,25,2
Fabián Ruiz Peña,Spain,MF,,30-069,1.88,22/23,Virus,2023-02-10,2023-02-12,3,1
Fabián Ruiz Peña,Spain,MF,,30-069,1.88,22/23,Adductor Pain,2022-11-05,2022-11-14,10,2
Fabián Ruiz Peña,Spain,MF,,30-069,1.88,21/22,Corona Virus,2021-12-26,2021-12-29,4,-
Fabián Ruiz Peña,Spain,MF,,30-069,1.88,21/22,Adductor Injury,2021-12-01,2022-01-08,39,6
Fabián Ruiz Peña,Spain,MF,,30-069,1.88,21/22,Unknown Injury,2021-11-23,2021-11-26,4,-
Fabián Ruiz Peña,Spain,MF,,30-069,1.88,21/22,Adductor Pain,2021-11-03,2021-11-05,3,1
Fabián Ruiz Peña,Spain,MF,,30-069,1.88,20/21,Fitness,2021-02-05,2021-02-07,3,1
Fabián Ruiz Peña,Spain,MF,,30-069,1.88,20/21,Corona Virus,2021-01-16,2021-02-04,20,6
Unai Simón,Spain,GK,,29-000,1.9,24/25,Wrist Injury,2024-07-18,2024-11-18,124,22
Unai Simón,Spain,GK,,29-000,1.9,22/23,Achilles Tendon Problems,2023-02-27,2023-03-30,32,6
Unai Simón,Spain,GK,,29-000,1.9,22/23,Shoulder Injury,2022-07-15,2022-08-13,30,-
Unai Simón,Spain,GK,,29-000,1.9,21/22,Corona Virus,2021-12-17,2021-12-29,13,2
Unai Simón,Spain,GK,,29-000,1.9,19/20,Muscle Injury,2020-01-04,2020-01-31,28,5
Ferrán Torres,Spain,"FW,MF",,26-102,1.83,25/26,Muscle Strain,2026-05-16,2026-05-22,7,1
Ferrán Torres,Spain,"FW,MF",,26-102,1.83,25/26,Hamstring Injury,2026-01-18,2026-01-28,11,2
Ferrán Torres,Spain,"FW,MF",,26-102,1.83,25/26,Strain,2025-10-13,2025-10-20,8,2
Ferrán Torres,Spain,"FW,MF",,26-102,1.83,24/25,Appendicitis,2025-05-14,2025-05-31,18,3
Ferrán Torres,Spain,"FW,MF",,26-102,1.83,24/25,Hamstring Injury,2024-10-07,2024-11-29,54,12
Ferrán Torres,Spain,"FW,MF",,26-102,1.83,23/24,Hamstring Injury,2024-02-01,2024-03-29,58,11
Ferrán Torres,Spain,"FW,MF",,26-102,1.83,21/22,Corona Virus,2022-01-03,2022-01-10,8,2
Ferrán Torres,Spain,"FW,MF",,26-102,1.83,21/22,Metatarsal Fracture,2021-10-14,2022-01-10,89,23
Ferrán Torres,Spain,"FW,MF",,26-102,1.83,20/21,Virus,2021-01-01,2021-01-12,12,3
Ferrán Torres,Spain,"FW,MF",,26-102,1.83,18/19,Cold,2018-09-30,2018-10-05,6,1
Nico Williams,Spain,MF,,23-334,1.81,25/26,Hamstring Injury,2026-05-10,2026-05-31,22,3
Nico Williams,Spain,MF,,23-334,1.81,25/26,Pubalgia,2026-02-12,2026-04-03,51,10
Nico Williams,Spain,MF,,23-334,1.81,25/26,Pubalgia,2026-02-01,2026-02-04,4,-
Nico Williams,Spain,MF,,23-334,1.81,25/26,Strain,2026-01-20,2026-01-22,3,1
Nico Williams,Spain,MF,,23-334,1.81,25/26,Groin Injury,2025-09-07,2025-10-03,27,6
Nico Williams,Spain,MF,,23-334,1.81,24/25,Groin Injury,2025-05-03,2025-05-19,17,5
Nico Williams,Spain,MF,,23-334,1.81,24/25,Groin Injury,2025-04-18,2025-04-21,4,1
Nico Williams,Spain,MF,,23-334,1.81,24/25,Ill,2025-02-26,2025-02-28,3,-
Nico Williams,Spain,MF,,23-334,1.81,24/25,Hamstring Injury,2025-01-31,2025-02-17,18,2
Nico Williams,Spain,MF,,23-334,1.81,24/25,Knee Injury,2024-12-12,2024-12-14,3,-
Nico Williams,Spain,MF,,23-334,1.81,24/25,Hip Injury,2024-10-04,2024-10-16,13,3
Nico Williams,Spain,MF,,23-334,1.81,24/25,Ankle Injury,2024-09-20,2024-09-25,6,1
Nico Williams,Spain,MF,,23-334,1.81,24/25,Muscle Injury,2024-08-25,2024-08-27,3,-
Nico Williams,Spain,MF,,23-334,1.81,23/24,Hamstring Injury,2024-05-14,2024-05-18,5,1
Nico Williams,Spain,MF,,23-334,1.81,23/24,Hamstring Injury,2024-03-30,2024-04-01,3,1
Lamine Yamal,Spain,"FW,MF",,18-333,1.83,25/26,Muscle Tear,2026-04-23,2026-05-31,39,6
Lamine Yamal,Spain,"FW,MF",,18-333,1.83,25/26,Pubalgia,2025-11-10,2025-11-21,12,2
Lamine Yamal,Spain,"FW,MF",,18-333,1.83,25/26,Groin Problems,2025-10-03,2025-10-16,14,3
Lamine Yamal,Spain,"FW,MF",,18-333,1.83,25/26,Groin Injury,2025-09-08,2025-09-26,19,4
Lamine Yamal,Spain,"FW,MF",,18-333,1.83,24/25,Ankle Injury,2024-12-16,2025-01-05,21,2
Lamine Yamal,Spain,"FW,MF",,18-333,1.83,24/25,Ankle Injury,2024-11-07,2024-11-29,23,5
Lamine Yamal,Spain,"FW,MF",,18-333,1.83,24/25,Strain,2024-10-13,2024-10-18,6,1
Lamine Yamal,Spain,"FW,MF",,18-333,1.83,23/24,Knock,2024-03-08,2024-03-10,3,-
Lamine Yamal,Spain,"FW,MF",,18-333,1.83,23/24,Muscular Problems,2023-10-09,2023-10-19,11,2
Lamine Yamal,Spain,"FW,MF",,18-333,1.83,22/23,Unknown Injury,2022-07-25,2022-08-25,32,-
Martín Zubimendi,Spain,MF,,27-129,1.81,23/24,Hamstring Injury,2024-05-01,2024-06-03,34,5
Martín Zubimendi,Spain,MF,,27-129,1.81,23/24,Hip Injury,2024-01-16,2024-01-22,7,2
Martín Zubimendi,Spain,MF,,27-129,1.81,22/23,Adductor Injury,2022-07-16,2022-07-25,10,-
Martín Zubimendi,Spain,MF,,27-129,1.81,21/22,Hamstring Injury,2022-01-20,2022-02-01,13,1
Martín Zubimendi,Spain,MF,,27-129,1.81,21/22,Hip Injury,2021-10-22,2021-10-27,6,1
Martín Zubimendi,Spain,MF,,27-129,1.81,20/21,Muscle Injury,2020-09-04,2020-09-25,22,2
Taha Ali,Sweden,"FW,MF",,27-345,1.74,24/25,Calf Injury,2025-02-17,2025-03-06,18,2
Yasin Ayari,Sweden,MF,,22-248,1.72,25/26,Shoulder Injury,2026-02-06,2026-03-02,25,5
Yasin Ayari,Sweden,MF,,22-248,1.72,25/26,Muscle Injury,2025-12-01,2025-12-08,8,2
Yasin Ayari,Sweden,MF,,22-248,1.72,24/25,Muscle Injury,2025-01-31,2025-02-07,8,1
Yasin Ayari,Sweden,MF,,22-248,1.72,24/25,Ill,2024-09-21,2024-09-23,3,1
Yasin Ayari,Sweden,MF,,22-248,1.72,23/24,Hamstring Injury,2024-04-04,2024-04-18,15,3
Lucas Bergvall,Sweden,MF,,20-129,1.87,25/26,Ankle Sprain,2026-01-21,2026-03-16,55,10
Lucas Bergvall,Sweden,MF,,20-129,1.87,25/26,Groin Injury,2025-12-28,2026-01-03,7,1
Lucas Bergvall,Sweden,MF,,20-129,1.87,25/26,Concussion,2025-11-01,2025-11-21,21,4
Lucas Bergvall,Sweden,MF,,20-129,1.87,24/25,Ankle Injury,2025-04-30,2025-06-09,41,8
Lucas Bergvall,Sweden,MF,,20-129,1.87,23/24,Surgery,2023-08-13,2023-09-13,32,5
Alexander Bernhardsson,Sweden,"FW,MF",,27-276,1.84,25/26,Injury To The Ankle,2025-12-02,2026-02-22,83,11
Alexander Bernhardsson,Sweden,"FW,MF",,27-276,1.84,24/25,Patellar Tendon Rupture,2025-01-24,2025-03-03,39,6
Alexander Bernhardsson,Sweden,"FW,MF",,27-276,1.84,24/25,Fitness,2024-11-28,2024-12-05,8,1
Alexander Bernhardsson,Sweden,"FW,MF",,27-276,1.84,24/25,Adductor Injury,2024-10-20,2024-11-28,40,7
Alexander Bernhardsson,Sweden,"FW,MF",,27-276,1.84,24/25,Thigh Problems,2024-09-14,2024-10-02,19,3
Alexander Bernhardsson,Sweden,"FW,MF",,27-276,1.84,23/24,Infection,2024-02-01,2024-02-18,18,3
Hjalmar Ekdal,Sweden,DF,,27-233,1.87,23/24,Hamstring Injury,2024-06-05,2024-12-05,184,26
Hjalmar Ekdal,Sweden,DF,,27-233,1.87,23/24,Knee Injury,2023-08-30,2023-11-18,81,17
Anthony Elanga,Sweden,"FW,MF",,24-045,1.78,25/26,Knock,2025-12-20,2026-01-14,26,5
Gabriel Gudmundsson,Sweden,"DF,MF",,27-043,1.81,25/26,Hamstring Injury,2026-05-22,2026-06-08,18,2
Gabriel Gudmundsson,Sweden,"DF,MF",,27-043,1.81,25/26,Adductor Pain,2026-01-18,2026-01-30,13,1
Gabriel Gudmundsson,Sweden,"DF,MF",,27-043,1.81,22/23,Pubalgia,2022-10-28,2023-01-17,82,12
Gabriel Gudmundsson,Sweden,"DF,MF",,27-043,1.81,20/21,Ankle Injury,2021-04-24,2021-05-17,24,4
Gabriel Gudmundsson,Sweden,"DF,MF",,27-043,1.81,20/21,Hamstring Injury,2021-02-24,2021-03-18,23,3
Gabriel Gudmundsson,Sweden,"DF,MF",,27-043,1.81,20/21,Ankle Injury,2020-08-29,2020-10-22,55,4
Gabriel Gudmundsson,Sweden,"DF,MF",,27-043,1.81,19/20,Hamstring Injury,2019-12-15,2020-03-10,87,10
Gabriel Gudmundsson,Sweden,"DF,MF",,27-043,1.81,19/20,Calf Injury,2019-10-26,2019-11-14,20,5
Viktor Gyökeres,Sweden,"FW,MF",,28-007,1.89,25/26,Muscle Injury,2025-11-02,2025-11-28,27,6
Viktor Gyökeres,Sweden,"FW,MF",,28-007,1.89,24/25,Rest,2025-02-17,2025-02-20,4,1
Viktor Gyökeres,Sweden,"FW,MF",,28-007,1.89,24/25,Thigh Problems,2025-01-28,2025-02-06,10,2
Viktor Gyökeres,Sweden,"FW,MF",,28-007,1.89,24/25,Knee Injury,2024-05-28,2024-07-23,57,2
Isak Hien,Sweden,DF,,27-149,1.91,25/26,Hamstring Muscle Injury,2026-03-30,2026-04-25,27,5
Isak Hien,Sweden,DF,,27-149,1.91,25/26,Flu,2025-12-12,2025-12-15,4,1
Isak Hien,Sweden,DF,,27-149,1.91,25/26,Adductor Pain,2025-09-22,2025-10-03,12,2
Isak Hien,Sweden,DF,,27-149,1.91,24/25,Adductor Injury,2025-02-17,2025-03-04,16,3
Isak Hien,Sweden,DF,,27-149,1.91,24/25,Adductor Pain,2024-09-26,2024-10-04,9,2
Isak Hien,Sweden,DF,,27-149,1.91,24/25,Fever,2024-08-28,2024-09-02,6,1
Isak Hien,Sweden,DF,,27-149,1.91,23/24,Hamstring Muscle Injury,2024-01-25,2024-02-17,24,3
Isak Hien,Sweden,DF,,27-149,1.91,23/24,Muscular Problems,2023-12-02,2023-12-11,10,2
Isak Hien,Sweden,DF,,27-149,1.91,23/24,Muscle Injury,2023-10-01,2023-10-30,30,6
Isak Hien,Sweden,DF,,27-149,1.91,22/23,Adductor Injury,2023-03-12,2023-04-03,23,4
Emil Holm,Sweden,"DF,MF",,26-029,1.91,25/26,Muscle Injury,2026-05-30,,17,-
Emil Holm,Sweden,"DF,MF",,26-029,1.91,25/26,Calf Muscle Tear,2026-02-15,2026-04-01,46,7
Emil Holm,Sweden,"DF,MF",,26-029,1.91,25/26,Flu,2026-01-09,2026-01-12,4,1
Emil Holm,Sweden,"DF,MF",,26-029,1.91,25/26,Muscular Problems,2025-11-16,2025-11-25,10,1
Emil Holm,Sweden,"DF,MF",,26-029,1.91,25/26,Hamstring Muscle Injury,2025-08-17,2025-09-15,30,5
Emil Holm,Sweden,"DF,MF",,26-029,1.91,24/25,Calf Problems,2025-04-20,2025-05-11,22,4
Emil Holm,Sweden,"DF,MF",,26-029,1.91,24/25,Hamstring Injury,2025-02-20,2025-03-07,16,3
Emil Holm,Sweden,"DF,MF",,26-029,1.91,24/25,Unknown Injury,2024-09-19,2024-09-25,7,1
Emil Holm,Sweden,"DF,MF",,26-029,1.91,24/25,Injury To The Ankle,2024-09-10,2024-09-13,4,-
Emil Holm,Sweden,"DF,MF",,26-029,1.91,24/25,Knee Problems,2024-07-24,2024-08-21,29,1
Emil Holm,Sweden,"DF,MF",,26-029,1.91,23/24,Calf Problems,2024-04-21,2024-05-20,30,8
Emil Holm,Sweden,"DF,MF",,26-029,1.91,23/24,Fitness,2023-09-15,2023-09-19,5,1
Emil Holm,Sweden,"DF,MF",,26-029,1.91,22/23,Groin Problems,2023-04-05,2023-06-15,72,11
Emil Holm,Sweden,"DF,MF",,26-029,1.91,22/23,Pubalgia,2023-02-16,2023-03-21,34,5
Emil Holm,Sweden,"DF,MF",,26-029,1.91,22/23,Unknown Injury,2022-10-30,2022-11-04,6,-
Alexander Isak,Sweden,FW,,26-263,1.9,25/26,Muscular Problems,2026-05-13,2026-05-24,12,1
Alexander Isak,Sweden,FW,,26-263,1.9,25/26,Adductor Pain,2026-05-01,2026-05-07,7,1
Alexander Isak,Sweden,FW,,26-263,1.9,25/26,Broken Fibula,2025-12-21,2026-04-05,106,24
Alexander Isak,Sweden,FW,,26-263,1.9,25/26,Adductor Pain,2025-10-23,2025-11-07,16,4
Alexander Isak,Sweden,FW,,26-263,1.9,25/26,Fitness,2025-08-10,2025-09-01,23,3
Alexander Isak,Sweden,FW,,26-263,1.9,24/25,Groin Injury,2025-02-25,2025-03-01,5,1
Alexander Isak,Sweden,FW,,26-263,1.9,24/25,Hamstring Injury,2025-01-11,2025-01-14,4,1
Alexander Isak,Sweden,FW,,26-263,1.9,24/25,Broken Toe,2024-09-15,2024-10-18,34,5
Alexander Isak,Sweden,FW,,26-263,1.9,23/24,Groin Injury,2024-01-30,2024-02-23,25,3
Alexander Isak,Sweden,FW,,26-263,1.9,23/24,Groin Injury,2023-10-25,2023-11-24,31,7
Alexander Isak,Sweden,FW,,26-263,1.9,22/23,Thigh Problems,2022-09-20,2023-01-04,107,17
Alexander Isak,Sweden,FW,,26-263,1.9,21/22,Ankle Sprain,2022-01-10,2022-01-20,11,1
Alexander Isak,Sweden,FW,,26-263,1.9,21/22,Hamstring Injury,2021-09-20,2021-10-05,16,3
Alexander Isak,Sweden,FW,,26-263,1.9,21/22,Knee Problems,2021-08-10,2021-08-21,12,1
Alexander Isak,Sweden,FW,,26-263,1.9,18/19,Arm Injury,2018-12-21,2019-01-19,30,3
Herman Johansson,Sweden,MF,,28-238,1.9,-,Ninguna,,,0,0
Viktor Johansson,Sweden,GK,,27-270,1.87,25/26,Shoulder Injury,2026-01-01,2026-05-01,121,25
Jesper Karlström,Sweden,MF,,30-355,1.82,25/26,Unknown Injury,2026-04-29,2026-05-06,8,1
Jesper Karlström,Sweden,MF,,30-355,1.82,15/16,Torn Thigh Muscle,2016-03-15,2016-05-10,57,8
Jesper Karlström,Sweden,MF,,30-355,1.82,15/16,Unknown Injury,2015-08-27,2015-09-10,15,4
Gustaf Lagerbielke,Sweden,DF,,26-062,1.93,25/26,Unknown Injury,2025-12-25,2026-01-06,13,2
Victor Lindelöf,Sweden,DF,,31-329,1.87,25/26,Rest,2026-03-20,2026-03-23,4,1
Victor Lindelöf,Sweden,DF,,31-329,1.87,24/25,Unknown Injury,2024-12-20,2025-01-25,37,8
Victor Lindelöf,Sweden,DF,,31-329,1.87,24/25,Unknown Injury,2024-11-17,2024-12-09,23,6
Victor Lindelöf,Sweden,DF,,31-329,1.87,24/25,Toe Injury,2024-08-04,2024-09-14,42,6
Victor Lindelöf,Sweden,DF,,31-329,1.87,23/24,Hamstring Injury,2024-03-30,2024-05-22,54,10
Victor Lindelöf,Sweden,DF,,31-329,1.87,23/24,Groin Injury,2023-12-07,2024-02-02,58,11
Victor Lindelöf,Sweden,DF,,31-329,1.87,22/23,Back Problems,2022-08-07,2022-08-31,25,4
Victor Lindelöf,Sweden,DF,,31-329,1.87,21/22,Ill,2022-01-31,2022-02-07,8,1
Victor Lindelöf,Sweden,DF,,31-329,1.87,21/22,Corona Virus,2021-12-26,2022-01-05,11,3
Victor Lindelöf,Sweden,DF,,31-329,1.87,21/22,Heart Problems,2021-12-11,2021-12-21,11,-
Victor Lindelöf,Sweden,DF,,31-329,1.87,20/21,Back Injury,2020-12-27,2021-01-06,11,2
Victor Lindelöf,Sweden,DF,,31-329,1.87,19/20,Back Injury,2020-07-05,2020-07-08,4,-
Victor Lindelöf,Sweden,DF,,31-329,1.87,19/20,Ill,2020-01-20,2020-01-25,6,1
Victor Lindelöf,Sweden,DF,,31-329,1.87,19/20,Back Injury,2019-11-03,2019-11-09,7,1
Victor Lindelöf,Sweden,DF,,31-329,1.87,18/19,Groin Strain,2018-11-25,2018-12-15,21,5
Gustaf Nilsson,Sweden,FW,,29-019,1.97,25/26,Achilles Tendon Problems,2025-07-08,2025-08-10,34,5
Gustaf Nilsson,Sweden,FW,,29-019,1.97,24/25,Calf Injury,2025-04-20,2025-04-30,11,2
Gustaf Nilsson,Sweden,FW,,29-019,1.97,24/25,Achilles Tendon Problems,2024-10-31,2024-12-05,36,9
Gustaf Nilsson,Sweden,FW,,29-019,1.97,24/25,Achilles Tendon Problems,2024-10-02,2024-10-26,25,6
Gustaf Nilsson,Sweden,FW,,29-019,1.97,23/24,Hamstring Injury,2023-10-20,2023-11-22,34,8
Gustaf Nilsson,Sweden,FW,,29-019,1.97,22/23,Muscle Injury,2022-09-26,2022-10-02,7,2
Gustaf Nilsson,Sweden,FW,,29-019,1.97,22/23,Muscle Injury,2022-08-01,2022-09-05,36,7
Gustaf Nilsson,Sweden,FW,,29-019,1.97,21/22,Influenza,2022-04-27,2022-05-01,5,1
Gustaf Nilsson,Sweden,FW,,29-019,1.97,21/22,Hip Problems,2022-03-12,2022-04-17,37,6
Gustaf Nilsson,Sweden,FW,,29-019,1.97,21/22,Corona Virus,2022-01-02,2022-01-11,10,-
Gustaf Nilsson,Sweden,FW,,29-019,1.97,21/22,Injury To Abdominal Muscles,2021-10-11,2021-11-01,22,4
Gustaf Nilsson,Sweden,FW,,29-019,1.97,21/22,Circulation Problems,2021-09-11,2021-09-13,3,-
Gustaf Nilsson,Sweden,FW,,29-019,1.97,20/21,Muscular Problems,2021-04-02,2021-04-26,25,5
Gustaf Nilsson,Sweden,FW,,29-019,1.97,20/21,Broken Nose Bone,2021-01-26,2021-02-04,10,1
Gustaf Nilsson,Sweden,FW,,29-019,1.97,20/21,Quarantine,2020-12-29,2021-01-11,14,1
Kristoffer Nordfeldt,Sweden,GK,,36-353,1.9,20/21,Corona Virus,2021-04-16,2021-04-27,12,2
Kristoffer Nordfeldt,Sweden,GK,,36-353,1.9,20/21,Calf Problems,2021-01-19,2021-01-24,6,1
Kristoffer Nordfeldt,Sweden,GK,,36-353,1.9,20/21,Unknown Injury,2021-01-08,2021-01-11,4,1
Kristoffer Nordfeldt,Sweden,GK,,36-353,1.9,19/20,Unknown Injury,2020-07-19,2020-07-26,8,1
Kristoffer Nordfeldt,Sweden,GK,,36-353,1.9,19/20,Unknown Injury,2020-07-07,2020-07-13,7,2
Kristoffer Nordfeldt,Sweden,GK,,36-353,1.9,12/13,Thigh Problems,2012-11-05,2012-11-28,24,4
Benjamin Nygren,Sweden,"FW,MF",,24-338,1.87,23/24,Knee Injury,2024-02-02,2024-05-01,90,12
Ken Sema,Sweden,"FW,MF",,32-254,1.8,25/26,Muscle Injury,2025-11-18,2025-12-20,33,6
Ken Sema,Sweden,"FW,MF",,32-254,1.8,21/22,Knee Injury,2021-11-04,2021-12-06,33,7
Ken Sema,Sweden,"FW,MF",,32-254,1.8,19/20,Muscle Fatigue,2019-11-21,2019-12-18,28,5
Eric Smith,Sweden,"DF,MF",,29-154,1.92,25/26,Stomach Flu,2026-05-14,2026-05-17,4,1
Eric Smith,Sweden,"DF,MF",,29-154,1.92,25/26,Calf Injury,2026-03-27,2026-04-24,29,4
Eric Smith,Sweden,"DF,MF",,29-154,1.92,25/26,Heel Problems,2026-02-01,2026-02-18,18,3
Eric Smith,Sweden,"DF,MF",,29-154,1.92,24/25,Calf Problems,2024-12-18,2024-12-22,5,1
Eric Smith,Sweden,"DF,MF",,29-154,1.92,24/25,Muscular Problems,2024-10-07,2024-10-15,9,-
Eric Smith,Sweden,"DF,MF",,29-154,1.92,23/24,Muscular Problems,2024-04-17,2024-05-05,19,3
Eric Smith,Sweden,"DF,MF",,29-154,1.92,23/24,Adductor Injury,2024-03-03,2024-03-28,26,2
Eric Smith,Sweden,"DF,MF",,29-154,1.92,23/24,Adductor Pain,2023-10-29,2023-11-07,10,1
Eric Smith,Sweden,"DF,MF",,29-154,1.92,22/23,Muscular Problems,2023-02-17,2023-02-22,6,1
Eric Smith,Sweden,"DF,MF",,29-154,1.92,22/23,Adductor Injury,2022-08-05,2022-08-10,6,1
Eric Smith,Sweden,"DF,MF",,29-154,1.92,21/22,Calf Injury,2022-03-29,2022-05-11,44,6
Eric Smith,Sweden,"DF,MF",,29-154,1.92,21/22,Knee Problems,2022-02-23,2022-03-09,15,3
Eric Smith,Sweden,"DF,MF",,29-154,1.92,21/22,Groin Problems,2021-09-01,2021-11-15,76,7
Eric Smith,Sweden,"DF,MF",,29-154,1.92,20/21,Calf Injury,2021-02-28,2021-04-21,53,7
Eric Smith,Sweden,"DF,MF",,29-154,1.92,15/16,Groin Injury,2016-05-04,2016-06-25,53,8
Carl Starfelt,Sweden,DF,,31-010,1.85,25/26,Muscle Fiber Tear,2025-08-16,2025-09-10,26,6
Carl Starfelt,Sweden,DF,,31-010,1.85,24/25,Torn Muscle Bundle,2025-04-12,2025-06-30,80,9
Carl Starfelt,Sweden,DF,,31-010,1.85,23/24,Torn Thigh Muscle,2023-12-20,2024-01-15,27,4
Carl Starfelt,Sweden,DF,,31-010,1.85,22/23,Knee Injury,2022-09-03,2022-11-03,62,14
Carl Starfelt,Sweden,DF,,31-010,1.85,21/22,Hamstring Injury,2021-10-30,2021-12-03,35,7
Carl Starfelt,Sweden,DF,,31-010,1.85,20/21,Corona Virus,2020-11-13,2020-11-27,15,3
Carl Starfelt,Sweden,DF,,31-010,1.85,14/15,Back Injury,2015-03-28,2015-05-15,49,7
Elliot Stroud,Sweden,MF,,23-354,1.85,-,Ninguna,,,0,0
Mattias Svanberg,Sweden,MF,,27-157,1.86,25/26,Calf Problems,2026-04-08,2026-04-23,16,2
Mattias Svanberg,Sweden,MF,,27-157,1.86,25/26,Knock,2026-03-01,2026-03-17,17,3
Mattias Svanberg,Sweden,MF,,27-157,1.86,25/26,Ill,2026-01-16,2026-01-22,7,1
Mattias Svanberg,Sweden,MF,,27-157,1.86,24/25,Muscle Injury,2025-04-20,2025-06-30,72,6
Mattias Svanberg,Sweden,MF,,27-157,1.86,24/25,Knee Problems,2025-03-24,2025-04-14,22,4
Mattias Svanberg,Sweden,MF,,27-157,1.86,24/25,Ligament Injury,2024-10-01,2024-11-11,42,8
Mattias Svanberg,Sweden,MF,,27-157,1.86,23/24,Shoulder Injury,2024-05-07,2024-06-30,55,4
Mattias Svanberg,Sweden,MF,,27-157,1.86,22/23,Ill,2022-10-06,2022-10-13,8,1
Mattias Svanberg,Sweden,MF,,27-157,1.86,22/23,Thigh Problems,2022-09-12,2022-09-15,4,-
Mattias Svanberg,Sweden,MF,,27-157,1.86,20/21,Corona Virus,2021-06-07,2021-06-21,15,2
Mattias Svanberg,Sweden,MF,,27-157,1.86,20/21,Shoulder Injury,2021-05-13,2021-05-24,12,1
Mattias Svanberg,Sweden,MF,,27-157,1.86,19/20,Hamstring Strain,2020-02-20,2020-03-19,29,2
Daniel Svensson,Sweden,"DF,MF",,24-119,1.83,24/25,Inner Knee Ligament Tear,2025-03-05,2025-03-26,22,5
Jacob Widell Zetterström,Sweden,GK,,27-335,1.97,25/26,Ill,2026-01-29,2026-04-15,77,15
Jacob Widell Zetterström,Sweden,GK,,27-335,1.97,25/26,Ill,2026-01-20,2026-01-22,3,1
Jacob Widell Zetterström,Sweden,GK,,27-335,1.97,24/25,Facial Injury,2025-04-13,2025-05-31,49,4
Jacob Widell Zetterström,Sweden,GK,,27-335,1.97,20/21,Muscle Injury,2021-04-15,2021-05-18,34,6
Besfort Zeneli,Sweden,MF,,23-202,1.87,25/26,Groin Injury,2026-04-20,2026-05-06,17,3
Besfort Zeneli,Sweden,MF,,23-202,1.87,25/26,Muscle Injury,2026-04-08,2026-04-15,8,1
Besfort Zeneli,Sweden,MF,,23-202,1.87,24/25,Unknown Injury,2024-10-24,2024-11-25,33,5
Besfort Zeneli,Sweden,MF,,23-202,1.87,23/24,Unknown Injury,2024-04-25,2024-05-10,16,2
Michel Aebischer,Switzerland,MF,,29-156,1.83,25/26,Adductor Injury,2025-09-29,2025-10-13,15,2
Michel Aebischer,Switzerland,MF,,29-156,1.83,24/25,Adductor Pain,2024-10-17,2025-01-31,107,23
Michel Aebischer,Switzerland,MF,,29-156,1.83,24/25,Adductor Injury,2024-07-31,2024-08-13,14,-
Michel Aebischer,Switzerland,MF,,29-156,1.83,21/22,Fracture Of Frontal Bone,2021-12-12,2022-01-03,23,2
Michel Aebischer,Switzerland,MF,,29-156,1.83,20/21,Ill,2020-12-11,2020-12-15,5,1
Michel Aebischer,Switzerland,MF,,29-156,1.83,20/21,Knee Injury,2020-09-17,2020-10-19,33,8
Michel Aebischer,Switzerland,MF,,29-156,1.83,19/20,Broken Toe,2020-02-16,2020-03-29,43,1
Michel Aebischer,Switzerland,MF,,29-156,1.83,18/19,Torn Muscle Fiber In The Adductor Area,2019-05-12,2019-06-30,50,3
Michel Aebischer,Switzerland,MF,,29-156,1.83,18/19,Torn Muscle Fiber In The Adductor Area,2018-07-16,2018-08-10,26,3
Manuel Akanji,Switzerland,DF,,30-327,1.88,24/25,Adductor Injury,2025-02-12,2025-04-13,61,13
Manuel Akanji,Switzerland,DF,,30-327,1.88,24/25,Unknown Injury,2024-12-04,2024-12-20,17,3
Manuel Akanji,Switzerland,DF,,30-327,1.88,24/25,Adductor Injury,2024-11-11,2024-11-19,9,2
Manuel Akanji,Switzerland,DF,,30-327,1.88,23/24,Unknown Injury,2024-01-07,2024-01-31,25,2
Manuel Akanji,Switzerland,DF,,30-327,1.88,21/22,Minor Knock,2022-03-28,2022-03-31,4,1
Manuel Akanji,Switzerland,DF,,30-327,1.88,21/22,Torn Muscle Fiber,2022-02-18,2022-03-17,28,5
Manuel Akanji,Switzerland,DF,,30-327,1.88,21/22,Calf Problems,2022-01-23,2022-02-01,10,-
Manuel Akanji,Switzerland,DF,,30-327,1.88,21/22,Knee Surgery,2021-12-06,2022-01-10,36,5
Manuel Akanji,Switzerland,DF,,30-327,1.88,20/21,Torn Muscle Fiber,2021-02-19,2021-03-14,24,6
Manuel Akanji,Switzerland,DF,,30-327,1.88,20/21,Knee Problems,2020-12-03,2020-12-09,7,2
Manuel Akanji,Switzerland,DF,,30-327,1.88,20/21,Corona Virus,2020-10-07,2020-10-21,15,5
Manuel Akanji,Switzerland,DF,,30-327,1.88,19/20,Muscular Problems,2020-06-16,2020-06-30,15,3
Manuel Akanji,Switzerland,DF,,30-327,1.88,18/19,Hip Injury,2019-01-01,2019-02-20,51,7
Manuel Akanji,Switzerland,DF,,30-327,1.88,18/19,Torn Muscle Fiber In The Adductor Area,2018-12-19,2018-12-31,13,1
Manuel Akanji,Switzerland,DF,,30-327,1.88,18/19,Capsular Injury,2018-11-29,2018-12-05,7,1
Zeki Amdouni,Switzerland,"FW,MF",,25-189,1.83,25/26,Cruciate Ligament Tear,2025-07-14,2026-04-30,291,46
Zeki Amdouni,Switzerland,"FW,MF",,25-189,1.83,24/25,Unknown Injury,2025-05-05,2025-05-31,27,3
Zeki Amdouni,Switzerland,"FW,MF",,25-189,1.83,24/25,Muscular Problems,2025-03-17,2025-03-24,8,1
Zeki Amdouni,Switzerland,"FW,MF",,25-189,1.83,24/25,Flu,2025-03-03,2025-03-06,4,1
Zeki Amdouni,Switzerland,"FW,MF",,25-189,1.83,22/23,Unknown Injury,2022-09-09,2022-09-21,13,3
Zeki Amdouni,Switzerland,"FW,MF",,25-189,1.83,21/22,Unknown Injury,2022-05-17,2022-05-20,4,1
Zeki Amdouni,Switzerland,"FW,MF",,25-189,1.83,19/20,Unknown Injury,2020-07-14,2020-09-17,66,6
Aurèle Amenda,Switzerland,DF,,22-315,1.94,24/25,Calf Injury,2025-03-09,2025-03-12,4,1
Aurèle Amenda,Switzerland,DF,,22-315,1.94,24/25,Syndesmosis Ligament Tear,2024-11-17,2025-01-25,70,13
Aurèle Amenda,Switzerland,DF,,22-315,1.94,23/24,Hamstring Injury,2024-06-05,2024-08-18,75,-
Eray Cömert,Switzerland,DF,,28-127,1.83,25/26,Injury To Abdominal Muscles,2026-04-11,2026-05-01,21,2
Eray Cömert,Switzerland,DF,,28-127,1.83,25/26,Injury To Abdominal Muscles,2025-12-13,2026-01-05,24,3
Eray Cömert,Switzerland,DF,,28-127,1.83,21/22,Ill,2021-12-03,2021-12-13,11,1
Eray Cömert,Switzerland,DF,,28-127,1.83,21/22,Concussion,2021-09-01,2021-09-15,15,3
Eray Cömert,Switzerland,DF,,28-127,1.83,20/21,Ill,2021-04-02,2021-04-16,15,2
Eray Cömert,Switzerland,DF,,28-127,1.83,20/21,Unknown Injury,2020-09-23,2020-09-30,8,1
Eray Cömert,Switzerland,DF,,28-127,1.83,19/20,Corona Virus,2020-08-19,2020-08-29,11,1
Eray Cömert,Switzerland,DF,,28-127,1.83,18/19,Shoulder Injury,2019-01-27,2019-02-21,26,3
Eray Cömert,Switzerland,DF,,28-127,1.83,18/19,Unknown Injury,2018-07-13,2018-07-18,6,-
Eray Cömert,Switzerland,DF,,28-127,1.83,17/18,Shoulder Injury,2018-04-16,2018-05-30,45,8
Eray Cömert,Switzerland,DF,,28-127,1.83,17/18,Shoulder Injury,2017-08-20,2018-01-22,156,15
Eray Cömert,Switzerland,DF,,28-127,1.83,17/18,Shoulder Injury,2017-07-24,2017-08-17,25,6
Eray Cömert,Switzerland,DF,,28-127,1.83,16/17,Unknown Injury,2016-10-20,2016-11-02,14,4
Nico Elvedi,Switzerland,DF,,29-254,1.89,24/25,Internal Ligament Strain,2025-04-25,2025-05-05,11,2
Nico Elvedi,Switzerland,DF,,29-254,1.89,24/25,Muscular Problems,2025-03-19,2025-03-24,6,1
Nico Elvedi,Switzerland,DF,,29-254,1.89,24/25,Infection,2025-02-07,2025-02-10,4,1
Nico Elvedi,Switzerland,DF,,29-254,1.89,24/25,Thigh Problems,2024-10-18,2024-11-18,32,6
Nico Elvedi,Switzerland,DF,,29-254,1.89,24/25,Injury To The Ankle,2024-08-13,2024-08-19,7,1
Nico Elvedi,Switzerland,DF,,29-254,1.89,23/24,Tendon Irritation,2024-04-14,2024-04-16,3,-
Nico Elvedi,Switzerland,DF,,29-254,1.89,23/24,Knee Injury,2023-10-07,2023-10-17,11,1
Nico Elvedi,Switzerland,DF,,29-254,1.89,22/23,Cold,2022-12-01,2022-12-04,4,1
Nico Elvedi,Switzerland,DF,,29-254,1.89,22/23,Cold,2022-10-31,2022-11-07,8,1
Nico Elvedi,Switzerland,DF,,29-254,1.89,22/23,Overstretching,2022-09-05,2022-09-15,11,1
Nico Elvedi,Switzerland,DF,,29-254,1.89,21/22,Corona Virus,2022-03-14,2022-03-21,8,1
Nico Elvedi,Switzerland,DF,,29-254,1.89,21/22,Stomach Flu,2021-12-13,2021-12-20,8,2
Nico Elvedi,Switzerland,DF,,29-254,1.89,21/22,Outer Ligament Tear,2021-11-04,2021-11-25,22,3
Nico Elvedi,Switzerland,DF,,29-254,1.89,20/21,Knock,2021-04-01,2021-04-15,15,2
Nico Elvedi,Switzerland,DF,,29-254,1.89,20/21,Muscle Injury,2020-11-30,2020-12-07,8,2
Breel Embolo,Switzerland,FW,,29-117,1.84,23/24,Muscular Problems,2024-05-15,2024-06-10,27,3
Breel Embolo,Switzerland,FW,,29-117,1.84,23/24,Cruciate Ligament Tear,2023-08-07,2024-03-25,232,36
Breel Embolo,Switzerland,FW,,29-117,1.84,22/23,Unknown Injury,2023-06-09,2023-06-20,12,2
Breel Embolo,Switzerland,FW,,29-117,1.84,22/23,Knee Problems,2023-03-23,2023-05-08,47,8
Breel Embolo,Switzerland,FW,,29-117,1.84,21/22,Hamstring Injury,2021-11-06,2021-12-01,26,4
Breel Embolo,Switzerland,FW,,29-117,1.84,21/22,Hamstring Injury,2021-07-03,2021-09-06,66,6
Breel Embolo,Switzerland,FW,,29-117,1.84,20/21,Quarantine,2021-01-18,2021-01-20,3,1
Breel Embolo,Switzerland,FW,,29-117,1.84,20/21,Ankle Problems,2020-09-08,2020-09-29,22,3
Breel Embolo,Switzerland,FW,,29-117,1.84,19/20,Bruise On Ankle,2020-05-24,2020-06-09,17,3
Breel Embolo,Switzerland,FW,,29-117,1.84,19/20,Torn Muscle Fiber,2019-10-28,2019-11-20,24,6
Breel Embolo,Switzerland,FW,,29-117,1.84,19/20,Foot Injury,2019-05-31,2019-07-15,46,2
Breel Embolo,Switzerland,FW,,29-117,1.84,18/19,Broken Foot,2018-11-12,2019-03-01,110,18
Breel Embolo,Switzerland,FW,,29-117,1.84,18/19,Shoulder Injury,2018-10-07,2018-10-15,9,1
Breel Embolo,Switzerland,FW,,29-117,1.84,17/18,Muscle Injury,2018-04-23,2018-05-10,18,2
Breel Embolo,Switzerland,FW,,29-117,1.84,17/18,Bone Edema,2017-03-02,2017-08-14,166,19
Christian Fassnacht,Switzerland,"FW,MF",,32-212,1.85,25/26,Unknown Injury,2026-04-10,2026-05-06,27,3
Christian Fassnacht,Switzerland,"FW,MF",,32-212,1.85,25/26,Unknown Injury,2026-03-11,2026-03-18,8,1
Christian Fassnacht,Switzerland,"FW,MF",,32-212,1.85,24/25,Unknown Injury,2025-01-15,2025-01-22,8,1
Christian Fassnacht,Switzerland,"FW,MF",,32-212,1.85,24/25,Achilles Tendon Problems,2024-08-11,2024-10-28,79,17
Christian Fassnacht,Switzerland,"FW,MF",,32-212,1.85,22/23,Knee Injury,2022-08-03,2022-09-28,57,13
Christian Fassnacht,Switzerland,"FW,MF",,32-212,1.85,21/22,Hamstring Strain,2022-03-10,2022-05-05,57,9
Christian Fassnacht,Switzerland,"FW,MF",,32-212,1.85,21/22,Ankle Injury,2022-02-08,2022-03-04,25,4
Christian Fassnacht,Switzerland,"FW,MF",,32-212,1.85,21/22,Ligament Injury,2022-02-06,2022-03-04,27,4
Christian Fassnacht,Switzerland,"FW,MF",,32-212,1.85,21/22,Concussion,2021-11-06,2021-12-31,56,10
Christian Fassnacht,Switzerland,"FW,MF",,32-212,1.85,20/21,Ligament Injury,2020-12-08,2020-12-11,4,1
Christian Fassnacht,Switzerland,"FW,MF",,32-212,1.85,19/20,Groin Problems,2019-07-08,2019-08-14,38,4
Christian Fassnacht,Switzerland,"FW,MF",,32-212,1.85,18/19,Unknown Injury,2019-05-14,2019-05-20,7,1
Christian Fassnacht,Switzerland,"FW,MF",,32-212,1.85,17/18,Ill,2018-02-15,2018-02-22,8,1
Christian Fassnacht,Switzerland,"FW,MF",,32-212,1.85,17/18,Unknown Injury,2018-02-08,2018-02-15,8,1
Christian Fassnacht,Switzerland,"FW,MF",,32-212,1.85,16/17,Ill,2017-03-18,2017-03-20,3,1
Remo Freuler,Switzerland,MF,,34-057,1.81,25/26,Broken Collarbone,2025-11-03,2025-12-27,55,13
Remo Freuler,Switzerland,MF,,34-057,1.81,24/25,Flu,2025-03-20,2025-03-27,8,2
Remo Freuler,Switzerland,MF,,34-057,1.81,21/22,Muscular Problems,2022-04-07,2022-04-19,13,2
Remo Freuler,Switzerland,MF,,34-057,1.81,18/19,Unknown Injury,2019-01-18,2019-01-24,7,1
Cedric Itten,Switzerland,"FW,MF",,29-166,1.9,25/26,Inflammation,2026-03-08,2026-03-20,13,1
Cedric Itten,Switzerland,"FW,MF",,29-166,1.9,25/26,Cervical Spine Injury,2025-10-30,2025-11-06,8,1
Cedric Itten,Switzerland,"FW,MF",,29-166,1.9,25/26,Pelvic Contusion,2025-10-18,2025-10-27,10,1
Cedric Itten,Switzerland,"FW,MF",,29-166,1.9,23/24,Knock,2023-11-24,2023-12-31,38,7
Cedric Itten,Switzerland,"FW,MF",,29-166,1.9,22/23,Neck Injury,2023-05-18,2023-06-30,44,6
Cedric Itten,Switzerland,"FW,MF",,29-166,1.9,21/22,Ill,2022-02-05,2022-04-10,65,16
Cedric Itten,Switzerland,"FW,MF",,29-166,1.9,19/20,Concussion,2019-09-22,2019-09-26,5,1
Cedric Itten,Switzerland,"FW,MF",,29-166,1.9,18/19,Cruciate Ligament Tear,2018-09-24,2019-05-13,232,27
Cedric Itten,Switzerland,"FW,MF",,29-166,1.9,18/19,Knee Medial Ligament Tear,2018-09-24,2019-05-13,232,27
Cedric Itten,Switzerland,"FW,MF",,29-166,1.9,17/18,Torn Muscle Fiber,2017-08-17,2017-09-06,21,4
Cedric Itten,Switzerland,"FW,MF",,29-166,1.9,16/17,Ill,2016-10-14,2016-10-20,7,1
Cedric Itten,Switzerland,"FW,MF",,29-166,1.9,16/17,Unknown Injury,2016-08-19,2016-09-15,28,3
Luca Jaquez,Switzerland,DF,,23-009,1.87,25/26,Ill,2026-02-06,2026-02-12,7,1
Luca Jaquez,Switzerland,DF,,23-009,1.87,25/26,Hamstring Injury,2025-11-28,2026-01-26,60,11
Luca Jaquez,Switzerland,DF,,23-009,1.87,25/26,Fitness,2025-11-21,2025-11-24,4,1
Luca Jaquez,Switzerland,DF,,23-009,1.87,25/26,Adductor Pain,2025-11-06,2025-11-20,15,3
Luca Jaquez,Switzerland,DF,,23-009,1.87,25/26,Knock,2025-10-25,2025-10-28,4,1
Luca Jaquez,Switzerland,DF,,23-009,1.87,25/26,Fitness,2025-09-10,2025-09-22,13,2
Luca Jaquez,Switzerland,DF,,23-009,1.87,25/26,Broken Nose Bone,2025-08-24,2025-09-09,17,2
Luca Jaquez,Switzerland,DF,,23-009,1.87,24/25,Ill,2025-03-06,2025-03-12,7,1
Luca Jaquez,Switzerland,DF,,23-009,1.87,23/24,Minor Knock,2023-11-15,2023-11-22,8,2
Luca Jaquez,Switzerland,DF,,23-009,1.87,23/24,Unknown Injury,2023-09-25,2023-10-06,12,2
Luca Jaquez,Switzerland,DF,,23-009,1.87,22/23,Unknown Injury,2022-08-17,2022-08-25,9,1
Luca Jaquez,Switzerland,DF,,23-009,1.87,21/22,Ill,2022-04-30,2022-05-02,3,1
Luca Jaquez,Switzerland,DF,,23-009,1.87,19/20,Unknown Injury,2019-12-04,2020-03-03,91,1
Ardon Jashari,Switzerland,MF,,23-316,1.81,25/26,Broken Fibula,2025-08-28,2025-10-31,65,13
Ardon Jashari,Switzerland,MF,,23-316,1.81,24/25,Rest,2025-02-07,2025-02-09,3,1
Ardon Jashari,Switzerland,MF,,23-316,1.81,24/25,Flu,2024-11-17,2024-11-20,4,1
Ardon Jashari,Switzerland,MF,,23-316,1.81,23/24,Unknown Injury,2023-10-09,2023-10-18,10,3
Ardon Jashari,Switzerland,MF,,23-316,1.81,20/21,Quarantine,2021-01-16,2021-01-26,11,-
Marvin Keller,Switzerland,GK,,23-343,1.89,21/22,Ill,2022-03-17,2022-03-24,8,1
Marvin Keller,Switzerland,GK,,23-343,1.89,20/21,Unknown Injury,2021-05-05,2021-06-30,57,4
Marvin Keller,Switzerland,GK,,23-343,1.89,20/21,Unknown Injury,2021-03-04,2021-03-11,8,1
Marvin Keller,Switzerland,GK,,23-343,1.89,19/20,Unknown Injury,2019-12-11,2020-02-29,81,6
Gregor Kobel,Switzerland,GK,,28-187,1.96,24/25,Hip Problems,2024-10-30,2024-11-11,13,3
Gregor Kobel,Switzerland,GK,,28-187,1.96,23/24,Rest,2024-05-10,2024-05-12,3,1
Gregor Kobel,Switzerland,GK,,28-187,1.96,23/24,Stomach Flu,2024-03-27,2024-04-01,6,1
Gregor Kobel,Switzerland,GK,,28-187,1.96,23/24,Minor Knock,2024-03-16,2024-03-20,5,1
Gregor Kobel,Switzerland,GK,,28-187,1.96,23/24,Muscular Problems,2024-02-20,2024-03-06,16,3
Gregor Kobel,Switzerland,GK,,28-187,1.96,23/24,Ill,2024-01-23,2024-02-04,13,2
Gregor Kobel,Switzerland,GK,,28-187,1.96,23/24,Muscular Problems,2023-11-17,2023-11-22,6,2
Gregor Kobel,Switzerland,GK,,28-187,1.96,23/24,Thigh Problems,2023-09-11,2023-09-15,5,1
Gregor Kobel,Switzerland,GK,,28-187,1.96,22/23,Thigh Problems,2023-03-09,2023-03-29,21,4
Gregor Kobel,Switzerland,GK,,28-187,1.96,22/23,Adductor Pain,2022-11-03,2022-11-03,1,-
Gregor Kobel,Switzerland,GK,,28-187,1.96,22/23,Back Problems,2022-09-29,2022-10-03,5,1
Gregor Kobel,Switzerland,GK,,28-187,1.96,22/23,Torn Muscle Fiber,2022-09-05,2022-09-29,25,6
Gregor Kobel,Switzerland,GK,,28-187,1.96,21/22,Ligament Injury,2022-04-21,2022-05-23,33,4
Gregor Kobel,Switzerland,GK,,28-187,1.96,21/22,Cold,2021-12-16,2021-12-20,5,1
Gregor Kobel,Switzerland,GK,,28-187,1.96,21/22,Minor Knock,2021-10-25,2021-10-28,4,1
Johan Manzambi,Switzerland,MF,,20-240,1.82,-,Ninguna,,,0,0
Miro Muheim,Switzerland,"DF,MF",,28-079,1.82,25/26,Ankle Injury,2026-04-18,2026-05-11,24,3
Miro Muheim,Switzerland,"DF,MF",,28-079,1.82,24/25,Torn Muscle Fiber,2025-04-10,2025-05-01,22,3
Miro Muheim,Switzerland,"DF,MF",,28-079,1.82,23/24,Muscle Fatigue,2024-03-01,2024-03-15,15,2
Miro Muheim,Switzerland,"DF,MF",,28-079,1.82,23/24,Back Problems,2024-02-17,2024-02-24,8,-
Miro Muheim,Switzerland,"DF,MF",,28-079,1.82,21/22,Adductor Injury,2021-12-01,2021-12-16,16,2
Miro Muheim,Switzerland,"DF,MF",,28-079,1.82,20/21,Unknown Injury,2021-05-14,2021-05-22,9,2
Miro Muheim,Switzerland,"DF,MF",,28-079,1.82,20/21,Shoulder Injury,2021-01-17,2021-03-01,44,9
Miro Muheim,Switzerland,"DF,MF",,28-079,1.82,20/21,Corona Virus,2020-12-02,2020-12-07,6,-
Miro Muheim,Switzerland,"DF,MF",,28-079,1.82,19/20,Ill,2020-06-17,2020-06-22,6,1
Miro Muheim,Switzerland,"DF,MF",,28-079,1.82,18/19,Unknown Injury,2018-11-22,2019-01-14,54,4
Miro Muheim,Switzerland,"DF,MF",,28-079,1.82,18/19,Cruciate Ligament Tear,2018-03-12,2018-11-02,236,28
Yvon Mvogo,Switzerland,GK,,32-005,1.9,22/23,Patellar Tendon Problems,2022-11-07,2023-04-10,155,26
Yvon Mvogo,Switzerland,GK,,32-005,1.9,21/22,Unknown Injury,2022-02-15,2022-02-22,8,2
Yvon Mvogo,Switzerland,GK,,32-005,1.9,21/22,Ill,2021-12-14,2021-12-18,5,1
Yvon Mvogo,Switzerland,GK,,32-005,1.9,18/19,Internal Ligament Strain,2019-04-07,2019-05-13,37,6
Yvon Mvogo,Switzerland,GK,,32-005,1.9,17/18,Back Problems,2017-08-10,2017-08-14,5,1
Yvon Mvogo,Switzerland,GK,,32-005,1.9,14/15,Ankle Injury,2014-07-07,2014-07-17,11,-
Yvon Mvogo,Switzerland,GK,,32-005,1.9,13/14,Ill,2013-09-12,2013-09-16,5,2
Dan Ndoye,Switzerland,MF,,25-229,1.84,25/26,Unknown Injury,2026-04-25,2026-05-19,25,4
Dan Ndoye,Switzerland,MF,,25-229,1.84,25/26,Unknown Injury,2026-03-10,2026-03-14,5,1
Dan Ndoye,Switzerland,MF,,25-229,1.84,25/26,Knock,2025-12-15,2026-01-07,24,5
Dan Ndoye,Switzerland,MF,,25-229,1.84,24/25,Hamstring Injury,2025-04-26,2025-05-13,18,3
Dan Ndoye,Switzerland,MF,,25-229,1.84,24/25,Bruise On Ankle,2024-12-16,2024-12-23,8,1
Dan Ndoye,Switzerland,MF,,25-229,1.84,24/25,Muscular Problems,2024-11-11,2024-11-25,15,3
Dan Ndoye,Switzerland,MF,,25-229,1.84,24/25,Muscle Fatigue,2024-10-17,2024-10-21,5,1
Dan Ndoye,Switzerland,MF,,25-229,1.84,24/25,Hamstring Muscle Injury,2024-08-28,2024-09-12,16,3
Dan Ndoye,Switzerland,MF,,25-229,1.84,23/24,Hamstring Injury,2023-12-27,2024-02-05,41,6
Dan Ndoye,Switzerland,MF,,25-229,1.84,22/23,Unknown Injury,2023-05-18,2023-05-23,6,1
Dan Ndoye,Switzerland,MF,,25-229,1.84,22/23,Unknown Injury,2023-01-19,2023-02-02,15,3
Dan Ndoye,Switzerland,MF,,25-229,1.84,20/21,Corona Virus,2020-11-10,2020-11-18,9,2
Dan Ndoye,Switzerland,MF,,25-229,1.84,19/20,Unknown Injury,2020-06-17,2020-06-29,13,3
Dan Ndoye,Switzerland,MF,,25-229,1.84,19/20,Unknown Injury,2020-01-22,2020-02-05,15,2
Noah Okafor,Switzerland,"FW,MF",,26-018,1.85,25/26,Calf Injury,2026-05-22,2026-05-28,7,1
Noah Okafor,Switzerland,"FW,MF",,26-018,1.85,25/26,Hamstring Injury,2026-02-16,2026-03-16,29,5
Noah Okafor,Switzerland,"FW,MF",,26-018,1.85,25/26,Adductor Pain,2025-10-16,2025-10-20,5,1
Noah Okafor,Switzerland,"FW,MF",,26-018,1.85,24/25,Muscle Fatigue,2025-05-17,2025-06-15,30,3
Noah Okafor,Switzerland,"FW,MF",,26-018,1.85,24/25,Muscular Problems,2025-03-25,2025-03-29,5,1
Noah Okafor,Switzerland,"FW,MF",,26-018,1.85,24/25,Calf Muscle Tear,2024-12-17,2025-01-21,36,7
Noah Okafor,Switzerland,"FW,MF",,26-018,1.85,24/25,Lumbago,2024-12-09,2024-12-14,6,1
Noah Okafor,Switzerland,"FW,MF",,26-018,1.85,24/25,Fever,2024-11-29,2024-12-02,4,1
Noah Okafor,Switzerland,"FW,MF",,26-018,1.85,24/25,Muscular Problems,2024-09-26,2024-10-02,7,1
Noah Okafor,Switzerland,"FW,MF",,26-018,1.85,23/24,Unknown Injury,2023-12-17,2024-01-11,26,5
Noah Okafor,Switzerland,"FW,MF",,26-018,1.85,23/24,Hamstring Muscle Injury,2023-11-21,2023-12-13,23,4
Noah Okafor,Switzerland,"FW,MF",,26-018,1.85,23/24,Muscle Fatigue,2023-10-24,2023-10-29,6,1
Noah Okafor,Switzerland,"FW,MF",,26-018,1.85,23/24,Head Injury,2023-10-10,2023-10-19,10,1
Noah Okafor,Switzerland,"FW,MF",,26-018,1.85,22/23,Metatarsal Fracture,2023-04-16,2023-07-22,98,9
Noah Okafor,Switzerland,"FW,MF",,26-018,1.85,22/23,Foot Bruise,2023-04-01,2023-04-08,8,1
Fabian Rieder,Switzerland,"FW,MF",,24-115,1.81,23/24,Metatarsal Fracture,2024-01-15,2024-03-25,71,14
Fabian Rieder,Switzerland,"FW,MF",,24-115,1.81,21/22,Ligament Injury,2022-03-21,2022-04-14,25,4
Fabian Rieder,Switzerland,"FW,MF",,24-115,1.81,21/22,Ill,2021-12-03,2021-12-06,4,1
Fabian Rieder,Switzerland,"FW,MF",,24-115,1.81,20/21,Corona Virus,2021-05-20,2021-06-14,26,2
Fabian Rieder,Switzerland,"FW,MF",,24-115,1.81,20/21,Knock,2021-04-02,2021-04-19,18,4
Fabian Rieder,Switzerland,"FW,MF",,24-115,1.81,20/21,Minor Knock,2021-01-19,2021-01-25,7,2
Fabian Rieder,Switzerland,"FW,MF",,24-115,1.81,20/21,Muscle Injury,2020-09-18,2020-10-06,19,1
Fabian Rieder,Switzerland,"FW,MF",,24-115,1.81,19/20,Unknown Injury,2019-09-25,2020-01-12,110,6
Fabian Rieder,Switzerland,"FW,MF",,24-115,1.81,18/19,Unknown Injury,2019-05-01,2019-05-15,15,2
Ricardo Rodríguez,Switzerland,DF,,33-290,1.82,23/24,Muscular Problems,2024-02-10,2024-02-22,13,1
Ricardo Rodríguez,Switzerland,DF,,33-290,1.82,23/24,Adductor Pain,2024-02-04,2024-02-10,7,-
Ricardo Rodríguez,Switzerland,DF,,33-290,1.82,23/24,Muscular Problems,2023-11-06,2023-11-10,5,-
Ricardo Rodríguez,Switzerland,DF,,33-290,1.82,22/23,Fever,2022-09-17,2022-09-22,6,1
Ricardo Rodríguez,Switzerland,DF,,33-290,1.82,21/22,Muscular Problems,2021-11-13,2021-12-05,23,4
Ricardo Rodríguez,Switzerland,DF,,33-290,1.82,20/21,Unknown Injury,2021-02-05,2021-02-12,8,1
Ricardo Rodríguez,Switzerland,DF,,33-290,1.82,20/21,Thigh Problems,2020-09-10,2020-10-05,26,2
Ricardo Rodríguez,Switzerland,DF,,33-290,1.82,19/20,Right Hip Flexor Problems,2019-12-30,2020-01-22,24,4
Ricardo Rodríguez,Switzerland,DF,,33-290,1.82,19/20,Inner Ligament Injury,2019-11-19,2019-11-25,7,1
Ricardo Rodríguez,Switzerland,DF,,33-290,1.82,19/20,Adductor Pain,2019-10-26,2019-11-02,8,2
Ricardo Rodríguez,Switzerland,DF,,33-290,1.82,18/19,Adductor Pain,2018-11-12,2018-11-16,5,1
Ricardo Rodríguez,Switzerland,DF,,33-290,1.82,17/18,Abdominal Problems,2018-01-31,2018-02-05,6,2
Ricardo Rodríguez,Switzerland,DF,,33-290,1.82,16/17,Ankle Problems,2017-05-04,2017-06-30,58,7
Ricardo Rodríguez,Switzerland,DF,,33-290,1.82,16/17,Fitness,2017-04-20,2017-04-27,8,1
Ricardo Rodríguez,Switzerland,DF,,33-290,1.82,16/17,Syndesmosis Ligament Tear,2017-03-13,2017-04-20,39,6
Djibril Sow,Switzerland,MF,,29-125,1.83,25/26,Hamstring Injury,2025-08-18,2025-09-11,25,4
Djibril Sow,Switzerland,MF,,29-125,1.83,24/25,Achilles Tendon Problems,2025-05-07,2025-05-11,5,1
Djibril Sow,Switzerland,MF,,29-125,1.83,24/25,Hamstring Strain,2024-12-12,2025-01-05,25,3
Djibril Sow,Switzerland,MF,,29-125,1.83,24/25,Hip Injury,2024-09-21,2024-10-08,18,3
Djibril Sow,Switzerland,MF,,29-125,1.83,24/25,Thigh Problems,2024-09-06,2024-09-10,5,1
Djibril Sow,Switzerland,MF,,29-125,1.83,23/24,Broken Toe,2024-04-10,2024-06-30,82,14
Djibril Sow,Switzerland,MF,,29-125,1.83,23/24,Achilles Tendon Problems,2023-12-17,2023-12-21,5,1
Djibril Sow,Switzerland,MF,,29-125,1.83,22/23,Muscular Problems,2023-03-28,2023-03-30,3,1
Djibril Sow,Switzerland,MF,,29-125,1.83,21/22,Knee Problems,2022-04-11,2022-04-21,11,2
Djibril Sow,Switzerland,MF,,29-125,1.83,21/22,Quarantine,2022-01-06,2022-01-10,5,1
Djibril Sow,Switzerland,MF,,29-125,1.83,20/21,Ankle Injury,2021-05-17,2021-05-31,15,2
Djibril Sow,Switzerland,MF,,29-125,1.83,19/20,Quarantine,2020-03-19,2020-04-02,15,-
Djibril Sow,Switzerland,MF,,29-125,1.83,19/20,Tendon Tear,2019-07-11,2019-08-29,50,8
Djibril Sow,Switzerland,MF,,29-125,1.83,18/19,Abdominal Muscle Strain,2018-11-29,2018-12-10,12,2
Djibril Sow,Switzerland,MF,,29-125,1.83,18/19,Minor Knock,2018-09-24,2018-10-01,8,2
Ruben Vargas,Switzerland,MF,,27-310,1.79,25/26,Hamstring Injury,2026-01-13,2026-03-09,56,8
Ruben Vargas,Switzerland,MF,,27-310,1.79,25/26,Hamstring Injury,2025-11-25,2026-01-07,44,7
Ruben Vargas,Switzerland,MF,,27-310,1.79,25/26,Muscle Injury,2025-08-09,2025-08-20,12,1
Ruben Vargas,Switzerland,MF,,27-310,1.79,24/25,Hamstring Injury,2025-04-08,2025-07-04,88,10
Ruben Vargas,Switzerland,MF,,27-310,1.79,24/25,Ankle Injury,2024-10-02,2024-11-20,50,10
Ruben Vargas,Switzerland,MF,,27-310,1.79,23/24,Muscular Problems,2024-05-11,2024-06-03,24,1
Ruben Vargas,Switzerland,MF,,27-310,1.79,23/24,Adductor Pain,2023-10-05,2023-10-25,21,3
Ruben Vargas,Switzerland,MF,,27-310,1.79,22/23,Ankle Ligament Tear,2023-05-06,2023-05-24,19,2
Ruben Vargas,Switzerland,MF,,27-310,1.79,22/23,Ankle Injury,2023-01-21,2023-02-15,26,4
Ruben Vargas,Switzerland,MF,,27-310,1.79,22/23,Metatarsal Bruise,2022-10-31,2022-11-03,4,-
Ruben Vargas,Switzerland,MF,,27-310,1.79,22/23,Muscle Injury,2022-06-02,2022-08-22,82,6
Ruben Vargas,Switzerland,MF,,27-310,1.79,21/22,Ligament Injury,2022-05-05,2022-05-19,15,2
Ruben Vargas,Switzerland,MF,,27-310,1.79,21/22,Tonsillitis,2022-03-31,2022-04-04,5,1
Ruben Vargas,Switzerland,MF,,27-310,1.79,21/22,Corona Virus,2021-11-18,2021-11-22,5,1
Ruben Vargas,Switzerland,MF,,27-310,1.79,21/22,Influenza,2021-09-30,2021-10-11,12,2
Silvan Widmer,Switzerland,"DF,MF",,33-098,1.83,25/26,Muscular Problems,2025-12-12,2025-12-17,6,1
Silvan Widmer,Switzerland,"DF,MF",,33-098,1.83,24/25,Infection,2024-08-12,2024-08-26,15,2
Silvan Widmer,Switzerland,"DF,MF",,33-098,1.83,22/23,Ankle Injury,2023-05-01,2023-10-01,154,15
Silvan Widmer,Switzerland,"DF,MF",,33-098,1.83,22/23,Torn Muscle Fiber,2022-10-10,2022-10-20,11,2
Silvan Widmer,Switzerland,"DF,MF",,33-098,1.83,22/23,Stomach Flu,2022-08-01,2022-08-11,11,1
Silvan Widmer,Switzerland,"DF,MF",,33-098,1.83,21/22,Ill,2022-05-12,2022-05-16,5,1
Silvan Widmer,Switzerland,"DF,MF",,33-098,1.83,20/21,Torn Muscle Fiber,2021-02-18,2021-03-18,29,5
Silvan Widmer,Switzerland,"DF,MF",,33-098,1.83,20/21,Inflammation,2021-01-25,2021-02-15,22,5
Silvan Widmer,Switzerland,"DF,MF",,33-098,1.83,20/21,Corona Virus,2020-11-16,2020-11-26,11,3
Silvan Widmer,Switzerland,"DF,MF",,33-098,1.83,19/20,Minor Knock,2020-07-02,2020-07-06,5,1
Silvan Widmer,Switzerland,"DF,MF",,33-098,1.83,18/19,Knock,2019-05-16,2019-06-03,19,3
Silvan Widmer,Switzerland,"DF,MF",,33-098,1.83,18/19,Stomach Flu,2018-07-23,2018-07-26,4,1
Silvan Widmer,Switzerland,"DF,MF",,33-098,1.83,17/18,Minor Knock,2018-01-22,2018-02-01,11,2
Silvan Widmer,Switzerland,"DF,MF",,33-098,1.83,17/18,Muscle Injury,2017-10-23,2017-10-26,4,-
Silvan Widmer,Switzerland,"DF,MF",,33-098,1.83,17/18,Overstretching,2017-08-10,2017-10-12,64,12
Granit Xhaka,Switzerland,MF,,33-257,1.83,25/26,Ankle Injury,2026-01-18,2026-02-20,34,5
Granit Xhaka,Switzerland,MF,,33-257,1.83,21/22,Inner Ligament Injury,2021-09-27,2021-12-05,70,13
Granit Xhaka,Switzerland,MF,,33-257,1.83,20/21,Groin Injury,2021-05-06,2021-05-16,11,3
Granit Xhaka,Switzerland,MF,,33-257,1.83,20/21,Ill,2021-04-01,2021-04-04,4,1
Granit Xhaka,Switzerland,MF,,33-257,1.83,19/20,Ankle Injury,2020-06-18,2020-06-24,7,1
Granit Xhaka,Switzerland,MF,,33-257,1.83,19/20,Concussion,2019-12-09,2019-12-17,9,2
Granit Xhaka,Switzerland,MF,,33-257,1.83,19/20,Back Injury,2019-08-12,2019-08-23,12,1
Granit Xhaka,Switzerland,MF,,33-257,1.83,18/19,Bruised Ribs,2019-04-19,2019-04-23,5,1
Granit Xhaka,Switzerland,MF,,33-257,1.83,18/19,Groin Injury,2019-03-28,2019-04-15,19,3
Granit Xhaka,Switzerland,MF,,33-257,1.83,18/19,Groin Problems,2019-01-30,2019-02-23,25,2
Granit Xhaka,Switzerland,MF,,33-257,1.83,17/18,Knee Bruise,2018-05-31,2018-06-04,5,1
Granit Xhaka,Switzerland,MF,,33-257,1.83,17/18,Flu,2018-04-10,2018-04-15,6,1
Granit Xhaka,Switzerland,MF,,33-257,1.83,16/17,Ankle Injury,2017-04-30,2017-05-10,11,-
Granit Xhaka,Switzerland,MF,,33-257,1.83,15/16,Ankle Injury,2015-10-12,2015-10-15,4,-
Granit Xhaka,Switzerland,MF,,33-257,1.83,14/15,Cold,2015-05-21,2015-06-01,12,-
Denis Zakaria,Switzerland,DF,,29-203,1.89,25/26,Adductor Injury,2025-09-17,2025-11-17,62,14
Denis Zakaria,Switzerland,DF,,29-203,1.89,24/25,Muscular Problems,2025-06-06,2025-06-30,25,2
Denis Zakaria,Switzerland,DF,,29-203,1.89,24/25,Ill,2025-01-11,2025-01-16,6,1
Denis Zakaria,Switzerland,DF,,29-203,1.89,24/25,Hamstring Injury,2024-12-08,2024-12-31,24,4
Denis Zakaria,Switzerland,DF,,29-203,1.89,24/25,Adductor Injury,2024-10-27,2024-11-10,15,4
Denis Zakaria,Switzerland,DF,,29-203,1.89,24/25,Knee Bruise,2024-10-07,2024-10-17,11,2
Denis Zakaria,Switzerland,DF,,29-203,1.89,23/24,Hamstring Injury,2024-05-02,2024-06-20,50,7
Denis Zakaria,Switzerland,DF,,29-203,1.89,22/23,Hamstring Injury,2023-01-13,2023-02-13,32,4
Denis Zakaria,Switzerland,DF,,29-203,1.89,21/22,Thigh Problems,2022-05-15,2022-05-21,7,1
Denis Zakaria,Switzerland,DF,,29-203,1.89,21/22,Adductor Injury,2022-02-26,2022-03-31,34,7
Denis Zakaria,Switzerland,DF,,29-203,1.89,21/22,Strain,2022-01-14,2022-01-16,3,1
Denis Zakaria,Switzerland,DF,,29-203,1.89,21/22,Corona Virus,2021-12-29,2022-01-10,13,1
Denis Zakaria,Switzerland,DF,,29-203,1.89,21/22,Fitness,2021-08-10,2021-08-15,6,1
Denis Zakaria,Switzerland,DF,,29-203,1.89,21/22,Corona Virus,2021-07-26,2021-08-09,15,-
Denis Zakaria,Switzerland,DF,,29-203,1.89,20/21,Knee Problems,2021-02-07,2021-02-16,10,1
Ali Abdi,Tunisia,"DF,MF",,32-173,1.77,25/26,Adductor Pain,2026-03-07,2026-03-16,10,2
Ali Abdi,Tunisia,"DF,MF",,32-173,1.77,25/26,Pelvic Injury,2025-08-13,2025-09-22,41,7
Ali Abdi,Tunisia,"DF,MF",,32-173,1.77,24/25,Achilles Tendon Contusion,2025-04-26,2025-05-01,6,-
Ali Abdi,Tunisia,"DF,MF",,32-173,1.77,24/25,Hamstring Injury,2024-11-19,2025-01-05,48,8
Ali Abdi,Tunisia,"DF,MF",,32-173,1.77,23/24,Knee Injury,2024-05-08,2024-05-31,24,2
Ali Abdi,Tunisia,"DF,MF",,32-173,1.77,22/23,Dead Leg,2022-09-11,2022-10-14,34,5
Ali Abdi,Tunisia,"DF,MF",,32-173,1.77,21/22,Corona Virus,2022-01-22,2022-01-28,7,2
Elias Achouri,Tunisia,"FW,MF",,27-121,1.87,25/26,Unknown Injury,2026-05-16,2026-05-20,5,1
Elias Achouri,Tunisia,"FW,MF",,27-121,1.87,25/26,Finger Injury,2026-04-17,2026-04-21,5,1
Elias Achouri,Tunisia,"FW,MF",,27-121,1.87,25/26,Unknown Injury,2026-02-20,2026-04-02,42,7
Elias Achouri,Tunisia,"FW,MF",,27-121,1.87,25/26,Ill,2025-11-25,2025-12-01,7,2
Elias Achouri,Tunisia,"FW,MF",,27-121,1.87,25/26,Unknown Injury,2025-09-20,2025-09-29,10,3
Elias Achouri,Tunisia,"FW,MF",,27-121,1.87,25/26,Hamstring Injury,2025-08-08,2025-08-26,19,4
Elias Achouri,Tunisia,"FW,MF",,27-121,1.87,24/25,Unknown Injury,2025-04-27,2025-05-10,14,4
Elias Achouri,Tunisia,"FW,MF",,27-121,1.87,24/25,Groin Injury,2024-11-09,2025-02-07,91,10
Elias Achouri,Tunisia,"FW,MF",,27-121,1.87,24/25,Fitness,2024-11-03,2024-11-05,3,1
Elias Achouri,Tunisia,"FW,MF",,27-121,1.87,24/25,Unknown Injury,2024-07-07,2024-08-03,28,4
Elias Achouri,Tunisia,"FW,MF",,27-121,1.87,23/24,Unknown Injury,2023-08-18,2023-08-27,10,2
Adem Arous,Tunisia,DF,,21-329,1.88,-,Ninguna,,,0,0
Khalil Ayari,Tunisia,FW,,21-129,1.74,-,Ninguna,,,0,0
Sabri Ben Hassen,Tunisia,GK,,29-363,,-,No Encontrado,,,0,0
Mortadha Ben Ouanes,Tunisia,"DF,MF",,31-344,1.88,25/26,Unknown Injury,2026-04-19,2026-04-29,11,1
Mortadha Ben Ouanes,Tunisia,"DF,MF",,31-344,1.88,25/26,Unknown Injury,2025-12-03,2025-12-11,9,3
Mortadha Ben Ouanes,Tunisia,"DF,MF",,31-344,1.88,25/26,Fitness,2025-10-21,2025-10-27,7,1
Mortadha Ben Ouanes,Tunisia,"DF,MF",,31-344,1.88,25/26,Unknown Injury,2025-10-05,2025-10-21,17,3
Mortadha Ben Ouanes,Tunisia,"DF,MF",,31-344,1.88,24/25,Unknown Injury,2025-05-10,2025-05-23,14,1
Mortadha Ben Ouanes,Tunisia,"DF,MF",,31-344,1.88,24/25,Unknown Injury,2024-09-28,2024-10-08,11,1
Mortadha Ben Ouanes,Tunisia,"DF,MF",,31-344,1.88,22/23,Unknown Injury,2023-03-06,2023-03-29,24,4
Mortadha Ben Ouanes,Tunisia,"DF,MF",,31-344,1.88,22/23,Unknown Injury,2022-08-08,2022-08-21,14,2
Mortadha Ben Ouanes,Tunisia,"DF,MF",,31-344,1.88,21/22,Unknown Injury,2022-05-10,2022-05-22,13,2
Mortadha Ben Ouanes,Tunisia,"DF,MF",,31-344,1.88,21/22,Unknown Injury,2021-09-14,2021-10-13,30,6
Anis Ben Slimane,Tunisia,MF,,25-087,1.88,23/24,Hamstring Injury,2023-08-16,2023-08-28,13,2
Dylan Bronn,Tunisia,DF,,30-357,1.86,25/26,Unknown Injury,2026-02-25,2026-05-11,76,12
Dylan Bronn,Tunisia,DF,,30-357,1.86,25/26,Unknown Injury,2026-01-12,2026-02-09,29,5
Dylan Bronn,Tunisia,DF,,30-357,1.86,24/25,Muscle Injury,2025-03-31,2025-05-02,33,4
Dylan Bronn,Tunisia,DF,,30-357,1.86,23/24,Unknown Injury,2023-08-18,2023-08-27,10,1
Dylan Bronn,Tunisia,DF,,30-357,1.86,22/23,Unknown Injury,2023-03-12,2023-03-18,7,1
Dylan Bronn,Tunisia,DF,,30-357,1.86,22/23,Thigh Problems,2023-01-14,2023-01-26,13,2
Dylan Bronn,Tunisia,DF,,30-357,1.86,21/22,Corona Virus,2022-01-14,2022-01-22,9,3
Dylan Bronn,Tunisia,DF,,30-357,1.86,17/18,Knee Injury,2018-06-25,2018-08-20,57,7
Mouhib Chamakh,Tunisia,GK,,24-290,1.89,-,Ninguna,,,0,0
Firas Chaouat,Tunisia,FW,,30-034,1.85,-,Ninguna,,,0,0
Raed Chikhaoui,Tunisia,DF,,22-002,1.91,-,Ninguna,,,0,0
Aymen Dahmen,Tunisia,GK,,29-134,1.88,23/24,Fitness,2024-05-15,2024-06-30,47,3
Aymen Dahmen,Tunisia,GK,,29-134,1.88,23/24,Unknown Injury,2024-05-04,2024-05-14,11,1
Aymen Dahmen,Tunisia,GK,,29-134,1.88,21/22,Corona Virus,2022-01-18,2022-01-25,8,2
Aymen Dahmen,Tunisia,GK,,29-134,1.88,20/21,Cruciate Ligament Tear,2021-04-12,2021-06-18,68,17
Rayan Elloumi,Tunisia,FW,,18-267,1.8,-,Ninguna,,,0,0
Ismaël Gharbi,Tunisia,MF,,22-062,1.8,24/25,Unknown Injury,2025-03-14,2025-03-17,4,1
Ismaël Gharbi,Tunisia,MF,,22-062,1.8,21/22,Adductor Pain,2021-09-06,2021-09-21,16,5
Mohamed Amine Ben Hamida,Tunisia,DF,,30-178,1.81,21/22,Corona Virus,2022-01-18,2022-01-27,10,2
Rani Khedira,Tunisia,"DF,MF",,32-135,1.88,25/26,Knock,2026-05-15,2026-05-18,4,1
Rani Khedira,Tunisia,"DF,MF",,32-135,1.88,23/24,Calf Injury,2024-01-03,2024-01-22,20,1
Rani Khedira,Tunisia,"DF,MF",,32-135,1.88,23/24,Calf Injury,2023-08-14,2023-10-10,58,9
Rani Khedira,Tunisia,"DF,MF",,32-135,1.88,20/21,Muscular Problems,2021-04-18,2021-05-03,16,2
Rani Khedira,Tunisia,"DF,MF",,32-135,1.88,18/19,Adductor Pain,2019-04-03,2019-04-13,11,1
Rani Khedira,Tunisia,"DF,MF",,32-135,1.88,18/19,Ankle Problems,2019-01-08,2019-01-24,17,1
Rani Khedira,Tunisia,"DF,MF",,32-135,1.88,17/18,Thigh Problems,2017-11-27,2017-12-04,8,1
Rani Khedira,Tunisia,"DF,MF",,32-135,1.88,17/18,Abdominal Muscle Strain,2017-10-02,2017-10-12,11,-
Rani Khedira,Tunisia,"DF,MF",,32-135,1.88,14/15,Inner Ankle Ligament Tear,2015-02-26,2015-04-23,57,8
Rani Khedira,Tunisia,"DF,MF",,32-135,1.88,13/14,Torn Muscle Fiber,2014-04-17,2014-06-12,57,4
Rani Khedira,Tunisia,"DF,MF",,32-135,1.88,13/14,Muscle Injury,2014-04-03,2014-04-10,8,1
Rani Khedira,Tunisia,"DF,MF",,32-135,1.88,12/13,Thigh Problems,2013-04-29,2013-05-09,11,1
Rani Khedira,Tunisia,"DF,MF",,32-135,1.88,12/13,Shin Bruise,2012-10-04,2012-10-11,8,1
Hadj Mahmoud,Tunisia,MF,,26-048,1.79,25/26,Ill,2025-11-26,2025-12-05,10,4
Hadj Mahmoud,Tunisia,MF,,26-048,1.79,24/25,Unknown Injury,2025-04-30,2025-06-16,48,8
Hadj Mahmoud,Tunisia,MF,,26-048,1.79,24/25,Knee Injury,2025-03-31,2025-04-30,31,4
Hadj Mahmoud,Tunisia,MF,,26-048,1.79,24/25,Unknown Injury,2024-10-16,2024-10-21,6,1
Hadj Mahmoud,Tunisia,MF,,26-048,1.79,23/24,Unknown Injury,2024-03-27,2024-04-04,9,2
Hadj Mahmoud,Tunisia,MF,,26-048,1.79,23/24,Unknown Injury,2023-12-13,2023-12-31,19,1
Hadj Mahmoud,Tunisia,MF,,26-048,1.79,22/23,Unknown Injury,2023-03-01,2023-04-13,44,7
Hadj Mahmoud,Tunisia,MF,,26-048,1.79,22/23,Unknown Injury,2022-09-29,2022-10-13,15,2
Hadj Mahmoud,Tunisia,MF,,26-048,1.79,21/22,Unknown Injury,2021-11-24,2022-02-24,93,10
Hadj Mahmoud,Tunisia,MF,,26-048,1.79,21/22,Unknown Injury,2021-10-20,2021-10-26,7,1
Hazem Mastouri,Tunisia,FW,,28-358,1.91,-,Ninguna,,,0,0
Hannibal Mejbri,Tunisia,MF,,23-141,1.77,25/26,Hamstring Injury,2026-03-21,2026-04-30,41,5
Hannibal Mejbri,Tunisia,MF,,23-141,1.77,21/22,Corona Virus,2022-01-06,2022-01-08,3,-
Moutaz Neffati,Tunisia,DF,,21-280,1.82,-,Ninguna,,,0,0
Omar Rekik,Tunisia,DF,,24-173,1.88,22/23,Unknown Injury,2022-12-15,2022-12-27,13,-
Omar Rekik,Tunisia,DF,,24-173,1.88,22/23,Muscle Injury,2022-10-16,2022-11-08,24,4
Elias Saad,Tunisia,"FW,MF",,26-166,1.85,25/26,Muscle Injury,2026-04-17,2026-05-03,17,2
Elias Saad,Tunisia,"FW,MF",,26-166,1.85,24/25,Muscle Injury,2025-05-04,2025-06-30,58,5
Elias Saad,Tunisia,"FW,MF",,26-166,1.85,24/25,Fitness,2025-01-01,2025-01-20,20,3
Elias Saad,Tunisia,"FW,MF",,26-166,1.85,24/25,Ligament Injury,2024-10-07,2025-01-01,87,14
Elias Saad,Tunisia,"FW,MF",,26-166,1.85,23/24,Ill,2024-05-17,2024-05-20,4,1
Elias Saad,Tunisia,"FW,MF",,26-166,1.85,22/23,Ill,2022-11-17,2022-11-23,7,1
Elias Saad,Tunisia,"FW,MF",,26-166,1.85,21/22,Outer Ligament Tear,2022-03-13,2022-04-30,49,4
Elias Saad,Tunisia,"FW,MF",,26-166,1.85,21/22,Muscle Injury,2021-10-16,2021-11-28,44,5
Ellyes Skhiri,Tunisia,MF,,31-032,1.85,25/26,Rest,2026-01-09,2026-01-10,2,1
Ellyes Skhiri,Tunisia,MF,,31-032,1.85,25/26,Knee Problems,2025-07-22,2025-08-25,35,2
Ellyes Skhiri,Tunisia,MF,,31-032,1.85,24/25,Knee Injury,2025-03-16,2025-03-27,12,2
Ellyes Skhiri,Tunisia,MF,,31-032,1.85,24/25,Knock,2025-02-08,2025-02-19,12,1
Ellyes Skhiri,Tunisia,MF,,31-032,1.85,23/24,Calf Problems,2024-04-04,2024-04-08,5,1
Ellyes Skhiri,Tunisia,MF,,31-032,1.85,23/24,Back Problems,2024-03-18,2024-03-28,11,2
Ellyes Skhiri,Tunisia,MF,,31-032,1.85,23/24,Back Problems,2024-02-23,2024-03-01,8,1
Ellyes Skhiri,Tunisia,MF,,31-032,1.85,23/24,Hamstring Injury,2023-12-01,2023-12-15,15,4
Ellyes Skhiri,Tunisia,MF,,31-032,1.85,22/23,Broken Cheekbone,2022-10-28,2022-10-31,4,1
Ellyes Skhiri,Tunisia,MF,,31-032,1.85,21/22,Thigh Problems,2022-03-14,2022-03-28,15,2
Ellyes Skhiri,Tunisia,MF,,31-032,1.85,21/22,Ill,2021-12-09,2022-01-13,36,7
Ellyes Skhiri,Tunisia,MF,,31-032,1.85,21/22,Knee Injury,2021-10-11,2021-11-18,39,7
Montassar Talbi,Tunisia,DF,,28-016,1.9,25/26,Calf Injury,2026-04-10,2026-04-27,18,3
Montassar Talbi,Tunisia,DF,,28-016,1.9,24/25,Ankle Sprain,2024-10-26,2024-10-31,6,1
Montassar Talbi,Tunisia,DF,,28-016,1.9,23/24,Shoulder Injury,2024-02-19,2024-04-20,62,9
Montassar Talbi,Tunisia,DF,,28-016,1.9,21/22,Corona Virus,2022-01-25,2022-02-11,18,1
Montassar Talbi,Tunisia,DF,,28-016,1.9,20/21,Unknown Injury,2021-05-08,2021-05-12,5,1
Montassar Talbi,Tunisia,DF,,28-016,1.9,20/21,Corona Virus,2021-01-21,2021-02-01,12,2
Montassar Talbi,Tunisia,DF,,28-016,1.9,20/21,Unknown Injury,2020-12-15,2020-12-20,6,1
Montassar Talbi,Tunisia,DF,,28-016,1.9,20/21,Unknown Injury,2020-09-07,2020-09-12,6,1
Montassar Talbi,Tunisia,DF,,28-016,1.9,18/19,Unknown Injury,2018-12-20,2018-12-24,5,1
Montassar Talbi,Tunisia,DF,,28-016,1.9,18/19,Unknown Injury,2018-11-03,2018-11-06,4,1
Montassar Talbi,Tunisia,DF,,28-016,1.9,18/19,Unknown Injury,2018-09-28,2018-10-22,25,3
Montassar Talbi,Tunisia,DF,,28-016,1.9,17/18,Torn Muscle Fiber,2018-04-08,2018-05-04,27,2
Montassar Talbi,Tunisia,DF,,28-016,1.9,17/18,Torn Muscle Fiber,2018-02-22,2018-03-22,29,4
Sebastian Tounekti,Tunisia,"FW,MF",,23-333,1.82,-,Ninguna,,,0,0
Yan Valery,Tunisia,"DF,MF",,27-109,1.81,24/25,Calf Injury,2025-02-22,2025-03-30,37,7
Yan Valery,Tunisia,"DF,MF",,27-109,1.81,20/21,Knock,2020-10-23,2020-11-05,14,2
Yan Valery,Tunisia,"DF,MF",,27-109,1.81,19/20,Knock,2020-06-29,2020-07-18,20,4
Yan Valery,Tunisia,"DF,MF",,27-109,1.81,19/20,Virus,2019-11-30,2020-02-21,84,15
Yan Valery,Tunisia,"DF,MF",,27-109,1.81,18/19,Knock,2019-04-14,2019-04-22,9,1
Samet Akaydın,Türkiye,DF,,32-090,1.9,25/26,Unknown Injury,2026-05-13,2026-05-16,4,1
Samet Akaydın,Türkiye,DF,,32-090,1.9,25/26,Unknown Injury,2026-02-28,2026-03-05,6,1
Samet Akaydın,Türkiye,DF,,32-090,1.9,25/26,Unknown Injury,2025-09-25,2025-09-29,5,1
Samet Akaydın,Türkiye,DF,,32-090,1.9,24/25,Unknown Injury,2025-04-20,2025-04-30,11,1
Samet Akaydın,Türkiye,DF,,32-090,1.9,24/25,Unknown Injury,2025-01-08,2025-01-25,18,4
Samet Akaydın,Türkiye,DF,,32-090,1.9,24/25,Unknown Injury,2025-01-01,2025-01-07,7,1
Samet Akaydın,Türkiye,DF,,32-090,1.9,24/25,Unknown Injury,2024-07-06,2024-07-26,21,1
Samet Akaydın,Türkiye,DF,,32-090,1.9,23/24,Unknown Injury,2023-08-20,2023-08-29,10,2
Samet Akaydın,Türkiye,DF,,32-090,1.9,21/22,Unknown Injury,2021-09-10,2021-09-12,3,1
Samet Akaydın,Türkiye,DF,,32-090,1.9,20/21,Unknown Injury,2021-02-27,2021-03-14,16,2
Samet Akaydın,Türkiye,DF,,32-090,1.9,20/21,Unknown Injury,2020-11-22,2020-11-26,5,1
Samet Akaydın,Türkiye,DF,,32-090,1.9,15/16,Unknown Injury,2016-02-02,2016-02-08,7,1
Yunus Akgün,Türkiye,MF,,25-339,1.73,25/26,Minor Knock,2026-02-28,2026-03-05,6,2
Yunus Akgün,Türkiye,MF,,25-339,1.73,25/26,Inguinal Hernia,2025-11-01,2025-11-29,29,6
Yunus Akgün,Türkiye,MF,,25-339,1.73,24/25,Meniscus Tear,2025-05-18,2025-06-11,25,3
Yunus Akgün,Türkiye,MF,,25-339,1.73,24/25,Knee Problems,2025-03-19,2025-03-25,7,2
Yunus Akgün,Türkiye,MF,,25-339,1.73,24/25,Knee Injury,2025-01-30,2025-02-22,24,6
Yunus Akgün,Türkiye,MF,,25-339,1.73,23/24,Unknown Injury,2024-06-04,2024-06-06,3,1
Yunus Akgün,Türkiye,MF,,25-339,1.73,23/24,Unknown Injury,2023-10-21,2023-11-23,34,6
Yunus Akgün,Türkiye,MF,,25-339,1.73,22/23,Foot Bruise,2023-05-19,2023-05-21,3,1
Yunus Akgün,Türkiye,MF,,25-339,1.73,22/23,Fitness,2022-12-26,2022-12-30,5,1
Yunus Akgün,Türkiye,MF,,25-339,1.73,22/23,Inner Ligament Stretch Of The Knee,2022-12-06,2022-12-26,21,2
Yunus Akgün,Türkiye,MF,,25-339,1.73,21/22,Unknown Injury,2021-10-06,2021-10-12,7,-
Yunus Akgün,Türkiye,MF,,25-339,1.73,20/21,Knee Injury,2021-03-06,2021-03-10,5,1
Kerem Aktürkoğlu,Türkiye,FW,,27-233,1.72,25/26,Unknown Injury,2026-05-23,2026-06-02,11,1
Kerem Aktürkoğlu,Türkiye,FW,,27-233,1.72,25/26,Unknown Injury,2025-11-15,2025-11-20,6,1
Kerem Aktürkoğlu,Türkiye,FW,,27-233,1.72,25/26,Ankle Sprain,2025-08-04,2025-08-11,8,1
Kerem Aktürkoğlu,Türkiye,FW,,27-233,1.72,23/24,Neck Injury,2023-09-08,2023-09-13,6,1
Kerem Aktürkoğlu,Türkiye,FW,,27-233,1.72,21/22,Groin Strain,2022-04-02,2022-04-08,7,-
Kerem Aktürkoğlu,Türkiye,FW,,27-233,1.72,20/21,Hamstring Strain,2021-03-28,2021-04-09,13,1
Kerem Aktürkoğlu,Türkiye,FW,,27-233,1.72,20/21,Fitness,2020-12-24,2020-12-27,4,1
Kerem Aktürkoğlu,Türkiye,FW,,27-233,1.72,20/21,Corona Virus,2020-12-13,2020-12-24,12,3
Barış Alper Yılmaz,Türkiye,MF,,26-019,1.86,24/25,Rest,2025-05-23,2025-05-31,9,2
Barış Alper Yılmaz,Türkiye,MF,,26-019,1.86,24/25,Inner Ligament Injury,2024-12-08,2024-12-15,8,1
Barış Alper Yılmaz,Türkiye,MF,,26-019,1.86,24/25,Muscle Injury,2024-10-11,2024-10-17,7,1
Barış Alper Yılmaz,Türkiye,MF,,26-019,1.86,21/22,Metacarpal Fracture,2021-09-07,2021-09-27,21,5
Oğuz Aydın,Türkiye,MF,,25-227,1.83,24/25,Torn Thigh Muscle,2024-12-15,2025-01-07,24,2
Oğuz Aydın,Türkiye,MF,,25-227,1.83,21/22,Knee Bruise,2022-01-06,2022-01-15,10,1
Oğuz Aydın,Türkiye,MF,,25-227,1.83,19/20,Unknown Injury,2019-10-14,2019-11-04,22,4
Oğuz Aydın,Türkiye,MF,,25-227,1.83,18/19,Unknown Injury,2018-09-30,2018-10-14,15,2
Kaan Ayhan,Türkiye,"DF,MF",,31-213,1.85,25/26,Fitness,2025-12-16,2025-12-19,4,1
Kaan Ayhan,Türkiye,"DF,MF",,31-213,1.85,25/26,Groin Injury,2025-11-15,2025-12-16,32,6
Kaan Ayhan,Türkiye,"DF,MF",,31-213,1.85,25/26,Fitness,2025-10-09,2025-10-15,7,2
Kaan Ayhan,Türkiye,"DF,MF",,31-213,1.85,25/26,Unknown Injury,2025-10-01,2025-10-09,9,1
Kaan Ayhan,Türkiye,"DF,MF",,31-213,1.85,25/26,Groin Injury,2025-09-06,2025-09-10,5,1
Kaan Ayhan,Türkiye,"DF,MF",,31-213,1.85,24/25,Fitness,2025-04-19,2025-04-23,5,1
Kaan Ayhan,Türkiye,"DF,MF",,31-213,1.85,24/25,Knee Injury,2025-04-10,2025-04-19,10,2
Kaan Ayhan,Türkiye,"DF,MF",,31-213,1.85,24/25,Unknown Injury,2025-03-20,2025-03-25,6,1
Kaan Ayhan,Türkiye,"DF,MF",,31-213,1.85,24/25,Hamstring Strain,2024-11-23,2024-12-14,22,4
Kaan Ayhan,Türkiye,"DF,MF",,31-213,1.85,23/24,Bruise,2024-03-08,2024-03-12,5,-
Kaan Ayhan,Türkiye,"DF,MF",,31-213,1.85,23/24,Unknown Injury,2024-02-15,2024-02-22,8,1
Kaan Ayhan,Türkiye,"DF,MF",,31-213,1.85,23/24,Groin Problems,2024-01-10,2024-01-14,5,1
Kaan Ayhan,Türkiye,"DF,MF",,31-213,1.85,21/22,Unknown Injury,2021-10-31,2021-11-06,7,1
Kaan Ayhan,Türkiye,"DF,MF",,31-213,1.85,21/22,Fever,2021-10-16,2021-10-19,4,1
Kaan Ayhan,Türkiye,"DF,MF",,31-213,1.85,20/21,Quarantine,2021-04-19,2021-04-24,6,1
Abdülkerim Bardakcı,Türkiye,DF,,31-277,1.85,25/26,Rest,2026-03-02,2026-03-04,3,1
Abdülkerim Bardakcı,Türkiye,DF,,31-277,1.85,25/26,Unknown Injury,2025-11-15,2025-11-19,5,1
Abdülkerim Bardakcı,Türkiye,DF,,31-277,1.85,24/25,Unknown Injury,2025-05-18,2025-06-11,25,3
Abdülkerim Bardakcı,Türkiye,DF,,31-277,1.85,24/25,Ankle Injury,2024-12-01,2024-12-10,10,1
Abdülkerim Bardakcı,Türkiye,DF,,31-277,1.85,23/24,Hamstring Strain,2024-03-02,2024-03-15,14,2
Abdülkerim Bardakcı,Türkiye,DF,,31-277,1.85,23/24,Unknown Injury,2024-02-15,2024-02-20,6,1
Abdülkerim Bardakcı,Türkiye,DF,,31-277,1.85,23/24,Partial Muscle Tear,2024-01-21,2024-02-13,24,5
Abdülkerim Bardakcı,Türkiye,DF,,31-277,1.85,23/24,Unknown Injury,2023-11-29,2023-12-07,9,1
Abdülkerim Bardakcı,Türkiye,DF,,31-277,1.85,23/24,Unknown Injury,2023-11-24,2023-11-28,5,1
Abdülkerim Bardakcı,Türkiye,DF,,31-277,1.85,22/23,Calf Strain,2023-04-05,2023-04-12,8,-
Abdülkerim Bardakcı,Türkiye,DF,,31-277,1.85,22/23,Ill,2023-03-17,2023-03-23,7,-
Abdülkerim Bardakcı,Türkiye,DF,,31-277,1.85,21/22,Muscle Injury,2022-05-20,2022-06-15,27,1
Abdülkerim Bardakcı,Türkiye,DF,,31-277,1.85,21/22,Torn Thigh Muscle,2022-03-18,2022-03-30,13,1
Abdülkerim Bardakcı,Türkiye,DF,,31-277,1.85,21/22,Unknown Injury,2021-11-06,2021-11-14,9,1
Altay Bayındır,Türkiye,GK,,28-058,1.98,24/25,Unknown Injury,2025-02-03,2025-03-31,57,11
Altay Bayındır,Türkiye,GK,,28-058,1.98,23/24,Groin Problems,2024-03-15,2024-04-05,22,5
Altay Bayındır,Türkiye,GK,,28-058,1.98,22/23,Hip Problems,2023-04-14,2023-06-20,68,15
Altay Bayındır,Türkiye,GK,,28-058,1.98,22/23,Fitness,2022-12-17,2022-12-21,5,1
Altay Bayındır,Türkiye,GK,,28-058,1.98,22/23,Hip Problems,2022-12-03,2022-12-17,15,-
Altay Bayındır,Türkiye,GK,,28-058,1.98,22/23,Knee Injury,2022-07-27,2022-08-04,9,-
Altay Bayındır,Türkiye,GK,,28-058,1.98,21/22,Shoulder Injury,2021-10-30,2022-02-09,103,20
Altay Bayındır,Türkiye,GK,,28-058,1.98,20/21,Scaphoid Fracture,2021-04-16,2021-05-13,28,6
Altay Bayındır,Türkiye,GK,,28-058,1.98,19/20,Pubalgia,2020-03-12,2020-04-06,26,1
Altay Bayındır,Türkiye,GK,,28-058,1.98,18/19,Cold,2019-05-13,2019-05-21,9,1
Uğurcan Çakır,Türkiye,GK,,30-067,1.91,25/26,Rest,2026-03-02,2026-03-04,3,1
Uğurcan Çakır,Türkiye,GK,,30-067,1.91,25/26,Torn Thigh Muscle,2025-12-09,2025-12-29,21,3
Uğurcan Çakır,Türkiye,GK,,30-067,1.91,24/25,Muscle Injury,2025-05-14,2025-06-11,29,4
Uğurcan Çakır,Türkiye,GK,,30-067,1.91,24/25,Muscle Injury,2025-04-27,2025-05-06,10,1
Uğurcan Çakır,Türkiye,GK,,30-067,1.91,23/24,Hamstring Injury,2024-03-04,2024-03-12,9,1
Uğurcan Çakır,Türkiye,GK,,30-067,1.91,23/24,Knee Bruise,2023-11-21,2023-11-30,10,1
Uğurcan Çakır,Türkiye,GK,,30-067,1.91,22/23,Unknown Injury,2023-05-30,2023-06-07,9,2
Uğurcan Çakır,Türkiye,GK,,30-067,1.91,22/23,Injury To Abdominal Muscles,2022-08-24,2022-09-03,11,2
Uğurcan Çakır,Türkiye,GK,,30-067,1.91,20/21,Corona Virus,2021-02-14,2021-02-25,12,1
Uğurcan Çakır,Türkiye,GK,,30-067,1.91,20/21,Hamstring Strain,2020-09-26,2020-10-03,8,1
Uğurcan Çakır,Türkiye,GK,,30-067,1.91,19/20,Injury To The Ankle,2019-12-28,2020-01-17,21,1
Uğurcan Çakır,Türkiye,GK,,30-067,1.91,18/19,Torn Thigh Muscle,2019-02-02,2019-02-18,17,3
Uğurcan Çakır,Türkiye,GK,,30-067,1.91,15/16,Fitness,2016-02-29,2016-03-07,8,1
Uğurcan Çakır,Türkiye,GK,,30-067,1.91,15/16,Injury To The Ankle,2016-02-18,2016-02-29,12,2
Uğurcan Çakır,Türkiye,GK,,30-067,1.91,15/16,Injury To Abdominal Muscles,2015-10-10,2015-11-08,30,4
Hakan Çalhanoğlu,Türkiye,MF,,32-123,1.78,25/26,Calf Muscle Tear,2026-04-27,2026-05-16,20,1
Hakan Çalhanoğlu,Türkiye,MF,,32-123,1.78,25/26,Adductor Pain,2026-03-07,2026-03-17,11,1
Hakan Çalhanoğlu,Türkiye,MF,,32-123,1.78,25/26,Muscle Fatigue,2026-02-15,2026-02-25,11,3
Hakan Çalhanoğlu,Türkiye,MF,,32-123,1.78,25/26,Calf Problems,2026-01-12,2026-02-10,30,8
Hakan Çalhanoğlu,Türkiye,MF,,32-123,1.78,25/26,Adductor Injury,2025-12-10,2025-12-18,9,1
Hakan Çalhanoğlu,Türkiye,MF,,32-123,1.78,25/26,Wrist Injury,2025-11-15,2025-11-22,8,1
Hakan Çalhanoğlu,Türkiye,MF,,32-123,1.78,24/25,Leg Injury,2025-05-31,2025-07-19,50,6
Hakan Çalhanoğlu,Türkiye,MF,,32-123,1.78,24/25,Calf Problems,2025-01-13,2025-01-30,18,5
Hakan Çalhanoğlu,Türkiye,MF,,32-123,1.78,24/25,Adductor Pain,2025-01-06,2025-01-13,8,1
Hakan Çalhanoğlu,Türkiye,MF,,32-123,1.78,24/25,Groin Injury,2024-11-16,2024-11-25,10,2
Hakan Çalhanoğlu,Türkiye,MF,,32-123,1.78,24/25,Adductor Injury,2024-10-20,2024-11-01,13,3
Hakan Çalhanoğlu,Türkiye,MF,,32-123,1.78,23/24,Adductor Pain,2024-02-24,2024-03-08,14,2
Hakan Çalhanoğlu,Türkiye,MF,,32-123,1.78,23/24,Pneumonia,2023-11-14,2023-11-22,9,2
Hakan Çalhanoğlu,Türkiye,MF,,32-123,1.78,23/24,Muscle Fatigue,2023-09-19,2023-09-23,5,1
Hakan Çalhanoğlu,Türkiye,MF,,32-123,1.78,22/23,Adductor Injury,2023-03-28,2023-04-14,18,4
İrfan Can Kahveci,Türkiye,MF,,30-331,1.8,25/26,Injury To The Ankle,2025-10-11,2025-11-01,22,4
İrfan Can Kahveci,Türkiye,MF,,30-331,1.8,24/25,Unknown Injury,2025-05-12,2025-05-19,8,1
İrfan Can Kahveci,Türkiye,MF,,30-331,1.8,24/25,Influenza,2025-02-04,2025-02-06,3,1
İrfan Can Kahveci,Türkiye,MF,,30-331,1.8,24/25,Torn Thigh Muscle,2024-11-03,2024-11-20,18,4
İrfan Can Kahveci,Türkiye,MF,,30-331,1.8,23/24,Unknown Injury,2024-06-10,2024-06-24,15,2
İrfan Can Kahveci,Türkiye,MF,,30-331,1.8,23/24,Calf Muscle Tear,2024-05-06,2024-05-26,21,2
İrfan Can Kahveci,Türkiye,MF,,30-331,1.8,23/24,Muscle Tear,2024-02-23,2024-03-09,16,4
İrfan Can Kahveci,Türkiye,MF,,30-331,1.8,23/24,Rest,2023-10-04,2023-10-06,3,1
İrfan Can Kahveci,Türkiye,MF,,30-331,1.8,22/23,Strain,2022-07-27,2022-08-16,21,4
İrfan Can Kahveci,Türkiye,MF,,30-331,1.8,21/22,Broken Shoulder,2022-02-05,2022-02-21,17,4
İrfan Can Kahveci,Türkiye,MF,,30-331,1.8,21/22,Fitness,2021-10-16,2021-10-22,7,2
İrfan Can Kahveci,Türkiye,MF,,30-331,1.8,21/22,Hamstring Injury,2021-09-12,2021-10-16,35,8
İrfan Can Kahveci,Türkiye,MF,,30-331,1.8,21/22,Fitness,2021-09-05,2021-09-08,4,1
İrfan Can Kahveci,Türkiye,MF,,30-331,1.8,21/22,Hamstring Injury,2021-08-19,2021-09-05,18,5
İrfan Can Kahveci,Türkiye,MF,,30-331,1.8,20/21,Hamstring Strain,2021-05-11,2021-05-28,18,2
Zeki Çelik,Türkiye,DF,,29-114,1.8,25/26,Muscular Problems,2026-04-26,2026-05-03,8,-
Zeki Çelik,Türkiye,DF,,29-114,1.8,25/26,Unknown Injury,2026-03-20,2026-03-27,8,2
Zeki Çelik,Türkiye,DF,,29-114,1.8,24/25,Hamstring Muscle Injury,2025-03-07,2025-03-31,25,6
Zeki Çelik,Türkiye,DF,,29-114,1.8,24/25,Muscular Problems,2025-03-02,2025-03-05,4,-
Zeki Çelik,Türkiye,DF,,29-114,1.8,24/25,Flu,2025-01-03,2025-01-06,4,1
Zeki Çelik,Türkiye,DF,,29-114,1.8,24/25,Adductor Injury,2024-12-07,2024-12-11,5,-
Zeki Çelik,Türkiye,DF,,29-114,1.8,23/24,Unknown Injury,2024-06-08,2024-06-13,6,1
Zeki Çelik,Türkiye,DF,,29-114,1.8,22/23,Muscular Problems,2023-05-18,2023-05-26,9,1
Zeki Çelik,Türkiye,DF,,29-114,1.8,22/23,Inner Ligament Injury,2022-10-06,2022-10-29,24,5
Zeki Çelik,Türkiye,DF,,29-114,1.8,20/21,Corona Virus,2021-03-25,2021-04-08,15,3
Zeki Çelik,Türkiye,DF,,29-114,1.8,20/21,Injury To The Ankle,2020-11-12,2020-12-14,33,7
Merih Demiral,Türkiye,DF,,28-098,1.9,25/26,Unknown Injury,2026-04-29,2026-05-07,9,2
Merih Demiral,Türkiye,DF,,28-098,1.9,25/26,Unknown Injury,2026-02-26,2026-04-15,49,8
Merih Demiral,Türkiye,DF,,28-098,1.9,25/26,Unknown Injury,2026-01-20,2026-02-24,36,9
Merih Demiral,Türkiye,DF,,28-098,1.9,25/26,Flu,2025-09-19,2025-09-30,12,2
Merih Demiral,Türkiye,DF,,28-098,1.9,24/25,Muscle Injury,2025-03-15,2025-03-31,17,2
Merih Demiral,Türkiye,DF,,28-098,1.9,24/25,Unknown Injury,2024-10-21,2024-11-05,16,3
Merih Demiral,Türkiye,DF,,28-098,1.9,23/24,Unknown Injury,2024-01-01,2024-02-18,49,1
Merih Demiral,Türkiye,DF,,28-098,1.9,23/24,Meniscus Injury,2023-09-28,2023-12-11,75,14
Merih Demiral,Türkiye,DF,,28-098,1.9,22/23,Inflammation In The Knee,2022-12-07,2023-01-07,32,1
Merih Demiral,Türkiye,DF,,28-098,1.9,22/23,Knee Problems,2022-09-18,2022-09-30,13,2
Merih Demiral,Türkiye,DF,,28-098,1.9,22/23,Knee Problems,2022-07-29,2022-08-20,23,1
Merih Demiral,Türkiye,DF,,28-098,1.9,21/22,Muscular Problems,2022-04-02,2022-04-06,5,1
Merih Demiral,Türkiye,DF,,28-098,1.9,21/22,Muscular Problems,2021-10-21,2021-10-28,8,2
Merih Demiral,Türkiye,DF,,28-098,1.9,21/22,Minor Knock,2021-09-16,2021-09-20,5,-
Merih Demiral,Türkiye,DF,,28-098,1.9,20/21,Muscle Fatigue,2021-04-22,2021-05-06,15,2
Eren Elmalı,Türkiye,DF,,25-339,1.81,25/26,Foot Injury,2025-09-18,2025-09-24,7,1
Eren Elmalı,Türkiye,DF,,25-339,1.81,24/25,Rest,2025-01-07,2025-01-09,3,1
Eren Elmalı,Türkiye,DF,,25-339,1.81,24/25,Unknown Injury,2024-09-04,2024-09-07,4,1
Eren Elmalı,Türkiye,DF,,25-339,1.81,23/24,Muscle Injury,2023-08-26,2023-09-08,14,1
Eren Elmalı,Türkiye,DF,,25-339,1.81,21/22,Muscular Problems,2022-05-07,2022-05-19,13,1
Eren Elmalı,Türkiye,DF,,25-339,1.81,21/22,Calf Problems,2022-03-10,2022-03-30,21,1
Eren Elmalı,Türkiye,DF,,25-339,1.81,20/21,Corona Virus,2020-11-20,2020-12-05,16,4
Deniz Gül,Türkiye,FW,,21-344,1.92,24/25,Hip Injury,2024-11-13,2024-12-01,19,2
Arda Güler,Türkiye,MF,,21-106,1.75,25/26,Fitness,2026-05-12,2026-05-18,7,2
Arda Güler,Türkiye,MF,,21-106,1.75,25/26,Muscle Injury,2026-04-23,2026-05-12,20,3
Arda Güler,Türkiye,MF,,21-106,1.75,23/24,Muscle Injury,2023-11-08,2023-12-31,54,10
Arda Güler,Türkiye,MF,,21-106,1.75,23/24,Muscle Injury,2023-09-26,2023-10-29,34,9
Arda Güler,Türkiye,MF,,21-106,1.75,23/24,Meniscus Damage,2023-07-29,2023-09-26,60,9
Arda Güler,Türkiye,MF,,21-106,1.75,22/23,Fitness,2022-12-17,2022-12-25,9,2
Arda Güler,Türkiye,MF,,21-106,1.75,22/23,Knee Injury,2022-11-19,2022-12-17,29,-
Arda Güler,Türkiye,MF,,21-106,1.75,22/23,Stomach Flu,2022-09-26,2022-09-30,5,-
Arda Güler,Türkiye,MF,,21-106,1.75,21/22,Stress Reaction Of The Bone,2022-05-05,2022-06-23,50,3
Arda Güler,Türkiye,MF,,21-106,1.75,21/22,Laceration Wound,2021-12-22,2022-02-01,42,7
Mert Günok,Türkiye,GK,,37-102,1.96,25/26,Unknown Injury,2025-08-20,2025-08-26,7,1
Mert Günok,Türkiye,GK,,37-102,1.96,24/25,Unknown Injury,2025-03-15,2025-03-27,13,2
Mert Günok,Türkiye,GK,,37-102,1.96,24/25,Shoulder Injury,2024-10-20,2024-11-02,14,2
Mert Günok,Türkiye,GK,,37-102,1.96,24/25,Unknown Injury,2024-10-06,2024-10-15,10,2
Mert Günok,Türkiye,GK,,37-102,1.96,24/25,Shoulder Injury,2024-09-30,2024-10-05,6,1
Mert Günok,Türkiye,GK,,37-102,1.96,23/24,Knee Injury,2024-06-21,2024-06-26,6,1
Mert Günok,Türkiye,GK,,37-102,1.96,23/24,Foot Injury,2024-04-13,2024-04-21,9,1
Mert Günok,Türkiye,GK,,37-102,1.96,23/24,Chest Injury,2024-04-04,2024-04-11,8,-
Mert Günok,Türkiye,GK,,37-102,1.96,23/24,Knee Problems,2023-12-12,2023-12-16,5,1
Mert Günok,Türkiye,GK,,37-102,1.96,23/24,Knee Injury,2023-09-27,2023-10-18,22,5
Mert Günok,Türkiye,GK,,37-102,1.96,21/22,Fitness,2022-06-15,2022-08-10,57,1
Mert Günok,Türkiye,GK,,37-102,1.96,21/22,Cruciate Ligament Tear,2021-11-27,2022-06-15,201,35
Mert Günok,Türkiye,GK,,37-102,1.96,20/21,Corona Virus,2021-04-02,2021-04-13,12,2
Mert Günok,Türkiye,GK,,37-102,1.96,20/21,Fitness,2021-01-12,2021-01-17,6,2
Mert Günok,Türkiye,GK,,37-102,1.96,20/21,Unknown Injury,2020-12-22,2021-01-12,22,5
Ozan Kabak,Türkiye,DF,,26-078,1.87,25/26,Fitness,2025-09-01,2025-10-06,36,6
Ozan Kabak,Türkiye,DF,,26-078,1.87,23/24,Cruciate Ligament Tear,2024-06-05,2025-08-25,447,63
Ozan Kabak,Türkiye,DF,,26-078,1.87,23/24,Shoulder Injury,2023-10-07,2023-10-30,24,4
Ozan Kabak,Türkiye,DF,,26-078,1.87,23/24,Ill,2023-09-01,2023-09-03,3,1
Ozan Kabak,Türkiye,DF,,26-078,1.87,21/22,Hamstring Injury,2022-03-30,2022-05-23,55,9
Ozan Kabak,Türkiye,DF,,26-078,1.87,21/22,Influenza,2021-11-04,2021-11-29,26,5
Ozan Kabak,Türkiye,DF,,26-078,1.87,20/21,Muscle Injury,2021-05-03,2021-05-27,25,5
Ozan Kabak,Türkiye,DF,,26-078,1.87,20/21,Groin Problems,2020-11-30,2020-12-03,4,-
Ozan Kabak,Türkiye,DF,,26-078,1.87,19/20,Vertebral Injury,2020-03-02,2020-05-21,81,3
Ozan Kabak,Türkiye,DF,,26-078,1.87,19/20,Bruise,2020-02-10,2020-02-13,4,-
Ozan Kabak,Türkiye,DF,,26-078,1.87,19/20,Ill,2020-01-27,2020-01-30,4,-
Ozan Kabak,Türkiye,DF,,26-078,1.87,19/20,Back Problems,2020-01-23,2020-01-23,1,-
Ozan Kabak,Türkiye,DF,,26-078,1.87,19/20,Foot Injury,2019-07-04,2019-08-26,54,3
Ozan Kabak,Türkiye,DF,,26-078,1.87,18/19,Broken Nose Bone,2019-05-27,2019-06-13,18,4
Ozan Kabak,Türkiye,DF,,26-078,1.87,18/19,Minor Knock,2018-11-12,2018-11-22,11,-
Ferdi Kadioglu,Türkiye,DF,,26-247,1.74,25/26,Unknown Injury,2026-05-24,2026-06-08,16,2
Ferdi Kadioglu,Türkiye,DF,,26-247,1.74,24/25,Toe Joint Capsular Tear,2024-11-02,2025-06-25,236,38
Ferdi Kadioglu,Türkiye,DF,,26-247,1.74,24/25,Unknown Injury,2024-08-30,2024-09-10,12,3
Ferdi Kadioglu,Türkiye,DF,,26-247,1.74,24/25,Hamstring Strain,2024-08-12,2024-08-16,5,1
Ferdi Kadioglu,Türkiye,DF,,26-247,1.74,23/24,Minor Knock,2024-06-02,2024-06-05,4,1
Ferdi Kadioglu,Türkiye,DF,,26-247,1.74,23/24,Calf Injury,2024-03-17,2024-03-31,15,2
Ferdi Kadioglu,Türkiye,DF,,26-247,1.74,23/24,Bruise,2023-11-26,2023-12-02,7,1
Ferdi Kadioglu,Türkiye,DF,,26-247,1.74,23/24,Rest,2023-09-20,2023-09-22,3,1
Ferdi Kadioglu,Türkiye,DF,,26-247,1.74,23/24,Torn Thigh Muscle,2023-08-24,2023-09-10,18,3
Ferdi Kadioglu,Türkiye,DF,,26-247,1.74,22/23,Hamstring Injury,2022-11-16,2022-11-25,10,1
Ferdi Kadioglu,Türkiye,DF,,26-247,1.74,22/23,Stomach Flu,2022-10-08,2022-10-10,3,1
Ferdi Kadioglu,Türkiye,DF,,26-247,1.74,22/23,Groin Strain,2022-07-27,2022-08-04,9,-
Ferdi Kadioglu,Türkiye,DF,,26-247,1.74,21/22,Hamstring Strain,2022-02-24,2022-03-27,32,4
Ferdi Kadioglu,Türkiye,DF,,26-247,1.74,21/22,Corona Virus,2022-01-21,2022-01-26,6,1
Ferdi Kadioglu,Türkiye,DF,,26-247,1.74,21/22,Hamstring Strain,2021-12-16,2022-01-02,18,4
Orkun Kökçü,Türkiye,MF,,25-164,1.75,23/24,Foot Injury,2023-10-27,2023-11-20,25,6
Orkun Kökçü,Türkiye,MF,,25-164,1.75,23/24,Unknown Injury,2023-10-06,2023-10-21,16,3
Orkun Kökçü,Türkiye,MF,,25-164,1.75,22/23,Unknown Injury,2022-09-22,2022-09-28,7,1
Orkun Kökçü,Türkiye,MF,,25-164,1.75,22/23,Ankle Injury,2022-07-26,2022-08-12,18,1
Orkun Kökçü,Türkiye,MF,,25-164,1.75,22/23,Bruise,2022-07-12,2022-07-18,7,-
Orkun Kökçü,Türkiye,MF,,25-164,1.75,22/23,Ill,2022-07-06,2022-07-11,6,-
Orkun Kökçü,Türkiye,MF,,25-164,1.75,21/22,Calf Injury,2021-12-05,2021-12-11,7,1
Orkun Kökçü,Türkiye,MF,,25-164,1.75,20/21,Corona Virus,2021-04-03,2021-04-15,13,2
Orkun Kökçü,Türkiye,MF,,25-164,1.75,20/21,Ankle Injury,2021-01-22,2021-02-08,18,3
Orkun Kökçü,Türkiye,MF,,25-164,1.75,20/21,Ankle Injury,2020-12-17,2021-01-15,30,4
Orkun Kökçü,Türkiye,MF,,25-164,1.75,20/21,Bruise On Ankle,2020-11-11,2020-11-19,9,2
Orkun Kökçü,Türkiye,MF,,25-164,1.75,19/20,Minor Knock,2020-01-31,2020-02-02,3,1
Mert Müldür,Türkiye,DF,,27-069,1.84,25/26,Shoulder Injury,2025-08-12,2025-08-19,8,1
Mert Müldür,Türkiye,DF,,27-069,1.84,24/25,Unknown Injury,2025-04-20,2025-05-02,13,1
Mert Müldür,Türkiye,DF,,27-069,1.84,24/25,Shoulder Injury,2025-01-22,2025-02-11,21,6
Mert Müldür,Türkiye,DF,,27-069,1.84,22/23,Fitness,2023-02-24,2023-05-07,73,12
Mert Müldür,Türkiye,DF,,27-069,1.84,22/23,Fitness,2023-01-14,2023-02-13,31,4
Mert Müldür,Türkiye,DF,,27-069,1.84,22/23,Broken Ankle,2022-08-15,2023-01-13,152,20
Mert Müldür,Türkiye,DF,,27-069,1.84,20/21,Quarantine,2021-04-01,2021-04-08,8,2
Salih Özcan,Türkiye,MF,,28-151,1.82,25/26,Achilles Tendon Problems,2025-12-13,2025-12-18,6,1
Salih Özcan,Türkiye,MF,,28-151,1.82,24/25,Knee Injury,2025-06-04,2025-07-15,42,7
Salih Özcan,Türkiye,MF,,28-151,1.82,23/24,Fever,2024-02-08,2024-02-12,5,1
Salih Özcan,Türkiye,MF,,28-151,1.82,23/24,Ill,2023-12-01,2023-12-03,3,-
Salih Özcan,Türkiye,MF,,28-151,1.82,22/23,Stomach Flu,2023-03-16,2023-03-20,5,1
Salih Özcan,Türkiye,MF,,28-151,1.82,22/23,Bone Edema,2022-09-19,2022-09-29,11,2
Salih Özcan,Türkiye,MF,,28-151,1.82,22/23,Fitness,2022-07-25,2022-08-08,15,2
Salih Özcan,Türkiye,MF,,28-151,1.82,22/23,Foot Injury,2022-07-18,2022-07-25,8,-
Salih Özcan,Türkiye,MF,,28-151,1.82,21/22,Corona Virus,2022-04-04,2022-04-07,4,-
Salih Özcan,Türkiye,MF,,28-151,1.82,18/19,Fitness,2019-02-07,2019-02-18,12,2
Salih Özcan,Türkiye,MF,,28-151,1.82,18/19,Strain In The Thigh And Gluteal Muscles,2019-01-31,2019-02-07,8,1
Salih Özcan,Türkiye,MF,,28-151,1.82,17/18,Infection,2017-07-03,2017-07-10,8,-
Çağlar Söyüncü,Türkiye,DF,,30-019,1.85,25/26,Partial Muscle Tear,2026-02-23,2026-03-22,28,6
Çağlar Söyüncü,Türkiye,DF,,30-019,1.85,25/26,Inner Ligament Stretch Of The Knee,2025-11-18,2025-12-18,31,6
Çağlar Söyüncü,Türkiye,DF,,30-019,1.85,24/25,Hamstring Injury,2025-03-06,2025-03-30,25,5
Çağlar Söyüncü,Türkiye,DF,,30-019,1.85,24/25,Hamstring Injury,2025-02-09,2025-02-22,14,3
Çağlar Söyüncü,Türkiye,DF,,30-019,1.85,24/25,Fitness,2024-12-04,2024-12-08,5,1
Çağlar Söyüncü,Türkiye,DF,,30-019,1.85,24/25,Inner Ligament Stretch Of The Knee,2024-11-10,2024-12-04,25,5
Çağlar Söyüncü,Türkiye,DF,,30-019,1.85,24/25,Bruise,2024-09-29,2024-10-15,17,3
Çağlar Söyüncü,Türkiye,DF,,30-019,1.85,24/25,Influenza,2024-09-08,2024-09-12,5,1
Çağlar Söyüncü,Türkiye,DF,,30-019,1.85,23/24,Torn Thigh Muscle,2024-05-26,2024-07-07,43,7
Çağlar Söyüncü,Türkiye,DF,,30-019,1.85,23/24,Torn Thigh Muscle,2024-03-07,2024-04-01,26,5
Çağlar Söyüncü,Türkiye,DF,,30-019,1.85,23/24,Groin Problems,2023-09-12,2023-10-20,39,9
Çağlar Söyüncü,Türkiye,DF,,30-019,1.85,22/23,Muscle Injury,2023-05-08,2023-06-20,44,5
Çağlar Söyüncü,Türkiye,DF,,30-019,1.85,22/23,Knee Bruise,2022-09-22,2022-10-28,37,4
Çağlar Söyüncü,Türkiye,DF,,30-019,1.85,21/22,Hamstring Injury,2021-12-22,2022-01-14,24,3
Çağlar Söyüncü,Türkiye,DF,,30-019,1.85,20/21,Corona Virus,2021-04-02,2021-04-15,14,2
Can Uzun,Türkiye,MF,,20-212,1.86,25/26,Fitness,2026-03-06,2026-03-16,11,2
Can Uzun,Türkiye,MF,,20-212,1.86,25/26,Hamstring Injury,2026-01-25,2026-03-06,41,6
Can Uzun,Türkiye,MF,,20-212,1.86,25/26,Foot Injury,2026-01-12,2026-01-14,3,1
Can Uzun,Türkiye,MF,,20-212,1.86,25/26,Muscle Injury,2025-11-02,2025-12-04,33,7
Can Uzun,Türkiye,MF,,20-212,1.86,24/25,Infection,2025-03-30,2025-04-07,9,1
Can Uzun,Türkiye,MF,,20-212,1.86,23/24,Ill,2024-02-06,2024-02-14,9,1
Can Uzun,Türkiye,MF,,20-212,1.86,23/24,Groin Strain,2023-12-02,2024-01-05,35,3
Can Uzun,Türkiye,MF,,20-212,1.86,23/24,Unknown Injury,2023-09-03,2023-09-13,11,-
Can Uzun,Türkiye,MF,,20-212,1.86,23/24,Capsular Injury,2023-08-20,2023-08-24,5,-
Kenan Yıldız,Türkiye,"FW,MF",,21-038,1.87,25/26,Calf Injury,2026-05-22,2026-06-12,22,2
Kenan Yıldız,Türkiye,"FW,MF",,21-038,1.87,25/26,Muscle Fatigue,2026-02-02,2026-02-04,3,-
Kenan Yıldız,Türkiye,"FW,MF",,21-038,1.87,25/26,Knee Problems,2025-10-31,2025-11-03,4,1
Kenan Yıldız,Türkiye,"FW,MF",,21-038,1.87,24/25,Muscle Fatigue,2025-01-18,2025-01-20,3,-
Kenan Yıldız,Türkiye,"FW,MF",,21-038,1.87,23/24,Stomach Flu,2024-05-02,2024-05-06,5,1
Kenan Yıldız,Türkiye,"FW,MF",,21-038,1.87,21/22,Ligament Stretching,2022-04-04,2022-06-30,88,3
Kenan Yıldız,Türkiye,"FW,MF",,21-038,1.87,21/22,Muscular Problems,2022-03-02,2022-03-10,9,1
İsmail Yüksek,Türkiye,MF,,27-136,1.83,25/26,Rest,2026-04-10,2026-04-12,3,1
İsmail Yüksek,Türkiye,MF,,27-136,1.83,25/26,Fitness,2025-08-01,2025-08-07,7,1
İsmail Yüksek,Türkiye,MF,,27-136,1.83,25/26,Unknown Injury,2025-07-16,2025-08-01,17,-
İsmail Yüksek,Türkiye,MF,,27-136,1.83,24/25,Minor Knock,2025-04-05,2025-04-07,3,1
İsmail Yüksek,Türkiye,MF,,27-136,1.83,24/25,Unknown Injury,2025-03-12,2025-03-15,4,1
İsmail Yüksek,Türkiye,MF,,27-136,1.83,24/25,Fitness,2025-02-28,2025-03-07,8,2
İsmail Yüksek,Türkiye,MF,,27-136,1.83,24/25,Torn Thigh Muscle,2025-02-09,2025-02-28,20,5
İsmail Yüksek,Türkiye,MF,,27-136,1.83,24/25,Fitness,2025-01-24,2025-01-27,4,1
İsmail Yüksek,Türkiye,MF,,27-136,1.83,24/25,Partial Muscle Tear,2025-01-02,2025-01-24,23,5
İsmail Yüksek,Türkiye,MF,,27-136,1.83,24/25,Shoulder Injury,2024-10-03,2024-10-21,19,3
İsmail Yüksek,Türkiye,MF,,27-136,1.83,23/24,Torn Ankle Ligaments,2024-04-27,2024-06-01,36,4
İsmail Yüksek,Türkiye,MF,,27-136,1.83,23/24,Hamstring Injury,2024-04-02,2024-04-08,7,2
İsmail Yüksek,Türkiye,MF,,27-136,1.83,22/23,Torn Thigh Muscle,2023-04-29,2023-05-06,8,1
İsmail Yüksek,Türkiye,MF,,27-136,1.83,22/23,Bruise,2022-10-25,2022-10-28,4,1
İsmail Yüksek,Türkiye,MF,,27-136,1.83,22/23,Fitness,2022-08-31,2022-09-04,5,1
Brenden Aaronson,United States,"FW,MF",,25-232,1.77,23/24,Ill,2023-11-24,2023-11-27,4,1
Brenden Aaronson,United States,"FW,MF",,25-232,1.77,21/22,Knee Problems,2022-03-19,2022-04-23,36,7
Tyler Adams,United States,MF,,27-117,1.75,25/26,Hamstring Injury,2026-03-13,2026-04-01,20,4
Tyler Adams,United States,MF,,27-117,1.75,25/26,Knee Medial Ligament Tear,2025-12-15,2026-02-16,64,10
Tyler Adams,United States,MF,,27-117,1.75,24/25,Muscle Injury,2024-12-27,2024-12-30,4,1
Tyler Adams,United States,MF,,27-117,1.75,24/25,Muscle Fatigue,2024-12-06,2024-12-09,4,1
Tyler Adams,United States,MF,,27-117,1.75,24/25,Back Injury,2024-07-15,2024-10-07,85,10
Tyler Adams,United States,MF,,27-117,1.75,23/24,Back Injury,2024-04-05,2024-05-05,31,6
Tyler Adams,United States,MF,,27-117,1.75,23/24,Hamstring Injury,2023-09-28,2024-03-04,159,29
Tyler Adams,United States,MF,,27-117,1.75,22/23,Hamstring Injury,2023-03-15,2023-06-07,85,15
Tyler Adams,United States,MF,,27-117,1.75,21/22,Thigh Problems,2022-04-01,2022-04-08,8,2
Tyler Adams,United States,MF,,27-117,1.75,21/22,Muscular Problems,2021-09-24,2021-09-30,7,1
Tyler Adams,United States,MF,,27-117,1.75,20/21,Back Problems,2021-05-03,2021-05-31,29,5
Tyler Adams,United States,MF,,27-117,1.75,20/21,Inner Ligament Injury,2020-10-24,2020-10-25,2,1
Tyler Adams,United States,MF,,27-117,1.75,19/20,Torn Muscle Fiber,2020-02-12,2020-02-24,13,3
Tyler Adams,United States,MF,,27-117,1.75,19/20,Adductor Pain,2019-12-10,2019-12-20,11,3
Tyler Adams,United States,MF,,27-117,1.75,19/20,Fitness,2019-09-12,2019-10-19,38,8
Max Arfsten,United States,MF,,25-053,1.85,-,Ninguna,,,0,0
Folarin Balogun,United States,FW,,24-343,1.79,25/26,Dead Leg,2025-12-03,2025-12-06,4,1
Folarin Balogun,United States,FW,,24-343,1.79,25/26,Calf Injury,2025-08-14,2025-08-22,9,1
Folarin Balogun,United States,FW,,24-343,1.79,24/25,Injury To The Ankle,2025-05-10,2025-06-30,52,8
Folarin Balogun,United States,FW,,24-343,1.79,24/25,Shoulder Injury,2024-12-02,2025-03-24,113,25
Folarin Balogun,United States,FW,,24-343,1.79,24/25,Shoulder Injury,2024-10-06,2024-11-23,49,11
Folarin Balogun,United States,FW,,24-343,1.79,23/24,Shoulder Injury,2024-01-21,2024-02-05,16,2
Folarin Balogun,United States,FW,,24-343,1.79,23/24,Injury To The Ankle,2023-07-27,2023-08-27,32,4
Folarin Balogun,United States,FW,,24-343,1.79,22/23,Hamstring Injury,2022-12-31,2023-01-10,11,2
Sebastian Berhalter,United States,MF,,25-032,1.75,21/22,Broken Foot,2022-06-16,2022-08-04,50,10
Chris Brady,United States,GK,,22-100,1.93,22/23,Head Injury,2023-06-02,2023-06-15,14,3
Chris Brady,United States,GK,,22-100,1.93,22/23,Hamstring Injury,2023-02-20,2023-03-10,19,1
Sergiño Dest,United States,MF,,25-220,1.73,25/26,Hamstring Injury,2026-03-08,2026-04-25,49,7
Sergiño Dest,United States,MF,,25-220,1.73,25/26,Minor Knock,2026-01-15,2026-01-22,8,2
Sergiño Dest,United States,MF,,25-220,1.73,24/25,Cruciate Ligament Tear,2024-07-01,2025-03-01,244,47
Sergiño Dest,United States,MF,,25-220,1.73,23/24,Cruciate Ligament Tear,2024-04-20,2024-06-30,72,8
Sergiño Dest,United States,MF,,25-220,1.73,23/24,Unknown Injury,2023-09-25,2023-09-28,4,1
Sergiño Dest,United States,MF,,25-220,1.73,22/23,Fitness,2023-03-15,2023-03-21,7,1
Sergiño Dest,United States,MF,,25-220,1.73,22/23,Calf Problems,2023-02-10,2023-02-27,18,3
Sergiño Dest,United States,MF,,25-220,1.73,22/23,Muscular Problems,2023-01-28,2023-02-06,10,3
Sergiño Dest,United States,MF,,25-220,1.73,22/23,Unknown Injury,2022-11-04,2022-11-10,7,2
Sergiño Dest,United States,MF,,25-220,1.73,22/23,Muscle Fatigue,2022-10-22,2022-10-26,5,1
Sergiño Dest,United States,MF,,25-220,1.73,21/22,Muscle Injury,2022-04-25,2022-05-25,31,5
Sergiño Dest,United States,MF,,25-220,1.73,21/22,Hamstring Muscle Injury,2022-03-18,2022-04-13,27,7
Sergiño Dest,United States,MF,,25-220,1.73,21/22,Corona Virus,2021-12-30,2022-01-07,9,2
Sergiño Dest,United States,MF,,25-220,1.73,21/22,Adductor Pain,2021-12-17,2021-12-28,12,3
Sergiño Dest,United States,MF,,25-220,1.73,21/22,Lumbago,2021-11-02,2021-11-22,21,4
Alex Freeman,United States,DF,,21-306,1.88,-,Ninguna,,,0,0
Matt Freese,United States,GK,,27-282,1.98,19/20,Hamstring Injury,2019-07-20,2019-09-13,56,14
Matt Freese,United States,GK,,27-282,1.98,18/19,Injury To Abdominal Muscles,2019-05-03,2019-05-31,29,9
Weston McKennie,United States,MF,,27-287,1.8,25/26,Muscle Fatigue,2025-12-21,2025-12-26,6,-
Weston McKennie,United States,MF,,27-287,1.8,24/25,Muscle Fatigue,2025-01-18,2025-01-20,3,1
Weston McKennie,United States,MF,,27-287,1.8,24/25,Muscle Fatigue,2024-11-24,2024-12-09,16,3
Weston McKennie,United States,MF,,27-287,1.8,24/25,Muscle Fatigue,2024-10-14,2024-10-20,7,2
Weston McKennie,United States,MF,,27-287,1.8,23/24,Shoulder Injury,2024-02-25,2024-03-10,15,1
Weston McKennie,United States,MF,,27-287,1.8,23/24,Unknown Injury,2023-12-30,2024-01-03,5,-
Weston McKennie,United States,MF,,27-287,1.8,22/23,Muscle Injury,2022-10-30,2022-11-14,16,4
Weston McKennie,United States,MF,,27-287,1.8,22/23,Shoulder Injury,2022-07-31,2022-08-13,14,-
Weston McKennie,United States,MF,,27-287,1.8,21/22,Metatarsal Fracture,2022-02-23,2022-05-21,88,18
Weston McKennie,United States,MF,,27-287,1.8,21/22,Knee Problems,2021-11-27,2021-12-13,17,4
Weston McKennie,United States,MF,,27-287,1.8,20/21,Corona Virus,2020-10-14,2020-10-24,11,2
Weston McKennie,United States,MF,,27-287,1.8,19/20,Shoulder Injury,2019-12-16,2020-01-19,35,3
Weston McKennie,United States,MF,,27-287,1.8,19/20,Muscular Problems,2019-10-17,2019-10-28,12,2
Weston McKennie,United States,MF,,27-287,1.8,18/19,Capsular Injury,2019-03-23,2019-04-19,28,5
Weston McKennie,United States,MF,,27-287,1.8,18/19,Muscle Injury,2019-02-21,2019-03-03,11,2
Mark McKenzie,United States,DF,,27-106,1.86,25/26,Toe Injury,2026-01-16,2026-01-23,8,1
Mark McKenzie,United States,DF,,27-106,1.86,25/26,Knock,2025-11-01,2025-11-08,8,1
Mark McKenzie,United States,DF,,27-106,1.86,24/25,Minor Knock,2024-09-21,2024-09-28,8,1
Mark McKenzie,United States,DF,,27-106,1.86,23/24,Toe Injury,2023-09-21,2023-10-03,13,3
Mark McKenzie,United States,DF,,27-106,1.86,20/21,Foot Injury,2021-04-16,2021-04-22,7,1
Mark McKenzie,United States,DF,,27-106,1.86,18/19,Concussion,2019-03-08,2019-03-14,7,1
Mark McKenzie,United States,DF,,27-106,1.86,18/19,Knee Injury,2018-08-01,2018-08-24,24,10
Ricardo Pepi,United States,FW,,23-153,1.85,25/26,Forearm Fracture,2026-01-11,2026-02-20,41,9
Ricardo Pepi,United States,FW,,23-153,1.85,25/26,Knee Injury,2025-08-08,2025-08-22,15,2
Ricardo Pepi,United States,FW,,23-153,1.85,24/25,Knee Injury,2025-01-29,2025-07-01,154,28
Ricardo Pepi,United States,FW,,23-153,1.85,23/24,Unknown Injury,2024-04-04,2024-04-24,21,2
Ricardo Pepi,United States,FW,,23-153,1.85,23/24,Unknown Injury,2024-02-01,2024-02-07,7,1
Ricardo Pepi,United States,FW,,23-153,1.85,21/22,Fitness,2022-02-04,2022-02-06,3,1
Christian Pulisic,United States,MF,,27-266,1.77,25/26,Strain In The Thigh And Gluteal Muscles,2026-05-09,2026-05-16,8,1
Christian Pulisic,United States,MF,,27-266,1.77,25/26,Bursitis,2026-01-26,2026-02-11,17,1
Christian Pulisic,United States,MF,,27-266,1.77,25/26,Muscular Problems,2025-11-26,2025-12-03,8,1
Christian Pulisic,United States,MF,,27-266,1.77,25/26,Hamstring Muscle Injury,2025-10-15,2025-11-06,23,4
Christian Pulisic,United States,MF,,27-266,1.77,24/25,Muscle Fatigue,2025-01-14,2025-01-21,8,2
Christian Pulisic,United States,MF,,27-266,1.77,24/25,Calf Problems,2024-12-06,2025-01-01,27,4
Christian Pulisic,United States,MF,,27-266,1.77,23/24,Contracture,2023-11-07,2023-11-20,14,2
Christian Pulisic,United States,MF,,27-266,1.77,23/24,Thigh Problems,2023-10-29,2023-11-07,10,1
Christian Pulisic,United States,MF,,27-266,1.77,22/23,Knee Problems,2023-01-05,2023-03-05,60,12
Christian Pulisic,United States,MF,,27-266,1.77,21/22,Ill,2022-03-06,2022-03-13,8,1
Christian Pulisic,United States,MF,,27-266,1.77,21/22,Ankle Injury,2021-09-09,2021-10-31,53,15
Christian Pulisic,United States,MF,,27-266,1.77,21/22,Corona Virus,2021-08-18,2021-08-30,13,2
Christian Pulisic,United States,MF,,27-266,1.77,20/21,Muscle Injury,2020-11-03,2020-11-27,25,6
Christian Pulisic,United States,MF,,27-266,1.77,20/21,Quarantine,2020-10-31,2020-11-03,4,1
Christian Pulisic,United States,MF,,27-266,1.77,20/21,Hamstring Injury,2020-08-02,2020-10-04,64,6
Tim Ream,United States,DF,,38-249,1.86,25/26,Groin Injury,2026-04-20,2026-05-07,18,4
Tim Ream,United States,DF,,38-249,1.86,24/25,Thigh Problems,2025-05-19,2025-05-30,12,2
Tim Ream,United States,DF,,38-249,1.86,23/24,Calf Injury,2023-12-06,2024-01-09,35,7
Tim Ream,United States,DF,,38-249,1.86,22/23,Broken Arm,2023-04-30,2023-05-29,30,5
Tim Ream,United States,DF,,38-249,1.86,21/22,Back Injury,2021-08-21,2021-08-28,8,1
Tim Ream,United States,DF,,38-249,1.86,18/19,Back Injury,2018-08-04,2018-09-24,52,9
Tim Ream,United States,DF,,38-249,1.86,17/18,Unknown Injury,2017-11-21,2017-12-03,13,2
Gio Reyna,United States,MF,,23-210,1.87,25/26,Muscular Problems,2026-01-24,2026-02-25,33,5
Gio Reyna,United States,MF,,23-210,1.87,25/26,Thigh Problems,2025-09-22,2025-10-13,22,3
Gio Reyna,United States,MF,,23-210,1.87,25/26,Fitness,2025-08-18,2025-09-01,15,2
Gio Reyna,United States,MF,,23-210,1.87,24/25,Groin Strain,2024-09-05,2024-11-20,77,19
Gio Reyna,United States,MF,,23-210,1.87,23/24,Ill,2023-12-05,2023-12-07,3,1
Gio Reyna,United States,MF,,23-210,1.87,22/23,Fissure Of The Fibula,2023-06-20,2023-09-17,90,12
Gio Reyna,United States,MF,,23-210,1.87,22/23,Cold,2023-03-29,2023-04-02,5,1
Gio Reyna,United States,MF,,23-210,1.87,22/23,Strain,2022-09-29,2022-10-09,11,3
Gio Reyna,United States,MF,,23-210,1.87,22/23,Muscular Problems,2022-08-22,2022-08-29,8,1
Gio Reyna,United States,MF,,23-210,1.87,22/23,Muscular Problems,2022-08-08,2022-08-15,8,1
Gio Reyna,United States,MF,,23-210,1.87,22/23,Fitness,2022-07-04,2022-08-01,29,1
Gio Reyna,United States,MF,,23-210,1.87,21/22,Muscle Injury,2022-04-11,2022-06-30,81,9
Gio Reyna,United States,MF,,23-210,1.87,21/22,Hamstring Injury,2022-02-21,2022-03-07,15,2
Gio Reyna,United States,MF,,23-210,1.87,21/22,Ill,2022-02-10,2022-02-17,8,1
Gio Reyna,United States,MF,,23-210,1.87,21/22,Fitness,2021-11-29,2022-01-24,57,10
Chris Richards,United States,DF,,26-075,1.89,25/26,Knee Problems,2026-03-27,2026-03-31,5,1
Chris Richards,United States,DF,,26-075,1.89,25/26,Foot Injury,2025-12-23,2026-01-05,14,3
Chris Richards,United States,DF,,26-075,1.89,24/25,Calf Problems,2025-04-01,2025-04-11,11,2
Chris Richards,United States,DF,,26-075,1.89,24/25,Hamstring Injury,2024-09-27,2024-11-03,38,8
Chris Richards,United States,DF,,26-075,1.89,24/25,Knee Problems,2024-04-01,2024-04-19,19,3
Chris Richards,United States,DF,,26-075,1.89,22/23,Leg Injury,2022-09-18,2022-11-14,58,11
Chris Richards,United States,DF,,26-075,1.89,21/22,Hamstring Injury,2022-04-18,2022-06-30,74,8
Chris Richards,United States,DF,,26-075,1.89,21/22,Foot Injury,2022-01-31,2022-03-31,60,10
Chris Richards,United States,DF,,26-075,1.89,20/21,Hamstring Injury,2021-04-26,2021-07-08,74,7
Chris Richards,United States,DF,,26-075,1.89,20/21,Minor Knock,2021-02-11,2021-02-15,5,1
Chris Richards,United States,DF,,26-075,1.89,20/21,Calf Problems,2020-10-05,2020-10-19,15,2
Chris Richards,United States,DF,,26-075,1.89,19/20,Ill,2019-10-17,2019-10-24,8,1
Chris Richards,United States,DF,,26-075,1.89,19/20,Ankle Injury,2019-06-10,2019-07-25,46,1
Antonee Robinson,United States,DF,,28-307,1.83,25/26,Knock,2026-02-21,2026-02-28,8,1
Antonee Robinson,United States,DF,,28-307,1.83,25/26,Knee Problems,2025-10-17,2025-12-12,57,11
Antonee Robinson,United States,DF,,28-307,1.83,25/26,Knee Problems,2025-09-19,2025-09-22,4,1
Antonee Robinson,United States,DF,,28-307,1.83,25/26,Rest,2025-08-25,2025-08-29,5,1
Antonee Robinson,United States,DF,,28-307,1.83,24/25,Knee Surgery,2025-05-27,2025-08-23,89,9
Antonee Robinson,United States,DF,,28-307,1.83,24/25,Knock,2025-05-05,2025-05-17,13,1
Antonee Robinson,United States,DF,,28-307,1.83,24/25,Knock,2025-04-25,2025-05-02,8,1
Antonee Robinson,United States,DF,,28-307,1.83,23/24,Muscular Problems,2023-09-10,2023-09-22,13,1
Antonee Robinson,United States,DF,,28-307,1.83,22/23,Ankle Injury,2022-09-03,2022-10-03,31,4
Antonee Robinson,United States,DF,,28-307,1.83,21/22,Rest,2022-04-01,2022-04-03,3,1
Antonee Robinson,United States,DF,,28-307,1.83,21/22,Ill,2022-02-26,2022-03-02,5,1
Antonee Robinson,United States,DF,,28-307,1.83,21/22,Ill,2021-12-01,2021-12-05,5,1
Antonee Robinson,United States,DF,,28-307,1.83,21/22,Knee Problems,2021-09-28,2021-10-02,5,1
Antonee Robinson,United States,DF,,28-307,1.83,20/21,Ankle Injury,2021-05-14,2021-05-24,11,3
Antonee Robinson,United States,DF,,28-307,1.83,19/20,Groin Injury,2020-01-31,2020-04-13,74,9
Miles Robinson,United States,DF,,29-089,1.87,25/26,Leg Injury,2026-04-20,2026-05-07,18,3
Miles Robinson,United States,DF,,29-089,1.87,25/26,Groin Problems,2026-03-27,2026-04-16,21,4
Miles Robinson,United States,DF,,29-089,1.87,25/26,Calf Injury,2025-08-18,2025-09-11,25,4
Miles Robinson,United States,DF,,29-089,1.87,24/25,Leg Injury,2025-03-31,2025-04-10,11,1
Miles Robinson,United States,DF,,29-089,1.87,24/25,Unknown Injury,2025-03-17,2025-03-27,11,3
Miles Robinson,United States,DF,,29-089,1.87,21/22,Achilles Tendon Rupture,2022-05-08,2023-02-03,272,37
Miles Robinson,United States,DF,,29-089,1.87,19/20,Muscle Injury,2019-10-11,2020-06-30,264,12
Cristian Roldan,United States,MF,,31-008,1.73,23/24,Concussion,2023-07-24,2023-09-14,53,7
Cristian Roldan,United States,MF,,31-008,1.73,22/23,Concussion,2023-04-10,2023-06-02,54,12
Cristian Roldan,United States,MF,,31-008,1.73,22/23,Groin Surgery,2022-08-23,2022-09-23,32,5
Cristian Roldan,United States,MF,,31-008,1.73,22/23,Groin Injury,2022-08-16,2022-08-22,7,1
Cristian Roldan,United States,MF,,31-008,1.73,21/22,Back Injury,2021-07-07,2021-08-03,28,5
Joe Scally,United States,"DF,MF",,23-162,1.84,23/24,Cold,2023-08-28,2023-08-30,3,-
Joe Scally,United States,"DF,MF",,23-162,1.84,22/23,Muscular Problems,2023-02-13,2023-02-16,4,-
Joe Scally,United States,"DF,MF",,23-162,1.84,21/22,Corona Virus,2021-12-30,2022-01-10,12,1
Malik Tillman,United States,MF,,24-014,1.87,25/26,Ankle Problems,2026-02-22,2026-03-03,10,2
Malik Tillman,United States,MF,,24-014,1.87,25/26,Muscle Injury,2025-10-16,2025-11-03,19,5
Malik Tillman,United States,MF,,24-014,1.87,25/26,Calf Injury,2025-08-01,2025-08-27,27,2
Malik Tillman,United States,MF,,24-014,1.87,24/25,Syndesmotic Ligament Tear,2025-01-14,2025-03-24,70,20
Malik Tillman,United States,MF,,24-014,1.87,23/24,Unknown Injury,2024-01-26,2024-02-07,13,2
Malik Tillman,United States,MF,,24-014,1.87,23/24,Minor Knock,2023-10-09,2023-10-19,11,2
Malik Tillman,United States,MF,,24-014,1.87,22/23,Hamstring Injury,2023-05-01,2023-06-30,61,9
Malik Tillman,United States,MF,,24-014,1.87,22/23,Hamstring Injury,2023-02-15,2023-03-15,29,4
Malik Tillman,United States,MF,,24-014,1.87,21/22,Corona Virus,2022-03-11,2022-03-20,10,2
Malik Tillman,United States,MF,,24-014,1.87,21/22,Knock,2021-10-30,2021-11-22,24,6
Malik Tillman,United States,MF,,24-014,1.87,20/21,Fitness,2021-03-20,2021-06-24,97,21
Malik Tillman,United States,MF,,24-014,1.87,20/21,Cruciate Ligament Tear,2020-10-02,2021-03-19,169,60
Malik Tillman,United States,MF,,24-014,1.87,18/19,Minor Knock,2018-11-04,2018-11-05,2,-
Malik Tillman,United States,MF,,24-014,1.87,18/19,Knock,2018-09-16,2018-09-18,3,1
Malik Tillman,United States,MF,,24-014,1.87,18/19,Unknown Injury,2018-08-15,2018-08-27,13,3
Auston Trusty,United States,DF,,27-303,1.9,-,Ninguna,,,0,0
Matt Turner,United States,GK,,31-352,1.9,24/25,Ill,2025-04-11,2025-04-15,5,1
Matt Turner,United States,GK,,31-352,1.9,21/22,Hairline Crack In Foot,2022-02-18,2022-04-28,70,3
Matt Turner,United States,GK,,31-352,1.9,21/22,Foot Injury,2022-02-03,2022-02-17,15,-
Timothy Weah,United States,"DF,FW",,26-109,1.83,25/26,Dead Leg,2025-10-26,2025-11-07,13,3
Timothy Weah,United States,"DF,FW",,26-109,1.83,24/25,Hamstring Injury,2024-12-18,2025-01-01,15,2
Timothy Weah,United States,"DF,FW",,26-109,1.83,24/25,Ankle Sprain,2024-09-26,2024-10-16,21,4
Timothy Weah,United States,"DF,FW",,26-109,1.83,24/25,Hamstring Muscle Injury,2024-08-19,2024-09-10,23,3
Timothy Weah,United States,"DF,FW",,26-109,1.83,23/24,Hamstring Injury,2023-10-28,2023-12-14,48,7
Timothy Weah,United States,"DF,FW",,26-109,1.83,22/23,Foot Injury,2022-08-11,2022-09-26,47,8
Timothy Weah,United States,"DF,FW",,26-109,1.83,21/22,Muscle Injury,2021-12-02,2022-01-17,47,8
Timothy Weah,United States,"DF,FW",,26-109,1.83,21/22,Thigh Problems,2021-08-28,2021-09-15,19,6
Timothy Weah,United States,"DF,FW",,26-109,1.83,20/21,Muscle Injury,2021-04-20,2021-04-27,8,1
Timothy Weah,United States,"DF,FW",,26-109,1.83,19/20,Hamstring Injury,2020-02-17,2020-08-28,194,4
Timothy Weah,United States,"DF,FW",,26-109,1.83,19/20,Fitness,2020-01-06,2020-02-09,35,10
Timothy Weah,United States,"DF,FW",,26-109,1.83,19/20,Muscle Injury,2019-08-22,2020-01-05,137,30
Timothy Weah,United States,"DF,FW",,26-109,1.83,18/19,Unknown Injury,2019-04-22,2019-04-30,9,1
Haji Wright,United States,"FW,MF",,28-076,1.91,25/26,Groin Problems,2026-03-15,2026-04-02,19,3
Haji Wright,United States,"FW,MF",,28-076,1.91,25/26,Calf Injury,2025-11-21,2025-11-30,10,3
Haji Wright,United States,"FW,MF",,28-076,1.91,24/25,Achilles Tendon Problems,2025-06-18,2025-08-02,46,5
Haji Wright,United States,"FW,MF",,28-076,1.91,24/25,Ankle Injury,2024-11-11,2025-02-24,106,25
Haji Wright,United States,"FW,MF",,28-076,1.91,22/23,Hamstring Strain,2023-01-07,2023-02-27,52,9
Haji Wright,United States,"FW,MF",,28-076,1.91,21/22,Quarantine,2022-01-04,2022-01-07,4,1
Haji Wright,United States,"FW,MF",,28-076,1.91,21/22,Unknown Injury,2021-11-01,2021-12-08,38,5
Haji Wright,United States,"FW,MF",,28-076,1.91,20/21,Muscle Injury,2020-11-11,2020-11-25,15,1
Haji Wright,United States,"FW,MF",,28-076,1.91,18/19,Torn Muscle Fiber,2018-08-12,2018-09-18,38,5
Haji Wright,United States,"FW,MF",,28-076,1.91,17/18,Flu,2018-03-01,2018-03-12,12,2
Haji Wright,United States,"FW,MF",,28-076,1.91,16/17,Infection,2016-08-12,2016-08-19,8,2
Alejandro Zendejas,United States,"FW,MF",,28-124,1.67,22/23,Muscle Injury,2023-02-05,2023-02-27,23,4
Alejandro Zendejas,United States,"FW,MF",,28-124,1.67,19/20,Knee Surgery,2019-10-23,2020-06-01,223,18
Alejandro Zendejas,United States,"FW,MF",,28-124,1.67,15/16,Inflammation Of Pubic Bone,2016-03-04,2016-06-30,119,19
Rodrigo Aguirre,Uruguay,FW,,31-253,1.82,24/25,Unknown Injury,2024-12-26,2025-01-30,36,4
Rodrigo Aguirre,Uruguay,FW,,31-253,1.82,23/24,Broken Nose Bone,2023-10-23,2023-11-14,23,6
Rodrigo Aguirre,Uruguay,FW,,31-253,1.82,23/24,Hamstring Strain,2023-07-27,2023-08-19,24,5
Rodrigo Aguirre,Uruguay,FW,,31-253,1.82,22/23,Knee Medial Ligament Tear,2022-07-19,2022-08-03,16,3
Rodrigo Aguirre,Uruguay,FW,,31-253,1.82,21/22,Corona Virus,2022-02-17,2022-02-28,12,2
Rodrigo Aguirre,Uruguay,FW,,31-253,1.82,20/21,Muscle Injury,2021-01-30,2021-03-18,48,7
Rodrigo Aguirre,Uruguay,FW,,31-253,1.82,17/18,Fitness,2018-02-01,2018-05-07,96,16
Rodrigo Aguirre,Uruguay,FW,,31-253,1.82,17/18,Meniscus Injury,2017-12-01,2018-01-31,62,5
Rodrigo Aguirre,Uruguay,FW,,31-253,1.82,17/18,Knee Problems,2017-11-17,2017-11-24,8,2
Rodrigo Aguirre,Uruguay,FW,,31-253,1.82,17/18,Ankle Injury,2017-08-20,2017-08-29,10,1
Rodrigo Aguirre,Uruguay,FW,,31-253,1.82,17/18,Knee Problems,2017-06-27,2017-07-14,18,3
Rodrigo Aguirre,Uruguay,FW,,31-253,1.82,16/17,Head Injury,2017-04-29,2017-05-15,17,3
Rodrigo Aguirre,Uruguay,FW,,31-253,1.82,15/16,Injury To Abdominal Muscles,2015-12-17,2016-01-04,19,1
Rodrigo Aguirre,Uruguay,FW,,31-253,1.82,14/15,Knee Injury,2014-08-04,2014-09-11,39,2
Maxi Araújo,Uruguay,"DF,FW",,26-116,1.76,25/26,Muscle Injury,2025-08-09,2025-09-12,35,5
Maxi Araújo,Uruguay,"DF,FW",,26-116,1.76,23/24,Ankle Injury,2023-11-18,2023-12-31,44,1
Maxi Araújo,Uruguay,"DF,FW",,26-116,1.76,18/19,Meniscus Injury,2019-03-01,2019-04-29,60,12
Ronald Araújo,Uruguay,DF,,27-096,1.85,25/26,Depression,2025-12-02,2026-01-04,34,7
Ronald Araújo,Uruguay,DF,,27-096,1.85,25/26,Stomach Problems,2025-11-26,2025-12-01,6,1
Ronald Araújo,Uruguay,DF,,27-096,1.85,24/25,Knee Problems,2025-05-16,2025-05-20,5,1
Ronald Araújo,Uruguay,DF,,27-096,1.85,24/25,Ankle Sprain,2025-02-10,2025-02-17,8,-
Ronald Araújo,Uruguay,DF,,27-096,1.85,24/25,Hamstring Injury,2024-07-15,2024-12-08,147,29
Ronald Araújo,Uruguay,DF,,27-096,1.85,23/24,Knee Problems,2024-05-15,2024-05-18,4,1
Ronald Araújo,Uruguay,DF,,27-096,1.85,23/24,Muscle Injury,2023-08-17,2023-09-22,37,7
Ronald Araújo,Uruguay,DF,,27-096,1.85,22/23,Calf Injury,2023-05-15,2023-06-15,32,5
Ronald Araújo,Uruguay,DF,,27-096,1.85,22/23,Adductor Injury,2023-03-20,2023-03-30,11,2
Ronald Araújo,Uruguay,DF,,27-096,1.85,22/23,Adductor Tear,2022-09-26,2022-12-04,70,16
Ronald Araújo,Uruguay,DF,,27-096,1.85,21/22,Concussion,2022-05-09,2022-05-19,11,1
Ronald Araújo,Uruguay,DF,,27-096,1.85,21/22,Calf Injury,2022-02-14,2022-02-21,8,1
Ronald Araújo,Uruguay,DF,,27-096,1.85,21/22,Hand Injury,2022-01-06,2022-01-13,8,1
Ronald Araújo,Uruguay,DF,,27-096,1.85,21/22,Hamstring Injury,2021-10-11,2021-11-01,22,6
Ronald Araújo,Uruguay,DF,,27-096,1.85,21/22,Muscle Injury,2021-06-17,2021-07-05,19,3
Giorgian de Arrascaeta,Uruguay,"FW,MF",,32-010,1.77,25/26,Muscle Injury,2026-06-02,,14,-
Giorgian de Arrascaeta,Uruguay,"FW,MF",,32-010,1.77,25/26,Broken Collarbone,2026-05-01,2026-06-01,32,9
Giorgian de Arrascaeta,Uruguay,"FW,MF",,32-010,1.77,24/25,Hamstring Injury,2025-03-23,2025-04-05,14,3
Giorgian de Arrascaeta,Uruguay,"FW,MF",,32-010,1.77,24/25,Arthroscopy,2024-11-11,2025-01-24,75,12
Giorgian de Arrascaeta,Uruguay,"FW,MF",,32-010,1.77,24/25,Adductor Injury,2024-08-19,2024-09-12,25,7
Giorgian de Arrascaeta,Uruguay,"FW,MF",,32-010,1.77,23/24,Hamstring Injury,2024-04-29,2024-05-10,12,3
Giorgian de Arrascaeta,Uruguay,"FW,MF",,32-010,1.77,23/24,Hamstring Injury,2023-08-27,2023-09-22,27,6
Giorgian de Arrascaeta,Uruguay,"FW,MF",,32-010,1.77,22/23,Muscle Injury,2023-05-20,2023-05-28,9,3
Giorgian de Arrascaeta,Uruguay,"FW,MF",,32-010,1.77,22/23,Muscular Problems,2023-03-20,2023-05-03,45,11
Giorgian de Arrascaeta,Uruguay,"FW,MF",,32-010,1.77,22/23,Knock,2022-09-02,2022-09-05,4,1
Giorgian de Arrascaeta,Uruguay,"FW,MF",,32-010,1.77,22/23,Back Problems,2022-07-08,2022-07-12,5,1
Giorgian de Arrascaeta,Uruguay,"FW,MF",,32-010,1.77,21/22,Knock,2022-05-31,2022-06-07,8,3
Giorgian de Arrascaeta,Uruguay,"FW,MF",,32-010,1.77,21/22,Rest,2022-05-23,2022-05-26,4,1
Giorgian de Arrascaeta,Uruguay,"FW,MF",,32-010,1.77,21/22,Ankle Injury,2022-03-31,2022-04-07,8,1
Giorgian de Arrascaeta,Uruguay,"FW,MF",,32-010,1.77,21/22,Rest,2021-12-02,2021-12-11,10,3
Rodrigo Bentancur,Uruguay,MF,,28-351,1.87,25/26,Hamstring Injury,2026-01-08,2026-04-13,96,18
Rodrigo Bentancur,Uruguay,MF,,28-351,1.87,24/25,Concussion,2025-01-09,2025-01-22,14,3
Rodrigo Bentancur,Uruguay,MF,,28-351,1.87,24/25,Head Injury,2024-08-20,2024-08-31,12,1
Rodrigo Bentancur,Uruguay,MF,,28-351,1.87,23/24,Torn Ankle Ligaments,2023-11-27,2023-12-29,33,6
Rodrigo Bentancur,Uruguay,MF,,28-351,1.87,22/23,Cruciate Ligament Tear,2023-02-12,2023-10-24,255,36
Rodrigo Bentancur,Uruguay,MF,,28-351,1.87,22/23,Adductor Pain,2022-12-03,2023-01-16,45,5
Rodrigo Bentancur,Uruguay,MF,,28-351,1.87,22/23,Head Injury,2022-08-28,2022-09-01,5,1
Rodrigo Bentancur,Uruguay,MF,,28-351,1.87,21/22,Back Problems,2022-05-23,2022-06-13,22,3
Rodrigo Bentancur,Uruguay,MF,,28-351,1.87,21/22,Ankle Injury,2022-02-25,2022-03-04,8,2
Rodrigo Bentancur,Uruguay,MF,,28-351,1.87,20/21,Corona Virus,2021-03-04,2021-03-18,15,3
Rodrigo Bentancur,Uruguay,MF,,28-351,1.87,19/20,Knee Problems,2019-12-08,2019-12-13,6,1
Rodrigo Bentancur,Uruguay,MF,,28-351,1.87,18/19,Muscle Fatigue,2019-04-21,2019-05-09,19,2
Rodrigo Bentancur,Uruguay,MF,,28-351,1.87,15/16,Knee Injury,2016-04-12,2016-05-07,26,7
Santiago Bueno,Uruguay,DF,,27-214,1.91,25/26,Knock,2025-12-28,2025-12-31,4,1
Santiago Bueno,Uruguay,DF,,27-214,1.91,24/25,Muscle Injury,2024-11-11,2024-11-29,19,3
Santiago Bueno,Uruguay,DF,,27-214,1.91,23/24,Hamstring Injury,2024-04-25,2024-04-30,6,1
Santiago Bueno,Uruguay,DF,,27-214,1.91,22/23,Hamstring Injury,2023-05-24,2023-08-21,90,6
Santiago Bueno,Uruguay,DF,,27-214,1.91,21/22,Adductor Injury,2022-04-16,2022-04-26,11,2
Santiago Bueno,Uruguay,DF,,27-214,1.91,21/22,Knee Injury,2021-07-22,2021-09-06,47,4
Santiago Bueno,Uruguay,DF,,27-214,1.91,17/18,Muscle Injury,2018-04-23,2018-05-23,31,3
Santiago Bueno,Uruguay,DF,,27-214,1.91,17/18,Muscular Problems,2018-04-01,2018-04-11,11,1
Santiago Bueno,Uruguay,DF,,27-214,1.91,17/18,Ankle Injury,2017-11-21,2017-12-14,24,3
Sebastián Cáceres,Uruguay,DF,,26-297,1.8,25/26,Eyebow Fracture,2026-05-05,2026-05-13,9,1
Sebastián Cáceres,Uruguay,DF,,26-297,1.8,24/25,Unknown Injury,2024-12-02,2024-12-07,6,1
Sebastián Cáceres,Uruguay,DF,,26-297,1.8,23/24,Knee Injury,2024-04-30,2024-05-25,26,5
Sebastián Cáceres,Uruguay,DF,,26-297,1.8,21/22,Muscle Injury,2022-05-24,2022-06-13,21,-
Sebastián Cáceres,Uruguay,DF,,26-297,1.8,21/22,Muscle Injury,2021-08-17,2021-09-10,25,3
Sebastián Cáceres,Uruguay,DF,,26-297,1.8,20/21,Stomach Problems,2021-05-01,2021-05-05,5,1
Sebastián Cáceres,Uruguay,DF,,26-297,1.8,20/21,Muscle Injury,2020-09-29,2020-10-22,24,2
Sebastián Cáceres,Uruguay,DF,,26-297,1.8,20/21,Muscular Problems,2020-09-05,2020-09-11,7,1
Sebastián Cáceres,Uruguay,DF,,26-297,1.8,19/20,Meniscus Damage,2020-02-28,2020-03-22,24,4
Agustín Canobbio,Uruguay,"FW,MF",,27-253,1.76,24/25,Skull Fracture,2025-05-15,2025-06-16,33,7
Agustín Canobbio,Uruguay,"FW,MF",,27-253,1.76,24/25,Bone Edema,2024-10-19,2024-11-30,43,9
Agustín Canobbio,Uruguay,"FW,MF",,27-253,1.76,23/24,Injury To The Ankle,2024-05-05,2024-05-14,10,1
Agustín Canobbio,Uruguay,"FW,MF",,27-253,1.76,21/22,Knock,2022-06-10,2022-06-27,18,6
Agustín Canobbio,Uruguay,"FW,MF",,27-253,1.76,21/22,Facial Fracture,2022-03-06,2022-04-08,34,4
Agustín Canobbio,Uruguay,"FW,MF",,27-253,1.76,20/21,Leg Injury,2020-08-30,2020-11-23,86,13
Agustín Canobbio,Uruguay,"FW,MF",,27-253,1.76,18/19,Rest,2019-05-25,2019-05-27,3,1
Agustín Canobbio,Uruguay,"FW,MF",,27-253,1.76,18/19,Rest,2019-03-02,2019-03-05,4,1
Agustín Canobbio,Uruguay,"FW,MF",,27-253,1.76,17/18,Stomach Flu,2018-04-12,2018-04-17,6,1
Nicolás De La Cruz,Uruguay,MF,,29-010,1.67,25/26,Knee Problems,2026-01-10,2026-01-31,22,6
Nicolás De La Cruz,Uruguay,MF,,29-010,1.67,25/26,Knee Problems,2025-11-10,2025-11-21,12,4
Nicolás De La Cruz,Uruguay,MF,,29-010,1.67,25/26,Virus,2025-10-23,2025-10-28,6,1
Nicolás De La Cruz,Uruguay,MF,,29-010,1.67,25/26,Muscle Fatigue,2025-10-14,2025-10-21,8,2
Nicolás De La Cruz,Uruguay,MF,,29-010,1.67,25/26,Knock,2025-07-17,2025-08-16,31,8
Nicolás De La Cruz,Uruguay,MF,,29-010,1.67,24/25,Knee Injury,2025-05-19,2025-06-28,41,9
Nicolás De La Cruz,Uruguay,MF,,29-010,1.67,24/25,Hamstring Injury,2024-10-21,2024-11-25,36,9
Nicolás De La Cruz,Uruguay,MF,,29-010,1.67,24/25,Hamstring Injury,2024-08-30,2024-09-17,19,6
Nicolás De La Cruz,Uruguay,MF,,29-010,1.67,24/25,Knee Problems,2024-08-01,2024-08-10,10,2
Nicolás De La Cruz,Uruguay,MF,,29-010,1.67,23/24,Tendonitis,2023-10-23,2023-11-02,11,2
Nicolás De La Cruz,Uruguay,MF,,29-010,1.67,23/24,Rest,2023-09-23,2023-09-27,5,1
Nicolás De La Cruz,Uruguay,MF,,29-010,1.67,23/24,Fever,2023-08-19,2023-08-22,4,1
Nicolás De La Cruz,Uruguay,MF,,29-010,1.67,22/23,Strain,2023-05-19,2023-05-24,6,1
Nicolás De La Cruz,Uruguay,MF,,29-010,1.67,22/23,Knee Problems,2023-04-01,2023-04-15,15,3
Nicolás De La Cruz,Uruguay,MF,,29-010,1.67,22/23,Edema In The Knee,2023-03-17,2023-03-29,13,3
Juan Manuel Sanabria,Uruguay,"DF,MF",,26-074,1.7,21/22,Corona Virus,2021-08-01,2021-08-06,6,1
Juan Manuel Sanabria,Uruguay,"DF,MF",,26-074,1.7,20/21,Fitness,2021-03-10,2021-03-14,5,1
Juan Manuel Sanabria,Uruguay,"DF,MF",,26-074,1.7,20/21,Muscle Injury,2021-02-21,2021-03-09,17,3
José María Giménez,Uruguay,DF,,31-142,1.86,25/26,Muscle Injury,2026-04-07,2026-05-03,27,8
José María Giménez,Uruguay,DF,,31-142,1.86,25/26,Hamstring Injury,2025-12-02,2026-01-01,31,5
José María Giménez,Uruguay,DF,,31-142,1.86,24/25,Hamstring Injury,2025-06-21,2025-10-13,115,14
José María Giménez,Uruguay,DF,,31-142,1.86,24/25,Muscle Injury,2024-12-21,2025-01-20,31,4
José María Giménez,Uruguay,DF,,31-142,1.86,23/24,Muscle Injury,2024-02-21,2024-03-29,38,7
José María Giménez,Uruguay,DF,,31-142,1.86,23/24,Hamstring Injury,2024-01-28,2024-02-17,21,4
José María Giménez,Uruguay,DF,,31-142,1.86,23/24,Muscle Injury,2023-10-03,2023-10-26,24,6
José María Giménez,Uruguay,DF,,31-142,1.86,22/23,Knee Injury,2023-05-31,2023-09-14,107,8
José María Giménez,Uruguay,DF,,31-142,1.86,22/23,Unknown Injury,2023-01-13,2023-01-28,16,3
José María Giménez,Uruguay,DF,,31-142,1.86,22/23,Back Problems,2022-09-09,2022-09-28,20,5
José María Giménez,Uruguay,DF,,31-142,1.86,22/23,Tonsillitis,2022-08-07,2022-08-19,13,1
José María Giménez,Uruguay,DF,,31-142,1.86,21/22,Knock,2022-06-10,2022-07-01,22,1
José María Giménez,Uruguay,DF,,31-142,1.86,21/22,Muscle Injury,2022-04-03,2022-04-29,27,5
José María Giménez,Uruguay,DF,,31-142,1.86,21/22,Corona Virus,2022-02-10,2022-02-15,6,1
José María Giménez,Uruguay,DF,,31-142,1.86,21/22,Muscle Injury,2021-12-06,2021-12-31,26,4
Santiago Mele,Uruguay,GK,,28-278,1.85,21/22,Broken Hand,2021-10-13,2021-12-02,51,7
Fernando Muslera,Uruguay,GK,,39-360,1.9,25/26,Rest,2026-04-02,2026-04-05,4,1
Fernando Muslera,Uruguay,GK,,39-360,1.9,25/26,Achilles Tendon Problems,2026-01-25,2026-02-05,12,2
Fernando Muslera,Uruguay,GK,,39-360,1.9,22/23,Foot Injury,2023-02-06,2023-03-08,31,1
Fernando Muslera,Uruguay,GK,,39-360,1.9,21/22,Fitness,2022-02-23,2022-03-03,9,1
Fernando Muslera,Uruguay,GK,,39-360,1.9,21/22,Cruciate Ligament Strain,2021-12-14,2022-02-22,71,13
Fernando Muslera,Uruguay,GK,,39-360,1.9,20/21,Fitness,2020-11-29,2021-01-18,51,10
Fernando Muslera,Uruguay,GK,,39-360,1.9,19/20,Tibia And Fibula Fracture,2020-06-15,2020-11-29,168,24
Fernando Muslera,Uruguay,GK,,39-360,1.9,19/20,Hip Problems,2019-11-19,2019-11-24,6,1
Fernando Muslera,Uruguay,GK,,39-360,1.9,18/19,Head Injury,2018-11-11,2018-11-21,11,2
Fernando Muslera,Uruguay,GK,,39-360,1.9,16/17,Rest,2017-02-03,2017-02-05,3,1
Fernando Muslera,Uruguay,GK,,39-360,1.9,16/17,Finger Injury,2017-01-05,2017-01-13,9,-
Fernando Muslera,Uruguay,GK,,39-360,1.9,15/16,Hip Bruise,2016-03-05,2016-03-09,5,1
Fernando Muslera,Uruguay,GK,,39-360,1.9,13/14,Edema In The Knee,2014-04-27,2014-05-07,11,1
Fernando Muslera,Uruguay,GK,,39-360,1.9,13/14,Shoulder Injury,2014-01-14,2014-01-23,10,3
Fernando Muslera,Uruguay,GK,,39-360,1.9,13/14,Broken Toe,2013-11-01,2013-12-04,34,8
Darwin Núñez,Uruguay,FW,,26-352,1.85,25/26,Knee Problems,2025-09-20,2025-10-14,25,5
Darwin Núñez,Uruguay,FW,,26-352,1.85,24/25,Ill,2025-04-12,2025-04-16,5,1
Darwin Núñez,Uruguay,FW,,26-352,1.85,24/25,Ill,2025-01-27,2025-01-30,4,1
Darwin Núñez,Uruguay,FW,,26-352,1.85,24/25,Ill,2024-09-26,2024-09-30,5,1
Darwin Núñez,Uruguay,FW,,26-352,1.85,23/24,Muscular Problems,2024-03-20,2024-03-28,9,1
Darwin Núñez,Uruguay,FW,,26-352,1.85,23/24,Muscle Stiffness,2024-02-17,2024-02-29,13,3
Darwin Núñez,Uruguay,FW,,26-352,1.85,22/23,Toe Injury,2023-05-12,2023-05-29,18,3
Darwin Núñez,Uruguay,FW,,26-352,1.85,22/23,Ankle Injury,2023-03-16,2023-03-30,15,2
Darwin Núñez,Uruguay,FW,,26-352,1.85,22/23,Shoulder Injury,2023-02-22,2023-02-27,6,1
Darwin Núñez,Uruguay,FW,,26-352,1.85,22/23,Shoulder Injury,2023-02-18,2023-02-20,3,-
Darwin Núñez,Uruguay,FW,,26-352,1.85,22/23,Dead Leg,2023-01-12,2023-01-19,8,2
Darwin Núñez,Uruguay,FW,,26-352,1.85,22/23,Muscular Problems,2022-10-20,2022-10-24,5,1
Darwin Núñez,Uruguay,FW,,26-352,1.85,21/22,Knock,2022-06-10,2022-06-14,5,1
Darwin Núñez,Uruguay,FW,,26-352,1.85,21/22,Foot Injury,2021-12-24,2022-01-06,14,1
Darwin Núñez,Uruguay,FW,,26-352,1.85,21/22,Knee Injury,2021-11-08,2021-11-16,9,1
Mathías Olivera,Uruguay,"DF,MF",,28-223,1.74,25/26,Muscle Fatigue,2026-05-01,2026-05-08,8,1
Mathías Olivera,Uruguay,"DF,MF",,28-223,1.74,25/26,Calf Problems,2025-12-23,2026-01-03,12,1
Mathías Olivera,Uruguay,"DF,MF",,28-223,1.74,25/26,Muscle Fatigue,2025-12-16,2025-12-18,3,-
Mathías Olivera,Uruguay,"DF,MF",,28-223,1.74,25/26,Muscle Fatigue,2025-09-27,2025-09-30,4,1
Mathías Olivera,Uruguay,"DF,MF",,28-223,1.74,25/26,Calf Injury,2025-07-30,2025-08-07,9,-
Mathías Olivera,Uruguay,"DF,MF",,28-223,1.74,24/25,Calf Injury,2025-01-24,2025-02-21,29,4
Mathías Olivera,Uruguay,"DF,MF",,28-223,1.74,24/25,Calf Problems,2025-01-04,2025-01-13,10,1
Mathías Olivera,Uruguay,"DF,MF",,28-223,1.74,23/24,Adductor Injury,2024-04-07,2024-04-27,21,2
Mathías Olivera,Uruguay,"DF,MF",,28-223,1.74,23/24,Knee Injury,2023-11-26,2024-02-09,76,14
Mathías Olivera,Uruguay,"DF,MF",,28-223,1.74,22/23,Bruise,2023-06-01,2023-06-05,5,1
Mathías Olivera,Uruguay,"DF,MF",,28-223,1.74,22/23,Lumbago,2023-04-02,2023-04-06,5,1
Mathías Olivera,Uruguay,"DF,MF",,28-223,1.74,21/22,Knee Injury,2022-06-12,2022-07-18,37,-
Mathías Olivera,Uruguay,"DF,MF",,28-223,1.74,21/22,Calf Problems,2022-03-26,2022-04-01,7,1
Mathías Olivera,Uruguay,"DF,MF",,28-223,1.74,21/22,Muscle Injury,2022-02-05,2022-02-22,18,2
Mathías Olivera,Uruguay,"DF,MF",,28-223,1.74,21/22,Unknown Injury,2021-10-27,2021-11-05,10,2
Facundo Pellistri,Uruguay,"FW,MF",,24-173,1.74,25/26,Adductor Injury,2026-05-08,2026-05-20,13,3
Facundo Pellistri,Uruguay,"FW,MF",,24-173,1.74,25/26,Rest,2026-03-14,2026-03-16,3,1
Facundo Pellistri,Uruguay,"FW,MF",,24-173,1.74,25/26,Unknown Injury,2026-01-27,2026-02-23,28,8
Facundo Pellistri,Uruguay,"FW,MF",,24-173,1.74,25/26,Muscle Strain,2025-11-20,2026-01-05,47,9
Facundo Pellistri,Uruguay,"FW,MF",,24-173,1.74,25/26,Calf Injury,2025-09-05,2025-11-07,64,16
Facundo Pellistri,Uruguay,"FW,MF",,24-173,1.74,24/25,Hamstring Strain,2025-02-05,2025-03-07,31,7
Facundo Pellistri,Uruguay,"FW,MF",,24-173,1.74,24/25,Unknown Injury,2024-12-17,2024-12-30,14,2
Facundo Pellistri,Uruguay,"FW,MF",,24-173,1.74,24/25,Ill,2024-12-10,2024-12-14,5,1
Facundo Pellistri,Uruguay,"FW,MF",,24-173,1.74,22/23,Ankle Injury,2022-07-30,2022-08-31,33,4
Facundo Pellistri,Uruguay,"FW,MF",,24-173,1.74,21/22,Ankle Injury,2022-02-03,2022-02-11,9,1
Facundo Pellistri,Uruguay,"FW,MF",,24-173,1.74,21/22,Corona Virus,2022-01-01,2022-01-07,7,1
Facundo Pellistri,Uruguay,"FW,MF",,24-173,1.74,20/21,Muscular Problems,2021-04-22,2021-05-06,15,2
Facundo Pellistri,Uruguay,"FW,MF",,24-173,1.74,20/21,Muscle Injury,2021-04-07,2021-04-14,8,1
Facundo Pellistri,Uruguay,"FW,MF",,24-173,1.74,20/21,Corona Virus,2021-01-07,2021-01-25,19,5
Facundo Pellistri,Uruguay,"FW,MF",,24-173,1.74,20/21,Muscle Injury,2020-08-21,2020-08-26,6,1
Joaquín Piquerez,Uruguay,"DF,MF",,27-291,1.85,25/26,Torn Knee Ligaments,2026-03-28,2026-06-01,66,19
Joaquín Piquerez,Uruguay,"DF,MF",,27-291,1.85,25/26,Knee Bruise,2025-09-29,2025-09-30,2,-
Joaquín Piquerez,Uruguay,"DF,MF",,27-291,1.85,25/26,Shoulder Injury,2025-07-21,2025-07-25,5,1
Joaquín Piquerez,Uruguay,"DF,MF",,27-291,1.85,24/25,Knee Injury,2024-07-17,2025-01-24,192,35
Joaquín Piquerez,Uruguay,"DF,MF",,27-291,1.85,21/22,Muscle Injury,2022-05-10,2022-06-04,26,7
Joaquín Piquerez,Uruguay,"DF,MF",,27-291,1.85,21/22,Shoulder Injury,2022-04-04,2022-04-16,13,2
Joaquín Piquerez,Uruguay,"DF,MF",,27-291,1.85,21/22,Ankle Injury,2021-07-24,2021-08-03,11,2
Joaquín Piquerez,Uruguay,"DF,MF",,27-291,1.85,20/21,Muscle Strain,2021-05-31,2021-06-10,11,2
Joaquín Piquerez,Uruguay,"DF,MF",,27-291,1.85,20/21,Fitness,2021-01-26,2021-01-31,6,1
Joaquín Piquerez,Uruguay,"DF,MF",,27-291,1.85,20/21,Corona Virus,2021-01-11,2021-01-25,15,1
Joaquín Piquerez,Uruguay,"DF,MF",,27-291,1.85,20/21,Quarantine,2020-12-04,2020-12-07,4,-
Joaquín Piquerez,Uruguay,"DF,MF",,27-291,1.85,20/21,Rest,2020-10-16,2020-10-19,4,1
Joaquín Piquerez,Uruguay,"DF,MF",,27-291,1.85,20/21,Muscle Injury,2020-09-20,2020-09-26,7,1
Joaquín Piquerez,Uruguay,"DF,MF",,27-291,1.85,16/17,Influenza,2017-06-02,2017-06-08,7,1
Sergio Rochet,Uruguay,GK,,33-080,1.89,25/26,Lumbar Vertebra Problems,2026-05-14,2026-05-25,12,2
Sergio Rochet,Uruguay,GK,,33-080,1.89,25/26,Calf Injury,2026-04-12,2026-05-08,27,4
Sergio Rochet,Uruguay,GK,,33-080,1.89,25/26,Foot Bruise,2025-09-22,2025-11-23,63,15
Sergio Rochet,Uruguay,GK,,33-080,1.89,24/25,Broken Hand,2025-03-30,2025-07-11,104,21
Sergio Rochet,Uruguay,GK,,33-080,1.89,24/25,Knee Injury,2025-01-13,2025-03-07,54,10
Sergio Rochet,Uruguay,GK,,33-080,1.89,23/24,Bruised Ribs,2024-01-16,2024-03-21,66,15
Sergio Rochet,Uruguay,GK,,33-080,1.89,21/22,Corona Virus,2022-05-16,2022-05-20,5,1
Sergio Rochet,Uruguay,GK,,33-080,1.89,21/22,Inflammation In The Ankle Joint,2022-04-08,2022-04-12,5,1
Sergio Rochet,Uruguay,GK,,33-080,1.89,21/22,Hand Injury,2021-10-23,2022-01-10,80,10
Sergio Rochet,Uruguay,GK,,33-080,1.89,18/19,Unknown Injury,2019-02-12,2019-02-18,7,1
Sergio Rochet,Uruguay,GK,,33-080,1.89,18/19,Unknown Injury,2018-11-01,2018-11-06,6,1
Sergio Rochet,Uruguay,GK,,33-080,1.89,15/16,Elbow Injury,2015-09-25,2015-10-01,7,1
Brian Rodríguez,Uruguay,"FW,MF",,26-022,1.75,24/25,Muscle Injury,2025-04-18,2025-05-24,37,6
Brian Rodríguez,Uruguay,"FW,MF",,26-022,1.75,23/24,Knee Injury,2023-10-30,2023-12-12,44,9
Brian Rodríguez,Uruguay,"FW,MF",,26-022,1.75,21/22,Hamstring Injury,2022-04-11,2022-05-17,37,7
Brian Rodríguez,Uruguay,"FW,MF",,26-022,1.75,21/22,Thigh Problems,2021-09-21,2021-10-01,11,2
Brian Rodríguez,Uruguay,"FW,MF",,26-022,1.75,20/21,Corona Virus,2020-11-19,2020-12-01,13,1
Brian Rodríguez,Uruguay,"FW,MF",,26-022,1.75,20/21,Quarantine,2020-10-16,2020-10-23,8,1
Manuel Ugarte,Uruguay,MF,,25-061,1.82,25/26,Back Problems,2026-05-07,2026-05-13,7,1
Manuel Ugarte,Uruguay,MF,,25-061,1.82,24/25,Unknown Injury,2025-03-04,2025-03-12,9,2
Manuel Ugarte,Uruguay,MF,,25-061,1.82,24/25,Knock,2025-02-08,2025-02-17,10,1
Manuel Ugarte,Uruguay,MF,,25-061,1.82,24/25,Knock,2025-01-26,2025-02-01,7,-
Manuel Ugarte,Uruguay,MF,,25-061,1.82,21/22,Corona Virus,2021-12-26,2022-01-05,11,1
Manuel Ugarte,Uruguay,MF,,25-061,1.82,21/22,Corona Virus,2021-07-20,2021-07-30,11,1
Manuel Ugarte,Uruguay,MF,,25-061,1.82,20/21,Arm Injury,2020-08-16,2020-08-27,12,3
Federico Valverde,Uruguay,"DF,FW",,27-324,1.82,25/26,Head Injury,2026-05-07,2026-05-21,15,3
Federico Valverde,Uruguay,"DF,FW",,27-324,1.82,25/26,Knock,2025-12-19,2026-01-03,16,1
Federico Valverde,Uruguay,"DF,FW",,27-324,1.82,24/25,Lumbago,2025-05-25,2025-06-15,22,2
Federico Valverde,Uruguay,"DF,FW",,27-324,1.82,24/25,Muscular Problems,2025-02-25,2025-03-02,6,2
Federico Valverde,Uruguay,"DF,FW",,27-324,1.82,22/23,Dead Leg,2022-10-23,2022-10-27,5,1
Federico Valverde,Uruguay,"DF,FW",,27-324,1.82,21/22,Flu,2022-03-03,2022-03-07,5,1
Federico Valverde,Uruguay,"DF,FW",,27-324,1.82,21/22,Corona Virus,2021-12-29,2022-01-01,4,-
Federico Valverde,Uruguay,"DF,FW",,27-324,1.82,21/22,Sprain,2021-10-25,2021-11-26,33,8
Federico Valverde,Uruguay,"DF,FW",,27-324,1.82,20/21,Corona Virus,2021-04-21,2021-05-03,13,4
Federico Valverde,Uruguay,"DF,FW",,27-324,1.82,20/21,Quarantine,2021-04-17,2021-04-20,4,1
Federico Valverde,Uruguay,"DF,FW",,27-324,1.82,20/21,Muscular Problems,2021-03-23,2021-04-05,14,1
Federico Valverde,Uruguay,"DF,FW",,27-324,1.82,20/21,Muscle Injury,2021-01-21,2021-02-26,37,7
Federico Valverde,Uruguay,"DF,FW",,27-324,1.82,20/21,Shin Injury,2020-11-09,2020-12-11,33,8
Federico Valverde,Uruguay,"DF,FW",,27-324,1.82,19/20,Muscle Injury,2019-09-13,2019-09-20,8,2
Federico Valverde,Uruguay,"DF,FW",,27-324,1.82,17/18,Knee Injury,2018-02-13,2018-04-02,49,9
Guillermo Varela,Uruguay,DF,,33-079,1.74,25/26,Ankle Injury,2026-02-05,2026-02-17,13,3
Guillermo Varela,Uruguay,DF,,33-079,1.74,25/26,Inflammation Of Pubic Bone,2025-09-06,2025-09-17,12,2
Guillermo Varela,Uruguay,DF,,33-079,1.74,24/25,Hip Flexor Problems,2024-08-08,2024-08-14,7,1
Guillermo Varela,Uruguay,DF,,33-079,1.74,23/24,Knee Injury,2023-08-18,2023-10-18,62,13
Guillermo Varela,Uruguay,DF,,33-079,1.74,22/23,Unknown Injury,2023-04-25,2023-05-16,22,6
Guillermo Varela,Uruguay,DF,,33-079,1.74,22/23,Unknown Injury,2022-10-20,2022-11-08,20,6
Guillermo Varela,Uruguay,DF,,33-079,1.74,19/20,Fitness,2019-10-30,2019-11-02,4,1
Guillermo Varela,Uruguay,DF,,33-079,1.74,18/19,Ankle Injury,2018-09-05,2018-12-31,118,14
Guillermo Varela,Uruguay,DF,,33-079,1.74,17/18,Muscle Injury,2018-06-08,2018-06-13,6,-
Guillermo Varela,Uruguay,DF,,33-079,1.74,17/18,Rest,2018-04-28,2018-04-30,3,1
Guillermo Varela,Uruguay,DF,,33-079,1.74,17/18,Knock,2017-11-23,2017-12-08,16,3
Guillermo Varela,Uruguay,DF,,33-079,1.74,16/17,Inflamed Wound,2017-05-23,2017-05-28,6,1
Guillermo Varela,Uruguay,DF,,33-079,1.74,16/17,Ankle Problems,2017-03-27,2017-04-13,18,3
Guillermo Varela,Uruguay,DF,,33-079,1.74,16/17,Remove Screws/Nails,2017-03-09,2017-03-23,15,2
Guillermo Varela,Uruguay,DF,,33-079,1.74,16/17,Ankle Problems,2017-03-02,2017-03-09,8,1
Matías Viña,Uruguay,"DF,MF",,28-214,1.8,25/26,Adductor Tear,2026-05-18,2026-05-31,14,3
Matías Viña,Uruguay,"DF,MF",,28-214,1.8,24/25,Knee Injury,2024-08-12,2025-05-31,293,70
Matías Viña,Uruguay,"DF,MF",,28-214,1.8,23/24,Knee Problems,2023-12-11,2024-02-19,71,12
Matías Viña,Uruguay,"DF,MF",,28-214,1.8,21/22,Adductor Injury,2021-11-03,2021-11-26,24,6
Matías Viña,Uruguay,"DF,MF",,28-214,1.8,21/22,Knee Injury,2021-09-15,2021-09-25,11,3
Matías Viña,Uruguay,"DF,MF",,28-214,1.8,21/22,Muscular Problems,2021-09-04,2021-09-10,7,1
Matías Viña,Uruguay,"DF,MF",,28-214,1.8,20/21,Bruise On Ankle,2021-03-01,2021-03-15,15,3
Matías Viña,Uruguay,"DF,MF",,28-214,1.8,20/21,Rest,2021-01-08,2021-01-10,3,1
Matías Viña,Uruguay,"DF,MF",,28-214,1.8,20/21,Corona Virus,2020-11-15,2020-11-28,14,5
Matías Viña,Uruguay,"DF,MF",,28-214,1.8,20/21,Head Injury,2020-07-23,2020-08-04,13,3
Matías Viña,Uruguay,"DF,MF",,28-214,1.8,19/20,Muscular Problems,2020-02-29,2020-03-06,7,-
Matías Viña,Uruguay,"DF,MF",,28-214,1.8,19/20,Foot Injury,2020-01-21,2020-02-10,21,2
Federico Viñas,Uruguay,FW,,27-346,1.81,24/25,Knee Injury,2025-05-19,2025-06-08,21,4
Federico Viñas,Uruguay,FW,,27-346,1.81,23/24,Achilles Tendon Rupture,2024-05-25,2024-10-30,159,30
Federico Viñas,Uruguay,FW,,27-346,1.81,22/23,Ankle Injury,2023-01-24,2023-02-07,15,2
Federico Viñas,Uruguay,FW,,27-346,1.81,20/21,Muscular Problems,2021-02-25,2021-03-02,6,1
Federico Viñas,Uruguay,FW,,27-346,1.81,20/21,Corona Virus,2020-10-28,2020-11-11,15,2
Federico Viñas,Uruguay,FW,,27-346,1.81,19/20,Unknown Injury,2019-08-08,2019-08-15,8,1
Rodrigo Zalazar,Uruguay,"FW,MF",,26-303,1.75,25/26,Muscle Injury,2026-03-26,2026-04-14,20,5
Rodrigo Zalazar,Uruguay,"FW,MF",,26-303,1.75,24/25,Muscle Injury,2025-01-24,2025-03-12,48,9
Rodrigo Zalazar,Uruguay,"FW,MF",,26-303,1.75,24/25,Muscle Injury,2024-12-30,2025-01-21,23,4
Rodrigo Zalazar,Uruguay,"FW,MF",,26-303,1.75,24/25,Muscle Injury,2024-11-05,2024-12-04,30,7
Rodrigo Zalazar,Uruguay,"FW,MF",,26-303,1.75,24/25,Thigh Problems,2024-09-17,2024-10-08,22,5
Rodrigo Zalazar,Uruguay,"FW,MF",,26-303,1.75,24/25,Ankle Sprain,2024-09-01,2024-09-11,11,4
Rodrigo Zalazar,Uruguay,"FW,MF",,26-303,1.75,22/23,Fitness,2023-01-17,2023-01-28,12,2
Rodrigo Zalazar,Uruguay,"FW,MF",,26-303,1.75,22/23,Metatarsal Fracture,2022-10-03,2023-01-17,107,8
Rodrigo Zalazar,Uruguay,"FW,MF",,26-303,1.75,21/22,Foot Bruise,2022-03-31,2022-04-07,8,1
Abdulla Abdullaev,Uzbekistan,DF,,28-283,1.84,22/23,Unknown Injury,2023-04-14,2023-04-21,8,1
Khojiakbar Alijonov,Uzbekistan,DF,,29-053,,-,No Encontrado,,,0,0
Azizbek Amonov,Uzbekistan,FW,,28-224,,-,No Encontrado,,,0,0
Rustam Ashurmatov,Uzbekistan,DF,,29-339,1.86,25/26,Knee Medial Ligament Tear,2025-07-17,2025-09-24,70,10
Botirali Ergashev,Uzbekistan,GK,,30-353,1.89,-,Ninguna,,,0,0
Sherzod Esanov,Uzbekistan,MF,,23-130,1.9,-,Ninguna,,,0,0
Umar Eshmurodov,Uzbekistan,DF,,33-193,1.85,-,Ninguna,,,0,0
Abbosbek Fayzullayev,Uzbekistan,"FW,MF",,22-251,,-,No Encontrado,,,0,0
Aziz Ganiev,Uzbekistan,MF,,28-109,1.78,20/21,Cruciate Ligament Tear,2021-02-13,2021-09-13,213,29
Aziz Ganiev,Uzbekistan,MF,,28-109,1.78,18/19,Cruciate Ligament Tear,2018-07-08,2019-04-01,268,35
Odiljon Hamrobekov,Uzbekistan,MF,,30-118,,-,No Encontrado,,,0,0
Jamshid Iskanderov,Uzbekistan,"FW,MF",,32-238,1.71,-,Ninguna,,,0,0
Bekhruz Karimov,Uzbekistan,DF,,18-308,1.8,25/26,Unknown Injury,2026-04-12,2026-05-22,41,6
Bekhruz Karimov,Uzbekistan,DF,,18-308,1.8,23/24,Leg Injury,2024-02-18,2024-02-19,2,-
Dostonbek Khamdamov,Uzbekistan,MF,,29-322,1.78,-,Ninguna,,,0,0
Abdukodir Khusanov,Uzbekistan,DF,,22-102,1.86,25/26,Knock,2026-05-06,2026-05-11,6,1
Abdukodir Khusanov,Uzbekistan,DF,,22-102,1.86,25/26,Ankle Injury,2025-09-21,2025-11-12,53,11
Jaloliddin Masharipov,Uzbekistan,"FW,MF",,32-283,1.74,25/26,Cruciate Ligament Injury,2026-01-12,2026-05-22,131,14
Jaloliddin Masharipov,Uzbekistan,"FW,MF",,32-283,1.74,25/26,Cruciate Ligament Injury,2025-08-01,2025-12-10,132,26
Jaloliddin Masharipov,Uzbekistan,"FW,MF",,32-283,1.74,24/25,Hamstring Muscle Injury,2025-01-20,2025-02-23,35,7
Jaloliddin Masharipov,Uzbekistan,"FW,MF",,32-283,1.74,24/25,Cold,2024-11-08,2024-11-11,4,1
Jaloliddin Masharipov,Uzbekistan,"FW,MF",,32-283,1.74,22/23,Cold,2022-11-16,2022-11-19,4,1
Akmal Mozgovoy,Uzbekistan,MF,,27-070,1.8,-,Ninguna,,,0,0
Sherzod Nasrullaev,Uzbekistan,DF,,27-323,1.83,21/22,Unknown Injury,2022-04-02,2022-06-20,80,14
Abduvohid Nematov,Uzbekistan,GK,,25-083,,-,No Encontrado,,,0,0
Farrukh Sayfiev,Uzbekistan,"DF,MF",,35-145,1.83,-,Ninguna,,,0,0
Igor Sergeev,Uzbekistan,FW,,33-042,1.85,23/24,Cruciate Ligament Tear,2024-01-28,2024-11-18,296,45
Eldor Shomurodov,Uzbekistan,"FW,MF",,30-347,1.9,24/25,Groin Injury,2024-11-15,2024-12-02,18,3
Eldor Shomurodov,Uzbekistan,"FW,MF",,30-347,1.9,23/24,Metatarsal Fracture,2023-12-15,2024-02-27,75,18
Eldor Shomurodov,Uzbekistan,"FW,MF",,30-347,1.9,21/22,Corona Virus,2022-02-17,2022-02-23,7,1
Eldor Shomurodov,Uzbekistan,"FW,MF",,30-347,1.9,20/21,Muscle Fatigue,2021-02-02,2021-02-11,10,1
Eldor Shomurodov,Uzbekistan,"FW,MF",,30-347,1.9,20/21,Muscular Problems,2020-10-27,2020-11-16,21,5
Otabek Shukurov,Uzbekistan,MF,,29-354,1.83,23/24,Unknown Injury,2024-03-26,2024-04-04,10,1
Otabek Shukurov,Uzbekistan,MF,,29-354,1.83,22/23,Unknown Injury,2022-10-09,2022-10-23,15,2
Avazbek Ulmasaliev,Uzbekistan,DF,,26-076,1.87,-,Ninguna,,,0,0
Jakhongir Urozov,Uzbekistan,DF,,22-144,1.9,-,Ninguna,,,0,0
Oston Urunov,Uzbekistan,MF,,25-174,1.81,25/26,Back Injury,2026-02-09,2026-02-16,8,1
Oston Urunov,Uzbekistan,MF,,25-174,1.81,25/26,Groin Injury,2025-09-23,2025-10-01,9,1
Oston Urunov,Uzbekistan,MF,,25-174,1.81,24/25,Groin Problems,2025-06-05,2025-07-25,51,1
Oston Urunov,Uzbekistan,MF,,25-174,1.81,24/25,Groin Problems,2025-04-18,2025-05-07,20,1
Oston Urunov,Uzbekistan,MF,,25-174,1.81,24/25,Groin Problems,2025-03-19,2025-03-27,9,2
Oston Urunov,Uzbekistan,MF,,25-174,1.81,24/25,Groin Problems,2025-01-21,2025-03-03,42,8
Oston Urunov,Uzbekistan,MF,,25-174,1.81,24/25,Groin Injury,2024-11-10,2024-11-30,21,4
Oston Urunov,Uzbekistan,MF,,25-174,1.81,24/25,Groin Injury,2024-10-05,2024-11-01,28,4
Oston Urunov,Uzbekistan,MF,,25-174,1.81,24/25,Hamstring Injury,2024-09-20,2024-09-29,10,1
Oston Urunov,Uzbekistan,MF,,25-174,1.81,24/25,Hamstring Injury,2024-08-04,2024-08-14,11,-
Oston Urunov,Uzbekistan,MF,,25-174,1.81,23/24,Influenza,2024-03-19,2024-03-24,6,1
Oston Urunov,Uzbekistan,MF,,25-174,1.81,21/22,Finger Injury,2021-08-27,2021-10-04,39,6
Oston Urunov,Uzbekistan,MF,,25-174,1.81,20/21,Torn Muscle Fiber In The Adductor Area,2020-10-07,2020-10-27,21,5
Oston Urunov,Uzbekistan,MF,,25-174,1.81,20/21,Fitness,2020-08-01,2020-08-16,16,2
Oston Urunov,Uzbekistan,MF,,25-174,1.81,20/21,Corona Virus,2020-07-13,2020-07-31,19,1
Utkir Yusupov,Uzbekistan,GK,,35-158,1.85,25/26,Unknown Injury,2025-09-08,2025-12-29,113,19
Thiago Almada,Argentina,,,25-046,1.71,25/26,Muscle Injury,2025-09-11,2025-10-11,31,8
Thiago Almada,Argentina,,,25-046,1.71,23/24,Calf Injury,2024-05-17,2024-05-24,8,2
Thiago Almada,Argentina,,,25-046,1.71,22/23,Calf Problems,2023-04-10,2023-04-20,11,1
Julián Álvarez,Argentina,,,26-131,1.7,25/26,Ankle Sprain,2026-05-06,2026-05-31,26,4
Julián Álvarez,Argentina,,,26-131,1.7,25/26,Ankle Problems,2026-04-30,2026-05-04,5,1
Julián Álvarez,Argentina,,,26-131,1.7,25/26,Inner Ligament Injury,2025-09-14,2025-09-20,7,1
Julián Álvarez,Argentina,,,26-131,1.7,22/23,Ill,2022-03-04,2022-03-06,3,1
Leonardo Balerdi,Argentina,,,27-136,1.88,25/26,Calf Injury,2026-06-06,,10,-
Leonardo Balerdi,Argentina,,,27-136,1.88,25/26,Muscular Problems,2026-03-13,2026-03-20,8,1
Leonardo Balerdi,Argentina,,,27-136,1.88,25/26,Head Injury,2026-02-09,2026-02-23,15,2
Leonardo Balerdi,Argentina,,,27-136,1.88,25/26,Ill,2026-01-04,2026-01-07,4,1
Leonardo Balerdi,Argentina,,,27-136,1.88,25/26,Calf Injury,2025-10-28,2025-11-09,13,4
Leonardo Balerdi,Argentina,,,27-136,1.88,24/25,Knee Injury,2025-03-30,2025-04-26,28,3
Leonardo Balerdi,Argentina,,,27-136,1.88,24/25,Dead Leg,2024-08-26,2024-09-13,19,3
Leonardo Balerdi,Argentina,,,27-136,1.88,23/24,Adductor Pain,2024-03-15,2024-03-20,6,1
Leonardo Balerdi,Argentina,,,27-136,1.88,21/22,Shoulder Injury,2022-03-24,2022-07-21,120,17
Leonardo Balerdi,Argentina,,,27-136,1.88,18/19,Facial Injury,2019-01-25,2019-02-11,18,9
Valentín Barco,Argentina,,,21-323,1.7,25/26,Ankle Injury,2026-04-17,2026-05-04,18,5
Valentín Barco,Argentina,,,21-323,1.7,25/26,Ill,2025-12-06,2025-12-10,5,1
Valentín Barco,Argentina,,,21-323,1.7,24/25,Hamstring Injury,2025-01-22,2025-02-10,20,3
Valentín Barco,Argentina,,,21-323,1.7,24/25,Groin Injury,2025-01-10,2025-01-19,10,2
Valentín Barco,Argentina,,,21-323,1.7,23/24,Adductor Pain,2023-08-24,2023-08-29,6,1
Valentín Barco,Argentina,,,21-323,1.7,21/22,Corona Virus,2021-08-16,2021-08-26,11,2
Rodrigo De Paul,Argentina,,,32-018,1.78,25/26,Torn Muscle Fiber,2026-03-18,2026-03-26,9,1
Rodrigo De Paul,Argentina,,,32-018,1.78,25/26,Rest,2026-03-13,2026-03-17,5,1
Rodrigo De Paul,Argentina,,,32-018,1.78,23/24,Hamstring Injury,2023-09-12,2023-09-29,18,4
Enzo Fernández,Argentina,,,25-145,1.78,25/26,Knee Problems,2025-11-09,2025-11-21,13,1
Enzo Fernández,Argentina,,,25-145,1.78,25/26,Knee Problems,2025-10-14,2025-10-20,7,2
Enzo Fernández,Argentina,,,25-145,1.78,24/25,Knock,2025-01-16,2025-01-23,8,1
Enzo Fernández,Argentina,,,25-145,1.78,24/25,Ill,2024-09-13,2024-09-15,3,1
Enzo Fernández,Argentina,,,25-145,1.78,23/24,Groin Surgery,2024-04-25,2024-05-31,37,6
Enzo Fernández,Argentina,,,25-145,1.78,23/24,Unknown Injury,2024-04-13,2024-04-18,6,1
Enzo Fernández,Argentina,,,25-145,1.78,23/24,Unknown Injury,2023-12-19,2023-12-29,11,2
Nicolás González,Argentina,,,28-066,1.88,25/26,Knock,2026-01-11,2026-01-27,17,4
Nicolás González,Argentina,,,28-066,1.88,25/26,Knock,2026-01-02,2026-01-05,4,1
Nicolás González,Argentina,,,28-066,1.88,24/25,Knock,2025-02-08,2025-02-10,3,-
Nicolás González,Argentina,,,28-066,1.88,22/23,Ankle Injury,2023-04-10,2023-04-20,11,1
Nicolás González,Argentina,,,28-066,1.88,22/23,Metatarsal Fracture,2023-01-01,2023-03-01,60,12
Nicolás González,Argentina,,,28-066,1.88,21/22,Broken Toe,2022-04-29,2022-05-29,31,5
Nicolás González,Argentina,,,28-066,1.88,21/22,Influenza,2022-03-24,2022-04-01,9,1
Nicolás González,Argentina,,,28-066,1.88,21/22,Adductor Injury,2021-11-07,2021-11-19,13,2
Nicolás González,Argentina,,,28-066,1.88,21/22,Knock,2021-09-18,2021-09-22,5,1
Giovani Lo Celso,Argentina,,,30-063,1.77,25/26,Hamstring Injury,2026-01-17,2026-04-05,79,17
Giovani Lo Celso,Argentina,,,30-063,1.77,24/25,Muscular Problems,2025-05-19,2025-08-11,85,3
Giovani Lo Celso,Argentina,,,30-063,1.77,24/25,Muscle Injury,2025-02-16,2025-03-25,38,8
Giovani Lo Celso,Argentina,,,30-063,1.77,24/25,Adductor Injury,2025-01-12,2025-02-01,21,3
Giovani Lo Celso,Argentina,,,30-063,1.77,24/25,Hamstring Injury,2024-10-17,2024-11-18,33,6
Giovani Lo Celso,Argentina,,,30-063,1.77,23/24,Knee Problems,2024-05-15,2024-05-20,6,1
Giovani Lo Celso,Argentina,,,30-063,1.77,23/24,Muscle Injury,2024-01-06,2024-02-11,37,5
Giovani Lo Celso,Argentina,,,30-063,1.77,23/24,Unknown Injury,2023-12-14,2023-12-22,9,1
Giovani Lo Celso,Argentina,,,30-063,1.77,23/24,Hamstring Injury,2023-08-29,2023-10-05,38,6
Giovani Lo Celso,Argentina,,,30-063,1.77,22/23,Muscle Tear,2022-10-31,2022-12-19,50,12
Giovani Lo Celso,Argentina,,,30-063,1.77,21/22,Shin Injury,2021-12-25,2021-12-30,6,2
Giovani Lo Celso,Argentina,,,30-063,1.77,21/22,Knee Injury,2021-11-18,2021-12-15,28,5
Giovani Lo Celso,Argentina,,,30-063,1.77,21/22,Quarantine,2021-09-09,2021-09-17,9,3
Giovani Lo Celso,Argentina,,,30-063,1.77,20/21,Hamstring Injury,2020-12-20,2021-03-14,85,21
Giovani Lo Celso,Argentina,,,30-063,1.77,20/21,Knock,2020-11-22,2020-11-28,7,1
Flaco López,Argentina,,,25-187,,-,Ninguna,,,0,0
Alexis Mac Allister,Argentina,,,27-169,1.76,25/26,Muscular Problems,2025-08-18,2025-08-29,12,1
Alexis Mac Allister,Argentina,,,27-169,1.76,24/25,Muscle Injury,2025-05-12,2025-07-29,79,4
Alexis Mac Allister,Argentina,,,27-169,1.76,23/24,Knee Injury,2023-12-07,2023-12-29,23,6
Alexis Mac Allister,Argentina,,,27-169,1.76,20/21,Back Injury,2021-02-02,2021-02-05,4,1
Alexis Mac Allister,Argentina,,,27-169,1.76,20/21,Virus,2020-11-07,2020-12-12,36,5
Emiliano Martínez,Argentina,,,33-282,1.95,25/26,Calf Problems,2026-04-11,2026-04-15,5,1
Emiliano Martínez,Argentina,,,33-282,1.95,25/26,Muscular Problems,2025-12-12,2025-12-15,4,1
Emiliano Martínez,Argentina,,,33-282,1.95,25/26,Muscular Problems,2025-12-02,2025-12-04,3,1
Emiliano Martínez,Argentina,,,33-282,1.95,25/26,Knock,2025-10-01,2025-10-03,3,1
Emiliano Martínez,Argentina,,,33-282,1.95,25/26,Muscle Injury,2025-09-15,2025-09-26,12,2
Emiliano Martínez,Argentina,,,33-282,1.95,24/25,Unknown Injury,2025-03-07,2025-03-09,3,1
Emiliano Martínez,Argentina,,,33-282,1.95,24/25,Unknown Injury,2025-01-09,2025-01-14,6,1
Emiliano Martínez,Argentina,,,33-282,1.95,21/22,Knee Problems,2022-05-20,2022-05-29,10,1
Lautaro Martínez,Argentina,,,28-293,1.75,25/26,Muscle Injury,2026-04-10,2026-05-01,22,2
Lautaro Martínez,Argentina,,,28-293,1.75,25/26,Calf Problems,2026-04-10,2026-04-25,16,2
Lautaro Martínez,Argentina,,,28-293,1.75,25/26,Calf Strain,2026-02-19,2026-04-01,42,9
Lautaro Martínez,Argentina,,,28-293,1.75,24/25,Muscle Fatigue,2025-05-09,2025-05-20,12,2
Lautaro Martínez,Argentina,,,28-293,1.75,24/25,Hamstring Injury,2025-04-30,2025-05-04,5,1
Lautaro Martínez,Argentina,,,28-293,1.75,24/25,Muscle Injury,2025-03-19,2025-04-03,16,4
Lautaro Martínez,Argentina,,,28-293,1.75,24/25,Fever,2024-11-22,2024-11-25,4,1
Lautaro Martínez,Argentina,,,28-293,1.75,24/25,Muscle Fatigue,2024-08-23,2024-08-29,7,1
Lautaro Martínez,Argentina,,,28-293,1.75,23/24,Adductor Injury,2023-12-20,2024-01-04,16,2
Lautaro Martínez,Argentina,,,28-293,1.75,22/23,Muscle Fatigue,2022-10-01,2022-10-04,4,-
Lautaro Martínez,Argentina,,,28-293,1.75,21/22,Corona Virus,2022-03-20,2022-03-31,12,2
Lautaro Martínez,Argentina,,,28-293,1.75,21/22,Muscular Problems,2021-10-06,2021-10-09,4,1
Lautaro Martínez,Argentina,,,28-293,1.75,21/22,Muscular Problems,2021-08-13,2021-08-26,14,1
Lautaro Martínez,Argentina,,,28-293,1.75,18/19,Hamstring Injury,2019-03-27,2019-04-11,16,3
Lautaro Martínez,Argentina,,,28-293,1.75,18/19,Calf Problems,2018-09-05,2018-09-21,17,4
Lisandro Martínez,Argentina,,,28-144,1.75,25/26,Calf Injury,2026-02-23,2026-04-08,45,8
Lisandro Martínez,Argentina,,,28-144,1.75,24/25,Cruciate Ligament Injury,2025-02-03,2025-11-21,292,44
Lisandro Martínez,Argentina,,,28-144,1.75,24/25,Back Problems,2024-11-23,2024-11-25,3,1
Lisandro Martínez,Argentina,,,28-144,1.75,23/24,Calf Strain,2024-04-02,2024-05-01,30,6
Lisandro Martínez,Argentina,,,28-144,1.75,23/24,Knee Injury,2024-02-04,2024-03-29,55,9
Lisandro Martínez,Argentina,,,28-144,1.75,23/24,Foot Injury,2023-09-21,2024-01-04,106,26
Lisandro Martínez,Argentina,,,28-144,1.75,22/23,Metatarsal Fracture,2023-04-14,2023-06-30,78,14
Lisandro Martínez,Argentina,,,28-144,1.75,21/22,Muscle Injury,2022-03-21,2022-05-22,63,9
Lisandro Martínez,Argentina,,,28-144,1.75,21/22,Unknown Injury,2021-12-21,2021-12-31,11,1
Lisandro Martínez,Argentina,,,28-144,1.75,20/21,Knock,2020-09-13,2020-09-19,7,1
Lisandro Martínez,Argentina,,,28-144,1.75,19/20,Hamstring Injury,2019-07-05,2019-07-25,21,1
Facundo Medina,Argentina,,,27-014,1.84,25/26,Ankle Sprain,2025-10-01,2025-12-24,85,17
Facundo Medina,Argentina,,,27-014,1.84,25/26,Injury To The Ankle,2025-08-19,2025-09-01,14,2
Facundo Medina,Argentina,,,27-014,1.84,24/25,Dead Leg,2024-12-09,2024-12-13,5,-
Facundo Medina,Argentina,,,27-014,1.84,22/23,Knee Injury,2023-03-02,2023-03-20,19,3
Facundo Medina,Argentina,,,27-014,1.84,21/22,Muscle Injury,2022-04-19,2022-04-25,7,2
Facundo Medina,Argentina,,,27-014,1.84,20/21,Corona Virus,2021-04-10,2021-04-20,11,2
Facundo Medina,Argentina,,,27-014,1.84,20/21,Knee Problems,2020-12-21,2021-01-15,26,3
Facundo Medina,Argentina,,,27-014,1.84,20/21,Knee Injury,2020-09-01,2020-09-06,6,-
Lionel Messi,Argentina,,,38-352,1.7,25/26,Muscular Problems,2026-05-26,2026-06-06,12,-
Lionel Messi,Argentina,,,38-352,1.7,25/26,Rest,2026-03-13,2026-03-16,4,1
Lionel Messi,Argentina,,,38-352,1.7,25/26,Muscular Problems,2025-08-18,2025-08-26,9,2
Lionel Messi,Argentina,,,38-352,1.7,25/26,Muscular Problems,2025-08-04,2025-08-14,11,2
Lionel Messi,Argentina,,,38-352,1.7,24/25,Adductor Pain,2025-03-18,2025-03-27,10,2
Lionel Messi,Argentina,,,38-352,1.7,24/25,Ligament Injury,2024-07-16,2024-09-12,59,10
Lionel Messi,Argentina,,,38-352,1.7,23/24,Leg Injury,2024-05-14,2024-05-18,5,1
Lionel Messi,Argentina,,,38-352,1.7,23/24,Muscular Problems,2024-03-15,2024-04-05,22,6
Lionel Messi,Argentina,,,38-352,1.7,23/24,Muscle Injury,2023-09-22,2023-10-06,15,4
Lionel Messi,Argentina,,,38-352,1.7,23/24,Muscle Injury,2023-09-06,2023-09-18,13,3
Lionel Messi,Argentina,,,38-352,1.7,22/23,Knee Problems,2023-02-08,2023-02-13,6,1
Lionel Messi,Argentina,,,38-352,1.7,22/23,Achilles Heel Problems,2022-11-05,2022-11-07,3,1
Lionel Messi,Argentina,,,38-352,1.7,22/23,Calf Problems,2022-10-05,2022-10-13,9,2
Lionel Messi,Argentina,,,38-352,1.7,21/22,Flu,2022-03-17,2022-03-24,8,1
Lionel Messi,Argentina,,,38-352,1.7,21/22,Quarantine,2022-01-06,2022-01-20,15,2
Nahuel Molina,Argentina,,,28-066,1.79,24/25,Muscle Injury,2024-11-18,2024-12-06,19,5
Nahuel Molina,Argentina,,,28-066,1.79,23/24,Muscle Injury,2024-05-05,2024-06-11,38,5
Nahuel Molina,Argentina,,,28-066,1.79,23/24,Muscle Injury,2023-07-24,2023-08-18,26,1
Nahuel Molina,Argentina,,,28-066,1.79,21/22,Unknown Injury,2022-01-14,2022-01-22,9,2
Nahuel Molina,Argentina,,,28-066,1.79,20/21,Unknown Injury,2020-10-18,2020-10-21,4,1
Nahuel Molina,Argentina,,,28-066,1.79,18/19,Hip Injury,2018-12-27,2019-01-29,34,1
Nahuel Molina,Argentina,,,28-066,1.79,18/19,Fitness,2018-09-24,2018-10-18,25,1
Gonzalo Montiel,Argentina,,,29-161,1.75,25/26,Muscle Tear,2026-05-17,2026-06-07,22,3
Gonzalo Montiel,Argentina,,,29-161,1.75,25/26,Muscle Tear,2026-03-23,2026-04-07,16,4
Gonzalo Montiel,Argentina,,,29-161,1.75,25/26,Knee Problems,2025-11-11,2025-11-19,9,2
Gonzalo Montiel,Argentina,,,29-161,1.75,25/26,Knee Injury,2025-10-29,2025-11-07,10,1
Gonzalo Montiel,Argentina,,,29-161,1.75,24/25,Muscular Problems,2025-05-13,2025-06-12,31,5
Gonzalo Montiel,Argentina,,,29-161,1.75,24/25,Muscular Problems,2025-04-28,2025-05-06,9,1
Gonzalo Montiel,Argentina,,,29-161,1.75,24/25,Calf Muscle Tear,2025-03-15,2025-04-07,24,6
Gonzalo Montiel,Argentina,,,29-161,1.75,23/24,Unknown Injury,2023-10-19,2023-10-29,11,1
Gonzalo Montiel,Argentina,,,29-161,1.75,21/22,Knock,2022-02-28,2022-03-14,15,3
Gonzalo Montiel,Argentina,,,29-161,1.75,21/22,Muscle Tear,2022-02-07,2022-02-21,15,3
Gonzalo Montiel,Argentina,,,29-161,1.75,21/22,Thigh Problems,2021-12-20,2022-01-03,15,1
Gonzalo Montiel,Argentina,,,29-161,1.75,21/22,Thigh Problems,2021-08-05,2021-08-16,12,3
Gonzalo Montiel,Argentina,,,29-161,1.75,20/21,Corona Virus,2021-05-17,2021-06-03,18,2
Gonzalo Montiel,Argentina,,,29-161,1.75,20/21,Thigh Problems,2021-05-10,2021-05-13,4,1
Gonzalo Montiel,Argentina,,,29-161,1.75,20/21,Mononucleation,2021-02-25,2021-04-01,36,6
Juan Musso,Argentina,,,32-036,1.93,22/23,Ankle Sprain,2022-12-26,2023-01-09,15,1
Juan Musso,Argentina,,,32-036,1.93,22/23,Broken Jaw,2022-09-18,2022-10-23,36,5
Juan Musso,Argentina,,,32-036,1.93,21/22,Corona Virus,2022-01-01,2022-01-07,7,-
Juan Musso,Argentina,,,32-036,1.93,20/21,Surgery,2020-10-12,2020-10-31,20,4
Juan Musso,Argentina,,,32-036,1.93,18/19,Finger Injury,2018-07-19,2018-08-24,37,2
Nicolás Otamendi,Argentina,,,38-119,1.82,25/26,Muscular Problems,2026-03-13,2026-03-19,7,1
Nicolás Otamendi,Argentina,,,38-119,1.82,20/21,Corona Virus,2021-01-20,2021-01-29,10,3
Nicolás Otamendi,Argentina,,,38-119,1.82,19/20,Knock,2019-12-31,2020-01-06,7,2
Nicolás Otamendi,Argentina,,,38-119,1.82,19/20,Knock,2019-10-10,2019-10-21,12,2
Nicolás Otamendi,Argentina,,,38-119,1.82,18/19,Knee Injury,2019-03-17,2019-03-29,13,2
Nicolás Otamendi,Argentina,,,38-119,1.82,18/19,Achilles Tendon Problems,2018-11-10,2018-11-23,14,3
Nicolás Otamendi,Argentina,,,38-119,1.82,18/19,Knock,2018-10-30,2018-11-06,8,2
Nicolás Otamendi,Argentina,,,38-119,1.82,15/16,Ankle Problems,2016-03-17,2016-03-24,8,1
Nicolás Otamendi,Argentina,,,38-119,1.82,14/15,Ankle Problems,2015-01-15,2015-01-19,5,1
Exequiel Palacios,Argentina,,,27-249,1.77,25/26,Fitness,2025-12-16,2026-01-23,39,4
Exequiel Palacios,Argentina,,,27-249,1.77,25/26,Adductor Injury,2025-09-13,2025-12-15,94,22
Exequiel Palacios,Argentina,,,27-249,1.77,25/26,Muscle Injury,2025-08-06,2025-08-27,22,2
Exequiel Palacios,Argentina,,,27-249,1.77,24/25,Groin Problems,2025-04-01,2025-04-10,10,1
Exequiel Palacios,Argentina,,,27-249,1.77,24/25,Fitness,2024-09-05,2024-09-16,12,3
Exequiel Palacios,Argentina,,,27-249,1.77,24/25,Knee Injury,2024-08-05,2024-09-05,32,4
Exequiel Palacios,Argentina,,,27-249,1.77,23/24,Muscular Problems,2024-03-29,2024-04-01,4,1
Exequiel Palacios,Argentina,,,27-249,1.77,23/24,Muscle Injury,2024-01-21,2024-02-27,38,6
Exequiel Palacios,Argentina,,,27-249,1.77,23/24,Rest,2023-12-13,2023-12-15,3,1
Exequiel Palacios,Argentina,,,27-249,1.77,23/24,Knee Problems,2023-11-08,2023-11-10,3,1
Exequiel Palacios,Argentina,,,27-249,1.77,22/23,Muscle Injury,2023-04-10,2023-05-03,24,4
Exequiel Palacios,Argentina,,,27-249,1.77,22/23,Hamstring Injury,2022-09-08,2022-10-27,50,11
Exequiel Palacios,Argentina,,,27-249,1.77,21/22,Back Injury,2022-01-03,2022-02-10,39,6
Exequiel Palacios,Argentina,,,27-249,1.77,21/22,Cold,2021-10-14,2021-10-18,5,1
Exequiel Palacios,Argentina,,,27-249,1.77,21/22,Torn Lateral Ankle Ligament,2021-09-16,2021-10-04,19,4
Leandro Paredes,Argentina,,,31-347,1.82,25/26,Ankle Sprain,2026-02-16,2026-02-26,11,2
Leandro Paredes,Argentina,,,31-347,1.82,24/25,Rest,2025-02-08,2025-02-10,3,1
Leandro Paredes,Argentina,,,31-347,1.82,24/25,Flu,2024-12-12,2024-12-17,6,2
Leandro Paredes,Argentina,,,31-347,1.82,22/23,Unknown Injury,2023-02-06,2023-02-12,7,1
Leandro Paredes,Argentina,,,31-347,1.82,22/23,Hamstring Muscle Injury,2022-10-22,2022-11-07,17,4
Leandro Paredes,Argentina,,,31-347,1.82,21/22,Adductor Injury,2022-04-05,2022-06-30,87,10
Leandro Paredes,Argentina,,,31-347,1.82,21/22,Adductor Pain,2022-02-18,2022-03-08,19,3
Leandro Paredes,Argentina,,,31-347,1.82,21/22,Thigh Problems,2021-10-16,2021-11-14,30,6
Leandro Paredes,Argentina,,,31-347,1.82,21/22,Fitness,2021-08-01,2021-08-25,25,4
Leandro Paredes,Argentina,,,31-347,1.82,20/21,Knock,2020-10-17,2020-11-03,18,4
Leandro Paredes,Argentina,,,31-347,1.82,20/21,Corona Virus,2020-09-02,2020-09-11,10,1
Leandro Paredes,Argentina,,,31-347,1.82,19/20,Ankle Problems,2020-01-13,2020-01-17,5,1
Leandro Paredes,Argentina,,,31-347,1.82,16/17,Torn Lateral Ankle Ligament,2016-11-28,2017-01-02,36,5
Leandro Paredes,Argentina,,,31-347,1.82,16/17,Torn Lateral Ankle Ligament,2016-11-07,2016-11-17,11,-
Leandro Paredes,Argentina,,,31-347,1.82,16/17,Minor Knock,2016-08-25,2016-08-25,1,-
Nicolás Paz,Argentina,,,21-276,1.85,25/26,Knee Problems,2026-05-25,2026-06-08,15,1
Nicolás Paz,Argentina,,,21-276,1.85,25/26,Bruised Knee,2026-05-15,2026-05-22,8,1
Cristian Romero,Argentina,,,28-045,1.85,25/26,Knee Injury,2026-04-12,2026-06-06,56,6
Cristian Romero,Argentina,,,28-045,1.85,25/26,Adductor Injury,2025-10-19,2025-10-31,13,4
Cristian Romero,Argentina,,,28-045,1.85,24/25,Hamstring Injury,2024-12-08,2025-03-03,86,20
Cristian Romero,Argentina,,,28-045,1.85,24/25,Toe Injury,2024-11-22,2024-12-06,15,4
Cristian Romero,Argentina,,,28-045,1.85,24/25,Ankle Injury,2024-11-03,2024-11-08,6,1
Cristian Romero,Argentina,,,28-045,1.85,23/24,Hamstring Strain,2023-12-24,2024-01-12,20,3
Cristian Romero,Argentina,,,28-045,1.85,22/23,Hamstring Injury,2022-10-28,2022-11-19,23,6
Cristian Romero,Argentina,,,28-045,1.85,22/23,Adductor Pain,2022-08-18,2022-09-02,16,3
Cristian Romero,Argentina,,,28-045,1.85,21/22,Hip Problems,2022-05-12,2022-05-26,15,3
Cristian Romero,Argentina,,,28-045,1.85,21/22,Hamstring Injury,2021-11-17,2022-02-05,81,17
Cristian Romero,Argentina,,,28-045,1.85,21/22,Quarantine,2021-09-09,2021-09-17,9,3
Cristian Romero,Argentina,,,28-045,1.85,21/22,Knee Injury,2021-08-20,2021-08-25,6,1
Cristian Romero,Argentina,,,28-045,1.85,21/22,Knee Injury,2021-06-23,2021-07-10,18,3
Cristian Romero,Argentina,,,28-045,1.85,20/21,Muscular Problems,2021-06-10,2021-06-15,6,1
Cristian Romero,Argentina,,,28-045,1.85,20/21,Corona Virus,2021-01-29,2021-02-02,5,1
Gerónimo Rulli,Argentina,,,34-022,1.89,23/24,Shoulder Injury,2023-08-13,2023-11-24,104,22
Gerónimo Rulli,Argentina,,,34-022,1.89,17/18,Cruciate Ligament Strain,2018-02-22,2018-04-18,56,8
Gerónimo Rulli,Argentina,,,34-022,1.89,14/15,Metatarsal Fracture,2014-08-28,2014-11-06,71,9
Giuliano Simeone,Argentina,,,23-175,1.74,25/26,Fever,2026-01-29,2026-02-03,6,1
Giuliano Simeone,Argentina,,,23-175,1.74,23/24,Broken Ankle,2023-08-07,2023-12-31,147,20
Nicolás Tagliafico,Argentina,,,33-284,1.72,25/26,Ankle Sprain,2026-01-22,2026-02-16,26,6
Nicolás Tagliafico,Argentina,,,33-284,1.72,24/25,Calf Injury,2024-08-22,2024-09-13,23,4
Nicolás Tagliafico,Argentina,,,33-284,1.72,23/24,Ill,2024-04-27,2024-05-06,10,1
Nicolás Tagliafico,Argentina,,,33-284,1.72,23/24,Injury To The Ankle,2023-12-05,2023-12-10,6,1
Nicolás Tagliafico,Argentina,,,33-284,1.72,23/24,Rest,2023-10-19,2023-10-23,5,1
Nicolás Tagliafico,Argentina,,,33-284,1.72,22/23,Concussion,2023-04-25,2023-05-03,9,1
Nicolás Tagliafico,Argentina,,,33-284,1.72,22/23,Inflammation Of Pubic Bone,2023-04-11,2023-04-21,11,1
Nicolás Tagliafico,Argentina,,,33-284,1.72,22/23,Rest,2022-12-19,2023-01-02,15,2
Nicolás Tagliafico,Argentina,,,33-284,1.72,20/21,Head Injury,2021-02-19,2021-03-04,14,4
Nicolás Tagliafico,Argentina,,,33-284,1.72,20/21,Eye Injury,2021-01-28,2021-02-09,13,1
Nicolás Tagliafico,Argentina,,,33-284,1.72,20/21,Knock,2020-12-10,2020-12-11,2,-
Nicolás Tagliafico,Argentina,,,33-284,1.72,20/21,Knock,2020-10-30,2020-11-02,4,1
Nicolás Tagliafico,Argentina,,,33-284,1.72,18/19,Knee Injury,2018-12-17,2019-01-30,45,5
Nicolás Tagliafico,Argentina,,,33-284,1.72,18/19,Hip Injury,2018-10-25,2018-10-27,3,-
Nicolás Tagliafico,Argentina,,,33-284,1.72,18/19,Hip Problems,2018-10-17,2018-10-22,6,1
Alisson,Brazil,,,33-252,1.93,25/26,Hamstring Injury,2026-03-20,2026-05-20,62,12
Alisson,Brazil,,,33-252,1.93,25/26,Unknown Injury,2026-03-09,2026-03-14,6,1
Alisson,Brazil,,,33-252,1.93,25/26,Ill,2025-11-24,2025-11-27,4,1
Alisson,Brazil,,,33-252,1.93,25/26,Hamstring Injury,2025-10-01,2025-11-19,50,12
Alisson,Brazil,,,33-252,1.93,24/25,Concussion,2025-03-21,2025-04-07,18,3
Alisson,Brazil,,,33-252,1.93,24/25,Hamstring Injury,2024-10-18,2024-12-19,63,14
Alisson,Brazil,,,33-252,1.93,24/25,Hamstring Injury,2024-10-05,2024-11-10,37,9
Alisson,Brazil,,,33-252,1.93,24/25,Thigh Problems,2024-09-18,2024-09-26,9,2
Alisson,Brazil,,,33-252,1.93,23/24,Hamstring Injury,2024-02-16,2024-04-12,57,15
Alisson,Brazil,,,33-252,1.93,23/24,Virus,2024-02-08,2024-02-12,5,1
Alisson,Brazil,,,33-252,1.93,23/24,Muscular Problems,2023-11-26,2023-12-08,13,3
Alisson,Brazil,,,33-252,1.93,21/22,Corona Virus,2022-01-01,2022-01-08,8,1
Alisson,Brazil,,,33-252,1.93,20/21,Ill,2021-02-01,2021-02-05,5,1
Alisson,Brazil,,,33-252,1.93,20/21,Hip Injury,2020-11-29,2020-12-12,14,3
Alisson,Brazil,,,33-252,1.93,20/21,Shoulder Injury,2020-10-03,2020-10-23,21,5
Gleison Bremer,Brazil,,,29-085,1.88,25/26,Muscular Problems,2026-02-18,2026-02-24,7,1
Gleison Bremer,Brazil,,,29-085,1.88,25/26,Meniscus Injury,2025-10-13,2025-12-09,58,15
Gleison Bremer,Brazil,,,29-085,1.88,25/26,Muscular Problems,2025-09-28,2025-10-07,10,2
Gleison Bremer,Brazil,,,29-085,1.88,24/25,Cruciate Ligament Tear,2024-10-03,2025-06-25,266,53
Gleison Bremer,Brazil,,,29-085,1.88,22/23,Muscle Injury,2023-05-28,2023-07-01,35,3
Gleison Bremer,Brazil,,,29-085,1.88,22/23,Muscle Fatigue,2023-05-10,2023-05-13,4,1
Gleison Bremer,Brazil,,,29-085,1.88,22/23,Thigh Problems,2023-04-20,2023-04-22,3,-
Gleison Bremer,Brazil,,,29-085,1.88,22/23,Unknown Injury,2023-03-13,2023-03-15,3,-
Gleison Bremer,Brazil,,,29-085,1.88,22/23,Muscle Fatigue,2023-01-06,2023-01-11,6,1
Gleison Bremer,Brazil,,,29-085,1.88,22/23,Hamstring Muscle Injury,2022-10-17,2022-11-05,20,4
Gleison Bremer,Brazil,,,29-085,1.88,21/22,Ankle Problems,2022-05-16,2022-05-30,15,1
Gleison Bremer,Brazil,,,29-085,1.88,21/22,Ankle Injury,2021-08-26,2021-09-09,15,1
Gleison Bremer,Brazil,,,29-085,1.88,20/21,Corona Virus,2021-02-22,2021-03-15,22,1
Casemiro,Brazil,,,34-108,1.85,25/26,Unknown Injury,2026-05-06,2026-05-12,7,1
Casemiro,Brazil,,,34-108,1.85,23/24,Knock,2023-10-13,2024-01-04,84,18
Casemiro,Brazil,,,34-108,1.85,21/22,Muscular Problems,2022-04-19,2022-04-25,7,1
Casemiro,Brazil,,,34-108,1.85,21/22,Stomach Flu,2022-02-05,2022-02-11,7,1
Casemiro,Brazil,,,34-108,1.85,21/22,Infection,2021-10-04,2021-10-16,13,3
Casemiro,Brazil,,,34-108,1.85,20/21,Corona Virus,2020-11-07,2020-11-22,16,4
Casemiro,Brazil,,,34-108,1.85,18/19,Ankle Sprain,2018-11-12,2018-12-17,36,9
Casemiro,Brazil,,,34-108,1.85,17/18,Stomach Problems,2018-02-26,2018-02-28,3,1
Casemiro,Brazil,,,34-108,1.85,16/17,Fracture Of Fibula Shaft,2016-09-19,2016-11-25,68,17
Casemiro,Brazil,,,34-108,1.85,15/16,Muscular Problems,2016-05-02,2016-05-08,7,1
Casemiro,Brazil,,,34-108,1.85,15/16,Minor Knock,2016-04-14,2016-04-18,5,1
Casemiro,Brazil,,,34-108,1.85,14/15,Ankle Sprain,2014-09-25,2014-10-16,22,4
Matheus Cunha,Brazil,,,27-015,1.83,25/26,Hip Flexor Problems,2026-04-19,2026-04-30,12,1
Matheus Cunha,Brazil,,,27-015,1.83,25/26,Knock,2025-11-21,2025-12-04,14,2
Matheus Cunha,Brazil,,,27-015,1.83,25/26,Hamstring Injury,2025-08-30,2025-09-18,20,3
Matheus Cunha,Brazil,,,27-015,1.83,23/24,Calf Injury,2024-04-14,2024-04-22,9,1
Matheus Cunha,Brazil,,,27-015,1.83,23/24,Hamstring Injury,2024-02-11,2024-03-30,49,8
Matheus Cunha,Brazil,,,27-015,1.83,22/23,Ankle Injury,2023-02-25,2023-03-03,7,1
Matheus Cunha,Brazil,,,27-015,1.83,22/23,Muscle Injury,2022-09-02,2022-09-09,8,2
Matheus Cunha,Brazil,,,27-015,1.83,21/22,Knee Injury,2022-02-17,2022-03-31,43,9
Matheus Cunha,Brazil,,,27-015,1.83,21/22,Muscle Injury,2021-10-01,2021-10-18,18,4
Matheus Cunha,Brazil,,,27-015,1.83,20/21,Ankle Injury,2021-05-10,2021-06-13,35,6
Matheus Cunha,Brazil,,,27-015,1.83,20/21,Hamstring Injury,2021-02-28,2021-03-15,16,2
Matheus Cunha,Brazil,,,27-015,1.83,20/21,Groin Problems,2021-01-09,2021-01-14,6,1
Matheus Cunha,Brazil,,,27-015,1.83,19/20,Concussion,2020-05-28,2020-06-10,14,2
Matheus Cunha,Brazil,,,27-015,1.83,19/20,Quarantine,2020-03-17,2020-03-31,15,-
Matheus Cunha,Brazil,,,27-015,1.83,19/20,Ill,2020-01-19,2020-01-22,4,1
Danilo,Brazil,,,34-331,1.84,25/26,Knee Problems,2026-01-10,2026-01-31,22,6
Danilo,Brazil,,,34-331,1.84,25/26,Hamstring Injury,2025-07-21,2025-08-16,27,7
Danilo,Brazil,,,34-331,1.84,24/25,Hamstring Injury,2025-02-23,2025-04-12,49,10
Danilo,Brazil,,,34-331,1.84,24/25,Ankle Sprain,2024-12-20,2024-12-28,9,1
Danilo,Brazil,,,34-331,1.84,23/24,Hamstring Muscle Injury,2024-05-05,2024-05-13,9,1
Danilo,Brazil,,,34-331,1.84,23/24,Ankle Injury,2024-02-18,2024-03-02,14,1
Danilo,Brazil,,,34-331,1.84,23/24,Unknown Injury,2023-10-31,2023-12-01,32,5
Danilo,Brazil,,,34-331,1.84,23/24,Torn Muscle Bundle,2023-10-13,2023-10-30,18,3
Danilo,Brazil,,,34-331,1.84,22/23,Ankle Injury,2022-11-24,2022-12-04,11,2
Danilo,Brazil,,,34-331,1.84,21/22,Muscular Problems,2022-05-11,2022-05-23,13,2
Danilo,Brazil,,,34-331,1.84,21/22,Rest,2022-05-05,2022-05-09,5,1
Danilo,Brazil,,,34-331,1.84,21/22,Adductor Pain,2022-01-15,2022-01-17,3,1
Danilo,Brazil,,,34-331,1.84,21/22,Adductor Injury,2021-11-20,2022-01-10,52,10
Danilo,Brazil,,,34-331,1.84,19/20,Hamstring Strain,2020-01-23,2020-02-09,18,3
Danilo,Brazil,,,34-331,1.84,19/20,Hamstring Muscle Injury,2019-09-25,2019-10-15,21,5
Ederson,Brazil,,,32-298,1.88,25/26,Hamstring Strain,2026-03-01,2026-03-06,6,1
Ederson,Brazil,,,32-298,1.88,25/26,Hamstring Strain,2026-02-23,2026-02-28,6,1
Ederson,Brazil,,,32-298,1.88,25/26,Muscular Problems,2025-10-04,2025-10-21,18,4
Ederson,Brazil,,,32-298,1.88,25/26,Ill,2025-08-15,2025-08-23,9,1
Ederson,Brazil,,,32-298,1.88,24/25,Hip Problems,2025-04-13,2025-04-25,13,2
Ederson,Brazil,,,32-298,1.88,24/25,Abdominal Problems,2025-03-14,2025-03-30,17,3
Ederson,Brazil,,,32-298,1.88,24/25,Unknown Injury,2025-02-01,2025-02-10,10,2
Ederson,Brazil,,,32-298,1.88,24/25,Unknown Injury,2024-12-20,2025-01-10,22,4
Ederson,Brazil,,,32-298,1.88,23/24,Eyebow Fracture,2024-05-14,2024-07-28,76,8
Ederson,Brazil,,,32-298,1.88,23/24,Muscle Injury,2024-03-10,2024-04-05,27,5
Ederson,Brazil,,,32-298,1.88,23/24,Knee Injury,2024-01-13,2024-01-20,8,-
Ederson,Brazil,,,32-298,1.88,20/21,Virus,2020-12-27,2021-01-12,17,2
Ederson,Brazil,,,32-298,1.88,19/20,Ill,2019-12-30,2020-01-07,9,2
Ederson,Brazil,,,32-298,1.88,19/20,Ill,2019-12-08,2019-12-14,7,1
Ederson,Brazil,,,32-298,1.88,19/20,Muscular Problems,2019-11-06,2019-11-22,17,3
Éderson,Brazil,,,26-339,1.88,25/26,Hamstring Strain,2026-03-01,2026-03-06,6,1
Éderson,Brazil,,,26-339,1.88,25/26,Hamstring Strain,2026-02-23,2026-02-28,6,1
Éderson,Brazil,,,26-339,1.88,25/26,Muscular Problems,2025-10-04,2025-10-21,18,4
Éderson,Brazil,,,26-339,1.88,25/26,Ill,2025-08-15,2025-08-23,9,1
Éderson,Brazil,,,26-339,1.88,24/25,Hip Problems,2025-04-13,2025-04-25,13,2
Éderson,Brazil,,,26-339,1.88,24/25,Abdominal Problems,2025-03-14,2025-03-30,17,3
Éderson,Brazil,,,26-339,1.88,24/25,Unknown Injury,2025-02-01,2025-02-10,10,2
Éderson,Brazil,,,26-339,1.88,24/25,Unknown Injury,2024-12-20,2025-01-10,22,4
Éderson,Brazil,,,26-339,1.88,23/24,Eyebow Fracture,2024-05-14,2024-07-28,76,8
Éderson,Brazil,,,26-339,1.88,23/24,Muscle Injury,2024-03-10,2024-04-05,27,5
Éderson,Brazil,,,26-339,1.88,23/24,Knee Injury,2024-01-13,2024-01-20,8,-
Éderson,Brazil,,,26-339,1.88,20/21,Virus,2020-12-27,2021-01-12,17,2
Éderson,Brazil,,,26-339,1.88,19/20,Ill,2019-12-30,2020-01-07,9,2
Éderson,Brazil,,,26-339,1.88,19/20,Ill,2019-12-08,2019-12-14,7,1
Éderson,Brazil,,,26-339,1.88,19/20,Muscular Problems,2019-11-06,2019-11-22,17,3
Endrick,Brazil,,,19-325,1.72,25/26,Thigh Problems,2025-08-18,2025-09-14,28,6
Endrick,Brazil,,,19-325,1.72,24/25,Hamstring Injury,2025-05-21,2025-07-21,62,9
Fabinho,Brazil,,,32-231,1.88,23/24,Fitness,2024-05-01,2024-05-25,25,4
Fabinho,Brazil,,,32-231,1.88,23/24,Unknown Injury,2024-03-03,2024-05-01,60,12
Fabinho,Brazil,,,32-231,1.88,21/22,Thigh Problems,2022-05-12,2022-05-25,14,3
Fabinho,Brazil,,,32-231,1.88,21/22,Corona Virus,2021-12-15,2021-12-22,8,2
Fabinho,Brazil,,,32-231,1.88,21/22,Knee Problems,2021-10-23,2021-11-02,11,3
Fabinho,Brazil,,,32-231,1.88,20/21,Muscle Injury,2021-02-11,2021-03-01,19,4
Fabinho,Brazil,,,32-231,1.88,20/21,Muscular Problems,2021-01-26,2021-02-06,12,3
Fabinho,Brazil,,,32-231,1.88,20/21,Hamstring Injury,2020-10-27,2020-11-21,26,5
Fabinho,Brazil,,,32-231,1.88,19/20,Ankle Injury,2019-11-28,2020-01-18,52,13
Fabinho,Brazil,,,32-231,1.88,18/19,Head Injury,2019-04-22,2019-05-03,12,1
Fabinho,Brazil,,,32-231,1.88,18/19,Hamstring Injury,2019-01-20,2019-01-29,10,-
Fabinho,Brazil,,,32-231,1.88,18/19,Ill,2018-08-09,2018-08-11,3,-
Bruno Guimarães,Brazil,,,28-207,1.82,25/26,Hamstring Injury,2026-02-13,2026-04-16,63,14
Bruno Guimarães,Brazil,,,28-207,1.82,22/23,Ankle Injury,2023-02-01,2023-02-20,20,3
Bruno Guimarães,Brazil,,,28-207,1.82,22/23,Hamstring Injury,2022-08-25,2022-09-16,23,3
Bruno Guimarães,Brazil,,,28-207,1.82,20/21,Corona Virus,2021-01-01,2021-01-11,11,2
Luiz Henrique,Brazil,,,25-160,1.82,25/26,Unknown Injury,2025-07-26,2025-08-05,11,3
Luiz Henrique,Brazil,,,25-160,1.82,23/24,Calf Injury,2024-02-16,2024-03-30,44,10
Luiz Henrique,Brazil,,,25-160,1.82,23/24,Unknown Injury,2023-09-26,2023-10-16,21,4
Roger Ibanez,Brazil,,,27-200,1.86,22/23,Heel Injury,2023-03-05,2023-03-10,6,1
Roger Ibanez,Brazil,,,27-200,1.86,22/23,Unknown Injury,2022-10-27,2022-10-30,4,1
Roger Ibanez,Brazil,,,27-200,1.86,21/22,Collateral Ligament Injury,2022-02-08,2022-02-26,19,2
Roger Ibanez,Brazil,,,27-200,1.86,20/21,Muscular Problems,2021-02-18,2021-03-10,21,5
Roger Ibanez,Brazil,,,27-200,1.86,20/21,Muscular Problems,2020-11-22,2020-11-28,7,1
Roger Ibanez,Brazil,,,27-200,1.86,19/20,Adductor Pain,2020-07-20,2020-07-27,8,2
Vinicius Júnior,Brazil,,,25-334,1.76,24/25,Ankle Sprain,2025-05-12,2025-05-23,12,2
Vinicius Júnior,Brazil,,,25-334,1.76,24/25,Muscle Injury,2024-11-25,2024-12-08,14,4
Vinicius Júnior,Brazil,,,25-334,1.76,24/25,Cervical Spine Injury,2024-10-06,2024-10-16,11,1
Vinicius Júnior,Brazil,,,25-334,1.76,23/24,Torn Thigh Muscle,2023-11-18,2024-01-01,45,8
Vinicius Júnior,Brazil,,,25-334,1.76,23/24,Hamstring Muscle Injury,2023-08-26,2023-09-26,32,6
Vinicius Júnior,Brazil,,,25-334,1.76,22/23,Knee Problems,2023-05-24,2023-05-27,4,1
Vinicius Júnior,Brazil,,,25-334,1.76,22/23,Muscle Strain,2023-04-13,2023-04-16,4,1
Vinicius Júnior,Brazil,,,25-334,1.76,21/22,Corona Virus,2021-12-29,2022-01-07,10,2
Vinicius Júnior,Brazil,,,25-334,1.76,20/21,Intestinal Virus,2020-12-19,2020-12-22,4,1
Vinicius Júnior,Brazil,,,25-334,1.76,18/19,Torn Lateral Knee Ligament,2019-03-06,2019-05-03,59,9
Gabriel Magalhães,Brazil,,,28-174,1.9,25/26,Knee Injury,2026-03-22,2026-04-01,11,2
Gabriel Magalhães,Brazil,,,28-174,1.9,25/26,Hamstring Injury,2025-11-16,2025-12-27,42,10
Gabriel Magalhães,Brazil,,,28-174,1.9,24/25,Hamstring Injury,2025-04-02,2025-07-14,104,14
Gabriel Magalhães,Brazil,,,28-174,1.9,24/25,Knee Injury,2024-12-01,2024-12-13,13,3
Gabriel Magalhães,Brazil,,,28-174,1.9,24/25,Knee Injury,2024-10-27,2024-11-01,6,1
Gabriel Magalhães,Brazil,,,28-174,1.9,21/22,Knee Injury,2021-07-06,2021-08-25,51,2
Gabriel Magalhães,Brazil,,,28-174,1.9,20/21,Corona Virus,2020-12-26,2021-01-13,19,4
Gabriel Magalhães,Brazil,,,28-174,1.9,20/21,Ill,2020-08-01,2020-08-31,31,2
Gabriel Magalhães,Brazil,,,28-174,1.9,19/20,Foot Injury,2019-08-01,2019-08-25,25,2
Marquinhos,Brazil,,,32-028,1.83,25/26,Dead Leg,2025-09-26,2025-10-17,22,5
Marquinhos,Brazil,,,32-028,1.83,24/25,Adductor Injury,2025-01-05,2025-01-26,22,4
Marquinhos,Brazil,,,32-028,1.83,23/24,Achilles Tendon Contusion,2024-02-18,2024-04-04,47,8
Marquinhos,Brazil,,,32-028,1.83,23/24,Hamstring Injury,2023-11-23,2023-12-03,11,2
Marquinhos,Brazil,,,32-028,1.83,23/24,Adductor Pain,2023-10-28,2023-11-01,5,1
Marquinhos,Brazil,,,32-028,1.83,22/23,Dead Leg,2023-02-15,2023-02-22,8,1
Marquinhos,Brazil,,,32-028,1.83,22/23,Rest,2022-11-12,2022-11-14,3,1
Marquinhos,Brazil,,,32-028,1.83,21/22,Fitness,2021-07-12,2021-08-16,36,3
Marquinhos,Brazil,,,32-028,1.83,20/21,Adductor Pain,2021-04-08,2021-04-25,18,5
Marquinhos,Brazil,,,32-028,1.83,20/21,Adductor Pain,2021-01-23,2021-02-05,14,2
Marquinhos,Brazil,,,32-028,1.83,20/21,Hip Problems,2020-12-10,2020-12-17,8,2
Marquinhos,Brazil,,,32-028,1.83,20/21,Adductor Pain,2020-11-25,2020-12-01,7,1
Marquinhos,Brazil,,,32-028,1.83,20/21,Adductor Pain,2020-10-14,2020-10-18,5,1
Marquinhos,Brazil,,,32-028,1.83,20/21,Corona Virus,2020-09-02,2020-09-16,15,2
Marquinhos,Brazil,,,32-028,1.83,19/20,Hamstring Strain,2020-01-23,2020-02-13,22,6
Gabriel Martinelli,Brazil,,,24-358,1.78,25/26,Groin Problems,2025-10-27,2025-11-21,26,6
Gabriel Martinelli,Brazil,,,24-358,1.78,24/25,Hamstring Injury,2025-02-06,2025-03-07,30,4
Gabriel Martinelli,Brazil,,,24-358,1.78,23/24,Foot Injury,2024-03-05,2024-03-29,25,4
Gabriel Martinelli,Brazil,,,24-358,1.78,23/24,Hamstring Injury,2023-09-17,2023-10-07,21,5
Gabriel Martinelli,Brazil,,,24-358,1.78,22/23,Ankle Injury,2023-05-14,2023-06-01,19,2
Gabriel Martinelli,Brazil,,,24-358,1.78,21/22,Ill,2022-03-18,2022-03-21,4,1
Gabriel Martinelli,Brazil,,,24-358,1.78,20/21,Ankle Injury,2021-01-09,2021-01-17,9,2
Gabriel Martinelli,Brazil,,,24-358,1.78,19/20,Knee Injury,2020-06-21,2020-12-18,181,35
Gabriel Martinelli,Brazil,,,24-358,1.78,19/20,Knock,2020-02-20,2020-02-25,6,1
Gabriel Martinelli,Brazil,,,24-358,1.78,19/20,Hamstring Injury,2019-12-23,2020-01-06,15,3
Neymar,Brazil,,,34-126,1.75,25/26,Calf Injury,2026-05-18,,29,7
Neymar,Brazil,,,34-126,1.75,25/26,Rest,2026-04-24,2026-05-03,10,2
Neymar,Brazil,,,34-126,1.75,25/26,Knee Surgery,2025-12-15,2026-02-14,62,10
Neymar,Brazil,,,34-126,1.75,25/26,Meniscus Injury,2025-11-21,2025-11-27,7,1
Neymar,Brazil,,,34-126,1.75,25/26,Hamstring Injury,2025-09-19,2025-10-31,43,9
Neymar,Brazil,,,34-126,1.75,24/25,Hamstring Injury,2025-04-17,2025-05-21,35,6
Neymar,Brazil,,,34-126,1.75,24/25,Hamstring Injury,2025-03-04,2025-04-12,40,4
Neymar,Brazil,,,34-126,1.75,24/25,Fitness,2024-12-17,2025-02-03,49,6
Neymar,Brazil,,,34-126,1.75,24/25,Hamstring Injury,2024-11-05,2024-12-16,42,8
Neymar,Brazil,,,34-126,1.75,24/25,Fitness,2024-09-23,2024-10-19,27,7
Neymar,Brazil,,,34-126,1.75,23/24,Cruciate Ligament Tear,2023-10-19,2024-09-22,340,60
Neymar,Brazil,,,34-126,1.75,23/24,Muscular Problems,2023-08-04,2023-09-03,31,5
Neymar,Brazil,,,34-126,1.75,22/23,Ankle Surgery,2023-02-20,2023-06-30,131,18
Neymar,Brazil,,,34-126,1.75,22/23,Ankle Injury,2022-11-25,2022-12-04,10,2
Neymar,Brazil,,,34-126,1.75,21/22,Ankle Injury,2021-11-29,2022-02-13,77,15
Lucas Paquetá,Brazil,,,28-288,1.83,25/26,Hamstring Injury,2026-04-20,2026-05-16,27,7
Lucas Paquetá,Brazil,,,28-288,1.83,24/25,Ankle Injury,2025-02-21,2025-03-10,18,2
Lucas Paquetá,Brazil,,,28-288,1.83,24/25,Hip Injury,2025-01-30,2025-02-14,16,1
Lucas Paquetá,Brazil,,,28-288,1.83,23/24,Calf Injury,2024-01-07,2024-02-21,46,6
Lucas Paquetá,Brazil,,,28-288,1.83,22/23,Foot Injury,2023-04-07,2023-04-13,7,1
Lucas Paquetá,Brazil,,,28-288,1.83,22/23,Shoulder Injury,2023-02-11,2023-02-21,11,1
Lucas Paquetá,Brazil,,,28-288,1.83,22/23,Shoulder Injury,2022-10-17,2022-11-05,20,5
Lucas Paquetá,Brazil,,,28-288,1.83,19/20,Thigh Problems,2019-09-22,2019-09-28,7,1
Lucas Paquetá,Brazil,,,28-288,1.83,18/19,Ankle Sprain,2019-04-02,2019-04-17,16,2
Léo Pereira,Brazil,,,30-131,1.89,25/26,Cut,2026-04-27,2026-05-02,6,1
Léo Pereira,Brazil,,,30-131,1.89,24/25,Thigh Problems,2024-12-02,2024-12-07,6,1
Léo Pereira,Brazil,,,30-131,1.89,24/25,Knee Problems,2024-08-29,2024-09-11,14,1
Léo Pereira,Brazil,,,30-131,1.89,22/23,Hamstring Injury,2024-05-19,2024-05-29,11,2
Léo Pereira,Brazil,,,30-131,1.89,23/24,Bruised Ribs,2023-10-26,2023-10-31,6,-
Léo Pereira,Brazil,,,30-131,1.89,23/24,Hamstring Injury,2020-02-12,2020-02-22,11,2
Raphinha,Brazil,,,29-179,1.76,25/26,Hamstring Injury,2026-03-28,2026-04-30,34,7
Raphinha,Brazil,,,29-179,1.76,25/26,Hamstring Strain,2026-02-02,2026-02-14,13,3
Raphinha,Brazil,,,29-179,1.76,25/26,Dead Leg,2026-01-15,2026-01-21,7,1
Raphinha,Brazil,,,29-179,1.76,25/26,Hamstring Injury,2025-09-26,2025-11-22,58,13
Raphinha,Brazil,,,29-179,1.76,23/24,Knock,2024-03-08,2024-03-10,3,-
Raphinha,Brazil,,,29-179,1.76,23/24,Muscle Injury,2024-01-12,2024-02-10,30,7
Raphinha,Brazil,,,29-179,1.76,23/24,Muscle Injury,2023-09-30,2023-10-27,28,6
Raphinha,Brazil,,,29-179,1.76,21/22,Corona Virus,2022-03-17,2022-03-31,15,3
Raphinha,Brazil,,,29-179,1.76,21/22,Ill,2021-11-19,2021-11-22,4,1
Raphinha,Brazil,,,29-179,1.76,20/21,Hamstring Injury,2021-04-12,2021-05-03,22,3
Raphinha,Brazil,,,29-179,1.76,20/21,Ankle Injury,2020-10-26,2020-11-06,12,1
Raphinha,Brazil,,,29-179,1.76,19/20,Back Injury,2020-02-05,2020-02-07,3,-
Raphinha,Brazil,,,29-179,1.76,19/20,Ill,2019-10-14,2019-10-21,8,1
Raphinha,Brazil,,,29-179,1.76,18/19,Unknown Injury,2019-04-04,2019-04-10,7,1
Raphinha,Brazil,,,29-179,1.76,18/19,Unknown Injury,2018-10-16,2018-12-18,64,13
Rayan,Brazil,,,19-312,1.77,25/26,Thigh Problems,2025-08-30,2025-10-03,35,9
Rayan,Brazil,,,19-312,1.77,23/24,Muscle Injury,2024-04-01,2024-04-02,2,-
Rayan,Brazil,,,19-312,1.77,21/22,Metatarsal Fracture,2022-02-09,2022-05-09,90,19
Alex Sandro,Brazil,,,35-136,1.8,25/26,Thigh Problems,2026-03-23,2026-04-11,20,5
Alex Sandro,Brazil,,,35-136,1.8,25/26,Calf Injury,2025-08-26,2025-09-20,26,5
Alex Sandro,Brazil,,,35-136,1.8,25/26,Hamstring Injury,2025-07-13,2025-07-30,18,4
Alex Sandro,Brazil,,,35-136,1.8,24/25,Hamstring Injury,2025-04-17,2025-05-03,17,4
Alex Sandro,Brazil,,,35-136,1.8,24/25,Hamstring Injury,2025-02-09,2025-03-07,27,4
Alex Sandro,Brazil,,,35-136,1.8,24/25,Calf Problems,2024-12-02,2024-12-07,6,1
Alex Sandro,Brazil,,,35-136,1.8,24/25,Muscular Problems,2024-10-21,2024-11-02,13,2
Alex Sandro,Brazil,,,35-136,1.8,24/25,Hamstring Injury,2024-10-03,2024-10-16,14,2
Alex Sandro,Brazil,,,35-136,1.8,24/25,Fitness,2024-08-24,2024-09-14,22,6
Alex Sandro,Brazil,,,35-136,1.8,23/24,Leg Injury,2024-05-03,2024-05-13,11,-
Alex Sandro,Brazil,,,35-136,1.8,23/24,Muscle Fatigue,2024-03-30,2024-04-02,4,-
Alex Sandro,Brazil,,,35-136,1.8,23/24,Unknown Injury,2023-12-28,2024-01-08,12,-
Alex Sandro,Brazil,,,35-136,1.8,23/24,Hamstring Muscle Injury,2023-09-18,2023-11-22,66,3
Alex Sandro,Brazil,,,35-136,1.8,22/23,Muscle Fatigue,2023-04-12,2023-04-17,6,2
Alex Sandro,Brazil,,,35-136,1.8,22/23,Hamstring Muscle Injury,2023-03-09,2023-03-29,21,4
Danilo Santos,Brazil,,,25-043,1.77,25/26,Hamstring Injury,2026-02-16,2026-02-24,9,2
Danilo Santos,Brazil,,,25-043,1.77,25/26,Hamstring Injury,2025-11-23,2026-01-20,59,5
Danilo Santos,Brazil,,,25-043,1.77,25/26,Hamstring Injury,2025-09-18,2025-10-25,38,7
Danilo Santos,Brazil,,,25-043,1.77,25/26,Fitness,2025-07-19,2025-08-02,15,3
Danilo Santos,Brazil,,,25-043,1.77,24/25,Fitness,2025-01-01,2025-01-10,10,1
Danilo Santos,Brazil,,,25-043,1.77,24/25,Broken Ankle,2024-08-17,2025-01-10,147,20
Danilo Santos,Brazil,,,25-043,1.77,23/24,Unknown Injury,2023-09-02,2023-11-04,64,6
Danilo Santos,Brazil,,,25-043,1.77,20/21,Corona Virus,2020-11-20,2020-11-28,9,1
Douglas Santos,Brazil,,,32-081,1.73,25/26,Shoulder Injury,2025-10-25,2025-12-31,68,10
Douglas Santos,Brazil,,,32-081,1.73,23/24,Muscle Injury,2024-05-19,2024-06-10,23,3
Douglas Santos,Brazil,,,32-081,1.73,21/22,Hamstring Strain,2021-10-24,2021-11-16,24,4
Douglas Santos,Brazil,,,32-081,1.73,20/21,Muscle Injury,2020-11-24,2020-11-30,7,1
Douglas Santos,Brazil,,,32-081,1.73,18/19,Hamstring Strain,2019-02-11,2019-02-20,10,1
Douglas Santos,Brazil,,,32-081,1.73,17/18,Stomach Flu,2017-10-13,2017-10-20,8,1
Igor Thiago,Brazil,,,24-350,1.9,24/25,Knee Injury,2024-12-07,2025-05-02,147,21
Igor Thiago,Brazil,,,24-350,1.9,24/25,Meniscus Injury,2024-07-21,2024-11-23,126,14
Igor Thiago,Brazil,,,24-350,1.9,23/24,Knee Injury,2024-05-13,2024-06-30,49,2
Igor Thiago,Brazil,,,24-350,1.9,23/24,Overstretching,2024-03-01,2024-03-13,13,3
Igor Thiago,Brazil,,,24-350,1.9,20/21,Corona Virus,2021-01-16,2021-01-24,9,2
Wesley,Brazil,,,22-278,1.88,25/26,Fever,2025-12-31,2026-01-06,7,1
Wesley,Brazil,,,22-278,1.88,25/26,Rest,2025-12-02,2025-12-04,3,1
Wesley,Brazil,,,22-278,1.88,25/26,Rest,2025-11-21,2025-11-23,3,1
Wesley,Brazil,,,22-278,1.88,25/26,Concussion,2025-09-24,2025-10-20,27,4
Wesley,Brazil,,,22-278,1.88,24/25,Surgery,2025-04-01,2025-07-01,92,18
Wesley,Brazil,,,22-278,1.88,24/25,Hamstring Injury,2024-12-01,2025-02-24,86,17
Wesley,Brazil,,,22-278,1.88,23/24,Cruciate Ligament Tear,2023-07-17,2024-06-30,350,64
Wesley,Brazil,,,22-278,1.88,22/23,Knee Injury,2022-12-20,2023-02-13,56,9
Wesley,Brazil,,,22-278,1.88,22/23,Knee Injury,2022-10-06,2022-12-16,72,11
Wesley,Brazil,,,22-278,1.88,21/22,Broken Fibula,2021-08-04,2022-03-15,224,47
Wesley,Brazil,,,22-278,1.88,20/21,Hamstring Strain,2021-02-03,2021-03-01,27,8
Wesley,Brazil,,,22-278,1.88,20/21,Knee Injury,2020-12-27,2021-01-02,7,1
Wesley,Brazil,,,22-278,1.88,20/21,Knee Injury,2020-11-09,2020-11-21,13,2
Wesley,Brazil,,,22-278,1.88,19/20,Knee Injury,2019-11-08,2019-11-27,20,2
Wesley,Brazil,,,22-278,1.88,19/20,Knee Injury,2019-08-10,2019-10-05,57,10
Wéverton,Brazil,,,38-180,1.89,25/26,Finger Injury,2025-10-16,2026-01-09,86,16
Maghnes Akliouche,France,,,24-106,1.83,25/26,Hip Injury,2026-02-20,2026-02-24,5,1
Maghnes Akliouche,France,,,24-106,1.83,24/25,Muscle Fatigue,2025-01-09,2025-01-16,8,2
Maghnes Akliouche,France,,,24-106,1.83,23/24,Ill,2023-08-24,2023-08-28,5,1
Maghnes Akliouche,France,,,24-106,1.83,22/23,Ill,2023-04-27,2023-05-01,5,1
Maghnes Akliouche,France,,,24-106,1.83,22/23,Hip Problems,2022-10-22,2022-10-24,3,1
Bradley Barcola,France,,,23-282,1.82,25/26,Ankle Sprain,2026-03-18,2026-04-13,27,5
Bradley Barcola,France,,,23-282,1.82,25/26,Hamstring Injury,2025-09-20,2025-09-23,4,1
Bradley Barcola,France,,,23-282,1.82,24/25,Knee Injury,2025-06-06,2025-06-29,24,2
Bradley Barcola,France,,,23-282,1.82,23/24,Hamstring Muscle Injury,2024-03-23,2024-04-07,16,3
Bradley Barcola,France,,,23-282,1.82,22/23,Ill,2023-05-12,2023-05-18,7,1
Rayan Cherki,France,,,22-298,1.77,25/26,Thigh Problems,2025-08-30,2025-10-03,35,9
Rayan Cherki,France,,,22-298,1.77,23/24,Muscle Injury,2024-04-01,2024-04-02,2,-
Rayan Cherki,France,,,22-298,1.77,21/22,Metatarsal Fracture,2022-02-09,2022-05-09,90,19
Ousmane Dembélé,France,,,29-027,1.78,25/26,Calf Injury,2026-02-18,2026-03-01,12,3
Ousmane Dembélé,France,,,29-027,1.78,25/26,Ill,2025-12-08,2025-12-15,8,2
Ousmane Dembélé,France,,,29-027,1.78,25/26,Calf Injury,2025-11-05,2025-11-25,21,4
Ousmane Dembélé,France,,,29-027,1.78,25/26,Fitness,2025-10-16,2025-10-19,4,1
Ousmane Dembélé,France,,,29-027,1.78,25/26,Hamstring Injury,2025-09-06,2025-10-15,40,9
Ousmane Dembélé,France,,,29-027,1.78,24/25,Dead Leg,2025-06-06,2025-06-29,24,4
Ousmane Dembélé,France,,,29-027,1.78,24/25,Hamstring Injury,2025-04-30,2025-05-08,9,1
Ousmane Dembélé,France,,,29-027,1.78,24/25,Ill,2025-01-14,2025-01-19,6,2
Ousmane Dembélé,France,,,29-027,1.78,24/25,Hamstring Injury,2024-11-11,2024-11-21,11,2
Ousmane Dembélé,France,,,29-027,1.78,23/24,Muscle Injury,2024-05-13,2024-05-21,9,2
Ousmane Dembélé,France,,,29-027,1.78,23/24,Ruptured Eardrum,2024-03-16,2024-03-20,5,1
Ousmane Dembélé,France,,,29-027,1.78,23/24,Dead Leg,2024-02-01,2024-02-08,8,1
Ousmane Dembélé,France,,,29-027,1.78,23/24,Groin Injury,2023-12-18,2024-01-08,22,2
Ousmane Dembélé,France,,,29-027,1.78,22/23,Hamstring Injury,2023-01-29,2023-04-28,90,19
Ousmane Dembélé,France,,,29-027,1.78,21/22,Angina,2022-04-30,2022-04-30,1,-
Lucas Digne,France,,,32-326,1.78,23/24,Hamstring Injury,2023-12-26,2024-02-06,43,6
Lucas Digne,France,,,32-326,1.78,22/23,Shoulder Injury,2023-01-14,2023-02-03,21,1
Lucas Digne,France,,,32-326,1.78,22/23,Ankle Injury,2022-09-17,2022-10-27,41,7
Lucas Digne,France,,,32-326,1.78,21/22,Shoulder Injury,2022-04-09,2022-04-25,17,1
Lucas Digne,France,,,32-326,1.78,21/22,Hamstring Injury,2022-03-14,2022-03-21,8,1
Lucas Digne,France,,,32-326,1.78,20/21,Ankle Injury,2020-11-26,2021-01-11,47,8
Lucas Digne,France,,,32-326,1.78,19/20,Calf Injury,2020-02-09,2020-03-07,28,2
Lucas Digne,France,,,32-326,1.78,19/20,Ankle Injury,2019-12-08,2019-12-14,7,-
Lucas Digne,France,,,32-326,1.78,18/19,Foot Injury,2019-04-22,2019-04-26,5,-
Lucas Digne,France,,,32-326,1.78,18/19,Hamstring Injury,2019-03-24,2019-03-29,6,1
Lucas Digne,France,,,32-326,1.78,18/19,Bruise,2018-08-13,2018-08-24,12,1
Lucas Digne,France,,,32-326,1.78,17/18,Hamstring Injury,2018-03-28,2018-04-16,20,5
Lucas Digne,France,,,32-326,1.78,17/18,Finger Injury,2018-02-05,2018-02-10,6,1
Lucas Digne,France,,,32-326,1.78,16/17,Knee Problems,2017-01-30,2017-02-06,8,2
Lucas Digne,France,,,32-326,1.78,15/16,Hamstring Muscle Injury,2016-01-29,2016-02-05,8,2
Désiré Doué,France,,,21-008,1.81,25/26,Hamstring Injury,2025-10-30,2025-12-08,40,9
Désiré Doué,France,,,21-008,1.81,25/26,Calf Injury,2025-09-06,2025-10-14,39,9
Désiré Doué,France,,,21-008,1.81,24/25,Injury To The Ankle,2024-10-08,2024-10-18,11,2
Désiré Doué,France,,,21-008,1.81,24/25,Ankle Injury,2024-09-25,2024-09-29,5,1
Désiré Doué,France,,,21-008,1.81,23/24,Ill,2024-02-05,2024-02-10,6,-
Désiré Doué,France,,,21-008,1.81,22/23,Back Injury,2023-04-20,2023-05-18,29,4
Désiré Doué,France,,,21-008,1.81,22/23,Ill,2023-03-10,2023-03-15,6,1
Désiré Doué,France,,,21-008,1.81,22/23,Injury To The Ankle,2022-11-17,2023-01-06,51,4
Désiré Doué,France,,,21-008,1.81,22/23,Ill,2022-10-28,2022-11-01,5,1
Malo Gusto,France,,,23-023,1.78,25/26,Ill,2026-03-15,2026-03-19,5,1
Malo Gusto,France,,,23-023,1.78,25/26,Ill,2026-01-09,2026-01-18,10,3
Malo Gusto,France,,,23-023,1.78,24/25,Muscle Injury,2025-04-20,2025-04-28,9,1
Malo Gusto,France,,,23-023,1.78,24/25,Injury To The Ankle,2025-03-07,2025-03-15,9,2
Malo Gusto,France,,,23-023,1.78,24/25,Ill,2024-11-22,2024-11-29,8,2
Malo Gusto,France,,,23-023,1.78,24/25,Muscle Injury,2024-09-01,2024-09-22,22,6
Malo Gusto,France,,,23-023,1.78,23/24,Unknown Injury,2024-04-22,2024-05-05,14,3
Malo Gusto,France,,,23-023,1.78,23/24,Rest,2024-04-07,2024-04-08,2,1
Malo Gusto,France,,,23-023,1.78,23/24,Hamstring Injury,2024-03-31,2024-04-02,3,-
Malo Gusto,France,,,23-023,1.78,23/24,Muscle Injury,2024-01-20,2024-01-28,9,2
Malo Gusto,France,,,23-023,1.78,23/24,Knee Injury,2023-11-14,2023-12-14,31,8
Malo Gusto,France,,,23-023,1.78,22/23,Hamstring Injury,2023-02-09,2023-04-17,68,13
Malo Gusto,France,,,23-023,1.78,22/23,Strain In The Thigh And Gluteal Muscles,2023-01-15,2023-01-30,16,1
Malo Gusto,France,,,23-023,1.78,22/23,Strain In The Thigh And Gluteal Muscles,2022-12-22,2023-01-08,18,3
Malo Gusto,France,,,23-023,1.78,22/23,Knock,2022-09-27,2022-10-05,9,1
Lucas Hernández,France,,,30-117,1.84,23/24,Cruciate Ligament Tear,2024-05-01,2024-12-01,215,37
Lucas Hernández,France,,,30-117,1.84,23/24,Unknown Injury,2024-04-04,2024-04-10,7,1
Lucas Hernández,France,,,30-117,1.84,22/23,Cruciate Ligament Tear,2022-11-23,2023-06-30,220,35
Lucas Hernández,France,,,30-117,1.84,22/23,Torn Muscle Bundle,2022-09-14,2022-10-31,48,12
Lucas Hernández,France,,,30-117,1.84,21/22,Muscular Problems,2022-06-09,2022-06-13,5,-
Lucas Hernández,France,,,30-117,1.84,21/22,Muscular Problems,2022-04-14,2022-04-21,8,1
Lucas Hernández,France,,,30-117,1.84,21/22,Thigh Problems,2022-04-07,2022-04-11,5,1
Lucas Hernández,France,,,30-117,1.84,21/22,Corona Virus,2022-01-03,2022-01-17,15,2
Lucas Hernández,France,,,30-117,1.84,21/22,Meniscus Tear,2021-06-28,2021-08-30,64,5
Lucas Hernández,France,,,30-117,1.84,20/21,Bruised Ribs,2021-04-08,2021-04-12,5,1
Lucas Hernández,France,,,30-117,1.84,20/21,Thigh Problems,2020-12-03,2020-12-07,5,1
Lucas Hernández,France,,,30-117,1.84,19/20,Tendon Irritation,2020-03-02,2020-03-05,4,1
Lucas Hernández,France,,,30-117,1.84,19/20,Fitness,2020-01-20,2020-02-03,15,2
Lucas Hernández,France,,,30-117,1.84,19/20,Inner Ankle Ligament Tear,2019-10-24,2020-01-20,89,16
Lucas Hernández,France,,,30-117,1.84,19/20,Knee Bruise,2019-09-30,2019-10-10,11,2
Theo Hernández,France,,,28-248,1.84,24/25,Thigh Problems,2025-05-15,2025-05-22,8,1
Theo Hernández,France,,,28-248,1.84,24/25,Rest,2024-12-02,2024-12-05,4,1
Theo Hernández,France,,,28-248,1.84,23/24,Flu,2024-05-17,2024-05-21,5,1
Theo Hernández,France,,,28-248,1.84,23/24,Bruise On Ankle,2023-11-04,2023-11-07,4,1
Theo Hernández,France,,,28-248,1.84,23/24,Muscle Fatigue,2023-09-22,2023-09-25,4,1
Theo Hernández,France,,,28-248,1.84,22/23,Flu,2023-03-17,2023-03-21,5,1
Theo Hernández,France,,,28-248,1.84,22/23,Muscle Fatigue,2023-01-23,2023-01-27,5,1
Theo Hernández,France,,,28-248,1.84,22/23,Adductor Injury,2022-09-19,2022-10-06,18,4
Theo Hernández,France,,,28-248,1.84,21/22,Fever,2021-12-15,2021-12-20,6,1
Theo Hernández,France,,,28-248,1.84,21/22,Corona Virus,2021-10-13,2021-10-24,12,3
Theo Hernández,France,,,28-248,1.84,20/21,Muscle Fatigue,2021-04-20,2021-04-26,7,1
Theo Hernández,France,,,28-248,1.84,20/21,Stomach Flu,2021-03-11,2021-03-12,2,1
Theo Hernández,France,,,28-248,1.84,20/21,Shin Bruise,2021-03-03,2021-03-11,9,2
Theo Hernández,France,,,28-248,1.84,20/21,Quarantine,2021-01-17,2021-01-21,5,1
Theo Hernández,France,,,28-248,1.84,19/20,Capsular Tear Of Ankle Joint,2019-07-24,2019-09-15,54,2
N'Golo Kanté,France,,,35-074,1.68,24/25,Muscle Injury,2025-01-09,2025-01-13,5,1
N'Golo Kanté,France,,,35-074,1.68,22/23,Groin Injury,2023-05-12,2023-05-29,18,4
N'Golo Kanté,France,,,35-074,1.68,22/23,Fitness,2023-02-20,2023-03-12,21,4
N'Golo Kanté,France,,,35-074,1.68,22/23,Hamstring Injury,2022-08-15,2023-02-20,190,39
N'Golo Kanté,France,,,35-074,1.68,21/22,Knee Problems,2022-06-09,2022-06-30,22,2
N'Golo Kanté,France,,,35-074,1.68,21/22,Knock,2022-04-28,2022-05-12,15,3
N'Golo Kanté,France,,,35-074,1.68,21/22,Corona Virus,2022-01-06,2022-01-10,5,1
N'Golo Kanté,France,,,35-074,1.68,21/22,Knee Problems,2021-11-25,2021-12-16,22,5
N'Golo Kanté,France,,,35-074,1.68,21/22,Corona Virus,2021-09-27,2021-10-11,15,4
N'Golo Kanté,France,,,35-074,1.68,21/22,Groin Injury,2021-08-26,2021-09-16,22,4
N'Golo Kanté,France,,,35-074,1.68,20/21,Muscle Injury,2021-03-25,2021-04-01,8,2
N'Golo Kanté,France,,,35-074,1.68,20/21,Hamstring Injury,2021-01-07,2021-02-01,26,5
N'Golo Kanté,France,,,35-074,1.68,20/21,Rest,2020-09-21,2020-09-24,4,1
N'Golo Kanté,France,,,35-074,1.68,19/20,Hamstring Injury,2020-07-02,2020-07-30,29,6
N'Golo Kanté,France,,,35-074,1.68,19/20,Muscle Injury,2020-02-17,2020-06-08,113,5
Ibrahima Konaté,France,,,27-017,1.94,24/25,Knee Injury,2024-11-28,2024-12-31,34,8
Ibrahima Konaté,France,,,27-017,1.94,23/24,Thigh Problems,2024-03-07,2024-03-19,13,3
Ibrahima Konaté,France,,,27-017,1.94,23/24,Hamstring Injury,2023-11-10,2023-11-22,13,3
Ibrahima Konaté,France,,,27-017,1.94,23/24,Muscle Injury,2023-08-25,2023-09-14,21,4
Ibrahima Konaté,France,,,27-017,1.94,22/23,Minor Knock,2023-04-23,2023-04-27,5,1
Ibrahima Konaté,France,,,27-017,1.94,22/23,Muscle Injury,2023-01-30,2023-02-27,29,5
Ibrahima Konaté,France,,,27-017,1.94,22/23,Knock,2022-11-10,2022-12-27,48,3
Ibrahima Konaté,France,,,27-017,1.94,22/23,Muscle Injury,2022-10-12,2022-10-23,12,3
Ibrahima Konaté,France,,,27-017,1.94,22/23,Knee Injury,2022-08-01,2022-09-25,56,9
Ibrahima Konaté,France,,,27-017,1.94,20/21,Ankle Injury,2020-12-17,2021-02-04,50,9
Ibrahima Konaté,France,,,27-017,1.94,20/21,Torn Muscle Fiber,2020-07-01,2020-10-15,107,10
Ibrahima Konaté,France,,,27-017,1.94,19/20,Torn Muscle Fiber,2020-05-22,2020-06-05,15,3
Ibrahima Konaté,France,,,27-017,1.94,19/20,Torn Muscle Fiber,2019-10-03,2020-03-11,161,31
Ibrahima Konaté,France,,,27-017,1.94,17/18,Minor Knock,2017-12-18,2017-12-23,6,-
Ibrahima Konaté,France,,,27-017,1.94,17/18,Thigh Problems,2017-11-09,2017-11-16,8,-
Manu Koné,France,,,25-025,1.85,25/26,Muscular Problems,2026-05-16,2026-05-20,5,1
Manu Koné,France,,,25-025,1.85,25/26,Hamstring Muscle Injury,2026-03-20,2026-04-28,40,7
Manu Koné,France,,,25-025,1.85,25/26,Muscle Fatigue,2026-03-12,2026-03-14,3,1
Manu Koné,France,,,25-025,1.85,25/26,Hamstring Injury,2026-01-25,2026-02-18,25,4
Manu Koné,France,,,25-025,1.85,25/26,Bruise On Ankle,2025-10-24,2025-10-25,2,-
Manu Koné,France,,,25-025,1.85,24/25,Muscle Fatigue,2024-12-16,2024-12-20,5,1
Manu Koné,France,,,25-025,1.85,23/24,Torn Muscle Fiber,2024-03-25,2024-04-26,33,4
Manu Koné,France,,,25-025,1.85,23/24,Strain,2024-01-15,2024-01-19,5,-
Manu Koné,France,,,25-025,1.85,23/24,Muscular Problems,2023-12-06,2023-12-11,6,1
Manu Koné,France,,,25-025,1.85,22/23,Knee Injury,2023-06-29,2023-09-05,69,4
Manu Koné,France,,,25-025,1.85,22/23,Muscular Problems,2023-05-22,2023-06-11,21,1
Manu Koné,France,,,25-025,1.85,22/23,Hamstring Strain,2023-04-26,2023-05-02,7,1
Manu Koné,France,,,25-025,1.85,22/23,Knock,2022-06-30,2022-08-04,36,1
Manu Koné,France,,,25-025,1.85,21/22,Inner Ligament Injury,2021-07-05,2021-09-06,64,4
Manu Koné,France,,,25-025,1.85,19/20,Heel Problems,2019-12-02,2019-12-05,4,1
Jules Koundé,France,,,27-211,1.8,25/26,Muscle Injury,2026-03-03,2026-04-01,30,7
Jules Koundé,France,,,27-211,1.8,25/26,Hamstring Injury,2025-12-21,2026-01-03,14,-
Jules Koundé,France,,,27-211,1.8,24/25,Hamstring Injury,2025-04-30,2025-06-09,41,8
Jules Koundé,France,,,27-211,1.8,23/24,Knee Injury,2023-10-09,2023-10-27,19,4
Jules Koundé,France,,,27-211,1.8,22/23,Muscular Problems,2022-10-30,2022-11-14,16,3
Jules Koundé,France,,,27-211,1.8,22/23,Achilles Tendon Problems,2022-09-23,2022-10-15,23,5
Jules Koundé,France,,,27-211,1.8,21/22,Muscle Injury,2022-01-15,2022-01-25,11,2
Jules Koundé,France,,,27-211,1.8,20/21,Corona Virus,2020-10-15,2020-10-27,13,3
Maxence Lacroix,France,,,26-066,1.9,22/23,Shoulder Injury,2023-05-01,2023-07-10,71,4
Maxence Lacroix,France,,,26-066,1.9,21/22,Muscular Problems,2022-04-17,2022-04-23,7,1
Maxence Lacroix,France,,,26-066,1.9,20/21,Corona Virus,2020-12-22,2020-12-31,10,1
Mike Maignan,France,,,30-343,1.91,25/26,Calf Problems,2025-09-15,2025-09-22,8,1
Mike Maignan,France,,,30-343,1.91,25/26,Unknown Injury,2025-07-22,2025-07-25,4,-
Mike Maignan,France,,,30-343,1.91,24/25,Head Injury,2025-04-11,2025-04-18,8,-
Mike Maignan,France,,,30-343,1.91,24/25,Unknown Injury,2024-12-02,2024-12-04,3,1
Mike Maignan,France,,,30-343,1.91,23/24,Finger Injury,2024-05-23,2024-06-05,14,1
Mike Maignan,France,,,30-343,1.91,23/24,Adductor Injury,2024-04-27,2024-05-17,21,2
Mike Maignan,France,,,30-343,1.91,23/24,Muscle Fatigue,2024-04-13,2024-04-15,3,1
Mike Maignan,France,,,30-343,1.91,23/24,Knee Bruise,2024-03-14,2024-03-16,3,-
Mike Maignan,France,,,30-343,1.91,23/24,Thigh Problems,2023-09-19,2023-09-29,11,2
Mike Maignan,France,,,30-343,1.91,22/23,Calf Muscle Tear,2022-10-19,2023-02-24,129,25
Mike Maignan,France,,,30-343,1.91,22/23,Calf Injury,2022-09-22,2022-10-19,28,6
Mike Maignan,France,,,30-343,1.91,21/22,Wrist Injury,2021-10-12,2021-11-25,45,11
Mike Maignan,France,,,30-343,1.91,15/16,Shoulder Injury,2015-12-07,2016-03-29,114,28
Jean-Philippe Mateta,France,,,28-348,1.92,25/26,Knee Problems,2026-01-31,2026-03-09,38,8
Jean-Philippe Mateta,France,,,28-348,1.92,24/25,Head Injury,2025-03-08,2025-03-29,22,1
Jean-Philippe Mateta,France,,,28-348,1.92,19/20,Meniscus Tear,2019-07-30,2019-12-08,132,15
Jean-Philippe Mateta,France,,,28-348,1.92,18/19,Ill,2019-02-28,2019-03-01,2,-
Kylian Mbappé,France,,,27-173,1.8,25/26,Torn Muscle Fiber,2026-04-25,2026-05-11,17,2
Kylian Mbappé,France,,,27-173,1.8,25/26,Knee Problems,2026-02-25,2026-03-16,20,5
Kylian Mbappé,France,,,27-173,1.8,25/26,Knee Problems,2025-12-31,2026-01-09,10,2
Kylian Mbappé,France,,,27-173,1.8,25/26,Muscular Problems,2025-12-08,2025-12-12,5,-
Kylian Mbappé,France,,,27-173,1.8,24/25,Stomach Flu,2025-06-18,2025-06-30,13,3
Kylian Mbappé,France,,,27-173,1.8,24/25,Hamstring Injury,2024-12-12,2024-12-17,6,1
Kylian Mbappé,France,,,27-173,1.8,24/25,Muscle Injury,2024-09-25,2024-09-30,6,1
Kylian Mbappé,France,,,27-173,1.8,22/23,Hamstring Injury,2023-02-02,2023-02-12,11,3
Kylian Mbappé,France,,,27-173,1.8,22/23,Adductor Pain,2022-08-05,2022-08-07,3,1
Kylian Mbappé,France,,,27-173,1.8,21/22,Infection,2021-10-26,2021-11-02,8,1
Kylian Mbappé,France,,,27-173,1.8,21/22,Calf Injury,2021-09-02,2021-09-10,9,2
Kylian Mbappé,France,,,27-173,1.8,20/21,Calf Injury,2021-05-05,2021-05-11,7,1
Kylian Mbappé,France,,,27-173,1.8,20/21,Calf Injury,2021-04-29,2021-05-03,5,1
Kylian Mbappé,France,,,27-173,1.8,20/21,Thigh Problems,2020-11-01,2020-11-15,15,4
Kylian Mbappé,France,,,27-173,1.8,20/21,Corona Virus,2020-09-07,2020-09-18,12,4
Michael Olise,France,,,24-181,1.84,23/24,Hamstring Injury,2024-02-03,2024-04-03,61,7
Michael Olise,France,,,24-181,1.84,22/23,Hamstring Injury,2023-06-26,2023-11-08,136,13
Michael Olise,France,,,24-181,1.84,21/22,Inflammation Of The Sole Of The Foot,2022-04-01,2022-04-13,13,2
Michael Olise,France,,,24-181,1.84,20/21,Rest,2020-09-14,2020-09-16,3,1
Adrien Rabiot,France,,,31-069,1.91,25/26,Calf Injury,2025-10-16,2025-11-18,34,7
Adrien Rabiot,France,,,31-069,1.91,24/25,Calf Injury,2025-03-21,2025-03-22,2,-
Adrien Rabiot,France,,,31-069,1.91,23/24,Muscle Fatigue,2024-05-25,2024-05-31,7,1
Adrien Rabiot,France,,,31-069,1.91,23/24,Foot Injury,2024-02-25,2024-03-16,21,2
Adrien Rabiot,France,,,31-069,1.91,23/24,Calf Problems,2024-01-20,2024-02-01,13,2
Adrien Rabiot,France,,,31-069,1.91,23/24,Thigh Problems,2024-01-08,2024-01-14,7,1
Adrien Rabiot,France,,,31-069,1.91,23/24,Bruise,2023-12-14,2023-12-22,9,1
Adrien Rabiot,France,,,31-069,1.91,23/24,Calf Problems,2023-07-22,2023-08-07,17,-
Adrien Rabiot,France,,,31-069,1.91,22/23,Thigh Problems,2023-01-18,2023-01-21,4,1
Adrien Rabiot,France,,,31-069,1.91,22/23,Cold,2022-12-12,2022-12-16,5,1
Adrien Rabiot,France,,,31-069,1.91,22/23,Calf Problems,2022-09-11,2022-09-27,17,5
Adrien Rabiot,France,,,31-069,1.91,22/23,Thigh Problems,2022-09-02,2022-09-05,4,1
Adrien Rabiot,France,,,31-069,1.91,21/22,Quarantine,2021-10-23,2021-10-25,3,1
Adrien Rabiot,France,,,31-069,1.91,21/22,Corona Virus,2021-10-09,2021-10-22,14,3
Adrien Rabiot,France,,,31-069,1.91,21/22,Ankle Problems,2021-09-23,2021-09-29,7,1
Robin Risser,France,,,21-191,1.93,25/26,Head Injury,2025-11-15,2025-11-18,4,1
William Saliba,France,,,25-079,1.92,25/26,Ankle Injury,2026-03-23,2026-04-01,10,2
William Saliba,France,,,25-079,1.92,25/26,Ankle Sprain,2026-03-02,2026-03-09,8,2
William Saliba,France,,,25-079,1.92,25/26,Ill,2026-02-09,2026-02-14,6,1
William Saliba,France,,,25-079,1.92,25/26,Knock,2025-11-29,2025-12-13,15,4
William Saliba,France,,,25-079,1.92,25/26,Ankle Injury,2025-08-31,2025-09-15,16,3
William Saliba,France,,,25-079,1.92,24/25,Hamstring Injury,2025-01-17,2025-01-24,8,2
William Saliba,France,,,25-079,1.92,23/24,Toe Injury,2023-10-09,2023-10-19,11,2
William Saliba,France,,,25-079,1.92,22/23,Back Injury,2023-03-16,2023-06-20,97,15
William Saliba,France,,,25-079,1.92,19/20,Metatarsal Fracture,2019-11-04,2020-01-20,78,15
William Saliba,France,,,25-079,1.92,18/19,Hamstring Injury,2019-05-23,2019-09-28,129,9
Brice Samba,France,,,32-047,1.87,24/25,Injury To The Ankle,2024-12-20,2024-12-30,11,1
Aurélien Tchouaméni,France,,,26-135,1.88,25/26,Muscle Strain,2026-04-22,2026-05-01,10,1
Aurélien Tchouaméni,France,,,26-135,1.88,25/26,Hamstring Injury,2025-11-06,2025-11-25,20,4
Aurélien Tchouaméni,France,,,26-135,1.88,24/25,Leg Injury,2025-01-17,2025-01-20,4,1
Aurélien Tchouaméni,France,,,26-135,1.88,24/25,Ankle Sprain,2024-11-06,2024-12-02,27,6
Aurélien Tchouaméni,France,,,26-135,1.88,24/25,Foot Injury,2024-09-02,2024-09-16,15,3
Aurélien Tchouaméni,France,,,26-135,1.88,23/24,Foot Injury,2024-05-08,2024-05-29,22,4
Aurélien Tchouaméni,France,,,26-135,1.88,23/24,Fatigue Fracture,2023-10-28,2023-12-14,48,10
Aurélien Tchouaméni,France,,,26-135,1.88,22/23,Flu,2023-02-18,2023-02-20,3,1
Aurélien Tchouaméni,France,,,26-135,1.88,22/23,Muscle Injury,2023-01-09,2023-02-01,24,6
Aurélien Tchouaméni,France,,,26-135,1.88,22/23,Muscle Injury,2022-10-30,2022-11-04,6,2
Aurélien Tchouaméni,France,,,26-135,1.88,21/22,Groin Injury,2021-12-30,2022-01-06,8,1
Aurélien Tchouaméni,France,,,26-135,1.88,20/21,Ankle Injury,2021-04-01,2021-04-05,5,1
Marcus Thuram,France,,,28-309,1.92,25/26,Muscle Fatigue,2026-05-10,2026-05-12,3,-
Marcus Thuram,France,,,28-309,1.92,25/26,Flu,2026-03-06,2026-03-10,5,1
Marcus Thuram,France,,,28-309,1.92,25/26,Hamstring Muscle Injury,2025-10-01,2025-11-03,34,8
Marcus Thuram,France,,,28-309,1.92,24/25,Muscle Fatigue,2025-06-18,2025-06-28,11,2
Marcus Thuram,France,,,28-309,1.92,24/25,Adductor Pain,2025-04-18,2025-04-28,11,3
Marcus Thuram,France,,,28-309,1.92,24/25,Ankle Problems,2025-03-17,2025-03-27,11,2
Marcus Thuram,France,,,28-309,1.92,24/25,Ankle Problems,2025-02-17,2025-02-26,10,2
Marcus Thuram,France,,,28-309,1.92,24/25,Muscle Fatigue,2025-01-02,2025-01-09,8,-
Marcus Thuram,France,,,28-309,1.92,23/24,Adductor Injury,2024-02-20,2024-03-03,13,2
Marcus Thuram,France,,,28-309,1.92,22/23,Torn Muscle Fiber,2023-04-24,2023-05-12,19,2
Marcus Thuram,France,,,28-309,1.92,22/23,Muscular Problems,2023-02-13,2023-02-16,4,-
Marcus Thuram,France,,,28-309,1.92,22/23,Knee Problems,2023-01-15,2023-01-24,10,1
Marcus Thuram,France,,,28-309,1.92,22/23,Stomach Flu,2022-11-13,2022-11-16,4,-
Marcus Thuram,France,,,28-309,1.92,22/23,Calf Problems,2022-09-26,2022-09-29,4,-
Marcus Thuram,France,,,28-309,1.92,21/22,Muscular Problems,2022-04-11,2022-05-12,32,4
Dayot Upamecano,France,,,27-227,1.86,25/26,Ill,2026-01-21,2026-01-26,6,2
Dayot Upamecano,France,,,27-227,1.86,24/25,Cartilage Damage,2025-03-26,2025-06-09,76,12
Dayot Upamecano,France,,,27-227,1.86,24/25,Rest,2025-03-07,2025-03-09,3,1
Dayot Upamecano,France,,,27-227,1.86,24/25,Hip Problems,2025-02-20,2025-02-26,7,1
Dayot Upamecano,France,,,27-227,1.86,24/25,Pelvic Contusion,2025-01-23,2025-01-28,6,1
Dayot Upamecano,France,,,27-227,1.86,24/25,Thigh Problems,2024-10-29,2024-10-31,3,1
Dayot Upamecano,France,,,27-227,1.86,24/25,Hamstring Injury,2024-10-06,2024-10-16,11,2
Dayot Upamecano,France,,,27-227,1.86,23/24,Torn Muscle Fiber,2024-01-25,2024-02-07,14,2
Dayot Upamecano,France,,,27-227,1.86,23/24,Hamstring Injury,2023-10-09,2023-11-02,25,6
Dayot Upamecano,France,,,27-227,1.86,23/24,Adductor Pain,2023-09-25,2023-09-29,5,1
Dayot Upamecano,France,,,27-227,1.86,22/23,Torn Muscle Fiber,2023-04-27,2023-05-08,12,2
Dayot Upamecano,France,,,27-227,1.86,22/23,Toe Injury,2023-02-02,2023-02-06,5,1
Dayot Upamecano,France,,,27-227,1.86,21/22,Corona Virus,2022-01-04,2022-01-11,8,1
Dayot Upamecano,France,,,27-227,1.86,21/22,Hamstring Injury,2021-08-29,2021-09-09,12,3
Dayot Upamecano,France,,,27-227,1.86,20/21,Muscle Injury,2021-03-15,2021-03-28,14,3
Warren Zaïre-Emery,France,,,20-095,1.78,25/26,Back Injury,2026-05-09,2026-05-14,6,2
Warren Zaïre-Emery,France,,,20-095,1.78,24/25,Ankle Sprain,2025-01-29,2025-02-24,27,7
Warren Zaïre-Emery,France,,,20-095,1.78,25/26,Calf Injury,2024-09-07,2024-09-16,10,3
Warren Zaïre-Emery,France,,,20-095,1.78,23/24,Ankle Sprain,2023-11-19,2023-12-06,18,5
Warren Zaïre-Emery,France,,,20-095,1.78,23/24,Ankle Injury,2023-10-18,2023-10-24,7,1
Nadiem Amiri,Germany,,,29-227,1.8,25/26,Fitness,2026-04-09,2026-04-10,2,1
Nadiem Amiri,Germany,,,29-227,1.8,25/26,Heel Injury,2026-02-26,2026-04-08,42,9
Nadiem Amiri,Germany,,,29-227,1.8,25/26,Ill,2026-01-17,2026-01-20,4,1
Nadiem Amiri,Germany,,,29-227,1.8,25/26,Muscular Problems,2025-12-10,2025-12-17,8,2
Nadiem Amiri,Germany,,,29-227,1.8,25/26,Adductor Pain,2025-11-10,2025-11-19,10,2
Nadiem Amiri,Germany,,,29-227,1.8,24/25,Adductor Pain,2025-05-30,2025-06-09,11,2
Nadiem Amiri,Germany,,,29-227,1.8,24/25,Rest,2025-01-04,2025-01-08,5,-
Nadiem Amiri,Germany,,,29-227,1.8,21/22,Unknown Injury,2022-02-12,2022-02-21,10,2
Nadiem Amiri,Germany,,,29-227,1.8,21/22,Ill,2021-12-18,2022-01-12,26,2
Nadiem Amiri,Germany,,,29-227,1.8,20/21,Corona Virus,2021-01-26,2021-02-08,14,3
Nadiem Amiri,Germany,,,29-227,1.8,20/21,Quarantine,2020-08-03,2020-08-10,8,1
Nadiem Amiri,Germany,,,29-227,1.8,19/20,Shoulder Injury,2020-03-04,2020-04-07,35,2
Nadiem Amiri,Germany,,,29-227,1.8,18/19,Torn Lateral Ankle Ligament,2019-05-12,2019-06-16,36,1
Nadiem Amiri,Germany,,,29-227,1.8,18/19,Fatigue Fracture,2018-08-15,2018-11-27,105,24
Nadiem Amiri,Germany,,,29-227,1.8,17/18,Foot Bruise,2018-03-23,2018-03-26,4,-
Waldemar Anton,Germany,,,29-326,1.89,25/26,Ill,2026-01-27,2026-01-29,3,1
Waldemar Anton,Germany,,,29-326,1.89,25/26,Hamstring Injury,2025-12-11,2026-01-03,24,2
Waldemar Anton,Germany,,,29-326,1.89,24/25,Ill,2025-01-06,2025-01-13,8,1
Waldemar Anton,Germany,,,29-326,1.89,24/25,Torn Muscle Fiber,2024-12-01,2024-12-19,19,3
Waldemar Anton,Germany,,,29-326,1.89,24/25,Thigh Problems,2024-10-26,2024-11-20,26,6
Waldemar Anton,Germany,,,29-326,1.89,22/23,Laceration,2022-10-10,2022-10-13,4,-
Waldemar Anton,Germany,,,29-326,1.89,21/22,Corona Virus,2022-02-07,2022-02-17,11,1
Waldemar Anton,Germany,,,29-326,1.89,21/22,Corona Virus,2021-10-04,2021-10-25,22,2
Waldemar Anton,Germany,,,29-326,1.89,21/22,Cold,2021-08-02,2021-08-09,8,1
Waldemar Anton,Germany,,,29-326,1.89,20/21,Outer Ligament Problems,2020-10-12,2020-10-26,15,2
Waldemar Anton,Germany,,,29-326,1.89,19/20,Quarantine,2020-03-12,2020-03-26,15,-
Waldemar Anton,Germany,,,29-326,1.89,17/18,Hamstring Injury,2018-04-02,2018-05-03,32,4
Waldemar Anton,Germany,,,29-326,1.89,17/18,Influenza,2018-02-15,2018-02-22,8,1
Waldemar Anton,Germany,,,29-326,1.89,17/18,Knee Problems,2017-12-04,2017-12-07,4,-
Waldemar Anton,Germany,,,29-326,1.89,17/18,Rest,2017-11-30,2017-11-30,1,-
Oliver Baumann,Germany,,,36-009,1.87,24/25,Concussion,2025-04-27,2025-05-08,12,1
Oliver Baumann,Germany,,,36-009,1.87,24/25,Foot Injury,2025-01-24,2025-02-28,36,6
Oliver Baumann,Germany,,,36-009,1.87,21/22,Ill,2021-11-25,2021-12-02,8,1
Oliver Baumann,Germany,,,36-009,1.87,21/22,Unknown Injury,2021-08-03,2021-08-10,8,1
Oliver Baumann,Germany,,,36-009,1.87,20/21,Inflammation Of Pubic Bone,2021-05-10,2021-06-30,52,2
Oliver Baumann,Germany,,,36-009,1.87,20/21,Rest,2020-12-10,2020-12-10,1,-
Oliver Baumann,Germany,,,36-009,1.87,20/21,Quarantine,2020-11-11,2020-11-16,6,-
Oliver Baumann,Germany,,,36-009,1.87,20/21,Stomach Problems,2020-10-24,2020-10-26,3,1
Oliver Baumann,Germany,,,36-009,1.87,19/20,Meniscus Injury,2020-01-08,2020-02-11,35,5
Oliver Baumann,Germany,,,36-009,1.87,17/18,Rest,2017-08-10,2017-08-14,5,1
Oliver Baumann,Germany,,,36-009,1.87,09/10,Influenza,2009-12-17,2009-12-21,5,1
Maximilian Beier,Germany,,,23-237,1.85,25/26,Muscle Stiffness,2025-11-24,2025-12-01,8,2
Maximilian Beier,Germany,,,23-237,1.85,24/25,Ankle Injury,2025-04-21,2025-06-05,46,5
Maximilian Beier,Germany,,,23-237,1.85,24/25,Knee Problems,2024-12-08,2024-12-13,6,1
Maximilian Beier,Germany,,,23-237,1.85,24/25,Influenza,2024-10-14,2024-10-17,4,2
Maximilian Beier,Germany,,,23-237,1.85,23/24,Ill,2023-12-08,2023-12-11,4,1
Maximilian Beier,Germany,,,23-237,1.85,21/22,Corona Virus,2022-03-08,2022-03-15,8,1
Maximilian Beier,Germany,,,23-237,1.85,20/21,Quarantine,2020-11-11,2020-11-16,6,-
Maximilian Beier,Germany,,,23-237,1.85,19/20,Meniscus Injury,2020-08-13,2020-08-20,8,-
Nathaniel Brown,Germany,,,22-360,1.76,25/26,Ill,2026-01-12,2026-01-14,3,1
Nathaniel Brown,Germany,,,22-360,1.76,25/26,Hamstring Injury,2025-06-28,2025-08-17,51,-
Nathaniel Brown,Germany,,,22-360,1.76,24/25,Ill,2025-01-24,2025-02-01,9,2
Nathaniel Brown,Germany,,,22-360,1.76,23/24,Knee Problems,2023-10-28,2023-10-30,3,1
Nathaniel Brown,Germany,,,22-360,1.76,23/24,Infection,2023-09-20,2023-10-04,15,2
Leon Goretzka,Germany,,,31-125,1.89,24/25,Bruise,2025-04-18,2025-04-23,6,1
Leon Goretzka,Germany,,,31-125,1.89,24/25,Hamstring Strain,2025-01-26,2025-02-04,10,2
Leon Goretzka,Germany,,,31-125,1.89,23/24,Ill,2023-12-15,2023-12-22,8,2
Leon Goretzka,Germany,,,31-125,1.89,23/24,Muscular Problems,2023-11-10,2023-11-13,4,1
Leon Goretzka,Germany,,,31-125,1.89,23/24,Broken Hand,2023-10-22,2023-11-02,12,3
Leon Goretzka,Germany,,,31-125,1.89,22/23,Thigh Problems,2023-01-26,2023-01-31,6,1
Leon Goretzka,Germany,,,31-125,1.89,22/23,Corona Virus,2022-09-19,2022-09-26,8,1
Leon Goretzka,Germany,,,31-125,1.89,22/23,Knee Surgery,2022-07-18,2022-08-25,39,4
Leon Goretzka,Germany,,,31-125,1.89,21/22,Fitness,2022-03-21,2022-03-28,8,1
Leon Goretzka,Germany,,,31-125,1.89,21/22,Hip Problems,2021-11-29,2022-03-14,106,15
Leon Goretzka,Germany,,,31-125,1.89,21/22,Cold,2021-10-18,2021-10-25,8,2
Leon Goretzka,Germany,,,31-125,1.89,21/22,Rest,2021-08-23,2021-08-26,4,1
Leon Goretzka,Germany,,,31-125,1.89,20/21,Torn Muscle Fiber,2021-05-06,2021-06-17,43,5
Leon Goretzka,Germany,,,31-125,1.89,20/21,Strain,2021-04-08,2021-04-15,8,2
Leon Goretzka,Germany,,,31-125,1.89,20/21,Calf Problems,2021-02-11,2021-02-18,8,2
Pascal Groß,Germany,,,34-361,1.81,24/25,Inner Ligament Injury,2025-04-20,2025-05-02,13,1
Pascal Groß,Germany,,,34-361,1.81,21/22,Corona Virus,2021-12-14,2021-12-25,12,1
Pascal Groß,Germany,,,34-361,1.81,18/19,Hamstring Injury,2019-02-26,2019-04-16,50,7
Pascal Groß,Germany,,,34-361,1.81,18/19,Ankle Injury,2018-09-01,2018-11-22,83,8
Pascal Groß,Germany,,,34-361,1.81,15/16,Cold,2016-01-04,2016-01-06,3,-
Pascal Groß,Germany,,,34-361,1.81,14/15,Muscle Stiffness,2015-05-21,2015-05-26,6,-
Kai Havertz,Germany,,,27-000,1.93,25/26,Muscle Injury,2026-04-25,2026-05-04,10,2
Kai Havertz,Germany,,,27-000,1.93,25/26,Muscle Injury,2026-02-11,2026-02-27,17,4
Kai Havertz,Germany,,,27-000,1.93,25/26,Rest,2026-01-24,2026-01-26,3,1
Kai Havertz,Germany,,,27-000,1.93,25/26,Rest,2026-01-02,2026-01-09,8,2
Kai Havertz,Germany,,,27-000,1.93,25/26,Knee Injury,2025-08-18,2025-12-29,134,32
Kai Havertz,Germany,,,27-000,1.93,24/25,Hamstring Injury,2025-02-11,2025-05-16,95,20
Kai Havertz,Germany,,,27-000,1.93,24/25,Ill,2024-12-30,2025-01-06,8,2
Kai Havertz,Germany,,,27-000,1.93,24/25,Knee Problems,2024-10-06,2024-10-21,16,2
Kai Havertz,Germany,,,27-000,1.93,22/23,Knee Injury,2023-04-24,2023-05-01,8,1
Kai Havertz,Germany,,,27-000,1.93,22/23,Influenza,2023-03-26,2023-03-29,4,1
Kai Havertz,Germany,,,27-000,1.93,21/22,Corona Virus,2021-12-15,2021-12-28,14,4
Kai Havertz,Germany,,,27-000,1.93,21/22,Cold,2021-09-03,2021-09-06,4,1
Kai Havertz,Germany,,,27-000,1.93,20/21,Knock,2021-02-01,2021-02-20,20,4
Kai Havertz,Germany,,,27-000,1.93,20/21,Corona Virus,2020-11-03,2020-11-22,20,6
Kai Havertz,Germany,,,27-000,1.93,19/20,Muscular Problems,2020-06-06,2020-06-12,7,2
Lennart Karl,Germany,,,18-109,1.68,25/26,Muscle Tear,2026-06-05,,11,-
Lennart Karl,Germany,,,18-109,1.68,25/26,Muscle Tear,2026-04-10,2026-05-03,24,7
Lennart Karl,Germany,,,18-109,1.68,24/25,Knock,2025-02-09,2025-02-20,12,5
Joshua Kimmich,Germany,,,31-123,1.77,25/26,Ankle Problems,2025-12-15,2026-01-15,32,3
Joshua Kimmich,Germany,,,31-123,1.77,24/25,Tendon Irritation,2025-02-24,2025-03-04,9,1
Joshua Kimmich,Germany,,,31-123,1.77,23/24,Shoulder Injury,2024-01-25,2024-02-07,14,2
Joshua Kimmich,Germany,,,31-123,1.77,23/24,Ill,2023-12-15,2023-12-22,8,2
Joshua Kimmich,Germany,,,31-123,1.77,23/24,Ill,2023-10-13,2023-10-19,7,2
Joshua Kimmich,Germany,,,31-123,1.77,23/24,Muscular Problems,2023-09-12,2023-09-14,3,-
Joshua Kimmich,Germany,,,31-123,1.77,22/23,Corona Virus,2022-10-01,2022-10-06,6,1
Joshua Kimmich,Germany,,,31-123,1.77,21/22,Fitness,2021-12-09,2022-01-03,26,3
Joshua Kimmich,Germany,,,31-123,1.77,21/22,Corona Virus,2021-11-22,2021-12-09,18,4
Joshua Kimmich,Germany,,,31-123,1.77,21/22,Quarantine,2021-11-08,2021-11-22,15,3
Joshua Kimmich,Germany,,,31-123,1.77,20/21,Influenza,2021-03-18,2021-03-22,5,1
Joshua Kimmich,Germany,,,31-123,1.77,20/21,Meniscus Damage,2020-11-05,2020-12-21,47,11
Joshua Kimmich,Germany,,,31-123,1.77,17/18,Bruise,2018-02-22,2018-02-26,5,1
Joshua Kimmich,Germany,,,31-123,1.77,17/18,Back Problems,2018-01-08,2018-01-11,4,-
Joshua Kimmich,Germany,,,31-123,1.77,17/18,Stomach Problems,2017-11-02,2017-11-02,1,-
Jamie Leweling,Germany,,,25-105,1.85,25/26,Muscular Problems,2026-03-19,2026-03-31,13,4
Jamie Leweling,Germany,,,25-105,1.85,25/26,Adductor Pain,2025-10-07,2025-10-22,16,3
Jamie Leweling,Germany,,,25-105,1.85,24/25,Muscular Problems,2025-04-14,2025-04-23,10,1
Jamie Leweling,Germany,,,25-105,1.85,24/25,Fitness,2024-12-17,2024-12-23,7,1
Jamie Leweling,Germany,,,25-105,1.85,24/25,Hamstring Injury,2024-11-02,2024-12-17,46,11
Jamie Leweling,Germany,,,25-105,1.85,21/22,Outer Ligament Tear,2022-06-04,2022-07-04,31,1
Jamie Leweling,Germany,,,25-105,1.85,21/22,Corona Virus,2022-04-21,2022-04-25,5,1
Jamie Leweling,Germany,,,25-105,1.85,19/20,Syndesmosis Ligament Tear,2020-02-17,2020-04-06,50,3
Jamal Musiala,Germany,,,23-105,1.84,25/26,Ankle Problems,2026-03-11,2026-04-01,22,5
Jamal Musiala,Germany,,,23-105,1.84,25/26,Fitness,2025-12-27,2026-01-15,20,2
Jamal Musiala,Germany,,,23-105,1.84,25/26,Broken Fibula,2025-07-06,2025-12-26,174,31
Jamal Musiala,Germany,,,23-105,1.84,24/25,Torn Muscle Bundle,2025-04-05,2025-06-14,71,10
Jamal Musiala,Germany,,,23-105,1.84,24/25,Influenza,2025-01-06,2025-01-12,7,1
Jamal Musiala,Germany,,,23-105,1.84,24/25,Hip Problems,2024-10-04,2024-10-22,19,4
Jamal Musiala,Germany,,,23-105,1.84,23/24,Knee Problems,2024-05-09,2024-05-26,18,2
Jamal Musiala,Germany,,,23-105,1.84,23/24,Rest,2024-05-03,2024-05-05,3,1
Jamal Musiala,Germany,,,23-105,1.84,23/24,Tendon Irritation,2024-04-26,2024-04-29,4,1
Jamal Musiala,Germany,,,23-105,1.84,23/24,Minor Knock,2024-04-18,2024-04-21,4,1
Jamal Musiala,Germany,,,23-105,1.84,23/24,Hamstring Injury,2023-11-09,2023-12-04,26,5
Jamal Musiala,Germany,,,23-105,1.84,23/24,Torn Muscle Fiber,2023-08-23,2023-09-08,17,2
Jamal Musiala,Germany,,,23-105,1.84,22/23,Hamstring Injury,2023-03-20,2023-03-31,12,2
Jamal Musiala,Germany,,,23-105,1.84,22/23,Corona Virus,2022-10-10,2022-10-13,4,1
Jamal Musiala,Germany,,,23-105,1.84,22/23,Laceration Wound,2022-09-19,2022-09-22,4,-
Manuel Neuer,Germany,,,40-076,1.93,25/26,Calf Problems,2026-05-16,2026-06-08,24,3
Manuel Neuer,Germany,,,40-076,1.93,25/26,Muscle Fiber Tear,2026-03-06,2026-03-29,24,5
Manuel Neuer,Germany,,,40-076,1.93,25/26,Torn Muscle Fiber,2026-02-14,2026-03-01,16,2
Manuel Neuer,Germany,,,40-076,1.93,25/26,Fitness,2026-01-05,2026-01-07,3,-
Manuel Neuer,Germany,,,40-076,1.93,25/26,Torn Muscle Fiber,2025-12-15,2026-01-04,21,1
Manuel Neuer,Germany,,,40-076,1.93,24/25,Torn Muscle Fiber,2025-03-06,2025-04-30,56,12
Manuel Neuer,Germany,,,40-076,1.93,24/25,Rib Fracture,2024-12-06,2024-12-31,26,4
Manuel Neuer,Germany,,,40-076,1.93,24/25,Thigh Problems,2024-09-18,2024-09-26,9,1
Manuel Neuer,Germany,,,40-076,1.93,23/24,Infection,2024-05-27,2024-05-31,5,-
Manuel Neuer,Germany,,,40-076,1.93,23/24,Torn Muscle Fiber,2024-03-20,2024-04-08,20,4
Manuel Neuer,Germany,,,40-076,1.93,23/24,Fitness,2023-10-18,2023-10-25,8,3
Manuel Neuer,Germany,,,40-076,1.93,22/23,Lower Leg Fracture,2022-12-10,2023-10-17,312,44
Manuel Neuer,Germany,,,40-076,1.93,22/23,Shoulder Joint Contusion,2022-10-10,2022-11-03,25,7
Manuel Neuer,Germany,,,40-076,1.93,22/23,Corona Virus,2022-09-19,2022-09-26,8,1
Manuel Neuer,Germany,,,40-076,1.93,21/22,Knee Surgery,2022-02-03,2022-03-07,33,5
Felix Nmecha,Germany,,,25-244,1.9,25/26,Torn Lateral Knee Ligament,2026-03-22,2026-05-06,46,7
Felix Nmecha,Germany,,,25-244,1.9,24/25,Ligament Injury,2025-01-25,2025-04-02,68,15
Felix Nmecha,Germany,,,25-244,1.9,23/24,Fitness,2024-02-28,2024-03-06,8,1
Felix Nmecha,Germany,,,25-244,1.9,23/24,Hip Problems,2023-11-13,2024-02-27,107,18
Felix Nmecha,Germany,,,25-244,1.9,23/24,Muscular Problems,2023-10-28,2023-10-30,3,1
Felix Nmecha,Germany,,,25-244,1.9,23/24,Ankle Problems,2023-08-09,2023-08-18,10,1
Felix Nmecha,Germany,,,25-244,1.9,22/23,Thigh Problems,2023-01-23,2023-02-01,10,2
Felix Nmecha,Germany,,,25-244,1.9,21/22,Fitness,2021-08-09,2021-08-19,11,1
Felix Nmecha,Germany,,,25-244,1.9,19/20,Unknown Injury,2019-07-01,2019-10-31,123,12
Alexander Nübel,Germany,,,29-254,1.93,25/26,Elbow Injury,2025-08-08,2025-08-19,12,1
Alexander Nübel,Germany,,,29-254,1.93,24/25,Cold,2025-01-27,2025-01-30,4,1
Alexander Nübel,Germany,,,29-254,1.93,23/24,Muscular Problems,2024-04-07,2024-04-19,13,1
Alexander Nübel,Germany,,,29-254,1.93,23/24,Hip Problems,2024-02-07,2024-02-26,20,3
Alexander Nübel,Germany,,,29-254,1.93,21/22,Head Injury,2022-01-27,2022-02-01,6,1
Alexander Nübel,Germany,,,29-254,1.93,21/22,Stomach Problems,2021-08-16,2021-08-20,5,1
Alexander Nübel,Germany,,,29-254,1.93,20/21,Syndesmosis Ligament Tear,2021-01-28,2021-03-11,43,9
Assan Ouédraogo,Germany,,,20-033,1.91,25/26,Knee Injury,2026-01-15,2026-03-31,76,14
Assan Ouédraogo,Germany,,,20-033,1.91,25/26,Knee Injury,2025-11-24,2026-01-02,40,5
Assan Ouédraogo,Germany,,,20-033,1.91,24/25,Fitness,2025-04-15,2025-04-28,14,2
Assan Ouédraogo,Germany,,,20-033,1.91,24/25,Hamstring Injury,2024-11-27,2025-04-15,140,27
Assan Ouédraogo,Germany,,,20-033,1.91,24/25,Knee Injury,2024-08-07,2024-11-01,87,13
Assan Ouédraogo,Germany,,,20-033,1.91,23/24,Ankle Injury,2024-05-14,2024-06-30,48,1
Assan Ouédraogo,Germany,,,20-033,1.91,23/24,Adductor Pain,2024-04-12,2024-04-24,13,2
Assan Ouédraogo,Germany,,,20-033,1.91,23/24,Fitness,2024-02-20,2024-03-03,13,2
Assan Ouédraogo,Germany,,,20-033,1.91,23/24,Syndesmotic Ligament Tear,2023-11-16,2024-02-19,96,10
Assan Ouédraogo,Germany,,,20-033,1.91,23/24,Hamstring Injury,2023-10-31,2023-11-11,12,3
Assan Ouédraogo,Germany,,,20-033,1.91,22/23,Unknown Injury,2023-02-20,2023-04-28,68,7
Aleksandar Pavlovic,Germany,,,22-039,1.88,25/26,Hip Problems,2026-03-20,2026-04-02,14,3
Aleksandar Pavlovic,Germany,,,22-039,1.88,25/26,Ill,2025-12-21,2025-12-23,3,1
Aleksandar Pavlovic,Germany,,,22-039,1.88,25/26,Fracture Of The Eye Socket,2025-08-01,2025-08-19,19,1
Aleksandar Pavlovic,Germany,,,22-039,1.88,24/25,Mononucleation,2025-02-25,2025-04-09,44,10
Aleksandar Pavlovic,Germany,,,22-039,1.88,24/25,Broken Collarbone,2024-10-20,2024-11-24,36,9
Aleksandar Pavlovic,Germany,,,22-039,1.88,24/25,Fitness,2024-07-12,2024-07-24,13,-
Aleksandar Pavlovic,Germany,,,22-039,1.88,23/24,Tonsillitis,2024-06-10,2024-06-30,21,4
Aleksandar Pavlovic,Germany,,,22-039,1.88,23/24,Ligament Stretching,2024-05-18,2024-05-27,10,-
Aleksandar Pavlovic,Germany,,,22-039,1.88,23/24,Ill,2024-04-05,2024-04-08,4,1
Aleksandar Pavlovic,Germany,,,22-039,1.88,23/24,Tonsillitis,2024-03-18,2024-04-02,16,1
Aleksandar Pavlovic,Germany,,,22-039,1.88,23/24,Hip Problems,2024-02-17,2024-02-20,4,1
Aleksandar Pavlovic,Germany,,,22-039,1.88,21/22,Hamstring Injury,2021-10-02,2021-11-29,59,9
David Raum,Germany,,,28-050,1.81,25/26,Groin Problems,2026-04-20,2026-04-29,10,1
David Raum,Germany,,,28-050,1.81,24/25,Hamstring Injury,2025-04-11,2025-04-24,14,2
David Raum,Germany,,,28-050,1.81,24/25,Ankle Injury,2024-10-07,2024-12-11,66,17
David Raum,Germany,,,28-050,1.81,23/24,Muscular Problems,2024-05-20,2024-05-26,7,-
David Raum,Germany,,,28-050,1.81,21/22,Ankle Injury,2021-10-29,2021-11-03,6,1
David Raum,Germany,,,28-050,1.81,18/19,Knee Problems,2019-04-12,2019-04-16,5,1
David Raum,Germany,,,28-050,1.81,18/19,Cold,2019-02-19,2019-02-27,9,1
David Raum,Germany,,,28-050,1.81,18/19,Flu,2019-02-07,2019-02-12,6,1
Antonio Rüdiger,Germany,,,33-100,1.9,25/26,Knee Injury,2026-01-09,2026-02-03,26,6
Antonio Rüdiger,Germany,,,33-100,1.9,25/26,Hamstring Injury,2025-09-12,2025-11-28,78,19
Antonio Rüdiger,Germany,,,33-100,1.9,24/25,Tear Of The Lateral Meniscus,2025-04-27,2025-06-20,55,8
Antonio Rüdiger,Germany,,,33-100,1.9,24/25,Flu,2025-03-08,2025-03-12,5,1
Antonio Rüdiger,Germany,,,33-100,1.9,24/25,Muscle Injury,2025-02-02,2025-02-18,17,4
Antonio Rüdiger,Germany,,,33-100,1.9,23/24,Muscle Strain,2024-06-24,2024-06-28,5,-
Antonio Rüdiger,Germany,,,33-100,1.9,23/24,Hamstring Injury,2024-02-02,2024-02-19,18,4
Antonio Rüdiger,Germany,,,33-100,1.9,22/23,Knee Problems,2023-03-22,2023-04-05,15,3
Antonio Rüdiger,Germany,,,33-100,1.9,22/23,Hip Injury,2022-11-05,2022-11-17,13,3
Antonio Rüdiger,Germany,,,33-100,1.9,21/22,Groin Injury,2022-04-14,2022-04-28,15,2
Antonio Rüdiger,Germany,,,33-100,1.9,21/22,Back Problems,2021-10-09,2021-10-20,12,2
Antonio Rüdiger,Germany,,,33-100,1.9,20/21,Facial Injury,2021-04-28,2021-05-03,6,1
Antonio Rüdiger,Germany,,,33-100,1.9,19/20,Groin Injury,2019-09-12,2019-12-12,92,22
Antonio Rüdiger,Germany,,,33-100,1.9,19/20,Knock,2019-08-19,2019-09-16,29,5
Antonio Rüdiger,Germany,,,33-100,1.9,18/19,Knee Injury,2019-07-15,2019-08-12,29,1
Leroy Sané,Germany,,,30-151,1.83,25/26,Torn Lateral Ankle Ligament,2026-01-28,2026-02-14,18,4
Leroy Sané,Germany,,,30-151,1.83,25/26,Rest,2026-01-12,2026-01-14,3,1
Leroy Sané,Germany,,,30-151,1.83,24/25,Fitness,2024-08-04,2024-09-04,32,3
Leroy Sané,Germany,,,30-151,1.83,24/25,Groin Surgery,2024-07-08,2024-08-18,42,1
Leroy Sané,Germany,,,30-151,1.83,23/24,Fitness,2024-06-01,2024-06-06,6,1
Leroy Sané,Germany,,,30-151,1.83,23/24,Inflammation Of Pubic Bone,2024-05-21,2024-05-31,11,-
Leroy Sané,Germany,,,30-151,1.83,23/24,Rest,2024-05-09,2024-05-20,12,2
Leroy Sané,Germany,,,30-151,1.83,23/24,Inflammation Of Pubic Bone,2024-04-18,2024-04-29,12,2
Leroy Sané,Germany,,,30-151,1.83,23/24,Pubic Bone Irritation,2024-04-10,2024-04-14,5,1
Leroy Sané,Germany,,,30-151,1.83,23/24,Pubic Bone Irritation,2024-04-04,2024-04-08,5,1
Leroy Sané,Germany,,,30-151,1.83,23/24,Knee Problems,2024-02-27,2024-03-04,7,1
Leroy Sané,Germany,,,30-151,1.83,22/23,Knee Problems,2022-11-21,2022-11-22,2,-
Leroy Sané,Germany,,,30-151,1.83,22/23,Torn Muscle Fiber,2022-10-17,2022-11-03,18,5
Leroy Sané,Germany,,,30-151,1.83,21/22,Ill,2022-05-07,2022-05-09,3,1
Leroy Sané,Germany,,,30-151,1.83,21/22,Corona Virus,2022-01-03,2022-01-13,11,1
Nico Schlotterbeck,Germany,,,26-192,1.91,25/26,Muscular Problems,2026-02-15,2026-02-24,10,2
Nico Schlotterbeck,Germany,,,26-192,1.91,25/26,Ill,2025-10-30,2025-11-03,5,1
Nico Schlotterbeck,Germany,,,26-192,1.91,25/26,Fitness,2025-09-10,2025-09-18,9,2
Nico Schlotterbeck,Germany,,,26-192,1.91,24/25,Meniscus Tear,2025-04-07,2025-09-09,156,20
Nico Schlotterbeck,Germany,,,26-192,1.91,24/25,Ill,2025-01-09,2025-01-14,6,1
Nico Schlotterbeck,Germany,,,26-192,1.91,22/23,Hamstring Injury,2023-04-23,2023-05-05,13,1
Nico Schlotterbeck,Germany,,,26-192,1.91,22/23,Torn Muscle Fiber,2023-04-02,2023-04-20,19,3
Nico Schlotterbeck,Germany,,,26-192,1.91,22/23,Muscular Problems,2023-03-26,2023-03-29,4,1
Nico Schlotterbeck,Germany,,,26-192,1.91,21/22,Corona Virus,2022-01-06,2022-01-17,12,2
Nico Schlotterbeck,Germany,,,26-192,1.91,21/22,Muscular Problems,2021-11-08,2021-11-22,15,-
Nico Schlotterbeck,Germany,,,26-192,1.91,20/21,Hamstring Injury,2020-11-16,2021-01-11,57,10
Nico Schlotterbeck,Germany,,,26-192,1.91,20/21,Torn Muscle Fiber,2020-10-01,2020-11-16,47,7
Angelo Stiller,Germany,,,25-068,1.83,25/26,Groin Problems,2026-01-21,2026-01-23,3,1
Angelo Stiller,Germany,,,25-068,1.83,24/25,Ankle Injury,2025-05-25,2025-06-09,16,2
Angelo Stiller,Germany,,,25-068,1.83,24/25,Ligament Injury,2025-05-12,2025-05-22,11,1
Angelo Stiller,Germany,,,25-068,1.83,24/25,Muscular Problems,2024-11-13,2024-11-21,9,2
Angelo Stiller,Germany,,,25-068,1.83,22/23,Knee Problems,2023-04-25,2023-05-04,10,1
Angelo Stiller,Germany,,,25-068,1.83,22/23,Pelvic Contusion,2023-03-02,2023-03-08,7,1
Angelo Stiller,Germany,,,25-068,1.83,22/23,Unknown Injury,2023-01-25,2023-02-02,9,2
Angelo Stiller,Germany,,,25-068,1.83,22/23,Ligament Tear,2022-07-28,2022-08-18,22,3
Angelo Stiller,Germany,,,25-068,1.83,21/22,Ill,2022-02-10,2022-02-21,12,2
Angelo Stiller,Germany,,,25-068,1.83,21/22,Shin Bruise,2021-10-28,2021-11-04,8,-
Angelo Stiller,Germany,,,25-068,1.83,21/22,Ill,2021-09-23,2021-09-27,5,1
Angelo Stiller,Germany,,,25-068,1.83,18/19,Ankle Ligament Tear,2019-01-03,2019-02-11,40,1
Angelo Stiller,Germany,,,25-068,1.83,17/18,Muscle Injury,2018-03-05,2018-04-09,36,3
Jonathan Tah,Germany,,,30-120,1.95,24/25,Ill,2025-01-14,2025-01-16,3,1
Jonathan Tah,Germany,,,30-120,1.95,21/22,Infection,2022-02-10,2022-02-14,5,1
Jonathan Tah,Germany,,,30-120,1.95,19/20,Back Problems,2020-05-21,2020-05-25,5,1
Jonathan Tah,Germany,,,30-120,1.95,19/20,Influenza,2019-10-07,2019-10-14,8,2
Jonathan Tah,Germany,,,30-120,1.95,18/19,Ill,2018-11-29,2018-12-06,8,1
Jonathan Tah,Germany,,,30-120,1.95,17/18,Torn Muscle Fiber,2018-04-23,2018-05-07,15,2
Jonathan Tah,Germany,,,30-120,1.95,17/18,Muscular Problems,2018-04-12,2018-04-16,5,1
Jonathan Tah,Germany,,,30-120,1.95,17/18,Influenza,2018-02-15,2018-02-26,12,2
Jonathan Tah,Germany,,,30-120,1.95,17/18,Bruised Back,2017-11-06,2017-11-16,11,4
Jonathan Tah,Germany,,,30-120,1.95,17/18,Knee Injury,2017-09-04,2017-09-07,4,2
Jonathan Tah,Germany,,,30-120,1.95,17/18,Adductor Injury,2017-06-12,2017-07-27,46,10
Jonathan Tah,Germany,,,30-120,1.95,16/17,Rest,2017-06-08,2017-06-08,1,-
Jonathan Tah,Germany,,,30-120,1.95,16/17,Muscular Problems,2017-05-01,2017-05-11,11,1
Jonathan Tah,Germany,,,30-120,1.95,16/17,Torn Muscle Fiber,2017-02-06,2017-04-27,81,17
Jonathan Tah,Germany,,,30-120,1.95,16/17,Influenza,2016-12-01,2016-12-08,8,1
Malick Thiaw,Germany,,,24-307,1.94,24/25,Hamstring Muscle Injury,2025-01-14,2025-01-27,14,3
Malick Thiaw,Germany,,,24-307,1.94,24/25,Ankle Sprain,2024-08-30,2024-09-20,22,5
Malick Thiaw,Germany,,,24-307,1.94,23/24,Heel Spur,2024-04-05,2024-04-10,6,1
Malick Thiaw,Germany,,,24-307,1.94,23/24,Hamstring Muscle Injury,2023-11-28,2024-02-14,79,14
Malick Thiaw,Germany,,,24-307,1.94,21/22,Knee Problems,2022-03-20,2022-03-29,10,1
Malick Thiaw,Germany,,,24-307,1.94,21/22,Thigh Problems,2021-08-02,2021-08-12,11,1
Malick Thiaw,Germany,,,24-307,1.94,21/22,Hamstring Injury,2021-08-02,2021-08-12,11,1
Malick Thiaw,Germany,,,24-307,1.94,20/21,Quarantine,2021-05-11,2021-05-23,13,3
Deniz Undav,Germany,,,29-327,1.79,25/26,Inner Knee Ligament Tear,2025-08-31,2025-10-08,39,8
Deniz Undav,Germany,,,29-327,1.79,24/25,Stomach Problems,2025-04-04,2025-04-08,5,1
Deniz Undav,Germany,,,29-327,1.79,24/25,Fitness,2024-12-17,2024-12-23,7,1
Deniz Undav,Germany,,,29-327,1.79,24/25,Torn Muscle Fiber,2024-11-20,2024-12-17,28,7
Deniz Undav,Germany,,,29-327,1.79,24/25,Hamstring Strain,2024-11-07,2024-11-20,14,3
Deniz Undav,Germany,,,29-327,1.79,23/24,Torn Muscle Fiber,2024-02-18,2024-03-01,13,1
Deniz Undav,Germany,,,29-327,1.79,23/24,Torn Lateral Knee Ligament,2023-08-09,2023-09-11,34,4
Deniz Undav,Germany,,,29-327,1.79,17/18,Shin Injury,2017-08-04,2017-11-08,97,14
Florian Wirtz,Germany,,,23-039,1.77,25/26,Stomach Problems,2026-05-07,2026-05-10,4,1
Florian Wirtz,Germany,,,23-039,1.77,25/26,Back Problems,2026-02-21,2026-03-04,12,3
Florian Wirtz,Germany,,,23-039,1.77,25/26,Muscular Problems,2025-11-21,2025-11-28,8,2
Florian Wirtz,Germany,,,23-039,1.77,24/25,Inner Ligament Injury,2025-03-09,2025-04-07,30,7
Florian Wirtz,Germany,,,23-039,1.77,24/25,Capsular Injury,2024-10-15,2024-10-17,3,-
Florian Wirtz,Germany,,,23-039,1.77,23/24,Bruise,2024-05-10,2024-05-16,7,1
Florian Wirtz,Germany,,,23-039,1.77,23/24,Bruise,2024-05-04,2024-05-08,5,1
Florian Wirtz,Germany,,,23-039,1.77,23/24,Muscular Problems,2023-11-29,2023-12-01,3,1
Florian Wirtz,Germany,,,23-039,1.77,22/23,Stomach Flu,2023-04-22,2023-04-26,5,1
Florian Wirtz,Germany,,,23-039,1.77,22/23,Rest,2023-03-11,2023-03-13,3,1
Florian Wirtz,Germany,,,23-039,1.77,22/23,Muscular Problems,2023-03-10,2023-03-14,5,1
Florian Wirtz,Germany,,,23-039,1.77,21/22,Cruciate Ligament Tear,2022-03-14,2022-12-04,266,43
Florian Wirtz,Germany,,,23-039,1.77,21/22,Hip Flexor Problems,2021-11-04,2021-11-18,15,3
Florian Wirtz,Germany,,,23-039,1.77,21/22,Adductor Pain,2021-08-05,2021-08-19,15,2
Florian Wirtz,Germany,,,23-039,1.77,20/21,Adductor Pain,2021-04-12,2021-04-19,8,1
Nick Woltemade,Germany,,,24-117,1.98,25/26,Ill,2026-03-01,2026-03-06,6,1
Nick Woltemade,Germany,,,24-117,1.98,24/25,Ill,2025-02-03,2025-02-06,4,1
Nick Woltemade,Germany,,,24-117,1.98,23/24,Back Problems,2023-08-17,2023-08-21,5,1
Nick Woltemade,Germany,,,24-117,1.98,21/22,Foot Surgery,2021-10-07,2021-12-31,86,13
Nick Woltemade,Germany,,,24-117,1.98,21/22,Back Problems,2021-07-08,2021-07-20,13,-
Nick Woltemade,Germany,,,24-117,1.98,20/21,Outer Ligament Tear,2021-04-01,2021-05-31,61,10
Nick Woltemade,Germany,,,24-117,1.98,20/21,Virus,2020-12-31,2021-02-01,33,6
