Country,Player,Pos,Age,MP,Playing Time_Min,Playing Time_Mn/MP,Playing Time_Min%,Playing Time_90s,Starts,Starts_Mn/Start,Starts_Compl,Subs,Subs_Mn/Sub,Subs_unSub,Team Success_PPM,Team Success_onG,Team Success_onGA,Team Success_+/-,Team Success_+/-90,Team Success_On-Off
Algeria,Aïssa Mandi,DF,34.0,10.0,823.0,82.0,91.4,9.1,10,82.0,9,0,,0,2.5,22.0,8.0,14.0,1.53,-0.81
Algeria,Riyad Mahrez,"FW,MF",34.0,8.0,520.0,65.0,57.8,5.8,8,65.0,0,0,,0,2.75,13.0,3.0,10.0,1.73,0.31
Algeria,Mohamed Amoura,FW,25.0,10.0,742.0,74.0,82.4,8.2,7,84.0,4,3,50.0,0,2.5,20.0,7.0,13.0,1.58,-0.13
Algeria,Youcef Atal,DF,29.0,8.0,532.0,67.0,59.1,5.9,7,75.0,4,1,10.0,0,2.38,10.0,4.0,6.0,1.02,-1.43
Algeria,Amine Gouiri,"FW,MF",25.0,9.0,525.0,58.0,58.3,5.8,7,68.0,1,2,25.0,1,2.44,11.0,5.0,6.0,1.03,-1.37
Algeria,Hicham Boudaoui,MF,26.0,8.0,581.0,73.0,64.6,6.5,6,84.0,2,2,38.0,0,2.75,16.0,5.0,11.0,1.7,0.29
Algeria,Ramy Bensebaini,DF,30.0,6.0,540.0,90.0,60.0,6.0,6,90.0,6,0,,1,3.0,18.0,4.0,14.0,2.33,1.83
Algeria,Rayan Aït-Nouri,DF,24.0,5.0,450.0,90.0,50.0,5.0,5,90.0,5,0,,1,2.4,13.0,5.0,8.0,1.6,0.0
Algeria,Fares Chaïbi,MF,23.0,8.0,450.0,56.0,50.0,5.0,5,82.0,2,3,13.0,0,2.75,16.0,2.0,14.0,2.8,2.4
Algeria,Alexis Guendouz,GK,30.0,5.0,450.0,90.0,50.0,5.0,5,90.0,5,0,,1,2.6,14.0,3.0,11.0,2.2,1.2
Algeria,Nabil Bentaleb,MF,31.0,7.0,416.0,59.0,46.2,4.6,5,81.0,3,2,7.0,1,,12.0,4.0,8.0,1.73,0.24
Algeria,Mohamed Amine Tougai,DF,26.0,5.0,437.0,87.0,48.6,4.9,4,90.0,4,1,77.0,0,2.0,9.0,4.0,5.0,1.03,-1.11
Algeria,Anthony Mandrea,GK,29.0,4.0,360.0,90.0,40.0,4.0,4,90.0,4,0,,0,2.25,8.0,4.0,4.0,1.0,-1.0
Algeria,Jaouen Hadjam,DF,22.0,5.0,337.0,67.0,37.4,3.7,4,82.0,2,1,11.0,2,2.0,8.0,2.0,6.0,1.6,0.0
Algeria,Ramiz Zerrouki,MF,27.0,5.0,297.0,59.0,33.0,3.3,3,88.0,2,2,17.0,1,2.0,5.0,3.0,2.0,0.61,-1.48
Algeria,Saïd Benrahma,"FW,MF",30.0,6.0,276.0,46.0,30.7,3.1,3,71.0,0,3,21.0,0,2.17,7.0,4.0,3.0,0.98,-0.9
Algeria,Baghdad Bounedjah,FW,34.0,5.0,256.0,51.0,28.4,2.8,3,67.0,0,2,28.0,1,2.4,9.0,3.0,6.0,2.11,0.71
Algeria,Houssem Aouar,MF,27.0,4.0,241.0,60.0,26.8,2.7,3,80.0,1,1,1.0,2,2.5,6.0,3.0,3.0,1.12,-0.66
Algeria,Yassine Benzia,MF,31.0,4.0,168.0,42.0,18.7,1.9,2,70.0,0,2,14.0,4,2.25,4.0,2.0,2.0,1.07,-0.65
Algeria,Adem Zorgane,MF,26.0,2.0,158.0,79.0,17.6,1.8,2,79.0,1,0,,2,3.0,4.0,1.0,3.0,1.71,0.13
Algeria,Rafik Belghali,DF,23.0,2.0,156.0,78.0,17.3,1.7,2,78.0,1,0,,0,3.0,3.0,1.0,2.0,1.15,-0.54
Algeria,Ibrahim Maza,MF,20.0,3.0,120.0,40.0,13.3,1.3,1,82.0,0,2,19.0,2,3.0,1.0,1.0,0.0,0.0,-1.85
Algeria,Ahmed Kendouci,MF,26.0,3.0,104.0,35.0,11.6,1.2,1,90.0,1,2,7.0,1,3.0,5.0,1.0,4.0,3.46,2.1
Algeria,Mohamed Amine Madani,DF,32.0,1.0,90.0,90.0,10.0,1.0,1,90.0,1,0,,3,3.0,2.0,1.0,1.0,1.0,-0.67
Algeria,Yasser Larouci,DF,25.0,1.0,90.0,90.0,10.0,1.0,1,90.0,1,0,,1,3.0,3.0,1.0,2.0,2.0,0.44
Algeria,Luca Zidane,GK,27.0,1.0,90.0,90.0,10.0,1.0,1,90.0,1,0,,1,3.0,2.0,1.0,1.0,1.0,-0.67
Algeria,Ismaël Bennacer,MF,28.0,1.0,84.0,84.0,9.3,0.9,1,84.0,0,0,,1,3.0,2.0,1.0,1.0,1.07,-0.58
Algeria,Sofiane Feghouli,MF,36.0,1.0,73.0,73.0,8.1,0.8,1,73.0,0,0,,1,3.0,1.0,0.0,1.0,1.23,-0.4
Algeria,Yacine Brahimi,MF,35.0,1.0,58.0,58.0,6.4,0.6,1,58.0,0,0,,0,0.0,1.0,1.0,0.0,0.0,-1.71
Algeria,Islam Slimani,FW,37.0,2.0,39.0,20.0,4.3,0.4,1,16.0,0,1,23.0,0,3.0,1.0,0.0,1.0,2.31,0.74
Algeria,Youcef Belaïli,"FW,MF",33.0,4.0,94.0,24.0,10.4,1.0,0,,0,4,24.0,1,3.0,4.0,1.0,3.0,2.87,1.42
Algeria,Anis Hadj Moussa,"FW,MF",23.0,3.0,74.0,25.0,8.2,0.8,0,,0,3,25.0,1,2.33,2.0,0.0,2.0,2.43,0.91
Algeria,Adam Ounas,"FW,MF",29.0,2.0,62.0,31.0,6.9,0.7,0,,0,2,31.0,0,3.0,2.0,1.0,1.0,1.45,-0.16
Algeria,Kévin Van Den Kerkhof,"DF,MF",29.0,2.0,56.0,28.0,6.2,0.6,0,,0,2,28.0,4,1.5,1.0,1.0,0.0,0.0,-1.71
Algeria,Ahmed Touba,DF,27.0,2.0,53.0,27.0,5.9,0.6,0,,0,2,27.0,4,3.0,4.0,1.0,3.0,5.09,3.71
Algeria,Monsef Bakrar,FW,25.0,2.0,29.0,15.0,3.2,0.3,0,,0,2,15.0,0,1.5,0.0,0.0,0.0,0.0,-1.65
Algeria,Samir Chergui,DF,26.0,1.0,24.0,24.0,2.7,0.3,0,,0,1,24.0,1,3.0,2.0,0.0,2.0,7.5,6.06
Algeria,Mehdi Dorval,"DF,MF",24.0,1.0,24.0,24.0,2.7,0.3,0,,0,1,24.0,1,3.0,2.0,0.0,2.0,7.5,6.06
Algeria,Ilan Kebbal,"FW,MF",27.0,1.0,8.0,8.0,0.9,0.1,0,,0,1,8.0,3,3.0,1.0,0.0,1.0,11.25,9.74
Algeria,Amin Chiakha,FW,19.0,1.0,7.0,7.0,0.8,0.1,0,,0,1,7.0,2,3.0,0.0,0.0,0.0,0.0,-1.61
Algeria,Zineddine Belaïd,DF,26.0,1.0,6.0,6.0,0.7,0.1,0,,0,1,6.0,3,3.0,0.0,0.0,0.0,0.0,-1.61
Algeria,Oussama Benbot,GK,31.0,0.0,,,,,0,,0,0,,10,,,,,,
Algeria,Badredine Bouanani,MF,21.0,0.0,,,,,0,,0,0,,1,,,,,,
Algeria,Zakaria Bouhalfaya,GK,28.0,0.0,,,,,0,,0,0,,2,,,,,,
Algeria,Chouhaib Keddad,DF,31.0,0.0,,,,,0,,0,0,,1,,,,,,
Algeria,Naoufel Khacef,DF,28.0,0.0,,,,,0,,0,0,,1,,,,,,
Algeria,Sohaib Nair,DF,23.0,0.0,,,,,0,,0,0,,2,,,,,,
Algeria,Alexandre Oukidja,GK,37.0,0.0,,,,,0,,0,0,,2,,,,,,
Algeria,Moustapha Zeghba,GK,35.0,0.0,,,,,0,,0,0,,4,,,,,,
Algeria,Rayan Aït-Nouri,DF,25.0219,4.0,240.0,60.0,66.7,2.7,4,60.0,1,0,,0,2.5,6.0,0.0,6.0,2.25,-2.25
Algeria,Zineddine Belaïd,DF,27.2355,4.0,315.0,79.0,87.5,3.5,3,90.0,3,1,45.0,0,2.5,11.0,0.0,11.0,3.14,1.14
Algeria,Amine Gouiri,FW,26.3231,4.0,245.0,61.0,68.1,2.7,3,67.0,0,1,45.0,0,2.5,8.0,0.0,8.0,2.94,-0.19
Algeria,Houssem Aouar,MF,27.9555,4.0,222.0,56.0,61.7,2.5,3,59.0,0,1,45.0,0,2.5,8.0,0.0,8.0,3.24,0.63
Algeria,Mohamed Amoura,"FW,MF",26.0986,4.0,199.0,50.0,55.3,2.2,3,58.0,0,1,26.0,0,2.5,6.0,0.0,6.0,2.71,-0.64
Algeria,Achref Abada,DF,26.9966,4.0,191.0,48.0,53.1,2.1,3,60.0,1,1,11.0,0,2.5,8.0,0.0,8.0,3.77,1.64
Algeria,Aïssa Mandi,DF,34.6434,3.0,180.0,60.0,50.0,2.0,3,60.0,1,0,,1,2.33,1.0,0.0,1.0,0.5,-5.0
Algeria,Riyad Mahrez,"FW,MF",35.3094,4.0,176.0,44.0,48.9,2.0,3,50.0,0,1,26.0,0,2.5,6.0,0.0,6.0,3.07,0.13
Algeria,Ibrahim Maza,MF,20.553,4.0,182.0,46.0,50.6,2.0,2,62.0,0,2,30.0,0,2.5,3.0,0.0,3.0,1.48,-3.07
Algeria,Luca Zidane,GK,28.0876,2.0,180.0,90.0,50.0,2.0,2,90.0,2,0,,2,2.0,1.0,0.0,1.0,0.5,-5.0
Algeria,Ramiz Zerrouki,MF,28.052,4.0,177.0,44.0,49.2,2.0,2,61.0,0,2,28.0,0,2.5,9.0,0.0,9.0,4.58,3.1
Algeria,Ramy Bensebaini,DF,31.1615,2.0,158.0,79.0,43.9,1.8,2,79.0,1,0,,1,2.0,5.0,0.0,5.0,2.85,-0.27
Algeria,Nabil Bentaleb,MF,31.553,2.0,135.0,68.0,37.5,1.5,2,68.0,1,0,,0,3.0,2.0,0.0,2.0,1.33,-2.67
Algeria,Hicham Boudaoui,MF,26.7228,2.0,109.0,55.0,30.3,1.2,2,55.0,0,0,,2,2.0,1.0,0.0,1.0,0.83,-3.12
Algeria,Rafik Belghali,DF,24.0192,4.0,191.0,48.0,53.1,2.1,1,79.0,0,3,37.0,0,2.5,6.0,0.0,6.0,2.83,-0.37
Algeria,Fares Chaïbi,MF,23.5421,3.0,169.0,56.0,46.9,1.9,1,79.0,0,2,45.0,1,2.33,4.0,0.0,4.0,2.13,-1.64
Algeria,Melvin Mastil,GK,26.3149,2.0,135.0,68.0,37.5,1.5,1,90.0,1,1,45.0,2,3.0,10.0,0.0,10.0,6.67,5.87
Algeria,Nadhir Benbouali,FW,26.1588,4.0,115.0,29.0,31.9,1.3,1,45.0,0,3,23.0,0,2.5,4.0,0.0,4.0,3.13,0.19
Algeria,Yassine Titraoui,MF,22.8843,2.0,88.0,44.0,24.4,1.0,1,76.0,0,1,12.0,2,2.0,6.0,0.0,6.0,6.14,4.15
Algeria,Oussama Benbot,GK,31.6735,1.0,45.0,45.0,12.5,0.5,1,45.0,0,0,,1,3.0,1.0,0.0,1.0,2.0,-1.14
Algeria,Samir Chergui,DF,27.3504,1.0,45.0,45.0,12.5,0.5,1,45.0,0,0,,1,3.0,1.0,0.0,1.0,2.0,-1.14
Algeria,Adil Boulbina,FW,23.1177,3.0,97.0,32.0,26.9,1.1,0,,0,3,32.0,1,3.0,6.0,0.0,6.0,5.57,3.51
Algeria,Mohamed Amine Tougai,DF,26.3915,2.0,90.0,45.0,25.0,1.0,0,,0,2,45.0,0,3.0,4.0,0.0,4.0,4.0,1.33
Algeria,Anis Hadj Moussa,"FW,MF",24.3368,2.0,90.0,45.0,25.0,1.0,0,,0,2,45.0,0,3.0,4.0,0.0,4.0,4.0,1.33
Algeria,Jaouen Hadjam,DF,23.219,2.0,90.0,45.0,25.0,1.0,0,,0,2,45.0,0,3.0,4.0,0.0,4.0,4.0,1.33
Algeria,Mehdi Dorval,"DF,MF",25.3422,1.0,30.0,30.0,8.3,0.3,0,,0,1,30.0,1,3.0,2.0,0.0,2.0,6.0,3.27
Algeria,Farés Ghedjemis,"FW,MF",23.7693,1.0,30.0,30.0,8.3,0.3,0,,0,1,30.0,3,3.0,2.0,0.0,2.0,6.0,3.27
Algeria,Adil Aouchiche,MF,23.9144,1.0,22.0,22.0,6.1,0.2,0,,0,1,22.0,1,3.0,2.0,0.0,2.0,8.18,5.52
Algeria,Amin Chiakha,FW,20.2574,1.0,14.0,14.0,3.9,0.2,0,,0,1,14.0,1,3.0,1.0,0.0,1.0,6.43,3.57
Algeria,Kilian Belazzoug,GK,19.9062,0.0,,,,,0,,0,0,,2,,,,,,
Algeria,Anthony Mandrea,GK,29.4682,0.0,,,,,0,,0,0,,2,,,,,,
Algeria,Sohaib Nair,DF,24.1424,0.0,,,,,0,,0,0,,2,,,,,,
Algeria,Aïssa Mandi,DF,34.6434,13.0,"1,003",77.0,79.6,11.1,13,77.0,10,0,,1,2.46,23.0,8.0,15.0,1.35,-3.21
Algeria,Mohamed Amoura,FW,26.0986,14.0,941,67.0,74.7,10.5,10,76.0,4,4,44.0,0,2.5,26.0,7.0,19.0,1.82,-0.72
Algeria,Amine Gouiri,"FW,MF",26.3231,13.0,770,59.0,61.1,8.6,10,68.0,1,3,32.0,1,2.46,19.0,5.0,14.0,1.64,-0.94
Algeria,Ramy Bensebaini,DF,31.1615,8.0,698,87.0,55.4,7.8,8,87.0,7,0,,2,2.75,23.0,4.0,19.0,2.45,1.01
Algeria,Riyad Mahrez,"FW,MF",35.3094,12.0,696,58.0,55.2,7.7,11,61.0,0,1,26.0,0,2.67,19.0,3.0,16.0,2.07,0.15
Algeria,Hicham Boudaoui,MF,26.7228,10.0,690,69.0,54.8,7.7,8,77.0,2,2,38.0,2,2.6,17.0,5.0,12.0,1.57,-0.96
Algeria,Rayan Aït-Nouri,DF,25.0219,9.0,690,77.0,54.8,7.7,9,77.0,6,0,,1,2.44,19.0,5.0,14.0,1.83,-0.38
Algeria,Fares Chaïbi,MF,23.5421,11.0,619,56.0,49.1,6.9,6,82.0,2,5,26.0,1,2.64,20.0,2.0,18.0,2.62,1.21
Algeria,Nabil Bentaleb,MF,31.553,9.0,551,61.0,43.7,6.1,7,77.0,4,2,7.0,1,3.0,14.0,4.0,10.0,1.63,-0.65
Algeria,Youcef Atal,DF,30.0767,8.0,532,67.0,59.1,5.9,7,75.0,4,1,10.0,0,2.38,10.0,4.0,6.0,1.02,-1.43
Algeria,Mohamed Amine Tougai,DF,26.3915,7.0,527,75.0,41.8,5.9,4,90.0,4,3,56.0,0,2.29,13.0,4.0,9.0,1.54,-0.8
Algeria,Ramiz Zerrouki,MF,28.052,9.0,474,53.0,37.6,5.3,5,77.0,2,4,23.0,1,2.22,14.0,3.0,11.0,2.09,0.14
Algeria,Houssem Aouar,MF,27.9555,8.0,463,58.0,36.7,5.1,6,70.0,1,2,23.0,2,2.5,14.0,3.0,11.0,2.14,0.22
Algeria,Alexis Guendouz,GK,30.3806,5.0,450,90.0,50.0,5.0,5,90.0,5,0,,1,2.6,14.0,3.0,11.0,2.2,1.2
Algeria,Jaouen Hadjam,DF,23.219,7.0,427,61.0,33.9,4.7,4,82.0,2,3,34.0,2,2.29,12.0,2.0,10.0,2.11,0.16
Algeria,Anthony Mandrea,GK,29.4682,4.0,360,90.0,28.6,4.0,4,90.0,4,0,,2,2.25,8.0,4.0,4.0,1.0,-1.0
Algeria,Rafik Belghali,DF,24.0192,6.0,347,58.0,27.5,3.9,3,78.0,1,3,37.0,0,2.67,9.0,1.0,8.0,2.07,0.1
Algeria,Zineddine Belaïd,DF,27.2355,5.0,321,64.0,25.5,3.6,3,90.0,3,2,26.0,3,2.6,11.0,0.0,11.0,3.08,1.45
Algeria,Ibrahim Maza,MF,20.553,7.0,302,43.0,24.0,3.4,3,68.0,0,4,24.0,2,2.71,4.0,1.0,3.0,0.89,-1.45
Algeria,Saïd Benrahma,"FW,MF",30.8433,6.0,276,46.0,30.7,3.1,3,71.0,0,3,21.0,0,2.17,7.0,4.0,3.0,0.98,-0.9
Algeria,Luca Zidane,GK,28.0876,3.0,270,90.0,21.4,3.0,3,90.0,3,0,,3,2.33,3.0,1.0,2.0,0.67,-1.7
Algeria,Baghdad Bounedjah,FW,34.5366,5.0,256,51.0,28.4,2.8,3,67.0,0,2,28.0,1,2.4,9.0,3.0,6.0,2.11,0.71
Algeria,Achref Abada,DF,26.9966,4.0,191,48.0,53.1,2.1,3,60.0,1,1,11.0,0,2.5,8.0,0.0,8.0,3.77,1.64
Algeria,Yassine Benzia,MF,31.7639,4.0,168,42.0,18.7,1.9,2,70.0,0,2,14.0,4,2.25,4.0,2.0,2.0,1.07,-0.65
Algeria,Anis Hadj Moussa,"FW,MF",24.3368,5.0,164,33.0,13.0,1.8,0,,0,5,33.0,1,2.6,6.0,0.0,6.0,3.29,1.49
Algeria,Adem Zorgane,MF,26.4353,2.0,158,79.0,17.6,1.8,2,79.0,1,0,,2,3.0,4.0,1.0,3.0,1.71,0.13
Algeria,Melvin Mastil,GK,26.3149,2.0,135,68.0,37.5,1.5,1,90.0,1,1,45.0,2,3.0,10.0,0.0,10.0,6.67,5.87
Algeria,Nadhir Benbouali,FW,26.1588,4.0,115,29.0,31.9,1.3,1,45.0,0,3,23.0,0,2.5,4.0,0.0,4.0,3.13,0.19
Algeria,Ahmed Kendouci,MF,26.9774,3.0,104,35.0,11.6,1.2,1,90.0,1,2,7.0,1,3.0,5.0,1.0,4.0,3.46,2.1
Algeria,Adil Boulbina,FW,23.1177,3.0,97,32.0,26.9,1.1,0,,0,3,32.0,1,3.0,6.0,0.0,6.0,5.57,3.51
Algeria,Youcef Belaïli,"FW,MF",34.2519,4.0,94,24.0,10.4,1.0,0,,0,4,24.0,1,3.0,4.0,1.0,3.0,2.87,1.42
Algeria,Mohamed Amine Madani,DF,33.2355,1.0,90,90.0,10.0,1.0,1,90.0,1,0,,3,3.0,2.0,1.0,1.0,1.0,-0.67
Algeria,Yasser Larouci,DF,25.449,1.0,90,90.0,10.0,1.0,1,90.0,1,0,,1,3.0,3.0,1.0,2.0,2.0,0.44
Algeria,Yassine Titraoui,MF,22.8843,2.0,88,44.0,24.4,1.0,1,76.0,0,1,12.0,2,2.0,6.0,0.0,6.0,6.14,4.15
Algeria,Ismaël Bennacer,MF,28.5339,1.0,84,84.0,9.3,0.9,1,84.0,0,0,,1,3.0,2.0,1.0,1.0,1.07,-0.58
Algeria,Sofiane Feghouli,MF,36.4654,1.0,73,73.0,8.1,0.8,1,73.0,0,0,,1,3.0,1.0,0.0,1.0,1.23,-0.4
Algeria,Samir Chergui,DF,27.3504,2.0,69,35.0,5.5,0.8,1,45.0,0,1,24.0,2,3.0,3.0,0.0,3.0,3.91,2.02
Algeria,Adam Ounas,"FW,MF",29.5886,2.0,62,31.0,6.9,0.7,0,,0,2,31.0,0,3.0,2.0,1.0,1.0,1.45,-0.16
Algeria,Yacine Brahimi,MF,36.345,1.0,58,58.0,6.4,0.6,1,58.0,0,0,,0,0.0,1.0,1.0,0.0,0.0,-1.71
Algeria,Kévin Van Den Kerkhof,"DF,MF",30.2519,2.0,56,28.0,6.2,0.6,0,,0,2,28.0,4,1.5,1.0,1.0,0.0,0.0,-1.71
Algeria,Mehdi Dorval,"DF,MF",25.3422,2.0,54,27.0,4.3,0.6,0,,0,2,27.0,2,3.0,4.0,0.0,4.0,6.67,4.88
Algeria,Ahmed Touba,DF,28.2574,2.0,53,27.0,5.9,0.6,0,,0,2,27.0,4,3.0,4.0,1.0,3.0,5.09,3.71
Algeria,Oussama Benbot,GK,31.6735,1.0,45,45.0,3.6,0.5,1,45.0,0,0,,11,3.0,1.0,0.0,1.0,2.0,-1.14
Algeria,Islam Slimani,FW,37.9884,2.0,39,20.0,4.3,0.4,1,16.0,0,1,23.0,0,3.0,1.0,0.0,1.0,2.31,0.74
Algeria,Farés Ghedjemis,"FW,MF",23.7693,1.0,30,30.0,8.3,0.3,0,,0,1,30.0,3,3.0,2.0,0.0,2.0,6.0,3.27
Algeria,Monsef Bakrar,FW,25.4162,2.0,29,15.0,3.2,0.3,0,,0,2,15.0,0,1.5,0.0,0.0,0.0,0.0,-1.65
Algeria,Adil Aouchiche,MF,23.9144,1.0,22,22.0,6.1,0.2,0,,0,1,22.0,1,3.0,2.0,0.0,2.0,8.18,5.52
Algeria,Amin Chiakha,FW,20.2574,2.0,21,11.0,1.7,0.2,0,,0,2,11.0,3,3.0,1.0,0.0,1.0,4.29,2.32
Algeria,Ilan Kebbal,"FW,MF",27.9309,1.0,8,8.0,0.9,0.1,0,,0,1,8.0,3,3.0,1.0,0.0,1.0,11.25,9.74
Algeria,Zakaria Bouhalfaya,GK,28.8405,0.0,,,,,0,,0,0,,2,,,,,,
Algeria,Naoufel Khacef,DF,28.6297,0.0,,,,,0,,0,0,,1,,,,,,
Algeria,Moustapha Zeghba,GK,35.5613,0.0,,,,,0,,0,0,,4,,,,,,
Algeria,Chouhaib Keddad,DF,31.8871,0.0,,,,,0,,0,0,,1,,,,,,
Algeria,Alexandre Oukidja,GK,37.9035,0.0,,,,,0,,0,0,,2,,,,,,
Algeria,Sohaib Nair,DF,24.1424,0.0,,,,,0,,0,0,,4,,,,,,
Algeria,Badredine Bouanani,MF,21.5147,0.0,,,,,0,,0,0,,1,,,,,,
Algeria,Kilian Belazzoug,GK,19.9062,0.0,,,,,0,,0,0,,2,,,,,,
Argentina,Thiago Almada,"MF,FW",25.1342,4.0,242.0,61.0,67.2,2.7,3,70.0,0,1,33.0,0,3.0,10.0,0.0,10.0,3.72,2.96
Argentina,Nicolás Otamendi,DF,38.334,3.0,210.0,70.0,58.3,2.3,3,70.0,0,0,,1,3.0,7.0,0.0,7.0,3.0,0.6
Argentina,Cristian Romero,DF,28.1314,4.0,253.0,63.0,70.3,2.8,2,90.0,2,2,37.0,0,3.0,9.0,1.0,8.0,2.85,0.32
Argentina,Giuliano Simeone,MF,23.4873,4.0,206.0,52.0,57.2,2.3,2,75.0,0,2,28.0,0,3.0,4.0,1.0,3.0,1.31,-3.36
Argentina,Enzo Fernández,MF,25.4052,4.0,201.0,50.0,55.8,2.2,2,64.0,0,2,37.0,0,3.0,8.0,0.0,8.0,3.58,1.88
Argentina,Alexis Mac Allister,MF,27.4709,4.0,200.0,50.0,55.6,2.2,2,64.0,0,2,37.0,0,3.0,7.0,0.0,7.0,3.15,0.9
Argentina,Agustín Giay,DF,22.4079,3.0,181.0,60.0,50.3,2.0,2,80.0,1,1,22.0,1,3.0,3.0,1.0,2.0,0.99,-3.53
Argentina,Emiliano Martínez,GK,33.7803,2.0,163.0,82.0,45.3,1.8,2,82.0,1,0,,0,3.0,6.0,1.0,5.0,2.76,0.02
Argentina,Nahuel Molina,DF,28.1889,2.0,158.0,79.0,43.9,1.8,2,79.0,1,0,,1,3.0,7.0,0.0,7.0,3.99,2.21
Argentina,Exequiel Palacios,MF,27.6899,3.0,140.0,47.0,38.9,1.6,2,63.0,0,1,15.0,1,3.0,3.0,1.0,2.0,1.29,-2.4
Argentina,Valentín Barco,MF,21.8925,3.0,127.0,42.0,35.3,1.4,2,45.0,0,1,37.0,1,3.0,4.0,0.0,4.0,2.83,0.13
Argentina,Nicolás Paz,MF,21.7639,3.0,119.0,40.0,33.1,1.3,2,51.0,0,1,17.0,0,3.0,4.0,0.0,4.0,3.03,0.41
Argentina,Julián Álvarez,FW,26.3669,2.0,114.0,57.0,31.7,1.3,2,57.0,0,0,,1,3.0,6.0,0.0,6.0,4.74,2.91
Argentina,Giovani Lo Celso,MF,30.1807,2.0,107.0,54.0,29.7,1.2,2,54.0,0,0,,0,3.0,3.0,0.0,3.0,2.52,-0.32
Argentina,Lisandro Martínez,DF,28.4025,2.0,107.0,54.0,29.7,1.2,2,54.0,0,0,,0,3.0,3.0,0.0,3.0,2.52,-0.32
Argentina,Nicolás Tagliafico,DF,33.7858,2.0,98.0,49.0,27.2,1.1,2,49.0,0,0,,0,3.0,4.0,0.0,4.0,3.67,1.27
Argentina,Lionel Messi,FW,38.9719,3.0,156.0,52.0,43.3,1.7,1,90.0,1,2,33.0,1,3.0,7.0,1.0,6.0,3.46,1.26
Argentina,Facundo Medina,DF,27.0465,2.0,135.0,68.0,37.5,1.5,1,90.0,1,1,45.0,0,3.0,4.0,0.0,4.0,2.67,-0.13
Argentina,Nicolás González,MF,28.1889,3.0,115.0,38.0,31.9,1.3,1,45.0,0,2,35.0,1,3.0,6.0,0.0,6.0,4.7,2.86
Argentina,Lautaro Martínez,FW,28.8104,2.0,107.0,54.0,29.7,1.2,1,62.0,0,1,45.0,0,3.0,4.0,0.0,4.0,3.36,0.87
Argentina,Juan Musso,GK,32.1068,2.0,97.0,49.0,26.9,1.1,1,80.0,0,1,17.0,2,3.0,3.0,0.0,3.0,2.78,0.05
Argentina,Gerónimo Rulli,GK,34.0684,1.0,90.0,90.0,25.0,1.0,1,90.0,1,0,,3,3.0,3.0,0.0,3.0,3.0,0.33
Argentina,Marcos Senesi,DF,29.0958,1.0,90.0,90.0,25.0,1.0,1,90.0,1,0,,0,3.0,2.0,1.0,1.0,1.0,-2.33
Argentina,Flaco López,FW,25.5202,3.0,89.0,30.0,24.7,1.0,1,45.0,0,2,22.0,1,3.0,1.0,1.0,0.0,0.0,-3.65
Argentina,Marcos Acuña,DF,34.627,1.0,68.0,68.0,18.9,0.8,1,68.0,0,0,,1,3.0,2.0,0.0,2.0,2.65,-0.13
Argentina,Leandro Paredes,MF,31.9582,1.0,53.0,53.0,14.7,0.6,1,53.0,0,0,,1,3.0,3.0,0.0,3.0,5.09,2.75
Argentina,Rodrigo De Paul,"FW,MF",32.0575,4.0,173.0,43.0,48.1,1.9,0,,0,4,43.0,0,3.0,5.0,1.0,4.0,2.08,-1.29
Argentina,Franco Mastantuono,"FW,MF",18.8323,1.0,45.0,45.0,12.5,0.5,0,,0,1,45.0,1,3.0,0.0,1.0,-1.0,-2.0,-5.43
Argentina,Lucas Martínez Quarta,"DF,MF",30.0958,1.0,22.0,22.0,6.1,0.2,0,,0,1,22.0,1,3.0,1.0,0.0,1.0,4.09,1.43
Argentina,Gabriel Rojas,"DF,MF",28.9774,1.0,22.0,22.0,6.1,0.2,0,,0,1,22.0,0,3.0,0.0,1.0,-1.0,-4.09,-7.29
Argentina,Gonzalo Montiel,DF,29.449,1.0,21.0,21.0,5.8,0.2,0,,0,1,21.0,0,3.0,2.0,0.0,2.0,8.57,6.18
Argentina,Máximo Perrone,MF,23.4326,1.0,17.0,17.0,4.7,0.2,0,,0,1,17.0,1,3.0,1.0,0.0,1.0,5.29,2.67
Argentina,Tomás Aranda,FW,19.0986,1.0,10.0,10.0,2.8,0.1,0,,0,1,10.0,0,3.0,0.0,0.0,0.0,0.0,-2.83
Argentina,Santiago Beltrán,GK,21.6927,1.0,10.0,10.0,2.8,0.1,0,,0,1,10.0,1,3.0,0.0,0.0,0.0,0.0,-2.83
Argentina,Nicolás Capaldo,"DF,MF",27.7474,1.0,9.0,9.0,2.5,0.1,0,,0,1,9.0,1,3.0,0.0,0.0,0.0,0.0,-2.82
Argentina,Joaquín Freitas,FW,19.5311,1.0,5.0,5.0,1.4,0.1,0,,0,1,5.0,0,3.0,0.0,0.0,0.0,0.0,-2.79
Argentina,Simon Escobar,DF,16.909,0.0,,,,,0,,0,0,,1,,,,,,
Argentina,Ignacio Ovando,DF,18.9582,0.0,,,,,0,,0,0,,2,,,,,,
Argentina,Gianluca Prestianni,MF,20.3669,0.0,,,,,0,,0,0,,1,,,,,,
Argentina,Nicolás Otamendi,DF,37.0,17.0,"1,452",85.0,89.6,16.1,17,85.0,15,0,,0,2.06,28.0,9.0,19.0,1.18,0.11
Argentina,Rodrigo De Paul,MF,31.0,17.0,"1,353",80.0,83.5,15.0,17,80.0,8,0,,1,2.06,25.0,9.0,16.0,1.06,-0.62
Argentina,Emiliano Martínez,GK,33.0,16.0,"1,440",90.0,88.9,16.0,16,90.0,16,0,,0,2.13,24.0,9.0,15.0,0.94,-2.06
Argentina,Julián Álvarez,FW,26.0,18.0,"1,325",74.0,81.8,14.7,16,80.0,4,2,21.0,0,2.11,25.0,8.0,17.0,1.15,-0.07
Argentina,Enzo Fernández,MF,25.0,15.0,"1,267",84.0,78.2,14.1,15,84.0,8,0,,0,2.13,26.0,9.0,17.0,1.21,0.19
Argentina,Cristian Romero,DF,27.0,15.0,"1,260",84.0,77.8,14.0,15,84.0,13,0,,0,2.27,29.0,7.0,22.0,1.57,1.82
Argentina,Nahuel Molina,DF,27.0,16.0,"1,260",79.0,77.8,14.0,14,85.0,11,2,34.0,0,2.0,27.0,8.0,19.0,1.36,0.86
Argentina,Nicolás Tagliafico,DF,33.0,15.0,"1,246",83.0,76.9,13.8,14,87.0,11,1,25.0,0,2.27,25.0,6.0,19.0,1.37,0.89
Argentina,Alexis Mac Allister,MF,27.0,14.0,"1,041",74.0,64.3,11.6,13,78.0,4,1,27.0,2,2.14,18.0,5.0,13.0,1.12,-0.12
Argentina,Lionel Messi,"FW,MF",38.0,12.0,944,79.0,58.3,10.5,10,87.0,7,2,36.0,0,2.17,16.0,6.0,10.0,0.95,-0.51
Argentina,Lautaro Martínez,FW,28.0,14.0,738,53.0,45.6,8.2,8,80.0,3,6,17.0,2,2.0,11.0,6.0,5.0,0.61,-1.02
Argentina,Nicolás González,"FW,MF",27.0,12.0,721,60.0,44.5,8.0,8,76.0,3,4,29.0,0,2.08,11.0,4.0,7.0,0.87,-0.53
Argentina,Leandro Paredes,MF,31.0,14.0,552,39.0,34.1,6.1,6,76.0,1,8,12.0,3,2.07,12.0,5.0,7.0,1.14,-0.04
Argentina,Thiago Almada,"MF,FW",24.0,7.0,476,68.0,29.4,5.3,6,75.0,0,1,26.0,2,2.43,13.0,2.0,11.0,2.08,1.29
Argentina,Gonzalo Montiel,DF,29.0,6.0,278,46.0,17.2,3.1,4,55.0,0,2,29.0,8,1.17,2.0,3.0,-1.0,-0.32,-1.8
Argentina,Leonardo Balerdi,DF,27.0,7.0,330,47.0,20.4,3.7,3,86.0,1,4,18.0,3,1.57,2.0,2.0,0.0,0.0,-1.47
Argentina,Giuliano Simeone,MF,23.0,7.0,276,39.0,17.0,3.1,3,63.0,0,4,22.0,1,2.29,4.0,0.0,4.0,1.3,0.17
Argentina,Giovani Lo Celso,MF,29.0,9.0,251,28.0,15.5,2.8,2,68.0,0,7,16.0,2,1.78,4.0,2.0,2.0,0.72,-0.53
Argentina,Gerónimo Rulli,GK,33.0,2.0,180,90.0,11.1,2.0,2,90.0,2,0,,10,2.0,7.0,1.0,6.0,3.0,2.06
Argentina,Lisandro Martínez,DF,28.0,3.0,159,53.0,9.8,1.8,2,71.0,0,1,18.0,1,2.0,4.0,2.0,2.0,1.13,-0.04
Argentina,Exequiel Palacios,MF,27.0,9.0,210,23.0,13.0,2.3,1,90.0,1,8,15.0,6,2.44,8.0,1.0,7.0,3.0,2.11
Argentina,Ángel Di María,FW,37.0,4.0,170,43.0,10.5,1.9,1,90.0,1,3,27.0,0,2.25,4.0,1.0,3.0,1.59,0.47
Argentina,Germán Pezzella,DF,34.0,2.0,135,68.0,8.3,1.5,1,90.0,1,1,45.0,10,2.0,1.0,1.0,0.0,0.0,-1.27
Argentina,Marcos Acuña,DF,34.0,5.0,128,26.0,7.9,1.4,1,65.0,0,4,16.0,3,1.8,3.0,1.0,2.0,1.41,0.26
Argentina,Facundo Medina,DF,26.0,4.0,105,26.0,6.5,1.2,1,77.0,0,3,9.0,4,2.5,0.0,1.0,-1.0,-0.86,-2.16
Argentina,Nicolás Paz,MF,21.0,4.0,99,25.0,6.1,1.1,1,56.0,0,3,14.0,6,3.0,3.0,0.0,3.0,2.73,1.66
Argentina,Franco Mastantuono,MF,18.0,3.0,98,33.0,6.0,1.1,1,62.0,0,2,18.0,1,2.0,1.0,0.0,1.0,0.92,-0.26
Argentina,Juan Foyth,DF,28.0,3.0,73,24.0,4.5,0.8,0,,0,3,24.0,2,1.33,1.0,1.0,0.0,0.0,-1.22
Argentina,Lucas Martínez Quarta,"DF,MF",29.0,1.0,57,57.0,3.5,0.6,0,,0,1,57.0,1,3.0,1.0,0.0,1.0,1.58,0.43
Argentina,Alejandro Garnacho,MF,21.0,3.0,45,15.0,2.8,0.5,0,,0,3,15.0,5,2.0,2.0,0.0,2.0,4.0,2.91
Argentina,Ángel Correa,"FW,MF",30.0,4.0,28,7.0,1.7,0.3,0,,0,4,7.0,2,3.0,0.0,0.0,0.0,0.0,-1.19
Argentina,Paulo Dybala,"FW,MF",32.0,2.0,18,9.0,1.1,0.2,0,,0,2,9.0,1,1.5,2.0,0.0,2.0,10.0,8.93
Argentina,Nehuén Pérez,DF,25.0,1.0,15,15.0,0.9,0.2,0,,0,1,15.0,0,3.0,0.0,0.0,0.0,0.0,-1.18
Argentina,Valentín Castellanos,FW,27.0,2.0,7,4.0,0.4,0.1,0,,0,2,4.0,2,1.5,1.0,0.0,1.0,12.86,11.74
Argentina,Lucas Ocampos,"FW,MF",31.0,1.0,1,1.0,0.1,0.0,0,,0,1,1.0,2,3.0,0.0,0.0,0.0,0.0,-1.17
Argentina,Franco Armani,GK,39.0,0.0,,,,,0,,0,0,,6,,,,,,
Argentina,Valentín Barco,"DF,MF",21.0,0.0,,,,,0,,0,0,,2,,,,,,
Argentina,Enzo Barrenechea,MF,24.0,0.0,,,,,0,,0,0,,1,,,,,,
Argentina,Walter Benítez,GK,33.0,0.0,,,,,0,,0,0,,15,,,,,,
Argentina,Emi Buendía,"FW,MF",29.0,0.0,,,,,0,,0,0,,1,,,,,,
Argentina,Facundo Buonanotte,MF,21.0,0.0,,,,,0,,0,0,,2,,,,,,
Argentina,Santiago Castro,FW,21.0,0.0,,,,,0,,0,0,,1,,,,,,
Argentina,Benjamín Domínguez,MF,22.0,0.0,,,,,0,,0,0,,2,,,,,,
Argentina,Kevin Lomónaco,DF,24.0,0.0,,,,,0,,0,0,,1,,,,,,
Argentina,Flaco López,FW,25.0,0.0,,,,,0,,0,0,,1,,,,,,
Argentina,Juan Musso,GK,31.0,0.0,,,,,0,,0,0,,5,,,,,,
Argentina,Máximo Perrone,MF,23.0,0.0,,,,,0,,0,0,,1,,,,,,
Argentina,Guido Rodríguez,MF,31.0,0.0,,,,,0,,0,0,,8,,,,,,
Argentina,Julio Soler,DF,20.0,0.0,,,,,0,,0,0,,2,,,,,,
Argentina,Matìas Soulé,"FW,MF",22.0,0.0,,,,,0,,0,0,,1,,,,,,
Argentina,Alan Varela,MF,24.0,0.0,,,,,0,,0,0,,1,,,,,,
Argentina,Nicolás Otamendi,DF,38.334,20.0,"1,662",83.0,83.9,18.5,20,83.0,15,0,,1,2.2,35.0,9.0,26.0,1.41,-0.29
Argentina,Emiliano Martínez,GK,33.7803,18.0,"1,603",89.0,81.0,17.8,18,89.0,17,0,,0,2.23,30.0,10.0,20.0,1.12,-1.74
Argentina,Rodrigo De Paul,MF,32.0575,21.0,"1,526",73.0,77.1,17.0,17,80.0,8,4,43.0,1,2.24,30.0,10.0,20.0,1.18,-1.2
Argentina,Cristian Romero,DF,28.1314,19.0,"1,513",80.0,76.4,16.8,17,85.0,15,2,37.0,0,2.42,38.0,8.0,30.0,1.78,1.4
Argentina,Enzo Fernández,MF,25.4052,19.0,"1,468",77.0,74.1,16.3,17,82.0,8,2,37.0,0,2.31,34.0,9.0,25.0,1.53,0.3
Argentina,Julián Álvarez,FW,26.3669,20.0,"1,439",72.0,72.7,16.0,18,78.0,4,2,21.0,1,2.2,31.0,8.0,23.0,1.44,-0.06
Argentina,Nahuel Molina,DF,28.1889,18.0,"1,418",79.0,71.6,15.8,16,84.0,12,2,34.0,1,2.11,34.0,8.0,26.0,1.65,0.69
Argentina,Nicolás Tagliafico,DF,33.7858,17.0,"1,344",79.0,67.9,14.9,16,82.0,11,1,25.0,0,2.36,29.0,6.0,23.0,1.54,0.27
Argentina,Alexis Mac Allister,MF,27.4709,18.0,"1,241",69.0,62.7,13.8,15,76.0,4,3,33.0,2,2.33,25.0,5.0,20.0,1.45,-0.01
Argentina,Lionel Messi,"FW,MF",38.9719,15.0,"1,100",73.0,55.6,12.2,11,87.0,8,4,35.0,1,2.34,23.0,7.0,16.0,1.31,-0.33
Argentina,Lautaro Martínez,FW,28.8104,16.0,845,53.0,42.7,9.4,9,78.0,3,7,21.0,2,2.13,15.0,6.0,9.0,0.96,-0.87
Argentina,Nicolás González,"FW,MF",28.1889,15.0,836,56.0,42.2,9.3,9,72.0,3,6,31.0,1,2.26,17.0,4.0,13.0,1.4,-0.1
Argentina,Thiago Almada,"MF,FW",25.1342,11.0,718,65.0,36.3,8.0,9,73.0,0,2,30.0,2,2.64,23.0,2.0,21.0,2.63,1.85
Argentina,Leandro Paredes,MF,31.9582,15.0,605,40.0,30.6,6.7,7,72.0,1,8,12.0,4,2.13,15.0,5.0,10.0,1.49,0.05
Argentina,Giuliano Simeone,MF,23.4873,11.0,482,44.0,24.3,5.4,5,68.0,0,6,24.0,1,2.55,8.0,1.0,7.0,1.31,-0.19
Argentina,Giovani Lo Celso,MF,30.1807,11.0,358,33.0,18.1,4.0,4,61.0,0,7,16.0,2,2.0,7.0,2.0,5.0,1.26,-0.24
Argentina,Exequiel Palacios,MF,27.6899,12.0,350,29.0,17.7,3.9,3,72.0,1,9,15.0,7,2.58,11.0,2.0,9.0,2.31,1.04
Argentina,Leonardo Balerdi,DF,27.3806,7.0,330,47.0,20.4,3.7,3,86.0,1,4,18.0,3,1.57,2.0,2.0,0.0,0.0,-1.47
Argentina,Gonzalo Montiel,DF,29.449,7.0,299,43.0,15.1,3.3,4,55.0,0,3,26.0,8,1.43,4.0,3.0,1.0,0.3,-1.36
Argentina,Gerónimo Rulli,GK,34.0684,3.0,270,90.0,13.6,3.0,3,90.0,3,0,,13,2.33,10.0,1.0,9.0,3.0,1.79
Argentina,Lisandro Martínez,DF,28.4025,5.0,266,53.0,13.4,3.0,4,62.0,0,1,18.0,1,2.4,7.0,2.0,5.0,1.69,0.27
Argentina,Facundo Medina,DF,27.0465,6.0,240,40.0,12.1,2.7,2,84.0,1,4,18.0,4,2.67,4.0,1.0,3.0,1.13,-0.37
Argentina,Nicolás Paz,MF,21.7639,7.0,218,31.0,11.0,2.4,3,53.0,0,4,15.0,6,3.0,7.0,0.0,7.0,2.89,1.61
Argentina,Marcos Acuña,DF,34.627,6.0,196,33.0,9.9,2.2,2,67.0,0,4,16.0,4,2.0,5.0,1.0,4.0,1.84,0.42
Argentina,Agustín Giay,DF,22.4079,3.0,181,60.0,50.3,2.0,2,80.0,1,1,22.0,1,3.0,3.0,1.0,2.0,0.99,-3.53
Argentina,Ángel Di María,FW,38.3285,4.0,170,43.0,10.5,1.9,1,90.0,1,3,27.0,0,2.25,4.0,1.0,3.0,1.59,0.47
Argentina,Franco Mastantuono,MF,18.8323,4.0,143,36.0,7.2,1.6,1,62.0,0,3,27.0,2,2.25,1.0,1.0,0.0,0.0,-1.57
Argentina,Germán Pezzella,DF,34.9637,2.0,135,68.0,8.3,1.5,1,90.0,1,1,45.0,10,2.0,1.0,1.0,0.0,0.0,-1.27
Argentina,Valentín Barco,"DF,MF",21.8925,3.0,127,42.0,6.4,1.4,2,45.0,0,1,37.0,3,3.0,4.0,0.0,4.0,2.83,0.13
Argentina,Juan Musso,GK,32.1068,2.0,97,49.0,4.9,1.1,1,80.0,0,1,17.0,7,3.0,3.0,0.0,3.0,2.78,0.05
Argentina,Marcos Senesi,DF,29.0958,1.0,90,90.0,25.0,1.0,1,90.0,1,0,,0,3.0,2.0,1.0,1.0,1.0,-2.33
Argentina,Flaco López,FW,25.5202,3.0,89,30.0,4.5,1.0,1,45.0,0,2,22.0,2,3.0,1.0,1.0,0.0,0.0,-3.65
Argentina,Lucas Martínez Quarta,"DF,MF",30.0958,2.0,79,40.0,4.0,0.9,0,,0,2,40.0,2,3.0,2.0,0.0,2.0,2.28,0.86
Argentina,Juan Foyth,DF,28.4189,3.0,73,24.0,4.5,0.8,0,,0,3,24.0,2,1.33,1.0,1.0,0.0,0.0,-1.22
Argentina,Alejandro Garnacho,MF,21.9528,3.0,45,15.0,2.8,0.5,0,,0,3,15.0,5,2.0,2.0,0.0,2.0,4.0,2.91
Argentina,Ángel Correa,"FW,MF",31.2656,4.0,28,7.0,1.7,0.3,0,,0,4,7.0,2,3.0,0.0,0.0,0.0,0.0,-1.19
Argentina,Gabriel Rojas,"DF,MF",28.9774,1.0,22,22.0,6.1,0.2,0,,0,1,22.0,0,3.0,0.0,1.0,-1.0,-4.09,-7.29
Argentina,Paulo Dybala,"FW,MF",32.5777,2.0,18,9.0,1.1,0.2,0,,0,2,9.0,1,1.5,2.0,0.0,2.0,10.0,8.93
Argentina,Máximo Perrone,MF,23.4326,1.0,17,17.0,0.9,0.2,0,,0,1,17.0,2,3.0,1.0,0.0,1.0,5.29,2.67
Argentina,Nehuén Pérez,DF,25.9719,1.0,15,15.0,0.9,0.2,0,,0,1,15.0,0,3.0,0.0,0.0,0.0,0.0,-1.18
Argentina,Tomás Aranda,FW,19.0986,1.0,10,10.0,2.8,0.1,0,,0,1,10.0,0,3.0,0.0,0.0,0.0,0.0,-2.83
Argentina,Santiago Beltrán,GK,21.6927,1.0,10,10.0,2.8,0.1,0,,0,1,10.0,1,3.0,0.0,0.0,0.0,0.0,-2.83
Argentina,Nicolás Capaldo,"DF,MF",27.7474,1.0,9,9.0,2.5,0.1,0,,0,1,9.0,1,3.0,0.0,0.0,0.0,0.0,-2.82
Argentina,Valentín Castellanos,FW,27.6954,2.0,7,4.0,0.4,0.1,0,,0,2,4.0,2,1.5,1.0,0.0,1.0,12.86,11.74
Argentina,Joaquín Freitas,FW,19.5311,1.0,5,5.0,1.4,0.1,0,,0,1,5.0,0,3.0,0.0,0.0,0.0,0.0,-2.79
Argentina,Lucas Ocampos,"FW,MF",31.9254,1.0,1,1.0,0.1,0.0,0,,0,1,1.0,2,3.0,0.0,0.0,0.0,0.0,-1.17
Argentina,Franco Armani,GK,39.6598,0.0,,,,,0,,0,0,,6,,,,,,
Argentina,Kevin Lomónaco,DF,24.4298,0.0,,,,,0,,0,0,,1,,,,,,
Argentina,Enzo Barrenechea,MF,25.063,0.0,,,,,0,,0,0,,1,,,,,,
Argentina,Alan Varela,MF,24.9446,0.0,,,,,0,,0,0,,1,,,,,,
Argentina,Emi Buendía,"FW,MF",29.4682,0.0,,,,,0,,0,0,,1,,,,,,
Argentina,Walter Benítez,GK,33.3997,0.0,,,,,0,,0,0,,15,,,,,,
Argentina,Guido Rodríguez,MF,32.1725,0.0,,,,,0,,0,0,,8,,,,,,
Argentina,Santiago Castro,FW,21.7365,0.0,,,,,0,,0,0,,1,,,,,,
Argentina,Julio Soler,DF,21.3231,0.0,,,,,0,,0,0,,2,,,,,,
Argentina,Gianluca Prestianni,MF,20.3669,0.0,,,,,0,,0,0,,1,,,,,,
Argentina,Facundo Buonanotte,MF,21.4736,0.0,,,,,0,,0,0,,2,,,,,,
Argentina,Ignacio Ovando,DF,18.9582,0.0,,,,,0,,0,0,,2,,,,,,
Argentina,Benjamín Domínguez,MF,22.7337,0.0,,,,,0,,0,0,,2,,,,,,
Argentina,Simon Escobar,DF,16.909,0.0,,,,,0,,0,0,,1,,,,,,
Argentina,Matìas Soulé,"FW,MF",23.1643,0.0,,,,,0,,0,0,,1,,,,,,
Australia,Patrick Beach,GK,22.8542,,90.0,90.0,100.0,1.0,1,90.0,1,0,,0,3.0,2.0,0.0,2.0,2.0,
Australia,Cameron Burgess,DF,30.6461,,90.0,90.0,100.0,1.0,1,90.0,1,0,,0,3.0,2.0,0.0,2.0,2.0,
Australia,Alessandro Circati,DF,22.6762,,90.0,90.0,100.0,1.0,1,90.0,1,0,,0,3.0,2.0,0.0,2.0,2.0,
Australia,Connor Metcalfe,MF,26.6051,,90.0,90.0,100.0,1.0,1,90.0,1,0,,0,3.0,2.0,0.0,2.0,2.0,
Australia,Aiden O'Neill,MF,27.9446,,90.0,90.0,100.0,1.0,1,90.0,1,0,,0,3.0,2.0,0.0,2.0,2.0,
Australia,Harry Souttar,DF,27.6434,,90.0,90.0,100.0,1.0,1,90.0,1,0,,0,3.0,2.0,0.0,2.0,2.0,
Australia,Jordy Bos,DF,23.6242,,83.0,83.0,92.2,0.9,1,83.0,0,0,,0,3.0,2.0,0.0,2.0,2.17,2.17
Australia,Paul Okon-Engstler,MF,21.386,,83.0,83.0,92.2,0.9,1,83.0,0,0,,0,3.0,2.0,0.0,2.0,2.17,2.17
Australia,Jacob Italiano,DF,24.8734,,73.0,73.0,81.1,0.8,1,73.0,0,0,,0,3.0,1.0,0.0,1.0,1.23,-4.06
Australia,Mo Touré,FW,22.219,,73.0,73.0,81.1,0.8,1,73.0,0,0,,0,3.0,1.0,0.0,1.0,1.23,-4.06
Australia,Nestory Irankunda,MF,20.3422,,60.0,60.0,66.7,0.7,1,60.0,0,0,,0,3.0,1.0,0.0,1.0,1.5,-1.5
Australia,Nishan Velupillay,MF,25.104,,30.0,30.0,33.3,0.3,0,,0,1,30.0,0,3.0,1.0,0.0,1.0,3.0,1.5
Australia,Jason Geria,DF,33.0958,,17.0,17.0,18.9,0.2,0,,0,1,17.0,0,3.0,1.0,0.0,1.0,5.29,4.06
Australia,Tete Yengi,FW,25.5421,,17.0,17.0,18.9,0.2,0,,0,1,17.0,0,3.0,1.0,0.0,1.0,5.29,4.06
Australia,Aziz Behich,"DF,MF",35.4928,,7.0,7.0,7.8,0.1,0,,0,1,7.0,0,3.0,0.0,0.0,0.0,0.0,-2.17
Australia,Jackson Irvine,"DF,MF",33.271,,7.0,7.0,7.8,0.1,0,,0,1,7.0,0,3.0,0.0,0.0,0.0,0.0,-2.17
Australia,Miloš Degenek,"DF,MF",32.1287,,,,,,0,,0,0,,1,,,,,,
Australia,Cammy Devlin,MF,28.0192,,,,,,0,,0,0,,1,,,,,,
Australia,Lucas Herrington,DF,18.7721,,,,,,0,,0,0,,1,,,,,,
Australia,Ajdin Hrustic,MF,29.9418,,,,,,0,,0,0,,1,,,,,,
Australia,Paul Izzo,GK,31.4353,,,,,,0,,0,0,,1,,,,,,
Australia,Mathew Leckie,"FW,MF",35.3559,,,,,,0,,0,0,,1,,,,,,
Australia,Awer Mabil,"FW,MF",30.7447,,,,,,0,,0,0,,1,,,,,,
Australia,Mathew Ryan,GK,34.1834,,,,,,0,,0,0,,1,,,,,,
Australia,Kai Trewin,"DF,MF",25.0739,,,,,,0,,0,0,,1,,,,,,
Australia,Cristian Volpato,MF,22.5777,,,,,,0,,0,0,,1,,,,,,
Australia,Harry Souttar,DF,27.6434,,170.0,85.0,94.4,1.9,2,85.0,1,0,,0,0.5,1.0,2.0,-1.0,-0.53,-0.53
Australia,Alessandro Circati,DF,22.6762,,135.0,68.0,75.0,1.5,2,68.0,1,0,,0,0.5,0.0,2.0,-2.0,-1.33,-3.33
Australia,Lucas Herrington,DF,18.7721,,134.0,67.0,74.4,1.5,2,67.0,0,0,,0,0.5,0.0,2.0,-2.0,-1.34,-3.3
Australia,Aiden O'Neill,MF,27.9446,,111.0,56.0,61.7,1.2,2,56.0,0,0,,0,0.5,0.0,2.0,-2.0,-1.62,-2.93
Australia,Jacob Italiano,MF,24.8734,,111.0,56.0,61.7,1.2,1,66.0,0,1,45.0,0,0.5,1.0,1.0,0.0,0.0,1.3
Australia,Connor Metcalfe,MF,26.6051,,111.0,56.0,61.7,1.2,1,66.0,0,1,45.0,0,0.5,1.0,1.0,0.0,0.0,1.3
Australia,Jackson Irvine,MF,33.271,,108.0,54.0,60.0,1.2,1,89.0,0,1,19.0,0,0.5,0.0,1.0,-1.0,-0.83,-0.83
Australia,Kai Trewin,DF,25.0739,,105.0,53.0,58.3,1.2,1,81.0,0,1,24.0,0,0.5,1.0,1.0,0.0,0.0,1.2
Australia,Jordy Bos,MF,23.6242,,98.0,49.0,54.4,1.1,1,79.0,0,1,19.0,0,0.5,0.0,1.0,-1.0,-0.92,-0.92
Australia,Mo Touré,FW,22.219,,98.0,49.0,54.4,1.1,1,79.0,0,1,19.0,0,0.5,0.0,1.0,-1.0,-0.92,-0.92
Australia,Paul Okon-Engstler,MF,21.386,,95.0,48.0,52.8,1.1,1,71.0,0,1,24.0,0,0.5,1.0,1.0,0.0,0.0,1.06
Australia,Patrick Beach,GK,22.8542,,90.0,90.0,50.0,1.0,1,90.0,1,0,,1,1.0,1.0,1.0,0.0,0.0,1.0
Australia,Mathew Ryan,GK,34.1834,,90.0,90.0,50.0,1.0,1,90.0,1,0,,1,0.0,0.0,1.0,-1.0,-1.0,-1.0
Australia,Mathew Leckie,MF,35.3559,,85.0,43.0,47.2,0.9,1,66.0,0,1,19.0,0,0.5,0.0,1.0,-1.0,-1.06,-1.06
Australia,Aziz Behich,DF,35.4928,,82.0,41.0,45.6,0.9,1,71.0,0,1,11.0,0,0.5,1.0,1.0,0.0,0.0,0.92
Australia,Nestory Irankunda,MF,20.3422,,82.0,41.0,45.6,0.9,1,71.0,0,1,11.0,0,0.5,1.0,1.0,0.0,0.0,0.92
Australia,Tete Yengi,FW,25.5421,,71.0,71.0,39.4,0.8,1,71.0,0,0,,0,1.0,1.0,1.0,0.0,0.0,0.83
Australia,Cristian Volpato,MF,22.5777,,45.0,45.0,25.0,0.5,1,45.0,0,0,,0,1.0,0.0,1.0,-1.0,-2.0,-2.0
Australia,Cameron Burgess,DF,30.6461,,46.0,23.0,25.6,0.5,0,,0,2,23.0,0,0.5,1.0,0.0,1.0,1.96,3.3
Australia,Jason Geria,DF,33.0958,,45.0,45.0,25.0,0.5,0,,0,1,45.0,1,1.0,1.0,0.0,1.0,2.0,3.33
Australia,Ajdin Hrustic,MF,29.9418,,24.0,24.0,13.3,0.3,0,,0,1,24.0,1,0.0,0.0,0.0,0.0,0.0,0.58
Australia,Nishan Velupillay,MF,25.104,,24.0,24.0,13.3,0.3,0,,0,1,24.0,1,0.0,0.0,0.0,0.0,0.0,0.58
Australia,Miloš Degenek,"DF,MF",32.1287,,10.0,10.0,5.6,0.1,0,,0,1,10.0,1,1.0,0.0,0.0,0.0,0.0,0.53
Australia,Cammy Devlin,MF,28.0192,,9.0,9.0,5.0,0.1,0,,0,1,9.0,1,1.0,0.0,0.0,0.0,0.0,0.53
Australia,Awer Mabil,"FW,MF",30.7447,,1.0,1.0,0.6,0.0,0,,0,1,1.0,1,0.0,0.0,0.0,0.0,0.0,0.5
Australia,Martin Boyle,"FW,MF",33.1369,,,,,,0,,0,0,,1,,,,,,
Australia,Paul Izzo,GK,31.4353,,,,,,0,,0,0,,2,,,,,,
Australia,Kye Rowles,DF,27.9719,,,,,,0,,0,0,,1,,,,,,
Australia,Jackson Irvine,MF,32.0,,"1,172",84.0,81.4,13.0,14,84.0,11,0,,0,2.21,31.0,4.0,27.0,2.07,0.73
Australia,Cameron Burgess,DF,30.0,,"1,035",86.0,71.9,11.5,12,86.0,11,0,,4,2.33,29.0,5.0,24.0,2.09,0.53
Australia,Mathew Ryan,GK,33.0,,990,90.0,68.8,11.0,11,90.0,11,0,,3,2.36,27.0,5.0,22.0,2.0,0.2
Australia,Harry Souttar,DF,27.0,,990,90.0,68.8,11.0,11,90.0,11,0,,1,2.0,23.0,5.0,18.0,1.64,-0.96
Australia,Aziz Behich,"MF,DF",35.0,,943,67.0,65.5,10.5,10,86.0,7,4,22.0,0,2.21,22.0,5.0,17.0,1.62,-0.91
Australia,Lewis Miller,"MF,DF",25.0,,786,79.0,54.6,8.7,9,80.0,4,1,70.0,1,2.4,20.0,3.0,17.0,1.95,0.02
Australia,Mitchell Duke,FW,35.0,,737,57.0,51.2,8.2,9,73.0,1,4,19.0,1,2.31,18.0,3.0,15.0,1.83,-0.22
Australia,Connor Metcalfe,"MF,FW",26.0,,664,74.0,46.1,7.4,8,80.0,3,1,27.0,0,2.67,18.0,1.0,17.0,2.3,0.68
Australia,Kye Rowles,DF,27.0,,631,79.0,43.8,7.0,7,89.0,6,1,5.0,6,2.38,17.0,3.0,14.0,2.0,0.11
Australia,Craig Goodwin,"MF,FW",34.0,,581,65.0,40.3,6.5,7,76.0,2,2,24.0,1,2.0,18.0,2.0,16.0,2.48,0.91
Australia,Martin Boyle,"FW,MF",32.0,,442,63.0,30.7,4.9,7,63.0,0,0,,3,2.57,12.0,1.0,11.0,2.24,0.44
Australia,Aiden O'Neill,MF,27.0,,608,61.0,42.2,6.8,6,90.0,4,4,18.0,1,2.3,14.0,6.0,8.0,1.18,-1.3
Australia,Kusini Yengi,FW,27.0,,461,58.0,32.0,5.1,6,74.0,1,2,10.0,2,2.13,14.0,2.0,12.0,2.34,0.6
Australia,Jason Geria,DF,32.0,,546,68.0,37.9,6.1,5,90.0,5,3,32.0,0,2.25,14.0,5.0,9.0,1.48,-0.73
Australia,Joe Gauci,GK,25.0,,450,90.0,31.3,5.0,5,90.0,5,0,,9,2.2,11.0,2.0,9.0,1.8,-0.2
Australia,Keanu Baccus,MF,27.0,,405,68.0,28.1,4.5,5,79.0,2,1,9.0,1,2.33,12.0,0.0,12.0,2.67,1.01
Australia,Jordy Bos,DF,23.0,,434,48.0,30.1,4.8,4,83.0,2,5,20.0,0,2.33,13.0,2.0,11.0,2.28,0.49
Australia,Riley McGree,MF,27.0,,390,56.0,27.1,4.3,4,69.0,2,3,38.0,0,2.14,6.0,3.0,3.0,0.69,-1.71
Australia,Alessandro Circati,DF,22.0,,360,90.0,25.0,4.0,4,90.0,4,0,,4,1.75,6.0,1.0,5.0,1.25,-0.92
Australia,Ajdin Hrustic,MF,29.0,,308,44.0,21.4,3.4,4,59.0,0,3,24.0,1,2.14,7.0,3.0,4.0,1.17,-0.98
Australia,Brandon Borrello,"FW,MF",30.0,,320,46.0,22.2,3.6,3,73.0,0,4,25.0,3,2.43,11.0,1.0,10.0,2.81,1.13
Australia,Miloš Degenek,DF,31.0,,274,69.0,19.0,3.0,3,90.0,3,1,4.0,2,3.0,6.0,1.0,5.0,1.64,-0.36
Australia,Adam Taggart,FW,32.0,,227,45.0,15.8,2.5,3,58.0,0,2,26.0,3,2.6,9.0,0.0,9.0,3.57,1.94
Australia,Nestory Irankunda,FW,19.0,,220,44.0,15.3,2.4,3,55.0,0,2,27.0,1,2.0,4.0,2.0,2.0,0.82,-1.32
Australia,Nishan Velupillay,FW,24.0,,206,41.0,14.3,2.3,2,76.0,0,3,18.0,0,2.2,7.0,1.0,6.0,2.62,0.8
Australia,Gethin Jones,"MF,DF",30.0,,171,86.0,11.9,1.9,2,86.0,1,0,,2,3.0,10.0,0.0,10.0,5.26,3.77
Australia,Ryan Teague,MF,24.0,,135,45.0,9.4,1.5,2,61.0,0,1,14.0,1,3.0,2.0,0.0,2.0,1.33,-0.67
Australia,Ryan Strain,DF,28.0,,110,55.0,7.6,1.2,2,55.0,1,0,,2,3.0,3.0,0.0,3.0,2.45,0.56
Australia,Patrick Yazbek,MF,23.0,,202,51.0,14.0,2.2,1,76.0,0,3,42.0,3,2.5,6.0,2.0,4.0,1.78,-0.18
Australia,Anthony Cáceres,MF,33.0,,117,29.0,8.1,1.3,1,90.0,1,3,9.0,2,2.0,2.0,2.0,0.0,0.0,-2.11
Australia,Sam Silvera,MF,25.0,,99,50.0,6.9,1.1,1,90.0,1,1,9.0,4,2.0,0.0,0.0,0.0,0.0,-2.08
Australia,Nathaniel Atkinson,DF,26.0,,90,90.0,6.3,1.0,1,90.0,1,0,,1,3.0,2.0,0.0,2.0,2.0,0.07
Australia,Hayden Matthews,DF,21.0,,90,90.0,6.3,1.0,1,90.0,1,0,,0,1.0,2.0,2.0,0.0,0.0,-2.07
Australia,Mathew Leckie,MF,34.0,,82,82.0,5.7,0.9,1,82.0,0,0,,1,3.0,4.0,0.0,4.0,4.39,2.6
Australia,Thomas Deng,DF,28.0,,54,27.0,3.8,0.6,1,45.0,0,1,9.0,4,3.0,1.0,1.0,0.0,0.0,-2.01
Australia,Luke Brattan,MF,35.0,,45,45.0,3.1,0.5,1,45.0,0,0,,1,1.0,0.0,0.0,0.0,0.0,-2.0
Australia,Joshua Nisbet,MF,26.0,,90,30.0,6.3,1.0,0,,0,3,30.0,2,2.33,3.0,0.0,3.0,3.0,1.13
Australia,Daniel Arzani,"FW,MF",27.0,,58,15.0,4.0,0.6,0,,0,4,15.0,2,3.0,2.0,1.0,1.0,1.55,-0.4
Australia,John Iredale,FW,26.0,,49,25.0,3.4,0.5,0,,0,2,25.0,1,3.0,2.0,0.0,2.0,3.67,1.8
Australia,Jamie Maclaren,FW,32.0,,46,23.0,3.2,0.5,0,,0,2,23.0,0,3.0,3.0,0.0,3.0,5.87,4.06
Australia,Massimo Luongo,MF,33.0,,45,45.0,3.1,0.5,0,,0,1,45.0,1,3.0,3.0,0.0,3.0,6.0,4.19
Australia,Awer Mabil,"FW,MF",30.0,,41,21.0,2.8,0.5,0,,0,2,21.0,0,0.5,0.0,1.0,-1.0,-2.2,-4.25
Australia,Fran Karačić,DF,29.0,,34,17.0,2.4,0.4,0,,0,2,17.0,0,3.0,1.0,1.0,0.0,0.0,-1.98
Australia,Apostolos Stamatelopoulos,FW,26.0,,26,26.0,1.8,0.3,0,,0,1,26.0,2,3.0,1.0,0.0,1.0,3.46,1.55
Australia,Mo Touré,FW,21.0,,26,26.0,1.8,0.3,0,,0,1,26.0,0,3.0,0.0,0.0,0.0,0.0,-1.97
Australia,Cammy Devlin,MF,27.0,,22,11.0,1.5,0.2,0,,0,2,11.0,2,3.0,1.0,0.0,1.0,4.09,2.19
Australia,Marco Tilio,MF,24.0,,14,14.0,1.0,0.2,0,,0,1,14.0,1,3.0,0.0,0.0,0.0,0.0,-1.96
Australia,Max Balard,MF,25.0,,,,,,0,,0,0,,2,,,,,,
Australia,Kasey Bos,DF,21.0,,,,,,0,,0,0,,1,,,,,,
Australia,Jason Davidson,"DF,MF",34.0,,,,,,0,,0,0,,2,,,,,,
Australia,Bruno Fornaroli,FW,38.0,,,,,,0,,0,0,,2,,,,,,
Australia,Tom Glover,GK,28.0,,,,,,0,,0,0,,4,,,,,,
Australia,Alex Grant,DF,32.0,,,,,,0,,0,0,,1,,,,,,
Australia,Rhyan Grant,"DF,MF",34.0,,,,,,0,,0,0,,2,,,,,,
Australia,Paul Izzo,GK,31.0,,,,,,0,,0,0,,12,,,,,,
Australia,Joel King,DF,25.0,,,,,,0,,0,0,,1,,,,,,
Australia,Ashley Maynard-Brewer,GK,26.0,,,,,,0,,0,0,,2,,,,,,
Australia,Lawrence Thomas,GK,33.0,,,,,,0,,0,0,,2,,,,,,
Australia,Kai Trewin,"DF,MF",24.0,,,,,,0,,0,0,,4,,,,,,
Australia,Jackson Irvine,"DF,MF",33.271,,"1,287",76.0,75.3,14.3,15,84.0,11,2,13.0,0,2.06,31.0,5.0,26.0,1.82,0.54
Australia,Harry Souttar,DF,27.6434,,"1,250",89.0,73.1,13.9,14,89.0,13,0,,1,1.86,26.0,7.0,19.0,1.37,-1.18
Australia,Cameron Burgess,DF,30.6461,,"1,171",78.0,68.5,13.0,13,87.0,12,2,23.0,4,2.13,32.0,5.0,27.0,2.08,1.24
Australia,Mathew Ryan,GK,34.1834,,"1,080",90.0,63.2,12.0,12,90.0,12,0,,5,2.16,27.0,6.0,21.0,1.75,0.25
Australia,Aziz Behich,"DF,MF",35.4928,,"1,032",61.0,60.4,11.5,11,84.0,7,6,17.0,0,2.06,23.0,6.0,17.0,1.48,-0.51
Australia,Connor Metcalfe,MF,26.6051,,865,72.0,50.6,9.6,10,79.0,4,2,36.0,0,2.34,21.0,2.0,19.0,1.98,0.59
Australia,Aiden O'Neill,MF,27.9446,,809,62.0,47.3,9.0,9,82.0,5,4,18.0,1,2.08,16.0,8.0,8.0,0.89,-1.51
Australia,Lewis Miller,"MF,DF",25.8049,,786,79.0,54.6,8.7,9,80.0,4,1,70.0,1,2.4,20.0,3.0,17.0,1.95,0.02
Australia,Mitchell Duke,FW,35.4025,,737,57.0,51.2,8.2,9,73.0,1,4,19.0,1,2.31,18.0,3.0,15.0,1.83,-0.22
Australia,Kye Rowles,DF,27.9719,,631,79.0,39.0,7.0,7,89.0,6,1,5.0,7,2.38,17.0,3.0,14.0,2.0,0.11
Australia,Jordy Bos,DF,23.6242,,615,51.0,36.0,6.8,6,83.0,2,6,20.0,0,2.08,15.0,3.0,12.0,1.76,0.11
Australia,Jason Geria,DF,33.0958,,608,61.0,35.6,6.8,5,90.0,5,5,32.0,1,2.2,16.0,5.0,11.0,1.63,-0.09
Australia,Alessandro Circati,DF,22.6762,,585,84.0,34.2,6.5,7,84.0,6,0,,4,1.57,8.0,3.0,5.0,0.77,-1.39
Australia,Craig Goodwin,"MF,FW",34.4928,,581,65.0,40.3,6.5,7,76.0,2,2,24.0,1,2.0,18.0,2.0,16.0,2.48,0.91
Australia,Kusini Yengi,FW,27.4107,,461,58.0,32.0,5.1,6,74.0,1,2,10.0,2,2.13,14.0,2.0,12.0,2.34,0.6
Australia,Joe Gauci,GK,25.9446,,450,90.0,31.3,5.0,5,90.0,5,0,,9,2.2,11.0,2.0,9.0,1.8,-0.2
Australia,Martin Boyle,"FW,MF",33.1369,,442,63.0,27.3,4.9,7,63.0,0,0,,4,2.57,12.0,1.0,11.0,2.24,0.44
Australia,Keanu Baccus,MF,28.0192,,405,68.0,28.1,4.5,5,79.0,2,1,9.0,1,2.33,12.0,0.0,12.0,2.67,1.01
Australia,Riley McGree,MF,27.6133,,390,56.0,27.1,4.3,4,69.0,2,3,38.0,0,2.14,6.0,3.0,3.0,0.69,-1.71
Australia,Nestory Irankunda,MF,20.3422,,362,45.0,21.2,4.0,5,59.0,0,3,22.0,1,1.75,6.0,3.0,3.0,0.75,-1.19
Australia,Ajdin Hrustic,MF,29.9418,,332,42.0,19.4,3.7,4,59.0,0,4,24.0,3,1.87,7.0,3.0,4.0,1.08,-0.73
Australia,Brandon Borrello,"FW,MF",30.8871,,320,46.0,22.2,3.6,3,73.0,0,4,25.0,3,2.43,11.0,1.0,10.0,2.81,1.13
Australia,Miloš Degenek,"DF,MF",32.1287,,284,57.0,16.6,3.2,3,90.0,3,2,7.0,4,2.6,6.0,1.0,5.0,1.58,-0.1
Australia,Nishan Velupillay,MF,25.104,,260,37.0,15.2,2.9,2,76.0,0,5,22.0,1,2.0,8.0,1.0,7.0,2.42,0.87
Australia,Adam Taggart,FW,33.0329,,227,45.0,15.8,2.5,3,58.0,0,2,26.0,3,2.6,9.0,0.0,9.0,3.57,1.94
Australia,Patrick Yazbek,MF,24.1916,,202,51.0,14.0,2.2,1,76.0,0,3,42.0,3,2.5,6.0,2.0,4.0,1.78,-0.18
Australia,Mo Touré,FW,22.219,,197,49.0,11.5,2.2,2,76.0,0,2,23.0,0,1.75,1.0,1.0,0.0,0.0,-1.9
Australia,Jacob Italiano,DF,24.8734,,184,61.0,68.1,2.0,2,70.0,0,1,45.0,0,1.33,2.0,1.0,1.0,0.49,0.49
Australia,Patrick Beach,GK,22.8542,,180,90.0,66.7,2.0,2,90.0,2,0,,1,2.0,3.0,1.0,2.0,1.0,2.0
Australia,Paul Okon-Engstler,MF,21.386,,178,59.0,65.9,2.0,2,77.0,0,1,24.0,0,1.33,3.0,1.0,2.0,1.01,1.99
Australia,Gethin Jones,"MF,DF",30.668,,171,86.0,11.9,1.9,2,86.0,1,0,,2,3.0,10.0,0.0,10.0,5.26,3.77
Australia,Mathew Leckie,"FW,MF",35.3559,,167,56.0,9.8,1.9,2,74.0,0,1,19.0,2,1.33,4.0,1.0,3.0,1.62,-0.06
Australia,Ryan Teague,MF,24.386,,135,45.0,9.4,1.5,2,61.0,0,1,14.0,1,3.0,2.0,0.0,2.0,1.33,-0.67
Australia,Lucas Herrington,DF,18.7721,,134,67.0,49.6,1.5,2,67.0,0,0,,1,0.5,0.0,2.0,-2.0,-1.34,-3.3
Australia,Anthony Cáceres,MF,33.7064,,117,29.0,8.1,1.3,1,90.0,1,3,9.0,2,2.0,2.0,2.0,0.0,0.0,-2.11
Australia,Ryan Strain,DF,29.1999,,110,55.0,7.6,1.2,2,55.0,1,0,,2,3.0,3.0,0.0,3.0,2.45,0.56
Australia,Kai Trewin,"DF,MF",25.0739,,105,53.0,6.1,1.2,1,81.0,0,1,24.0,5,0.5,1.0,1.0,0.0,0.0,1.2
Australia,Sam Silvera,MF,25.6352,,99,50.0,6.9,1.1,1,90.0,1,1,9.0,4,2.0,0.0,0.0,0.0,0.0,-2.08
Australia,Hayden Matthews,DF,21.9856,,90,90.0,6.3,1.0,1,90.0,1,0,,0,1.0,2.0,2.0,0.0,0.0,-2.07
Australia,Nathaniel Atkinson,DF,27.0027,,90,90.0,6.3,1.0,1,90.0,1,0,,1,3.0,2.0,0.0,2.0,2.0,0.07
Australia,Joshua Nisbet,MF,26.9966,,90,30.0,6.3,1.0,0,,0,3,30.0,2,2.33,3.0,0.0,3.0,3.0,1.13
Australia,Tete Yengi,FW,25.5421,,88,44.0,32.6,1.0,1,71.0,0,1,17.0,0,2.0,2.0,1.0,1.0,1.02,1.02
Australia,Daniel Arzani,"FW,MF",27.4408,,58,15.0,4.0,0.6,0,,0,4,15.0,2,3.0,2.0,1.0,1.0,1.55,-0.4
Australia,Thomas Deng,DF,29.2355,,54,27.0,3.8,0.6,1,45.0,0,1,9.0,4,3.0,1.0,1.0,0.0,0.0,-2.01
Australia,John Iredale,FW,26.8679,,49,25.0,3.4,0.5,0,,0,2,25.0,1,3.0,2.0,0.0,2.0,3.67,1.8
Australia,Jamie Maclaren,FW,32.8761,,46,23.0,3.2,0.5,0,,0,2,23.0,0,3.0,3.0,0.0,3.0,5.87,4.06
Australia,Massimo Luongo,MF,33.7173,,45,45.0,3.1,0.5,0,,0,1,45.0,1,3.0,3.0,0.0,3.0,6.0,4.19
Australia,Cristian Volpato,MF,22.5777,,45,45.0,16.7,0.5,1,45.0,0,0,,1,1.0,0.0,1.0,-1.0,-2.0,-2.0
Australia,Luke Brattan,MF,36.2683,,45,45.0,3.1,0.5,1,45.0,0,0,,1,1.0,0.0,0.0,0.0,0.0,-2.0
Australia,Awer Mabil,"FW,MF",30.7447,,42,14.0,2.5,0.5,0,,0,3,14.0,2,0.33,0.0,1.0,-1.0,-2.14,-3.91
Australia,Fran Karačić,DF,30.0903,,34,17.0,2.4,0.4,0,,0,2,17.0,0,3.0,1.0,1.0,0.0,0.0,-1.98
Australia,Cammy Devlin,MF,28.0192,,31,10.0,1.8,0.3,0,,0,3,10.0,4,2.33,1.0,0.0,1.0,2.9,1.26
Australia,Apostolos Stamatelopoulos,FW,27.1807,,26,26.0,1.8,0.3,0,,0,1,26.0,2,3.0,1.0,0.0,1.0,3.46,1.55
Australia,Marco Tilio,MF,24.8077,,14,14.0,1.0,0.2,0,,0,1,14.0,1,3.0,0.0,0.0,0.0,0.0,-1.96
Australia,Ashley Maynard-Brewer,GK,26.9692,,,,,,0,,0,0,,2,,,,,,
Australia,Max Balard,MF,25.564,,,,,,0,,0,0,,2,,,,,,
Australia,Joel King,DF,25.6215,,,,,,0,,0,0,,1,,,,,,
Australia,Alex Grant,DF,32.3888,,,,,,0,,0,0,,1,,,,,,
Australia,Kasey Bos,DF,22.1013,,,,,,0,,0,0,,1,,,,,,
Australia,Rhyan Grant,"DF,MF",35.2957,,,,,,0,,0,0,,2,,,,,,
Australia,Tom Glover,GK,28.4709,,,,,,0,,0,0,,4,,,,,,
Australia,Paul Izzo,GK,31.4353,,,,,,0,,0,0,,15,,,,,,
Australia,Bruno Fornaroli,FW,38.7666,,,,,,0,,0,0,,2,,,,,,
Australia,Jason Davidson,"DF,MF",34.9582,,,,,,0,,0,0,,2,,,,,,
Australia,Lawrence Thomas,GK,34.0986,,,,,,0,,0,0,,2,,,,,,
Austria,Marcel Sabitzer,MF,32.2437,,246.0,82.0,91.1,2.7,3,82.0,1,0,,0,3.0,6.0,1.0,5.0,1.83,-1.92
Austria,Nicolas Seiwald,MF,25.1123,,210.0,70.0,77.8,2.3,2,90.0,2,1,30.0,0,3.0,6.0,1.0,5.0,2.14,0.64
Austria,Stefan Posch,DF,29.0849,,203.0,68.0,75.2,2.3,2,79.0,0,1,45.0,0,3.0,6.0,1.0,5.0,2.22,0.87
Austria,Phillipp Mwene,DF,32.3723,,167.0,56.0,61.9,1.9,2,61.0,0,1,45.0,0,3.0,3.0,0.0,3.0,1.62,-1.0
Austria,Marco Friedl,DF,28.2464,,166.0,55.0,61.5,1.8,2,61.0,0,1,45.0,0,3.0,5.0,0.0,5.0,2.71,1.85
Austria,Philipp Lienhart,DF,29.9254,,150.0,50.0,55.6,1.7,2,53.0,0,1,45.0,0,3.0,5.0,1.0,4.0,2.4,0.9
Austria,Xaver Schlager,MF,28.7091,,138.0,69.0,51.1,1.5,2,69.0,0,0,,1,3.0,1.0,0.0,1.0,0.65,-2.76
Austria,Christoph Baumgartner,MF,26.8679,,137.0,69.0,50.7,1.5,2,69.0,0,0,,0,3.0,4.0,0.0,4.0,2.63,1.27
Austria,Marko Arnautović,FW,37.1533,,135.0,45.0,50.0,1.5,2,53.0,0,1,30.0,0,3.0,3.0,1.0,2.0,1.33,-1.33
Austria,Michael Gregoritsch,"MF,FW",32.1561,,135.0,45.0,50.0,1.5,2,53.0,0,1,30.0,0,3.0,3.0,0.0,3.0,2.0,0.0
Austria,Alexander Schlager,GK,30.3641,,135.0,68.0,50.0,1.5,2,68.0,1,0,,1,3.0,2.0,0.0,2.0,1.33,-1.33
Austria,Konrad Laimer,DF,29.0493,,113.0,57.0,41.9,1.3,2,57.0,0,0,,1,3.0,1.0,0.0,1.0,0.8,-2.07
Austria,Romano Schmid,MF,26.3778,,103.0,34.0,38.1,1.1,2,45.0,0,1,13.0,0,3.0,1.0,0.0,1.0,0.87,-1.82
Austria,Paul Wanner,MF,20.4736,,134.0,45.0,49.6,1.5,1,60.0,0,2,37.0,0,3.0,6.0,1.0,5.0,3.36,2.7
Austria,Kevin Danso,DF,27.7337,,90.0,45.0,33.3,1.0,1,45.0,0,1,45.0,1,3.0,2.0,0.0,2.0,2.0,0.0
Austria,Patrick Pentz,GK,29.4463,,90.0,90.0,33.3,1.0,1,90.0,1,0,,2,3.0,1.0,0.0,1.0,1.0,-1.5
Austria,Patrick Wimmer,MF,25.0411,,90.0,45.0,33.3,1.0,1,45.0,0,1,45.0,1,3.0,4.0,1.0,3.0,3.0,1.5
Austria,David Alaba,DF,33.9719,,75.0,38.0,27.8,0.8,1,45.0,0,1,30.0,1,3.0,0.0,0.0,0.0,0.0,-2.77
Austria,Florian Grillitsch,MF,30.8515,,58.0,29.0,21.5,0.6,1,45.0,0,1,13.0,1,3.0,1.0,0.0,1.0,1.55,-0.57
Austria,Carney Chukwuemeka,MF,22.6489,,88.0,29.0,32.6,1.0,0,,0,3,29.0,0,3.0,3.0,1.0,2.0,2.05,0.07
Austria,Saša Kalajdžić,"FW,MF",28.9363,,69.0,23.0,25.6,0.8,0,,0,3,23.0,0,3.0,2.0,0.0,2.0,2.61,0.82
Austria,Alexander Prass,"DF,MF",25.052,,69.0,23.0,25.6,0.8,0,,0,3,23.0,0,3.0,4.0,1.0,3.0,3.91,2.57
Austria,Michael Svoboda,DF,27.6626,,59.0,30.0,21.9,0.7,0,,0,2,30.0,1,3.0,2.0,1.0,1.0,1.53,-0.61
Austria,Florian Wiegele,GK,25.2327,,45.0,45.0,16.7,0.5,0,,0,1,45.0,2,3.0,4.0,1.0,3.0,6.0,4.8
Austria,David Affengruber,DF,25.2382,,11.0,11.0,4.1,0.1,0,,0,1,11.0,2,3.0,1.0,0.0,1.0,8.18,6.44
Austria,Tobias Lawal,GK,26.0192,,,,,,0,,0,0,,1,,,,,,
Austria,Alessandro Schöpf,MF,32.3477,,,,,,0,,0,0,,1,,,,,,
Austria,Nicolas Seiwald,MF,24.0,,706.0,88.0,98.1,7.8,8,88.0,7,0,,0,2.38,20.0,4.0,16.0,2.04,-10.82
Austria,Marcel Sabitzer,MF,31.0,,700.0,88.0,97.2,7.8,8,88.0,6,0,,0,2.38,19.0,4.0,15.0,1.93,-11.57
Austria,Konrad Laimer,"MF,DF",28.0,,675.0,84.0,93.8,7.5,8,84.0,7,0,,0,2.38,22.0,4.0,18.0,2.4,2.4
Austria,Philipp Lienhart,DF,29.0,,585.0,84.0,81.3,6.5,7,84.0,6,0,,1,2.29,12.0,4.0,8.0,1.23,-5.44
Austria,Christoph Baumgartner,MF,26.0,,558.0,80.0,77.5,6.2,7,80.0,1,0,,1,2.29,12.0,2.0,10.0,1.61,-2.83
Austria,Romano Schmid,MF,26.0,,518.0,65.0,71.9,5.8,5,81.0,1,3,38.0,0,2.38,17.0,1.0,16.0,2.78,1.89
Austria,Alexander Schlager,GK,29.0,,450.0,90.0,62.5,5.0,5,90.0,5,0,,1,2.0,6.0,3.0,3.0,0.6,-4.4
Austria,Marko Arnautović,FW,36.0,,426.0,61.0,59.2,4.7,5,73.0,2,2,30.0,1,2.71,18.0,2.0,16.0,3.38,2.77
Austria,Michael Gregoritsch,"FW,MF",31.0,,419.0,52.0,58.2,4.7,5,62.0,0,3,36.0,0,2.38,16.0,1.0,15.0,3.22,2.32
Austria,Phillipp Mwene,DF,32.0,,402.0,80.0,55.8,4.5,5,80.0,3,0,,2,2.0,5.0,3.0,2.0,0.45,-4.08
Austria,Stefan Posch,DF,28.0,,416.0,59.0,57.8,4.6,4,85.0,3,3,25.0,0,2.29,14.0,2.0,12.0,2.6,0.82
Austria,David Alaba,DF,33.0,,297.0,74.0,41.3,3.3,4,74.0,1,0,,1,2.25,10.0,2.0,8.0,2.42,0.3
Austria,Xaver Schlager,MF,28.0,,266.0,53.0,36.9,3.0,4,64.0,0,1,10.0,1,2.6,4.0,3.0,1.0,0.34,-3.03
Austria,Kevin Danso,DF,27.0,,327.0,55.0,45.4,3.6,3,90.0,3,3,19.0,1,2.67,13.0,2.0,11.0,3.03,1.42
Austria,Patrick Pentz,GK,29.0,,225.0,75.0,31.3,2.5,3,75.0,2,0,,5,3.0,16.0,1.0,15.0,6.0,5.45
Austria,Patrick Wimmer,"MF,DF",24.0,,220.0,44.0,30.6,2.4,3,54.0,0,2,29.0,1,2.6,3.0,1.0,2.0,0.82,-2.06
Austria,Marco Friedl,DF,27.0,,124.0,41.0,17.2,1.4,1,90.0,1,2,17.0,3,3.0,7.0,0.0,7.0,5.08,3.42
Austria,Alexander Prass,DF,24.0,,117.0,39.0,16.3,1.3,1,90.0,1,2,14.0,2,2.0,10.0,1.0,9.0,6.92,5.58
Austria,Mathias Honsak,DF,29.0,,90.0,90.0,12.5,1.0,1,90.0,1,0,,1,3.0,4.0,0.0,4.0,4.0,2.0
Austria,Maximilian Wöber,DF,27.0,,68.0,68.0,9.4,0.8,1,68.0,0,0,,1,3.0,2.0,0.0,2.0,2.65,0.44
Austria,Florian Grillitsch,"DF,MF",30.0,,85.0,17.0,11.8,0.9,0,,0,5,17.0,3,2.4,4.0,2.0,2.0,2.12,-0.15
Austria,Thierno Ballo,"FW,MF",24.0,,45.0,45.0,6.3,0.5,0,,0,1,45.0,0,3.0,0.0,0.0,0.0,0.0,-2.4
Austria,Tobias Lawal,GK,25.0,,45.0,45.0,6.3,0.5,0,,0,1,45.0,3,3.0,0.0,0.0,0.0,0.0,-2.4
Austria,Leopold Querfeld,DF,22.0,,45.0,45.0,6.3,0.5,0,,0,1,45.0,7,3.0,0.0,0.0,0.0,0.0,-2.4
Austria,Raul Florucz,FW,24.0,,33.0,17.0,4.6,0.4,0,,0,2,17.0,3,1.5,3.0,1.0,2.0,5.45,3.36
Austria,Marco Grüll,"FW,MF",27.0,,29.0,15.0,4.0,0.3,0,,0,2,15.0,5,3.0,0.0,0.0,0.0,0.0,-2.34
Austria,Alessandro Schöpf,MF,31.0,,28.0,9.0,3.9,0.3,0,,0,3,9.0,3,1.33,2.0,1.0,1.0,3.21,1.0
Austria,Nikolaus Wurmbrand,MF,20.0,,20.0,10.0,2.8,0.2,0,,0,2,10.0,2,3.0,3.0,0.0,3.0,13.5,11.57
Austria,Nikolas Polster,GK,23.0,,,,,,0,,0,0,,5,,,,,,
Austria,Nicolas Schmid,GK,28.0,,,,,,0,,0,0,,1,,,,,,
Austria,Nikolas Veratschnig,"DF,MF",23.0,,,,,,0,,0,0,,2,,,,,,
Austria,Andreas Weimann,"FW,MF",34.0,,,,,,0,,0,0,,2,,,,,,
Austria,Marcel Sabitzer,MF,32.2437,,946.0,86.0,95.6,10.5,11,86.0,7,0,,0,2.55,25.0,5.0,20.0,1.9,-6.28
Austria,Nicolas Seiwald,MF,25.1123,,916.0,83.0,92.5,10.2,10,89.0,9,1,30.0,0,2.55,26.0,5.0,21.0,2.06,-1.59
Austria,Konrad Laimer,"MF,DF",29.0493,,788.0,79.0,79.6,8.8,10,79.0,7,0,,1,2.5,23.0,4.0,19.0,2.17,-0.06
Austria,Philipp Lienhart,DF,29.9254,,735.0,74.0,74.2,8.2,9,77.0,6,1,45.0,1,2.5,17.0,5.0,12.0,1.47,-2.77
Austria,Christoph Baumgartner,MF,26.8679,,695.0,77.0,70.2,7.7,9,77.0,1,0,,1,2.45,16.0,2.0,14.0,1.81,-1.24
Austria,Romano Schmid,MF,26.3778,,621.0,56.0,62.7,6.9,7,71.0,1,4,32.0,0,2.55,18.0,1.0,17.0,2.46,0.76
Austria,Stefan Posch,DF,29.0849,,619.0,62.0,62.5,6.9,6,83.0,3,4,30.0,0,2.5,20.0,3.0,17.0,2.47,0.77
Austria,Alexander Schlager,GK,30.3641,,585.0,84.0,59.1,6.5,7,84.0,6,0,,2,2.29,8.0,3.0,5.0,0.77,-3.45
Austria,Phillipp Mwene,DF,32.3723,,569.0,71.0,57.5,6.3,7,75.0,3,1,45.0,2,2.38,8.0,3.0,5.0,0.79,-3.27
Austria,Marko Arnautović,FW,37.1533,,561.0,56.0,56.7,6.2,7,67.0,2,3,30.0,1,2.8,21.0,3.0,18.0,2.89,1.63
Austria,Michael Gregoritsch,"FW,MF",32.1561,,554.0,50.0,56.0,6.2,7,60.0,0,4,34.0,0,2.55,19.0,1.0,18.0,2.92,1.69
Austria,Kevin Danso,DF,27.7337,,417.0,52.0,42.1,4.6,4,79.0,3,4,26.0,2,2.75,15.0,2.0,13.0,2.81,1.08
Austria,Xaver Schlager,MF,28.7091,,404.0,58.0,40.8,4.5,6,66.0,0,1,10.0,2,2.71,5.0,3.0,2.0,0.45,-2.93
Austria,David Alaba,DF,33.9719,,372.0,62.0,37.6,4.1,5,68.0,1,1,30.0,2,2.5,10.0,2.0,8.0,1.94,-0.39
Austria,Patrick Pentz,GK,29.4463,,315.0,79.0,31.8,3.5,4,79.0,3,0,,7,3.0,17.0,1.0,16.0,4.57,3.5
Austria,Patrick Wimmer,"MF,DF",25.0411,,310.0,44.0,31.3,3.4,4,52.0,0,3,34.0,2,2.71,7.0,2.0,5.0,1.45,-1.06
Austria,Marco Friedl,DF,28.2464,,290.0,48.0,29.3,3.2,3,70.0,1,3,26.0,3,3.0,12.0,0.0,12.0,3.72,2.18
Austria,Alexander Prass,DF,25.052,,186.0,31.0,18.8,2.1,1,90.0,1,5,19.0,2,2.5,14.0,2.0,12.0,5.81,4.46
Austria,Florian Grillitsch,"DF,MF",30.8515,,143.0,20.0,14.4,1.6,1,45.0,0,6,16.0,4,2.57,5.0,2.0,3.0,1.89,-0.34
Austria,Paul Wanner,MF,20.4736,,134.0,45.0,49.6,1.5,1,60.0,0,2,37.0,0,3.0,6.0,1.0,5.0,3.36,2.7
Austria,Mathias Honsak,DF,29.4819,,90.0,90.0,12.5,1.0,1,90.0,1,0,,1,3.0,4.0,0.0,4.0,4.0,2.0
Austria,Carney Chukwuemeka,MF,22.6489,,88.0,29.0,32.6,1.0,0,,0,3,29.0,0,3.0,3.0,1.0,2.0,2.05,0.07
Austria,Saša Kalajdžić,"FW,MF",28.9363,,69.0,23.0,25.6,0.8,0,,0,3,23.0,0,3.0,2.0,0.0,2.0,2.61,0.82
Austria,Maximilian Wöber,DF,28.3559,,68.0,68.0,9.4,0.8,1,68.0,0,0,,1,3.0,2.0,0.0,2.0,2.65,0.44
Austria,Michael Svoboda,DF,27.6626,,59.0,30.0,21.9,0.7,0,,0,2,30.0,1,3.0,2.0,1.0,1.0,1.53,-0.61
Austria,Leopold Querfeld,DF,22.4819,,45.0,45.0,6.3,0.5,0,,0,1,45.0,7,3.0,0.0,0.0,0.0,0.0,-2.4
Austria,Florian Wiegele,GK,25.2327,,45.0,45.0,16.7,0.5,0,,0,1,45.0,2,3.0,4.0,1.0,3.0,6.0,4.8
Austria,Tobias Lawal,GK,26.0192,,45.0,45.0,4.5,0.5,0,,0,1,45.0,4,3.0,0.0,0.0,0.0,0.0,-2.4
Austria,Thierno Ballo,"FW,MF",24.4463,,45.0,45.0,6.3,0.5,0,,0,1,45.0,0,3.0,0.0,0.0,0.0,0.0,-2.4
Austria,Raul Florucz,FW,25.011,,33.0,17.0,4.6,0.4,0,,0,2,17.0,3,1.5,3.0,1.0,2.0,5.45,3.36
Austria,Marco Grüll,"FW,MF",27.9391,,29.0,15.0,4.0,0.3,0,,0,2,15.0,5,3.0,0.0,0.0,0.0,0.0,-2.34
Austria,Alessandro Schöpf,MF,32.3477,,28.0,9.0,2.8,0.3,0,,0,3,9.0,4,1.33,2.0,1.0,1.0,3.21,1.0
Austria,Nikolaus Wurmbrand,MF,20.4381,,20.0,10.0,2.8,0.2,0,,0,2,10.0,2,3.0,3.0,0.0,3.0,13.5,11.57
Austria,David Affengruber,DF,25.2382,,11.0,11.0,4.1,0.1,0,,0,1,11.0,2,3.0,1.0,0.0,1.0,8.18,6.44
Austria,Nikolas Polster,GK,23.9363,,,,,,0,,0,0,,5,,,,,,
Austria,Nikolas Veratschnig,"DF,MF",23.386,,,,,,0,,0,0,,2,,,,,,
Austria,Andreas Weimann,"FW,MF",34.8569,,,,,,0,,0,0,,2,,,,,,
Austria,Nicolas Schmid,GK,29.3066,,,,,,0,,0,0,,1,,,,,,
Belgium,Kevin De Bruyne,MF,34.961,4.0,285.0,71.0,79.2,3.2,4,71.0,0,0,,0,2.5,9.0,2.0,7.0,2.21,-1.39
Belgium,Nathan Ngoy,DF,23.011,4.0,257.0,64.0,71.4,2.9,3,76.0,1,1,29.0,0,2.5,9.0,2.0,7.0,2.45,-0.17
Belgium,Youri Tielemans,MF,29.104,4.0,246.0,62.0,68.3,2.7,3,75.0,1,1,21.0,0,2.5,7.0,2.0,5.0,1.83,-2.12
Belgium,Jeremy Doku,MF,24.0493,4.0,242.0,61.0,67.2,2.7,3,71.0,0,1,28.0,0,2.5,8.0,1.0,7.0,2.6,0.32
Belgium,Amadou Onana,"MF,DF",24.8268,4.0,228.0,57.0,63.3,2.5,3,67.0,0,1,28.0,0,2.5,8.0,1.0,7.0,2.76,0.72
Belgium,Charles De Ketelaere,FW,25.2628,4.0,226.0,57.0,62.8,2.5,3,66.0,0,1,28.0,0,2.5,7.0,1.0,6.0,2.39,-0.3
Belgium,Maxim De Cuyper,"DF,MF",25.4764,4.0,217.0,54.0,60.3,2.4,3,66.0,0,1,18.0,0,2.5,7.0,2.0,5.0,2.07,-1.07
Belgium,Thomas Meunier,DF,34.7529,4.0,200.0,50.0,55.6,2.2,2,74.0,0,2,26.0,0,2.5,8.0,1.0,7.0,3.15,1.46
Belgium,Nicolas Raskin,MF,25.3039,4.0,186.0,47.0,51.7,2.1,2,74.0,0,2,20.0,0,2.5,7.0,1.0,6.0,2.9,0.83
Belgium,Thibaut Courtois,GK,34.0931,2.0,180.0,90.0,50.0,2.0,2,90.0,2,0,,0,3.0,7.0,0.0,7.0,3.5,2.0
Belgium,Brandon Mechele,DF,33.3751,3.0,174.0,58.0,48.3,1.9,2,76.0,1,1,23.0,1,3.0,9.0,1.0,8.0,4.14,3.17
Belgium,Timothy Castagne,DF,30.5229,3.0,155.0,52.0,43.1,1.7,2,67.0,0,1,21.0,1,2.33,5.0,2.0,3.0,1.74,-1.33
Belgium,Alexis Saelemaekers,MF,26.9637,3.0,146.0,49.0,40.6,1.6,2,64.0,0,1,19.0,1,2.33,4.0,1.0,3.0,1.85,-1.09
Belgium,Koni De Winter,DF,24.0055,3.0,124.0,41.0,34.4,1.4,1,71.0,0,2,27.0,1,2.33,4.0,2.0,2.0,1.45,-1.6
Belgium,Dodi Lukebakio,MF,28.7201,3.0,117.0,39.0,32.5,1.3,1,71.0,0,2,23.0,1,2.33,5.0,2.0,3.0,2.31,-0.28
Belgium,Axel Witsel,MF,37.4189,4.0,112.0,28.0,31.1,1.2,1,62.0,0,3,17.0,0,2.5,5.0,2.0,3.0,2.41,-0.13
Belgium,Arthur Theate,DF,26.0548,2.0,109.0,55.0,30.3,1.2,1,90.0,1,1,19.0,2,2.0,2.0,0.0,2.0,1.65,-1.22
Belgium,Loïs Openda,FW,26.3231,2.0,91.0,46.0,25.3,1.0,1,62.0,0,1,29.0,0,2.0,3.0,2.0,1.0,0.99,-2.02
Belgium,Senne Lammens,GK,23.9363,1.0,90.0,90.0,25.0,1.0,1,90.0,1,0,,3,3.0,5.0,2.0,3.0,3.0,0.67
Belgium,Matz Sels,GK,34.2957,1.0,90.0,90.0,25.0,1.0,1,90.0,1,0,,1,1.0,1.0,1.0,0.0,0.0,-3.33
Belgium,Mika Godts,MF,21.0192,2.0,83.0,42.0,23.1,0.9,1,62.0,0,1,21.0,0,2.0,2.0,2.0,0.0,0.0,-3.25
Belgium,Zeno Debast,DF,22.6379,2.0,80.0,40.0,22.2,0.9,1,61.0,0,1,19.0,0,2.0,3.0,1.0,2.0,2.25,-0.32
Belgium,Leandro Trossard,MF,31.5257,1.0,73.0,73.0,20.3,0.8,1,73.0,0,0,,0,3.0,3.0,0.0,3.0,3.7,1.5
Belgium,Joaquin Seys,DF,21.2136,3.0,71.0,24.0,19.7,0.8,0,,0,3,24.0,1,2.33,3.0,1.0,2.0,2.54,0.04
Belgium,Hans Vanaken,MF,33.8049,2.0,49.0,25.0,13.6,0.5,0,,0,2,25.0,0,3.0,3.0,0.0,3.0,5.51,3.48
Belgium,Romelu Lukaku,FW,33.0876,2.0,43.0,22.0,11.9,0.5,0,,0,2,22.0,0,3.0,3.0,0.0,3.0,6.28,4.29
Belgium,Matias Fernandez-Pardo,"FW,MF",21.3587,2.0,35.0,18.0,9.7,0.4,0,,0,2,18.0,0,3.0,3.0,0.0,3.0,7.71,5.78
Belgium,Nathan De Cat,MF,17.9035,1.0,21.0,21.0,5.8,0.2,0,,0,1,21.0,1,3.0,1.0,1.0,0.0,0.0,-2.65
Belgium,Lucas Stassin,FW,21.5421,1.0,19.0,19.0,5.3,0.2,0,,0,1,19.0,1,1.0,0.0,0.0,0.0,0.0,-2.64
Belgium,Diego Moreira,MF,21.8542,1.0,11.0,11.0,3.1,0.1,0,,0,1,11.0,1,3.0,2.0,0.0,2.0,16.36,14.3
Belgium,Mike Penders,GK,20.8706,0.0,,,,,0,,0,0,,2,,,,,,
Belgium,Maarten Vandevoordt,GK,24.2957,0.0,,,,,0,,0,0,,2,,,,,,
Belgium,Jeremy Doku,"MF,FW",23.0,8.0,642.0,80.0,89.2,7.1,8,80.0,5,0,,0,2.25,24.0,7.0,17.0,2.38,-3.39
Belgium,Arthur Theate,DF,25.0,8.0,588.0,74.0,81.7,6.5,6,88.0,5,2,29.0,0,2.25,24.0,5.0,19.0,2.91,0.86
Belgium,Zeno Debast,DF,22.0,6.0,540.0,90.0,75.0,6.0,6,90.0,6,0,,0,2.33,21.0,6.0,15.0,2.5,-1.0
Belgium,Nicolas Raskin,MF,24.0,7.0,533.0,76.0,74.0,5.9,6,86.0,4,1,16.0,1,2.14,18.0,4.0,14.0,2.36,-1.49
Belgium,Kevin De Bruyne,MF,34.0,6.0,463.0,77.0,64.3,5.1,6,77.0,1,0,,0,2.33,17.0,4.0,13.0,2.53,-0.62
Belgium,Maxim De Cuyper,DF,25.0,7.0,414.0,59.0,57.5,4.6,6,67.0,0,1,10.0,1,2.14,14.0,2.0,12.0,2.61,-0.33
Belgium,Hans Vanaken,MF,33.0,7.0,424.0,61.0,58.9,4.7,5,76.0,2,2,21.0,1,2.14,19.0,2.0,17.0,3.61,2.09
Belgium,Leandro Trossard,"MF,FW",31.0,7.0,395.0,56.0,54.9,4.4,5,68.0,1,2,28.0,1,2.43,14.0,4.0,10.0,2.28,-1.04
Belgium,Thomas Meunier,DF,34.0,7.0,351.0,50.0,48.8,3.9,5,66.0,2,2,12.0,0,2.43,20.0,2.0,18.0,4.62,3.64
Belgium,Timothy Castagne,DF,30.0,6.0,413.0,69.0,57.4,4.6,4,90.0,3,2,28.0,0,2.33,18.0,2.0,16.0,3.49,1.73
Belgium,Youri Tielemans,MF,28.0,6.0,384.0,64.0,53.3,4.3,4,82.0,3,2,28.0,0,2.33,23.0,4.0,19.0,4.45,3.65
Belgium,Thibaut Courtois,GK,33.0,4.0,360.0,90.0,50.0,4.0,4,90.0,4,0,,0,2.5,16.0,2.0,14.0,3.5,1.5
Belgium,Charles De Ketelaere,FW,24.0,5.0,329.0,66.0,45.7,3.7,4,75.0,1,1,30.0,2,2.6,20.0,2.0,18.0,4.92,4.0
Belgium,Alexis Saelemaekers,"FW,MF",26.0,7.0,287.0,41.0,39.9,3.2,3,69.0,1,4,20.0,0,2.14,13.0,1.0,12.0,3.76,1.68
Belgium,Amadou Onana,MF,24.0,5.0,281.0,56.0,39.0,3.1,3,76.0,1,2,26.0,0,1.8,7.0,6.0,1.0,0.32,-3.98
Belgium,Matz Sels,GK,33.0,3.0,270.0,90.0,37.5,3.0,3,90.0,3,0,,5,1.67,6.0,5.0,1.0,0.33,-3.87
Belgium,Wout Faes,DF,27.0,2.0,180.0,90.0,25.0,2.0,2,90.0,2,0,,0,2.0,5.0,4.0,1.0,0.5,-3.0
Belgium,Romelu Lukaku,FW,32.0,2.0,171.0,86.0,23.8,1.9,2,86.0,1,0,,0,2.0,5.0,3.0,2.0,1.05,-2.23
Belgium,Koni De Winter,DF,23.0,3.0,200.0,67.0,27.8,2.2,1,90.0,1,2,55.0,4,1.67,4.0,5.0,-1.0,-0.45,-4.43
Belgium,Loïs Openda,FW,25.0,5.0,152.0,30.0,21.1,1.7,1,60.0,0,4,23.0,3,1.8,3.0,1.0,2.0,1.18,-1.98
Belgium,Malick Fofana,MF,20.0,4.0,145.0,36.0,20.1,1.6,1,90.0,1,3,18.0,1,2.5,9.0,1.0,8.0,4.97,2.77
Belgium,Brandon Mechele,DF,33.0,2.0,100.0,50.0,13.9,1.1,1,90.0,1,1,10.0,6,3.0,8.0,1.0,7.0,6.3,4.12
Belgium,Senne Lammens,GK,23.0,1.0,90.0,90.0,12.5,1.0,1,90.0,1,0,,4,3.0,7.0,0.0,7.0,7.0,4.86
Belgium,Joaquin Seys,DF,20.0,2.0,82.0,41.0,11.4,0.9,1,80.0,0,1,2.0,2,1.0,1.0,1.0,0.0,0.0,-3.1
Belgium,Dodi Lukebakio,"FW,MF",28.0,2.0,49.0,25.0,6.8,0.5,0,,0,2,25.0,4,3.0,0.0,2.0,-2.0,-3.67,-6.89
Belgium,Axel Witsel,"DF,MF",37.0,2.0,41.0,21.0,5.7,0.5,0,,0,2,21.0,2,3.0,1.0,1.0,0.0,0.0,-2.92
Belgium,Diego Moreira,MF,21.0,2.0,28.0,14.0,3.9,0.3,0,,0,2,14.0,3,3.0,1.0,0.0,1.0,3.21,0.48
Belgium,Charles Vanhoutte,MF,27.0,1.0,6.0,6.0,0.8,0.1,0,,0,1,6.0,4,3.0,1.0,0.0,1.0,15.0,12.35
Belgium,Romeo Vermant,FW,22.0,1.0,2.0,2.0,0.3,0.0,0,,0,1,2.0,1,1.0,0.0,0.0,0.0,0.0,-2.76
Belgium,Michy Batshuayi,FW,32.0,0.0,,,,,0,,0,0,,4,,,,,,
Belgium,Mike Penders,GK,20.0,0.0,,,,,0,,0,0,,1,,,,,,
Belgium,Maarten Vandevoordt,GK,23.0,0.0,,,,,0,,0,0,,6,,,,,,
Belgium,Jeremy Doku,"MF,FW",24.0493,12.0,884.0,74.0,81.9,9.8,11,78.0,5,1,28.0,0,2.33,32.0,8.0,24.0,2.44,-1.23
Belgium,Kevin De Bruyne,MF,34.961,10.0,748.0,75.0,69.3,8.3,10,75.0,1,0,,0,2.4,26.0,6.0,20.0,2.41,-0.85
Belgium,Nicolas Raskin,MF,25.3039,11.0,719.0,65.0,66.6,8.0,8,83.0,4,3,18.0,1,2.27,25.0,5.0,20.0,2.5,-0.49
Belgium,Arthur Theate,DF,26.0548,10.0,697.0,70.0,64.5,7.7,7,89.0,6,3,26.0,2,2.2,26.0,5.0,21.0,2.71,0.13
Belgium,Maxim De Cuyper,DF,25.4764,11.0,631.0,57.0,58.4,7.0,9,67.0,0,2,14.0,1,2.27,21.0,4.0,17.0,2.42,-0.58
Belgium,Youri Tielemans,MF,29.104,10.0,630.0,63.0,58.3,7.0,7,79.0,4,3,25.0,0,2.4,30.0,6.0,24.0,3.43,1.83
Belgium,Zeno Debast,DF,22.6379,8.0,620.0,78.0,57.4,6.9,7,86.0,6,1,19.0,0,2.25,24.0,7.0,17.0,2.47,-0.47
Belgium,Timothy Castagne,DF,30.5229,9.0,568.0,63.0,52.6,6.3,6,82.0,3,3,25.0,1,2.33,23.0,4.0,19.0,3.01,0.73
Belgium,Charles De Ketelaere,FW,25.2628,9.0,555.0,62.0,51.4,6.2,7,71.0,1,2,29.0,2,2.56,27.0,3.0,24.0,3.89,2.52
Belgium,Thomas Meunier,DF,34.7529,11.0,551.0,50.0,51.0,6.1,7,68.0,2,4,19.0,0,2.46,28.0,3.0,25.0,4.08,2.89
Belgium,Thibaut Courtois,GK,34.0931,6.0,540.0,90.0,50.0,6.0,6,90.0,6,0,,0,2.67,23.0,2.0,21.0,3.5,1.67
Belgium,Amadou Onana,MF,24.8268,9.0,509.0,57.0,47.1,5.7,6,72.0,1,3,27.0,0,2.11,15.0,7.0,8.0,1.41,-2.37
Belgium,Hans Vanaken,MF,33.8049,9.0,473.0,53.0,43.8,5.3,5,76.0,2,4,23.0,1,2.33,22.0,2.0,20.0,3.81,2.03
Belgium,Leandro Trossard,"MF,FW",31.5257,8.0,468.0,59.0,43.3,5.2,6,69.0,1,2,28.0,1,2.5,17.0,4.0,13.0,2.5,-0.29
Belgium,Alexis Saelemaekers,"FW,MF",26.9637,10.0,433.0,43.0,40.1,4.8,5,67.0,1,5,20.0,1,2.2,17.0,2.0,15.0,3.12,0.75
Belgium,Matz Sels,GK,34.2957,4.0,360.0,90.0,33.3,4.0,4,90.0,4,0,,6,1.5,7.0,6.0,1.0,0.25,-3.63
Belgium,Koni De Winter,DF,24.0055,6.0,324.0,54.0,30.0,3.6,2,81.0,1,4,41.0,5,2.0,8.0,7.0,1.0,0.28,-3.41
Belgium,Brandon Mechele,DF,33.3751,5.0,274.0,55.0,25.4,3.0,3,80.0,2,2,17.0,7,3.0,17.0,2.0,15.0,4.93,3.03
Belgium,Nathan Ngoy,DF,23.011,4.0,257.0,64.0,71.4,2.9,3,76.0,1,1,29.0,0,2.5,9.0,2.0,7.0,2.45,-0.17
Belgium,Loïs Openda,FW,26.3231,7.0,243.0,35.0,22.5,2.7,2,61.0,0,5,24.0,3,1.86,6.0,3.0,3.0,1.11,-2.01
Belgium,Romelu Lukaku,FW,33.0876,4.0,214.0,54.0,19.8,2.4,2,86.0,1,2,22.0,0,2.5,8.0,3.0,5.0,2.1,-0.7
Belgium,Wout Faes,DF,28.1971,2.0,180.0,90.0,25.0,2.0,2,90.0,2,0,,0,2.0,5.0,4.0,1.0,0.5,-3.0
Belgium,Senne Lammens,GK,23.9363,2.0,180.0,90.0,16.7,2.0,2,90.0,2,0,,7,3.0,12.0,2.0,10.0,5.0,2.8
Belgium,Dodi Lukebakio,"FW,MF",28.7201,5.0,166.0,33.0,15.4,1.8,1,71.0,0,4,24.0,5,2.6,5.0,4.0,1.0,0.54,-2.51
Belgium,Axel Witsel,"DF,MF",37.4189,6.0,153.0,26.0,14.2,1.7,1,62.0,0,5,18.0,2,2.67,6.0,3.0,3.0,1.76,-1.05
Belgium,Joaquin Seys,DF,21.2136,5.0,153.0,31.0,14.2,1.7,1,80.0,0,4,18.0,3,1.8,4.0,2.0,2.0,1.18,-1.74
Belgium,Malick Fofana,MF,21.2053,4.0,145.0,36.0,20.1,1.6,1,90.0,1,3,18.0,1,2.5,9.0,1.0,8.0,4.97,2.77
Belgium,Mika Godts,MF,21.0192,2.0,83.0,42.0,23.1,0.9,1,62.0,0,1,21.0,0,2.0,2.0,2.0,0.0,0.0,-3.25
Belgium,Diego Moreira,MF,21.8542,3.0,39.0,13.0,3.6,0.4,0,,0,3,13.0,4,3.0,3.0,0.0,3.0,6.92,4.42
Belgium,Matias Fernandez-Pardo,"FW,MF",21.3587,2.0,35.0,18.0,9.7,0.4,0,,0,2,18.0,0,3.0,3.0,0.0,3.0,7.71,5.78
Belgium,Nathan De Cat,MF,17.9035,1.0,21.0,21.0,5.8,0.2,0,,0,1,21.0,1,3.0,1.0,1.0,0.0,0.0,-2.65
Belgium,Lucas Stassin,FW,21.5421,1.0,19.0,19.0,5.3,0.2,0,,0,1,19.0,1,1.0,0.0,0.0,0.0,0.0,-2.64
Belgium,Charles Vanhoutte,MF,27.742,1.0,6.0,6.0,0.8,0.1,0,,0,1,6.0,4,3.0,1.0,0.0,1.0,15.0,12.35
Belgium,Romeo Vermant,FW,22.386,1.0,2.0,2.0,0.3,0.0,0,,0,1,2.0,1,1.0,0.0,0.0,0.0,0.0,-2.76
Belgium,Mike Penders,GK,20.8706,0.0,,,,,0,,0,0,,3,,,,,,
Belgium,Maarten Vandevoordt,GK,24.2957,0.0,,,,,0,,0,0,,8,,,,,,
Belgium,Michy Batshuayi,FW,32.6982,0.0,,,,,0,,0,0,,4,,,,,,
Bosnia-Herzegovina,Amar Dedić,DF,23.8214,1.0,90.0,90.0,100.0,1.0,1,90.0,1,0,,0,1.0,1.0,1.0,0.0,0.0,
Bosnia-Herzegovina,Ermedin Demirović,FW,28.2218,1.0,90.0,90.0,100.0,1.0,1,90.0,1,0,,0,1.0,1.0,1.0,0.0,0.0,
Bosnia-Herzegovina,Nikola Katić,DF,29.6762,1.0,90.0,90.0,100.0,1.0,1,90.0,1,0,,0,1.0,1.0,1.0,0.0,0.0,
Bosnia-Herzegovina,Tarik Muharemovic,DF,23.2902,1.0,90.0,90.0,100.0,1.0,1,90.0,1,0,,0,1.0,1.0,1.0,0.0,0.0,
Bosnia-Herzegovina,Benjamin Tahirovic,MF,23.282,1.0,90.0,90.0,100.0,1.0,1,90.0,1,0,,0,1.0,1.0,1.0,0.0,0.0,
Bosnia-Herzegovina,Nikola Vasilj,GK,30.5311,1.0,90.0,90.0,100.0,1.0,1,90.0,1,0,,0,1.0,1.0,1.0,0.0,0.0,
Bosnia-Herzegovina,Sead Kolašinac,DF,32.9829,1.0,83.0,83.0,92.2,0.9,1,83.0,0,0,,0,1.0,1.0,1.0,0.0,0.0,0.0
Bosnia-Herzegovina,Esmir Bajraktarevic,MF,21.2628,1.0,73.0,73.0,81.1,0.8,1,73.0,0,0,,0,1.0,1.0,0.0,1.0,1.23,6.53
Bosnia-Herzegovina,Amar Memić,MF,25.397,1.0,73.0,73.0,81.1,0.8,1,73.0,0,0,,0,1.0,1.0,0.0,1.0,1.23,6.53
Bosnia-Herzegovina,Ivan Bašić,MF,24.1232,1.0,61.0,61.0,67.8,0.7,1,61.0,0,0,,0,1.0,1.0,0.0,1.0,1.48,4.58
Bosnia-Herzegovina,Jovo Lukić,FW,27.5421,1.0,61.0,61.0,67.8,0.7,1,61.0,0,0,,0,1.0,1.0,0.0,1.0,1.48,4.58
Bosnia-Herzegovina,Samed Baždar,FW,22.3669,1.0,29.0,29.0,32.2,0.3,0,,0,1,29.0,0,1.0,0.0,1.0,-1.0,-3.1,-4.58
Bosnia-Herzegovina,Armin Gigovic,MF,24.1889,1.0,29.0,29.0,32.2,0.3,0,,0,1,29.0,0,1.0,0.0,1.0,-1.0,-3.1,-4.58
Bosnia-Herzegovina,Kerim Alajbegović,MF,18.7283,1.0,17.0,17.0,18.9,0.2,0,,0,1,17.0,0,1.0,0.0,1.0,-1.0,-5.29,-6.53
Bosnia-Herzegovina,Ivan Šunjić,MF,29.679,1.0,17.0,17.0,18.9,0.2,0,,0,1,17.0,0,1.0,0.0,1.0,-1.0,-5.29,-6.53
Bosnia-Herzegovina,Dženis Burnić,MF,28.063,1.0,7.0,7.0,7.8,0.1,0,,0,1,7.0,0,1.0,0.0,0.0,0.0,0.0,0.0
Bosnia-Herzegovina,Edin Džeko,FW,40.2437,0.0,,,,,0,,0,0,,1,,,,,,
Bosnia-Herzegovina,Amir Hadžiahmetović,MF,29.2683,0.0,,,,,0,,0,0,,1,,,,,,
Bosnia-Herzegovina,Dennis Hadžikadunić,DF,27.9309,0.0,,,,,0,,0,0,,1,,,,,,
Bosnia-Herzegovina,Mladen Jurkas,GK,18.6845,0.0,,,,,0,,0,0,,1,,,,,,
Bosnia-Herzegovina,Ermin Mahmić,MF,21.2519,0.0,,,,,0,,0,0,,1,,,,,,
Bosnia-Herzegovina,Arjan Malic,DF,20.794,0.0,,,,,0,,0,0,,1,,,,,,
Bosnia-Herzegovina,Nihad Mujakić,DF,28.1643,0.0,,,,,0,,0,0,,1,,,,,,
Bosnia-Herzegovina,Stjepan Radeljić,DF,28.7721,0.0,,,,,0,,0,0,,1,,,,,,
Bosnia-Herzegovina,Haris Tabaković,FW,31.9829,0.0,,,,,0,,0,0,,1,,,,,,
Bosnia-Herzegovina,Martin Zlomislić,GK,27.8268,0.0,,,,,0,,0,0,,1,,,,,,
Bosnia-Herzegovina,Kerim Alajbegović,MF,18.7283,2.0,134.0,67.0,74.4,1.5,2,67.0,0,0,,0,1.0,1.0,1.0,0.0,0.0,0.0
Bosnia-Herzegovina,Amar Dedić,DF,23.8214,2.0,125.0,63.0,69.4,1.4,2,63.0,0,0,,0,1.0,1.0,1.0,0.0,0.0,0.0
Bosnia-Herzegovina,Benjamin Tahirovic,MF,23.282,2.0,120.0,60.0,66.7,1.3,2,60.0,0,0,,0,1.0,1.0,1.0,0.0,0.0,0.0
Bosnia-Herzegovina,Esmir Bajraktarevic,MF,21.2628,2.0,106.0,53.0,58.9,1.2,2,53.0,0,0,,0,1.0,1.0,1.0,0.0,0.0,0.0
Bosnia-Herzegovina,Nikola Katić,DF,29.6762,2.0,106.0,53.0,58.9,1.2,2,53.0,0,0,,0,1.0,1.0,1.0,0.0,0.0,0.0
Bosnia-Herzegovina,Jovo Lukić,FW,27.5421,2.0,106.0,53.0,58.9,1.2,2,53.0,0,0,,0,1.0,1.0,1.0,0.0,0.0,0.0
Bosnia-Herzegovina,Ermedin Demirović,FW,28.2218,2.0,134.0,67.0,74.4,1.5,1,89.0,0,1,45.0,0,1.0,1.0,1.0,0.0,0.0,0.0
Bosnia-Herzegovina,Tarik Muharemovic,DF,23.2902,2.0,134.0,67.0,74.4,1.5,1,89.0,0,1,45.0,0,1.0,1.0,1.0,0.0,0.0,0.0
Bosnia-Herzegovina,Ivan Bašić,MF,24.1232,2.0,106.0,53.0,58.9,1.2,1,61.0,0,1,45.0,0,1.0,1.0,1.0,0.0,0.0,0.0
Bosnia-Herzegovina,Nikola Vasilj,GK,30.5311,1.0,90.0,90.0,50.0,1.0,1,90.0,1,0,,1,1.0,1.0,1.0,0.0,0.0,0.0
Bosnia-Herzegovina,Martin Zlomislić,GK,27.8268,1.0,90.0,90.0,50.0,1.0,1,90.0,1,0,,1,1.0,0.0,0.0,0.0,0.0,0.0
Bosnia-Herzegovina,Sead Kolašinac,DF,32.9829,1.0,80.0,80.0,44.4,0.9,1,80.0,0,0,,1,1.0,1.0,1.0,0.0,0.0,0.0
Bosnia-Herzegovina,Samed Baždar,FW,22.3669,2.0,74.0,37.0,41.1,0.8,1,45.0,0,1,29.0,0,1.0,0.0,0.0,0.0,0.0,0.0
Bosnia-Herzegovina,Armin Gigovic,MF,24.1889,2.0,74.0,37.0,41.1,0.8,1,45.0,0,1,29.0,0,1.0,0.0,0.0,0.0,0.0,0.0
Bosnia-Herzegovina,Nihad Mujakić,DF,28.1643,2.0,46.0,23.0,25.6,0.5,1,45.0,0,1,1.0,0,1.0,0.0,0.0,0.0,0.0,0.0
Bosnia-Herzegovina,Stjepan Radeljić,DF,28.7721,1.0,45.0,45.0,25.0,0.5,1,45.0,0,0,,1,1.0,0.0,0.0,0.0,0.0,0.0
Bosnia-Herzegovina,Nidal Čelik,DF,19.909,2.0,74.0,37.0,41.1,0.8,0,,0,2,37.0,0,1.0,0.0,0.0,0.0,0.0,0.0
Bosnia-Herzegovina,Amir Hadžiahmetović,MF,29.2683,2.0,74.0,37.0,41.1,0.8,0,,0,2,37.0,0,1.0,0.0,0.0,0.0,0.0,0.0
Bosnia-Herzegovina,Amar Memić,MF,25.397,2.0,74.0,37.0,41.1,0.8,0,,0,2,37.0,0,1.0,0.0,0.0,0.0,0.0,0.0
Bosnia-Herzegovina,Dženis Burnić,MF,28.063,2.0,55.0,28.0,30.6,0.6,0,,0,2,28.0,0,1.0,0.0,0.0,0.0,0.0,0.0
Bosnia-Herzegovina,Dennis Hadžikadunić,DF,27.9309,2.0,46.0,23.0,25.6,0.5,0,,0,2,23.0,0,1.0,0.0,0.0,0.0,0.0,0.0
Bosnia-Herzegovina,Ermin Mahmić,MF,21.2519,2.0,46.0,23.0,25.6,0.5,0,,0,2,23.0,0,1.0,0.0,0.0,0.0,0.0,0.0
Bosnia-Herzegovina,Arjan Malic,DF,20.794,2.0,41.0,21.0,22.8,0.5,0,,0,2,21.0,0,1.0,0.0,0.0,0.0,0.0,0.0
Bosnia-Herzegovina,Edin Džeko,FW,40.2437,0.0,,,,,0,,0,0,,2,,,,,,
Bosnia-Herzegovina,Osman Hadžikić,GK,30.2574,0.0,,,,,0,,0,0,,1,,,,,,
Bosnia-Herzegovina,Mladen Jurkas,GK,18.6845,0.0,,,,,0,,0,0,,1,,,,,,
Bosnia-Herzegovina,Ivan Šunjić,MF,29.679,0.0,,,,,0,,0,0,,1,,,,,,
Bosnia-Herzegovina,Nikola Vasilj,GK,30.0,10.0,960.0,96.0,100.0,10.7,10,96.0,10,0,,0,1.9,19.0,9.0,10.0,0.94,
Bosnia-Herzegovina,Benjamin Tahirovic,MF,22.0,10.0,748.0,75.0,77.9,8.3,9,75.0,1,1,75.0,0,1.9,13.0,7.0,6.0,0.72,-0.98
Bosnia-Herzegovina,Edin Džeko,FW,39.0,9.0,715.0,79.0,74.5,7.9,8,86.0,4,1,29.0,1,1.78,13.0,8.0,5.0,0.63,-1.21
Bosnia-Herzegovina,Ivan Šunjić,MF,29.0,8.0,655.0,82.0,68.2,7.3,8,82.0,5,0,,1,1.63,8.0,8.0,0.0,0.0,-2.95
Bosnia-Herzegovina,Amar Dedić,"DF,FW",23.0,8.0,679.0,85.0,70.7,7.5,7,91.0,4,1,45.0,1,1.88,12.0,7.0,5.0,0.66,-0.94
Bosnia-Herzegovina,Ermedin Demirović,FW,27.0,7.0,655.0,94.0,68.2,7.3,7,94.0,5,0,,0,2.0,8.0,5.0,3.0,0.41,-1.65
Bosnia-Herzegovina,Tarik Muharemovic,DF,22.0,7.0,645.0,92.0,67.2,7.2,6,100.0,6,1,45.0,3,1.43,10.0,8.0,2.0,0.28,-2.01
Bosnia-Herzegovina,Nikola Katić,DF,29.0,7.0,612.0,87.0,63.8,6.8,6,99.0,5,1,19.0,2,1.71,9.0,7.0,2.0,0.29,-1.77
Bosnia-Herzegovina,Amar Memić,"MF,DF",25.0,9.0,579.0,64.0,60.3,6.4,6,79.0,2,3,34.0,1,1.78,13.0,7.0,6.0,0.93,-0.01
Bosnia-Herzegovina,Arjan Malic,"DF,FW",20.0,5.0,330.0,66.0,34.4,3.7,5,66.0,0,0,,0,2.6,4.0,3.0,1.0,0.27,-1.01
Bosnia-Herzegovina,Armin Gigovic,"MF,FW",23.0,8.0,325.0,41.0,33.9,3.6,5,57.0,0,3,13.0,2,1.88,6.0,5.0,1.0,0.28,-1.0
Bosnia-Herzegovina,Esmir Bajraktarevic,MF,20.0,7.0,510.0,73.0,53.1,5.7,4,105.0,4,3,30.0,0,1.43,11.0,5.0,6.0,1.06,0.26
Bosnia-Herzegovina,Adrian Leon Barišić,DF,24.0,4.0,296.0,74.0,30.8,3.3,4,74.0,2,0,,2,3.0,9.0,1.0,8.0,2.43,2.16
Bosnia-Herzegovina,Sead Kolašinac,DF,32.0,4.0,286.0,72.0,29.8,3.2,4,72.0,2,0,,1,1.8,4.0,4.0,0.0,0.0,-1.34
Bosnia-Herzegovina,Dženis Burnić,"DF,MF",27.0,8.0,406.0,51.0,42.3,4.5,3,77.0,1,5,35.0,1,2.25,7.0,2.0,5.0,1.11,0.3
Bosnia-Herzegovina,Stjepan Radeljić,DF,28.0,3.0,270.0,90.0,28.1,3.0,3,90.0,3,0,,2,3.0,9.0,1.0,8.0,2.67,2.41
Bosnia-Herzegovina,Haris Hajradinović,"MF,FW",31.0,3.0,222.0,74.0,23.1,2.5,3,74.0,1,0,,2,3.0,4.0,1.0,3.0,1.22,0.36
Bosnia-Herzegovina,Kerim Alajbegović,"MF,FW",18.0,7.0,359.0,51.0,37.4,4.0,2,77.0,1,5,41.0,0,1.43,13.0,1.0,12.0,3.01,3.31
Bosnia-Herzegovina,Ivan Bašić,MF,23.0,7.0,288.0,41.0,30.0,3.2,2,80.0,1,5,26.0,3,1.71,9.0,2.0,7.0,2.19,1.79
Bosnia-Herzegovina,Samed Baždar,"MF,FW",22.0,7.0,224.0,32.0,23.3,2.5,2,53.0,0,5,24.0,3,2.29,4.0,1.0,3.0,1.21,0.35
Bosnia-Herzegovina,Nihad Mujakić,DF,27.0,4.0,169.0,42.0,17.6,1.9,2,66.0,0,2,19.0,5,1.25,6.0,4.0,2.0,1.07,0.15
Bosnia-Herzegovina,Haris Tabaković,FW,31.0,4.0,200.0,50.0,20.8,2.2,1,62.0,0,3,46.0,1,1.5,6.0,0.0,6.0,2.7,2.23
Bosnia-Herzegovina,Jusuf Gazibegović,DF,25.0,2.0,123.0,62.0,12.8,1.4,1,90.0,1,1,33.0,0,1.5,6.0,1.0,5.0,3.66,3.12
Bosnia-Herzegovina,Dennis Hadžikadunić,DF,27.0,1.0,90.0,90.0,9.4,1.0,1,90.0,1,0,,2,1.0,1.0,1.0,0.0,0.0,-1.03
Bosnia-Herzegovina,Emir Karic,DF,28.0,1.0,70.0,70.0,7.3,0.8,1,70.0,0,0,,0,1.0,1.0,0.0,1.0,1.29,0.38
Bosnia-Herzegovina,Dario Šarić,MF,28.0,2.0,58.0,29.0,6.0,0.6,0,,0,2,29.0,3,3.0,1.0,0.0,1.0,1.55,0.65
Bosnia-Herzegovina,Amir Hadžiahmetović,MF,28.0,4.0,51.0,13.0,5.3,0.6,0,,0,4,13.0,0,1.5,1.0,0.0,1.0,1.76,0.87
Bosnia-Herzegovina,Eman Košpo,DF,18.0,1.0,15.0,15.0,1.6,0.2,0,,0,1,15.0,1,3.0,3.0,0.0,3.0,18.0,17.33
Bosnia-Herzegovina,Ermin Bičakčić,DF,36.0,2.0,11.0,6.0,1.1,0.1,0,,0,2,6.0,1,3.0,0.0,0.0,0.0,0.0,-0.95
Bosnia-Herzegovina,Nail Omerovic,"DF,MF",23.0,1.0,8.0,8.0,0.8,0.1,0,,0,1,8.0,1,1.0,0.0,1.0,-1.0,-11.25,-12.29
Bosnia-Herzegovina,Dino Beširović,MF,32.0,1.0,1.0,1.0,0.1,0.0,0,,0,1,1.0,0,1.0,0.0,1.0,-1.0,-90.0,-91.03
Bosnia-Herzegovina,Nidal Čelik,DF,19.0,0.0,,,,,0,,0,0,,2,,,,,,
Bosnia-Herzegovina,Osman Hadžikić,GK,29.0,0.0,,,,,0,,0,0,,10,,,,,,
Bosnia-Herzegovina,Denis Huseinbasic,MF,24.0,0.0,,,,,0,,0,0,,1,,,,,,
Bosnia-Herzegovina,Luka Kulenović,FW,26.0,0.0,,,,,0,,0,0,,1,,,,,,
Bosnia-Herzegovina,Luka Menalo,MF,29.0,0.0,,,,,0,,0,0,,1,,,,,,
Bosnia-Herzegovina,Vedad Muftić,GK,24.0,0.0,,,,,0,,0,0,,1,,,,,,
Bosnia-Herzegovina,Martin Zlomislić,GK,27.0,0.0,,,,,0,,0,0,,9,,,,,,
Bosnia-Herzegovina,Nikola Vasilj,GK,30.5311,12.0,"1,140",95.0,92.7,12.7,12,95.0,12,0,,1,1.75,21.0,11.0,10.0,0.79,0.79
Bosnia-Herzegovina,Benjamin Tahirovic,MF,23.282,13.0,958,74.0,77.9,10.6,12,74.0,2,1,75.0,0,1.69,15.0,9.0,6.0,0.56,-0.76
Bosnia-Herzegovina,Amar Dedić,DF,23.8214,11.0,894,81.0,72.7,9.9,10,85.0,5,1,45.0,1,1.64,14.0,9.0,5.0,0.5,-0.84
Bosnia-Herzegovina,Ermedin Demirović,FW,28.2218,10.0,879,88.0,71.5,9.8,9,93.0,6,1,45.0,0,1.7,10.0,7.0,3.0,0.31,-1.49
Bosnia-Herzegovina,Tarik Muharemovic,DF,23.2902,10.0,869,87.0,70.7,9.7,8,97.0,7,2,45.0,3,1.3,12.0,10.0,2.0,0.21,-1.79
Bosnia-Herzegovina,Nikola Katić,DF,29.6762,10.0,808,81.0,65.7,9.0,9,88.0,6,1,19.0,2,1.5,11.0,9.0,2.0,0.22,-1.48
Bosnia-Herzegovina,Amar Memić,MF,25.397,12.0,726,61.0,59.0,8.1,7,78.0,2,5,35.0,1,1.59,14.0,7.0,7.0,0.87,0.33
Bosnia-Herzegovina,Edin Džeko,FW,40.2437,9.0,715,79.0,58.1,7.9,8,86.0,4,1,29.0,4,1.78,13.0,8.0,5.0,0.63,-1.21
Bosnia-Herzegovina,Esmir Bajraktarevic,MF,21.2628,10.0,689,69.0,56.0,7.7,7,86.0,4,3,30.0,0,1.3,13.0,6.0,7.0,0.91,0.42
Bosnia-Herzegovina,Ivan Šunjić,MF,29.679,9.0,672,75.0,54.6,7.5,8,82.0,5,1,17.0,2,1.56,8.0,9.0,-1.0,-0.13,-2.75
Bosnia-Herzegovina,Kerim Alajbegović,MF,18.7283,10.0,510,51.0,41.5,5.7,4,72.0,1,6,37.0,0,1.3,14.0,3.0,11.0,1.94,2.07
Bosnia-Herzegovina,Dženis Burnić,MF,28.063,11.0,468,43.0,38.0,5.2,3,77.0,1,8,30.0,1,1.91,7.0,2.0,5.0,0.96,0.37
Bosnia-Herzegovina,Ivan Bašić,MF,24.1232,10.0,455,46.0,37.0,5.1,4,71.0,1,6,29.0,3,1.5,11.0,3.0,8.0,1.58,1.35
Bosnia-Herzegovina,Sead Kolašinac,DF,32.9829,6.0,449,75.0,36.5,5.0,6,75.0,2,0,,2,1.53,6.0,6.0,0.0,0.0,-1.15
Bosnia-Herzegovina,Armin Gigovic,MF,24.1889,11.0,428,39.0,34.8,4.8,6,55.0,0,5,19.0,2,1.64,6.0,6.0,0.0,0.0,-1.12
Bosnia-Herzegovina,Arjan Malic,DF,20.794,7.0,371,53.0,30.2,4.1,5,66.0,0,2,21.0,1,2.14,4.0,3.0,1.0,0.24,-0.81
Bosnia-Herzegovina,Samed Baždar,FW,22.3669,10.0,327,33.0,26.6,3.6,3,50.0,0,7,25.0,3,1.9,4.0,2.0,2.0,0.55,-0.25
Bosnia-Herzegovina,Stjepan Radeljić,DF,28.7721,4.0,315,79.0,25.6,3.5,4,79.0,3,0,,4,2.5,9.0,1.0,8.0,2.29,2.07
Bosnia-Herzegovina,Adrian Leon Barišić,DF,24.9035,4.0,296,74.0,30.8,3.3,4,74.0,2,0,,2,3.0,9.0,1.0,8.0,2.43,2.16
Bosnia-Herzegovina,Haris Hajradinović,"MF,FW",32.3176,3.0,222,74.0,23.1,2.5,3,74.0,1,0,,2,3.0,4.0,1.0,3.0,1.22,0.36
Bosnia-Herzegovina,Nihad Mujakić,DF,28.1643,6.0,215,36.0,17.5,2.4,3,59.0,0,3,13.0,6,1.17,6.0,4.0,2.0,0.84,0.06
Bosnia-Herzegovina,Haris Tabaković,FW,31.9829,4.0,200,50.0,19.0,2.2,1,62.0,0,3,46.0,2,1.5,6.0,0.0,6.0,2.7,2.23
Bosnia-Herzegovina,Jovo Lukić,FW,27.5421,3.0,167,56.0,61.9,1.9,3,56.0,0,0,,0,1.0,2.0,1.0,1.0,0.54,1.41
Bosnia-Herzegovina,Dennis Hadžikadunić,DF,27.9309,3.0,136,45.0,11.1,1.5,1,90.0,1,2,23.0,3,1.0,1.0,1.0,0.0,0.0,-0.9
Bosnia-Herzegovina,Amir Hadžiahmetović,MF,29.2683,6.0,125,21.0,10.2,1.4,0,,0,6,21.0,1,1.33,1.0,0.0,1.0,0.72,-0.08
Bosnia-Herzegovina,Jusuf Gazibegović,DF,26.2601,2.0,123,62.0,12.8,1.4,1,90.0,1,1,33.0,0,1.5,6.0,1.0,5.0,3.66,3.12
Bosnia-Herzegovina,Martin Zlomislić,GK,27.8268,1.0,90,90.0,7.3,1.0,1,90.0,1,0,,11,1.0,0.0,0.0,0.0,0.0,0.0
Bosnia-Herzegovina,Nidal Čelik,DF,19.909,2.0,74,37.0,6.5,0.8,0,,0,2,37.0,2,1.0,0.0,0.0,0.0,0.0,0.0
Bosnia-Herzegovina,Emir Karic,DF,29.0137,1.0,70,70.0,7.3,0.8,1,70.0,0,0,,0,1.0,1.0,0.0,1.0,1.29,0.38
Bosnia-Herzegovina,Dario Šarić,MF,29.0411,2.0,58,29.0,6.0,0.6,0,,0,2,29.0,3,3.0,1.0,0.0,1.0,1.55,0.65
Bosnia-Herzegovina,Ermin Mahmić,MF,21.2519,2.0,46,23.0,17.0,0.5,0,,0,2,23.0,1,1.0,0.0,0.0,0.0,0.0,0.0
Bosnia-Herzegovina,Eman Košpo,DF,19.0767,1.0,15,15.0,1.6,0.2,0,,0,1,15.0,1,3.0,3.0,0.0,3.0,18.0,17.33
Bosnia-Herzegovina,Ermin Bičakčić,DF,36.386,2.0,11,6.0,1.1,0.1,0,,0,2,6.0,1,3.0,0.0,0.0,0.0,0.0,-0.95
Bosnia-Herzegovina,Nail Omerovic,"DF,MF",23.6489,1.0,8,8.0,0.8,0.1,0,,0,1,8.0,1,1.0,0.0,1.0,-1.0,-11.25,-12.29
Bosnia-Herzegovina,Dino Beširović,MF,32.3669,1.0,1,1.0,0.1,0.0,0,,0,1,1.0,0,1.0,0.0,1.0,-1.0,-90.0,-91.03
Bosnia-Herzegovina,Luka Menalo,MF,29.8953,0.0,,,,,0,,0,0,,1,,,,,,
Bosnia-Herzegovina,Denis Huseinbasic,MF,24.9473,0.0,,,,,0,,0,0,,1,,,,,,
Bosnia-Herzegovina,Osman Hadžikić,GK,30.2574,0.0,,,,,0,,0,0,,11,,,,,,
Bosnia-Herzegovina,Vedad Muftić,GK,24.6352,0.0,,,,,0,,0,0,,1,,,,,,
Bosnia-Herzegovina,Luka Kulenović,FW,26.7064,0.0,,,,,0,,0,0,,1,,,,,,
Bosnia-Herzegovina,Mladen Jurkas,GK,18.6845,0.0,,,,,0,,0,0,,2,,,,,,
Brazil,Alisson,GK,33.6982,1.0,90.0,90.0,100.0,1.0,1,90.0,1,0,,0,1.0,1.0,1.0,0.0,0.0,
Brazil,Vinicius Júnior,FW,25.9227,1.0,90.0,90.0,100.0,1.0,1,90.0,1,0,,0,1.0,1.0,1.0,0.0,0.0,
Brazil,Gabriel Magalhães,DF,28.4846,1.0,90.0,90.0,100.0,1.0,1,90.0,1,0,,0,1.0,1.0,1.0,0.0,0.0,
Brazil,Marquinhos,DF,32.0849,1.0,90.0,90.0,100.0,1.0,1,90.0,1,0,,0,1.0,1.0,1.0,0.0,0.0,
Brazil,Raphinha,MF,29.4983,1.0,90.0,90.0,100.0,1.0,1,90.0,1,0,,0,1.0,1.0,1.0,0.0,0.0,
Brazil,Douglas Santos,DF,32.23,1.0,90.0,90.0,100.0,1.0,1,90.0,1,0,,0,1.0,1.0,1.0,0.0,0.0,
Brazil,Bruno Guimarães,MF,28.5749,1.0,79.0,79.0,87.8,0.9,1,79.0,0,0,,0,1.0,1.0,1.0,0.0,0.0,0.0
Brazil,Igor Thiago,FW,24.9665,1.0,61.0,61.0,67.8,0.7,1,61.0,0,0,,0,1.0,1.0,1.0,0.0,0.0,0.0
Brazil,Lucas Paquetá,MF,28.7967,1.0,60.0,60.0,66.7,0.7,1,60.0,0,0,,0,1.0,1.0,1.0,0.0,0.0,0.0
Brazil,Casemiro,MF,34.3039,1.0,45.0,45.0,50.0,0.5,1,45.0,0,0,,0,1.0,1.0,1.0,0.0,0.0,0.0
Brazil,Roger Ibanez,DF,27.5558,1.0,45.0,45.0,50.0,0.5,1,45.0,0,0,,0,1.0,1.0,1.0,0.0,0.0,0.0
Brazil,Danilo,"DF,MF",34.9144,1.0,45.0,45.0,50.0,0.5,0,,0,1,45.0,0,1.0,0.0,0.0,0.0,0.0,0.0
Brazil,Fabinho,"DF,MF",32.6407,1.0,45.0,45.0,50.0,0.5,0,,0,1,45.0,0,1.0,0.0,0.0,0.0,0.0,0.0
Brazil,Matheus Cunha,"FW,MF",27.0493,1.0,30.0,30.0,33.3,0.3,0,,0,1,30.0,0,1.0,0.0,0.0,0.0,0.0,0.0
Brazil,Luiz Henrique,"FW,MF",25.4463,1.0,29.0,29.0,32.2,0.3,0,,0,1,29.0,0,1.0,0.0,0.0,0.0,0.0,0.0
Brazil,Danilo Santos,MF,25.1259,1.0,11.0,11.0,12.2,0.1,0,,0,1,11.0,0,1.0,0.0,0.0,0.0,0.0,0.0
Brazil,Gleison Bremer,DF,29.2409,0.0,,,,,0,,0,0,,1,,,,,,
Brazil,Ederson,GK,32.8241,0.0,,,,,0,,0,0,,1,,,,,,
Brazil,Éderson,MF,26.9363,0.0,,,,,0,,0,0,,1,,,,,,
Brazil,Endrick,FW,19.898,0.0,,,,,0,,0,0,,1,,,,,,
Brazil,Gabriel Martinelli,"FW,MF",24.9884,0.0,,,,,0,,0,0,,1,,,,,,
Brazil,Léo Pereira,DF,30.3669,0.0,,,,,0,,0,0,,1,,,,,,
Brazil,Rayan,MF,19.8624,0.0,,,,,0,,0,0,,1,,,,,,
Brazil,Alex Sandro,"DF,MF",35.3806,0.0,,,,,0,,0,0,,1,,,,,,
Brazil,Wéverton,GK,38.501,0.0,,,,,0,,0,0,,1,,,,,,
Brazil,Vinicius Júnior,"FW,MF",25.9227,4.0,246.0,62.0,68.3,2.7,4,62.0,1,0,,0,2.25,5.0,4.0,1.0,0.37,-3.58
Brazil,Casemiro,MF,34.3039,4.0,233.0,58.0,64.7,2.6,4,58.0,0,0,,0,2.25,5.0,4.0,1.0,0.39,-3.16
Brazil,Léo Pereira,DF,30.3669,4.0,315.0,79.0,87.5,3.5,3,90.0,3,1,45.0,0,2.25,11.0,5.0,6.0,1.71,1.71
Brazil,Douglas Santos,DF,32.23,4.0,280.0,70.0,77.8,3.1,3,78.0,1,1,45.0,0,2.25,8.0,4.0,4.0,1.29,-0.96
Brazil,Matheus Cunha,"MF,FW",27.0493,4.0,235.0,59.0,65.3,2.6,3,63.0,0,1,45.0,0,2.25,4.0,3.0,1.0,0.38,-3.22
Brazil,Raphinha,"MF,FW",29.4983,3.0,160.0,53.0,44.4,1.8,3,53.0,0,0,,0,2.0,4.0,3.0,1.0,0.56,-1.69
Brazil,Wesley,DF,22.7693,3.0,131.0,44.0,36.4,1.5,3,44.0,0,0,,0,2.0,3.0,4.0,-1.0,-0.69,-3.44
Brazil,Luiz Henrique,MF,25.4463,4.0,210.0,53.0,58.3,2.3,2,60.0,0,2,45.0,0,2.25,5.0,2.0,3.0,1.29,-0.51
Brazil,Gleison Bremer,DF,29.2409,3.0,180.0,60.0,50.0,2.0,2,68.0,1,1,45.0,1,2.0,4.0,3.0,1.0,0.5,-2.0
Brazil,Roger Ibanez,DF,27.5558,4.0,170.0,43.0,47.2,1.9,2,53.0,0,2,33.0,0,2.25,7.0,2.0,5.0,2.65,2.17
Brazil,Marquinhos,DF,32.0849,2.0,135.0,68.0,37.5,1.5,2,68.0,1,0,,0,3.0,4.0,2.0,2.0,1.33,-0.27
Brazil,Alisson,GK,33.6982,2.0,90.0,45.0,25.0,1.0,2,45.0,0,0,,0,3.0,3.0,2.0,1.0,1.0,-0.67
Brazil,Bruno Guimarães,MF,28.5749,2.0,90.0,45.0,25.0,1.0,2,45.0,0,0,,0,3.0,3.0,2.0,1.0,1.0,-0.67
Brazil,Danilo Santos,MF,25.1259,4.0,185.0,46.0,51.4,2.1,1,75.0,0,3,37.0,0,2.25,7.0,1.0,6.0,2.92,2.92
Brazil,Ederson,GK,32.8241,2.0,135.0,68.0,37.5,1.5,1,90.0,1,1,45.0,2,1.5,5.0,3.0,2.0,1.33,-0.27
Brazil,Igor Thiago,FW,24.9665,4.0,134.0,34.0,37.2,1.5,1,45.0,0,3,30.0,0,2.25,8.0,3.0,5.0,3.36,2.96
Brazil,Gabriel Martinelli,MF,24.9884,3.0,105.0,35.0,29.2,1.2,1,61.0,0,2,22.0,0,2.0,2.0,2.0,0.0,0.0,-2.12
Brazil,João Pedro,FW,24.7146,2.0,95.0,48.0,26.4,1.1,1,66.0,0,1,29.0,0,1.5,2.0,1.0,1.0,0.95,-0.75
Brazil,Bento,GK,27.011,1.0,90.0,90.0,25.0,1.0,1,90.0,1,0,,1,3.0,3.0,1.0,2.0,2.0,0.67
Brazil,Lucas Paquetá,MF,28.7967,2.0,90.0,45.0,25.0,1.0,1,45.0,0,1,45.0,0,3.0,5.0,2.0,3.0,3.0,2.0
Brazil,Andrey Santos,MF,22.115,2.0,85.0,43.0,23.6,0.9,1,70.0,0,1,15.0,0,1.5,2.0,3.0,-1.0,-1.06,-3.35
Brazil,Alex Sandro,DF,35.3806,2.0,65.0,33.0,18.1,0.7,1,45.0,0,1,20.0,0,3.0,2.0,1.0,1.0,1.38,-0.14
Brazil,Danilo,"DF,MF",34.9144,3.0,149.0,50.0,41.4,1.7,0,,0,3,50.0,1,3.0,7.0,2.0,5.0,3.02,2.59
Brazil,Fabinho,"DF,MF",32.6407,3.0,120.0,40.0,33.3,1.3,0,,0,3,40.0,1,3.0,7.0,2.0,5.0,3.75,3.38
Brazil,Endrick,FW,19.898,3.0,105.0,35.0,29.2,1.2,0,,0,3,35.0,1,3.0,7.0,2.0,5.0,4.29,3.93
Brazil,Rayan,MF,19.8624,2.0,60.0,30.0,16.7,0.7,0,,0,2,30.0,2,3.0,6.0,2.0,4.0,6.0,5.4
Brazil,Wéverton,GK,38.501,1.0,45.0,45.0,12.5,0.5,0,,0,1,45.0,1,3.0,1.0,0.0,1.0,2.0,0.57
Brazil,Kaiki Bruno,DF,23.2683,1.0,15.0,15.0,4.2,0.2,0,,0,1,15.0,1,3.0,2.0,1.0,1.0,6.0,4.7
Brazil,Gabriel Sara,MF,26.9665,1.0,7.0,7.0,1.9,0.1,0,,0,1,7.0,1,0.0,0.0,0.0,0.0,0.0,-1.53
Brazil,Gabriel Magalhães,DF,28.4846,0.0,,,,,0,,0,0,,1,,,,,,
Brazil,Vitor Reis,DF,20.4189,0.0,,,,,0,,0,0,,1,,,,,,
Brazil,Hugo Souza,GK,27.3669,0.0,,,,,0,,0,0,,2,,,,,,
Brazil,Marquinhos,DF,31.0,18.0,"1,515",84.0,93.5,16.8,17,87.0,16,1,30.0,0,1.56,24.0,15.0,9.0,0.53,2.25
Brazil,Bruno Guimarães,MF,28.0,17.0,"1,313",77.0,81.0,14.6,16,79.0,4,1,45.0,0,1.65,19.0,10.0,9.0,0.62,1.2
Brazil,Gabriel Magalhães,DF,28.0,14.0,"1,225",88.0,75.6,13.6,14,88.0,11,0,,1,1.71,21.0,12.0,9.0,0.66,1.12
Brazil,Raphinha,MF,29.0,13.0,"1,051",81.0,64.9,11.7,12,85.0,7,1,30.0,0,1.77,21.0,12.0,9.0,0.77,1.09
Brazil,Rodrygo,"MF,FW",25.0,12.0,964,80.0,59.5,10.7,12,80.0,6,0,,0,1.58,14.0,11.0,3.0,0.28,-0.27
Brazil,Vinicius Júnior,"FW,MF",25.0,11.0,893,81.0,55.1,9.9,11,81.0,6,0,,0,1.18,8.0,10.0,-2.0,-0.2,-1.32
Brazil,Alisson,GK,33.0,9.0,797,89.0,49.2,8.9,9,89.0,8,0,,4,1.44,7.0,6.0,1.0,0.11,-0.54
Brazil,Ederson,GK,32.0,8.0,720,90.0,44.4,8.0,8,90.0,8,0,,2,1.88,15.0,7.0,8.0,1.0,1.1
Brazil,Casemiro,MF,33.0,7.0,593,85.0,36.6,6.6,7,85.0,5,0,,0,2.0,9.0,3.0,6.0,0.91,0.82
Brazil,Danilo,DF,34.0,8.0,577,72.0,35.6,6.4,7,82.0,5,1,2.0,3,2.13,9.0,4.0,5.0,0.78,0.61
Brazil,André,MF,24.0,10.0,524,52.0,32.3,5.8,6,80.0,3,4,11.0,3,1.4,5.0,10.0,-5.0,-0.86,-1.84
Brazil,Gerson,MF,28.0,10.0,479,48.0,29.6,5.3,5,74.0,2,5,22.0,1,1.9,8.0,3.0,5.0,0.94,0.78
Brazil,Guilherme Arana,DF,28.0,6.0,446,74.0,27.5,5.0,5,86.0,3,1,18.0,0,1.17,5.0,8.0,-3.0,-0.61,-1.37
Brazil,Vanderson,DF,24.0,6.0,442,74.0,27.3,4.9,5,87.0,3,1,6.0,3,2.33,8.0,2.0,6.0,1.22,1.15
Brazil,Richarlison,FW,28.0,8.0,385,48.0,23.8,4.3,5,63.0,0,3,24.0,0,1.75,5.0,2.0,3.0,0.7,0.41
Brazil,Gabriel Martinelli,MF,24.0,9.0,408,45.0,25.2,4.5,4,82.0,2,5,16.0,3,1.67,6.0,3.0,3.0,0.66,0.36
Brazil,Lucas Paquetá,MF,28.0,7.0,334,48.0,20.6,3.7,4,72.0,1,3,16.0,0,1.57,4.0,3.0,1.0,0.27,-0.15
Brazil,Abner,DF,25.0,4.0,320,80.0,19.8,3.6,4,80.0,1,0,,0,2.0,6.0,3.0,3.0,0.84,0.57
Brazil,Neymar,MF,33.0,4.0,313,78.0,19.3,3.5,4,78.0,2,0,,0,1.75,7.0,3.0,4.0,1.15,0.94
Brazil,Sávio,MF,21.0,6.0,309,52.0,19.1,3.4,4,69.0,0,2,18.0,0,1.83,6.0,4.0,2.0,0.58,0.24
Brazil,Igor Jesus,FW,24.0,4.0,276,69.0,17.0,3.1,4,69.0,0,0,,0,2.0,6.0,3.0,3.0,0.98,0.71
Brazil,Alexsandro Ribeiro,DF,26.0,3.0,270,90.0,16.7,3.0,3,90.0,3,0,,1,1.33,1.0,1.0,0.0,0.0,-0.47
Brazil,Renan Lodi,DF,27.0,3.0,240,80.0,14.8,2.7,3,80.0,1,0,,1,2.0,6.0,2.0,4.0,1.5,1.3
Brazil,Luiz Henrique,"MF,FW",25.0,8.0,292,37.0,18.0,3.2,2,61.0,0,6,29.0,0,1.75,7.0,1.0,6.0,1.85,1.78
Brazil,João Pedro,FW,24.0,5.0,268,54.0,16.5,3.0,2,65.0,0,3,46.0,3,1.2,2.0,3.0,-1.0,-0.34,-0.87
Brazil,Matheus Cunha,MF,26.0,7.0,243,35.0,15.0,2.7,2,73.0,0,5,19.0,1,1.57,4.0,5.0,-1.0,-0.37,-0.89
Brazil,Gabriel Jesus,FW,28.0,5.0,241,48.0,14.9,2.7,2,90.0,2,3,20.0,0,1.4,2.0,4.0,-2.0,-0.75,-1.33
Brazil,Estêvão Willian,"MF,FW",18.0,7.0,211,30.0,13.0,2.3,2,64.0,0,5,17.0,3,1.29,1.0,0.0,1.0,0.43,0.04
Brazil,Wesley,DF,22.0,3.0,192,64.0,11.9,2.1,2,90.0,2,1,12.0,2,2.0,5.0,4.0,1.0,0.47,0.09
Brazil,Emerson,DF,27.0,2.0,180,90.0,11.1,2.0,2,90.0,2,0,,1,0.0,1.0,3.0,-2.0,-1.0,-1.56
Brazil,Alex Sandro,DF,35.0,2.0,163,82.0,10.1,1.8,2,82.0,1,0,,2,2.0,1.0,0.0,1.0,0.55,0.18
Brazil,Carlos Augusto,DF,27.0,2.0,162,81.0,10.0,1.8,2,81.0,1,0,,3,0.0,0.0,2.0,-2.0,-1.11,-1.67
Brazil,Endrick,FW,19.0,6.0,146,24.0,9.0,1.6,1,45.0,0,5,20.0,2,1.0,1.0,2.0,-1.0,-0.62,-1.1
Brazil,Joelinton,MF,29.0,5.0,143,29.0,8.8,1.6,1,45.0,0,4,25.0,1,1.8,4.0,5.0,-1.0,-0.63,-1.12
Brazil,Yan Couto,DF,23.0,2.0,121,61.0,7.5,1.3,1,72.0,0,1,49.0,0,0.5,1.0,2.0,-1.0,-0.74,-1.22
Brazil,Andrey Santos,MF,21.0,3.0,110,37.0,6.8,1.2,1,72.0,0,2,19.0,1,1.33,2.0,1.0,1.0,0.82,0.46
Brazil,Caio Henrique Oliveira Silva,DF,28.0,2.0,110,55.0,6.8,1.2,1,90.0,1,1,20.0,2,1.5,1.0,2.0,-1.0,-0.82,-1.3
Brazil,Bento,GK,26.0,2.0,103,52.0,6.4,1.1,1,90.0,1,1,13.0,12,1.5,2.0,4.0,-2.0,-1.75,-2.28
Brazil,Fabrício Bruno,DF,29.0,1.0,90,90.0,5.6,1.0,1,90.0,1,0,,4,0.0,0.0,1.0,-1.0,-1.0,-1.47
Brazil,Douglas Santos,DF,31.0,1.0,90,90.0,5.6,1.0,1,90.0,1,0,,1,3.0,3.0,0.0,3.0,3.0,2.76
Brazil,Samuel Lino,FW,26.0,1.0,60,60.0,3.7,0.7,1,60.0,0,0,,1,0.0,0.0,1.0,-1.0,-1.5,-1.96
Brazil,Vitinho,DF,26.0,1.0,60,60.0,3.7,0.7,1,60.0,0,0,,1,0.0,0.0,1.0,-1.0,-1.5,-1.96
Brazil,Murillo,DF,23.0,1.0,45,45.0,2.8,0.5,1,45.0,0,0,,3,0.0,1.0,3.0,-2.0,-4.0,-4.51
Brazil,João Gomes,MF,24.0,2.0,51,26.0,3.1,0.6,0,,0,2,26.0,1,1.5,0.0,1.0,-1.0,-1.76,-2.22
Brazil,Leo Ortiz,DF,30.0,2.0,46,23.0,2.8,0.5,0,,0,2,23.0,4,1.5,0.0,1.0,-1.0,-1.96,-2.41
Brazil,Nino,DF,28.0,1.0,45,45.0,2.8,0.5,0,,0,1,45.0,4,0.0,0.0,1.0,-1.0,-2.0,-2.46
Brazil,Lucas Moura,"FW,MF",33.0,2.0,29,15.0,1.8,0.3,0,,0,2,15.0,0,1.5,0.0,0.0,0.0,0.0,-0.4
Brazil,Andreas Pereira,MF,30.0,2.0,23,12.0,1.4,0.3,0,,0,2,12.0,4,2.0,2.0,0.0,2.0,7.83,7.54
Brazil,Douglas Luiz,MF,27.0,2.0,22,11.0,1.4,0.2,0,,0,2,11.0,0,0.0,0.0,0.0,0.0,0.0,-0.39
Brazil,Paulinho,"FW,MF",25.0,1.0,22,22.0,1.4,0.2,0,,0,1,22.0,1,0.0,0.0,2.0,-2.0,-8.18,-8.69
Brazil,Raphael Veiga,MF,30.0,3.0,21,7.0,1.3,0.2,0,,0,3,7.0,3,1.0,0.0,0.0,0.0,0.0,-0.39
Brazil,Kaio Jorge,FW,24.0,1.0,20,20.0,1.2,0.2,0,,0,1,20.0,0,3.0,2.0,0.0,2.0,9.0,8.72
Brazil,Jean Lucas,MF,27.0,1.0,18,18.0,1.1,0.2,0,,0,1,18.0,0,0.0,0.0,0.0,0.0,0.0,-0.39
Brazil,David Neres,"FW,MF",28.0,1.0,18,18.0,1.1,0.2,0,,0,1,18.0,1,0.0,0.0,1.0,-1.0,-5.0,-5.45
Brazil,Lucas Beraldo,DF,22.0,1.0,17,17.0,1.0,0.2,0,,0,1,17.0,6,3.0,0.0,0.0,0.0,0.0,-0.39
Brazil,Wendell,"DF,MF",32.0,1.0,17,17.0,1.0,0.2,0,,0,1,17.0,1,3.0,0.0,0.0,0.0,0.0,-0.39
Brazil,Matheus Pereira,"FW,MF",29.0,1.0,13,13.0,0.8,0.1,0,,0,1,13.0,0,3.0,0.0,0.0,0.0,0.0,-0.39
Brazil,Pepê,"FW,MF",28.0,1.0,10,10.0,0.6,0.1,0,,0,1,10.0,1,0.0,0.0,0.0,0.0,0.0,-0.39
Brazil,Éderson,MF,26.0,1.0,7,7.0,0.4,0.1,0,,0,1,7.0,2,0.0,0.0,0.0,0.0,0.0,-0.39
Brazil,Roger Ibanez,DF,27.0,1.0,7,7.0,0.4,0.1,0,,0,1,7.0,1,3.0,1.0,0.0,1.0,12.86,12.52
Brazil,Adryelson,DF,27.0,0.0,,,,,0,,0,0,,1,,,,,,
Brazil,Antony,"FW,MF",25.0,0.0,,,,,0,,0,0,,2,,,,,,
Brazil,Gleison Bremer,DF,28.0,0.0,,,,,0,,0,0,,4,,,,,,
Brazil,Dodô,"DF,MF",27.0,0.0,,,,,0,,0,0,,1,,,,,,
Brazil,Lucas Perri,GK,28.0,0.0,,,,,0,,0,0,,8,,,,,,
Brazil,Hugo Souza,GK,27.0,0.0,,,,,0,,0,0,,4,,,,,,
Brazil,Alex Telles,DF,33.0,0.0,,,,,0,,0,0,,3,,,,,,
Brazil,Wéverton,GK,38.0,0.0,,,,,0,,0,0,,5,,,,,,
Brazil,William,"DF,MF",30.0,0.0,,,,,0,,0,0,,2,,,,,,
Brazil,Marquinhos,DF,32.0849,21.0,"1,740",83.0,84.1,19.3,20,86.0,18,1,30.0,0,1.67,29.0,18.0,11.0,0.57,0.02
Brazil,Bruno Guimarães,MF,28.5749,20.0,"1,482",74.0,71.6,16.5,19,76.0,4,1,45.0,0,1.75,23.0,13.0,10.0,0.61,0.15
Brazil,Gabriel Magalhães,DF,28.4846,15.0,"1,315",88.0,63.5,14.6,15,88.0,12,0,,2,1.66,22.0,13.0,9.0,0.62,1.07
Brazil,Raphinha,MF,29.4983,17.0,"1,301",77.0,62.9,14.5,16,79.0,8,1,30.0,0,1.77,26.0,16.0,10.0,0.69,0.34
Brazil,Vinicius Júnior,FW,25.9227,16.0,"1,229",77.0,59.4,13.7,16,77.0,8,0,,0,1.44,14.0,15.0,-1.0,-0.07,-1.57
Brazil,Alisson,GK,33.6982,12.0,977,81.0,47.2,10.9,12,81.0,9,0,,4,1.66,11.0,9.0,2.0,0.18,-0.72
Brazil,Rodrygo,"MF,FW",25.4271,12.0,964,80.0,59.5,10.7,12,80.0,6,0,,0,1.58,14.0,11.0,3.0,0.28,-0.27
Brazil,Casemiro,MF,34.3039,12.0,871,73.0,42.1,9.7,12,73.0,5,0,,0,2.0,15.0,8.0,7.0,0.72,0.27
Brazil,Ederson,GK,32.8241,10.0,855,86.0,41.3,9.5,9,90.0,9,1,45.0,5,1.8,20.0,10.0,10.0,1.05,0.81
Brazil,Danilo,"DF,MF",34.9144,12.0,771,64.0,37.2,8.6,7,82.0,5,5,39.0,4,2.25,16.0,6.0,10.0,1.17,0.96
Brazil,Luiz Henrique,"FW,MF",25.4463,13.0,531,41.0,25.7,5.9,4,60.0,0,9,32.0,0,1.85,12.0,3.0,9.0,1.53,1.29
Brazil,André,MF,24.9117,10.0,524,52.0,32.3,5.8,6,80.0,3,4,11.0,3,1.4,5.0,10.0,-5.0,-0.86,-1.84
Brazil,Gabriel Martinelli,"FW,MF",24.9884,12.0,513,43.0,24.8,5.7,5,78.0,2,7,18.0,4,1.75,8.0,5.0,3.0,0.53,-0.09
Brazil,Matheus Cunha,"FW,MF",27.0493,12.0,508,42.0,24.5,5.6,5,67.0,0,7,25.0,1,1.75,8.0,8.0,0.0,0.0,-0.75
Brazil,Lucas Paquetá,MF,28.7967,10.0,484,48.0,23.4,5.4,6,65.0,1,4,23.0,0,1.8,10.0,6.0,4.0,0.74,0.23
Brazil,Gerson,MF,29.0684,10.0,479,48.0,29.6,5.3,5,74.0,2,5,22.0,1,1.9,8.0,3.0,5.0,0.94,0.78
Brazil,Douglas Santos,DF,32.23,6.0,460,77.0,22.2,5.1,5,83.0,3,1,45.0,1,2.17,12.0,5.0,7.0,1.37,1.03
Brazil,Guilherme Arana,DF,29.167,6.0,446,74.0,27.5,5.0,5,86.0,3,1,18.0,0,1.17,5.0,8.0,-3.0,-0.61,-1.37
Brazil,Vanderson,DF,24.9802,6.0,442,74.0,27.3,4.9,5,87.0,3,1,6.0,3,2.33,8.0,2.0,6.0,1.22,1.15
Brazil,Richarlison,FW,29.0958,8.0,385,48.0,23.8,4.3,5,63.0,0,3,24.0,0,1.75,5.0,2.0,3.0,0.7,0.41
Brazil,João Pedro,FW,24.7146,7.0,363,52.0,18.3,4.0,3,65.0,0,4,42.0,3,1.29,4.0,4.0,0.0,0.0,-0.72
Brazil,Wesley,DF,22.7693,6.0,323,54.0,16.3,3.6,5,62.0,2,1,12.0,2,2.0,8.0,8.0,0.0,0.0,-0.71
Brazil,Abner,DF,26.0493,4.0,320,80.0,19.8,3.6,4,80.0,1,0,,0,2.0,6.0,3.0,3.0,0.84,0.57
Brazil,Léo Pereira,DF,30.3669,4.0,315,79.0,70.0,3.5,3,90.0,3,1,45.0,1,2.25,11.0,5.0,6.0,1.71,1.71
Brazil,Neymar,MF,34.3532,4.0,313,78.0,19.3,3.5,4,78.0,2,0,,0,1.75,7.0,3.0,4.0,1.15,0.94
Brazil,Sávio,MF,22.178,6.0,309,52.0,19.1,3.4,4,69.0,0,2,18.0,0,1.83,6.0,4.0,2.0,0.58,0.24
Brazil,Igor Jesus,FW,25.2984,4.0,276,69.0,17.0,3.1,4,69.0,0,0,,0,2.0,6.0,3.0,3.0,0.98,0.71
Brazil,Alexsandro Ribeiro,DF,26.846,3.0,270,90.0,16.7,3.0,3,90.0,3,0,,1,1.33,1.0,1.0,0.0,0.0,-0.47
Brazil,Endrick,FW,19.898,9.0,251,28.0,12.1,2.8,1,45.0,0,8,26.0,4,1.67,8.0,4.0,4.0,1.43,0.97
Brazil,Gabriel Jesus,FW,29.1971,5.0,241,48.0,14.9,2.7,2,90.0,2,3,20.0,0,1.4,2.0,4.0,-2.0,-0.75,-1.33
Brazil,Renan Lodi,DF,28.1834,3.0,240,80.0,14.8,2.7,3,80.0,1,0,,1,2.0,6.0,2.0,4.0,1.5,1.3
Brazil,Alex Sandro,"DF,MF",35.3806,4.0,228,57.0,11.0,2.5,3,69.0,1,1,20.0,3,2.5,3.0,1.0,2.0,0.79,0.22
Brazil,Roger Ibanez,DF,27.5558,6.0,222,37.0,10.7,2.5,3,50.0,0,3,24.0,1,2.17,9.0,3.0,6.0,2.43,2.09
Brazil,Estêvão Willian,"MF,FW",19.1396,7.0,211,30.0,13.0,2.3,2,64.0,0,5,17.0,3,1.29,1.0,0.0,1.0,0.43,0.04
Brazil,Danilo Santos,MF,25.1259,5.0,196,39.0,43.6,2.2,1,75.0,0,4,30.0,0,2.0,7.0,1.0,6.0,2.76,2.76
Brazil,Igor Thiago,FW,24.9665,5.0,195,39.0,43.3,2.2,2,53.0,0,3,30.0,0,2.0,9.0,4.0,5.0,2.31,1.95
Brazil,Andrey Santos,MF,22.115,5.0,195,39.0,9.8,2.2,2,71.0,0,3,18.0,1,1.4,4.0,4.0,0.0,0.0,-0.66
Brazil,Bento,GK,27.011,3.0,193,64.0,9.7,2.1,2,90.0,2,1,13.0,13,2.0,5.0,5.0,0.0,0.0,-0.65
Brazil,Emerson,DF,27.4134,2.0,180,90.0,11.1,2.0,2,90.0,2,0,,1,0.0,1.0,3.0,-2.0,-1.0,-1.56
Brazil,Gleison Bremer,DF,29.2409,3.0,180,60.0,8.7,2.0,2,68.0,1,1,45.0,6,2.0,4.0,3.0,1.0,0.5,-2.0
Brazil,Fabinho,"DF,MF",32.6407,4.0,165,41.0,36.7,1.8,0,,0,4,41.0,1,2.5,7.0,2.0,5.0,2.73,2.41
Brazil,Carlos Augusto,DF,27.4326,2.0,162,81.0,10.0,1.8,2,81.0,1,0,,3,0.0,0.0,2.0,-2.0,-1.11,-1.67
Brazil,Joelinton,MF,29.8323,5.0,143,29.0,8.8,1.6,1,45.0,0,4,25.0,1,1.8,4.0,5.0,-1.0,-0.63,-1.12
Brazil,Yan Couto,DF,24.0301,2.0,121,61.0,7.5,1.3,1,72.0,0,1,49.0,0,0.5,1.0,2.0,-1.0,-0.74,-1.22
Brazil,Caio Henrique Oliveira Silva,DF,28.8706,2.0,110,55.0,6.8,1.2,1,90.0,1,1,20.0,2,1.5,1.0,2.0,-1.0,-0.82,-1.3
Brazil,Fabrício Bruno,DF,30.334,1.0,90,90.0,5.6,1.0,1,90.0,1,0,,4,0.0,0.0,1.0,-1.0,-1.0,-1.47
Brazil,Rayan,MF,19.8624,2.0,60,30.0,13.3,0.7,0,,0,2,30.0,3,3.0,6.0,2.0,4.0,6.0,5.4
Brazil,Samuel Lino,FW,26.4736,1.0,60,60.0,3.7,0.7,1,60.0,0,0,,1,0.0,0.0,1.0,-1.0,-1.5,-1.96
Brazil,Vitinho,DF,26.8925,1.0,60,60.0,3.7,0.7,1,60.0,0,0,,1,0.0,0.0,1.0,-1.0,-1.5,-1.96
Brazil,João Gomes,MF,25.334,2.0,51,26.0,3.1,0.6,0,,0,2,26.0,1,1.5,0.0,1.0,-1.0,-1.76,-2.22
Brazil,Leo Ortiz,DF,30.4435,2.0,46,23.0,2.8,0.5,0,,0,2,23.0,4,1.5,0.0,1.0,-1.0,-1.96,-2.41
Brazil,Murillo,DF,23.9446,1.0,45,45.0,2.8,0.5,1,45.0,0,0,,3,0.0,1.0,3.0,-2.0,-4.0,-4.51
Brazil,Nino,DF,29.178,1.0,45,45.0,2.8,0.5,0,,0,1,45.0,4,0.0,0.0,1.0,-1.0,-2.0,-2.46
Brazil,Wéverton,GK,38.501,1.0,45,45.0,2.2,0.5,0,,0,1,45.0,7,3.0,1.0,0.0,1.0,2.0,0.57
Brazil,Lucas Moura,"FW,MF",33.835,2.0,29,15.0,1.8,0.3,0,,0,2,15.0,0,1.5,0.0,0.0,0.0,0.0,-0.4
Brazil,Andreas Pereira,MF,30.449,2.0,23,12.0,1.4,0.3,0,,0,2,12.0,4,2.0,2.0,0.0,2.0,7.83,7.54
Brazil,Paulinho,"FW,MF",25.9144,1.0,22,22.0,1.4,0.2,0,,0,1,22.0,1,0.0,0.0,2.0,-2.0,-8.18,-8.69
Brazil,Douglas Luiz,MF,28.0986,2.0,22,11.0,1.4,0.2,0,,0,2,11.0,0,0.0,0.0,0.0,0.0,0.0,-0.39
Brazil,Raphael Veiga,MF,30.9856,3.0,21,7.0,1.3,0.2,0,,0,3,7.0,3,1.0,0.0,0.0,0.0,0.0,-0.39
Brazil,Kaio Jorge,FW,24.386,1.0,20,20.0,1.2,0.2,0,,0,1,20.0,0,3.0,2.0,0.0,2.0,9.0,8.72
Brazil,David Neres,"FW,MF",29.282,1.0,18,18.0,1.1,0.2,0,,0,1,18.0,1,0.0,0.0,1.0,-1.0,-5.0,-5.45
Brazil,Jean Lucas,MF,27.9774,1.0,18,18.0,1.1,0.2,0,,0,1,18.0,0,0.0,0.0,0.0,0.0,0.0,-0.39
Brazil,Lucas Beraldo,DF,22.553,1.0,17,17.0,1.0,0.2,0,,0,1,17.0,6,3.0,0.0,0.0,0.0,0.0,-0.39
Brazil,Wendell,"DF,MF",32.9008,1.0,17,17.0,1.0,0.2,0,,0,1,17.0,1,3.0,0.0,0.0,0.0,0.0,-0.39
Brazil,Kaiki Bruno,DF,23.2683,1.0,15,15.0,4.2,0.2,0,,0,1,15.0,1,3.0,2.0,1.0,1.0,6.0,4.7
Brazil,Matheus Pereira,"FW,MF",30.1095,1.0,13,13.0,0.8,0.1,0,,0,1,13.0,0,3.0,0.0,0.0,0.0,0.0,-0.39
Brazil,Pepê,"FW,MF",29.3012,1.0,10,10.0,0.6,0.1,0,,0,1,10.0,1,0.0,0.0,0.0,0.0,0.0,-0.39
Brazil,Gabriel Sara,MF,26.9665,1.0,7,7.0,1.9,0.1,0,,0,1,7.0,1,0.0,0.0,0.0,0.0,0.0,-1.53
Brazil,Éderson,MF,26.9363,1.0,7,7.0,0.4,0.1,0,,0,1,7.0,3,0.0,0.0,0.0,0.0,0.0,-0.39
Brazil,William,"DF,MF",31.1971,0.0,,,,,0,,0,0,,2,,,,,,
Brazil,Lucas Perri,GK,28.5092,0.0,,,,,0,,0,0,,8,,,,,,
Brazil,Dodô,"DF,MF",27.5722,0.0,,,,,0,,0,0,,1,,,,,,
Brazil,Alex Telles,DF,33.4956,0.0,,,,,0,,0,0,,3,,,,,,
Brazil,Antony,"FW,MF",26.3012,0.0,,,,,0,,0,0,,2,,,,,,
Brazil,Hugo Souza,GK,27.3669,0.0,,,,,0,,0,0,,6,,,,,,
Brazil,Adryelson,DF,28.2272,0.0,,,,,0,,0,0,,1,,,,,,
Brazil,Vitor Reis,DF,20.4189,0.0,,,,,0,,0,0,,1,,,,,,
Canada,Derek Cornelius,DF,28.5503,1.0,90.0,90.0,100.0,1.0,1,90.0,1,0,,0,1.0,1.0,1.0,0.0,0.0,
Canada,Maxime Crépeau,GK,32.0931,1.0,90.0,90.0,100.0,1.0,1,90.0,1,0,,0,1.0,1.0,1.0,0.0,0.0,
Canada,Luc De Fougerolles,DF,20.6708,1.0,90.0,90.0,100.0,1.0,1,90.0,1,0,,0,1.0,1.0,1.0,0.0,0.0,
Canada,Alistair Johnston,DF,27.6817,1.0,90.0,90.0,100.0,1.0,1,90.0,1,0,,0,1.0,1.0,1.0,0.0,0.0,
Canada,Ismaël Koné,MF,23.9938,1.0,90.0,90.0,100.0,1.0,1,90.0,1,0,,0,1.0,1.0,1.0,0.0,0.0,
Canada,Richie Laryea,DF,31.4326,1.0,90.0,90.0,100.0,1.0,1,90.0,1,0,,0,1.0,1.0,1.0,0.0,0.0,
Canada,Stephen Eustáquio,MF,29.4791,1.0,89.0,89.0,98.9,1.0,1,89.0,0,0,,0,1.0,1.0,1.0,0.0,0.0,0.0
Canada,Tani Oluwaseyi,FW,26.0821,1.0,75.0,75.0,83.3,0.8,1,75.0,0,0,,0,1.0,0.0,1.0,-1.0,-1.2,-7.2
Canada,Tajon Buchanan,MF,27.345,1.0,60.0,60.0,66.7,0.7,1,60.0,0,0,,0,1.0,0.0,1.0,-1.0,-1.5,-4.5
Canada,Jonathan David,FW,26.4134,1.0,60.0,60.0,66.7,0.7,1,60.0,0,0,,0,1.0,0.0,1.0,-1.0,-1.5,-4.5
Canada,Liam Millar,MF,26.7118,1.0,60.0,60.0,66.7,0.7,1,60.0,0,0,,0,1.0,0.0,1.0,-1.0,-1.5,-4.5
Canada,Ali Ahmed,MF,25.6762,1.0,30.0,30.0,33.3,0.3,0,,0,1,30.0,0,1.0,1.0,0.0,1.0,3.0,4.5
Canada,Promise David,FW,24.9473,1.0,30.0,30.0,33.3,0.3,0,,0,1,30.0,0,1.0,1.0,0.0,1.0,3.0,4.5
Canada,Jacob Shaffelburg,MF,26.5476,1.0,30.0,30.0,33.3,0.3,0,,0,1,30.0,0,1.0,1.0,0.0,1.0,3.0,4.5
Canada,Cyle Larin,"FW,MF",31.1588,1.0,15.0,15.0,16.7,0.2,0,,0,1,15.0,0,1.0,1.0,0.0,1.0,6.0,7.2
Canada,Jonathan Osorio,MF,34.0055,1.0,1.0,1.0,1.1,0.0,0,,0,1,1.0,0,1.0,0.0,0.0,0.0,0.0,0.0
Canada,Moïse Bombito,DF,26.2081,0.0,,,,,0,,0,0,,1,,,,,,
Canada,Mathieu Choinière,MF,27.3477,0.0,,,,,0,,0,0,,1,,,,,,
Canada,Alphonso Davies,"DF,FW",25.6133,0.0,,,,,0,,0,0,,1,,,,,,
Canada,Owen Goodman,GK,22.5448,0.0,,,,,0,,0,0,,1,,,,,,
Canada,Alfie Jones,"DF,MF",28.6845,0.0,,,,,0,,0,0,,1,,,,,,
Canada,Jayden Nelson,"FW,MF",23.7146,0.0,,,,,0,,0,0,,1,,,,,,
Canada,Nathan Saliba,MF,22.3477,0.0,,,,,0,,0,0,,1,,,,,,
Canada,Niko Sigur,"DF,MF",22.7611,0.0,,,,,0,,0,0,,1,,,,,,
Canada,Dayne St. Clair,GK,29.0986,0.0,,,,,0,,0,0,,1,,,,,,
Canada,Joel Waterman,DF,30.386,0.0,,,,,0,,0,0,,1,,,,,,
Canada,Jonathan David,FW,26.4134,4.0,320.0,80.0,88.9,3.6,4,80.0,1,0,,0,1.5,4.0,3.0,1.0,0.28,-1.97
Canada,Richie Laryea,DF,31.4326,4.0,256.0,64.0,71.1,2.8,4,64.0,1,0,,0,1.5,3.0,3.0,0.0,0.0,-1.73
Canada,Maxime Crépeau,GK,32.0931,3.0,225.0,75.0,62.5,2.5,3,75.0,2,0,,1,1.67,1.0,1.0,0.0,0.0,-1.33
Canada,Ismaël Koné,MF,23.9938,3.0,225.0,75.0,62.5,2.5,3,75.0,2,0,,1,1.67,1.0,1.0,0.0,0.0,-1.33
Canada,Tajon Buchanan,MF,27.345,3.0,210.0,70.0,58.3,2.3,3,70.0,0,0,,0,1.67,3.0,3.0,0.0,0.0,-1.2
Canada,Liam Millar,MF,26.7118,4.0,210.0,53.0,58.3,2.3,3,69.0,0,1,4.0,0,1.5,1.0,1.0,0.0,0.0,-1.2
Canada,Cyle Larin,FW,31.1588,3.0,180.0,60.0,50.0,2.0,3,60.0,0,0,,1,1.67,1.0,3.0,-2.0,-1.0,-3.0
Canada,Niko Sigur,DF,22.7611,4.0,285.0,71.0,79.2,3.2,2,90.0,2,2,53.0,0,1.5,4.0,3.0,1.0,0.32,-0.88
Canada,Derek Cornelius,DF,28.5503,4.0,208.0,52.0,57.8,2.3,2,80.0,1,2,25.0,0,1.5,2.0,1.0,1.0,0.43,-0.16
Canada,Nathan Saliba,MF,22.3477,4.0,191.0,48.0,53.1,2.1,2,71.0,0,2,25.0,0,1.5,4.0,2.0,2.0,0.94,0.94
Canada,Joel Waterman,DF,30.386,2.0,147.0,74.0,40.8,1.6,2,74.0,1,0,,2,1.0,2.0,2.0,0.0,0.0,-0.85
Canada,Stephen Eustáquio,MF,29.4791,2.0,131.0,66.0,36.4,1.5,2,66.0,0,0,,0,2.0,1.0,1.0,0.0,0.0,-0.79
Canada,Alistair Johnston,DF,27.6817,2.0,90.0,45.0,25.0,1.0,2,45.0,0,0,,0,2.0,1.0,0.0,1.0,1.0,0.67
Canada,Luc De Fougerolles,DF,20.6708,2.0,149.0,75.0,41.4,1.7,1,90.0,1,1,59.0,2,2.0,3.0,1.0,2.0,1.21,1.21
Canada,Kamal Miller,DF,29.0794,2.0,139.0,70.0,38.6,1.5,1,74.0,0,1,65.0,0,1.0,2.0,2.0,0.0,0.0,-0.81
Canada,Dayne St. Clair,GK,29.0986,2.0,135.0,68.0,37.5,1.5,1,90.0,1,1,45.0,2,2.0,4.0,2.0,2.0,1.33,1.33
Canada,Mathieu Choinière,MF,27.3477,2.0,108.0,54.0,30.0,1.2,1,63.0,0,1,45.0,2,2.0,2.0,2.0,0.0,0.0,-0.71
Canada,Tani Oluwaseyi,FW,26.0821,3.0,106.0,35.0,29.4,1.2,1,57.0,0,2,25.0,1,1.67,2.0,0.0,2.0,1.7,1.7
Canada,Marcelo Flores,MF,22.7009,2.0,103.0,52.0,28.6,1.1,1,75.0,0,1,28.0,0,1.0,2.0,0.0,2.0,1.75,1.75
Canada,Ali Ahmed,MF,25.6762,2.0,77.0,39.0,21.4,0.9,1,62.0,0,1,15.0,1,1.0,0.0,2.0,-2.0,-2.34,-3.61
Canada,Ralph Priso-Mbongue,DF,23.8652,3.0,75.0,25.0,20.8,0.8,1,25.0,0,2,25.0,1,1.67,2.0,0.0,2.0,2.4,2.4
Canada,Moïse Bombito,DF,26.2081,1.0,31.0,31.0,8.6,0.3,1,31.0,0,0,,1,3.0,0.0,0.0,0.0,0.0,-0.55
Canada,Jonathan Osorio,MF,34.0055,3.0,105.0,35.0,29.2,1.2,0,,0,3,35.0,1,1.67,4.0,0.0,4.0,3.43,4.13
Canada,Daniel Jebbison,FW,22.835,2.0,60.0,30.0,16.7,0.7,0,,0,2,30.0,0,1.0,2.0,0.0,2.0,3.0,3.0
Canada,Jayden Nelson,"FW,MF",23.7146,2.0,49.0,25.0,13.6,0.5,0,,0,2,25.0,0,2.0,2.0,0.0,2.0,3.67,3.67
Canada,Promise David,FW,24.9473,2.0,39.0,20.0,10.8,0.4,0,,0,2,20.0,0,2.0,1.0,0.0,1.0,2.31,2.03
Canada,Zorhan Bassong,"DF,MF",27.104,1.0,29.0,29.0,8.1,0.3,0,,0,1,29.0,1,1.0,0.0,0.0,0.0,0.0,-0.54
Canada,Alfie Jones,"DF,MF",28.6845,1.0,21.0,21.0,5.8,0.2,0,,0,1,21.0,1,3.0,1.0,0.0,1.0,4.29,4.02
Canada,Junior Hoilett,"FW,MF",36.0246,1.0,15.0,15.0,4.2,0.2,0,,0,1,15.0,1,1.0,0.0,0.0,0.0,0.0,-0.52
Canada,Jahkeele Marshall-Rutty,"DF,MF",21.9938,1.0,15.0,15.0,4.2,0.2,0,,0,1,15.0,1,1.0,0.0,0.0,0.0,0.0,-0.52
Canada,Jacen Russell-Rowe,FW,23.7502,1.0,15.0,15.0,4.2,0.2,0,,0,1,15.0,1,1.0,0.0,0.0,0.0,0.0,-0.52
Canada,Owen Goodman,GK,22.5448,0.0,,,,,0,,0,0,,4,,,,,,
Canada,Aribim Pepple,FW,23.4682,0.0,,,,,0,,0,0,,2,,,,,,
Canada,Jonathan David,FW,26.4134,5.0,380.0,76.0,84.4,4.2,5,76.0,1,0,,0,1.4,4.0,4.0,0.0,0.0,-2.57
Canada,Richie Laryea,DF,31.4326,5.0,346.0,69.0,76.9,3.8,5,69.0,2,0,,0,1.4,4.0,4.0,0.0,0.0,-1.73
Canada,Maxime Crépeau,GK,32.0931,4.0,315.0,79.0,70.0,3.5,4,79.0,3,0,,1,1.5,2.0,2.0,0.0,0.0,-1.33
Canada,Ismaël Koné,MF,23.9938,4.0,315.0,79.0,70.0,3.5,4,79.0,3,0,,1,1.5,2.0,2.0,0.0,0.0,-1.33
Canada,Derek Cornelius,DF,28.5503,5.0,298.0,60.0,66.2,3.3,3,83.0,2,2,25.0,0,1.4,3.0,2.0,1.0,0.3,-0.29
Canada,Niko Sigur,"DF,MF",22.7611,4.0,285.0,71.0,63.3,3.2,2,90.0,2,2,53.0,1,1.5,4.0,3.0,1.0,0.32,-0.88
Canada,Tajon Buchanan,MF,27.345,4.0,270.0,68.0,60.0,3.0,4,68.0,0,0,,0,1.5,3.0,4.0,-1.0,-0.33,-1.83
Canada,Liam Millar,MF,26.7118,5.0,270.0,54.0,60.0,3.0,4,67.0,0,1,4.0,0,1.4,1.0,2.0,-1.0,-0.33,-1.83
Canada,Luc De Fougerolles,DF,20.6708,3.0,239.0,80.0,53.1,2.7,2,90.0,2,1,59.0,2,1.67,4.0,2.0,2.0,0.75,0.75
Canada,Stephen Eustáquio,MF,29.4791,3.0,220.0,73.0,48.9,2.4,3,73.0,0,0,,0,1.67,2.0,2.0,0.0,0.0,-0.78
Canada,Cyle Larin,"FW,MF",31.1588,4.0,195.0,49.0,43.3,2.2,3,60.0,0,1,15.0,1,1.5,2.0,3.0,-1.0,-0.46,-1.52
Canada,Nathan Saliba,MF,22.3477,4.0,191.0,48.0,42.4,2.1,2,71.0,0,2,25.0,1,1.5,4.0,2.0,2.0,0.94,0.94
Canada,Tani Oluwaseyi,FW,26.0821,4.0,181.0,45.0,40.2,2.0,2,66.0,0,2,25.0,1,1.5,2.0,1.0,1.0,0.5,0.16
Canada,Alistair Johnston,DF,27.6817,3.0,180.0,60.0,40.0,2.0,3,60.0,1,0,,0,1.67,2.0,1.0,1.0,0.5,0.17
Canada,Joel Waterman,DF,30.386,2.0,147.0,74.0,32.7,1.6,2,74.0,1,0,,3,1.0,2.0,2.0,0.0,0.0,-0.85
Canada,Kamal Miller,DF,29.0794,2.0,139.0,70.0,38.6,1.5,1,74.0,0,1,65.0,0,1.0,2.0,2.0,0.0,0.0,-0.81
Canada,Dayne St. Clair,GK,29.0986,2.0,135.0,68.0,30.0,1.5,1,90.0,1,1,45.0,3,2.0,4.0,2.0,2.0,1.33,1.33
Canada,Mathieu Choinière,MF,27.3477,2.0,108.0,54.0,24.0,1.2,1,63.0,0,1,45.0,3,2.0,2.0,2.0,0.0,0.0,-0.71
Canada,Ali Ahmed,MF,25.6762,3.0,107.0,36.0,23.8,1.2,1,62.0,0,2,23.0,1,1.0,1.0,2.0,-1.0,-0.84,-1.63
Canada,Jonathan Osorio,MF,34.0055,4.0,106.0,27.0,23.6,1.2,0,,0,4,27.0,1,1.5,4.0,0.0,4.0,3.4,3.92
Canada,Marcelo Flores,MF,22.7009,2.0,103.0,52.0,28.6,1.1,1,75.0,0,1,28.0,0,1.0,2.0,0.0,2.0,1.75,1.75
Canada,Ralph Priso-Mbongue,DF,23.8652,3.0,75.0,25.0,20.8,0.8,1,25.0,0,2,25.0,1,1.67,2.0,0.0,2.0,2.4,2.4
Canada,Promise David,FW,24.9473,3.0,69.0,23.0,15.3,0.8,0,,0,3,23.0,0,1.67,2.0,0.0,2.0,2.61,2.61
Canada,Daniel Jebbison,FW,22.835,2.0,60.0,30.0,16.7,0.7,0,,0,2,30.0,0,1.0,2.0,0.0,2.0,3.0,3.0
Canada,Jayden Nelson,"FW,MF",23.7146,2.0,49.0,25.0,10.9,0.5,0,,0,2,25.0,1,2.0,2.0,0.0,2.0,3.67,3.67
Canada,Moïse Bombito,DF,26.2081,1.0,31.0,31.0,6.9,0.3,1,31.0,0,0,,2,3.0,0.0,0.0,0.0,0.0,-0.55
Canada,Jacob Shaffelburg,MF,26.5476,1.0,30.0,30.0,33.3,0.3,0,,0,1,30.0,0,1.0,1.0,0.0,1.0,3.0,4.5
Canada,Zorhan Bassong,"DF,MF",27.104,1.0,29.0,29.0,8.1,0.3,0,,0,1,29.0,1,1.0,0.0,0.0,0.0,0.0,-0.54
Canada,Alfie Jones,"DF,MF",28.6845,1.0,21.0,21.0,4.7,0.2,0,,0,1,21.0,2,3.0,1.0,0.0,1.0,4.29,4.02
Canada,Junior Hoilett,"FW,MF",36.0246,1.0,15.0,15.0,4.2,0.2,0,,0,1,15.0,1,1.0,0.0,0.0,0.0,0.0,-0.52
Canada,Jacen Russell-Rowe,FW,23.7502,1.0,15.0,15.0,4.2,0.2,0,,0,1,15.0,1,1.0,0.0,0.0,0.0,0.0,-0.52
Canada,Jahkeele Marshall-Rutty,"DF,MF",21.9938,1.0,15.0,15.0,4.2,0.2,0,,0,1,15.0,1,1.0,0.0,0.0,0.0,0.0,-0.52
Canada,Alphonso Davies,"DF,FW",25.6133,0.0,,,,,0,,0,0,,1,,,,,,
Canada,Owen Goodman,GK,22.5448,0.0,,,,,0,,0,0,,5,,,,,,
Canada,Aribim Pepple,FW,23.4682,0.0,,,,,0,,0,0,,2,,,,,,
Cape Verde,Vozinha,GK,39.0,10.0,900.0,90.0,100.0,10.0,10,90.0,10,0,,0,2.3,16.0,8.0,8.0,0.8,
Cape Verde,Pico,DF,33.0,9.0,810.0,90.0,90.0,9.0,9,90.0,9,0,,0,2.22,15.0,8.0,7.0,0.78,-0.22
Cape Verde,João Paulo Fernandes,DF,27.0,8.0,620.0,78.0,68.9,6.9,7,85.0,5,1,22.0,0,2.13,9.0,7.0,2.0,0.29,-1.64
Cape Verde,Kevin Pina,MF,29.0,7.0,617.0,88.0,68.6,6.9,7,88.0,6,0,,0,2.29,13.0,8.0,5.0,0.73,-0.22
Cape Verde,Jamiro Monteiro,"MF,FW",32.0,10.0,604.0,60.0,67.1,6.7,7,71.0,1,3,36.0,0,2.3,13.0,7.0,6.0,0.89,0.29
Cape Verde,Ryan Mendes,MF,36.0,9.0,576.0,64.0,64.0,6.4,7,73.0,1,2,33.0,0,2.22,12.0,6.0,6.0,0.94,0.38
Cape Verde,Logan Costa,DF,24.0,6.0,540.0,90.0,60.0,6.0,6,90.0,6,0,,0,2.17,7.0,5.0,2.0,0.33,-1.17
Cape Verde,Steven Moreira,DF,31.0,6.0,540.0,90.0,60.0,6.0,6,90.0,6,0,,0,2.17,11.0,7.0,4.0,0.67,-0.33
Cape Verde,Yannick,MF,30.0,6.0,464.0,77.0,51.6,5.2,6,77.0,2,0,,0,2.67,9.0,4.0,5.0,0.97,0.35
Cape Verde,Diney,DF,31.0,5.0,450.0,90.0,50.0,5.0,5,90.0,5,0,,4,2.6,10.0,3.0,7.0,1.4,1.2
Cape Verde,Willy Semedo,"MF,DF",31.0,8.0,435.0,54.0,48.3,4.8,5,74.0,1,3,22.0,0,2.5,7.0,0.0,7.0,1.45,1.25
Cape Verde,Jovane Cabral,"MF,FW",27.0,6.0,330.0,55.0,36.7,3.7,5,63.0,0,1,14.0,0,2.5,5.0,5.0,0.0,0.0,-1.26
Cape Verde,Dailon Livramento,FW,24.0,8.0,465.0,58.0,51.7,5.2,4,85.0,1,4,32.0,0,2.38,12.0,4.0,8.0,1.55,1.55
Cape Verde,Bebé,"FW,MF",35.0,4.0,294.0,74.0,32.7,3.3,4,74.0,1,0,,0,1.75,4.0,4.0,0.0,0.0,-1.19
Cape Verde,Telmo Arcanjo,"MF,FW",24.0,5.0,287.0,57.0,31.9,3.2,3,66.0,0,2,45.0,1,2.6,5.0,4.0,1.0,0.31,-0.71
Cape Verde,Deroy Duarte,MF,26.0,6.0,262.0,44.0,29.1,2.9,3,69.0,1,3,19.0,4,2.17,2.0,3.0,-1.0,-0.34,-1.61
Cape Verde,Garry Rodrigues,FW,35.0,5.0,252.0,50.0,28.0,2.8,3,71.0,0,2,20.0,3,2.0,3.0,0.0,3.0,1.07,0.38
Cape Verde,Patrick Andrade,MF,32.0,4.0,216.0,54.0,24.0,2.4,2,71.0,0,2,38.0,0,1.75,3.0,1.0,2.0,0.83,0.04
Cape Verde,Wagner Pina,DF,23.0,2.0,180.0,90.0,20.0,2.0,2,90.0,2,0,,4,3.0,3.0,1.0,2.0,1.0,0.25
Cape Verde,Alessio da Cruz,FW,29.0,3.0,115.0,38.0,12.8,1.3,2,56.0,1,1,4.0,1,3.0,1.0,0.0,1.0,0.78,-0.02
Cape Verde,Sidny Lopes Cabral,DF,23.0,2.0,117.0,59.0,13.0,1.3,1,90.0,1,1,27.0,2,2.0,4.0,0.0,4.0,3.08,2.62
Cape Verde,Fabrício Garcia,DF,24.0,2.0,92.0,46.0,10.2,1.0,1,82.0,0,1,10.0,2,3.0,0.0,0.0,0.0,0.0,-0.89
Cape Verde,Cuca,MF,35.0,2.0,90.0,45.0,10.0,1.0,1,60.0,0,1,30.0,0,2.0,0.0,0.0,0.0,0.0,-0.89
Cape Verde,Jójó,DF,24.0,1.0,90.0,90.0,10.0,1.0,1,90.0,1,0,,2,3.0,2.0,1.0,1.0,1.0,0.22
Cape Verde,Kenny Rocha Santos,MF,26.0,1.0,60.0,60.0,6.7,0.7,1,60.0,0,0,,1,3.0,2.0,0.0,2.0,3.0,2.36
Cape Verde,Leandro Andrade,FW,26.0,2.0,59.0,30.0,6.6,0.7,1,45.0,0,1,14.0,0,2.0,0.0,0.0,0.0,0.0,-0.86
Cape Verde,Heriberto Tavares,FW,28.0,2.0,59.0,30.0,6.6,0.7,1,45.0,0,1,14.0,0,2.0,1.0,2.0,-1.0,-1.53,-2.49
Cape Verde,Hélio Varela,FW,23.0,8.0,200.0,25.0,22.2,2.2,0,,0,8,25.0,1,2.38,3.0,0.0,3.0,1.35,0.71
Cape Verde,Laros Duarte,MF,28.0,5.0,64.0,13.0,7.1,0.7,0,,0,5,13.0,1,2.0,1.0,0.0,1.0,1.41,0.65
Cape Verde,Nuno da Costa,"FW,MF",34.0,1.0,27.0,27.0,3.0,0.3,0,,0,1,27.0,1,1.0,2.0,0.0,2.0,6.67,6.05
Cape Verde,Aílson Tavares,MF,27.0,2.0,27.0,14.0,3.0,0.3,0,,0,2,14.0,2,3.0,0.0,0.0,0.0,0.0,-0.82
Cape Verde,João Pedro Araújo Correia,"DF,FW",29.0,1.0,19.0,19.0,2.1,0.2,0,,0,1,19.0,0,1.0,0.0,0.0,0.0,0.0,-0.82
Cape Verde,David Tavares,MF,26.0,1.0,14.0,14.0,1.6,0.2,0,,0,1,14.0,3,3.0,0.0,0.0,0.0,0.0,-0.81
Cape Verde,Duk,"FW,MF",25.0,1.0,11.0,11.0,1.2,0.1,0,,0,1,11.0,1,1.0,0.0,0.0,0.0,0.0,-0.81
Cape Verde,Diogo Mendes,MF,28.0,1.0,9.0,9.0,1.0,0.1,0,,0,1,9.0,1,3.0,0.0,0.0,0.0,0.0,-0.81
Cape Verde,Stopira,DF,37.0,1.0,5.0,5.0,0.6,0.1,0,,0,1,5.0,3,3.0,1.0,0.0,1.0,18.0,17.3
Cape Verde,Delmiro,DF,37.0,0.0,,,,,0,,0,0,,2,,,,,,
Cape Verde,Yuran Fernandes,DF,31.0,0.0,,,,,0,,0,0,,1,,,,,,
Cape Verde,Tiago Gomes,GK,23.0,0.0,,,,,0,,0,0,,2,,,,,,
Cape Verde,David Moreira,DF,21.0,0.0,,,,,0,,0,0,,3,,,,,,
Cape Verde,Panduru,DF,30.0,0.0,,,,,0,,0,0,,1,,,,,,
Cape Verde,Kelvin Pires,DF,25.0,0.0,,,,,0,,0,0,,3,,,,,,
Cape Verde,Márcio Rosa,GK,28.0,0.0,,,,,0,,0,0,,8,,,,,,
Cape Verde,Dylan Silva,GK,26.0,0.0,,,,,0,,0,0,,2,,,,,,
Cape Verde,Dylan Tavares,"DF,MF",29.0,0.0,,,,,0,,0,0,,2,,,,,,
Cape Verde,Henrique Tavares,GK,23.0,0.0,,,,,0,,0,0,,2,,,,,,
Cape Verde,Wilson Tavares,FW,23.0,0.0,,,,,0,,0,0,,1,,,,,,
Cape Verde,Bruno Varela,GK,31.0,0.0,,,,,0,,0,0,,6,,,,,,
Cape Verde,Telmo Arcanjo,MF,24.9802,2.0,90,45.0,50.6,1.0,2,45.0,0,0,,0,3.0,2.0,0.0,2.0,2.0,-2.09
Cape Verde,Jovane Cabral,"MF,FW",28.0,2.0,90,45.0,50.6,1.0,2,45.0,0,0,,0,3.0,2.0,0.0,2.0,2.0,-2.09
Cape Verde,Ryan Mendes,"MF,FW",36.4298,2.0,90,45.0,50.6,1.0,2,45.0,0,0,,0,3.0,2.0,0.0,2.0,2.0,-2.09
Cape Verde,Jamiro Monteiro,MF,32.5558,2.0,120,60.0,67.4,1.3,1,75.0,0,1,45.0,0,3.0,5.0,0.0,5.0,3.75,2.2
Cape Verde,Logan Costa,DF,25.2026,2.0,105,53.0,59.0,1.2,1,61.0,0,1,44.0,0,3.0,4.0,0.0,4.0,3.43,0.96
Cape Verde,Sidny Lopes Cabral,DF,23.7365,2.0,100,50.0,56.2,1.1,1,79.0,0,1,21.0,0,3.0,4.0,0.0,4.0,3.6,1.29
Cape Verde,Diney,DF,31.4052,2.0,90,45.0,50.6,1.0,1,45.0,0,1,45.0,0,3.0,3.0,0.0,3.0,3.0,-0.07
Cape Verde,Wagner Pina,DF,23.6105,2.0,90,45.0,50.6,1.0,1,45.0,0,1,45.0,0,3.0,3.0,0.0,3.0,3.0,-0.07
Cape Verde,Vozinha,GK,40.0301,2.0,90,45.0,50.6,1.0,1,45.0,0,1,45.0,0,3.0,3.0,0.0,3.0,3.0,-0.07
Cape Verde,Steven Moreira,DF,31.835,2.0,89,45.0,50.0,1.0,1,45.0,0,1,44.0,0,3.0,3.0,0.0,3.0,3.03,0.0
Cape Verde,Willy Semedo,MF,32.1314,2.0,89,45.0,50.0,1.0,1,45.0,0,1,44.0,0,3.0,3.0,0.0,3.0,3.03,0.0
Cape Verde,João Paulo Fernandes,DF,28.052,2.0,83,42.0,46.6,0.9,1,69.0,0,1,14.0,0,3.0,2.0,0.0,2.0,2.17,-1.62
Cape Verde,Dailon Livramento,FW,25.1123,2.0,75,38.0,42.1,0.8,1,61.0,0,1,14.0,0,3.0,2.0,0.0,2.0,2.4,-1.1
Cape Verde,Kevin Pina,MF,29.3778,1.0,75,75.0,42.1,0.8,1,75.0,0,0,,1,3.0,3.0,0.0,3.0,3.6,0.98
Cape Verde,Nuno da Costa,FW,35.3395,2.0,74,37.0,41.6,0.8,1,45.0,0,1,29.0,0,3.0,2.0,0.0,2.0,2.43,-1.03
Cape Verde,Stopira,DF,38.0684,2.0,55,28.0,30.9,0.6,1,45.0,0,1,10.0,0,3.0,1.0,0.0,1.0,1.64,-2.02
Cape Verde,Deroy Duarte,MF,26.9446,1.0,45,45.0,25.3,0.5,1,45.0,0,0,,0,3.0,1.0,0.0,1.0,2.0,-1.38
Cape Verde,Pico,DF,33.9911,1.0,45,45.0,25.3,0.5,1,45.0,0,0,,1,3.0,1.0,0.0,1.0,2.0,-1.38
Cape Verde,Márcio Rosa,GK,29.3039,1.0,45,45.0,25.3,0.5,1,45.0,0,0,,1,3.0,1.0,0.0,1.0,2.0,-1.38
Cape Verde,Laros Duarte,MF,29.2902,2.0,89,45.0,50.0,1.0,0,,0,2,45.0,0,3.0,4.0,0.0,4.0,4.04,2.02
Cape Verde,Hélio Varela,FW,24.115,2.0,89,45.0,50.0,1.0,0,,0,2,45.0,0,3.0,4.0,0.0,4.0,4.04,2.02
Cape Verde,Kelvin Pires,DF,26.0246,2.0,73,37.0,41.0,0.8,0,,0,2,37.0,0,3.0,3.0,0.0,3.0,3.7,1.13
Cape Verde,Garry Rodrigues,"FW,MF",35.5448,1.0,45,45.0,25.3,0.5,0,,0,1,45.0,1,3.0,2.0,0.0,2.0,4.0,1.29
Cape Verde,Yannick,MF,30.4572,1.0,45,45.0,25.3,0.5,0,,0,1,45.0,1,3.0,2.0,0.0,2.0,4.0,1.29
Cape Verde,Gilson Benchimol,FW,24.4572,1.0,44,44.0,24.7,0.5,0,,0,1,44.0,1,3.0,2.0,0.0,2.0,4.09,1.4
Cape Verde,C.J. dos Santos,GK,25.8049,1.0,44,44.0,24.7,0.5,0,,0,1,44.0,1,3.0,2.0,0.0,2.0,4.09,1.4
Cape Verde,Vozinha,GK,40.0301,12.0,990.0,83.0,91.8,11.0,11,86.0,10,1,45.0,0,2.42,19.0,8.0,11.0,1.0,-2.07
Cape Verde,Pico,DF,33.9911,10.0,855.0,86.0,79.3,9.5,10,86.0,9,0,,1,2.3,16.0,8.0,8.0,0.84,-1.58
Cape Verde,Jamiro Monteiro,"MF,FW",32.5558,12.0,724.0,60.0,67.2,8.0,8,71.0,1,4,39.0,0,2.42,18.0,7.0,11.0,1.37,0.6
Cape Verde,João Paulo Fernandes,DF,28.052,10.0,703.0,70.0,65.2,7.8,8,83.0,5,2,18.0,0,2.3,11.0,7.0,4.0,0.51,-1.89
Cape Verde,Kevin Pina,MF,29.3778,8.0,692.0,87.0,64.2,7.7,8,87.0,6,0,,1,2.38,16.0,8.0,8.0,1.04,-0.36
Cape Verde,Ryan Mendes,MF,36.4298,11.0,666.0,61.0,61.8,7.4,9,67.0,1,2,33.0,0,2.36,14.0,6.0,8.0,1.08,-0.23
Cape Verde,Logan Costa,DF,25.2026,8.0,645.0,81.0,59.8,7.2,7,86.0,6,1,44.0,0,2.38,11.0,5.0,6.0,0.84,-0.83
Cape Verde,Steven Moreira,DF,31.835,8.0,629.0,79.0,58.3,7.0,7,84.0,6,1,44.0,0,2.38,14.0,7.0,7.0,1.0,-0.4
Cape Verde,Diney,DF,31.4052,7.0,540.0,77.0,50.1,6.0,6,83.0,5,1,45.0,4,2.71,13.0,3.0,10.0,1.67,1.0
Cape Verde,Dailon Livramento,FW,25.1123,10.0,540.0,54.0,50.1,6.0,5,80.0,1,5,28.0,0,2.5,14.0,4.0,10.0,1.67,1.0
Cape Verde,Willy Semedo,"MF,DF",32.1314,10.0,524.0,52.0,48.6,5.8,6,69.0,1,4,28.0,0,2.6,10.0,0.0,10.0,1.72,1.07
Cape Verde,Yannick,MF,30.4572,7.0,509.0,73.0,47.2,5.7,6,77.0,2,1,45.0,1,2.72,11.0,4.0,7.0,1.24,0.13
Cape Verde,Jovane Cabral,"MF,FW",28.0,8.0,420.0,53.0,39.0,4.7,7,58.0,0,1,14.0,0,2.63,7.0,5.0,2.0,0.43,-1.21
Cape Verde,Telmo Arcanjo,"MF,FW",24.9802,7.0,377.0,54.0,35.0,4.2,5,57.0,0,2,45.0,1,2.71,7.0,4.0,3.0,0.72,-0.7
Cape Verde,Deroy Duarte,MF,26.9446,7.0,307.0,44.0,28.5,3.4,4,63.0,1,3,19.0,4,2.29,3.0,3.0,0.0,0.0,-1.63
Cape Verde,Garry Rodrigues,FW,35.5448,6.0,297.0,50.0,27.6,3.3,3,71.0,0,3,28.0,4,2.17,5.0,0.0,5.0,1.52,0.48
Cape Verde,Bebé,"FW,MF",35.9227,4.0,294.0,74.0,32.7,3.3,4,74.0,1,0,,0,1.75,4.0,4.0,0.0,0.0,-1.19
Cape Verde,Hélio Varela,FW,24.115,10.0,289.0,29.0,26.8,3.2,0,,0,10,29.0,1,2.5,7.0,0.0,7.0,2.18,1.38
Cape Verde,Wagner Pina,DF,23.6105,4.0,270.0,68.0,25.0,3.0,3,75.0,2,1,45.0,4,3.0,6.0,1.0,5.0,1.67,0.66
Cape Verde,Sidny Lopes Cabral,DF,23.7365,4.0,217.0,54.0,20.1,2.4,2,85.0,1,2,24.0,2,2.5,8.0,0.0,8.0,3.32,2.69
Cape Verde,Patrick Andrade,MF,33.3422,4.0,216.0,54.0,24.0,2.4,2,71.0,0,2,38.0,0,1.75,3.0,1.0,2.0,0.83,0.04
Cape Verde,Laros Duarte,MF,29.2902,7.0,153.0,22.0,14.2,1.7,0,,0,7,22.0,1,2.29,5.0,0.0,5.0,2.94,2.07
Cape Verde,Alessio da Cruz,FW,29.4025,3.0,115.0,38.0,12.8,1.3,2,56.0,1,1,4.0,1,3.0,1.0,0.0,1.0,0.78,-0.02
Cape Verde,Nuno da Costa,"FW,MF",35.3395,3.0,101.0,34.0,9.4,1.1,1,45.0,0,2,28.0,1,2.33,4.0,0.0,4.0,3.56,2.64
Cape Verde,Fabrício Garcia,DF,25.1123,2.0,92.0,46.0,10.2,1.0,1,82.0,0,1,10.0,2,3.0,0.0,0.0,0.0,0.0,-0.89
Cape Verde,Cuca,MF,35.4271,2.0,90.0,45.0,10.0,1.0,1,60.0,0,1,30.0,0,2.0,0.0,0.0,0.0,0.0,-0.89
Cape Verde,Jójó,DF,25.0712,1.0,90.0,90.0,10.0,1.0,1,90.0,1,0,,2,3.0,2.0,1.0,1.0,1.0,0.22
Cape Verde,Kelvin Pires,DF,26.0246,2.0,73.0,37.0,6.8,0.8,0,,0,2,37.0,3,3.0,3.0,0.0,3.0,3.7,1.13
Cape Verde,Stopira,DF,38.0684,3.0,60.0,20.0,5.6,0.7,1,45.0,0,2,8.0,3,3.0,2.0,0.0,2.0,3.0,1.94
Cape Verde,Kenny Rocha Santos,MF,26.4435,1.0,60.0,60.0,6.7,0.7,1,60.0,0,0,,1,3.0,2.0,0.0,2.0,3.0,2.36
Cape Verde,Heriberto Tavares,FW,29.3149,2.0,59.0,30.0,6.6,0.7,1,45.0,0,1,14.0,0,2.0,1.0,2.0,-1.0,-1.53,-2.49
Cape Verde,Leandro Andrade,FW,26.7201,2.0,59.0,30.0,6.6,0.7,1,45.0,0,1,14.0,0,2.0,0.0,0.0,0.0,0.0,-0.86
Cape Verde,Márcio Rosa,GK,29.3039,1.0,45.0,45.0,4.2,0.5,1,45.0,0,0,,9,3.0,1.0,0.0,1.0,2.0,-1.38
Cape Verde,C.J. dos Santos,GK,25.8049,1.0,44.0,44.0,24.7,0.5,0,,0,1,44.0,1,3.0,2.0,0.0,2.0,4.09,1.4
Cape Verde,Gilson Benchimol,FW,24.4572,1.0,44.0,44.0,24.7,0.5,0,,0,1,44.0,1,3.0,2.0,0.0,2.0,4.09,1.4
Cape Verde,Aílson Tavares,MF,27.9008,2.0,27.0,14.0,3.0,0.3,0,,0,2,14.0,2,3.0,0.0,0.0,0.0,0.0,-0.82
Cape Verde,João Pedro Araújo Correia,"DF,FW",29.7721,1.0,19.0,19.0,2.1,0.2,0,,0,1,19.0,0,1.0,0.0,0.0,0.0,0.0,-0.82
Cape Verde,David Tavares,MF,27.2409,1.0,14.0,14.0,1.6,0.2,0,,0,1,14.0,3,3.0,0.0,0.0,0.0,0.0,-0.81
Cape Verde,Duk,"FW,MF",26.3231,1.0,11.0,11.0,1.2,0.1,0,,0,1,11.0,1,1.0,0.0,0.0,0.0,0.0,-0.81
Cape Verde,Diogo Mendes,MF,28.386,1.0,9.0,9.0,1.0,0.1,0,,0,1,9.0,1,3.0,0.0,0.0,0.0,0.0,-0.81
Cape Verde,Dylan Silva,GK,27.3395,0.0,,,,,0,,0,0,,2,,,,,,
Cape Verde,Tiago Gomes,GK,23.8323,0.0,,,,,0,,0,0,,2,,,,,,
Cape Verde,Yuran Fernandes,DF,31.6516,0.0,,,,,0,,0,0,,1,,,,,,
Cape Verde,Bruno Varela,GK,31.6078,0.0,,,,,0,,0,0,,6,,,,,,
Cape Verde,Henrique Tavares,GK,23.8761,0.0,,,,,0,,0,0,,2,,,,,,
Cape Verde,Panduru,DF,30.5394,0.0,,,,,0,,0,0,,1,,,,,,
Cape Verde,Dylan Tavares,"DF,MF",29.7885,0.0,,,,,0,,0,0,,2,,,,,,
Cape Verde,Delmiro,DF,37.7912,0.0,,,,,0,,0,0,,2,,,,,,
Cape Verde,David Moreira,DF,22.1561,0.0,,,,,0,,0,0,,3,,,,,,
Cape Verde,Wilson Tavares,FW,24.334,0.0,,,,,0,,0,0,,1,,,,,,
Colombia,Johan Mojica,DF,33.8131,4.0,272.0,68.0,78.4,3.0,4,68.0,0,0,,0,1.5,5.0,6.0,-1.0,-0.33,-2.73
Colombia,Davinson Sánchez,DF,30.0055,4.0,270.0,68.0,77.8,3.0,4,68.0,2,0,,0,1.5,5.0,6.0,-1.0,-0.33,-2.67
Colombia,Luis Díaz,"MF,FW",29.4162,4.0,251.0,63.0,72.3,2.8,4,63.0,0,0,,0,1.5,4.0,6.0,-2.0,-0.72,-3.53
Colombia,James Rodríguez,"MF,FW",34.9227,4.0,232.0,58.0,66.9,2.6,3,62.0,0,1,45.0,0,1.5,4.0,5.0,-1.0,-0.39,-1.95
Colombia,Jhon Arias,MF,28.7283,4.0,223.0,56.0,64.3,2.5,3,59.0,0,1,45.0,0,1.5,4.0,4.0,0.0,0.0,-0.73
Colombia,Jefferson Lerma,MF,31.6352,3.0,216.0,72.0,62.2,2.4,3,72.0,1,0,,1,1.0,4.0,5.0,-1.0,-0.42,-1.79
Colombia,Richard Ríos,MF,26.0329,4.0,215.0,54.0,62.0,2.4,3,61.0,0,1,33.0,0,1.5,4.0,5.0,-1.0,-0.42,-1.78
Colombia,Camilo Vargas,GK,37.2656,3.0,208.0,69.0,59.9,2.3,3,69.0,1,0,,1,2.0,4.0,3.0,1.0,0.43,0.43
Colombia,Daniel Muñoz,DF,30.052,4.0,207.0,52.0,59.7,2.3,3,68.0,1,1,2.0,0,1.5,3.0,5.0,-2.0,-0.87,-2.8
Colombia,Luis Suárez,FW,28.5311,4.0,205.0,51.0,59.1,2.3,3,53.0,0,1,45.0,0,1.5,3.0,4.0,-1.0,-0.44,-1.71
Colombia,Jhon Lucumí,DF,27.9665,3.0,209.0,70.0,60.2,2.3,2,82.0,1,1,45.0,1,2.0,4.0,2.0,2.0,0.86,1.51
Colombia,Gustavo Puerta,MF,22.8925,4.0,177.0,44.0,51.0,2.0,2,56.0,0,2,33.0,0,1.5,4.0,2.0,2.0,1.02,1.55
Colombia,Santiago Arias,DF,34.4162,3.0,141.0,47.0,40.6,1.6,1,88.0,0,2,27.0,1,2.0,4.0,1.0,3.0,1.91,2.79
Colombia,Álvaro David Montero,GK,31.2108,2.0,123.0,62.0,35.4,1.4,1,90.0,1,1,33.0,2,1.5,2.0,3.0,-1.0,-0.73,-1.54
Colombia,Andrés Gómez,FW,23.7529,4.0,112.0,28.0,32.3,1.2,1,45.0,0,3,22.0,0,1.5,3.0,2.0,1.0,0.8,0.8
Colombia,Willer Ditta,DF,28.3888,2.0,106.0,53.0,30.5,1.2,1,73.0,0,1,33.0,0,3.0,3.0,1.0,2.0,1.7,2.07
Colombia,Juan David Cabal,DF,25.4298,1.0,90.0,90.0,25.9,1.0,1,90.0,1,0,,1,0.0,1.0,3.0,-2.0,-2.0,-3.05
Colombia,Jorge Carrascal,MF,28.0548,3.0,88.0,29.0,25.4,1.0,1,45.0,0,2,22.0,1,2.0,2.0,1.0,1.0,1.02,1.02
Colombia,Cucho,FW,27.1506,2.0,78.0,39.0,22.5,0.9,1,45.0,0,1,33.0,0,3.0,3.0,1.0,2.0,2.31,2.64
Colombia,Juan Quintero,"FW,MF",33.4025,4.0,80.0,20.0,23.1,0.9,0,,0,4,20.0,0,1.5,2.0,0.0,2.0,2.25,2.59
Colombia,Deiver Machado,"DF,MF",32.7803,3.0,73.0,24.0,21.0,0.8,0,,0,3,24.0,1,1.0,2.0,0.0,2.0,2.47,2.79
Colombia,Jhon Córdoba,FW,33.0931,2.0,65.0,33.0,18.7,0.7,0,,0,2,33.0,2,0.0,1.0,1.0,0.0,0.0,-0.32
Colombia,Jaminton Campaz,"FW,MF",26.0575,2.0,61.0,31.0,17.6,0.7,0,,0,2,31.0,2,1.5,2.0,0.0,2.0,2.95,3.27
Colombia,Kevin Castaño,MF,25.7064,2.0,50.0,25.0,14.4,0.6,0,,0,2,25.0,2,1.5,1.0,0.0,1.0,1.8,1.8
Colombia,Juan Camilo Portilla,MF,27.7529,2.0,38.0,19.0,11.0,0.4,0,,0,2,19.0,0,3.0,1.0,0.0,1.0,2.37,2.37
Colombia,Yerry Mina,DF,31.7228,2.0,21.0,11.0,6.1,0.2,0,,0,2,11.0,0,3.0,1.0,0.0,1.0,4.29,4.29
Colombia,David Ospina,GK,37.7858,1.0,17.0,17.0,4.9,0.2,0,,0,1,17.0,3,3.0,1.0,0.0,1.0,5.29,5.29
Colombia,Rafael Borré,FW,30.7447,0.0,,,,,0,,0,0,,2,,,,,,
Colombia,Johan Carbonero,"FW,MF",26.9008,0.0,,,,,0,,0,0,,2,,,,,,
Colombia,Yerson Mosquera,DF,25.1177,0.0,,,,,0,,0,0,,2,,,,,,
Colombia,Luis Díaz,"FW,MF",29.0,17.0,"1,465",86.0,90.4,16.3,17,86.0,11,0,,0,1.59,26.0,18.0,8.0,0.49,-0.67
Colombia,Jhon Arias,MF,28.0,17.0,"1,139",67.0,70.3,12.7,15,74.0,2,2,16.0,0,1.47,14.0,11.0,3.0,0.24,-1.07
Colombia,Jhon Lucumí,DF,27.0,14.0,"1,260",90.0,77.8,14.0,14,90.0,14,0,,2,1.57,20.0,13.0,7.0,0.5,-0.25
Colombia,Camilo Vargas,GK,36.0,14.0,"1,256",90.0,77.5,14.0,14,90.0,13,0,,3,1.57,21.0,13.0,8.0,0.57,0.08
Colombia,James Rodríguez,"MF,FW",34.0,18.0,"1,239",69.0,76.5,13.8,14,80.0,5,4,28.0,0,1.56,22.0,12.0,10.0,0.73,0.73
Colombia,Daniel Muñoz,DF,29.0,13.0,"1,170",90.0,72.2,13.0,13,90.0,13,0,,0,1.54,19.0,15.0,4.0,0.31,-0.89
Colombia,Jefferson Lerma,MF,31.0,14.0,"1,086",78.0,67.0,12.1,12,88.0,9,2,18.0,0,1.86,21.0,10.0,11.0,0.91,1.08
Colombia,Davinson Sánchez,DF,29.0,12.0,"1,042",87.0,64.3,11.6,11,89.0,10,1,68.0,2,1.42,21.0,12.0,9.0,0.78,0.62
Colombia,Richard Ríos,MF,25.0,15.0,986,66.0,60.9,11.0,10,87.0,9,5,24.0,2,1.4,24.0,16.0,8.0,0.73,0.45
Colombia,Johan Mojica,DF,33.0,8.0,714,89.0,44.1,7.9,8,89.0,6,0,,4,1.38,14.0,10.0,4.0,0.5,-0.09
Colombia,Kevin Castaño,MF,25.0,9.0,562,62.0,34.7,6.2,7,78.0,1,2,7.0,6,1.67,9.0,6.0,3.0,0.48,-0.12
Colombia,Rafael Borré,"FW,MF",30.0,9.0,452,50.0,27.9,5.0,6,71.0,0,3,9.0,3,1.33,5.0,4.0,1.0,0.2,-0.49
Colombia,Mateus Uribe,MF,34.0,7.0,414,59.0,25.6,4.6,6,67.0,1,1,10.0,3,1.71,3.0,2.0,1.0,0.22,-0.45
Colombia,Jhon Córdoba,FW,32.0,10.0,510,51.0,31.5,5.7,5,74.0,0,5,28.0,2,1.9,7.0,5.0,2.0,0.35,-0.3
Colombia,Yerry Mina,DF,31.0,8.0,457,57.0,28.2,5.1,5,76.0,4,3,25.0,6,1.63,10.0,5.0,5.0,0.98,0.6
Colombia,Deiver Machado,DF,32.0,5.0,405,81.0,25.0,4.5,5,81.0,4,0,,2,1.8,2.0,2.0,0.0,0.0,-0.74
Colombia,Jáder Durán,FW,22.0,10.0,445,45.0,27.5,4.9,4,71.0,1,6,27.0,1,1.4,9.0,5.0,4.0,0.81,0.35
Colombia,Santiago Arias,DF,34.0,4.0,359,90.0,22.2,4.0,4,90.0,3,0,,7,1.75,9.0,2.0,7.0,1.75,1.54
Colombia,Carlos Cuesta,DF,26.0,5.0,331,66.0,20.4,3.7,4,79.0,3,1,16.0,3,0.8,4.0,5.0,-1.0,-0.27,-1.04
Colombia,Cristian Borja,DF,32.0,4.0,313,78.0,19.3,3.5,3,89.0,2,1,45.0,8,1.75,3.0,1.0,2.0,0.58,0.02
Colombia,Kevin Mier,GK,25.0,3.0,270,90.0,16.7,3.0,3,90.0,3,0,,9,1.67,7.0,4.0,3.0,1.0,0.53
Colombia,Jorge Carrascal,MF,27.0,7.0,220,31.0,13.6,2.4,2,65.0,0,5,18.0,5,2.0,2.0,3.0,-1.0,-0.41,-1.12
Colombia,Juan Camilo Portilla,MF,27.0,5.0,194,39.0,12.0,2.2,2,90.0,1,3,5.0,4,1.8,2.0,3.0,-1.0,-0.46,-1.16
Colombia,Yerson Mosquera,DF,24.0,4.0,175,44.0,10.8,1.9,2,86.0,0,2,2.0,2,2.0,2.0,2.0,0.0,0.0,-0.62
Colombia,Juan Quintero,MF,33.0,6.0,181,30.0,11.2,2.0,1,71.0,0,5,22.0,6,1.67,5.0,3.0,2.0,0.99,0.49
Colombia,Jaminton Campaz,FW,25.0,5.0,154,31.0,9.5,1.7,1,56.0,0,4,25.0,2,1.8,3.0,0.0,3.0,1.75,1.32
Colombia,Luis Sinisterra,FW,26.0,6.0,139,23.0,8.6,1.5,1,45.0,0,5,19.0,3,2.0,4.0,1.0,3.0,1.94,1.52
Colombia,Luis Suárez,FW,28.0,2.0,113,57.0,7.0,1.3,1,68.0,0,1,45.0,2,2.0,5.0,2.0,3.0,2.39,1.97
Colombia,Wílmar Barrios,MF,32.0,3.0,99,33.0,6.1,1.1,1,90.0,1,2,5.0,1,1.67,2.0,2.0,0.0,0.0,-0.59
Colombia,Willer Ditta,DF,28.0,2.0,95,48.0,5.9,1.1,1,90.0,1,1,5.0,3,0.5,0.0,1.0,-1.0,-0.95,-1.6
Colombia,Álvaro David Montero,GK,30.0,2.0,91,46.0,5.6,1.0,1,90.0,1,1,1.0,12,1.0,0.0,1.0,-1.0,-0.99,-1.64
Colombia,Álvaro Angulo,DF,28.0,1.0,90,90.0,5.6,1.0,1,90.0,1,0,,1,3.0,6.0,3.0,3.0,3.0,2.59
Colombia,Frank Fabra,DF,34.0,1.0,90,90.0,5.6,1.0,1,90.0,1,0,,0,1.0,2.0,2.0,0.0,0.0,-0.59
Colombia,Cucho,MF,26.0,2.0,74,37.0,4.6,0.8,1,61.0,0,1,13.0,2,0.5,0.0,0.0,0.0,0.0,-0.58
Colombia,Juan Cuadrado,FW,37.0,1.0,45,45.0,2.8,0.5,1,45.0,0,0,,1,3.0,1.0,0.0,1.0,2.0,1.49
Colombia,Roger Martínez,FW,31.0,1.0,22,22.0,1.4,0.2,1,22.0,0,0,,0,0.0,0.0,0.0,0.0,0.0,-0.56
Colombia,Yaser Asprilla,"FW,MF",22.0,2.0,47,24.0,2.9,0.5,0,,0,2,24.0,5,0.5,1.0,0.0,1.0,1.91,1.4
Colombia,Andrés Felipe Román,"DF,FW",30.0,1.0,34,34.0,2.1,0.4,0,,0,1,34.0,4,1.0,0.0,1.0,-1.0,-2.65,-3.27
Colombia,Marino Hinestroza,MF,23.0,2.0,33,17.0,2.0,0.4,0,,0,2,17.0,4,2.0,0.0,0.0,0.0,0.0,-0.57
Colombia,Rafael Carrascal,MF,33.0,1.0,18,18.0,1.1,0.2,0,,0,1,18.0,0,1.0,0.0,1.0,-1.0,-5.0,-5.62
Colombia,Andrés Gómez,MF,23.0,2.0,10,5.0,0.6,0.1,0,,0,2,5.0,0,0.0,1.0,1.0,0.0,0.0,-0.56
Colombia,Dayro Moreno,"FW,MF",40.0,1.0,9,9.0,0.6,0.1,0,,0,1,9.0,1,3.0,1.0,0.0,1.0,10.0,9.5
Colombia,Juan David Cabal,DF,25.0,2.0,8,4.0,0.5,0.1,0,,0,2,4.0,0,3.0,1.0,0.0,1.0,11.25,10.75
Colombia,Mateo Cassierra,FW,28.0,0.0,,,,,0,,0,0,,3,,,,,,
Colombia,Juan David Mosquera,"DF,MF",23.0,0.0,,,,,0,,0,0,,1,,,,,,
Colombia,Sebastián Gómez,MF,29.0,0.0,,,,,0,,0,0,,1,,,,,,
Colombia,José Luis Chunga,GK,34.0,0.0,,,,,0,,0,0,,1,,,,,,
Colombia,David Ospina,GK,37.0,0.0,,,,,0,,0,0,,8,,,,,,
Colombia,Gustavo Puerta,MF,22.0,0.0,,,,,0,,0,0,,2,,,,,,
Colombia,Devis Vásquez,GK,27.0,0.0,,,,,0,,0,0,,2,,,,,,
Colombia,Luis Díaz,"FW,MF",29.4162,21.0,"1,716",82.0,87.2,19.1,21,82.0,11,0,,0,1.57,30.0,24.0,6.0,0.31,-1.48
Colombia,James Rodríguez,"MF,FW",34.9227,22.0,"1,471",67.0,74.8,16.3,17,77.0,5,5,32.0,0,1.55,26.0,17.0,9.0,0.55,0.19
Colombia,Jhon Lucumí,DF,27.9665,17.0,"1,469",86.0,74.7,16.3,16,89.0,15,1,45.0,3,1.65,24.0,15.0,9.0,0.55,0.19
Colombia,Camilo Vargas,GK,37.2656,17.0,"1,464",86.0,74.4,16.3,17,86.0,14,0,,4,1.65,25.0,16.0,9.0,0.55,0.2
Colombia,Daniel Muñoz,DF,30.052,17.0,"1,377",81.0,70.0,15.3,16,86.0,14,1,2.0,0,1.53,22.0,20.0,2.0,0.13,-1.24
Colombia,Jhon Arias,MF,28.7283,21.0,"1,362",65.0,69.2,15.1,18,71.0,2,3,26.0,0,1.48,18.0,15.0,3.0,0.2,-0.99
Colombia,Davinson Sánchez,DF,30.0055,16.0,"1,312",82.0,66.7,14.6,15,83.0,12,1,68.0,2,1.44,26.0,18.0,8.0,0.55,0.14
Colombia,Jefferson Lerma,MF,31.6352,17.0,"1,302",77.0,66.2,14.5,15,84.0,10,2,18.0,1,1.71,25.0,15.0,10.0,0.69,0.56
Colombia,Richard Ríos,MF,26.0329,19.0,"1,201",63.0,61.1,13.3,13,81.0,9,6,25.0,2,1.42,28.0,21.0,7.0,0.52,0.05
Colombia,Johan Mojica,DF,33.8131,12.0,986,82.0,50.1,11.0,12,82.0,6,0,,4,1.42,19.0,16.0,3.0,0.27,-0.46
Colombia,Kevin Castaño,MF,25.7064,11.0,612,56.0,31.1,6.8,7,78.0,1,4,16.0,8,1.64,10.0,6.0,4.0,0.59,0.12
Colombia,Jhon Córdoba,FW,33.0931,12.0,575,48.0,29.2,6.4,5,74.0,0,7,30.0,4,1.58,8.0,6.0,2.0,0.31,-0.27
Colombia,Santiago Arias,DF,34.4162,7.0,500,71.0,25.4,5.6,5,89.0,3,2,27.0,8,1.86,13.0,3.0,10.0,1.8,1.74
Colombia,Yerry Mina,DF,31.7228,10.0,478,48.0,24.3,5.3,5,76.0,4,5,19.0,6,1.9,11.0,5.0,6.0,1.13,0.83
Colombia,Deiver Machado,DF,32.7803,8.0,478,60.0,24.3,5.3,5,81.0,4,3,24.0,3,1.5,4.0,2.0,2.0,0.38,-0.17
Colombia,Rafael Borré,"FW,MF",30.7447,9.0,452,50.0,23.0,5.0,6,71.0,0,3,9.0,5,1.33,5.0,4.0,1.0,0.2,-0.49
Colombia,Jáder Durán,FW,22.501,10.0,445,45.0,27.5,4.9,4,71.0,1,6,27.0,1,1.4,9.0,5.0,4.0,0.81,0.35
Colombia,Mateus Uribe,MF,35.2327,7.0,414,59.0,25.6,4.6,6,67.0,1,1,10.0,3,1.71,3.0,2.0,1.0,0.22,-0.45
Colombia,Carlos Cuesta,DF,27.2656,5.0,331,66.0,20.4,3.7,4,79.0,3,1,16.0,3,0.8,4.0,5.0,-1.0,-0.27,-1.04
Colombia,Luis Suárez,FW,28.5311,6.0,318,53.0,16.2,3.5,4,57.0,0,2,45.0,2,1.67,8.0,6.0,2.0,0.57,0.07
Colombia,Cristian Borja,DF,33.3176,4.0,313,78.0,19.3,3.5,3,89.0,2,1,45.0,8,1.75,3.0,1.0,2.0,0.58,0.02
Colombia,Jorge Carrascal,MF,28.0548,10.0,308,31.0,15.7,3.4,3,58.0,0,7,19.0,6,2.0,4.0,4.0,0.0,0.0,-0.6
Colombia,Kevin Mier,GK,26.0739,3.0,270,90.0,16.7,3.0,3,90.0,3,0,,9,1.67,7.0,4.0,3.0,1.0,0.53
Colombia,Juan Quintero,MF,33.4025,10.0,261,26.0,13.3,2.9,1,71.0,0,9,21.0,6,1.6,7.0,3.0,4.0,1.38,1.01
Colombia,Juan Camilo Portilla,MF,27.7529,7.0,232,33.0,11.8,2.6,2,90.0,1,5,11.0,4,2.14,3.0,3.0,0.0,0.0,-0.57
Colombia,Jaminton Campaz,FW,26.0575,7.0,215,31.0,10.9,2.4,1,56.0,0,6,27.0,4,1.71,5.0,0.0,5.0,2.09,1.78
Colombia,Álvaro David Montero,GK,31.2108,4.0,214,54.0,10.9,2.4,2,90.0,2,2,17.0,14,1.25,2.0,4.0,-2.0,-0.84,-1.51
Colombia,Willer Ditta,DF,28.3888,4.0,201,50.0,10.2,2.2,2,82.0,1,2,19.0,3,1.75,3.0,2.0,1.0,0.45,-0.06
Colombia,Gustavo Puerta,MF,22.8925,4.0,177,44.0,9.0,2.0,2,56.0,0,2,33.0,2,1.5,4.0,2.0,2.0,1.02,1.55
Colombia,Yerson Mosquera,DF,25.1177,4.0,175,44.0,8.9,1.9,2,86.0,0,2,2.0,4,2.0,2.0,2.0,0.0,0.0,-0.62
Colombia,Cucho,MF,27.1506,4.0,152,38.0,7.7,1.7,2,53.0,0,2,23.0,2,1.75,3.0,1.0,2.0,1.18,0.74
Colombia,Luis Sinisterra,FW,26.9911,6.0,139,23.0,8.6,1.5,1,45.0,0,5,19.0,3,2.0,4.0,1.0,3.0,1.94,1.52
Colombia,Andrés Gómez,MF,23.7529,6.0,122,20.0,6.2,1.4,1,45.0,0,5,15.0,0,1.0,4.0,3.0,1.0,0.74,0.25
Colombia,Wílmar Barrios,MF,32.6598,3.0,99,33.0,6.1,1.1,1,90.0,1,2,5.0,1,1.67,2.0,2.0,0.0,0.0,-0.59
Colombia,Juan David Cabal,DF,25.4298,3.0,98,33.0,5.0,1.1,1,90.0,1,2,4.0,1,2.0,2.0,3.0,-1.0,-0.92,-1.5
Colombia,Álvaro Angulo,DF,29.0301,1.0,90,90.0,5.6,1.0,1,90.0,1,0,,1,3.0,6.0,3.0,3.0,3.0,2.59
Colombia,Frank Fabra,DF,35.3066,1.0,90,90.0,5.6,1.0,1,90.0,1,0,,0,1.0,2.0,2.0,0.0,0.0,-0.59
Colombia,Yaser Asprilla,"FW,MF",22.5667,2.0,47,24.0,2.9,0.5,0,,0,2,24.0,5,0.5,1.0,0.0,1.0,1.91,1.4
Colombia,Juan Cuadrado,FW,38.052,1.0,45,45.0,2.8,0.5,1,45.0,0,0,,1,3.0,1.0,0.0,1.0,2.0,1.49
Colombia,Andrés Felipe Román,"DF,FW",30.6899,1.0,34,34.0,2.1,0.4,0,,0,1,34.0,4,1.0,0.0,1.0,-1.0,-2.65,-3.27
Colombia,Marino Hinestroza,MF,23.9336,2.0,33,17.0,2.0,0.4,0,,0,2,17.0,4,2.0,0.0,0.0,0.0,0.0,-0.57
Colombia,Roger Martínez,FW,31.9747,1.0,22,22.0,1.4,0.2,1,22.0,0,0,,0,0.0,0.0,0.0,0.0,0.0,-0.56
Colombia,Rafael Carrascal,MF,33.5476,1.0,18,18.0,1.1,0.2,0,,0,1,18.0,0,1.0,0.0,1.0,-1.0,-5.0,-5.62
Colombia,David Ospina,GK,37.7858,1.0,17,17.0,0.9,0.2,0,,0,1,17.0,11,3.0,1.0,0.0,1.0,5.29,5.29
Colombia,Dayro Moreno,"FW,MF",40.742,1.0,9,9.0,0.6,0.1,0,,0,1,9.0,1,3.0,1.0,0.0,1.0,10.0,9.5
Colombia,Mateo Cassierra,FW,29.1697,0.0,,,,,0,,0,0,,3,,,,,,
Colombia,Sebastián Gómez,MF,30.0301,0.0,,,,,0,,0,0,,1,,,,,,
Colombia,José Luis Chunga,GK,34.9254,0.0,,,,,0,,0,0,,1,,,,,,
Colombia,Devis Vásquez,GK,28.0903,0.0,,,,,0,,0,0,,2,,,,,,
Colombia,Juan David Mosquera,"DF,MF",23.7721,0.0,,,,,0,,0,0,,1,,,,,,
Colombia,Johan Carbonero,"FW,MF",26.9008,0.0,,,,,0,,0,0,,2,,,,,,
Congo DR,Chancel Mbemba,DF,31.0,12.0,"1,110",93.0,100.0,12.3,12,93.0,12,0,,0,2.17,17.0,7.0,10.0,0.81,
Congo DR,Samuel Moutoussamy,MF,29.0,11.0,"1,019",93.0,91.8,11.3,11,93.0,10,0,,1,2.36,17.0,6.0,11.0,0.97,1.96
Congo DR,Yoane Wissa,"MF,FW",29.0,8.0,560,70.0,50.5,6.2,8,70.0,1,0,,0,2.0,10.0,3.0,7.0,1.13,0.63
Congo DR,Arthur Masuaku,"DF,MF",32.0,7.0,646,92.0,58.2,7.2,7,92.0,5,0,,2,2.0,8.0,5.0,3.0,0.42,-0.94
Congo DR,Meschak Elia,"MF,FW",28.0,11.0,636,58.0,57.3,7.1,7,72.0,0,4,33.0,0,2.09,7.0,6.0,1.0,0.14,-1.57
Congo DR,Charles Pickel,MF,28.0,11.0,575,52.0,51.8,6.4,7,70.0,3,4,21.0,1,2.27,6.0,3.0,3.0,0.47,-0.71
Congo DR,Cédric Bakambu,FW,34.0,9.0,533,59.0,48.0,5.9,7,71.0,0,2,17.0,0,2.11,11.0,5.0,6.0,1.01,0.39
Congo DR,Joris Kayembe,DF,31.0,9.0,571,63.0,51.4,6.3,6,90.0,6,3,10.0,2,2.11,11.0,3.0,8.0,1.26,0.93
Congo DR,Lionel Mpasi,GK,31.0,6.0,569,95.0,51.3,6.3,6,95.0,5,0,,4,2.17,6.0,2.0,4.0,0.63,-0.37
Congo DR,Aaron Wan-Bissaka,"DF,MF",28.0,6.0,549,92.0,49.5,6.1,6,92.0,4,0,,0,2.17,10.0,5.0,5.0,0.82,0.02
Congo DR,Dimitry Bertaud,GK,27.0,6.0,540,90.0,48.6,6.0,6,90.0,6,0,,4,2.17,11.0,5.0,6.0,1.0,0.37
Congo DR,Edo Kayembe,"MF,FW",27.0,10.0,580,58.0,52.3,6.4,5,89.0,4,5,27.0,2,2.3,12.0,4.0,8.0,1.24,0.9
Congo DR,Axel Tuanzebe,DF,28.0,5.0,480,96.0,43.2,5.3,5,96.0,5,0,,1,2.2,5.0,2.0,3.0,0.56,-0.44
Congo DR,Theo Bongonda,"MF,FW",30.0,8.0,418,52.0,37.7,4.6,4,79.0,1,4,26.0,2,2.38,6.0,1.0,5.0,1.08,0.43
Congo DR,Noah Sadiki,MF,21.0,5.0,373,75.0,33.6,4.1,4,93.0,2,1,2.0,1,2.0,7.0,4.0,3.0,0.72,-0.13
Congo DR,Dylan Batubinsika,DF,29.0,4.0,360,90.0,32.4,4.0,4,90.0,4,0,,2,2.25,9.0,4.0,5.0,1.25,0.65
Congo DR,Baka Inonga,DF,31.0,4.0,360,90.0,32.4,4.0,4,90.0,4,0,,2,1.75,4.0,2.0,2.0,0.5,-0.46
Congo DR,Nathanaël Mbuku,"MF,FW",23.0,6.0,357,60.0,32.2,4.0,4,82.0,0,2,16.0,0,2.17,6.0,3.0,3.0,0.76,-0.08
Congo DR,Gédéon Kalulu,DF,28.0,5.0,342,68.0,30.8,3.8,3,90.0,3,2,36.0,5,2.4,3.0,1.0,2.0,0.53,-0.41
Congo DR,Gaël Kakuta,MF,34.0,4.0,245,61.0,22.1,2.7,3,67.0,0,1,45.0,0,1.75,3.0,2.0,1.0,0.37,-0.57
Congo DR,Samuel Essende,FW,28.0,3.0,225,75.0,20.3,2.5,3,75.0,1,0,,6,2.33,3.0,1.0,2.0,0.8,-0.01
Congo DR,Rocky Bushiri,DF,26.0,2.0,180,90.0,16.2,2.0,2,90.0,2,0,,10,3.0,2.0,0.0,2.0,1.0,0.23
Congo DR,Ngal'Ayel Mukau,MF,21.0,4.0,174,44.0,15.7,1.9,2,73.0,0,2,15.0,2,2.5,3.0,1.0,2.0,1.03,0.27
Congo DR,Simon Banza,FW,29.0,2.0,147,74.0,13.2,1.6,2,74.0,0,0,,4,1.5,1.0,0.0,1.0,0.61,-0.23
Congo DR,Fiston Mayele,FW,31.0,11.0,239,22.0,21.5,2.7,1,45.0,0,10,19.0,1,2.09,4.0,1.0,3.0,1.13,0.41
Congo DR,Grady Diangana,MF,27.0,3.0,90,30.0,8.1,1.0,1,45.0,0,2,23.0,3,2.0,1.0,0.0,1.0,1.0,0.21
Congo DR,Aaron Tshibola,MF,31.0,3.0,90,30.0,8.1,1.0,1,81.0,0,2,5.0,3,2.0,0.0,1.0,-1.0,-1.0,-1.97
Congo DR,Silas Katompa,MF,27.0,3.0,80,27.0,7.2,0.9,1,56.0,0,2,12.0,1,2.0,2.0,0.0,2.0,2.25,1.55
Congo DR,Brian Cipenga,MF,27.0,3.0,91,30.0,8.2,1.0,0,,0,3,30.0,1,2.33,1.0,0.0,1.0,0.99,0.19
Congo DR,Chadrac Akolo,"FW,MF",30.0,2.0,28,14.0,2.5,0.3,0,,0,2,14.0,0,2.0,1.0,0.0,1.0,3.21,2.47
Congo DR,Jackson Muleka,"FW,MF",26.0,1.0,27,27.0,2.4,0.3,0,,0,1,27.0,1,3.0,0.0,0.0,0.0,0.0,-0.83
Congo DR,Michel-Ange Balikwisha,"FW,MF",24.0,1.0,15,15.0,1.4,0.2,0,,0,1,15.0,1,1.0,0.0,0.0,0.0,0.0,-0.82
Congo DR,Timothy Fayulu,GK,26.0,1.0,1,1.0,0.1,0.0,0,,0,1,1.0,9,1.0,0.0,0.0,0.0,0.0,-0.81
Congo DR,Brian Bayeye,DF,25.0,0.0,,,,,0,,0,0,,3,,,,,,
Congo DR,Matthieu Epolo,GK,21.0,0.0,,,,,0,,0,0,,2,,,,,,
Congo DR,Esdras Kabamba,GK,26.0,0.0,,,,,0,,0,0,,2,,,,,,
Congo DR,Steve Kapuadi,DF,27.0,0.0,,,,,0,,0,0,,6,,,,,,
Congo DR,Vital N'Simba,DF,32.0,0.0,,,,,0,,0,0,,2,,,,,,
Congo DR,Jeremy Ngakia,"DF,MF",25.0,0.0,,,,,0,,0,0,,1,,,,,,
Congo DR,Baggio Siadi,GK,28.0,0.0,,,,,0,,0,0,,2,,,,,,
Congo DR,Mario Stroeykens,MF,21.0,0.0,,,,,0,,0,0,,1,,,,,,
Congo DR,Chancel Mbemba,DF,31.8487,2.0,180.0,90.0,100.0,2.0,2,90.0,2,0,,0,0.5,1.0,2.0,-1.0,-0.5,
Congo DR,Lionel Mpasi,GK,31.8679,2.0,180.0,90.0,100.0,2.0,2,90.0,2,0,,0,0.5,1.0,2.0,-1.0,-0.5,
Congo DR,Axel Tuanzebe,DF,28.5804,2.0,180.0,90.0,100.0,2.0,2,90.0,2,0,,0,0.5,1.0,2.0,-1.0,-0.5,
Congo DR,Samuel Moutoussamy,MF,29.8378,2.0,161.0,81.0,89.4,1.8,2,81.0,1,0,,0,0.5,0.0,1.0,-1.0,-0.56,-10.03
Congo DR,Yoane Wissa,FW,29.7775,2.0,131.0,66.0,72.8,1.5,2,66.0,0,0,,0,0.5,0.0,0.0,0.0,0.0,-1.84
Congo DR,Ngal'Ayel Mukau,MF,21.6105,2.0,114.0,57.0,63.3,1.3,2,57.0,0,0,,0,0.5,0.0,0.0,0.0,0.0,-1.36
Congo DR,Joris Kayembe,DF,31.8487,2.0,126.0,63.0,70.0,1.4,1,90.0,1,1,36.0,0,0.5,1.0,2.0,-1.0,-0.71,-4.05
Congo DR,Cédric Bakambu,FW,35.1752,2.0,114.0,57.0,63.3,1.3,1,69.0,0,1,45.0,0,0.5,1.0,2.0,-1.0,-0.79,-3.52
Congo DR,Edo Kayembe,MF,28.0301,2.0,99.0,50.0,55.0,1.1,1,54.0,0,1,45.0,0,0.5,1.0,2.0,-1.0,-0.91,-3.13
Congo DR,Aaron Wan-Bissaka,DF,28.5476,2.0,94.0,47.0,52.2,1.0,1,90.0,1,1,4.0,0,0.5,1.0,2.0,-1.0,-0.96,-3.05
Congo DR,Noah Sadiki,MF,21.4901,2.0,93.0,47.0,51.7,1.0,1,57.0,0,1,36.0,0,0.5,0.0,1.0,-1.0,-0.97,-3.04
Congo DR,Steve Kapuadi,DF,28.1232,1.0,90.0,90.0,50.0,1.0,1,90.0,1,0,,1,1.0,0.0,0.0,0.0,0.0,-1.0
Congo DR,Gédéon Kalulu,MF,28.7912,1.0,86.0,86.0,47.8,1.0,1,86.0,0,0,,1,1.0,0.0,0.0,0.0,0.0,-0.96
Congo DR,Nathanaël Mbuku,MF,24.2464,2.0,61.0,31.0,33.9,0.7,1,57.0,0,1,4.0,0,0.5,0.0,1.0,-1.0,-1.48,-2.99
Congo DR,Arthur Masuaku,MF,32.5996,1.0,54.0,54.0,30.0,0.6,1,54.0,0,0,,1,1.0,0.0,0.0,0.0,0.0,-0.71
Congo DR,Theo Bongonda,MF,30.564,1.0,45.0,45.0,25.0,0.5,1,45.0,0,0,,1,0.0,0.0,0.0,0.0,0.0,-0.67
Congo DR,Meschak Elia,"FW,MF",28.8542,1.0,45.0,45.0,25.0,0.5,0,,0,1,45.0,1,0.0,1.0,2.0,-1.0,-2.0,-3.33
Congo DR,Brian Cipenga,MF,28.2601,1.0,33.0,33.0,18.3,0.4,0,,0,1,33.0,1,0.0,1.0,1.0,0.0,0.0,-0.61
Congo DR,Gaël Kakuta,"FW,MF",34.9802,1.0,33.0,33.0,18.3,0.4,0,,0,1,33.0,1,0.0,1.0,1.0,0.0,0.0,-0.61
Congo DR,Simon Banza,"FW,MF",29.835,1.0,21.0,21.0,11.7,0.2,0,,0,1,21.0,1,1.0,0.0,0.0,0.0,0.0,-0.57
Congo DR,Charles Pickel,"DF,MF",29.0821,1.0,21.0,21.0,11.7,0.2,0,,0,1,21.0,1,1.0,0.0,0.0,0.0,0.0,-0.57
Congo DR,Aaron Tshibola,MF,31.4463,1.0,19.0,19.0,10.6,0.2,0,,0,1,19.0,1,0.0,1.0,1.0,0.0,0.0,-0.56
Congo DR,Dylan Batubinsika,DF,30.3258,0.0,,,,,0,,0,0,,2,,,,,,
Congo DR,Matthieu Epolo,GK,21.4107,0.0,,,,,0,,0,0,,2,,,,,,
Congo DR,Timothy Fayulu,GK,26.8898,0.0,,,,,0,,0,0,,2,,,,,,
Congo DR,Fiston Mayele,FW,31.9719,0.0,,,,,0,,0,0,,2,,,,,,
Congo DR,Cédric Bakambu,FW,34.0,1.0,120.0,120.0,100.0,1.3,1,120.0,1,0,,0,3.0,1.0,0.0,1.0,0.75,
Congo DR,Chancel Mbemba,DF,31.0,1.0,120.0,120.0,100.0,1.3,1,120.0,1,0,,0,3.0,1.0,0.0,1.0,0.75,
Congo DR,Lionel Mpasi,GK,31.0,1.0,120.0,120.0,100.0,1.3,1,120.0,1,0,,0,3.0,1.0,0.0,1.0,0.75,
Congo DR,Axel Tuanzebe,DF,28.0,1.0,120.0,120.0,100.0,1.3,1,120.0,1,0,,0,3.0,1.0,0.0,1.0,0.75,
Congo DR,Aaron Wan-Bissaka,DF,28.0,1.0,120.0,120.0,100.0,1.3,1,120.0,1,0,,0,3.0,1.0,0.0,1.0,0.75,
Congo DR,Samuel Moutoussamy,MF,29.0,1.0,119.0,119.0,99.2,1.3,1,119.0,0,0,,0,3.0,1.0,0.0,1.0,0.76,
Congo DR,Arthur Masuaku,DF,32.0,1.0,105.0,105.0,87.5,1.2,1,105.0,0,0,,0,3.0,1.0,0.0,1.0,0.86,
Congo DR,Yoane Wissa,FW,29.0,1.0,90.0,90.0,75.0,1.0,1,90.0,0,0,,0,3.0,0.0,0.0,0.0,0.0,
Congo DR,Noah Sadiki,MF,21.0,1.0,72.0,72.0,60.0,0.8,1,72.0,0,0,,0,3.0,0.0,0.0,0.0,0.0,
Congo DR,Nathanaël Mbuku,MF,23.0,1.0,66.0,66.0,55.0,0.7,1,66.0,0,0,,0,3.0,0.0,0.0,0.0,0.0,
Congo DR,Meschak Elia,MF,28.0,1.0,57.0,57.0,47.5,0.6,1,57.0,0,0,,0,3.0,0.0,0.0,0.0,0.0,
Congo DR,Theo Bongonda,"FW,MF",30.0,1.0,63.0,63.0,52.5,0.7,0,,0,1,63.0,0,3.0,1.0,0.0,1.0,1.43,
Congo DR,Edo Kayembe,MF,27.0,1.0,54.0,54.0,45.0,0.6,0,,0,1,54.0,0,3.0,1.0,0.0,1.0,1.67,
Congo DR,Ngal'Ayel Mukau,MF,21.0,1.0,48.0,48.0,40.0,0.5,0,,0,1,48.0,0,3.0,1.0,0.0,1.0,1.87,
Congo DR,Brian Cipenga,MF,27.0,1.0,30.0,30.0,25.0,0.3,0,,0,1,30.0,0,3.0,1.0,0.0,1.0,3.0,
Congo DR,Joris Kayembe,"DF,FW",31.0,1.0,15.0,15.0,12.5,0.2,0,,0,1,15.0,0,3.0,0.0,0.0,0.0,0.0,
Congo DR,Charles Pickel,"DF,MF",28.0,1.0,1.0,1.0,0.8,0.0,0,,0,1,1.0,0,3.0,0.0,0.0,0.0,0.0,
Congo DR,Simon Banza,"FW,MF",29.0,0.0,,,,,0,,0,0,,1,,,,,,
Congo DR,Rocky Bushiri,DF,26.0,0.0,,,,,0,,0,0,,1,,,,,,
Congo DR,Matthieu Epolo,GK,21.0,0.0,,,,,0,,0,0,,1,,,,,,
Congo DR,Timothy Fayulu,GK,26.0,0.0,,,,,0,,0,0,,1,,,,,,
Congo DR,Steve Kapuadi,DF,27.0,0.0,,,,,0,,0,0,,1,,,,,,
Congo DR,Fiston Mayele,FW,31.0,0.0,,,,,0,,0,0,,1,,,,,,
Congo DR,Chancel Mbemba,DF,31.8487,15.0,"1,410",94.0,100.0,15.7,15,94.0,15,0,,0,2.0,19.0,9.0,10.0,0.64,
Congo DR,Samuel Moutoussamy,MF,29.8378,14.0,"1,299",93.0,92.1,14.4,14,93.0,11,0,,1,2.14,18.0,7.0,11.0,0.76,-0.05
Congo DR,Lionel Mpasi,GK,31.8679,9.0,869,97.0,61.6,9.7,9,97.0,8,0,,4,1.89,8.0,4.0,4.0,0.41,-0.92
Congo DR,Arthur Masuaku,"DF,MF",32.5996,9.0,805,89.0,57.1,8.9,9,89.0,5,0,,3,2.0,9.0,5.0,4.0,0.45,-0.74
Congo DR,Yoane Wissa,"MF,FW",29.7775,11.0,781,71.0,55.4,8.7,11,71.0,1,0,,0,1.82,10.0,3.0,7.0,0.81,0.23
Congo DR,Axel Tuanzebe,DF,28.5804,8.0,780,98.0,55.3,8.7,8,98.0,8,0,,1,1.88,7.0,4.0,3.0,0.35,-0.94
Congo DR,Cédric Bakambu,FW,35.1752,12.0,767,64.0,54.4,8.5,9,77.0,1,3,26.0,0,1.92,13.0,7.0,6.0,0.7,-0.14
Congo DR,Aaron Wan-Bissaka,"DF,MF",28.5476,9.0,763,85.0,54.1,8.5,8,95.0,6,1,4.0,0,1.89,12.0,7.0,5.0,0.59,-0.38
Congo DR,Meschak Elia,"MF,FW",28.8542,13.0,738,57.0,52.3,8.2,8,70.0,0,5,35.0,1,2.0,8.0,8.0,0.0,0.0,-1.47
Congo DR,Edo Kayembe,"MF,FW",28.0301,13.0,733,56.0,52.0,8.1,6,83.0,4,7,33.0,2,2.08,14.0,6.0,8.0,0.98,0.45
Congo DR,Joris Kayembe,DF,31.8487,12.0,712,59.0,50.5,7.9,7,90.0,7,5,16.0,2,1.92,12.0,5.0,7.0,0.88,0.37
Congo DR,Charles Pickel,MF,29.0821,13.0,597,46.0,42.3,6.6,7,70.0,3,6,18.0,2,2.23,6.0,3.0,3.0,0.45,-0.43
Congo DR,Dimitry Bertaud,GK,28.0219,6.0,540,90.0,48.6,6.0,6,90.0,6,0,,4,2.17,11.0,5.0,6.0,1.0,0.37
Congo DR,Noah Sadiki,MF,21.4901,8.0,538,67.0,38.2,6.0,6,83.0,2,2,19.0,1,1.75,7.0,5.0,2.0,0.33,-0.59
Congo DR,Theo Bongonda,"MF,FW",30.564,10.0,526,53.0,37.3,5.8,5,72.0,1,5,33.0,3,2.2,7.0,1.0,6.0,1.03,0.42
Congo DR,Nathanaël Mbuku,"MF,FW",24.2464,9.0,484,54.0,34.3,5.4,6,75.0,0,3,12.0,0,1.89,6.0,4.0,2.0,0.37,-0.5
Congo DR,Gédéon Kalulu,DF,28.7912,6.0,428,71.0,33.2,4.8,4,89.0,3,2,36.0,6,2.17,3.0,1.0,2.0,0.42,-0.52
Congo DR,Baka Inonga,DF,31.5503,4.0,360,90.0,32.4,4.0,4,90.0,4,0,,2,1.75,4.0,2.0,2.0,0.5,-0.46
Congo DR,Dylan Batubinsika,DF,30.3258,4.0,360,90.0,27.9,4.0,4,90.0,4,0,,4,2.25,9.0,4.0,5.0,1.25,0.65
Congo DR,Ngal'Ayel Mukau,MF,21.6105,7.0,336,48.0,23.8,3.7,4,65.0,0,3,26.0,2,2.0,4.0,1.0,3.0,0.8,0.05
Congo DR,Gaël Kakuta,MF,34.9802,5.0,278,56.0,21.6,3.1,3,67.0,0,2,39.0,1,1.4,4.0,3.0,1.0,0.32,-0.57
Congo DR,Fiston Mayele,FW,31.9719,11.0,239,22.0,17.0,2.7,1,45.0,0,10,19.0,4,2.09,4.0,1.0,3.0,1.13,0.41
Congo DR,Samuel Essende,FW,28.3888,3.0,225,75.0,20.3,2.5,3,75.0,1,0,,6,2.33,3.0,1.0,2.0,0.8,-0.01
Congo DR,Rocky Bushiri,DF,26.5366,2.0,180,90.0,14.6,2.0,2,90.0,2,0,,11,3.0,2.0,0.0,2.0,1.0,0.23
Congo DR,Simon Banza,FW,29.835,3.0,168,56.0,11.9,1.9,2,74.0,0,1,21.0,6,1.33,1.0,0.0,1.0,0.54,-0.27
Congo DR,Brian Cipenga,MF,28.2601,5.0,154,31.0,10.9,1.7,0,,0,5,31.0,2,2.0,3.0,1.0,2.0,1.17,0.45
Congo DR,Aaron Tshibola,MF,31.4463,4.0,109,27.0,8.4,1.2,1,81.0,0,3,9.0,4,1.5,1.0,2.0,-1.0,-0.83,-1.74
Congo DR,Steve Kapuadi,DF,28.1232,1.0,90,90.0,6.4,1.0,1,90.0,1,0,,8,1.0,0.0,0.0,0.0,0.0,-1.0
Congo DR,Grady Diangana,MF,28.1533,3.0,90,30.0,8.1,1.0,1,45.0,0,2,23.0,3,2.0,1.0,0.0,1.0,1.0,0.21
Congo DR,Silas Katompa,MF,27.6872,3.0,80,27.0,7.2,0.9,1,56.0,0,2,12.0,1,2.0,2.0,0.0,2.0,2.25,1.55
Congo DR,Chadrac Akolo,"FW,MF",31.2026,2.0,28,14.0,2.5,0.3,0,,0,2,14.0,0,2.0,1.0,0.0,1.0,3.21,2.47
Congo DR,Jackson Muleka,"FW,MF",26.6927,1.0,27,27.0,2.4,0.3,0,,0,1,27.0,1,3.0,0.0,0.0,0.0,0.0,-0.83
Congo DR,Michel-Ange Balikwisha,"FW,MF",25.0958,1.0,15,15.0,1.4,0.2,0,,0,1,15.0,1,1.0,0.0,0.0,0.0,0.0,-0.82
Congo DR,Timothy Fayulu,GK,26.8898,1.0,1,1.0,0.1,0.0,0,,0,1,1.0,12,1.0,0.0,0.0,0.0,0.0,-0.81
Congo DR,Jeremy Ngakia,"DF,MF",25.7666,0.0,,,,,0,,0,0,,1,,,,,,
Congo DR,Baggio Siadi,GK,28.898,0.0,,,,,0,,0,0,,2,,,,,,
Congo DR,Brian Bayeye,DF,25.9555,0.0,,,,,0,,0,0,,3,,,,,,
Congo DR,Mario Stroeykens,MF,21.7064,0.0,,,,,0,,0,0,,1,,,,,,
Congo DR,Matthieu Epolo,GK,21.4107,0.0,,,,,0,,0,0,,5,,,,,,
Congo DR,Vital N'Simba,DF,32.9336,0.0,,,,,0,,0,0,,2,,,,,,
Congo DR,Esdras Kabamba,GK,26.9719,0.0,,,,,0,,0,0,,2,,,,,,
Croatia,Dominik Livaković,GK,31.4271,4.0,328.0,82.0,91.1,3.6,4,82.0,3,0,,0,1.5,5.0,6.0,-1.0,-0.27,2.54
Croatia,Ivan Perišić,MF,37.3614,4.0,248.0,62.0,68.9,2.8,4,62.0,0,0,,0,1.5,3.0,3.0,0.0,0.0,1.61
Croatia,Josip Stanišić,"MF,DF",26.1999,4.0,283.0,71.0,78.6,3.1,3,79.0,2,1,45.0,0,1.5,3.0,5.0,-2.0,-0.64,-0.64
Croatia,Luka Vušković,DF,19.3012,3.0,262.0,87.0,72.8,2.9,3,87.0,2,0,,1,1.0,2.0,4.0,-2.0,-0.69,-0.69
Croatia,Petar Sučić,MF,22.6352,4.0,257.0,64.0,71.4,2.9,3,71.0,0,1,45.0,0,1.5,4.0,4.0,0.0,0.0,1.75
Croatia,Luka Modrić,MF,40.7611,4.0,185.0,46.0,51.4,2.1,3,58.0,0,1,12.0,0,1.5,1.0,2.0,-1.0,-0.49,0.03
Croatia,Marin Pongračić,DF,28.7556,4.0,243.0,61.0,67.5,2.7,2,90.0,2,2,32.0,0,1.5,5.0,5.0,0.0,0.0,1.54
Croatia,Martin Baturina,MF,23.3231,4.0,214.0,54.0,59.4,2.4,2,70.0,0,2,38.0,0,1.5,2.0,3.0,-1.0,-0.42,0.2
Croatia,Marco Pašalić,MF,25.7474,4.0,195.0,49.0,54.2,2.2,2,71.0,0,2,27.0,0,1.5,4.0,4.0,0.0,0.0,1.09
Croatia,Josip Šutalo,DF,26.2902,3.0,169.0,56.0,46.9,1.9,2,80.0,1,1,9.0,1,1.0,2.0,5.0,-3.0,-1.6,-2.07
Croatia,Martin Erlić,DF,28.386,2.0,159.0,80.0,44.2,1.8,2,80.0,0,0,,2,3.0,3.0,1.0,2.0,1.13,2.92
Croatia,Joško Gvardiol,DF,24.3888,2.0,148.0,74.0,41.1,1.6,2,74.0,1,0,,0,1.5,2.0,2.0,0.0,0.0,0.85
Croatia,Ante Budimir,FW,34.8953,3.0,137.0,46.0,38.1,1.5,2,52.0,0,1,33.0,1,1.0,0.0,2.0,-2.0,-1.31,-1.31
Croatia,Andrej Kramarić,MF,34.9856,4.0,136.0,34.0,37.8,1.5,2,52.0,0,2,16.0,0,1.5,0.0,2.0,-2.0,-1.32,-1.32
Croatia,Mateo Kovačić,MF,32.1068,2.0,102.0,51.0,28.3,1.1,2,51.0,0,0,,0,1.5,0.0,1.0,-1.0,-0.88,-0.53
Croatia,Mario Pašalić,MF,31.3422,4.0,175.0,44.0,48.6,1.9,1,78.0,0,3,32.0,0,1.5,4.0,5.0,-1.0,-0.51,-0.03
Croatia,Nikola Moro,MF,28.2574,3.0,133.0,44.0,36.9,1.5,1,82.0,0,2,26.0,1,1.0,3.0,4.0,-1.0,-0.68,-0.28
Croatia,Petar Musa,FW,28.2793,3.0,133.0,44.0,36.9,1.5,1,57.0,0,2,38.0,1,1.0,1.0,3.0,-2.0,-1.35,-1.35
Croatia,Nikola Vlašić,MF,28.6927,3.0,106.0,35.0,29.4,1.2,1,60.0,0,2,23.0,1,2.0,3.0,3.0,0.0,0.0,0.71
Croatia,Igor Matanović,FW,23.2053,2.0,90.0,45.0,25.0,1.0,1,45.0,0,1,45.0,2,3.0,4.0,2.0,2.0,2.0,3.33
Croatia,Duje Ćaleta-Car,DF,29.7392,1.0,59.0,59.0,16.4,0.7,1,59.0,0,0,,3,0.0,0.0,1.0,-1.0,-1.53,-1.23
Croatia,Luka Sučić,"FW,MF",23.7639,3.0,89.0,30.0,24.7,1.0,0,,0,3,30.0,1,2.0,1.0,2.0,-1.0,-1.01,-0.68
Croatia,Kristijan Jakić,"DF,MF",29.0849,2.0,32.0,16.0,8.9,0.4,0,,0,2,16.0,2,1.5,0.0,1.0,-1.0,-2.81,-2.54
Croatia,Dominik Kotarski,GK,26.3395,1.0,32.0,32.0,8.9,0.4,0,,0,1,32.0,1,0.0,0.0,1.0,-1.0,-2.81,-2.54
Croatia,Lovro Majer,"FW,MF",28.4052,1.0,21.0,21.0,5.8,0.2,0,,0,1,21.0,1,0.0,1.0,2.0,-1.0,-4.29,-4.02
Croatia,Toni Fruk,"FW,MF",25.2656,2.0,16.0,8.0,4.4,0.2,0,,0,2,8.0,2,1.5,1.0,2.0,-1.0,-5.63,-5.36
Croatia,Ivan Smolčić,DF,25.8241,1.0,8.0,8.0,2.2,0.1,0,,0,1,8.0,1,0.0,1.0,2.0,-1.0,-11.25,-10.99
Croatia,Karlo Letica,GK,29.3368,0.0,,,,,0,,0,0,,2,,,,,,
Croatia,Ivor Pandur,GK,26.2218,0.0,,,,,0,,0,0,,4,,,,,,
Croatia,Dominik Livaković,GK,31.0,7.0,630.0,90.0,87.5,7.0,7,90.0,7,0,,1,2.71,23.0,4.0,19.0,2.71,-0.29
Croatia,Mario Pašalić,MF,30.0,7.0,495.0,71.0,68.8,5.5,7,71.0,2,0,,1,2.71,16.0,4.0,12.0,2.18,-1.82
Croatia,Ivan Perišić,MF,36.0,8.0,552.0,69.0,76.7,6.1,6,82.0,2,2,31.0,0,2.75,23.0,4.0,19.0,3.1,1.49
Croatia,Duje Ćaleta-Car,DF,29.0,6.0,491.0,82.0,68.2,5.5,6,82.0,4,0,,1,2.67,18.0,3.0,15.0,2.75,0.0
Croatia,Petar Sučić,MF,22.0,6.0,474.0,79.0,65.8,5.3,6,79.0,4,0,,2,2.67,13.0,2.0,11.0,2.09,-1.94
Croatia,Andrej Kramarić,MF,34.0,8.0,521.0,65.0,72.4,5.8,5,84.0,3,3,34.0,0,2.75,20.0,2.0,18.0,3.11,1.3
Croatia,Josip Šutalo,DF,25.0,5.0,405.0,81.0,56.3,4.5,4,90.0,4,1,45.0,2,2.6,14.0,3.0,11.0,2.44,-0.7
Croatia,Luka Modrić,MF,40.0,8.0,399.0,50.0,55.4,4.4,4,78.0,1,4,22.0,0,2.75,15.0,2.0,13.0,2.93,0.41
Croatia,Josip Stanišić,DF,25.0,5.0,379.0,76.0,52.6,4.2,4,84.0,3,1,45.0,0,3.0,18.0,2.0,16.0,3.8,2.22
Croatia,Kristijan Jakić,"DF,MF",28.0,5.0,360.0,72.0,50.0,4.0,4,87.0,3,1,11.0,3,2.6,8.0,2.0,6.0,1.5,-2.5
Croatia,Joško Gvardiol,DF,24.0,5.0,346.0,69.0,48.1,3.8,4,79.0,3,1,31.0,1,2.6,11.0,4.0,7.0,1.82,-1.79
Croatia,Ante Budimir,FW,34.0,5.0,260.0,52.0,36.1,2.9,4,58.0,0,1,30.0,1,2.6,10.0,1.0,9.0,3.12,0.57
Croatia,Franjo Ivanović,"FW,MF",22.0,7.0,311.0,44.0,43.2,3.5,3,61.0,0,4,32.0,1,2.71,9.0,2.0,7.0,2.03,-1.28
Croatia,Marin Pongračić,DF,28.0,4.0,284.0,71.0,39.4,3.2,3,80.0,2,1,45.0,4,3.0,11.0,0.0,11.0,3.49,1.22
Croatia,Toni Fruk,MF,24.0,5.0,252.0,50.0,35.0,2.8,2,90.0,2,3,24.0,2,2.6,7.0,0.0,7.0,2.5,-0.38
Croatia,Marco Pašalić,"MF,DF",25.0,6.0,222.0,37.0,30.8,2.5,2,76.0,1,4,18.0,2,2.67,8.0,1.0,7.0,2.84,0.13
Croatia,Lovro Majer,MF,28.0,3.0,201.0,67.0,27.9,2.2,2,90.0,2,1,21.0,2,3.0,12.0,0.0,12.0,5.37,3.64
Croatia,Martin Baturina,MF,22.0,4.0,173.0,43.0,24.0,1.9,2,66.0,0,2,21.0,2,3.0,7.0,0.0,7.0,3.64,1.17
Croatia,Nikola Moro,MF,27.0,4.0,155.0,39.0,21.5,1.7,2,68.0,1,2,10.0,4,3.0,6.0,2.0,4.0,2.32,-0.54
Croatia,Nikola Vlašić,MF,28.0,2.0,119.0,60.0,16.5,1.3,1,90.0,1,1,29.0,0,3.0,4.0,2.0,2.0,1.51,-1.48
Croatia,Luka Sučić,MF,23.0,2.0,108.0,54.0,15.0,1.2,1,63.0,0,1,45.0,0,3.0,6.0,0.0,6.0,5.0,2.65
Croatia,Petar Musa,FW,27.0,2.0,105.0,53.0,14.6,1.2,1,73.0,0,1,32.0,0,3.0,5.0,1.0,4.0,3.43,0.79
Croatia,Luka Vušković,DF,18.0,2.0,94.0,47.0,13.1,1.0,1,90.0,1,1,4.0,2,3.0,3.0,1.0,2.0,1.91,-0.96
Croatia,Domagoj Bradarić,DF,26.0,1.0,90.0,90.0,12.5,1.0,1,90.0,1,0,,0,3.0,3.0,0.0,3.0,3.0,0.29
Croatia,Martin Erlić,DF,28.0,1.0,90.0,90.0,12.5,1.0,1,90.0,1,0,,3,3.0,3.0,0.0,3.0,3.0,0.29
Croatia,Josip Juranović,DF,30.0,1.0,90.0,90.0,12.5,1.0,1,90.0,1,0,,2,3.0,7.0,0.0,7.0,7.0,4.86
Croatia,Dominik Kotarski,GK,25.0,1.0,90.0,90.0,12.5,1.0,1,90.0,1,0,,5,3.0,3.0,0.0,3.0,3.0,0.29
Croatia,Igor Matanović,FW,22.0,2.0,75.0,38.0,10.4,0.8,1,58.0,0,1,17.0,0,3.0,1.0,2.0,-1.0,-1.2,-4.41
Croatia,Mateo Kovačić,MF,31.0,1.0,68.0,68.0,9.4,0.8,1,68.0,0,0,,1,3.0,1.0,0.0,1.0,1.32,-1.58
Croatia,Borna Sosa,MF,28.0,1.0,50.0,50.0,6.9,0.6,1,50.0,0,0,,1,3.0,1.0,0.0,1.0,1.8,-1.02
Croatia,Mislav Oršić,"FW,MF",33.0,1.0,20.0,20.0,2.8,0.2,0,,0,1,20.0,1,3.0,0.0,0.0,0.0,0.0,-2.83
Croatia,Ivan Smolčić,DF,25.0,1.0,11.0,11.0,1.5,0.1,0,,0,1,11.0,3,3.0,0.0,0.0,0.0,0.0,-2.79
Croatia,Ivica Ivušić,GK,30.0,0.0,,,,,0,,0,0,,7,,,,,,
Croatia,Ivor Pandur,GK,25.0,0.0,,,,,0,,0,0,,2,,,,,,
Croatia,Dominik Livaković,GK,31.4271,11.0,958.0,87.0,88.7,10.6,11,87.0,10,0,,1,2.27,28.0,10.0,18.0,1.69,0.22
Croatia,Ivan Perišić,MF,37.3614,12.0,800.0,67.0,74.1,8.9,10,74.0,2,2,31.0,0,2.33,26.0,7.0,19.0,2.14,1.82
Croatia,Petar Sučić,MF,22.6352,10.0,731.0,73.0,67.7,8.1,9,76.0,4,1,45.0,2,2.2,17.0,6.0,11.0,1.35,-0.97
Croatia,Mario Pašalić,MF,31.3422,11.0,670.0,61.0,62.0,7.4,8,72.0,2,3,32.0,1,2.27,20.0,9.0,11.0,1.48,-0.5
Croatia,Josip Stanišić,DF,26.1999,9.0,662.0,74.0,61.3,7.4,7,82.0,5,2,45.0,0,2.33,21.0,7.0,14.0,1.9,0.61
Croatia,Andrej Kramarić,MF,34.9856,12.0,657.0,55.0,60.8,7.3,7,75.0,3,5,27.0,0,2.33,20.0,4.0,16.0,2.19,1.34
Croatia,Luka Modrić,MF,40.7611,12.0,584.0,49.0,54.1,6.5,7,69.0,1,5,20.0,0,2.33,16.0,4.0,12.0,1.85,0.4
Croatia,Josip Šutalo,DF,26.2902,8.0,574.0,72.0,53.1,6.4,6,87.0,5,2,27.0,3,2.0,16.0,8.0,8.0,1.25,-0.88
Croatia,Duje Ćaleta-Car,DF,29.7392,7.0,550.0,79.0,50.9,6.1,7,79.0,4,0,,4,2.29,18.0,4.0,14.0,2.29,1.27
Croatia,Marin Pongračić,DF,28.7556,8.0,527.0,66.0,48.8,5.9,5,84.0,4,3,36.0,4,2.25,16.0,5.0,11.0,1.88,0.41
Croatia,Joško Gvardiol,DF,24.3888,7.0,494.0,71.0,45.7,5.5,6,77.0,4,1,31.0,1,2.29,13.0,6.0,7.0,1.28,-0.72
Croatia,Marco Pašalić,"MF,DF",25.7474,10.0,417.0,42.0,38.6,4.6,4,73.0,1,6,21.0,2,2.2,12.0,5.0,7.0,1.51,-0.25
Croatia,Ante Budimir,FW,34.8953,8.0,397.0,50.0,36.8,4.4,6,56.0,0,2,32.0,2,2.0,10.0,3.0,7.0,1.59,-0.13
Croatia,Kristijan Jakić,"DF,MF",29.0849,7.0,392.0,56.0,36.3,4.4,4,87.0,3,3,14.0,5,2.29,8.0,3.0,5.0,1.15,-0.81
Croatia,Martin Baturina,MF,23.3231,8.0,387.0,48.0,35.8,4.3,4,68.0,0,4,29.0,2,2.25,9.0,3.0,6.0,1.4,-0.42
Croatia,Luka Vušković,DF,19.3012,5.0,356.0,71.0,33.0,4.0,4,88.0,3,1,4.0,3,1.8,5.0,5.0,0.0,0.0,-2.49
Croatia,Franjo Ivanović,"FW,MF",22.7009,7.0,311.0,44.0,43.2,3.5,3,61.0,0,4,32.0,1,2.71,9.0,2.0,7.0,2.03,-1.28
Croatia,Nikola Moro,MF,28.2574,7.0,288.0,41.0,26.7,3.2,3,72.0,1,4,18.0,5,2.14,9.0,6.0,3.0,0.94,-0.99
Croatia,Toni Fruk,MF,25.2656,7.0,268.0,38.0,24.8,3.0,2,90.0,2,5,18.0,4,2.29,8.0,2.0,6.0,2.01,0.46
Croatia,Martin Erlić,DF,28.386,3.0,249.0,83.0,23.1,2.8,3,83.0,1,0,,5,3.0,6.0,1.0,5.0,1.81,0.18
Croatia,Petar Musa,FW,28.2793,5.0,238.0,48.0,22.0,2.6,2,65.0,0,3,36.0,1,1.8,6.0,4.0,2.0,0.76,-1.17
Croatia,Nikola Vlašić,MF,28.6927,5.0,225.0,45.0,20.8,2.5,2,75.0,1,3,25.0,1,2.4,7.0,5.0,2.0,0.8,-1.09
Croatia,Lovro Majer,MF,28.4052,4.0,222.0,56.0,20.6,2.5,2,90.0,2,2,21.0,3,2.25,13.0,2.0,11.0,4.46,3.52
Croatia,Luka Sučić,MF,23.7639,5.0,197.0,39.0,18.2,2.2,1,63.0,0,4,34.0,1,2.4,7.0,2.0,5.0,2.28,0.76
Croatia,Mateo Kovačić,MF,32.1068,3.0,170.0,57.0,15.7,1.9,3,57.0,0,0,,1,2.0,1.0,1.0,0.0,0.0,-1.98
Croatia,Igor Matanović,FW,23.2053,4.0,165.0,41.0,15.3,1.8,2,52.0,0,2,31.0,2,3.0,5.0,4.0,1.0,0.55,-1.32
Croatia,Dominik Kotarski,GK,26.3395,2.0,122.0,61.0,11.3,1.4,1,90.0,1,1,32.0,6,1.5,3.0,1.0,2.0,1.48,-0.22
Croatia,Domagoj Bradarić,DF,26.5092,1.0,90.0,90.0,12.5,1.0,1,90.0,1,0,,0,3.0,3.0,0.0,3.0,3.0,0.29
Croatia,Josip Juranović,DF,30.8268,1.0,90.0,90.0,12.5,1.0,1,90.0,1,0,,2,3.0,7.0,0.0,7.0,7.0,4.86
Croatia,Borna Sosa,MF,28.3943,1.0,50.0,50.0,6.9,0.6,1,50.0,0,0,,1,3.0,1.0,0.0,1.0,1.8,-1.02
Croatia,Mislav Oršić,"FW,MF",33.4572,1.0,20.0,20.0,2.8,0.2,0,,0,1,20.0,1,3.0,0.0,0.0,0.0,0.0,-2.83
Croatia,Ivan Smolčić,DF,25.8241,2.0,19.0,10.0,1.8,0.2,0,,0,2,10.0,4,1.5,1.0,2.0,-1.0,-4.74,-6.52
Croatia,Ivor Pandur,GK,26.2218,0.0,,,,,0,,0,0,,6,,,,,,
Croatia,Ivica Ivušić,GK,31.3641,0.0,,,,,0,,0,0,,7,,,,,,
Croatia,Karlo Letica,GK,29.3368,0.0,,,,,0,,0,0,,2,,,,,,
Curaçao,Juriën Gaari,DF,32.4736,2.0,135.0,68.0,75.0,1.5,2,68.0,1,0,,0,1.5,1.0,4.0,-3.0,-2.0,-10.0
Curaçao,Tahith Chong,MF,26.5257,2.0,135.0,68.0,75.0,1.5,1,90.0,1,1,45.0,0,1.5,5.0,4.0,1.0,0.67,0.67
Curaçao,Deveron Fonville,DF,23.0794,2.0,135.0,68.0,75.0,1.5,1,90.0,1,1,45.0,0,1.5,5.0,4.0,1.0,0.67,0.67
Curaçao,Armando Obispo,DF,27.2765,2.0,135.0,68.0,75.0,1.5,1,90.0,1,1,45.0,0,1.5,5.0,4.0,1.0,0.67,0.67
Curaçao,Eloy Room,GK,37.3504,2.0,135.0,68.0,75.0,1.5,1,90.0,1,1,45.0,0,1.5,5.0,4.0,1.0,0.67,0.67
Curaçao,Juninho Bacuna,MF,28.8515,2.0,105.0,53.0,58.3,1.2,1,60.0,0,1,45.0,0,1.5,5.0,2.0,3.0,2.57,4.97
Curaçao,Livano Comenencia,MF,22.3587,2.0,105.0,53.0,58.3,1.2,1,60.0,0,1,45.0,0,1.5,5.0,2.0,3.0,2.57,4.97
Curaçao,Leandro Bacuna,MF,34.8131,2.0,99.0,50.0,55.0,1.1,1,54.0,0,1,45.0,0,1.5,5.0,1.0,4.0,3.64,6.97
Curaçao,Riechedly Bazoer,DF,29.6708,2.0,90.0,45.0,50.0,1.0,1,45.0,0,1,45.0,0,1.5,5.0,1.0,4.0,4.0,7.0
Curaçao,Sherel Floranus,DF,27.8077,1.0,90.0,90.0,50.0,1.0,1,90.0,1,0,,1,0.0,1.0,4.0,-3.0,-3.0,-7.0
Curaçao,Gervane Kastaneer,FW,30.0137,2.0,90.0,45.0,50.0,1.0,1,45.0,0,1,45.0,0,1.5,0.0,3.0,-3.0,-3.0,-7.0
Curaçao,Godfried Roemeratoe,MF,26.8186,2.0,81.0,41.0,45.0,0.9,1,45.0,0,1,36.0,0,1.5,0.0,3.0,-3.0,-3.33,-6.97
Curaçao,Joshua Brenet,DF,32.2355,1.0,61.0,61.0,33.9,0.7,1,61.0,0,0,,1,3.0,1.0,0.0,1.0,1.48,1.48
Curaçao,Trevor Doornbusch,GK,26.9391,1.0,45.0,45.0,25.0,0.5,1,45.0,0,0,,1,3.0,0.0,0.0,0.0,0.0,-0.67
Curaçao,Roshon van Eijma,DF,28.0137,1.0,45.0,45.0,25.0,0.5,1,45.0,0,0,,1,3.0,0.0,0.0,0.0,0.0,-0.67
Curaçao,Kenji Gorré,MF,31.7064,1.0,45.0,45.0,25.0,0.5,1,45.0,0,0,,1,3.0,0.0,0.0,0.0,0.0,-0.67
Curaçao,Brandley Kuwas,FW,33.7337,1.0,45.0,45.0,25.0,0.5,1,45.0,0,0,,1,3.0,0.0,0.0,0.0,0.0,-0.67
Curaçao,Jearl Margaritha,MF,26.178,1.0,45.0,45.0,25.0,0.5,1,45.0,0,0,,1,3.0,0.0,0.0,0.0,0.0,-0.67
Curaçao,Ar'jany Martha,MF,22.7748,1.0,45.0,45.0,25.0,0.5,1,45.0,0,0,,1,3.0,0.0,0.0,0.0,0.0,-0.67
Curaçao,Shurandy Sambo,DF,24.8186,1.0,45.0,45.0,25.0,0.5,1,45.0,0,0,,1,3.0,0.0,0.0,0.0,0.0,-0.67
Curaçao,Jürgen Locadia,FW,32.5996,1.0,37.0,37.0,20.6,0.4,1,37.0,0,0,,0,0.0,1.0,0.0,1.0,2.43,2.43
Curaçao,Jeremy Antonisse,"FW,MF",24.2108,2.0,75.0,38.0,41.7,0.8,0,,0,2,38.0,0,1.5,4.0,2.0,2.0,2.4,3.26
Curaçao,Tyrese Noslin,MF,23.7556,2.0,59.0,30.0,32.8,0.7,0,,0,2,30.0,0,1.5,3.0,2.0,1.0,1.53,1.53
Curaçao,Sontje Hansen,"FW,MF",24.0739,1.0,45.0,45.0,25.0,0.5,0,,0,1,45.0,1,3.0,4.0,0.0,4.0,8.0,10.0
Curaçao,Tyrick Bodak,GK,24.0821,0.0,,,,,0,,0,0,,2,,,,,,
Curaçao,Kevin Felida,MF,26.5886,0.0,,,,,0,,0,0,,2,,,,,,
Curaçao,Eloy Room,GK,36.0,10.0,900.0,90.0,100.0,10.0,10,90.0,10,0,,0,2.4,28.0,5.0,23.0,2.3,
Curaçao,Juninho Bacuna,"MF,FW",28.0,10.0,827.0,83.0,91.9,9.2,10,83.0,5,0,,0,2.4,21.0,4.0,17.0,1.85,-5.55
Curaçao,Sherel Floranus,"DF,MF",27.0,9.0,798.0,89.0,88.7,8.9,9,89.0,8,0,,0,2.33,24.0,4.0,20.0,2.26,-0.39
Curaçao,Leandro Bacuna,MF,34.0,9.0,784.0,87.0,87.1,8.7,9,87.0,8,0,,0,2.33,22.0,4.0,18.0,2.07,-1.81
Curaçao,Juriën Gaari,DF,32.0,9.0,642.0,71.0,71.3,7.1,7,89.0,6,2,11.0,0,2.33,18.0,3.0,15.0,2.1,-0.69
Curaçao,Kenji Gorré,"FW,MF",31.0,8.0,630.0,79.0,70.0,7.0,7,84.0,3,1,45.0,0,2.5,22.0,3.0,19.0,2.71,1.38
Curaçao,Livano Comenencia,MF,21.0,8.0,527.0,66.0,58.6,5.9,7,75.0,1,1,3.0,0,2.25,15.0,2.0,13.0,2.22,-0.19
Curaçao,Roshon van Eijma,DF,27.0,7.0,541.0,77.0,60.1,6.0,6,90.0,6,1,1.0,1,2.43,19.0,3.0,16.0,2.66,0.91
Curaçao,Shurandy Sambo,"DF,MF",24.0,6.0,540.0,90.0,60.0,6.0,6,90.0,6,0,,0,2.0,13.0,3.0,10.0,1.67,-1.58
Curaçao,Jearl Margaritha,"FW,MF",25.0,8.0,511.0,64.0,56.8,5.7,6,70.0,1,2,45.0,2,2.5,15.0,5.0,10.0,1.76,-1.25
Curaçao,Joshua Brenet,"DF,MF",31.0,6.0,468.0,78.0,52.0,5.2,5,90.0,5,1,18.0,2,3.0,19.0,2.0,17.0,3.27,2.02
Curaçao,Armando Obispo,DF,26.0,4.0,342.0,86.0,38.0,3.8,4,86.0,3,0,,0,2.0,8.0,1.0,7.0,1.84,-0.74
Curaçao,Gervane Kastaneer,FW,29.0,6.0,224.0,37.0,24.9,2.5,4,53.0,0,2,7.0,2,2.67,10.0,1.0,9.0,3.62,1.75
Curaçao,Jürgen Locadia,FW,32.0,7.0,398.0,57.0,44.2,4.4,3,85.0,0,4,36.0,1,2.14,9.0,4.0,5.0,1.13,-2.1
Curaçao,Jeremy Antonisse,FW,23.0,7.0,286.0,41.0,31.8,3.2,3,69.0,0,4,20.0,1,2.14,8.0,2.0,6.0,1.89,-0.6
Curaçao,Sontje Hansen,FW,23.0,3.0,215.0,72.0,23.9,2.4,3,72.0,1,0,,1,2.33,8.0,0.0,8.0,3.35,1.38
Curaçao,Godfried Roemeratoe,MF,26.0,8.0,217.0,27.0,24.1,2.4,2,68.0,1,6,14.0,1,2.33,8.0,1.0,7.0,2.9,0.79
Curaçao,Rangelo Janga,FW,33.0,2.0,155.0,78.0,17.2,1.7,2,78.0,0,0,,2,3.0,4.0,0.0,4.0,2.32,0.03
Curaçao,Riechedly Bazoer,DF,29.0,2.0,143.0,72.0,15.9,1.6,2,72.0,0,0,,2,2.0,3.0,2.0,1.0,0.63,-1.99
Curaçao,Tahith Chong,MF,26.0,2.0,116.0,58.0,12.9,1.3,1,87.0,0,1,29.0,0,2.0,3.0,2.0,1.0,0.78,-1.75
Curaçao,Cuco Martina,DF,36.0,3.0,112.0,37.0,12.4,1.2,1,90.0,1,2,11.0,1,3.0,4.0,1.0,3.0,2.41,0.13
Curaçao,Nathan Markelo,DF,27.0,1.0,90.0,90.0,10.0,1.0,1,90.0,1,0,,1,3.0,4.0,1.0,3.0,3.0,0.78
Curaçao,Brandley Kuwas,MF,33.0,3.0,62.0,21.0,6.9,0.7,1,45.0,0,2,9.0,1,3.0,2.0,0.0,2.0,2.9,0.65
Curaçao,Xander Severina,FW,24.0,2.0,51.0,26.0,5.7,0.6,1,45.0,0,1,6.0,0,3.0,2.0,0.0,2.0,3.53,1.3
Curaçao,Kevin Felida,MF,26.0,3.0,75.0,25.0,8.3,0.8,0,,0,3,25.0,7,3.0,6.0,1.0,5.0,6.0,4.04
Curaçao,Tyrese Noslin,MF,23.0,3.0,65.0,22.0,7.2,0.7,0,,0,3,22.0,3,2.33,2.0,0.0,2.0,2.77,0.51
Curaçao,Rayvien Rosario,MF,21.0,2.0,57.0,29.0,6.3,0.6,0,,0,2,29.0,1,3.0,4.0,1.0,3.0,4.74,2.6
Curaçao,Ar'jany Martha,"DF,FW",22.0,2.0,51.0,26.0,5.7,0.6,0,,0,2,26.0,6,2.0,2.0,0.0,2.0,3.53,1.3
Curaçao,Jordi Paulina,FW,21.0,2.0,46.0,23.0,5.1,0.5,0,,0,2,23.0,0,2.0,5.0,0.0,5.0,9.78,7.89
Curaçao,Joshua Zimmerman,MF,24.0,2.0,27.0,14.0,3.0,0.3,0,,0,2,14.0,2,3.0,0.0,0.0,0.0,0.0,-2.37
Curaçao,Vurnon Anita,"DF,MF",36.0,0.0,,,,,0,,0,0,,2,,,,,,
Curaçao,Tyrick Bodak,GK,23.0,0.0,,,,,0,,0,0,,6,,,,,,
Curaçao,Jayden Candelaria,DF,21.0,0.0,,,,,0,,0,0,,1,,,,,,
Curaçao,Shanon Carmelia,"DF,MF",36.0,0.0,,,,,0,,0,0,,2,,,,,,
Curaçao,Jurich Carolina,DF,27.0,0.0,,,,,0,,0,0,,2,,,,,,
Curaçao,Trevor Doornbusch,GK,26.0,0.0,,,,,0,,0,0,,8,,,,,,
Curaçao,Nino Fancito,GK,21.0,0.0,,,,,0,,0,0,,2,,,,,,
Curaçao,Deveron Fonville,DF,22.0,0.0,,,,,0,,0,0,,1,,,,,,
Curaçao,Tyrique Mercera,DF,22.0,0.0,,,,,0,,0,0,,2,,,,,,
Curaçao,Leandro Merencia,GK,20.0,0.0,,,,,0,,0,0,,4,,,,,,
Curaçao,Justin Ogenia,"DF,MF",26.0,0.0,,,,,0,,0,0,,2,,,,,,
Curaçao,Eloy Room,GK,37.3504,12.0,"1,035",86.0,95.8,11.5,11,90.0,11,1,45.0,0,2.25,33.0,9.0,24.0,2.09,2.09
Curaçao,Juninho Bacuna,"MF,FW",28.8515,12.0,932,78.0,86.3,10.4,11,81.0,5,1,45.0,0,2.25,26.0,6.0,20.0,1.93,-0.5
Curaçao,Sherel Floranus,"DF,MF",27.8077,10.0,888,89.0,82.2,9.9,10,89.0,9,0,,1,2.1,25.0,8.0,17.0,1.72,-1.56
Curaçao,Leandro Bacuna,MF,34.8131,11.0,883,80.0,81.8,9.8,10,84.0,8,1,45.0,0,2.18,27.0,5.0,22.0,2.24,1.33
Curaçao,Juriën Gaari,DF,32.4736,11.0,777,71.0,71.9,8.6,9,84.0,7,2,11.0,0,2.18,19.0,7.0,12.0,1.39,-2.17
Curaçao,Kenji Gorré,"FW,MF",31.7064,9.0,675,75.0,62.5,7.5,8,79.0,3,1,45.0,1,2.56,22.0,3.0,19.0,2.53,1.42
Curaçao,Livano Comenencia,MF,22.3587,10.0,632,63.0,58.5,7.0,8,73.0,1,2,24.0,0,2.1,20.0,4.0,16.0,2.28,0.67
Curaçao,Roshon van Eijma,DF,28.0137,8.0,586,73.0,54.3,6.5,7,84.0,6,1,1.0,2,2.5,19.0,3.0,16.0,2.46,1.0
Curaçao,Shurandy Sambo,"DF,MF",24.8186,7.0,585,84.0,54.2,6.5,7,84.0,6,0,,1,2.14,13.0,3.0,10.0,1.54,-1.01
Curaçao,Jearl Margaritha,"FW,MF",26.178,9.0,556,62.0,51.5,6.2,7,67.0,1,2,45.0,3,2.56,15.0,5.0,10.0,1.62,-0.79
Curaçao,Joshua Brenet,"DF,MF",32.2355,7.0,529,76.0,49.0,5.9,6,85.0,5,1,18.0,3,3.0,20.0,2.0,18.0,3.06,2.08
Curaçao,Armando Obispo,DF,27.2765,6.0,477,80.0,44.2,5.3,5,86.0,4,1,45.0,0,1.83,13.0,5.0,8.0,1.51,-0.88
Curaçao,Jürgen Locadia,FW,32.5996,8.0,435,54.0,40.3,4.8,4,73.0,0,4,36.0,1,1.87,10.0,4.0,6.0,1.24,-1.27
Curaçao,Jeremy Antonisse,FW,24.2108,9.0,361,40.0,33.4,4.0,3,69.0,0,6,26.0,1,2.0,12.0,4.0,8.0,1.99,-0.01
Curaçao,Gervane Kastaneer,FW,30.0137,8.0,314,39.0,29.1,3.5,5,51.0,0,3,20.0,2,2.38,10.0,4.0,6.0,1.72,-0.4
Curaçao,Godfried Roemeratoe,MF,26.8186,10.0,298,30.0,27.6,3.3,3,60.0,1,7,17.0,1,2.16,8.0,4.0,4.0,1.21,-1.09
Curaçao,Sontje Hansen,FW,24.0739,4.0,260,65.0,24.1,2.9,3,72.0,1,1,45.0,2,2.5,12.0,0.0,12.0,4.15,2.84
Curaçao,Tahith Chong,MF,26.5257,4.0,251,63.0,23.2,2.8,2,89.0,1,2,37.0,0,1.75,8.0,6.0,2.0,0.72,-1.67
Curaçao,Riechedly Bazoer,DF,29.6708,4.0,233,58.0,21.6,2.6,3,63.0,0,1,45.0,2,1.75,8.0,3.0,5.0,1.93,-0.09
Curaçao,Rangelo Janga,FW,34.1615,2.0,155,78.0,17.2,1.7,2,78.0,0,0,,2,3.0,4.0,0.0,4.0,2.32,0.03
Curaçao,Deveron Fonville,DF,23.0794,2.0,135,68.0,12.5,1.5,1,90.0,1,1,45.0,1,1.5,5.0,4.0,1.0,0.67,0.67
Curaçao,Tyrese Noslin,MF,23.7556,5.0,124,25.0,11.5,1.4,0,,0,5,25.0,3,2.0,5.0,2.0,3.0,2.18,0.2
Curaçao,Cuco Martina,DF,36.7173,3.0,112,37.0,12.4,1.2,1,90.0,1,2,11.0,1,3.0,4.0,1.0,3.0,2.41,0.13
Curaçao,Brandley Kuwas,MF,33.7337,4.0,107,27.0,9.9,1.2,2,45.0,0,2,9.0,2,3.0,2.0,0.0,2.0,1.68,-0.35
Curaçao,Ar'jany Martha,"DF,FW",22.7748,3.0,96,32.0,8.9,1.1,1,45.0,0,2,26.0,7,2.33,2.0,0.0,2.0,1.87,-0.14
Curaçao,Nathan Markelo,DF,27.4326,1.0,90,90.0,10.0,1.0,1,90.0,1,0,,1,3.0,4.0,1.0,3.0,3.0,0.78
Curaçao,Kevin Felida,MF,26.5886,3.0,75,25.0,6.9,0.8,0,,0,3,25.0,9,3.0,6.0,1.0,5.0,6.0,4.04
Curaçao,Rayvien Rosario,MF,22.1752,2.0,57,29.0,6.3,0.6,0,,0,2,29.0,1,3.0,4.0,1.0,3.0,4.74,2.6
Curaçao,Xander Severina,FW,25.1725,2.0,51,26.0,5.7,0.6,1,45.0,0,1,6.0,0,3.0,2.0,0.0,2.0,3.53,1.3
Curaçao,Jordi Paulina,FW,21.7228,2.0,46,23.0,5.1,0.5,0,,0,2,23.0,0,2.0,5.0,0.0,5.0,9.78,7.89
Curaçao,Trevor Doornbusch,GK,26.9391,1.0,45,45.0,4.2,0.5,1,45.0,0,0,,9,3.0,0.0,0.0,0.0,0.0,-0.67
Curaçao,Joshua Zimmerman,MF,25.0602,2.0,27,14.0,3.0,0.3,0,,0,2,14.0,2,3.0,0.0,0.0,0.0,0.0,-2.37
Curaçao,Tyrick Bodak,GK,24.0821,0.0,,,,,0,,0,0,,8,,,,,,
Curaçao,Justin Ogenia,"DF,MF",27.3532,0.0,,,,,0,,0,0,,2,,,,,,
Curaçao,Vurnon Anita,"DF,MF",37.1944,0.0,,,,,0,,0,0,,2,,,,,,
Curaçao,Nino Fancito,GK,21.7036,0.0,,,,,0,,0,0,,2,,,,,,
Curaçao,Jurich Carolina,DF,27.9144,0.0,,,,,0,,0,0,,2,,,,,,
Curaçao,Shanon Carmelia,"DF,MF",37.2355,0.0,,,,,0,,0,0,,2,,,,,,
Curaçao,Jayden Candelaria,DF,22.2847,0.0,,,,,0,,0,0,,1,,,,,,
Curaçao,Tyrique Mercera,DF,22.4846,0.0,,,,,0,,0,0,,2,,,,,,
Curaçao,Leandro Merencia,GK,20.9528,0.0,,,,,0,,0,0,,4,,,,,,
Czechia,Štěpán Chaloupek,DF,23.2683,1.0,90.0,90.0,100.0,1.0,1,90.0,1,0,,0,0.0,1.0,2.0,-1.0,-1.0,
Czechia,Vladimír Coufal,MF,33.8104,1.0,90.0,90.0,100.0,1.0,1,90.0,1,0,,0,0.0,1.0,2.0,-1.0,-1.0,
Czechia,Robin Hranáč,DF,26.3723,1.0,90.0,90.0,100.0,1.0,1,90.0,1,0,,0,0.0,1.0,2.0,-1.0,-1.0,
Czechia,Matej Kovar,GK,26.0767,1.0,90.0,90.0,100.0,1.0,1,90.0,1,0,,0,0.0,1.0,2.0,-1.0,-1.0,
Czechia,Ladislav Krejčí,DF,27.1506,1.0,90.0,90.0,100.0,1.0,1,90.0,1,0,,0,0.0,1.0,2.0,-1.0,-1.0,
Czechia,Tomáš Souček,MF,31.293,1.0,90.0,90.0,100.0,1.0,1,90.0,1,0,,0,0.0,1.0,2.0,-1.0,-1.0,
Czechia,Jaroslav Zelený,MF,33.8159,1.0,90.0,90.0,100.0,1.0,1,90.0,1,0,,0,0.0,1.0,2.0,-1.0,-1.0,
Czechia,Alexandr Sojka,MF,23.1999,1.0,83.0,83.0,92.2,0.9,1,83.0,0,0,,0,0.0,1.0,2.0,-1.0,-1.08,-1.08
Czechia,Lukáš Provod,FW,29.6407,1.0,63.0,63.0,70.0,0.7,1,63.0,0,0,,0,0.0,1.0,0.0,1.0,1.43,8.1
Czechia,Patrik Schick,FW,30.386,1.0,63.0,63.0,70.0,0.7,1,63.0,0,0,,0,0.0,1.0,0.0,1.0,1.43,8.1
Czechia,Pavel Šulc,FW,25.4572,1.0,63.0,63.0,70.0,0.7,1,63.0,0,0,,0,0.0,1.0,0.0,1.0,1.43,8.1
Czechia,Tomáš Chorý,FW,31.3806,1.0,27.0,27.0,30.0,0.3,0,,0,1,27.0,0,0.0,0.0,2.0,-2.0,-6.67,-8.1
Czechia,Adam Hložek,"FW,MF",23.8871,1.0,27.0,27.0,30.0,0.3,0,,0,1,27.0,0,0.0,0.0,2.0,-2.0,-6.67,-8.1
Czechia,Michal Sadílek,"DF,FW",27.0383,1.0,27.0,27.0,30.0,0.3,0,,0,1,27.0,0,0.0,0.0,2.0,-2.0,-6.67,-8.1
Czechia,Mojmír Chytil,FW,27.1259,1.0,7.0,7.0,7.8,0.1,0,,0,1,7.0,0,0.0,0.0,0.0,0.0,0.0,1.08
Czechia,Lukáš Červ,MF,25.178,0.0,,,,,0,,0,0,,1,,,,,,
Czechia,Vladimír Darida,MF,35.8487,0.0,,,,,0,,0,0,,1,,,,,,
Czechia,David Doudera,"DF,MF",28.0383,0.0,,,,,0,,0,0,,1,,,,,,
Czechia,Tomáš Holeš,"DF,MF",33.2053,0.0,,,,,0,,0,0,,1,,,,,,
Czechia,Lukáš Horníček,GK,23.9199,0.0,,,,,0,,0,0,,1,,,,,,
Czechia,David Jurásek,"DF,MF",25.8515,0.0,,,,,0,,0,0,,1,,,,,,
Czechia,Jan Kuchta,FW,29.4298,0.0,,,,,0,,0,0,,1,,,,,,
Czechia,Hugo Sochůrek,MF,18.0192,0.0,,,,,0,,0,0,,1,,,,,,
Czechia,Jindřich Staněk,GK,30.1314,0.0,,,,,0,,0,0,,1,,,,,,
Czechia,Denis Višinský,"FW,MF",23.2327,0.0,,,,,0,,0,0,,1,,,,,,
Czechia,David Zima,DF,25.5969,0.0,,,,,0,,0,0,,1,,,,,,
Czechia,Robin Hranáč,DF,26.3723,2.0,151.0,76.0,83.9,1.7,2,76.0,1,0,,0,3.0,3.0,2.0,1.0,0.6,-5.61
Czechia,Štěpán Chaloupek,DF,23.2683,2.0,118.0,59.0,65.6,1.3,2,59.0,0,0,,0,3.0,3.0,1.0,2.0,1.53,0.07
Czechia,Ladislav Krejčí,DF,27.1506,2.0,90.0,45.0,50.0,1.0,2,45.0,0,0,,0,3.0,3.0,1.0,2.0,2.0,1.0
Czechia,Alexandr Sojka,MF,23.1999,2.0,118.0,59.0,65.6,1.3,1,90.0,1,1,28.0,0,3.0,4.0,1.0,3.0,2.29,2.29
Czechia,David Jurásek,MF,25.8515,2.0,107.0,54.0,59.4,1.2,1,62.0,0,1,45.0,0,3.0,1.0,2.0,-1.0,-0.84,-5.77
Czechia,Adam Hložek,MF,23.8871,2.0,90.0,45.0,50.0,1.0,1,45.0,0,1,45.0,0,3.0,4.0,0.0,4.0,4.0,5.0
Czechia,Lukáš Horníček,GK,23.9199,1.0,90.0,90.0,50.0,1.0,1,90.0,1,0,,1,3.0,2.0,1.0,1.0,1.0,-1.0
Czechia,Matej Kovar,GK,26.0767,1.0,90.0,90.0,50.0,1.0,1,90.0,1,0,,1,3.0,3.0,1.0,2.0,2.0,1.0
Czechia,Michal Sadílek,MF,27.0383,2.0,90.0,45.0,50.0,1.0,1,45.0,0,1,45.0,0,3.0,1.0,2.0,-1.0,-1.0,-5.0
Czechia,Lukáš Červ,MF,25.178,2.0,74.0,37.0,41.1,0.8,1,45.0,0,1,29.0,0,3.0,4.0,0.0,4.0,4.86,5.71
Czechia,David Doudera,MF,28.0383,2.0,73.0,37.0,40.6,0.8,1,45.0,0,1,28.0,0,3.0,4.0,0.0,4.0,4.93,5.77
Czechia,Vladimír Coufal,MF,33.8104,1.0,62.0,62.0,34.4,0.7,1,62.0,0,0,,0,3.0,1.0,1.0,0.0,0.0,-2.29
Czechia,Lukáš Provod,MF,29.6407,1.0,62.0,62.0,34.4,0.7,1,62.0,0,0,,0,3.0,1.0,1.0,0.0,0.0,-2.29
Czechia,Patrik Schick,FW,30.386,1.0,62.0,62.0,34.4,0.7,1,62.0,0,0,,0,3.0,1.0,1.0,0.0,0.0,-2.29
Czechia,Tomáš Souček,MF,31.293,1.0,61.0,61.0,33.9,0.7,1,61.0,0,0,,0,3.0,1.0,1.0,0.0,0.0,-2.27
Czechia,Pavel Bucha,MF,28.2601,1.0,45.0,45.0,25.0,0.5,1,45.0,0,0,,0,3.0,2.0,0.0,2.0,4.0,3.33
Czechia,Tomáš Ladra,MF,29.1396,1.0,45.0,45.0,25.0,0.5,1,45.0,0,0,,0,3.0,2.0,0.0,2.0,4.0,3.33
Czechia,Pavel Šulc,MF,25.4572,1.0,45.0,45.0,25.0,0.5,1,45.0,0,0,,0,3.0,1.0,1.0,0.0,0.0,-2.0
Czechia,Jan Kuchta,FW,29.4298,1.0,21.0,21.0,11.7,0.2,1,21.0,0,0,,1,3.0,1.0,0.0,1.0,4.29,3.15
Czechia,Tomáš Holeš,"DF,MF",33.2053,2.0,90.0,45.0,50.0,1.0,0,,0,2,45.0,0,3.0,2.0,1.0,1.0,1.0,-1.0
Czechia,Denis Višinský,"FW,MF",23.2327,2.0,73.0,37.0,40.6,0.8,0,,0,2,37.0,0,3.0,2.0,1.0,1.0,1.23,-0.45
Czechia,Mojmír Chytil,FW,27.1259,1.0,69.0,69.0,38.3,0.8,0,,0,1,69.0,1,3.0,1.0,1.0,0.0,0.0,-2.43
Czechia,Jaroslav Zelený,"DF,MF",33.8159,2.0,62.0,31.0,34.4,0.7,0,,0,2,31.0,0,3.0,2.0,1.0,1.0,1.45,-0.07
Czechia,Vladimír Darida,MF,35.8487,1.0,45.0,45.0,25.0,0.5,0,,0,1,45.0,0,3.0,2.0,0.0,2.0,4.0,3.33
Czechia,Christophe Kabongo,MF,22.7967,1.0,45.0,45.0,25.0,0.5,0,,0,1,45.0,0,3.0,0.0,1.0,-1.0,-2.0,-4.67
Czechia,Hugo Sochůrek,MF,18.0192,1.0,45.0,45.0,25.0,0.5,0,,0,1,45.0,1,3.0,0.0,1.0,-1.0,-2.0,-4.67
Czechia,David Zima,DF,25.5969,1.0,29.0,29.0,16.1,0.3,0,,0,1,29.0,0,3.0,2.0,0.0,2.0,6.21,5.61
Czechia,Tomáš Chorý,FW,31.3806,1.0,28.0,28.0,15.6,0.3,0,,0,1,28.0,0,3.0,2.0,0.0,2.0,6.43,5.84
Czechia,Jindřich Staněk,GK,30.1314,0.0,,,,,0,,0,0,,2,,,,,,
Czechia,Tomáš Souček,MF,30.0,10.0,892.0,89.0,92.9,9.9,9,91.0,8,1,75.0,0,1.8,21.0,10.0,11.0,1.11,2.43
Czechia,Matej Kovar,GK,25.0,9.0,870.0,97.0,90.6,9.7,9,97.0,9,0,,1,1.67,20.0,12.0,8.0,0.83,-1.17
Czechia,Ladislav Krejčí,DF,26.0,9.0,870.0,97.0,90.6,9.7,9,97.0,9,0,,0,1.67,16.0,12.0,4.0,0.41,-5.59
Czechia,Vladimír Coufal,"DF,MF",33.0,9.0,820.0,91.0,85.4,9.1,9,91.0,7,0,,0,1.67,18.0,11.0,7.0,0.77,-1.16
Czechia,Pavel Šulc,"MF,FW",25.0,9.0,764.0,85.0,79.6,8.5,9,85.0,1,0,,0,1.67,12.0,10.0,2.0,0.24,-3.44
Czechia,Jaroslav Zelený,"DF,MF",33.0,8.0,682.0,85.0,71.0,7.6,8,85.0,6,0,,1,2.13,16.0,8.0,8.0,1.06,0.41
Czechia,Patrik Schick,"FW,MF",30.0,8.0,670.0,84.0,69.8,7.4,8,84.0,2,0,,0,2.13,17.0,9.0,8.0,1.07,0.45
Czechia,Lukáš Provod,MF,29.0,9.0,644.0,72.0,67.1,7.2,6,88.0,3,3,38.0,0,1.67,13.0,9.0,4.0,0.56,-1.15
Czechia,Lukáš Červ,MF,24.0,8.0,493.0,62.0,51.4,5.5,6,67.0,1,2,47.0,2,2.13,6.0,2.0,4.0,0.73,-0.43
Czechia,Václav Černý,"MF,FW",28.0,7.0,443.0,63.0,46.1,4.9,5,77.0,0,2,30.0,0,1.86,9.0,4.0,5.0,1.02,0.15
Czechia,Tomáš Holeš,DF,32.0,5.0,337.0,67.0,35.1,3.7,5,67.0,3,0,,1,2.0,6.0,7.0,-1.0,-0.27,-1.86
Czechia,Tomáš Chorý,FW,31.0,9.0,432.0,48.0,45.0,4.8,4,77.0,2,5,25.0,1,1.67,12.0,6.0,6.0,1.25,0.57
Czechia,Robin Hranáč,DF,26.0,4.0,372.0,93.0,38.8,4.1,3,110.0,3,1,42.0,1,2.0,11.0,4.0,7.0,1.69,1.23
Czechia,Vasil Kušej,MF,25.0,5.0,190.0,38.0,19.8,2.1,3,50.0,0,2,20.0,1,1.4,1.0,3.0,-2.0,-0.95,-2.35
Czechia,David Jurásek,"MF,DF",25.0,3.0,216.0,72.0,22.5,2.4,2,86.0,1,1,45.0,5,2.33,10.0,2.0,8.0,3.33,3.09
Czechia,Martin Vitík,DF,23.0,2.0,180.0,90.0,18.8,2.0,2,90.0,2,0,,4,0.5,1.0,2.0,-1.0,-0.5,-1.77
Czechia,David Doudera,"MF,DF",27.0,4.0,153.0,38.0,15.9,1.7,2,69.0,1,2,8.0,2,2.25,8.0,1.0,7.0,4.12,3.78
Czechia,Vladimír Darida,MF,35.0,2.0,104.0,52.0,10.8,1.2,2,52.0,0,0,,0,1.0,2.0,2.0,0.0,0.0,-1.05
Czechia,Štěpán Chaloupek,DF,22.0,3.0,218.0,73.0,22.7,2.4,1,120.0,1,2,49.0,0,1.67,3.0,2.0,1.0,0.41,-0.68
Czechia,Michal Sadílek,MF,26.0,7.0,203.0,29.0,21.1,2.3,1,76.0,0,6,21.0,3,2.0,5.0,5.0,0.0,0.0,-1.19
Czechia,Adam Karabec,MF,22.0,3.0,173.0,58.0,18.0,1.9,1,90.0,1,2,42.0,2,1.33,8.0,2.0,6.0,3.12,2.66
Czechia,David Zima,DF,25.0,2.0,158.0,79.0,16.5,1.8,1,90.0,1,1,68.0,3,3.0,6.0,1.0,5.0,2.85,2.29
Czechia,Václav Jemelka,DF,30.0,1.0,90.0,90.0,9.4,1.0,1,90.0,1,0,,6,0.0,1.0,2.0,-1.0,-1.0,-2.14
Czechia,Jindřich Staněk,GK,29.0,1.0,90.0,90.0,9.4,1.0,1,90.0,1,0,,4,3.0,2.0,0.0,2.0,2.0,1.17
Czechia,Michal Beran,MF,25.0,2.0,88.0,44.0,9.2,1.0,1,57.0,0,1,31.0,2,1.5,7.0,2.0,5.0,5.11,4.6
Czechia,Matěj Vydra,FW,33.0,2.0,74.0,37.0,7.7,0.8,1,45.0,0,1,29.0,0,0.5,0.0,0.0,0.0,0.0,-1.02
Czechia,Adam Hložek,MF,23.0,1.0,27.0,27.0,2.8,0.3,1,27.0,0,0,,0,3.0,1.0,0.0,1.0,3.33,2.47
Czechia,Mojmír Chytil,FW,26.0,3.0,104.0,35.0,10.8,1.2,0,,0,3,35.0,0,1.67,2.0,2.0,0.0,0.0,-1.05
Czechia,Alex Král,MF,27.0,4.0,73.0,18.0,7.6,0.8,0,,0,4,18.0,3,2.25,3.0,1.0,2.0,2.47,1.65
Czechia,Jan Kliment,"FW,MF",32.0,2.0,46.0,23.0,4.8,0.5,0,,0,2,23.0,2,2.0,2.0,0.0,2.0,3.91,3.13
Czechia,Kryštof Daněk,MF,23.0,1.0,34.0,34.0,3.5,0.4,0,,0,1,34.0,0,3.0,0.0,0.0,0.0,0.0,-0.97
Czechia,Jan Kuchta,FW,29.0,2.0,19.0,10.0,2.0,0.2,0,,0,2,10.0,1,3.0,2.0,0.0,2.0,9.47,8.71
Czechia,Ondřej Lingr,"FW,MF",27.0,1.0,15.0,15.0,1.6,0.2,0,,0,1,15.0,1,1.0,0.0,0.0,0.0,0.0,-0.95
Czechia,Matej Sin,MF,21.0,1.0,12.0,12.0,1.3,0.1,0,,0,1,12.0,0,3.0,1.0,1.0,0.0,0.0,-0.95
Czechia,Jan Chramosta,FW,35.0,1.0,4.0,4.0,0.4,0.0,0,,0,1,4.0,0,0.0,0.0,0.0,0.0,0.0,-0.94
Czechia,Jan Bořil,DF,35.0,0.0,,,,,0,,0,0,,2,,,,,,
Czechia,Jiří Boula,MF,26.0,0.0,,,,,0,,0,0,,1,,,,,,
Czechia,Patrik Hellebrand,MF,26.0,0.0,,,,,0,,0,0,,1,,,,,,
Czechia,Lukáš Horníček,GK,23.0,0.0,,,,,0,,0,0,,4,,,,,,
Czechia,Vitezslav Jaros,GK,24.0,0.0,,,,,0,,0,0,,1,,,,,,
Czechia,Martin Jedlička,GK,28.0,0.0,,,,,0,,0,0,,9,,,,,,
Czechia,Tomáš Ladra,"FW,MF",28.0,0.0,,,,,0,,0,0,,1,,,,,,
Czechia,Jakub Markovič,GK,24.0,0.0,,,,,0,,0,0,,1,,,,,,
Czechia,Matěj Ryneš,MF,24.0,0.0,,,,,0,,0,0,,1,,,,,,
Czechia,Václav Sejk,FW,23.0,0.0,,,,,0,,0,0,,1,,,,,,
Czechia,Denis Višinský,"FW,MF",22.0,0.0,,,,,0,,0,0,,2,,,,,,
Czechia,Filip Zorvan,MF,29.0,0.0,,,,,0,,0,0,,2,,,,,,
Czechia,Matej Kovar,GK,26.0767,11.0,"1,050",95.0,85.4,11.7,11,95.0,11,0,,2,1.64,24.0,15.0,9.0,0.77,-0.73
Czechia,Ladislav Krejčí,DF,27.1506,12.0,"1,050",88.0,85.4,11.7,12,88.0,10,0,,0,1.75,20.0,15.0,5.0,0.43,-3.07
Czechia,Tomáš Souček,MF,31.293,12.0,"1,043",87.0,84.8,11.6,11,88.0,9,1,75.0,0,1.75,23.0,13.0,10.0,0.86,-0.1
Czechia,Vladimír Coufal,MF,33.8104,11.0,972,88.0,79.0,10.8,11,88.0,8,0,,0,1.64,20.0,14.0,6.0,0.56,-1.54
Czechia,Pavel Šulc,FW,25.4572,11.0,872,79.0,70.9,9.7,11,79.0,1,0,,0,1.64,14.0,11.0,3.0,0.31,-1.95
Czechia,Jaroslav Zelený,MF,33.8159,11.0,834,76.0,67.8,9.3,9,86.0,7,2,31.0,1,2.09,19.0,11.0,8.0,0.86,-0.05
Czechia,Patrik Schick,FW,30.386,10.0,795,80.0,64.6,8.8,10,80.0,2,0,,0,2.0,19.0,10.0,9.0,1.02,0.4
Czechia,Lukáš Provod,FW,29.6407,11.0,769,70.0,62.5,8.5,8,82.0,3,3,38.0,0,1.64,15.0,10.0,5.0,0.59,-0.78
Czechia,Robin Hranáč,DF,26.3723,7.0,613,88.0,49.8,6.8,6,95.0,5,1,42.0,1,2.0,15.0,8.0,7.0,1.03,0.3
Czechia,Lukáš Červ,MF,25.178,10.0,567,57.0,46.1,6.3,7,63.0,1,3,41.0,3,2.3,10.0,2.0,8.0,1.27,0.48
Czechia,Tomáš Chorý,FW,31.3806,11.0,487,44.0,39.6,5.4,4,77.0,2,7,26.0,1,1.64,14.0,8.0,6.0,1.11,0.38
Czechia,Václav Černý,"MF,FW",28.6571,7.0,443,63.0,46.1,4.9,5,77.0,0,2,30.0,0,1.86,9.0,4.0,5.0,1.02,0.15
Czechia,Tomáš Holeš,"DF,MF",33.2053,7.0,427,61.0,34.7,4.7,5,67.0,3,2,45.0,2,2.29,8.0,8.0,0.0,0.0,-1.64
Czechia,Štěpán Chaloupek,DF,23.2683,6.0,426,71.0,34.6,4.7,4,82.0,2,2,49.0,0,1.84,7.0,5.0,2.0,0.42,-0.7
Czechia,David Jurásek,"DF,MF",25.8515,5.0,323,65.0,26.3,3.6,3,78.0,1,2,45.0,6,2.6,11.0,4.0,7.0,1.95,1.29
Czechia,Michal Sadílek,"DF,FW",27.0383,10.0,320,32.0,26.0,3.6,2,61.0,0,8,25.0,3,2.0,6.0,9.0,-3.0,-0.84,-2.33
Czechia,David Doudera,"DF,MF",28.0383,6.0,226,38.0,18.4,2.5,3,61.0,1,3,14.0,3,2.5,12.0,1.0,11.0,4.38,4.18
Czechia,Alexandr Sojka,MF,23.1999,3.0,201,67.0,74.4,2.2,2,87.0,1,1,28.0,0,2.0,5.0,3.0,2.0,0.9,0.9
Czechia,Vasil Kušej,MF,26.0575,5.0,190,38.0,19.8,2.1,3,50.0,0,2,20.0,1,1.4,1.0,3.0,-2.0,-0.95,-2.35
Czechia,David Zima,DF,25.5969,3.0,187,62.0,15.2,2.1,1,90.0,1,2,49.0,4,3.0,8.0,1.0,7.0,3.37,2.8
Czechia,Mojmír Chytil,FW,27.1259,5.0,180,36.0,14.6,2.0,0,,0,5,36.0,1,1.6,3.0,3.0,0.0,0.0,-1.03
Czechia,Martin Vitík,DF,23.3943,2.0,180,90.0,18.8,2.0,2,90.0,2,0,,4,0.5,1.0,2.0,-1.0,-0.5,-1.77
Czechia,Adam Karabec,MF,22.95,3.0,173,58.0,18.0,1.9,1,90.0,1,2,42.0,2,1.33,8.0,2.0,6.0,3.12,2.66
Czechia,Vladimír Darida,MF,35.8487,3.0,149,50.0,12.1,1.7,2,52.0,0,1,45.0,1,1.67,4.0,2.0,2.0,1.21,0.21
Czechia,Adam Hložek,"FW,MF",23.8871,4.0,144,36.0,11.7,1.6,2,36.0,0,2,36.0,0,2.25,5.0,2.0,3.0,1.87,1.13
Czechia,Lukáš Horníček,GK,23.9199,1.0,90,90.0,7.3,1.0,1,90.0,1,0,,6,3.0,2.0,1.0,1.0,1.0,-1.0
Czechia,Václav Jemelka,DF,30.9747,1.0,90,90.0,9.4,1.0,1,90.0,1,0,,6,0.0,1.0,2.0,-1.0,-1.0,-2.14
Czechia,Jindřich Staněk,GK,30.1314,1.0,90,90.0,7.3,1.0,1,90.0,1,0,,7,3.0,2.0,0.0,2.0,2.0,1.17
Czechia,Michal Beran,MF,25.8104,2.0,88,44.0,9.2,1.0,1,57.0,0,1,31.0,2,1.5,7.0,2.0,5.0,5.11,4.6
Czechia,Matěj Vydra,FW,34.1205,2.0,74,37.0,7.7,0.8,1,45.0,0,1,29.0,0,0.5,0.0,0.0,0.0,0.0,-1.02
Czechia,Alex Král,MF,28.0712,4.0,73,18.0,7.6,0.8,0,,0,4,18.0,3,2.25,3.0,1.0,2.0,2.47,1.65
Czechia,Denis Višinský,"FW,MF",23.2327,2.0,73,37.0,5.9,0.8,0,,0,2,37.0,3,3.0,2.0,1.0,1.0,1.23,-0.45
Czechia,Jan Kliment,"FW,MF",32.783,2.0,46,23.0,4.8,0.5,0,,0,2,23.0,2,2.0,2.0,0.0,2.0,3.91,3.13
Czechia,Hugo Sochůrek,MF,18.0192,1.0,45,45.0,16.7,0.5,0,,0,1,45.0,2,3.0,0.0,1.0,-1.0,-2.0,-4.67
Czechia,Tomáš Ladra,"FW,MF",29.1396,1.0,45,45.0,3.9,0.5,1,45.0,0,0,,1,3.0,2.0,0.0,2.0,4.0,3.33
Czechia,Pavel Bucha,MF,28.2601,1.0,45,45.0,25.0,0.5,1,45.0,0,0,,0,3.0,2.0,0.0,2.0,4.0,3.33
Czechia,Christophe Kabongo,MF,22.7967,1.0,45,45.0,25.0,0.5,0,,0,1,45.0,0,3.0,0.0,1.0,-1.0,-2.0,-4.67
Czechia,Jan Kuchta,FW,29.4298,3.0,40,13.0,3.3,0.4,1,21.0,0,2,10.0,3,3.0,3.0,0.0,3.0,6.75,5.93
Czechia,Kryštof Daněk,MF,23.4381,1.0,34,34.0,3.5,0.4,0,,0,1,34.0,0,3.0,0.0,0.0,0.0,0.0,-0.97
Czechia,Ondřej Lingr,"FW,MF",27.6845,1.0,15,15.0,1.6,0.2,0,,0,1,15.0,1,1.0,0.0,0.0,0.0,0.0,-0.95
Czechia,Matej Sin,MF,22.0329,1.0,12,12.0,1.3,0.1,0,,0,1,12.0,0,3.0,1.0,1.0,0.0,0.0,-0.95
Czechia,Jan Chramosta,FW,35.6708,1.0,4,4.0,0.4,0.0,0,,0,1,4.0,0,0.0,0.0,0.0,0.0,0.0,-0.94
Czechia,Filip Zorvan,MF,30.1862,0.0,,,,,0,,0,0,,2,,,,,,
Czechia,Jan Bořil,DF,35.4216,0.0,,,,,0,,0,0,,2,,,,,,
Czechia,Martin Jedlička,GK,28.386,0.0,,,,,0,,0,0,,9,,,,,,
Czechia,Patrik Hellebrand,MF,27.0794,0.0,,,,,0,,0,0,,1,,,,,,
Czechia,Jiří Boula,MF,27.1834,0.0,,,,,0,,0,0,,1,,,,,,
Czechia,Jakub Markovič,GK,24.9199,0.0,,,,,0,,0,0,,1,,,,,,
Czechia,Vitezslav Jaros,GK,24.8925,0.0,,,,,0,,0,0,,1,,,,,,
Czechia,Václav Sejk,FW,24.0739,0.0,,,,,0,,0,0,,1,,,,,,
Czechia,Matěj Ryneš,MF,25.0411,0.0,,,,,0,,0,0,,1,,,,,,
Côte d'Ivoire,Yahia Fofana,GK,25.0,9.0,810.0,90.0,90.0,9.0,9,90.0,9,0,,1,2.56,18.0,0.0,18.0,2.0,-5.0
Côte d'Ivoire,Franck Kessié,MF,29.0,10.0,781.0,78.0,86.8,8.7,9,87.0,7,1,2.0,0,2.6,15.0,0.0,15.0,1.73,-5.83
Côte d'Ivoire,Obite N'Dicka,DF,26.0,7.0,630.0,90.0,70.0,7.0,7,90.0,7,0,,2,2.43,16.0,0.0,16.0,2.29,-0.71
Côte d'Ivoire,Ibrahim Sangaré,MF,28.0,7.0,451.0,64.0,50.1,5.0,6,71.0,1,1,26.0,0,2.71,14.0,0.0,14.0,2.79,0.59
Côte d'Ivoire,Simon Adingra,"MF,FW",24.0,10.0,484.0,48.0,53.8,5.4,5,74.0,0,5,23.0,0,2.6,13.0,0.0,13.0,2.42,-0.18
Côte d'Ivoire,Ghislain Konan,"DF,MF",30.0,5.0,445.0,89.0,49.4,4.9,5,89.0,4,0,,3,2.2,5.0,0.0,5.0,1.01,-2.94
Côte d'Ivoire,Seko Fofana,MF,30.0,6.0,423.0,71.0,47.0,4.7,5,79.0,2,1,30.0,0,2.33,10.0,0.0,10.0,2.13,-0.7
Côte d'Ivoire,Sébastien Haller,FW,31.0,8.0,419.0,52.0,46.6,4.7,5,72.0,1,3,20.0,1,2.75,10.0,0.0,10.0,2.15,-0.66
Côte d'Ivoire,Wilfried Singo,"DF,MF",25.0,6.0,392.0,65.0,43.6,4.4,4,90.0,4,2,16.0,1,2.33,3.0,0.0,3.0,0.69,-3.21
Côte d'Ivoire,Willy Boly,DF,34.0,4.0,360.0,90.0,40.0,4.0,4,90.0,4,0,,4,2.5,18.0,0.0,18.0,4.5,3.33
Côte d'Ivoire,Emmanuel Agbadou,DF,28.0,5.0,300.0,60.0,33.3,3.3,4,73.0,2,1,10.0,3,3.0,9.0,0.0,9.0,2.7,0.3
Côte d'Ivoire,Evann Guessand,"FW,MF",24.0,6.0,313.0,52.0,34.8,3.5,3,74.0,1,3,31.0,1,2.33,8.0,0.0,8.0,2.3,-0.31
Côte d'Ivoire,Oumar Diakité,FW,22.0,7.0,303.0,43.0,33.7,3.4,3,80.0,1,4,16.0,1,2.71,11.0,0.0,11.0,3.27,1.16
Côte d'Ivoire,Jean-Philippe Gbamin,"DF,MF",30.0,4.0,287.0,72.0,31.9,3.2,3,90.0,3,1,17.0,0,2.5,2.0,0.0,2.0,0.63,-2.75
Côte d'Ivoire,Odilon Kossounou,DF,25.0,3.0,270.0,90.0,30.0,3.0,3,90.0,3,0,,1,2.33,2.0,0.0,2.0,0.67,-2.62
Côte d'Ivoire,Hassane Kamara,"DF,MF",31.0,4.0,240.0,60.0,26.7,2.7,3,76.0,1,1,13.0,0,3.0,7.0,0.0,7.0,2.62,0.17
Côte d'Ivoire,Amad Diallo,MF,23.0,3.0,225.0,75.0,25.0,2.5,3,75.0,0,0,,1,2.33,4.0,0.0,4.0,1.6,-1.2
Côte d'Ivoire,Nicolas Pépé,"MF,FW",30.0,5.0,206.0,41.0,22.9,2.3,3,60.0,0,2,14.0,3,2.2,3.0,0.0,3.0,1.31,-1.54
Côte d'Ivoire,Guéla Doué,"MF,DF",23.0,3.0,221.0,74.0,24.6,2.5,2,88.0,1,1,45.0,3,3.0,7.0,0.0,7.0,2.85,0.46
Côte d'Ivoire,Serge Aurier,DF,33.0,2.0,180.0,90.0,20.0,2.0,2,90.0,2,0,,0,3.0,11.0,0.0,11.0,5.5,3.75
Côte d'Ivoire,Jeremie Boga,"MF,FW",29.0,3.0,175.0,58.0,19.4,1.9,2,75.0,1,1,25.0,1,2.33,10.0,0.0,10.0,5.14,3.28
Côte d'Ivoire,Luck Zogbé,DF,20.0,2.0,150.0,75.0,16.7,1.7,2,75.0,1,0,,0,2.0,1.0,0.0,1.0,0.6,-2.28
Côte d'Ivoire,Yan Diomandé,MF,19.0,2.0,139.0,70.0,15.4,1.5,2,70.0,0,0,,0,3.0,7.0,0.0,7.0,4.53,2.4
Côte d'Ivoire,Jean-Philippe Krasso,MF,28.0,3.0,132.0,44.0,14.7,1.5,1,64.0,0,2,34.0,1,3.0,6.0,0.0,6.0,4.09,1.86
Côte d'Ivoire,Jean Seri,MF,34.0,4.0,120.0,30.0,13.3,1.3,1,77.0,0,3,14.0,0,2.5,5.0,0.0,5.0,3.75,1.44
Côte d'Ivoire,Pacôme Zouzoua,MF,28.0,2.0,120.0,60.0,13.3,1.3,1,90.0,1,1,30.0,0,3.0,8.0,0.0,8.0,6.0,4.04
Côte d'Ivoire,Hamed Junior Traorè,MF,25.0,2.0,116.0,58.0,12.9,1.3,1,88.0,0,1,28.0,0,3.0,6.0,0.0,6.0,4.66,2.47
Côte d'Ivoire,Karim Konaté,FW,21.0,2.0,116.0,58.0,12.9,1.3,1,90.0,1,1,26.0,0,3.0,10.0,0.0,10.0,7.76,6.04
Côte d'Ivoire,Jean Thierry Lazare,MF,27.0,2.0,102.0,51.0,11.3,1.1,1,76.0,0,1,26.0,0,2.0,0.0,0.0,0.0,0.0,-2.82
Côte d'Ivoire,Christopher Opéri,DF,28.0,3.0,98.0,33.0,10.9,1.1,1,90.0,1,2,4.0,3,3.0,7.0,0.0,7.0,6.43,4.41
Côte d'Ivoire,Armel Zohouri,DF,24.0,2.0,94.0,47.0,10.4,1.0,1,90.0,1,1,4.0,1,3.0,7.0,0.0,7.0,6.7,4.69
Côte d'Ivoire,Vakoun Bayo,FW,29.0,3.0,93.0,31.0,10.3,1.0,1,73.0,0,2,10.0,1,2.33,1.0,0.0,1.0,0.97,-1.71
Côte d'Ivoire,Mohamed Diomandé,MF,24.0,4.0,91.0,23.0,10.1,1.0,1,67.0,0,3,8.0,0,2.5,1.0,0.0,1.0,0.99,-1.68
Côte d'Ivoire,Ousmane Diomande,DF,22.0,1.0,90.0,90.0,10.0,1.0,1,90.0,1,0,,4,3.0,1.0,0.0,1.0,1.0,-1.67
Côte d'Ivoire,Alban Lafont,GK,27.0,1.0,90.0,90.0,10.0,1.0,1,90.0,1,0,,3,3.0,7.0,0.0,7.0,7.0,5.0
Côte d'Ivoire,Christian Kouamé,MF,28.0,1.0,88.0,88.0,9.8,1.0,1,88.0,0,0,,1,3.0,2.0,0.0,2.0,2.05,-0.5
Côte d'Ivoire,Bazoumana Touré,FW,19.0,1.0,88.0,88.0,9.8,1.0,1,88.0,0,0,,3,3.0,6.0,0.0,6.0,6.14,4.03
Côte d'Ivoire,Emmanuel Latte Lath,FW,27.0,2.0,65.0,33.0,7.2,0.7,1,60.0,0,1,5.0,0,2.0,0.0,0.0,0.0,0.0,-2.69
Côte d'Ivoire,Jean-Eudes Aholou,MF,31.0,1.0,64.0,64.0,7.1,0.7,1,64.0,0,0,,1,3.0,1.0,0.0,1.0,1.41,-1.18
Côte d'Ivoire,Clément Akpa,DF,24.0,2.0,60.0,30.0,6.7,0.7,0,,0,2,30.0,2,3.0,0.0,0.0,0.0,0.0,-2.68
Côte d'Ivoire,Junior Diaz,DF,22.0,1.0,45.0,45.0,5.0,0.5,0,,0,1,45.0,1,3.0,3.0,0.0,3.0,6.0,3.68
Côte d'Ivoire,Parfait Guiagon,MF,24.0,1.0,24.0,24.0,2.7,0.3,0,,0,1,24.0,1,3.0,0.0,0.0,0.0,0.0,-2.57
Côte d'Ivoire,Badra Ali Sangaré,GK,39.0,0.0,,,,,0,,0,0,,6,,,,,,
Côte d'Ivoire,Mohamed Bamba,FW,24.0,0.0,,,,,0,,0,0,,1,,,,,,
Côte d'Ivoire,Ayayi Folly,GK,35.0,0.0,,,,,0,,0,0,,2,,,,,,
Côte d'Ivoire,Max Gradel,"FW,MF",38.0,0.0,,,,,0,,0,0,,2,,,,,,
Côte d'Ivoire,Kader Keita,MF,25.0,0.0,,,,,0,,0,0,,1,,,,,,
Côte d'Ivoire,Mohamed Koné,GK,23.0,0.0,,,,,0,,0,0,,8,,,,,,
Côte d'Ivoire,Emmanuel Agbadou,DF,28.9911,3.0,210.0,70.0,77.8,2.3,2,90.0,2,1,30.0,0,3.0,6.0,1.0,5.0,2.14,0.64
Côte d'Ivoire,Guéla Doué,DF,23.6571,3.0,200.0,67.0,74.1,2.2,2,85.0,1,1,30.0,0,3.0,5.0,1.0,4.0,1.8,-0.77
Côte d'Ivoire,Yahia Fofana,GK,25.8131,2.0,180.0,90.0,66.7,2.0,2,90.0,2,0,,1,3.0,6.0,1.0,5.0,2.5,1.5
Côte d'Ivoire,Wilfried Singo,DF,25.4682,3.0,174.0,58.0,64.4,1.9,2,82.0,1,1,10.0,0,3.0,3.0,1.0,2.0,1.03,-2.72
Côte d'Ivoire,Franck Kessié,MF,29.4846,2.0,156.0,78.0,57.8,1.7,2,78.0,1,0,,1,3.0,2.0,1.0,1.0,0.58,-3.37
Côte d'Ivoire,Simon Adingra,FW,24.449,3.0,147.0,49.0,54.4,1.6,2,63.0,0,1,22.0,0,3.0,3.0,1.0,2.0,1.22,-1.7
Côte d'Ivoire,Seko Fofana,MF,31.104,2.0,146.0,73.0,54.1,1.6,2,73.0,0,0,,1,3.0,4.0,1.0,3.0,1.85,-0.33
Côte d'Ivoire,Elye Wahi,FW,23.4463,2.0,142.0,71.0,52.6,1.6,2,71.0,0,0,,1,3.0,2.0,1.0,1.0,0.63,-2.88
Côte d'Ivoire,Ghislain Konan,DF,30.4627,3.0,136.0,45.0,50.4,1.5,2,63.0,0,1,10.0,0,3.0,3.0,1.0,2.0,1.32,-1.36
Côte d'Ivoire,Christ Inao Oulaï,MF,20.1889,3.0,141.0,47.0,52.2,1.6,1,90.0,1,2,26.0,0,3.0,3.0,0.0,3.0,1.91,-0.18
Côte d'Ivoire,Evann Guessand,FW,24.9528,3.0,128.0,43.0,47.4,1.4,1,90.0,1,2,19.0,0,3.0,5.0,0.0,5.0,3.52,2.88
Côte d'Ivoire,Nicolas Pépé,MF,31.0438,3.0,123.0,41.0,45.6,1.4,1,68.0,0,2,28.0,0,3.0,4.0,0.0,4.0,2.93,1.7
Côte d'Ivoire,Odilon Kossounou,DF,25.4408,1.0,90.0,90.0,33.3,1.0,1,90.0,1,0,,2,3.0,1.0,0.0,1.0,1.0,-1.5
Côte d'Ivoire,Alban Lafont,GK,27.3888,1.0,90.0,90.0,33.3,1.0,1,90.0,1,0,,2,3.0,1.0,0.0,1.0,1.0,-1.5
Côte d'Ivoire,Bazoumana Touré,MF,20.2847,1.0,90.0,90.0,33.3,1.0,1,90.0,1,0,,2,3.0,1.0,0.0,1.0,1.0,-1.5
Côte d'Ivoire,Ousmane Diomande,DF,22.5257,3.0,86.0,29.0,31.9,1.0,1,60.0,0,2,13.0,0,3.0,3.0,0.0,3.0,3.14,1.67
Côte d'Ivoire,Clément Akpa,DF,24.553,1.0,80.0,80.0,29.6,0.9,1,80.0,0,0,,1,3.0,3.0,0.0,3.0,3.38,1.95
Côte d'Ivoire,Obite N'Dicka,DF,26.8159,1.0,80.0,80.0,29.6,0.9,1,80.0,0,0,,1,3.0,3.0,0.0,3.0,3.38,1.95
Côte d'Ivoire,Bénie Traoré,MF,23.5366,2.0,78.0,39.0,28.9,0.9,1,68.0,0,1,10.0,0,3.0,2.0,0.0,2.0,2.31,0.43
Côte d'Ivoire,Yan Diomandé,MF,19.5804,1.0,66.0,66.0,24.4,0.7,1,66.0,0,0,,0,3.0,1.0,1.0,0.0,0.0,-2.65
Côte d'Ivoire,Martial Godo,FW,23.2519,1.0,63.0,63.0,23.3,0.7,1,63.0,0,0,,1,3.0,3.0,0.0,3.0,4.29,2.98
Côte d'Ivoire,Parfait Guiagon,MF,25.3066,1.0,63.0,63.0,23.3,0.7,1,63.0,0,0,,2,3.0,3.0,0.0,3.0,4.29,2.98
Côte d'Ivoire,Jean Seri,MF,34.9035,1.0,63.0,63.0,23.3,0.7,1,63.0,0,0,,2,3.0,3.0,0.0,3.0,4.29,2.98
Côte d'Ivoire,Oumar Diakité,MF,22.4819,1.0,45.0,45.0,16.7,0.5,1,45.0,0,0,,0,3.0,0.0,1.0,-1.0,-2.0,-4.8
Côte d'Ivoire,Amad Diallo,"FW,MF",23.9254,3.0,94.0,31.0,34.8,1.0,0,,0,3,31.0,0,3.0,3.0,0.0,3.0,2.87,1.34
Côte d'Ivoire,Ibrahim Sangaré,MF,28.5311,2.0,51.0,26.0,18.9,0.6,0,,0,2,26.0,1,3.0,2.0,0.0,2.0,3.53,1.89
Côte d'Ivoire,Ange-Yoan Bonny,FW,22.6352,1.0,24.0,24.0,8.9,0.3,0,,0,1,24.0,0,3.0,1.0,0.0,1.0,3.75,1.92
Côte d'Ivoire,Christopher Opéri,"DF,MF",29.1259,1.0,24.0,24.0,8.9,0.3,0,,0,1,24.0,0,3.0,1.0,0.0,1.0,3.75,1.92
Côte d'Ivoire,Mohamed Koné,GK,24.271,0.0,,,,,0,,0,0,,3,,,,,,
Côte d'Ivoire,Yahia Fofana,GK,25.8131,11.0,990.0,90.0,84.6,11.0,11,90.0,11,0,,2,2.64,24.0,1.0,23.0,2.09,-1.91
Côte d'Ivoire,Franck Kessié,MF,29.4846,12.0,937.0,78.0,80.1,10.4,11,85.0,8,1,2.0,1,2.67,17.0,1.0,16.0,1.54,-4.26
Côte d'Ivoire,Obite N'Dicka,DF,26.8159,8.0,710.0,89.0,60.7,7.9,8,89.0,7,0,,3,2.5,19.0,0.0,19.0,2.41,0.06
Côte d'Ivoire,Simon Adingra,"MF,FW",24.449,13.0,631.0,49.0,53.9,7.0,7,70.0,0,6,23.0,0,2.69,16.0,1.0,15.0,2.14,-0.53
Côte d'Ivoire,Ghislain Konan,"DF,MF",30.4627,8.0,581.0,73.0,49.7,6.5,7,82.0,4,1,10.0,3,2.5,8.0,1.0,7.0,1.08,-2.58
Côte d'Ivoire,Seko Fofana,MF,31.104,8.0,569.0,71.0,48.6,6.3,7,77.0,2,1,30.0,1,2.5,14.0,1.0,13.0,2.06,-0.64
Côte d'Ivoire,Wilfried Singo,"DF,MF",25.4682,9.0,566.0,63.0,48.4,6.3,6,87.0,5,3,14.0,1,2.55,6.0,1.0,5.0,0.8,-3.08
Côte d'Ivoire,Emmanuel Agbadou,DF,28.9911,8.0,510.0,64.0,43.6,5.7,6,78.0,4,2,20.0,3,3.0,15.0,1.0,14.0,2.47,0.15
Côte d'Ivoire,Ibrahim Sangaré,MF,28.5311,9.0,502.0,56.0,42.9,5.6,6,71.0,1,3,26.0,1,2.77,16.0,0.0,16.0,2.87,0.85
Côte d'Ivoire,Evann Guessand,"FW,MF",24.9528,9.0,441.0,49.0,37.7,4.9,4,78.0,2,5,26.0,1,2.55,13.0,0.0,13.0,2.65,0.43
Côte d'Ivoire,Guéla Doué,"MF,DF",23.6571,6.0,421.0,70.0,36.0,4.7,4,87.0,2,2,38.0,3,3.0,12.0,1.0,11.0,2.35,-0.05
Côte d'Ivoire,Sébastien Haller,FW,31.9774,8.0,419.0,52.0,46.6,4.7,5,72.0,1,3,20.0,1,2.75,10.0,0.0,10.0,2.15,-0.66
Côte d'Ivoire,Willy Boly,DF,35.3587,4.0,360.0,90.0,40.0,4.0,4,90.0,4,0,,4,2.5,18.0,0.0,18.0,4.5,3.33
Côte d'Ivoire,Odilon Kossounou,DF,25.4408,4.0,360.0,90.0,30.8,4.0,4,90.0,4,0,,3,2.5,3.0,0.0,3.0,0.75,-2.36
Côte d'Ivoire,Oumar Diakité,FW,22.4819,8.0,348.0,44.0,29.7,3.9,4,71.0,1,4,16.0,1,2.75,11.0,1.0,10.0,2.59,0.29
Côte d'Ivoire,Nicolas Pépé,"MF,FW",31.0438,8.0,329.0,41.0,28.1,3.7,4,62.0,0,4,21.0,3,2.5,7.0,0.0,7.0,1.91,-0.65
Côte d'Ivoire,Amad Diallo,MF,23.9254,6.0,319.0,53.0,27.3,3.5,3,75.0,0,3,31.0,1,2.67,7.0,0.0,7.0,1.97,-0.56
Côte d'Ivoire,Jean-Philippe Gbamin,"DF,MF",30.7173,4.0,287.0,72.0,31.9,3.2,3,90.0,3,1,17.0,0,2.5,2.0,0.0,2.0,0.63,-2.75
Côte d'Ivoire,Hassane Kamara,"DF,MF",32.2765,4.0,240.0,60.0,26.7,2.7,3,76.0,1,1,13.0,0,3.0,7.0,0.0,7.0,2.62,0.17
Côte d'Ivoire,Yan Diomandé,MF,19.5804,3.0,205.0,68.0,17.5,2.3,3,68.0,0,0,,0,3.0,8.0,1.0,7.0,3.07,0.83
Côte d'Ivoire,Jean Seri,MF,34.9035,5.0,183.0,37.0,15.6,2.0,2,70.0,0,3,14.0,2,2.6,8.0,0.0,8.0,3.93,1.84
Côte d'Ivoire,Alban Lafont,GK,27.3888,2.0,180.0,90.0,15.4,2.0,2,90.0,2,0,,5,3.0,8.0,0.0,8.0,4.0,1.91
Côte d'Ivoire,Serge Aurier,DF,33.4709,2.0,180.0,90.0,20.0,2.0,2,90.0,2,0,,0,3.0,11.0,0.0,11.0,5.5,3.75
Côte d'Ivoire,Bazoumana Touré,FW,20.2847,2.0,178.0,89.0,15.2,2.0,2,89.0,1,0,,5,3.0,7.0,0.0,7.0,3.54,1.36
Côte d'Ivoire,Ousmane Diomande,DF,22.5257,4.0,176.0,44.0,15.0,2.0,2,75.0,1,2,13.0,4,3.0,4.0,0.0,4.0,2.05,-0.4
Côte d'Ivoire,Jeremie Boga,"MF,FW",29.4435,3.0,175.0,58.0,19.4,1.9,2,75.0,1,1,25.0,1,2.33,10.0,0.0,10.0,5.14,3.28
Côte d'Ivoire,Luck Zogbé,DF,21.2245,2.0,150.0,75.0,16.7,1.7,2,75.0,1,0,,0,2.0,1.0,0.0,1.0,0.6,-2.28
Côte d'Ivoire,Elye Wahi,FW,23.4463,2.0,142.0,71.0,52.6,1.6,2,71.0,0,0,,1,3.0,2.0,1.0,1.0,0.63,-2.88
Côte d'Ivoire,Christ Inao Oulaï,MF,20.1889,3.0,141.0,47.0,52.2,1.6,1,90.0,1,2,26.0,0,3.0,3.0,0.0,3.0,1.91,-0.18
Côte d'Ivoire,Clément Akpa,DF,24.553,3.0,140.0,47.0,12.0,1.6,1,80.0,0,2,30.0,3,3.0,3.0,0.0,3.0,1.93,-0.52
Côte d'Ivoire,Jean-Philippe Krasso,MF,28.909,3.0,132.0,44.0,14.7,1.5,1,64.0,0,2,34.0,1,3.0,6.0,0.0,6.0,4.09,1.86
Côte d'Ivoire,Christopher Opéri,DF,29.1259,4.0,122.0,31.0,10.4,1.4,1,90.0,1,3,11.0,3,3.0,8.0,0.0,8.0,5.9,3.93
Côte d'Ivoire,Pacôme Zouzoua,MF,29.1232,2.0,120.0,60.0,13.3,1.3,1,90.0,1,1,30.0,0,3.0,8.0,0.0,8.0,6.0,4.04
Côte d'Ivoire,Hamed Junior Traorè,MF,26.3231,2.0,116.0,58.0,12.9,1.3,1,88.0,0,1,28.0,0,3.0,6.0,0.0,6.0,4.66,2.47
Côte d'Ivoire,Karim Konaté,FW,22.2327,2.0,116.0,58.0,12.9,1.3,1,90.0,1,1,26.0,0,3.0,10.0,0.0,10.0,7.76,6.04
Côte d'Ivoire,Jean Thierry Lazare,MF,28.271,2.0,102.0,51.0,11.3,1.1,1,76.0,0,1,26.0,0,2.0,0.0,0.0,0.0,0.0,-2.82
Côte d'Ivoire,Armel Zohouri,DF,25.1916,2.0,94.0,47.0,10.4,1.0,1,90.0,1,1,4.0,1,3.0,7.0,0.0,7.0,6.7,4.69
Côte d'Ivoire,Vakoun Bayo,FW,29.4244,3.0,93.0,31.0,10.3,1.0,1,73.0,0,2,10.0,1,2.33,1.0,0.0,1.0,0.97,-1.71
Côte d'Ivoire,Mohamed Diomandé,MF,24.6215,4.0,91.0,23.0,10.1,1.0,1,67.0,0,3,8.0,0,2.5,1.0,0.0,1.0,0.99,-1.68
Côte d'Ivoire,Christian Kouamé,MF,28.5202,1.0,88.0,88.0,9.8,1.0,1,88.0,0,0,,1,3.0,2.0,0.0,2.0,2.05,-0.5
Côte d'Ivoire,Parfait Guiagon,MF,25.3066,2.0,87.0,44.0,7.4,1.0,1,63.0,0,1,24.0,3,3.0,3.0,0.0,3.0,3.1,0.78
Côte d'Ivoire,Bénie Traoré,MF,23.5366,2.0,78.0,39.0,28.9,0.9,1,68.0,0,1,10.0,0,3.0,2.0,0.0,2.0,2.31,0.43
Côte d'Ivoire,Emmanuel Latte Lath,FW,27.449,2.0,65.0,33.0,7.2,0.7,1,60.0,0,1,5.0,0,2.0,0.0,0.0,0.0,0.0,-2.69
Côte d'Ivoire,Jean-Eudes Aholou,MF,32.2355,1.0,64.0,64.0,7.1,0.7,1,64.0,0,0,,1,3.0,1.0,0.0,1.0,1.41,-1.18
Côte d'Ivoire,Martial Godo,FW,23.2519,1.0,63.0,63.0,23.3,0.7,1,63.0,0,0,,1,3.0,3.0,0.0,3.0,4.29,2.98
Côte d'Ivoire,Junior Diaz,DF,22.8925,1.0,45.0,45.0,5.0,0.5,0,,0,1,45.0,1,3.0,3.0,0.0,3.0,6.0,3.68
Côte d'Ivoire,Ange-Yoan Bonny,FW,22.6352,1.0,24.0,24.0,8.9,0.3,0,,0,1,24.0,0,3.0,1.0,0.0,1.0,3.75,1.92
Côte d'Ivoire,Kader Keita,MF,25.6023,0.0,,,,,0,,0,0,,1,,,,,,
Côte d'Ivoire,Max Gradel,"FW,MF",38.5366,0.0,,,,,0,,0,0,,2,,,,,,
Côte d'Ivoire,Mohamed Koné,GK,24.271,0.0,,,,,0,,0,0,,11,,,,,,
Côte d'Ivoire,Mohamed Bamba,FW,24.5092,0.0,,,,,0,,0,0,,1,,,,,,
Côte d'Ivoire,Ayayi Folly,GK,35.4572,0.0,,,,,0,,0,0,,2,,,,,,
Côte d'Ivoire,Badra Ali Sangaré,GK,40.0411,0.0,,,,,0,,0,0,,6,,,,,,
Ecuador,John Yeboah,"MF,FW",25.9747,4.0,258.0,65.0,71.7,2.9,3,76.0,0,1,31.0,0,2.0,6.0,1.0,5.0,1.74,2.63
Ecuador,Félix Torres Caicedo,DF,29.4216,3.0,208.0,69.0,57.8,2.3,3,69.0,1,0,,1,2.33,4.0,2.0,2.0,0.87,-0.32
Ecuador,Alan Franco,"DF,MF",27.8131,3.0,180.0,60.0,50.0,2.0,3,60.0,1,0,,0,1.67,3.0,2.0,1.0,0.5,-1.0
Ecuador,Moisés Caicedo,MF,24.6133,3.0,225.0,75.0,62.5,2.5,2,90.0,2,1,45.0,0,1.67,4.0,2.0,2.0,0.8,-0.53
Ecuador,Joel Ordóñez,DF,22.1478,3.0,225.0,75.0,62.5,2.5,2,90.0,2,1,45.0,0,1.67,4.0,2.0,2.0,0.8,-0.53
Ecuador,Pedro Vite,MF,24.2656,3.0,222.0,74.0,61.7,2.5,2,89.0,0,1,45.0,0,1.67,4.0,2.0,2.0,0.81,-0.49
Ecuador,Pervis Estupiñán,DF,28.3943,4.0,212.0,53.0,58.9,2.4,2,90.0,1,2,17.0,0,2.0,4.0,3.0,1.0,0.42,-1.4
Ecuador,Gonzalo Plata,MF,25.616,3.0,196.0,65.0,54.4,2.2,2,90.0,1,1,17.0,0,1.67,3.0,2.0,1.0,0.46,-1.19
Ecuador,Anthony Valencia,MF,22.898,3.0,194.0,65.0,53.9,2.2,2,75.0,1,1,45.0,1,2.33,3.0,1.0,2.0,0.93,-0.16
Ecuador,Willian Pacho,DF,24.6598,2.0,180.0,90.0,50.0,2.0,2,90.0,2,0,,0,1.0,2.0,2.0,0.0,0.0,-2.0
Ecuador,Jackson Porozo,DF,25.8597,2.0,180.0,90.0,50.0,2.0,2,90.0,2,0,,2,3.0,5.0,1.0,4.0,2.0,2.0
Ecuador,Hernán Galíndez,GK,39.2081,2.0,166.0,83.0,46.1,1.8,2,83.0,1,0,,1,2.0,3.0,1.0,2.0,1.08,0.16
Ecuador,Enner Valencia,FW,36.6078,2.0,164.0,82.0,45.6,1.8,2,82.0,0,0,,0,1.0,2.0,1.0,1.0,0.55,-0.83
Ecuador,Alan Minda,MF,23.0849,2.0,116.0,58.0,32.2,1.3,2,58.0,0,0,,1,2.0,2.0,0.0,2.0,1.55,0.81
Ecuador,Jordy Caicedo,FW,28.5695,3.0,106.0,35.0,29.4,1.2,2,52.0,0,1,2.0,1,2.33,2.0,0.0,2.0,1.7,0.99
Ecuador,Piero Hincapié,DF,24.4271,2.0,116.0,58.0,32.2,1.3,1,71.0,0,1,45.0,0,2.0,3.0,0.0,3.0,2.33,1.96
Ecuador,Nilson Angulo,MF,22.9856,2.0,94.0,47.0,26.1,1.0,1,63.0,0,1,31.0,0,3.0,4.0,0.0,4.0,3.83,3.83
Ecuador,Jordy Alcivar,MF,26.8569,4.0,93.0,23.0,25.8,1.0,1,45.0,0,3,16.0,0,2.0,2.0,1.0,1.0,0.97,-0.04
Ecuador,Yaimar Medina,MF,21.6051,2.0,90.0,45.0,25.0,1.0,1,76.0,0,1,14.0,2,3.0,2.0,1.0,1.0,1.0,0.0
Ecuador,Moisés Ramírez,GK,25.7611,1.0,90.0,90.0,25.0,1.0,1,90.0,1,0,,2,3.0,2.0,1.0,1.0,1.0,0.0
Ecuador,Kendry Páez,FW,19.1123,3.0,86.0,29.0,23.9,1.0,1,45.0,0,2,21.0,1,2.33,1.0,2.0,-1.0,-1.05,-2.69
Ecuador,Jeremy Arévalo,MF,21.2382,3.0,76.0,25.0,21.1,0.8,1,73.0,0,2,2.0,1,1.67,2.0,0.0,2.0,2.37,1.73
Ecuador,Denil Castillo,MF,22.2245,1.0,76.0,76.0,21.1,0.8,1,76.0,0,0,,0,3.0,2.0,0.0,2.0,2.37,1.73
Ecuador,Gonzalo Valle,GK,30.2902,2.0,72.0,36.0,20.0,0.8,1,58.0,0,1,14.0,2,2.0,2.0,1.0,1.0,1.25,0.31
Ecuador,Darwin Guagua,FW,18.6023,1.0,45.0,45.0,12.5,0.5,1,45.0,0,0,,0,3.0,1.0,0.0,1.0,2.0,1.14
Ecuador,José Hurtado,DF,24.4736,1.0,45.0,45.0,12.5,0.5,1,45.0,0,0,,1,3.0,1.0,0.0,1.0,2.0,1.14
Ecuador,Ángelo Preciado,"DF,MF",28.3176,4.0,126.0,32.0,35.0,1.4,0,,0,4,32.0,0,2.0,3.0,2.0,1.0,0.71,-0.44
Ecuador,Kevin Rodríguez,FW,26.2793,2.0,59.0,30.0,16.4,0.7,0,,0,2,30.0,0,2.0,1.0,2.0,-1.0,-1.53,-3.02
Ecuador,David Cabezas,GK,31.0055,1.0,32.0,32.0,8.9,0.4,0,,0,1,32.0,0,1.0,0.0,0.0,0.0,0.0,-1.1
Ecuador,John Mercado,"FW,MF",24.0301,1.0,27.0,27.0,7.5,0.3,0,,0,1,27.0,2,3.0,0.0,1.0,-1.0,-3.33,-4.68
Ecuador,Fricio Caicedo,DF,18.1588,1.0,1.0,1.0,0.3,0.0,0,,0,1,1.0,0,3.0,0.0,0.0,0.0,0.0,-1.0
Ecuador,Bruno Caicedo,MF,21.4107,0.0,,,,,0,,0,0,,1,,,,,,
Ecuador,Ederson Castillo,MF,17.5092,0.0,,,,,0,,0,0,,1,,,,,,
Ecuador,Janner Corozo,"DF,FW",30.7639,0.0,,,,,0,,0,0,,1,,,,,,
Ecuador,Malcom Dacosta,MF,18.1588,0.0,,,,,0,,0,0,,1,,,,,,
Ecuador,Luis Fragozo,FW,16.1834,0.0,,,,,0,,0,0,,1,,,,,,
Ecuador,Alexander Legendre,MF,18.1451,0.0,,,,,0,,0,0,,1,,,,,,
Ecuador,Cristhian Loor,GK,20.2656,0.0,,,,,0,,0,0,,1,,,,,,
Ecuador,Deinner Ordóñez,DF,16.6242,0.0,,,,,0,,0,0,,1,,,,,,
Ecuador,Bryan Ramírez,"DF,FW",25.8405,0.0,,,,,0,,0,0,,1,,,,,,
Ecuador,Willian Pacho,DF,24.0,18.0,"1,620",90.0,100.0,18.0,18,90.0,18,0,,0,1.78,14.0,5.0,9.0,0.5,
Ecuador,Moisés Caicedo,MF,24.0,16.0,"1,399",87.0,86.4,15.5,16,87.0,15,0,,0,1.75,10.0,5.0,5.0,0.32,-1.31
Ecuador,Piero Hincapié,DF,24.0,14.0,"1,203",86.0,74.3,13.4,14,86.0,13,0,,0,1.64,9.0,2.0,7.0,0.52,0.09
Ecuador,Enner Valencia,FW,36.0,15.0,"1,057",70.0,65.2,11.7,14,74.0,3,1,23.0,0,1.8,13.0,4.0,9.0,0.77,0.77
Ecuador,Pervis Estupiñán,"DF,MF",28.0,13.0,"1,118",86.0,69.0,12.4,13,86.0,5,0,,0,1.62,10.0,4.0,6.0,0.48,-0.05
Ecuador,Hernán Galíndez,GK,38.0,12.0,"1,080",90.0,66.7,12.0,12,90.0,12,0,,6,1.83,11.0,4.0,7.0,0.58,0.25
Ecuador,Alan Franco,MF,27.0,13.0,"1,057",81.0,65.2,11.7,12,87.0,10,1,9.0,2,1.85,9.0,2.0,7.0,0.6,0.28
Ecuador,Félix Torres Caicedo,DF,29.0,15.0,"1,052",70.0,64.9,11.7,11,89.0,10,4,18.0,2,1.67,8.0,5.0,3.0,0.26,-0.69
Ecuador,Ángelo Preciado,"MF,DF",27.0,13.0,812,62.0,50.1,9.0,9,79.0,5,4,26.0,0,1.69,6.0,2.0,4.0,0.44,-0.11
Ecuador,Pedro Vite,MF,23.0,9.0,695,77.0,42.9,7.7,8,83.0,4,1,33.0,1,2.11,8.0,0.0,8.0,1.04,0.94
Ecuador,Joel Ordóñez,DF,21.0,8.0,691,86.0,42.7,7.7,8,86.0,7,0,,5,2.0,8.0,0.0,8.0,1.04,0.95
Ecuador,Kendry Páez,"MF,FW",18.0,12.0,647,54.0,39.9,7.2,8,68.0,0,4,27.0,5,1.92,5.0,1.0,4.0,0.56,0.09
Ecuador,Gonzalo Plata,"MF,FW",25.0,9.0,633,70.0,39.1,7.0,8,77.0,1,1,21.0,1,1.78,8.0,0.0,8.0,1.14,1.05
Ecuador,Kevin Rodríguez,FW,25.0,16.0,550,34.0,34.0,6.1,5,72.0,0,11,17.0,1,1.88,2.0,4.0,-2.0,-0.33,-1.25
Ecuador,Carlos Gruezo,MF,30.0,7.0,487,70.0,30.1,5.4,4,90.0,4,3,42.0,2,1.86,4.0,3.0,1.0,0.18,-0.45
Ecuador,Alan Minda,MF,22.0,8.0,312,39.0,19.3,3.5,4,63.0,0,4,16.0,0,1.75,5.0,0.0,5.0,1.44,1.17
Ecuador,Nilson Angulo,MF,22.0,4.0,306,77.0,18.9,3.4,4,77.0,0,0,,0,1.5,1.0,0.0,1.0,0.29,-0.25
Ecuador,John Yeboah,"FW,MF",25.0,9.0,364,40.0,22.5,4.0,3,74.0,0,6,24.0,3,1.78,4.0,1.0,3.0,0.74,0.31
Ecuador,Robert Arboleda,DF,34.0,3.0,249,83.0,15.4,2.8,3,83.0,2,0,,1,2.0,3.0,2.0,1.0,0.36,-0.16
Ecuador,José Cifuentes,MF,26.0,3.0,210,70.0,13.0,2.3,3,70.0,0,0,,1,1.33,1.0,0.0,1.0,0.43,-0.08
Ecuador,Jhoanner Chávez,"MF,DF",23.0,5.0,203,41.0,12.5,2.3,2,84.0,1,3,12.0,5,2.2,1.0,0.0,1.0,0.44,-0.06
Ecuador,Alexander Domínguez,GK,38.0,2.0,180,90.0,11.1,2.0,2,90.0,2,0,,4,2.0,1.0,0.0,1.0,0.5,0.0
Ecuador,Moisés Ramírez,GK,25.0,2.0,180,90.0,11.1,2.0,2,90.0,2,0,,14,2.0,2.0,1.0,1.0,0.5,0.0
Ecuador,Gonzalo Valle,GK,29.0,2.0,180,90.0,11.1,2.0,2,90.0,2,0,,6,1.0,0.0,0.0,0.0,0.0,-0.56
Ecuador,Junior Sornoza,MF,32.0,2.0,141,71.0,8.7,1.6,2,71.0,0,0,,2,2.0,1.0,0.0,1.0,0.64,0.15
Ecuador,Ángel Mena,MF,38.0,6.0,166,28.0,10.2,1.8,1,74.0,0,5,18.0,3,1.83,1.0,0.0,1.0,0.54,0.05
Ecuador,Julio Joao Ortíz,MF,29.0,5.0,151,30.0,9.3,1.7,1,90.0,1,4,15.0,1,2.0,2.0,2.0,0.0,0.0,-0.55
Ecuador,Jhojan Julio,FW,27.0,4.0,125,31.0,7.7,1.4,1,69.0,0,3,19.0,2,2.0,2.0,1.0,1.0,0.72,0.24
Ecuador,Jordy Alcivar,MF,26.0,2.0,122,61.0,7.5,1.4,1,90.0,1,1,32.0,2,2.0,0.0,0.0,0.0,0.0,-0.54
Ecuador,Jeremy Sarmiento,MF,23.0,3.0,113,38.0,7.0,1.3,1,45.0,0,2,34.0,2,1.33,0.0,1.0,-1.0,-0.8,-1.39
Ecuador,John Mercado,FW,23.0,4.0,111,28.0,6.9,1.2,1,58.0,0,3,18.0,4,2.25,1.0,1.0,0.0,0.0,-0.54
Ecuador,José Hurtado,DF,24.0,3.0,93,31.0,5.7,1.0,1,80.0,0,2,7.0,2,1.33,0.0,1.0,-1.0,-0.97,-1.56
Ecuador,Janner Corozo,MF,30.0,2.0,92,46.0,5.7,1.0,1,61.0,0,1,31.0,1,2.0,2.0,0.0,2.0,1.96,1.54
Ecuador,Darwin Guagua,FW,18.0,1.0,59,59.0,3.6,0.7,1,59.0,0,0,,1,1.0,0.0,0.0,0.0,0.0,-0.52
Ecuador,Jordy Caicedo,FW,28.0,2.0,57,29.0,3.5,0.6,1,54.0,0,1,3.0,2,2.0,1.0,0.0,1.0,1.58,1.12
Ecuador,Jhegson Méndez,MF,28.0,2.0,46,23.0,2.8,0.5,1,45.0,0,1,1.0,3,1.5,0.0,1.0,-1.0,-1.96,-2.53
Ecuador,Leonardo Campana,FW,25.0,3.0,54,18.0,3.3,0.6,0,,0,3,18.0,3,1.67,0.0,0.0,0.0,0.0,-0.52
Ecuador,Keny Arroyo,MF,19.0,2.0,33,17.0,2.0,0.4,0,,0,2,17.0,2,2.0,0.0,0.0,0.0,0.0,-0.51
Ecuador,Leonardo Realpe,DF,24.0,1.0,21,21.0,1.3,0.2,0,,0,1,21.0,5,3.0,0.0,0.0,0.0,0.0,-0.51
Ecuador,Cristian Ramírez,DF,31.0,1.0,14,14.0,0.9,0.2,0,,0,1,14.0,8,1.0,0.0,0.0,0.0,0.0,-0.5
Ecuador,Beder Caicedo,"DF,MF",33.0,1.0,13,13.0,0.8,0.1,0,,0,1,13.0,1,3.0,1.0,1.0,0.0,0.0,-0.5
Ecuador,Yaimar Medina,"DF,MF",21.0,2.0,8,4.0,0.5,0.1,0,,0,2,4.0,5,0.5,0.0,0.0,0.0,0.0,-0.5
Ecuador,Denil Castillo,MF,21.0,1.0,1,1.0,0.1,0.0,0,,0,1,1.0,4,3.0,0.0,0.0,0.0,0.0,-0.5
Ecuador,Patrik Mercado,MF,22.0,1.0,1,1.0,0.1,0.0,0,,0,1,1.0,1,1.0,0.0,0.0,0.0,0.0,-0.5
Ecuador,Xavier Arreaga,DF,31.0,0.0,,,,,0,,0,0,,7,,,,,,
Ecuador,Javier Burrai,GK,35.0,0.0,,,,,0,,0,0,,2,,,,,,
Ecuador,David Cabezas,GK,30.0,0.0,,,,,0,,0,0,,2,,,,,,
Ecuador,Aníbal Chalá,"DF,MF",29.0,0.0,,,,,0,,0,0,,2,,,,,,
Ecuador,Gilmar Napa,GK,23.0,0.0,,,,,0,,0,0,,2,,,,,,
Ecuador,Jackson Porozo,DF,25.0,0.0,,,,,0,,0,0,,1,,,,,,
Ecuador,Leonel Quiñónez,DF,32.0,0.0,,,,,0,,0,0,,1,,,,,,
Ecuador,Bryan Ramírez,"DF,FW",25.0,0.0,,,,,0,,0,0,,2,,,,,,
Ecuador,Luis Segovia,DF,28.0,0.0,,,,,0,,0,0,,1,,,,,,
Ecuador,Óscar Zambrano,MF,21.0,0.0,,,,,0,,0,0,,4,,,,,,
Ecuador,Willian Pacho,DF,24.6598,20.0,"1,800",90.0,90.9,20.0,20,90.0,20,0,,0,1.7,16.0,7.0,9.0,0.45,-1.55
Ecuador,Moisés Caicedo,MF,24.6133,19.0,"1,624",85.0,82.0,18.0,18,88.0,17,1,45.0,0,1.74,14.0,7.0,7.0,0.39,-1.13
Ecuador,Pervis Estupiñán,"DF,MF",28.3943,17.0,"1,330",78.0,67.2,14.8,15,86.0,6,2,17.0,0,1.71,14.0,7.0,7.0,0.47,-0.36
Ecuador,Piero Hincapié,DF,24.4271,16.0,"1,319",82.0,66.6,14.7,15,85.0,13,1,45.0,0,1.69,12.0,2.0,10.0,0.68,0.27
Ecuador,Félix Torres Caicedo,DF,29.4216,18.0,"1,260",70.0,63.6,14.0,14,85.0,11,4,18.0,3,1.78,12.0,7.0,5.0,0.36,-0.64
Ecuador,Hernán Galíndez,GK,39.2081,14.0,"1,246",89.0,62.9,13.8,14,89.0,13,0,,7,1.85,14.0,5.0,9.0,0.65,0.16
Ecuador,Alan Franco,MF,27.8131,16.0,"1,237",77.0,62.5,13.7,15,82.0,11,1,9.0,2,1.82,12.0,4.0,8.0,0.58,-0.02
Ecuador,Enner Valencia,FW,36.6078,17.0,"1,221",72.0,61.7,13.6,16,75.0,3,1,23.0,0,1.71,15.0,5.0,10.0,0.74,0.38
Ecuador,Ángelo Preciado,"MF,DF",28.3176,17.0,938,55.0,47.4,10.4,9,79.0,5,8,29.0,0,1.76,9.0,4.0,5.0,0.48,-0.21
Ecuador,Pedro Vite,MF,24.2656,12.0,917,76.0,46.3,10.2,10,84.0,4,2,39.0,1,2.0,12.0,2.0,10.0,0.98,0.73
Ecuador,Joel Ordóñez,DF,22.1478,11.0,916,83.0,46.3,10.2,10,87.0,9,1,45.0,5,1.91,12.0,2.0,10.0,0.98,0.73
Ecuador,Gonzalo Plata,"MF,FW",25.616,12.0,829,69.0,41.9,9.2,10,79.0,2,2,19.0,1,1.75,11.0,2.0,9.0,0.98,0.66
Ecuador,Kendry Páez,"MF,FW",19.1123,15.0,733,49.0,37.0,8.1,9,65.0,0,6,25.0,6,2.0,6.0,3.0,3.0,0.37,-0.35
Ecuador,John Yeboah,"FW,MF",25.9747,13.0,622,48.0,31.4,6.9,6,75.0,0,7,25.0,3,1.85,10.0,2.0,8.0,1.16,0.83
Ecuador,Kevin Rodríguez,FW,26.2793,18.0,609,34.0,30.8,6.8,5,72.0,0,13,19.0,1,1.89,3.0,6.0,-3.0,-0.44,-1.49
Ecuador,Carlos Gruezo,MF,31.1533,7.0,487,70.0,30.1,5.4,4,90.0,4,3,42.0,2,1.86,4.0,3.0,1.0,0.18,-0.45
Ecuador,Alan Minda,MF,23.0849,10.0,428,43.0,21.6,4.8,6,61.0,0,4,16.0,1,1.8,7.0,0.0,7.0,1.47,1.12
Ecuador,Nilson Angulo,MF,22.9856,6.0,400,67.0,20.2,4.4,5,74.0,0,1,31.0,0,2.0,5.0,0.0,5.0,1.13,0.67
Ecuador,Moisés Ramírez,GK,25.7611,3.0,270,90.0,13.6,3.0,3,90.0,3,0,,16,2.33,4.0,2.0,2.0,0.67,0.09
Ecuador,Gonzalo Valle,GK,30.2902,4.0,252,63.0,12.7,2.8,3,79.0,2,1,14.0,8,1.5,2.0,1.0,1.0,0.36,-0.27
Ecuador,Robert Arboleda,DF,34.6434,3.0,249,83.0,15.4,2.8,3,83.0,2,0,,1,2.0,3.0,2.0,1.0,0.36,-0.16
Ecuador,Jordy Alcivar,MF,26.8569,6.0,215,36.0,10.9,2.4,2,68.0,1,4,20.0,2,2.0,2.0,1.0,1.0,0.42,-0.19
Ecuador,José Cifuentes,MF,27.2574,3.0,210,70.0,13.0,2.3,3,70.0,0,0,,1,1.33,1.0,0.0,1.0,0.43,-0.08
Ecuador,Jhoanner Chávez,"MF,DF",24.1369,5.0,203,41.0,12.5,2.3,2,84.0,1,3,12.0,5,2.2,1.0,0.0,1.0,0.44,-0.06
Ecuador,Anthony Valencia,MF,22.898,3.0,194,65.0,53.9,2.2,2,75.0,1,1,45.0,1,2.33,3.0,1.0,2.0,0.93,-0.16
Ecuador,Jackson Porozo,DF,25.8597,2.0,180,90.0,9.1,2.0,2,90.0,2,0,,3,3.0,5.0,1.0,4.0,2.0,2.0
Ecuador,Alexander Domínguez,GK,39.0246,2.0,180,90.0,11.1,2.0,2,90.0,2,0,,4,2.0,1.0,0.0,1.0,0.5,0.0
Ecuador,Ángel Mena,MF,38.3943,6.0,166,28.0,10.2,1.8,1,74.0,0,5,18.0,3,1.83,1.0,0.0,1.0,0.54,0.05
Ecuador,Jordy Caicedo,FW,28.5695,5.0,163,33.0,8.2,1.8,3,53.0,0,2,3.0,3,2.2,3.0,0.0,3.0,1.66,1.16
Ecuador,Julio Joao Ortíz,MF,30.1205,5.0,151,30.0,9.3,1.7,1,90.0,1,4,15.0,1,2.0,2.0,2.0,0.0,0.0,-0.55
Ecuador,Junior Sornoza,MF,32.3751,2.0,141,71.0,8.7,1.6,2,71.0,0,0,,2,2.0,1.0,0.0,1.0,0.64,0.15
Ecuador,John Mercado,FW,24.0301,5.0,138,28.0,7.0,1.5,1,58.0,0,4,20.0,6,2.4,1.0,2.0,-1.0,-0.65,-1.34
Ecuador,José Hurtado,DF,24.4736,4.0,138,35.0,7.0,1.5,2,63.0,0,2,7.0,3,1.75,1.0,1.0,0.0,0.0,-0.64
Ecuador,Jhojan Julio,FW,28.3368,4.0,125,31.0,7.7,1.4,1,69.0,0,3,19.0,2,2.0,2.0,1.0,1.0,0.72,0.24
Ecuador,Jeremy Sarmiento,MF,23.9938,3.0,113,38.0,7.0,1.3,1,45.0,0,2,34.0,2,1.33,0.0,1.0,-1.0,-0.8,-1.39
Ecuador,Darwin Guagua,FW,18.6023,2.0,104,52.0,5.3,1.2,2,52.0,0,0,,1,2.0,1.0,0.0,1.0,0.87,0.29
Ecuador,Yaimar Medina,"DF,MF",21.6051,4.0,98,25.0,4.9,1.1,1,76.0,0,3,7.0,7,1.75,2.0,1.0,1.0,0.92,0.34
Ecuador,Janner Corozo,MF,30.7639,2.0,92,46.0,4.6,1.0,1,61.0,0,1,31.0,2,2.0,2.0,0.0,2.0,1.96,1.54
Ecuador,Denil Castillo,MF,22.2245,2.0,77,39.0,3.9,0.9,1,76.0,0,1,1.0,4,3.0,2.0,0.0,2.0,2.34,1.82
Ecuador,Jeremy Arévalo,MF,21.2382,3.0,76,25.0,21.1,0.8,1,73.0,0,2,2.0,1,1.67,2.0,0.0,2.0,2.37,1.73
Ecuador,Leonardo Campana,FW,25.8898,3.0,54,18.0,3.3,0.6,0,,0,3,18.0,3,1.67,0.0,0.0,0.0,0.0,-0.52
Ecuador,Jhegson Méndez,MF,29.1342,2.0,46,23.0,2.8,0.5,1,45.0,0,1,1.0,3,1.5,0.0,1.0,-1.0,-1.96,-2.53
Ecuador,Keny Arroyo,MF,20.3285,2.0,33,17.0,2.0,0.4,0,,0,2,17.0,2,2.0,0.0,0.0,0.0,0.0,-0.51
Ecuador,David Cabezas,GK,31.0055,1.0,32,32.0,1.6,0.4,0,,0,1,32.0,2,1.0,0.0,0.0,0.0,0.0,-1.1
Ecuador,Leonardo Realpe,DF,25.2957,1.0,21,21.0,1.3,0.2,0,,0,1,21.0,5,3.0,0.0,0.0,0.0,0.0,-0.51
Ecuador,Cristian Ramírez,DF,31.8378,1.0,14,14.0,0.9,0.2,0,,0,1,14.0,8,1.0,0.0,0.0,0.0,0.0,-0.5
Ecuador,Beder Caicedo,"DF,MF",34.0876,1.0,13,13.0,0.8,0.1,0,,0,1,13.0,1,3.0,1.0,1.0,0.0,0.0,-0.5
Ecuador,Patrik Mercado,MF,22.8706,1.0,1,1.0,0.1,0.0,0,,0,1,1.0,1,1.0,0.0,0.0,0.0,0.0,-0.5
Ecuador,Fricio Caicedo,DF,18.1588,1.0,1,1.0,0.3,0.0,0,,0,1,1.0,0,3.0,0.0,0.0,0.0,0.0,-1.0
Ecuador,Bryan Ramírez,"DF,FW",25.8405,0.0,,,,,0,,0,0,,3,,,,,,
Ecuador,Óscar Zambrano,MF,22.1506,0.0,,,,,0,,0,0,,4,,,,,,
Ecuador,Cristhian Loor,GK,20.2656,0.0,,,,,0,,0,0,,1,,,,,,
Ecuador,Bruno Caicedo,MF,21.4107,0.0,,,,,0,,0,0,,1,,,,,,
Ecuador,Ederson Castillo,MF,17.5092,0.0,,,,,0,,0,0,,1,,,,,,
Ecuador,Alexander Legendre,MF,18.1451,0.0,,,,,0,,0,0,,1,,,,,,
Ecuador,Deinner Ordóñez,DF,16.6242,0.0,,,,,0,,0,0,,1,,,,,,
Ecuador,Luis Fragozo,FW,16.1834,0.0,,,,,0,,0,0,,1,,,,,,
Ecuador,Malcom Dacosta,MF,18.1588,0.0,,,,,0,,0,0,,1,,,,,,
Ecuador,Leonel Quiñónez,DF,32.9473,0.0,,,,,0,,0,0,,1,,,,,,
Ecuador,Xavier Arreaga,DF,31.7091,0.0,,,,,0,,0,0,,7,,,,,,
Ecuador,Luis Segovia,DF,28.6324,0.0,,,,,0,,0,0,,1,,,,,,
Ecuador,Aníbal Chalá,"DF,MF",30.0986,0.0,,,,,0,,0,0,,2,,,,,,
Ecuador,Gilmar Napa,GK,23.4381,0.0,,,,,0,,0,0,,2,,,,,,
Ecuador,Javier Burrai,GK,35.679,0.0,,,,,0,,0,0,,2,,,,,,
Egypt,Mohamed Salah,"MF,FW",33.0,9.0,806.0,90.0,89.6,9.0,9,90.0,7,0,,0,2.56,19.0,2.0,17.0,1.9,0.94
Egypt,Trézéguet,"MF,DF",31.0,10.0,799.0,80.0,88.8,8.9,9,86.0,1,1,29.0,0,2.6,17.0,2.0,15.0,1.69,-0.98
Egypt,Mohamed El-Shenawy,GK,37.0,9.0,780.0,87.0,86.7,8.7,9,87.0,8,0,,0,2.56,18.0,2.0,16.0,1.85,0.35
Egypt,Mohamed Hany,"DF,MF",30.0,9.0,760.0,84.0,84.4,8.4,9,84.0,7,0,,1,2.56,13.0,2.0,11.0,1.3,-3.2
Egypt,Zizo,MF,30.0,10.0,669.0,67.0,74.3,7.4,9,74.0,1,1,6.0,0,2.6,16.0,2.0,14.0,1.88,0.32
Egypt,Ramy Rabia,DF,32.0,8.0,720.0,90.0,80.0,8.0,8,90.0,8,0,,1,2.5,12.0,2.0,10.0,1.25,-2.75
Egypt,Marwan Attia,MF,27.0,8.0,618.0,77.0,68.7,6.9,7,85.0,5,1,22.0,0,2.5,12.0,2.0,10.0,1.46,-1.1
Egypt,Mostafa Mohamed,FW,28.0,10.0,522.0,52.0,58.0,5.8,7,69.0,1,3,13.0,0,2.6,14.0,1.0,13.0,2.24,1.05
Egypt,Hamdy Fathy,"MF,DF",31.0,8.0,546.0,68.0,60.7,6.1,6,80.0,3,2,32.0,0,2.75,14.0,2.0,12.0,1.98,0.45
Egypt,Mohamed Hamdy,"DF,MF",30.0,6.0,510.0,85.0,56.7,5.7,6,85.0,5,0,,1,2.33,8.0,1.0,7.0,1.24,-1.3
Egypt,Mohamed Abdelmonem,DF,26.0,6.0,495.0,83.0,55.0,5.5,6,83.0,5,0,,0,2.67,10.0,2.0,8.0,1.45,-0.77
Egypt,Omar Marmoush,"MF,FW",26.0,6.0,339.0,57.0,37.7,3.8,5,65.0,0,1,12.0,0,2.67,10.0,0.0,10.0,2.65,1.37
Egypt,Ahmed Nabil Koka,MF,24.0,5.0,274.0,55.0,30.4,3.0,3,81.0,1,2,16.0,3,2.6,3.0,0.0,3.0,0.99,-1.17
Egypt,Osama Faisal,FW,25.0,4.0,234.0,59.0,26.0,2.6,2,74.0,0,2,44.0,2,2.5,4.0,0.0,4.0,1.54,-0.35
Egypt,Ibrahim Adel,MF,24.0,5.0,222.0,44.0,24.7,2.5,2,90.0,2,3,14.0,1,2.6,4.0,0.0,4.0,1.62,-0.24
Egypt,Khaled Sobhi,DF,30.0,3.0,187.0,62.0,20.8,2.1,2,90.0,2,1,7.0,3,2.33,2.0,0.0,2.0,0.96,-1.06
Egypt,Mohamed Elneny,MF,33.0,2.0,180.0,90.0,20.0,2.0,2,90.0,2,0,,0,3.0,8.0,0.0,8.0,4.0,2.75
Egypt,Mohanad Lasheen,MF,29.0,4.0,152.0,38.0,16.9,1.7,1,90.0,1,3,21.0,0,2.5,2.0,0.0,2.0,1.18,-0.74
Egypt,Ali Gabr,DF,37.0,2.0,135.0,68.0,15.0,1.5,1,90.0,1,1,45.0,0,3.0,6.0,0.0,6.0,4.0,2.59
Egypt,Omar Kamal,DF,32.0,3.0,114.0,38.0,12.7,1.3,1,90.0,1,2,12.0,0,2.5,7.0,1.0,6.0,4.74,3.36
Egypt,Emam Ashour,MF,27.0,2.0,102.0,51.0,11.3,1.1,1,57.0,0,1,45.0,1,2.0,3.0,1.0,2.0,1.76,-0.04
Egypt,Ahmed Eid,MF,25.0,2.0,101.0,51.0,11.2,1.1,1,90.0,1,1,11.0,4,2.0,0.0,0.0,0.0,0.0,-2.03
Egypt,Ahmed Fatouh,DF,27.0,1.0,90.0,90.0,10.0,1.0,1,90.0,1,0,,1,3.0,6.0,0.0,6.0,6.0,4.67
Egypt,Yasser Ibrahim,DF,32.0,1.0,90.0,90.0,10.0,1.0,1,90.0,1,0,,3,3.0,1.0,0.0,1.0,1.0,-0.89
Egypt,Ahmed Samy,DF,33.0,1.0,90.0,90.0,10.0,1.0,1,90.0,1,0,,1,3.0,6.0,0.0,6.0,6.0,4.67
Egypt,Mohamed Sobhy,GK,26.0,1.0,90.0,90.0,10.0,1.0,1,90.0,1,0,,5,3.0,1.0,0.0,1.0,1.0,-0.89
Egypt,Ahmed Amin Ofaa,FW,29.0,2.0,73.0,37.0,8.1,0.8,0,,0,2,37.0,0,2.0,1.0,1.0,0.0,0.0,-1.96
Egypt,Mahmoud Saber,MF,24.0,4.0,48.0,12.0,5.3,0.5,0,,0,4,12.0,2,3.0,1.0,0.0,1.0,1.87,0.08
Egypt,Akram Tawfik,MF,28.0,1.0,33.0,33.0,3.7,0.4,0,,0,1,33.0,1,3.0,0.0,0.0,0.0,0.0,-1.87
Egypt,Mostafa Shobeir,GK,25.0,1.0,30.0,30.0,3.3,0.3,0,,0,1,30.0,6,3.0,1.0,0.0,1.0,3.0,1.24
Egypt,Mohamed Shehata,MF,24.0,2.0,26.0,13.0,2.9,0.3,0,,0,2,13.0,0,3.0,0.0,0.0,0.0,0.0,-1.85
Egypt,Mahmoud Hamada,MF,31.0,1.0,22.0,22.0,2.4,0.2,0,,0,1,22.0,0,3.0,0.0,0.0,0.0,0.0,-1.85
Egypt,Mohamed Sherif,FW,29.0,2.0,20.0,10.0,2.2,0.2,0,,0,2,10.0,2,3.0,1.0,0.0,1.0,4.5,2.76
Egypt,Mostafa Fathi,MF,30.0,4.0,17.0,4.0,1.9,0.2,0,,0,4,4.0,4,3.0,1.0,0.0,1.0,5.29,3.56
Egypt,Nabil Dunga,MF,29.0,1.0,3.0,3.0,0.3,0.0,0,,0,1,3.0,3,3.0,0.0,0.0,0.0,0.0,-1.81
Egypt,Hossam Abdelmaguid,DF,24.0,2.0,2.0,1.0,0.2,0.0,0,,0,2,1.0,4,2.0,0.0,0.0,0.0,0.0,-1.8
Egypt,Naser Maher,MF,28.0,1.0,1.0,1.0,0.1,0.0,0,,0,1,1.0,1,1.0,0.0,0.0,0.0,0.0,-1.8
Egypt,Mohamed Awad,GK,33.0,0.0,,,,,0,,0,0,,4,,,,,,
Egypt,Abdelaziz El Balouty,GK,32.0,0.0,,,,,0,,0,0,,1,,,,,,
Egypt,Amr El Gazar,DF,26.0,0.0,,,,,0,,0,0,,4,,,,,,
Egypt,Tarek Hamed,MF,37.0,0.0,,,,,0,,0,0,,1,,,,,,
Egypt,Mohamed Rabiea,DF,29.0,0.0,,,,,0,,0,0,,2,,,,,,
Egypt,Hussein El Shahat,MF,33.0,0.0,,,,,0,,0,0,,1,,,,,,
Egypt,Mohamed El Shamy,MF,30.0,0.0,,,,,0,,0,0,,1,,,,,,
Egypt,Ahmed El-Shenawy,GK,34.0,0.0,,,,,0,,0,0,,2,,,,,,
Egypt,Marwan Attia,MF,27.8378,4.0,339.0,85.0,94.2,3.8,4,85.0,2,0,,0,1.75,6.0,2.0,4.0,1.06,1.06
Egypt,Mohamed Hany,DF,30.3833,4.0,325.0,81.0,90.3,3.6,4,81.0,1,0,,0,1.75,6.0,2.0,4.0,1.11,1.11
Egypt,Yasser Ibrahim,DF,33.3395,4.0,321.0,80.0,89.2,3.6,4,80.0,2,0,,0,1.75,6.0,2.0,4.0,1.12,1.12
Egypt,Omar Marmoush,FW,27.3477,4.0,296.0,74.0,82.2,3.3,4,74.0,0,0,,0,1.75,6.0,2.0,4.0,1.22,1.22
Egypt,Mostafa Shobeir,GK,26.0821,4.0,281.0,70.0,78.1,3.1,4,70.0,2,0,,0,1.75,5.0,2.0,3.0,0.96,-0.18
Egypt,Mohanad Lasheen,MF,30.0438,4.0,294.0,74.0,81.7,3.3,3,83.0,1,1,45.0,0,1.75,3.0,2.0,1.0,0.31,-3.78
Egypt,Hamdy Fathy,DF,31.7064,3.0,259.0,86.0,71.9,2.9,3,86.0,1,0,,0,1.33,5.0,2.0,3.0,1.04,0.15
Egypt,Ahmed Fatouh,DF,28.23,3.0,239.0,80.0,66.4,2.7,3,80.0,1,0,,1,1.33,5.0,2.0,3.0,1.13,0.39
Egypt,Zizo,MF,30.4244,4.0,176.0,44.0,48.9,2.0,3,57.0,0,1,6.0,0,1.75,4.0,0.0,4.0,2.05,2.05
Egypt,Trézéguet,MF,31.7009,4.0,168.0,42.0,46.7,1.9,3,41.0,0,1,45.0,0,1.75,4.0,1.0,3.0,1.61,1.14
Egypt,Emam Ashour,MF,28.3121,4.0,139.0,35.0,38.6,1.5,3,41.0,0,1,16.0,0,1.75,3.0,0.0,3.0,1.94,1.54
Egypt,Islam Eissa,MF,30.3641,2.0,124.0,62.0,34.4,1.4,2,62.0,0,0,,0,2.0,4.0,0.0,4.0,2.9,2.9
Egypt,Haissem Hassan,MF,24.345,4.0,165.0,41.0,45.8,1.8,1,45.0,0,3,40.0,0,1.75,3.0,1.0,2.0,1.09,0.17
Egypt,Mostafa Ziko,MF,29.1314,2.0,132.0,66.0,36.7,1.5,1,75.0,0,1,57.0,0,1.5,2.0,2.0,0.0,0.0,-1.58
Egypt,Karim Hafez,DF,30.2574,2.0,106.0,53.0,29.4,1.2,1,90.0,1,1,16.0,0,1.5,1.0,0.0,1.0,0.85,-0.21
Egypt,Mohamed Abdelmonem,DF,27.3641,3.0,94.0,31.0,26.1,1.0,1,45.0,0,2,25.0,1,2.0,0.0,1.0,-1.0,-0.96,-2.65
Egypt,Ibrahim Adel,MF,25.1424,3.0,106.0,35.0,29.4,1.2,0,,0,3,35.0,1,2.0,1.0,0.0,1.0,0.85,-0.21
Egypt,Mohamed El-Shenawy,GK,37.4873,2.0,79.0,40.0,21.9,0.9,0,,0,2,40.0,2,3.0,1.0,0.0,1.0,1.14,0.18
Egypt,Ramy Rabia,"DF,MF",33.0684,2.0,78.0,39.0,21.7,0.9,0,,0,2,39.0,2,3.0,1.0,0.0,1.0,1.15,0.2
Egypt,Mahmoud Saber,MF,24.8734,3.0,47.0,16.0,13.1,0.5,0,,0,3,16.0,1,2.33,0.0,0.0,0.0,0.0,-1.15
Egypt,Mohamed Salah,"FW,MF",33.9966,1.0,45.0,45.0,12.5,0.5,0,,0,1,45.0,0,0.0,0.0,1.0,-1.0,-2.0,-3.43
Egypt,Tarek Alaa,DF,24.4381,3.0,35.0,12.0,9.7,0.4,0,,0,3,12.0,1,2.0,0.0,0.0,0.0,0.0,-1.11
Egypt,Mostafa Mohamed,FW,28.5421,1.0,33.0,33.0,9.2,0.4,0,,0,1,33.0,1,3.0,0.0,0.0,0.0,0.0,-1.1
Egypt,Hossam Abdelmaguid,DF,25.1232,3.0,27.0,9.0,7.5,0.3,0,,0,3,9.0,1,2.33,0.0,0.0,0.0,0.0,-1.08
Egypt,Nabil Dunga,MF,30.1889,1.0,19.0,19.0,5.3,0.2,0,,0,1,19.0,1,3.0,0.0,0.0,0.0,0.0,-1.06
Egypt,Ahmed Nabil Koka,MF,24.9446,1.0,15.0,15.0,4.2,0.2,0,,0,1,15.0,1,3.0,0.0,0.0,0.0,0.0,-1.04
Egypt,Hamza Abdelkarim,FW,18.449,2.0,11.0,6.0,3.1,0.1,0,,0,2,6.0,0,1.5,0.0,0.0,0.0,0.0,-1.03
Egypt,Aqtay Abdallah,FW,23.0356,0.0,,,,,0,,0,0,,1,,,,,,
Egypt,Mohamed Alaa,GK,27.449,0.0,,,,,0,,0,0,,4,,,,,,
Egypt,El Mahdy Soliman,GK,39.0164,0.0,,,,,0,,0,0,,4,,,,,,
Egypt,Nasser Mansy,FW,28.5749,0.0,,,,,0,,0,0,,2,,,,,,
Egypt,Khaled Sobhi,DF,31.1123,0.0,,,,,0,,0,0,,2,,,,,,
Egypt,Mohamed Hany,"DF,MF",30.3833,13.0,"1,085",83.0,86.1,12.1,13,83.0,8,0,,1,2.31,19.0,4.0,15.0,1.24,-2.36
Egypt,Trézéguet,"MF,DF",31.7009,14.0,967,69.0,76.7,10.7,12,74.0,1,2,37.0,0,2.36,21.0,3.0,18.0,1.68,0.45
Egypt,Marwan Attia,MF,27.8378,12.0,957,80.0,76.0,10.6,11,85.0,7,1,22.0,0,2.25,18.0,4.0,14.0,1.32,-1.06
Egypt,Mohamed El-Shenawy,GK,37.4873,11.0,859,78.0,68.2,9.5,9,87.0,8,2,40.0,2,2.64,19.0,2.0,17.0,1.78,0.66
Egypt,Mohamed Salah,"MF,FW",33.9966,10.0,851,85.0,67.5,9.5,9,90.0,7,1,45.0,0,2.3,19.0,3.0,16.0,1.69,0.37
Egypt,Zizo,MF,30.4244,14.0,845,60.0,67.1,9.4,12,69.0,1,2,6.0,0,2.36,20.0,2.0,18.0,1.92,1.05
Egypt,Hamdy Fathy,"MF,DF",31.7064,11.0,805,73.0,63.9,8.9,9,82.0,4,2,32.0,0,2.36,19.0,4.0,15.0,1.68,0.29
Egypt,Ramy Rabia,DF,33.0684,10.0,798,80.0,63.3,8.9,8,90.0,8,2,39.0,3,2.6,13.0,2.0,11.0,1.24,-0.9
Egypt,Omar Marmoush,"MF,FW",27.3477,10.0,635,64.0,50.4,7.1,9,69.0,0,1,12.0,0,2.3,16.0,2.0,14.0,1.98,0.83
Egypt,Mohamed Abdelmonem,DF,27.3641,9.0,589,65.0,46.7,6.5,7,77.0,5,2,25.0,1,2.45,10.0,3.0,7.0,1.07,-0.94
Egypt,Mostafa Mohamed,FW,28.5421,11.0,555,50.0,44.0,6.2,7,69.0,1,4,18.0,1,2.64,14.0,1.0,13.0,2.11,0.96
Egypt,Mohamed Hamdy,"DF,MF",31.2491,6.0,510,85.0,56.7,5.7,6,85.0,5,0,,1,2.33,8.0,1.0,7.0,1.24,-1.3
Egypt,Mohanad Lasheen,MF,30.0438,8.0,446,56.0,35.4,5.0,4,85.0,2,4,27.0,0,2.13,5.0,2.0,3.0,0.61,-1.5
Egypt,Yasser Ibrahim,DF,33.3395,5.0,411,82.0,32.6,4.6,5,82.0,3,0,,3,2.0,7.0,2.0,5.0,1.09,-0.71
Egypt,Ahmed Fatouh,DF,28.23,4.0,329,82.0,26.1,3.7,4,82.0,2,0,,2,1.75,11.0,2.0,9.0,2.46,1.21
Egypt,Ibrahim Adel,MF,25.1424,8.0,328,41.0,26.0,3.6,2,90.0,2,6,25.0,2,2.38,5.0,0.0,5.0,1.37,-0.27
Egypt,Mostafa Shobeir,GK,26.0821,5.0,311,62.0,24.7,3.5,4,70.0,2,1,30.0,6,2.0,6.0,2.0,4.0,1.16,-0.55
Egypt,Ahmed Nabil Koka,MF,24.9446,6.0,289,48.0,22.9,3.2,3,81.0,1,3,16.0,4,2.67,3.0,0.0,3.0,0.93,-0.83
Egypt,Emam Ashour,MF,28.3121,6.0,241,40.0,19.1,2.7,4,45.0,0,2,31.0,1,1.83,6.0,1.0,5.0,1.87,0.37
Egypt,Osama Faisal,FW,25.449,4.0,234,59.0,26.0,2.6,2,74.0,0,2,44.0,2,2.5,4.0,0.0,4.0,1.54,-0.35
Egypt,Khaled Sobhi,DF,31.1123,3.0,187,62.0,14.8,2.1,2,90.0,2,1,7.0,5,2.33,2.0,0.0,2.0,0.96,-1.06
Egypt,Mohamed Elneny,MF,33.9254,2.0,180,90.0,20.0,2.0,2,90.0,2,0,,0,3.0,8.0,0.0,8.0,4.0,2.75
Egypt,Haissem Hassan,MF,24.345,4.0,165,41.0,45.8,1.8,1,45.0,0,3,40.0,0,1.75,3.0,1.0,2.0,1.09,0.17
Egypt,Ali Gabr,DF,37.4244,2.0,135,68.0,15.0,1.5,1,90.0,1,1,45.0,0,3.0,6.0,0.0,6.0,4.0,2.59
Egypt,Mostafa Ziko,MF,29.1314,2.0,132,66.0,36.7,1.5,1,75.0,0,1,57.0,0,1.5,2.0,2.0,0.0,0.0,-1.58
Egypt,Islam Eissa,MF,30.3641,2.0,124,62.0,34.4,1.4,2,62.0,0,0,,0,2.0,4.0,0.0,4.0,2.9,2.9
Egypt,Omar Kamal,DF,32.7064,3.0,114,38.0,12.7,1.3,1,90.0,1,2,12.0,0,2.5,7.0,1.0,6.0,4.74,3.36
Egypt,Karim Hafez,DF,30.2574,2.0,106,53.0,29.4,1.2,1,90.0,1,1,16.0,0,1.5,1.0,0.0,1.0,0.85,-0.21
Egypt,Ahmed Eid,MF,25.4463,2.0,101,51.0,11.2,1.1,1,90.0,1,1,11.0,4,2.0,0.0,0.0,0.0,0.0,-2.03
Egypt,Mahmoud Saber,MF,24.8734,7.0,95,14.0,7.5,1.1,0,,0,7,14.0,3,2.71,1.0,0.0,1.0,0.95,-0.67
Egypt,Mohamed Sobhy,GK,26.9144,1.0,90,90.0,10.0,1.0,1,90.0,1,0,,5,3.0,1.0,0.0,1.0,1.0,-0.89
Egypt,Ahmed Samy,DF,34.2053,1.0,90,90.0,10.0,1.0,1,90.0,1,0,,1,3.0,6.0,0.0,6.0,6.0,4.67
Egypt,Ahmed Amin Ofaa,FW,29.6872,2.0,73,37.0,8.1,0.8,0,,0,2,37.0,0,2.0,1.0,1.0,0.0,0.0,-1.96
Egypt,Tarek Alaa,DF,24.4381,3.0,35,12.0,9.7,0.4,0,,0,3,12.0,1,2.0,0.0,0.0,0.0,0.0,-1.11
Egypt,Akram Tawfik,MF,28.5969,1.0,33,33.0,3.7,0.4,0,,0,1,33.0,1,3.0,0.0,0.0,0.0,0.0,-1.87
Egypt,Hossam Abdelmaguid,DF,25.1232,5.0,29,6.0,2.3,0.3,0,,0,5,6.0,5,2.2,0.0,0.0,0.0,0.0,-1.61
Egypt,Mohamed Shehata,MF,25.345,2.0,26,13.0,2.9,0.3,0,,0,2,13.0,0,3.0,0.0,0.0,0.0,0.0,-1.85
Egypt,Nabil Dunga,MF,30.1889,2.0,22,11.0,1.7,0.2,0,,0,2,11.0,4,3.0,0.0,0.0,0.0,0.0,-1.6
Egypt,Mahmoud Hamada,MF,32.0356,1.0,22,22.0,2.4,0.2,0,,0,1,22.0,0,3.0,0.0,0.0,0.0,0.0,-1.85
Egypt,Mohamed Sherif,FW,30.3559,2.0,20,10.0,2.2,0.2,0,,0,2,10.0,2,3.0,1.0,0.0,1.0,4.5,2.76
Egypt,Mostafa Fathi,MF,31.293,4.0,17,4.0,1.9,0.2,0,,0,4,4.0,4,3.0,1.0,0.0,1.0,5.29,3.56
Egypt,Hamza Abdelkarim,FW,18.449,2.0,11,6.0,3.1,0.1,0,,0,2,6.0,0,1.5,0.0,0.0,0.0,0.0,-1.03
Egypt,Naser Maher,MF,29.345,1.0,1,1.0,0.1,0.0,0,,0,1,1.0,1,1.0,0.0,0.0,0.0,0.0,-1.8
Egypt,Hussein El Shahat,MF,33.9802,0.0,,,,,0,,0,0,,1,,,,,,
Egypt,Abdelaziz El Balouty,GK,32.4298,0.0,,,,,0,,0,0,,1,,,,,,
Egypt,Mohamed Awad,GK,33.9391,0.0,,,,,0,,0,0,,4,,,,,,
Egypt,Mohamed El Shamy,MF,30.449,0.0,,,,,0,,0,0,,1,,,,,,
Egypt,Tarek Hamed,MF,37.6379,0.0,,,,,0,,0,0,,1,,,,,,
Egypt,Ahmed El-Shenawy,GK,35.0849,0.0,,,,,0,,0,0,,2,,,,,,
Egypt,Mohamed Rabiea,DF,30.1095,0.0,,,,,0,,0,0,,2,,,,,,
Egypt,Amr El Gazar,DF,26.731,0.0,,,,,0,,0,0,,4,,,,,,
Egypt,El Mahdy Soliman,GK,39.0164,0.0,,,,,0,,0,0,,4,,,,,,
Egypt,Nasser Mansy,FW,28.5749,0.0,,,,,0,,0,0,,2,,,,,,
Egypt,Mohamed Alaa,GK,27.449,0.0,,,,,0,,0,0,,4,,,,,,
Egypt,Aqtay Abdallah,FW,23.0356,0.0,,,,,0,,0,0,,1,,,,,,
England,Jordan Pickford,GK,32.271,3.0,197.0,66.0,55.6,2.2,3,66.0,1,0,,1,2.0,2.0,1.0,1.0,0.46,-0.69
England,Elliot Anderson,MF,23.6023,3.0,200.0,67.0,56.5,2.2,2,80.0,1,1,40.0,0,2.0,2.0,1.0,1.0,0.45,-0.72
England,Ezri Konsa,DF,28.6407,3.0,192.0,64.0,54.2,2.1,2,76.0,0,1,40.0,0,2.0,2.0,1.0,1.0,0.47,-0.64
England,Anthony Gordon,MF,25.3012,3.0,180.0,60.0,50.8,2.0,2,70.0,0,1,40.0,0,2.0,2.0,1.0,1.0,0.5,-0.53
England,Nico O’Reilly,DF,21.2327,3.0,168.0,56.0,47.5,1.9,2,64.0,0,1,40.0,0,2.0,2.0,1.0,1.0,0.54,-0.43
England,Morgan Rogers,MF,23.8843,3.0,163.0,54.0,46.0,1.8,2,68.0,1,1,28.0,0,2.0,3.0,1.0,2.0,1.1,0.63
England,Kobbie Mainoo,MF,21.1533,4.0,157.0,39.0,44.4,1.7,2,58.0,0,2,21.0,0,1.75,3.0,2.0,1.0,0.57,-0.34
England,Marc Guéhi,DF,25.9199,3.0,155.0,52.0,43.8,1.7,2,64.0,0,1,28.0,0,2.0,3.0,1.0,2.0,1.16,0.71
England,Marcus Rashford,MF,28.6188,4.0,153.0,38.0,43.2,1.7,2,57.0,0,2,20.0,0,1.75,2.0,0.0,2.0,1.18,0.73
England,Djed Spence,DF,25.846,3.0,141.0,47.0,39.8,1.6,2,57.0,0,1,28.0,1,2.33,3.0,0.0,3.0,1.91,1.91
England,Phil Foden,"MF,FW",26.0465,2.0,113.0,57.0,31.9,1.3,2,57.0,0,0,,0,0.5,0.0,1.0,-1.0,-0.8,-2.29
England,Harry Kane,FW,32.8789,2.0,107.0,54.0,30.2,1.2,2,54.0,0,0,,0,3.0,2.0,0.0,2.0,1.68,1.32
England,John Stones,DF,32.0465,2.0,107.0,54.0,30.2,1.2,2,54.0,0,0,,1,3.0,2.0,0.0,2.0,1.68,1.32
England,Noni Madueke,MF,24.2628,2.0,99.0,50.0,28.0,1.1,2,50.0,0,0,,0,2.0,1.0,0.0,1.0,0.91,0.2
England,Jordan Henderson,MF,35.9911,2.0,90.0,45.0,25.4,1.0,2,45.0,0,0,,1,2.0,1.0,0.0,1.0,1.0,0.32
England,Tino Livramento,DF,23.5859,3.0,161.0,54.0,45.5,1.8,1,90.0,1,2,36.0,1,1.33,1.0,1.0,0.0,0.0,-1.4
England,James Trafford,GK,23.6762,2.0,130.0,65.0,36.7,1.4,1,90.0,1,1,40.0,2,2.0,1.0,1.0,0.0,0.0,-1.21
England,Jude Bellingham,MF,22.9582,2.0,110.0,55.0,31.1,1.2,1,70.0,0,1,40.0,1,3.0,2.0,0.0,2.0,1.64,1.27
England,Reece James,DF,26.5147,2.0,102.0,51.0,28.8,1.1,1,62.0,0,1,40.0,0,3.0,1.0,0.0,1.0,0.88,0.17
England,Harry Maguire,DF,33.2765,2.0,98.0,49.0,27.7,1.1,1,90.0,1,1,8.0,0,0.5,1.0,1.0,0.0,0.0,-1.05
England,Cole Palmer,MF,24.1068,2.0,93.0,47.0,26.3,1.0,1,58.0,0,1,35.0,0,0.5,1.0,2.0,-1.0,-0.97,-2.35
England,James Garner,MF,25.2546,2.0,88.0,44.0,24.9,1.0,1,68.0,0,1,20.0,0,0.5,0.0,0.0,0.0,0.0,-1.02
England,Dominic Solanke,FW,28.7474,2.0,87.0,44.0,24.6,1.0,1,55.0,0,1,32.0,0,0.5,0.0,0.0,0.0,0.0,-1.01
England,Ben White,DF,28.6817,2.0,81.0,41.0,22.9,0.9,1,59.0,0,1,22.0,0,0.5,1.0,2.0,-1.0,-1.11,-2.43
England,Fikayo Tomori,DF,28.4846,1.0,68.0,68.0,19.2,0.8,1,68.0,0,0,,0,1.0,0.0,0.0,0.0,0.0,-0.94
England,Jarell Quansah,DF,23.3723,2.0,65.0,33.0,18.4,0.7,1,45.0,0,1,20.0,0,3.0,2.0,0.0,2.0,2.77,2.46
England,Ollie Watkins,MF,30.4545,2.0,65.0,33.0,18.4,0.7,1,45.0,0,1,20.0,0,3.0,2.0,0.0,2.0,2.77,2.46
England,Declan Rice,MF,27.4134,1.0,62.0,62.0,17.5,0.7,1,62.0,0,0,,0,3.0,1.0,0.0,1.0,1.45,0.84
England,Jarrod Bowen,"FW,MF",29.4819,2.0,85.0,43.0,24.0,0.9,0,,0,2,43.0,0,0.5,1.0,1.0,0.0,0.0,-1.0
England,Dan Burn,DF,34.0986,3.0,68.0,23.0,19.2,0.8,0,,0,3,23.0,0,2.0,1.0,0.0,1.0,1.32,0.69
England,Lewis Hall,"DF,MF",21.7639,2.0,54.0,27.0,15.3,0.6,0,,0,2,27.0,0,0.5,1.0,1.0,0.0,0.0,-0.9
England,Adam Wharton,MF,22.3504,1.0,45.0,45.0,12.7,0.5,0,,0,1,45.0,0,1.0,1.0,1.0,0.0,0.0,-0.87
England,Rio Ngumoha,FW,17.7912,1.0,40.0,40.0,11.3,0.4,0,,0,1,40.0,0,3.0,0.0,0.0,0.0,0.0,-0.86
England,Ivan Toney,FW,30.2464,1.0,40.0,40.0,11.3,0.4,0,,0,1,40.0,1,3.0,0.0,0.0,0.0,0.0,-0.86
England,Dominic Calvert-Lewin,"FW,MF",29.2464,1.0,35.0,35.0,9.9,0.4,0,,0,1,35.0,0,1.0,1.0,1.0,0.0,0.0,-0.85
England,Eberechi Eze,"FW,MF",27.9582,1.0,28.0,28.0,7.9,0.3,0,,0,1,28.0,0,3.0,2.0,0.0,2.0,6.43,6.15
England,Dean Henderson,GK,29.2574,1.0,28.0,28.0,7.9,0.3,0,,0,1,28.0,2,3.0,2.0,0.0,2.0,6.43,6.15
England,Bukayo Saka,"FW,MF",24.7721,1.0,28.0,28.0,7.9,0.3,0,,0,1,28.0,0,3.0,2.0,0.0,2.0,6.43,6.15
England,Harvey Barnes,"FW,MF",28.512,1.0,22.0,22.0,6.2,0.2,0,,0,1,22.0,1,1.0,1.0,1.0,0.0,0.0,-0.81
England,Joshua King,MF,19.4435,0.0,,,,,0,,0,0,,1,,,,,,
England,Ethan Nwaneri,MF,19.2327,0.0,,,,,0,,0,0,,1,,,,,,
England,Aaron Ramsdale,GK,28.0849,0.0,,,,,0,,0,0,,1,,,,,,
England,Alex Scott,MF,22.8131,0.0,,,,,0,,0,0,,1,,,,,,
England,Jason Steele,GK,35.8214,0.0,,,,,0,,0,0,,2,,,,,,
England,Harry Kane,FW,32.0,8.0,679.0,85.0,94.3,7.5,8,85.0,6,0,,0,3.0,20.0,0.0,20.0,2.65,-1.74
England,Jordan Pickford,GK,31.0,7.0,630.0,90.0,87.5,7.0,7,90.0,7,0,,1,3.0,20.0,0.0,20.0,2.86,0.86
England,Declan Rice,MF,27.0,8.0,502.0,63.0,69.7,5.6,7,70.0,0,1,11.0,0,3.0,16.0,0.0,16.0,2.87,0.39
England,Ezri Konsa,DF,28.0,7.0,555.0,79.0,77.1,6.2,6,90.0,6,1,15.0,0,3.0,18.0,0.0,18.0,2.92,0.74
England,Morgan Rogers,"MF,DF",23.0,8.0,428.0,54.0,59.4,4.8,5,76.0,2,3,15.0,0,3.0,15.0,0.0,15.0,3.15,1.0
England,Reece James,DF,26.0,6.0,406.0,68.0,56.4,4.5,5,81.0,3,1,1.0,1,3.0,11.0,0.0,11.0,2.44,-0.71
England,Dan Burn,DF,33.0,5.0,380.0,76.0,52.8,4.2,4,90.0,4,1,20.0,3,3.0,8.0,0.0,8.0,1.89,-1.81
England,Elliot Anderson,MF,23.0,5.0,370.0,74.0,51.4,4.1,4,89.0,3,1,16.0,0,3.0,14.0,0.0,14.0,3.41,1.35
England,Jude Bellingham,MF,22.0,5.0,354.0,71.0,49.2,3.9,4,82.0,1,1,26.0,0,3.0,7.0,0.0,7.0,1.78,-1.91
England,Myles Lewis-Skelly,DF,19.0,4.0,347.0,87.0,48.2,3.9,4,87.0,2,0,,1,3.0,12.0,0.0,12.0,3.11,0.7
England,Marcus Rashford,MF,28.0,7.0,340.0,49.0,47.2,3.8,4,70.0,0,3,20.0,0,3.0,11.0,0.0,11.0,2.91,0.31
England,Marc Guéhi,DF,25.0,3.0,255.0,85.0,35.4,2.8,3,85.0,2,0,,2,3.0,10.0,0.0,10.0,3.53,1.21
England,Noni Madueke,MF,23.0,3.0,255.0,85.0,35.4,2.8,3,85.0,2,0,,0,3.0,7.0,0.0,7.0,2.47,-0.43
England,John Stones,DF,31.0,3.0,250.0,83.0,34.7,2.8,3,83.0,2,0,,0,3.0,8.0,0.0,8.0,2.88,0.2
England,Eberechi Eze,"MF,FW",27.0,6.0,252.0,42.0,35.0,2.8,2,69.0,0,4,29.0,2,3.0,6.0,0.0,6.0,2.14,-0.93
England,Jarrod Bowen,"MF,FW",29.0,5.0,197.0,39.0,27.4,2.2,2,67.0,0,3,21.0,2,3.0,5.0,0.0,5.0,2.28,-0.64
England,Anthony Gordon,"MF,FW",24.0,5.0,188.0,38.0,26.1,2.1,2,69.0,0,3,17.0,0,3.0,8.0,0.0,8.0,3.83,1.46
England,Nico O’Reilly,DF,20.0,2.0,180.0,90.0,25.0,2.0,2,90.0,2,0,,1,3.0,4.0,0.0,4.0,2.0,-1.0
England,Bukayo Saka,"MF,FW",24.0,3.0,178.0,59.0,24.7,2.0,2,75.0,1,1,29.0,0,3.0,8.0,0.0,8.0,4.04,1.72
England,Curtis Jones,MF,25.0,3.0,164.0,55.0,22.8,1.8,2,76.0,0,1,12.0,0,3.0,2.0,0.0,2.0,1.1,-2.14
England,Phil Foden,MF,25.0,4.0,152.0,38.0,21.1,1.7,1,73.0,0,3,26.0,0,3.0,6.0,0.0,6.0,3.55,1.02
England,Jordan Henderson,MF,35.0,6.0,152.0,25.0,21.1,1.7,1,64.0,0,5,18.0,2,3.0,4.0,0.0,4.0,2.37,-0.48
England,Djed Spence,DF,25.0,2.0,113.0,57.0,15.7,1.3,1,90.0,1,1,23.0,3,3.0,7.0,0.0,7.0,5.58,3.35
England,Tino Livramento,DF,23.0,2.0,112.0,56.0,15.6,1.2,1,90.0,1,1,22.0,1,3.0,5.0,0.0,5.0,4.02,1.5
England,Kyle Walker,DF,35.0,2.0,102.0,51.0,14.2,1.1,1,90.0,1,1,12.0,1,3.0,2.0,0.0,2.0,1.76,-1.15
England,Dean Henderson,GK,28.0,1.0,90.0,90.0,12.5,1.0,1,90.0,1,0,,7,3.0,2.0,0.0,2.0,2.0,-0.86
England,Jarell Quansah,DF,23.0,1.0,90.0,90.0,12.5,1.0,1,90.0,1,0,,3,3.0,2.0,0.0,2.0,2.0,-0.86
England,Adam Wharton,MF,21.0,2.0,80.0,40.0,11.1,0.9,1,74.0,0,1,6.0,0,3.0,2.0,0.0,2.0,2.25,-0.56
England,Cole Palmer,MF,23.0,1.0,64.0,64.0,8.9,0.7,1,64.0,0,0,,0,3.0,1.0,0.0,1.0,1.41,-1.47
England,Trent Alexander-Arnold,"DF,MF",27.0,1.0,26.0,26.0,3.6,0.3,0,,0,1,26.0,0,3.0,0.0,0.0,0.0,0.0,-2.85
England,Ollie Watkins,"FW,MF",30.0,1.0,15.0,15.0,2.1,0.2,0,,0,1,15.0,1,3.0,1.0,0.0,1.0,6.0,3.32
England,Morgan Gibbs-White,"FW,MF",26.0,2.0,14.0,7.0,1.9,0.2,0,,0,2,7.0,3,3.0,0.0,0.0,0.0,0.0,-2.8
England,Trevoh Chalobah,"DF,MF",26.0,0.0,,,,,0,,0,0,,3,,,,,,
England,Levi Colwill,DF,22.0,0.0,,,,,0,,0,0,,3,,,,,,
England,Ruben Loftus-Cheek,MF,30.0,0.0,,,,,0,,0,0,,3,,,,,,
England,Alex Scott,MF,22.0,0.0,,,,,0,,0,0,,1,,,,,,
England,Dominic Solanke,FW,28.0,0.0,,,,,0,,0,0,,2,,,,,,
England,Ivan Toney,FW,29.0,0.0,,,,,0,,0,0,,1,,,,,,
England,James Trafford,GK,23.0,0.0,,,,,0,,0,0,,8,,,,,,
England,Jordan Pickford,GK,32.271,10.0,827.0,83.0,77.0,9.2,10,83.0,8,0,,2,2.7,22.0,1.0,21.0,2.29,0.83
England,Harry Kane,FW,32.8789,10.0,786.0,79.0,73.2,8.7,10,79.0,6,0,,0,3.0,22.0,0.0,22.0,2.52,1.58
England,Ezri Konsa,DF,28.6407,10.0,747.0,75.0,69.6,8.3,8,87.0,6,2,28.0,0,2.7,20.0,1.0,19.0,2.29,0.64
England,Morgan Rogers,"MF,DF",23.8843,11.0,591.0,54.0,55.0,6.6,7,74.0,3,4,19.0,0,2.73,18.0,1.0,17.0,2.59,1.1
England,Elliot Anderson,MF,23.6023,8.0,570.0,71.0,53.1,6.3,6,86.0,4,2,28.0,0,2.63,16.0,1.0,15.0,2.37,0.58
England,Declan Rice,MF,27.4134,9.0,564.0,63.0,52.5,6.3,8,69.0,0,1,11.0,0,3.0,17.0,0.0,17.0,2.71,1.3
England,Reece James,DF,26.5147,8.0,508.0,64.0,47.3,5.6,6,78.0,3,2,21.0,1,3.0,12.0,0.0,12.0,2.13,0.06
England,Marcus Rashford,MF,28.6188,11.0,493.0,45.0,45.9,5.5,6,66.0,0,5,20.0,0,2.55,13.0,0.0,13.0,2.37,0.51
England,Jude Bellingham,MF,22.9582,7.0,464.0,66.0,43.2,5.2,5,80.0,1,2,33.0,1,3.0,9.0,0.0,9.0,1.75,-0.61
England,Dan Burn,DF,34.0986,8.0,448.0,56.0,41.7,5.0,4,90.0,4,4,22.0,3,2.63,9.0,0.0,9.0,1.81,-0.49
England,Marc Guéhi,DF,25.9199,6.0,410.0,68.0,38.2,4.6,5,76.0,2,1,28.0,2,2.5,13.0,1.0,12.0,2.63,0.87
England,Anthony Gordon,"MF,FW",25.3012,8.0,368.0,46.0,34.3,4.1,4,69.0,0,4,23.0,0,2.63,10.0,1.0,9.0,2.2,0.16
England,John Stones,DF,32.0465,5.0,357.0,71.0,33.2,4.0,5,71.0,2,0,,1,3.0,10.0,0.0,10.0,2.52,0.64
England,Noni Madueke,MF,24.2628,5.0,354.0,71.0,33.0,3.9,5,71.0,2,0,,0,2.6,8.0,0.0,8.0,2.03,-0.09
England,Nico O’Reilly,DF,21.2327,5.0,348.0,70.0,32.4,3.9,4,77.0,2,1,40.0,1,2.4,6.0,1.0,5.0,1.29,-1.19
England,Myles Lewis-Skelly,DF,19.7146,4.0,347.0,87.0,48.2,3.9,4,87.0,2,0,,1,3.0,12.0,0.0,12.0,3.11,0.7
England,Jarrod Bowen,"MF,FW",29.4819,7.0,282.0,40.0,26.3,3.1,2,67.0,0,5,30.0,2,2.29,6.0,1.0,5.0,1.6,-0.68
England,Eberechi Eze,"MF,FW",27.9582,7.0,280.0,40.0,26.1,3.1,2,69.0,0,5,28.0,2,3.0,8.0,0.0,8.0,2.57,0.64
England,Tino Livramento,DF,23.5859,5.0,273.0,55.0,25.4,3.0,2,90.0,2,3,31.0,2,2.0,6.0,1.0,5.0,1.65,-0.6
England,Phil Foden,MF,26.0465,6.0,265.0,44.0,24.7,2.9,3,62.0,0,3,26.0,0,2.17,6.0,1.0,5.0,1.7,-0.53
England,Djed Spence,DF,25.846,5.0,254.0,51.0,23.6,2.8,3,68.0,1,2,26.0,4,2.6,10.0,0.0,10.0,3.54,1.9
England,Jordan Henderson,MF,35.9911,8.0,242.0,30.0,22.5,2.7,3,51.0,0,5,18.0,3,2.75,5.0,0.0,5.0,1.86,-0.3
England,Bukayo Saka,"MF,FW",24.7721,4.0,206.0,52.0,19.2,2.3,2,75.0,1,2,29.0,0,3.0,10.0,0.0,10.0,4.37,2.81
England,Curtis Jones,MF,25.3696,3.0,164.0,55.0,22.8,1.8,2,76.0,0,1,12.0,0,3.0,2.0,0.0,2.0,1.1,-2.14
England,Cole Palmer,MF,24.1068,3.0,157.0,52.0,14.6,1.7,2,61.0,0,1,35.0,0,1.33,2.0,2.0,0.0,0.0,-2.45
England,Kobbie Mainoo,MF,21.1533,4.0,157.0,39.0,44.4,1.7,2,58.0,0,2,21.0,0,1.75,3.0,2.0,1.0,0.57,-0.34
England,Jarell Quansah,DF,23.3723,3.0,155.0,52.0,14.4,1.7,2,68.0,1,1,20.0,3,3.0,4.0,0.0,4.0,2.32,0.27
England,James Trafford,GK,23.6762,2.0,130.0,65.0,12.1,1.4,1,90.0,1,1,40.0,10,2.0,1.0,1.0,0.0,0.0,-1.21
England,Adam Wharton,MF,22.3504,3.0,125.0,42.0,11.6,1.4,1,74.0,0,2,26.0,0,2.33,3.0,1.0,2.0,1.44,-0.74
England,Dean Henderson,GK,29.2574,2.0,118.0,59.0,11.0,1.3,1,90.0,1,1,28.0,9,3.0,4.0,0.0,4.0,3.05,1.07
England,Kyle Walker,DF,36.0465,2.0,102.0,51.0,14.2,1.1,1,90.0,1,1,12.0,1,3.0,2.0,0.0,2.0,1.76,-1.15
England,Harry Maguire,DF,33.2765,2.0,98.0,49.0,27.7,1.1,1,90.0,1,1,8.0,0,0.5,1.0,1.0,0.0,0.0,-1.05
England,James Garner,MF,25.2546,2.0,88.0,44.0,24.9,1.0,1,68.0,0,1,20.0,0,0.5,0.0,0.0,0.0,0.0,-1.02
England,Dominic Solanke,FW,28.7474,2.0,87.0,44.0,8.1,1.0,1,55.0,0,1,32.0,2,0.5,0.0,0.0,0.0,0.0,-1.01
England,Ben White,DF,28.6817,2.0,81.0,41.0,22.9,0.9,1,59.0,0,1,22.0,0,0.5,1.0,2.0,-1.0,-1.11,-2.43
England,Ollie Watkins,"FW,MF",30.4545,3.0,80.0,27.0,7.4,0.9,1,45.0,0,2,18.0,1,3.0,3.0,0.0,3.0,3.38,1.38
England,Fikayo Tomori,DF,28.4846,1.0,68.0,68.0,19.2,0.8,1,68.0,0,0,,0,1.0,0.0,0.0,0.0,0.0,-0.94
England,Lewis Hall,"DF,MF",21.7639,2.0,54.0,27.0,15.3,0.6,0,,0,2,27.0,0,0.5,1.0,1.0,0.0,0.0,-0.9
England,Rio Ngumoha,FW,17.7912,1.0,40.0,40.0,11.3,0.4,0,,0,1,40.0,0,3.0,0.0,0.0,0.0,0.0,-0.86
England,Ivan Toney,FW,30.2464,1.0,40.0,40.0,3.7,0.4,0,,0,1,40.0,2,3.0,0.0,0.0,0.0,0.0,-0.86
England,Dominic Calvert-Lewin,"FW,MF",29.2464,1.0,35.0,35.0,9.9,0.4,0,,0,1,35.0,0,1.0,1.0,1.0,0.0,0.0,-0.85
England,Trent Alexander-Arnold,"DF,MF",27.6845,1.0,26.0,26.0,3.6,0.3,0,,0,1,26.0,0,3.0,0.0,0.0,0.0,0.0,-2.85
England,Harvey Barnes,"FW,MF",28.512,1.0,22.0,22.0,6.2,0.2,0,,0,1,22.0,1,1.0,1.0,1.0,0.0,0.0,-0.81
England,Morgan Gibbs-White,"FW,MF",26.3778,2.0,14.0,7.0,1.9,0.2,0,,0,2,7.0,3,3.0,0.0,0.0,0.0,0.0,-2.8
England,Trevoh Chalobah,"DF,MF",26.9418,0.0,,,,,0,,0,0,,3,,,,,,
England,Levi Colwill,DF,23.2957,0.0,,,,,0,,0,0,,3,,,,,,
England,Ruben Loftus-Cheek,MF,30.3888,0.0,,,,,0,,0,0,,3,,,,,,
England,Alex Scott,MF,22.8131,0.0,,,,,0,,0,0,,2,,,,,,
England,Jason Steele,GK,35.8214,0.0,,,,,0,,0,0,,2,,,,,,
England,Aaron Ramsdale,GK,28.0849,0.0,,,,,0,,0,0,,1,,,,,,
England,Ethan Nwaneri,MF,19.2327,0.0,,,,,0,,0,0,,1,,,,,,
England,Joshua King,MF,19.4435,0.0,,,,,0,,0,0,,1,,,,,,
France,Mike Maignan,GK,30.9473,3.0,270.0,90.0,75.0,3.0,3,90.0,3,0,,1,2.0,6.0,4.0,2.0,0.67,-1.33
France,Adrien Rabiot,MF,31.1971,3.0,245.0,82.0,68.1,2.7,3,82.0,1,0,,1,2.0,6.0,3.0,3.0,1.1,0.32
France,Michael Olise,MF,24.5038,4.0,228.0,57.0,63.3,2.5,3,72.0,0,1,13.0,0,2.25,6.0,2.0,4.0,1.58,1.58
France,Kylian Mbappé,FW,27.4819,4.0,213.0,53.0,59.2,2.4,3,67.0,1,1,13.0,0,2.25,6.0,1.0,5.0,2.11,2.72
France,Theo Hernández,DF,28.6872,3.0,196.0,65.0,54.4,2.2,3,65.0,1,0,,1,2.0,5.0,1.0,4.0,1.84,1.84
France,Dayot Upamecano,DF,27.6297,3.0,189.0,63.0,52.5,2.1,3,63.0,1,0,,0,2.0,5.0,1.0,4.0,1.9,1.9
France,Aurélien Tchouaméni,MF,26.3778,3.0,183.0,61.0,50.8,2.0,3,61.0,0,0,,1,2.0,5.0,1.0,4.0,1.97,1.97
France,Marcus Thuram,"MF,FW",28.8542,3.0,190.0,63.0,52.8,2.1,2,83.0,0,1,25.0,1,2.0,4.0,4.0,0.0,0.0,-2.12
France,Rayan Cherki,MF,22.8241,3.0,183.0,61.0,50.8,2.0,2,77.0,0,1,29.0,1,2.0,5.0,3.0,2.0,0.98,-0.03
France,Ibrahima Konaté,DF,27.0548,2.0,156.0,78.0,43.3,1.7,2,78.0,1,0,,2,1.5,3.0,2.0,1.0,0.58,-0.75
France,Désiré Doué,MF,21.0301,3.0,148.0,49.0,41.1,1.6,2,62.0,0,1,25.0,1,3.0,5.0,1.0,4.0,2.43,2.43
France,Ousmane Dembélé,MF,29.0821,2.0,118.0,59.0,32.8,1.3,2,59.0,0,0,,2,3.0,3.0,0.0,3.0,2.29,1.92
France,Jules Koundé,DF,27.5859,2.0,111.0,56.0,30.8,1.2,2,56.0,0,0,,0,1.5,2.0,1.0,1.0,0.81,-0.27
France,Maxence Lacroix,DF,26.1889,4.0,213.0,53.0,59.2,2.4,1,90.0,1,3,41.0,0,2.25,6.0,5.0,1.0,0.42,-1.41
France,N'Golo Kanté,MF,35.2108,4.0,169.0,42.0,46.9,1.9,1,90.0,1,3,26.0,0,2.25,4.0,4.0,0.0,0.0,-1.88
France,Lucas Digne,DF,32.9008,3.0,164.0,55.0,45.6,1.8,1,90.0,1,2,37.0,1,2.0,4.0,4.0,0.0,0.0,-1.84
France,Malo Gusto,DF,23.0712,3.0,158.0,53.0,43.9,1.8,1,89.0,0,2,35.0,1,2.0,4.0,3.0,1.0,0.57,-0.77
France,Maghnes Akliouche,MF,24.2984,4.0,117.0,29.0,32.5,1.3,1,62.0,0,3,18.0,0,2.25,3.0,2.0,1.0,0.77,-0.34
France,Lucas Hernández,DF,30.3285,2.0,114.0,57.0,31.7,1.3,1,90.0,1,1,24.0,2,1.5,3.0,2.0,1.0,0.79,-0.31
France,Hugo Ekitike,MF,23.9829,2.0,93.0,47.0,25.8,1.0,1,65.0,0,1,28.0,0,3.0,2.0,1.0,1.0,0.97,-0.04
France,Pierre Kalulu,DF,26.0246,2.0,91.0,46.0,25.3,1.0,1,90.0,1,1,1.0,0,3.0,3.0,1.0,2.0,1.98,1.31
France,Brice Samba,GK,32.1369,1.0,90.0,90.0,25.0,1.0,1,90.0,1,0,,3,3.0,3.0,1.0,2.0,2.0,1.33
France,Warren Zaïre-Emery,MF,20.2683,2.0,76.0,38.0,21.1,0.8,1,63.0,0,1,13.0,2,1.5,3.0,1.0,2.0,2.37,1.73
France,William Saliba,DF,25.2245,1.0,45.0,45.0,12.5,0.5,1,45.0,0,0,,1,3.0,1.0,0.0,1.0,2.0,1.14
France,Jean-Philippe Mateta,FW,28.961,1.0,45.0,45.0,12.5,0.5,0,,0,1,45.0,1,0.0,0.0,2.0,-2.0,-4.0,-5.71
France,Manu Koné,MF,25.0767,2.0,33.0,17.0,9.2,0.4,0,,0,2,17.0,0,1.5,0.0,1.0,-1.0,-2.73,-4.1
France,Bradley Barcola,"FW,MF",23.7803,2.0,31.0,16.0,8.6,0.3,0,,0,2,16.0,0,1.5,1.0,1.0,0.0,0.0,-1.09
France,Randal Kolo Muani,"FW,MF",27.5229,1.0,28.0,28.0,7.8,0.3,0,,0,1,28.0,1,3.0,0.0,1.0,-1.0,-3.21,-4.57
France,Eduardo Camavinga,"DF,MF",23.5914,1.0,27.0,27.0,7.5,0.3,0,,0,1,27.0,1,3.0,0.0,1.0,-1.0,-3.33,-4.68
France,Lucas Chevalier,GK,24.6023,0.0,,,,,0,,0,0,,2,,,,,,
France,Robin Risser,GK,21.5311,0.0,,,,,0,,0,0,,2,,,,,,
France,Mike Maignan,GK,30.0,5.0,450.0,90.0,83.3,5.0,5,90.0,5,0,,1,2.6,13.0,3.0,10.0,2.0,0.0
France,Dayot Upamecano,DF,27.0,5.0,450.0,90.0,83.3,5.0,5,90.0,5,0,,1,2.6,13.0,3.0,10.0,2.0,0.0
France,Michael Olise,MF,24.0,5.0,425.0,85.0,78.7,4.7,5,85.0,1,0,,1,2.6,12.0,3.0,9.0,1.91,-0.44
France,Kylian Mbappé,FW,27.0,4.0,352.0,88.0,65.2,3.9,4,88.0,3,0,,0,3.0,10.0,1.0,9.0,2.3,0.86
France,Manu Koné,MF,24.0,4.0,349.0,87.0,64.6,3.9,4,87.0,3,0,,1,2.5,8.0,3.0,5.0,1.29,-2.01
France,Jules Koundé,DF,27.0,4.0,329.0,82.0,60.9,3.7,4,82.0,1,0,,2,2.5,10.0,3.0,7.0,1.91,-0.22
France,Lucas Digne,DF,32.0,3.0,270.0,90.0,50.0,3.0,3,90.0,3,0,,3,2.33,8.0,2.0,6.0,2.0,0.0
France,Theo Hernández,DF,28.0,3.0,270.0,90.0,50.0,3.0,3,90.0,3,0,,3,3.0,8.0,2.0,6.0,2.0,0.0
France,Ibrahima Konaté,DF,26.0,3.0,270.0,90.0,50.0,3.0,3,90.0,3,0,,2,3.0,7.0,2.0,5.0,1.67,-0.67
France,William Saliba,DF,24.0,3.0,270.0,90.0,50.0,3.0,3,90.0,3,0,,1,2.33,9.0,2.0,7.0,2.33,0.67
France,Bradley Barcola,MF,23.0,4.0,215.0,54.0,39.8,2.4,3,68.0,0,1,12.0,0,3.0,4.0,1.0,3.0,1.26,-1.24
France,Malo Gusto,DF,22.0,5.0,211.0,42.0,39.1,2.3,2,90.0,2,3,10.0,1,3.0,6.0,1.0,5.0,2.13,0.22
France,Hugo Ekitike,"MF,FW",23.0,6.0,204.0,34.0,37.8,2.3,2,84.0,1,4,9.0,0,2.67,8.0,1.0,7.0,3.09,1.75
France,Khéphren Thuram,MF,24.0,3.0,196.0,65.0,36.3,2.2,2,90.0,2,1,16.0,3,2.33,6.0,1.0,5.0,2.3,0.46
France,Jean-Philippe Mateta,FW,28.0,3.0,178.0,59.0,33.0,2.0,2,83.0,0,1,12.0,1,2.33,6.0,3.0,3.0,1.52,-0.72
France,Aurélien Tchouaméni,MF,26.0,2.0,157.0,79.0,29.1,1.7,2,79.0,1,0,,0,3.0,4.0,1.0,3.0,1.72,-0.4
France,Christopher Nkunku,MF,28.0,4.0,148.0,37.0,27.4,1.6,2,67.0,0,2,7.0,0,2.5,6.0,3.0,3.0,1.82,-0.24
France,Maghnes Akliouche,MF,23.0,5.0,133.0,27.0,24.6,1.5,1,61.0,0,4,18.0,1,2.6,8.0,2.0,6.0,4.06,2.73
France,Kingsley Coman,MF,29.0,3.0,123.0,41.0,22.8,1.4,1,78.0,0,2,23.0,0,2.33,2.0,0.0,2.0,1.46,-0.69
France,Adrien Rabiot,MF,30.0,3.0,105.0,35.0,19.4,1.2,1,69.0,0,2,18.0,1,3.0,3.0,0.0,3.0,2.57,0.71
France,Warren Zaïre-Emery,MF,19.0,2.0,101.0,51.0,18.7,1.1,1,90.0,1,1,11.0,0,3.0,5.0,1.0,4.0,3.56,1.92
France,Florian Thauvin,MF,33.0,3.0,100.0,33.0,18.5,1.1,1,63.0,0,2,19.0,0,2.33,2.0,1.0,1.0,0.9,-1.35
France,Rayan Cherki,MF,22.0,2.0,96.0,48.0,17.8,1.1,1,67.0,0,1,29.0,0,3.0,1.0,0.0,1.0,0.94,-1.29
France,Eduardo Camavinga,MF,23.0,2.0,95.0,48.0,17.6,1.1,1,74.0,0,1,21.0,0,2.0,3.0,2.0,1.0,0.95,-1.28
France,Lucas Chevalier,GK,24.0,1.0,90.0,90.0,16.7,1.0,1,90.0,1,0,,5,3.0,3.0,1.0,2.0,2.0,0.0
France,Lucas Hernández,DF,29.0,1.0,90.0,90.0,16.7,1.0,1,90.0,1,0,,5,3.0,3.0,1.0,2.0,2.0,0.0
France,N'Golo Kanté,MF,34.0,1.0,90.0,90.0,16.7,1.0,1,90.0,1,0,,1,3.0,4.0,0.0,4.0,4.0,2.4
France,Marcus Thuram,MF,28.0,1.0,69.0,69.0,12.8,0.8,1,69.0,0,0,,1,3.0,2.0,1.0,1.0,1.3,-0.8
France,Désiré Doué,MF,20.0,1.0,45.0,45.0,8.3,0.5,1,45.0,0,0,,0,3.0,1.0,0.0,1.0,2.0,0.0
France,Ousmane Dembélé,"FW,MF",28.0,1.0,36.0,36.0,6.7,0.4,0,,0,1,36.0,0,3.0,1.0,0.0,1.0,2.5,0.54
France,Benjamin Pavard,DF,29.0,0.0,,,,,0,,0,0,,3,,,,,,
France,Brice Samba,GK,31.0,0.0,,,,,0,,0,0,,6,,,,,,
France,Mike Maignan,GK,30.9473,8.0,720.0,90.0,80.0,8.0,8,90.0,8,0,,2,2.38,19.0,7.0,12.0,1.5,-0.5
France,Michael Olise,MF,24.5038,9.0,653.0,73.0,72.6,7.3,8,80.0,1,1,13.0,1,2.44,18.0,5.0,13.0,1.79,0.7
France,Dayot Upamecano,DF,27.6297,8.0,639.0,80.0,71.0,7.1,8,80.0,6,0,,1,2.38,18.0,4.0,14.0,1.97,1.28
France,Kylian Mbappé,FW,27.4819,8.0,565.0,71.0,62.8,6.3,7,79.0,4,1,13.0,0,2.63,16.0,2.0,14.0,2.23,1.69
France,Theo Hernández,DF,28.6872,6.0,466.0,78.0,51.8,5.2,6,78.0,4,0,,4,2.5,13.0,3.0,10.0,1.93,0.69
France,Jules Koundé,DF,27.5859,6.0,440.0,73.0,48.9,4.9,6,73.0,1,0,,2,2.17,12.0,4.0,8.0,1.64,0.07
France,Lucas Digne,DF,32.9008,6.0,434.0,72.0,48.2,4.8,4,90.0,4,2,37.0,4,2.17,12.0,6.0,6.0,1.24,-0.69
France,Ibrahima Konaté,DF,27.0548,5.0,426.0,85.0,47.3,4.7,5,85.0,4,0,,4,2.4,10.0,4.0,6.0,1.27,-0.63
France,Manu Koné,MF,25.0767,6.0,382.0,64.0,42.4,4.2,4,87.0,3,2,17.0,1,2.17,8.0,4.0,4.0,0.94,-1.14
France,Malo Gusto,DF,23.0712,8.0,369.0,46.0,41.0,4.1,3,90.0,2,5,20.0,2,2.63,10.0,4.0,6.0,1.46,-0.23
France,Adrien Rabiot,MF,31.1971,6.0,350.0,58.0,38.9,3.9,4,79.0,1,2,18.0,2,2.5,9.0,3.0,6.0,1.54,-0.09
France,Aurélien Tchouaméni,MF,26.3778,5.0,340.0,68.0,37.8,3.8,5,68.0,1,0,,1,2.4,9.0,2.0,7.0,1.85,0.41
France,William Saliba,DF,25.2245,4.0,315.0,79.0,35.0,3.5,4,79.0,3,0,,2,2.5,10.0,2.0,8.0,2.29,1.05
France,Hugo Ekitike,"MF,FW",23.9829,8.0,297.0,37.0,33.0,3.3,3,78.0,1,5,13.0,0,2.75,10.0,2.0,8.0,2.42,1.23
France,Rayan Cherki,MF,22.8241,5.0,279.0,56.0,31.0,3.1,3,74.0,0,2,29.0,1,2.4,6.0,3.0,3.0,0.97,-0.92
France,Marcus Thuram,MF,28.8542,4.0,259.0,65.0,28.8,2.9,3,78.0,0,1,25.0,2,2.25,6.0,5.0,1.0,0.35,-1.76
France,N'Golo Kanté,MF,35.2108,5.0,259.0,52.0,28.8,2.9,2,90.0,2,3,26.0,1,2.4,8.0,4.0,4.0,1.39,-0.29
France,Maghnes Akliouche,MF,24.2984,9.0,250.0,28.0,27.8,2.8,2,62.0,0,7,18.0,1,2.44,11.0,4.0,7.0,2.52,1.27
France,Bradley Barcola,MF,23.7803,6.0,246.0,41.0,27.3,2.7,3,68.0,0,3,14.0,0,2.5,5.0,2.0,3.0,1.1,-0.69
France,Jean-Philippe Mateta,FW,28.961,4.0,223.0,56.0,24.8,2.5,2,83.0,0,2,29.0,2,1.75,6.0,5.0,1.0,0.4,-1.59
France,Maxence Lacroix,DF,26.1889,4.0,213.0,53.0,59.2,2.4,1,90.0,1,3,41.0,0,2.25,6.0,5.0,1.0,0.42,-1.41
France,Lucas Hernández,DF,30.3285,3.0,204.0,68.0,22.7,2.3,2,90.0,2,1,24.0,7,2.0,6.0,3.0,3.0,1.32,-0.36
France,Khéphren Thuram,MF,25.219,3.0,196.0,65.0,36.3,2.2,2,90.0,2,1,16.0,3,2.33,6.0,1.0,5.0,2.3,0.46
France,Désiré Doué,MF,21.0301,4.0,193.0,48.0,21.4,2.1,3,56.0,0,1,25.0,1,3.0,6.0,1.0,5.0,2.33,0.93
France,Warren Zaïre-Emery,MF,20.2683,4.0,177.0,44.0,19.7,2.0,2,77.0,1,2,12.0,2,2.25,8.0,2.0,6.0,3.05,1.81
France,Ousmane Dembélé,"FW,MF",29.0821,3.0,154.0,51.0,17.1,1.7,2,59.0,0,1,36.0,2,3.0,4.0,0.0,4.0,2.34,0.89
France,Christopher Nkunku,MF,28.5804,4.0,148.0,37.0,27.4,1.6,2,67.0,0,2,7.0,0,2.5,6.0,3.0,3.0,1.82,-0.24
France,Kingsley Coman,MF,30.0027,3.0,123.0,41.0,22.8,1.4,1,78.0,0,2,23.0,0,2.33,2.0,0.0,2.0,1.46,-0.69
France,Eduardo Camavinga,MF,23.5914,3.0,122.0,41.0,13.6,1.4,1,74.0,0,2,24.0,1,2.33,3.0,3.0,0.0,0.0,-1.85
France,Florian Thauvin,MF,33.3806,3.0,100.0,33.0,18.5,1.1,1,63.0,0,2,19.0,0,2.33,2.0,1.0,1.0,0.9,-1.35
France,Pierre Kalulu,DF,26.0246,2.0,91.0,46.0,25.3,1.0,1,90.0,1,1,1.0,0,3.0,3.0,1.0,2.0,1.98,1.31
France,Lucas Chevalier,GK,24.6023,1.0,90.0,90.0,10.0,1.0,1,90.0,1,0,,7,3.0,3.0,1.0,2.0,2.0,0.0
France,Brice Samba,GK,32.1369,1.0,90.0,90.0,10.0,1.0,1,90.0,1,0,,9,3.0,3.0,1.0,2.0,2.0,1.33
France,Randal Kolo Muani,"FW,MF",27.5229,1.0,28.0,28.0,7.8,0.3,0,,0,1,28.0,1,3.0,0.0,1.0,-1.0,-3.21,-4.57
France,Robin Risser,GK,21.5311,0.0,,,,,0,,0,0,,2,,,,,,
France,Benjamin Pavard,DF,30.2136,0.0,,,,,0,,0,0,,3,,,,,,
Germany,Nico Schlotterbeck,DF,26.5339,4.0,360.0,90.0,100.0,4.0,4,90.0,4,0,,0,3.0,12.0,5.0,7.0,1.75,
Germany,Joshua Kimmich,DF,31.345,4.0,331.0,83.0,91.9,3.7,4,83.0,3,0,,0,3.0,12.0,5.0,7.0,1.9,1.9
Germany,Jonathan Tah,DF,30.3368,4.0,315.0,79.0,87.5,3.5,4,79.0,3,0,,0,3.0,11.0,4.0,7.0,2.0,2.0
Germany,Florian Wirtz,"MF,FW",23.115,4.0,301.0,75.0,83.6,3.3,4,75.0,1,0,,0,3.0,11.0,4.0,7.0,2.09,2.09
Germany,Oliver Baumann,GK,36.0329,3.0,270.0,90.0,75.0,3.0,3,90.0,3,0,,1,3.0,10.0,4.0,6.0,2.0,1.0
Germany,Nathaniel Brown,DF,22.9938,3.0,210.0,70.0,58.3,2.3,3,70.0,1,0,,1,3.0,7.0,1.0,6.0,2.57,1.97
Germany,Kai Havertz,"FW,MF",27.0082,3.0,167.0,56.0,46.4,1.9,3,56.0,0,0,,0,3.0,6.0,3.0,3.0,1.62,-0.25
Germany,Jamal Musiala,MF,23.2957,2.0,169.0,85.0,46.9,1.9,2,85.0,1,0,,0,3.0,6.0,1.0,5.0,2.66,1.72
Germany,Aleksandar Pavlovic,MF,22.115,2.0,169.0,85.0,46.9,1.9,2,85.0,1,0,,0,3.0,6.0,1.0,5.0,2.66,1.72
Germany,Leroy Sané,"MF,FW",30.4216,4.0,165.0,41.0,45.8,1.8,2,67.0,0,2,16.0,0,3.0,6.0,3.0,3.0,1.64,-0.21
Germany,Felix Nmecha,MF,25.6762,2.0,162.0,81.0,45.0,1.8,2,81.0,0,0,,0,3.0,6.0,1.0,5.0,2.78,1.87
Germany,Angelo Stiller,MF,25.1944,3.0,150.0,50.0,41.7,1.7,2,70.0,0,1,11.0,1,3.0,4.0,3.0,1.0,0.6,-1.97
Germany,Serge Gnabry,MF,30.9172,2.0,135.0,68.0,37.5,1.5,2,68.0,1,0,,0,3.0,5.0,3.0,2.0,1.33,-0.67
Germany,David Raum,DF,28.1451,3.0,150.0,50.0,41.7,1.7,1,90.0,1,2,30.0,1,3.0,5.0,4.0,1.0,0.6,-1.97
Germany,Lennart Karl,MF,18.3066,3.0,145.0,48.0,40.3,1.6,1,72.0,0,2,37.0,0,3.0,6.0,2.0,4.0,2.48,1.23
Germany,Deniz Undav,FW,29.9035,3.0,135.0,45.0,37.5,1.5,1,60.0,0,2,38.0,1,3.0,4.0,1.0,3.0,2.0,0.4
Germany,Nick Woltemade,FW,24.3285,3.0,123.0,41.0,34.2,1.4,1,77.0,0,2,23.0,1,3.0,2.0,2.0,0.0,0.0,-2.66
Germany,Leon Goretzka,MF,31.3504,3.0,120.0,40.0,33.3,1.3,1,79.0,0,2,21.0,1,3.0,4.0,4.0,0.0,0.0,-2.62
Germany,Alexander Nübel,GK,29.7036,1.0,90.0,90.0,25.0,1.0,1,90.0,1,0,,3,3.0,2.0,1.0,1.0,1.0,-1.0
Germany,Pascal Groß,MF,34.9966,2.0,71.0,36.0,19.7,0.8,1,60.0,0,1,11.0,2,3.0,2.0,0.0,2.0,2.54,0.98
Germany,Antonio Rüdiger,DF,33.282,1.0,45.0,45.0,12.5,0.5,0,,0,1,45.0,3,3.0,1.0,1.0,0.0,0.0,-2.0
Germany,Maximilian Beier,"FW,MF",23.6571,2.0,41.0,21.0,11.4,0.5,0,,0,2,21.0,0,3.0,1.0,0.0,1.0,2.2,0.5
Germany,Chris Führich,"FW,MF",28.4271,1.0,30.0,30.0,8.3,0.3,0,,0,1,30.0,1,3.0,1.0,1.0,0.0,0.0,-1.91
Germany,Josha Vagnoman,"DF,MF",25.5065,1.0,30.0,30.0,8.3,0.3,0,,0,1,30.0,1,3.0,1.0,1.0,0.0,0.0,-1.91
Germany,Waldemar Anton,"DF,MF",29.9008,1.0,29.0,29.0,8.1,0.3,0,,0,1,29.0,3,3.0,0.0,0.0,0.0,0.0,-1.9
Germany,Nadiem Amiri,MF,29.6297,2.0,18.0,9.0,5.0,0.2,0,,0,2,9.0,0,3.0,0.0,0.0,0.0,0.0,-1.84
Germany,Jamie Leweling,"FW,MF",25.2957,1.0,18.0,18.0,5.0,0.2,0,,0,1,18.0,1,3.0,0.0,0.0,0.0,0.0,-1.84
Germany,Anton Stach,"DF,MF",27.5777,1.0,11.0,11.0,3.1,0.1,0,,0,1,11.0,1,3.0,1.0,0.0,1.0,8.18,6.63
Germany,Finn Dahmen,GK,28.2163,0.0,,,,,0,,0,0,,2,,,,,,
Germany,Kevin Schade,"FW,MF",24.5448,0.0,,,,,0,,0,0,,2,,,,,,
Germany,Malick Thiaw,"DF,MF",24.8487,0.0,,,,,0,,0,0,,4,,,,,,
Germany,Jonas Urbig,GK,22.8487,0.0,,,,,0,,0,0,,2,,,,,,
Germany,Oliver Baumann,GK,35.0,6.0,540.0,90.0,100.0,6.0,6,90.0,6,0,,0,2.5,16.0,3.0,13.0,2.17,
Germany,Florian Wirtz,"MF,FW",22.0,6.0,525.0,88.0,97.2,5.8,6,88.0,4,0,,0,2.5,15.0,3.0,12.0,2.06,-3.94
Germany,Nick Woltemade,FW,23.0,6.0,479.0,80.0,88.7,5.3,6,80.0,3,0,,0,2.5,14.0,3.0,11.0,2.07,-0.88
Germany,Serge Gnabry,MF,30.0,6.0,433.0,72.0,80.2,4.8,6,72.0,1,0,,0,2.5,13.0,3.0,10.0,2.08,-0.44
Germany,David Raum,DF,27.0,6.0,467.0,78.0,86.5,5.2,5,84.0,3,1,45.0,0,2.5,15.0,2.0,13.0,2.51,2.51
Germany,Jonathan Tah,DF,29.0,6.0,447.0,75.0,82.8,5.0,5,88.0,4,1,9.0,0,2.5,13.0,2.0,11.0,2.21,0.28
Germany,Leon Goretzka,MF,30.0,6.0,438.0,73.0,81.1,4.9,5,83.0,4,1,25.0,0,2.5,14.0,2.0,12.0,2.47,1.58
Germany,Joshua Kimmich,"DF,MF",30.0,5.0,423.0,85.0,78.3,4.7,5,85.0,4,0,,1,2.4,12.0,3.0,9.0,1.91,-1.16
Germany,Aleksandar Pavlovic,MF,21.0,4.0,311.0,78.0,57.6,3.5,4,78.0,2,0,,0,3.0,11.0,0.0,11.0,3.18,2.4
Germany,Nico Schlotterbeck,DF,26.0,3.0,198.0,66.0,36.7,2.2,3,66.0,1,0,,1,3.0,7.0,0.0,7.0,3.18,1.6
Germany,Waldemar Anton,DF,29.0,4.0,229.0,57.0,42.4,2.5,2,90.0,2,2,25.0,2,3.0,7.0,1.0,6.0,2.36,0.33
Germany,Antonio Rüdiger,DF,32.0,2.0,171.0,86.0,31.7,1.9,2,86.0,1,0,,0,1.5,3.0,3.0,0.0,0.0,-3.17
Germany,Leroy Sané,"MF,FW",30.0,2.0,168.0,84.0,31.1,1.9,2,84.0,1,0,,0,3.0,8.0,0.0,8.0,4.29,3.08
Germany,Karim Adeyemi,MF,24.0,3.0,148.0,49.0,27.4,1.6,2,62.0,0,1,25.0,2,2.0,5.0,0.0,5.0,3.04,1.2
Germany,Ridle Baku,DF,27.0,4.0,148.0,37.0,27.4,1.6,1,90.0,1,3,19.0,0,3.0,4.0,0.0,4.0,2.43,0.37
Germany,Jamie Leweling,MF,24.0,2.0,102.0,51.0,18.9,1.1,1,90.0,1,1,12.0,2,3.0,3.0,1.0,2.0,1.76,-0.5
Germany,Robin Koch,DF,29.0,1.0,90.0,90.0,16.7,1.0,1,90.0,1,0,,3,3.0,3.0,1.0,2.0,2.0,-0.2
Germany,Maximilian Mittelstädt,DF,28.0,1.0,90.0,90.0,16.7,1.0,1,90.0,1,0,,1,0.0,0.0,2.0,-2.0,-2.0,-5.0
Germany,Pascal Groß,MF,34.0,1.0,65.0,65.0,12.0,0.7,1,65.0,0,0,,1,3.0,1.0,1.0,0.0,0.0,-2.46
Germany,Angelo Stiller,MF,24.0,1.0,59.0,59.0,10.9,0.7,1,59.0,0,0,,3,0.0,0.0,2.0,-2.0,-3.05,-5.86
Germany,Nnamdi Collins,DF,22.0,1.0,45.0,45.0,8.3,0.5,1,45.0,0,0,,1,0.0,0.0,1.0,-1.0,-2.0,-4.55
Germany,Felix Nmecha,MF,25.0,2.0,82.0,41.0,15.2,0.9,0,,0,2,41.0,2,3.0,3.0,0.0,3.0,3.29,1.33
Germany,Maximilian Beier,"FW,MF",23.0,3.0,79.0,26.0,14.6,0.9,0,,0,3,26.0,0,3.0,2.0,0.0,2.0,2.28,0.13
Germany,Nadiem Amiri,MF,29.0,2.0,61.0,31.0,11.3,0.7,0,,0,2,31.0,2,1.5,2.0,0.0,2.0,2.95,0.88
Germany,Malick Thiaw,"DF,MF",24.0,2.0,39.0,20.0,7.2,0.4,0,,0,2,20.0,0,3.0,2.0,0.0,2.0,4.62,2.64
Germany,Jonathan Burkardt,"FW,MF",25.0,2.0,32.0,16.0,5.9,0.4,0,,0,2,16.0,2,3.0,0.0,0.0,0.0,0.0,-2.3
Germany,Nathaniel Brown,"DF,MF",22.0,2.0,28.0,14.0,5.2,0.3,0,,0,2,14.0,2,3.0,1.0,0.0,1.0,3.21,1.1
Germany,Kevin Schade,"FW,MF",24.0,1.0,25.0,25.0,4.6,0.3,0,,0,1,25.0,1,3.0,1.0,0.0,1.0,3.6,1.5
Germany,Assan Ouédraogo,MF,19.0,1.0,14.0,14.0,2.6,0.2,0,,0,1,14.0,1,3.0,1.0,0.0,1.0,6.43,4.38
Germany,Robert Andrich,"DF,MF",31.0,1.0,4.0,4.0,0.7,0.0,0,,0,1,4.0,3,3.0,0.0,0.0,0.0,0.0,-2.18
Germany,Finn Dahmen,GK,27.0,0.0,,,,,0,,0,0,,6,,,,,,
Germany,Niclas Füllkrug,FW,32.0,0.0,,,,,0,,0,0,,1,,,,,,
Germany,Said El Mala,MF,19.0,0.0,,,,,0,,0,0,,1,,,,,,
Germany,Paul Nebel,"FW,MF",23.0,0.0,,,,,0,,0,0,,2,,,,,,
Germany,Alexander Nübel,GK,29.0,0.0,,,,,0,,0,0,,6,,,,,,
Germany,Florian Wirtz,"MF,FW",23.115,10.0,826.0,83.0,91.8,9.2,10,83.0,5,0,,0,2.7,26.0,7.0,19.0,2.07,0.85
Germany,Oliver Baumann,GK,36.0329,9.0,810.0,90.0,90.0,9.0,9,90.0,9,0,,1,2.67,26.0,7.0,19.0,2.11,1.11
Germany,Jonathan Tah,DF,30.3368,10.0,762.0,76.0,84.7,8.5,9,84.0,7,1,9.0,0,2.7,24.0,6.0,18.0,2.13,0.82
Germany,Joshua Kimmich,"DF,MF",31.345,9.0,754.0,84.0,83.8,8.4,9,84.0,7,0,,1,2.67,24.0,8.0,16.0,1.91,-0.56
Germany,David Raum,DF,28.1451,9.0,617.0,69.0,68.6,6.9,6,85.0,4,3,35.0,1,2.67,20.0,6.0,14.0,2.04,0.13
Germany,Nick Woltemade,FW,24.3285,9.0,602.0,67.0,66.9,6.7,7,79.0,3,2,23.0,1,2.67,16.0,5.0,11.0,1.64,-1.07
Germany,Serge Gnabry,MF,30.9172,8.0,568.0,71.0,63.1,6.3,8,71.0,2,0,,0,2.63,18.0,6.0,12.0,1.9,-0.27
Germany,Leon Goretzka,MF,31.3504,9.0,558.0,62.0,62.0,6.2,6,82.0,4,3,22.0,1,2.67,18.0,6.0,12.0,1.94,-0.17
Germany,Nico Schlotterbeck,DF,26.5339,7.0,558.0,80.0,62.0,6.2,7,80.0,5,0,,1,3.0,19.0,5.0,14.0,2.26,0.68
Germany,Aleksandar Pavlovic,MF,22.115,6.0,480.0,80.0,53.3,5.3,6,80.0,3,0,,0,3.0,17.0,1.0,16.0,3.0,2.14
Germany,Leroy Sané,"MF,FW",30.4216,6.0,333.0,56.0,37.0,3.7,4,76.0,1,2,16.0,0,3.0,14.0,3.0,11.0,2.97,1.54
Germany,Waldemar Anton,DF,29.9008,5.0,258.0,52.0,28.7,2.9,2,90.0,2,3,26.0,5,3.0,7.0,1.0,6.0,2.09,0.13
Germany,Felix Nmecha,MF,25.6762,4.0,244.0,61.0,27.1,2.7,2,81.0,0,2,41.0,2,3.0,9.0,1.0,8.0,2.95,1.3
Germany,Nathaniel Brown,"DF,MF",22.9938,5.0,238.0,48.0,26.4,2.6,3,70.0,1,2,14.0,3,3.0,8.0,1.0,7.0,2.65,0.88
Germany,Antonio Rüdiger,DF,33.282,3.0,216.0,72.0,24.0,2.4,2,86.0,1,1,45.0,3,2.0,4.0,4.0,0.0,0.0,-2.63
Germany,Angelo Stiller,MF,25.1944,4.0,209.0,52.0,23.2,2.3,3,66.0,0,1,11.0,4,2.25,4.0,5.0,-1.0,-0.43,-3.17
Germany,Jamal Musiala,MF,23.2957,2.0,169.0,85.0,46.9,1.9,2,85.0,1,0,,0,3.0,6.0,1.0,5.0,2.66,1.72
Germany,Kai Havertz,"FW,MF",27.0082,3.0,167.0,56.0,46.4,1.9,3,56.0,0,0,,0,3.0,6.0,3.0,3.0,1.62,-0.25
Germany,Karim Adeyemi,MF,24.4025,3.0,148.0,49.0,27.4,1.6,2,62.0,0,1,25.0,2,2.0,5.0,0.0,5.0,3.04,1.2
Germany,Ridle Baku,DF,28.1834,4.0,148.0,37.0,27.4,1.6,1,90.0,1,3,19.0,0,3.0,4.0,0.0,4.0,2.43,0.37
Germany,Lennart Karl,MF,18.3066,3.0,145.0,48.0,40.3,1.6,1,72.0,0,2,37.0,0,3.0,6.0,2.0,4.0,2.48,1.23
Germany,Pascal Groß,MF,34.9966,3.0,136.0,45.0,15.1,1.5,2,63.0,0,1,11.0,3,3.0,3.0,1.0,2.0,1.32,-0.8
Germany,Deniz Undav,FW,29.9035,3.0,135.0,45.0,37.5,1.5,1,60.0,0,2,38.0,1,3.0,4.0,1.0,3.0,2.0,0.4
Germany,Jamie Leweling,MF,25.2957,3.0,120.0,40.0,13.3,1.3,1,90.0,1,2,15.0,3,3.0,3.0,1.0,2.0,1.5,-0.58
Germany,Maximilian Beier,"FW,MF",23.6571,5.0,120.0,24.0,13.3,1.3,0,,0,5,24.0,0,3.0,3.0,0.0,3.0,2.25,0.29
Germany,Alexander Nübel,GK,29.7036,1.0,90.0,90.0,10.0,1.0,1,90.0,1,0,,9,3.0,2.0,1.0,1.0,1.0,-1.0
Germany,Maximilian Mittelstädt,DF,29.2409,1.0,90.0,90.0,16.7,1.0,1,90.0,1,0,,1,0.0,0.0,2.0,-2.0,-2.0,-5.0
Germany,Robin Koch,DF,29.909,1.0,90.0,90.0,16.7,1.0,1,90.0,1,0,,3,3.0,3.0,1.0,2.0,2.0,-0.2
Germany,Nadiem Amiri,MF,29.6297,4.0,79.0,20.0,8.8,0.9,0,,0,4,20.0,2,2.25,2.0,0.0,2.0,2.28,0.31
Germany,Nnamdi Collins,DF,22.4244,1.0,45.0,45.0,8.3,0.5,1,45.0,0,0,,1,0.0,0.0,1.0,-1.0,-2.0,-4.55
Germany,Malick Thiaw,"DF,MF",24.8487,2.0,39.0,20.0,4.3,0.4,0,,0,2,20.0,4,3.0,2.0,0.0,2.0,4.62,2.64
Germany,Jonathan Burkardt,"FW,MF",25.9254,2.0,32.0,16.0,5.9,0.4,0,,0,2,16.0,2,3.0,0.0,0.0,0.0,0.0,-2.3
Germany,Josha Vagnoman,"DF,MF",25.5065,1.0,30.0,30.0,8.3,0.3,0,,0,1,30.0,1,3.0,1.0,1.0,0.0,0.0,-1.91
Germany,Chris Führich,"FW,MF",28.4271,1.0,30.0,30.0,8.3,0.3,0,,0,1,30.0,1,3.0,1.0,1.0,0.0,0.0,-1.91
Germany,Kevin Schade,"FW,MF",24.5448,1.0,25.0,25.0,2.8,0.3,0,,0,1,25.0,3,3.0,1.0,0.0,1.0,3.6,1.5
Germany,Assan Ouédraogo,MF,20.0986,1.0,14.0,14.0,2.6,0.2,0,,0,1,14.0,1,3.0,1.0,0.0,1.0,6.43,4.38
Germany,Anton Stach,"DF,MF",27.5777,1.0,11.0,11.0,3.1,0.1,0,,0,1,11.0,1,3.0,1.0,0.0,1.0,8.18,6.63
Germany,Robert Andrich,"DF,MF",31.7255,1.0,4.0,4.0,0.7,0.0,0,,0,1,4.0,3,3.0,0.0,0.0,0.0,0.0,-2.18
Germany,Paul Nebel,"FW,MF",23.6762,0.0,,,,,0,,0,0,,2,,,,,,
Germany,Said El Mala,MF,19.7995,0.0,,,,,0,,0,0,,1,,,,,,
Germany,Jonas Urbig,GK,22.8487,0.0,,,,,0,,0,0,,2,,,,,,
Germany,Finn Dahmen,GK,28.2163,0.0,,,,,0,,0,0,,8,,,,,,
Germany,Niclas Füllkrug,FW,33.3422,0.0,,,,,0,,0,0,,1,,,,,,
Ghana,Mohammed Kudus,"MF,FW",25.0,10.0,799.0,80.0,88.8,8.9,9,84.0,2,1,45.0,0,2.5,21.0,3.0,18.0,2.03,2.92
Ghana,Gideon Mensah,"DF,MF",27.0,9.0,799.0,89.0,88.8,8.9,9,89.0,8,0,,1,2.44,22.0,6.0,16.0,1.8,0.91
Ghana,Jordan Ayew,"FW,MF",34.0,10.0,760.0,76.0,84.4,8.4,9,83.0,3,1,12.0,0,2.5,21.0,4.0,17.0,2.01,2.01
Ghana,Antoine Semenyo,"FW,MF",26.0,10.0,688.0,69.0,76.4,7.6,9,73.0,0,1,27.0,0,2.5,17.0,3.0,14.0,1.83,0.56
Ghana,Alexander Djiku,DF,31.0,7.0,626.0,89.0,69.6,7.0,7,89.0,6,0,,0,3.0,21.0,4.0,17.0,2.44,2.44
Ghana,Thomas Partey,MF,32.0,7.0,607.0,87.0,67.4,6.7,7,87.0,5,0,,1,3.0,20.0,4.0,16.0,2.37,2.07
Ghana,Mohammed Salisu,DF,26.0,8.0,596.0,75.0,66.2,6.6,7,85.0,4,1,1.0,0,2.75,20.0,3.0,17.0,2.57,2.57
Ghana,Benjamin Asare,GK,33.0,6.0,540.0,90.0,60.0,6.0,6,90.0,6,0,,0,2.67,16.0,1.0,15.0,2.5,2.0
Ghana,Salis Abdul Samed,MF,25.0,5.0,421.0,84.0,46.8,4.7,5,84.0,3,0,,1,2.0,7.0,6.0,1.0,0.21,-2.79
Ghana,Iñaki Williams,MF,31.0,6.0,377.0,63.0,41.9,4.2,4,87.0,3,2,16.0,0,2.17,7.0,1.0,6.0,1.43,-0.46
Ghana,Alidu Seidu,"DF,MF",25.0,4.0,288.0,72.0,32.0,3.2,4,72.0,1,0,,2,3.0,6.0,4.0,2.0,0.62,-1.58
Ghana,Caleb Yirenkyi,"DF,MF",20.0,4.0,286.0,72.0,31.8,3.2,3,90.0,3,1,16.0,0,2.5,7.0,1.0,6.0,1.89,0.28
Ghana,Jonas Adjetey,DF,22.0,4.0,278.0,70.0,30.9,3.1,3,90.0,3,1,8.0,2,2.5,3.0,1.0,2.0,0.65,-1.52
Ghana,Kwasi Sibo,MF,27.0,3.0,254.0,85.0,28.2,2.8,3,85.0,2,0,,0,3.0,7.0,0.0,7.0,2.48,1.09
Ghana,Ernest Nuamah,"MF,FW",22.0,5.0,196.0,39.0,21.8,2.2,2,71.0,0,3,18.0,1,2.4,7.0,1.0,6.0,2.76,1.35
Ghana,Jerome Opoku,DF,27.0,5.0,194.0,39.0,21.6,2.2,2,86.0,0,3,8.0,2,2.6,5.0,1.0,4.0,1.86,0.2
Ghana,Lawrence Ati-Zigi,GK,29.0,2.0,180.0,90.0,20.0,2.0,2,90.0,2,0,,8,3.0,6.0,4.0,2.0,1.0,-0.87
Ghana,Richard Ofori,GK,32.0,2.0,180.0,90.0,20.0,2.0,2,90.0,2,0,,0,1.5,1.0,1.0,0.0,0.0,-2.12
Ghana,Nicholas Opoku,DF,28.0,2.0,180.0,90.0,20.0,2.0,2,90.0,2,0,,0,1.5,1.0,1.0,0.0,0.0,-2.12
Ghana,Kingsley Schindler,"MF,DF",32.0,2.0,180.0,90.0,20.0,2.0,2,90.0,2,0,,0,3.0,8.0,0.0,8.0,4.0,2.87
Ghana,Abdul Fatawu Issahaku,MF,21.0,4.0,163.0,41.0,18.1,1.8,2,75.0,0,2,7.0,2,2.25,9.0,2.0,7.0,3.87,2.64
Ghana,Iddrisu Baba,MF,30.0,2.0,132.0,66.0,14.7,1.5,2,66.0,0,0,,0,1.5,0.0,1.0,-1.0,-0.68,-2.79
Ghana,Elisha Owusu,MF,28.0,4.0,139.0,35.0,15.4,1.5,1,89.0,0,3,17.0,0,2.5,3.0,2.0,1.0,0.65,-1.24
Ghana,Denis Odoi,DF,37.0,2.0,135.0,68.0,15.0,1.5,1,90.0,1,1,45.0,0,1.5,1.0,1.0,0.0,0.0,-2.0
Ghana,Kamaldeen Sulemana,MF,23.0,5.0,131.0,26.0,14.6,1.5,1,63.0,0,4,17.0,3,2.6,4.0,3.0,1.0,0.69,-1.19
Ghana,Kasim Nuhu,DF,30.0,2.0,118.0,59.0,13.1,1.3,1,90.0,1,1,28.0,0,1.5,1.0,1.0,0.0,0.0,-1.96
Ghana,Tariq Lamptey,MF,25.0,2.0,106.0,53.0,11.8,1.2,1,90.0,1,1,16.0,2,3.0,2.0,2.0,0.0,0.0,-1.93
Ghana,Ebenezer Annan,MF,23.0,2.0,101.0,51.0,11.2,1.1,1,90.0,1,1,11.0,4,3.0,1.0,0.0,1.0,0.89,-0.91
Ghana,Francis Abu,MF,24.0,2.0,99.0,50.0,11.0,1.1,1,79.0,0,1,20.0,1,3.0,3.0,0.0,3.0,2.73,1.15
Ghana,Daniel Amartey,DF,31.0,1.0,62.0,62.0,6.9,0.7,1,62.0,0,0,,0,3.0,0.0,0.0,0.0,0.0,-1.83
Ghana,André Ayew,MF,36.0,1.0,45.0,45.0,5.0,0.5,1,45.0,0,0,,1,0.0,0.0,1.0,-1.0,-2.0,-3.89
Ghana,Majeed Ashimeru,MF,28.0,2.0,71.0,36.0,7.9,0.8,0,,0,2,36.0,0,1.5,1.0,0.0,1.0,1.27,-0.47
Ghana,Joseph Paintsil,"FW,MF",27.0,3.0,41.0,14.0,4.6,0.5,0,,0,3,14.0,1,3.0,1.0,0.0,1.0,2.2,0.52
Ghana,Abdul Mumin,DF,27.0,2.0,27.0,14.0,3.0,0.3,0,,0,2,14.0,0,3.0,1.0,1.0,0.0,0.0,-1.75
Ghana,Christopher Bonsu-Baah,MF,21.0,2.0,19.0,10.0,2.1,0.2,0,,0,2,10.0,4,2.0,0.0,1.0,-1.0,-4.74,-6.58
Ghana,Kojo Peprah Oppong,DF,21.0,1.0,15.0,15.0,1.7,0.2,0,,0,1,15.0,0,3.0,0.0,0.0,0.0,0.0,-1.73
Ghana,Jerry Afriyie,FW,19.0,2.0,12.0,6.0,1.3,0.1,0,,0,2,6.0,2,2.0,0.0,0.0,0.0,0.0,-1.72
Ghana,Razak Simpson,MF,27.0,1.0,11.0,11.0,1.2,0.1,0,,0,1,11.0,1,3.0,0.0,0.0,0.0,0.0,-1.72
Ghana,Osman Bukari,"FW,MF",27.0,1.0,9.0,9.0,1.0,0.1,0,,0,1,9.0,1,3.0,1.0,0.0,1.0,10.0,8.38
Ghana,Prince Owusu,MF,21.0,1.0,9.0,9.0,1.0,0.1,0,,0,1,9.0,1,3.0,1.0,0.0,1.0,10.0,8.38
Ghana,Lawrence Agyekum,MF,22.0,1.0,8.0,8.0,0.9,0.1,0,,0,1,8.0,1,3.0,0.0,0.0,0.0,0.0,-1.72
Ghana,Brandon Thomas-Asante,"FW,MF",27.0,2.0,7.0,4.0,0.8,0.1,0,,0,2,4.0,1,3.0,0.0,1.0,-1.0,-12.86,-14.67
Ghana,Ibrahim Osman,"FW,MF",21.0,1.0,5.0,5.0,0.6,0.1,0,,0,1,5.0,3,1.0,0.0,1.0,-1.0,-18.0,-19.81
Ghana,Jonathan Sowah,FW,27.0,1.0,3.0,3.0,0.3,0.0,0,,0,1,3.0,1,0.0,0.0,0.0,0.0,0.0,-1.71
Ghana,Ibrahim Sulemana,MF,22.0,1.0,3.0,3.0,0.3,0.0,0,,0,1,3.0,2,3.0,1.0,0.0,1.0,30.0,28.39
Ghana,Hamidu Abdul Fatawu,DF,26.0,0.0,,,,,0,,0,0,,2,,,,,,
Ghana,Nurudeen Abdulai,DF,21.0,0.0,,,,,0,,0,0,,1,,,,,,
Ghana,Edmund Addo,MF,25.0,0.0,,,,,0,,0,0,,2,,,,,,
Ghana,Joseph Anang,GK,25.0,0.0,,,,,0,,0,0,,4,,,,,,
Ghana,Fredrick Asare,GK,26.0,0.0,,,,,0,,0,0,,2,,,,,,
Ghana,Mamudu Kamaradini,DF,23.0,0.0,,,,,0,,0,0,,2,,,,,,
Ghana,Jojo Wollacott,GK,29.0,0.0,,,,,0,,0,0,,6,,,,,,
Ghana,Jordan Ayew,"MF,FW",34.7556,3.0,249.0,83.0,69.4,2.8,3,83.0,1,0,,0,0.33,3.0,6.0,-3.0,-1.08,2.19
Ghana,Jonas Adjetey,DF,22.501,3.0,248.0,83.0,69.1,2.8,3,83.0,2,0,,0,0.33,2.0,6.0,-4.0,-1.45,0.98
Ghana,Thomas Partey,MF,33.0027,3.0,220.0,73.0,61.3,2.4,3,73.0,1,0,,0,0.33,2.0,6.0,-4.0,-1.64,0.31
Ghana,Prince Kwabena Adu,"FW,MF",22.7228,3.0,178.0,59.0,49.6,2.0,3,59.0,0,0,,0,0.33,0.0,4.0,-4.0,-2.02,-0.53
Ghana,Benjamin Asare,GK,33.9199,3.0,210.0,70.0,58.5,2.3,2,83.0,1,1,45.0,1,0.33,2.0,5.0,-3.0,-1.29,1.13
Ghana,Caleb Yirenkyi,DF,20.4107,3.0,188.0,63.0,52.4,2.1,2,79.0,0,1,31.0,0,0.33,2.0,6.0,-4.0,-1.91,-0.34
Ghana,Alexander Djiku,DF,31.846,2.0,180.0,90.0,50.1,2.0,2,90.0,2,0,,0,0.0,2.0,7.0,-5.0,-2.5,-1.49
Ghana,Antoine Semenyo,MF,26.4326,2.0,175.0,88.0,48.7,1.9,2,88.0,1,0,,1,0.0,2.0,6.0,-4.0,-2.06,-0.59
Ghana,Kwasi Sibo,MF,27.9719,3.0,158.0,53.0,44.0,1.8,2,57.0,0,1,45.0,0,0.33,1.0,5.0,-4.0,-2.28,-0.94
Ghana,Derrick Köhn,DF,27.3559,2.0,157.0,79.0,43.7,1.7,2,79.0,0,0,,0,0.0,1.0,5.0,-4.0,-2.29,-0.96
Ghana,Abdul Fatawu Issahaku,MF,22.2683,3.0,138.0,46.0,38.4,1.5,2,57.0,0,1,25.0,0,0.33,1.0,4.0,-3.0,-1.96,-0.33
Ghana,Lawrence Ati-Zigi,GK,29.5394,2.0,135.0,68.0,37.6,1.5,2,68.0,1,0,,1,0.5,1.0,5.0,-4.0,-2.67,-1.46
Ghana,Elisha Owusu,MF,28.5996,3.0,109.0,36.0,30.4,1.2,1,59.0,0,2,25.0,0,0.33,1.0,2.0,-1.0,-0.83,1.33
Ghana,Gideon Mensah,DF,27.9062,2.0,106.0,53.0,29.5,1.2,1,84.0,0,1,22.0,1,0.5,2.0,2.0,0.0,0.0,2.49
Ghana,Jerome Opoku,DF,27.6653,2.0,97.0,49.0,27.0,1.1,1,75.0,0,1,22.0,1,0.5,2.0,2.0,0.0,0.0,2.4
Ghana,Marvin Senaya,DF,25.3751,2.0,96.0,48.0,26.7,1.1,1,74.0,0,1,22.0,1,0.5,2.0,2.0,0.0,0.0,2.4
Ghana,Nathaniel Adjei,DF,23.8131,1.0,89.0,89.0,24.8,1.0,1,89.0,0,0,,0,0.0,0.0,2.0,-2.0,-2.02,-0.36
Ghana,Jan Gyamerah,DF,30.9884,1.0,89.0,89.0,24.8,1.0,1,89.0,0,0,,0,0.0,0.0,2.0,-2.0,-2.02,-0.36
Ghana,Oscar Naasei Oppong,DF,21.3012,1.0,89.0,89.0,24.8,1.0,1,89.0,0,0,,0,0.0,0.0,2.0,-2.0,-2.02,-0.36
Ghana,Terry Yegbe,DF,25.3833,1.0,89.0,89.0,24.8,1.0,1,89.0,0,0,,0,0.0,0.0,2.0,-2.0,-2.02,-0.36
Ghana,Emmanuel Agyei,MF,21.6105,1.0,75.0,75.0,20.9,0.8,1,75.0,0,0,,0,0.0,0.0,2.0,-2.0,-2.4,-0.82
Ghana,Majeed Ashimeru,MF,28.6762,1.0,74.0,74.0,20.6,0.8,1,74.0,0,0,,0,0.0,0.0,2.0,-2.0,-2.43,-0.85
Ghana,Ibrahim Osman,FW,21.5394,1.0,74.0,74.0,20.6,0.8,1,74.0,0,0,,0,0.0,0.0,2.0,-2.0,-2.43,-0.85
Ghana,Felix Afena-Gyan,FW,23.3997,1.0,66.0,66.0,18.4,0.7,1,66.0,0,0,,0,0.0,0.0,2.0,-2.0,-2.73,-1.19
Ghana,Dan Agyei,MF,29.0356,1.0,65.0,65.0,18.1,0.7,1,65.0,0,0,,2,0.0,0.0,2.0,-2.0,-2.77,-1.24
Ghana,Jesurun Rak Sakyi,FW,23.6899,1.0,65.0,65.0,18.1,0.7,1,65.0,0,0,,0,0.0,0.0,2.0,-2.0,-2.77,-1.24
Ghana,Kamaldeen Sulemana,MF,24.3258,3.0,65.0,22.0,18.1,0.7,1,59.0,0,2,3.0,0,0.33,0.0,1.0,-1.0,-1.38,0.45
Ghana,Kojo Peprah Oppong,DF,22.0274,1.0,55.0,55.0,15.3,0.6,1,55.0,0,0,,2,0.0,0.0,1.0,-1.0,-1.64,0.14
Ghana,Ernest Nuamah,"FW,MF",22.616,1.0,45.0,45.0,12.5,0.5,0,,0,1,45.0,0,1.0,1.0,1.0,0.0,0.0,2.01
Ghana,Brandon Thomas-Asante,"FW,MF",27.4572,1.0,45.0,45.0,12.5,0.5,0,,0,1,45.0,0,1.0,1.0,1.0,0.0,0.0,2.01
Ghana,Christopher Bonsu-Baah,MF,21.4983,3.0,37.0,12.0,10.3,0.4,0,,0,3,12.0,0,0.33,1.0,2.0,-1.0,-2.43,-0.76
Ghana,Derrick Luckassen,"DF,MF",30.9473,1.0,35.0,35.0,9.7,0.4,0,,0,1,35.0,2,0.0,1.0,1.0,0.0,0.0,1.94
Ghana,Prince Amoako,FW,19.3149,1.0,25.0,25.0,7.0,0.3,0,,0,1,25.0,0,0.0,0.0,0.0,0.0,0.0,1.89
Ghana,Razak Simpson,MF,27.9144,1.0,25.0,25.0,7.0,0.3,0,,0,1,25.0,0,0.0,0.0,0.0,0.0,0.0,1.89
Ghana,Jerry Afriyie,FW,19.5092,1.0,24.0,24.0,6.7,0.3,0,,0,1,24.0,0,0.0,0.0,0.0,0.0,0.0,1.88
Ghana,Ransford Königsdörffer,"FW,MF",24.7502,1.0,22.0,22.0,6.1,0.2,0,,0,1,22.0,1,0.0,1.0,2.0,-1.0,-4.09,-2.49
Ghana,Patric Pfeiffer,DF,26.8159,1.0,22.0,22.0,6.1,0.2,0,,0,1,22.0,1,0.0,1.0,2.0,-1.0,-4.09,-2.49
Ghana,Ibrahim Sulemana,MF,23.063,1.0,22.0,22.0,6.1,0.2,0,,0,1,22.0,1,0.0,1.0,2.0,-1.0,-4.09,-2.49
Ghana,Abdul Aziz Issah,MF,20.564,1.0,16.0,16.0,4.5,0.2,0,,0,1,16.0,0,0.0,0.0,0.0,0.0,0.0,1.84
Ghana,Joseph Opoku,MF,20.8487,1.0,16.0,16.0,4.5,0.2,0,,0,1,16.0,0,0.0,0.0,0.0,0.0,0.0,1.84
Ghana,Alidu Seidu,DF,26.0274,1.0,16.0,16.0,4.5,0.2,0,,0,1,16.0,0,1.0,0.0,1.0,-1.0,-5.63,-4.05
Ghana,Iñaki Williams,"FW,MF",31.9966,1.0,16.0,16.0,4.5,0.2,0,,0,1,16.0,0,1.0,0.0,1.0,-1.0,-5.63,-4.05
Ghana,Salim Adams,MF,23.6735,1.0,15.0,15.0,4.2,0.2,0,,0,1,15.0,0,0.0,0.0,0.0,0.0,0.0,1.83
Ghana,Solomon Agbasi,GK,25.668,1.0,15.0,15.0,4.2,0.2,0,,0,1,15.0,0,0.0,0.0,0.0,0.0,0.0,1.83
Ghana,Abdul Mumin,DF,28.0219,1.0,15.0,15.0,4.2,0.2,0,,0,1,15.0,0,1.0,0.0,1.0,-1.0,-6.0,-4.43
Ghana,Abdul Rahman Baba,"DF,MF",31.95,1.0,6.0,6.0,1.7,0.1,0,,0,1,6.0,0,1.0,0.0,1.0,-1.0,-15.0,-13.47
Ghana,Ebenezer Abban,DF,28.4189,1.0,1.0,1.0,0.3,0.0,0,,0,1,1.0,0,0.0,0.0,0.0,0.0,0.0,1.76
Ghana,Ebenezer Adade,DF,24.052,1.0,1.0,1.0,0.3,0.0,0,,0,1,1.0,0,0.0,0.0,0.0,0.0,0.0,1.76
Ghana,Dacosta Antwi,DF,19.2738,1.0,1.0,1.0,0.3,0.0,0,,0,1,1.0,0,0.0,0.0,0.0,0.0,0.0,1.76
Ghana,David Oduro,DF,20.0055,1.0,1.0,1.0,0.3,0.0,0,,0,1,1.0,0,0.0,0.0,0.0,0.0,0.0,1.76
Ghana,Joseph Anang,GK,26.0164,0.0,,,,,0,,0,0,,3,,,,,,
Ghana,Augustine Boakye,"FW,MF",25.6105,0.0,,,,,0,,0,0,,1,,,,,,
Ghana,Jordan Ayew,"FW,MF",34.7556,13.0,"1,009",78.0,80.1,11.2,12,83.0,4,1,12.0,0,2.0,24.0,10.0,14.0,1.25,2.69
Ghana,Gideon Mensah,"DF,MF",27.9062,11.0,905,82.0,71.9,10.1,10,88.0,8,1,22.0,2,2.09,24.0,8.0,16.0,1.59,3.12
Ghana,Antoine Semenyo,"FW,MF",26.4326,12.0,863,72.0,68.5,9.6,11,76.0,1,1,27.0,1,2.08,19.0,9.0,10.0,1.04,1.04
Ghana,Thomas Partey,MF,33.0027,10.0,827,83.0,65.7,9.2,10,83.0,6,0,,1,2.2,22.0,10.0,12.0,1.31,1.72
Ghana,Alexander Djiku,DF,31.846,9.0,806,90.0,64.0,9.0,9,90.0,8,0,,0,2.33,23.0,11.0,12.0,1.34,1.74
Ghana,Mohammed Kudus,"MF,FW",25.8652,10.0,799,80.0,88.8,8.9,9,84.0,2,1,45.0,0,2.5,21.0,3.0,18.0,2.03,2.92
Ghana,Benjamin Asare,GK,33.9199,9.0,750,83.0,59.6,8.3,8,88.0,7,1,45.0,1,1.89,18.0,6.0,12.0,1.44,1.79
Ghana,Mohammed Salisu,DF,27.1588,8.0,596,75.0,66.2,6.6,7,85.0,4,1,1.0,0,2.75,20.0,3.0,17.0,2.57,2.57
Ghana,Jonas Adjetey,DF,22.501,7.0,526,75.0,41.8,5.8,6,86.0,5,1,8.0,2,1.57,5.0,7.0,-2.0,-0.34,-1.82
Ghana,Caleb Yirenkyi,"DF,MF",20.4107,7.0,474,68.0,37.6,5.3,5,85.0,3,2,24.0,0,1.57,9.0,7.0,2.0,0.38,-0.54
Ghana,Salis Abdul Samed,MF,26.219,5.0,421,84.0,46.8,4.7,5,84.0,3,0,,1,2.0,7.0,6.0,1.0,0.21,-2.79
Ghana,Kwasi Sibo,MF,27.9719,6.0,412,69.0,32.7,4.6,5,73.0,2,1,45.0,0,1.67,8.0,5.0,3.0,0.66,-0.09
Ghana,Iñaki Williams,MF,31.9966,7.0,393,56.0,31.2,4.4,4,87.0,3,3,16.0,0,2.0,7.0,2.0,5.0,1.15,0.63
Ghana,Lawrence Ati-Zigi,GK,29.5394,4.0,315,79.0,25.0,3.5,4,79.0,3,0,,9,1.75,7.0,9.0,-2.0,-0.57,-1.72
Ghana,Alidu Seidu,"DF,MF",26.0274,5.0,304,61.0,24.1,3.4,4,72.0,1,1,16.0,2,2.6,6.0,5.0,1.0,0.3,-0.55
Ghana,Abdul Fatawu Issahaku,MF,22.2683,7.0,301,43.0,23.9,3.3,4,66.0,0,3,13.0,2,1.43,10.0,6.0,4.0,1.2,0.63
Ghana,Jerome Opoku,DF,27.6653,7.0,291,42.0,23.1,3.2,3,82.0,0,4,11.0,3,2.0,7.0,3.0,4.0,1.24,0.68
Ghana,Elisha Owusu,MF,28.5996,7.0,248,35.0,19.7,2.8,2,74.0,0,5,20.0,0,1.57,4.0,4.0,0.0,0.0,-0.89
Ghana,Ernest Nuamah,"MF,FW",22.616,6.0,241,40.0,19.1,2.7,2,71.0,0,4,25.0,1,2.17,8.0,2.0,6.0,2.24,1.89
Ghana,Kamaldeen Sulemana,MF,24.3258,8.0,196,25.0,15.6,2.2,2,61.0,0,6,12.0,3,1.75,4.0,4.0,0.0,0.0,-0.85
Ghana,Richard Ofori,GK,32.616,2.0,180,90.0,20.0,2.0,2,90.0,2,0,,0,1.5,1.0,1.0,0.0,0.0,-2.12
Ghana,Nicholas Opoku,DF,28.5969,2.0,180,90.0,20.0,2.0,2,90.0,2,0,,0,1.5,1.0,1.0,0.0,0.0,-2.12
Ghana,Kingsley Schindler,"MF,DF",32.9227,2.0,180,90.0,20.0,2.0,2,90.0,2,0,,0,3.0,8.0,0.0,8.0,4.0,2.87
Ghana,Prince Kwabena Adu,"FW,MF",22.7228,3.0,178,59.0,49.6,2.0,3,59.0,0,0,,0,0.33,0.0,4.0,-4.0,-2.02,-0.53
Ghana,Derrick Köhn,DF,27.3559,2.0,157,79.0,43.7,1.7,2,79.0,0,0,,0,0.0,1.0,5.0,-4.0,-2.29,-0.96
Ghana,Majeed Ashimeru,MF,28.6762,3.0,145,48.0,11.5,1.6,1,74.0,0,2,36.0,0,1.0,1.0,2.0,-1.0,-0.62,-1.51
Ghana,Denis Odoi,DF,38.0493,2.0,135,68.0,15.0,1.5,1,90.0,1,1,45.0,0,1.5,1.0,1.0,0.0,0.0,-2.0
Ghana,Iddrisu Baba,MF,30.3915,2.0,132,66.0,14.7,1.5,2,66.0,0,0,,0,1.5,0.0,1.0,-1.0,-0.68,-2.79
Ghana,Kasim Nuhu,DF,30.9774,2.0,118,59.0,13.1,1.3,1,90.0,1,1,28.0,0,1.5,1.0,1.0,0.0,0.0,-1.96
Ghana,Tariq Lamptey,MF,25.7036,2.0,106,53.0,11.8,1.2,1,90.0,1,1,16.0,2,3.0,2.0,2.0,0.0,0.0,-1.93
Ghana,Ebenezer Annan,MF,23.8131,2.0,101,51.0,11.2,1.1,1,90.0,1,1,11.0,4,3.0,1.0,0.0,1.0,0.89,-0.91
Ghana,Francis Abu,MF,25.1314,2.0,99,50.0,11.0,1.1,1,79.0,0,1,20.0,1,3.0,3.0,0.0,3.0,2.73,1.15
Ghana,Marvin Senaya,DF,25.3751,2.0,96,48.0,26.7,1.1,1,74.0,0,1,22.0,1,0.5,2.0,2.0,0.0,0.0,2.4
Ghana,Terry Yegbe,DF,25.3833,1.0,89,89.0,24.8,1.0,1,89.0,0,0,,0,0.0,0.0,2.0,-2.0,-2.02,-0.36
Ghana,Nathaniel Adjei,DF,23.8131,1.0,89,89.0,24.8,1.0,1,89.0,0,0,,0,0.0,0.0,2.0,-2.0,-2.02,-0.36
Ghana,Jan Gyamerah,DF,30.9884,1.0,89,89.0,24.8,1.0,1,89.0,0,0,,0,0.0,0.0,2.0,-2.0,-2.02,-0.36
Ghana,Oscar Naasei Oppong,DF,21.3012,1.0,89,89.0,24.8,1.0,1,89.0,0,0,,0,0.0,0.0,2.0,-2.0,-2.02,-0.36
Ghana,Ibrahim Osman,"FW,MF",21.5394,2.0,79,40.0,6.3,0.9,1,74.0,0,1,5.0,3,0.5,0.0,3.0,-3.0,-3.42,-4.41
Ghana,Emmanuel Agyei,MF,21.6105,1.0,75,75.0,20.9,0.8,1,75.0,0,0,,0,0.0,0.0,2.0,-2.0,-2.4,-0.82
Ghana,Kojo Peprah Oppong,DF,22.0274,2.0,70,35.0,5.6,0.8,1,55.0,0,1,15.0,2,1.5,0.0,1.0,-1.0,-1.29,-2.12
Ghana,Felix Afena-Gyan,FW,23.3997,1.0,66,66.0,18.4,0.7,1,66.0,0,0,,0,0.0,0.0,2.0,-2.0,-2.73,-1.19
Ghana,Jesurun Rak Sakyi,FW,23.6899,1.0,65,65.0,18.1,0.7,1,65.0,0,0,,0,0.0,0.0,2.0,-2.0,-2.77,-1.24
Ghana,Dan Agyei,MF,29.0356,1.0,65,65.0,18.1,0.7,1,65.0,0,0,,2,0.0,0.0,2.0,-2.0,-2.77,-1.24
Ghana,Daniel Amartey,DF,31.4791,1.0,62,62.0,6.9,0.7,1,62.0,0,0,,0,3.0,0.0,0.0,0.0,0.0,-1.83
Ghana,Christopher Bonsu-Baah,MF,21.4983,5.0,56,11.0,4.4,0.6,0,,0,5,11.0,4,1.0,1.0,3.0,-2.0,-3.21,-4.11
Ghana,Brandon Thomas-Asante,"FW,MF",27.4572,3.0,52,17.0,4.1,0.6,0,,0,3,17.0,1,2.33,1.0,2.0,-1.0,-1.73,-2.55
Ghana,André Ayew,MF,36.4901,1.0,45,45.0,5.0,0.5,1,45.0,0,0,,1,0.0,0.0,1.0,-1.0,-2.0,-3.89
Ghana,Abdul Mumin,DF,28.0219,3.0,42,14.0,3.3,0.5,0,,0,3,14.0,0,2.33,1.0,2.0,-1.0,-2.14,-2.96
Ghana,Joseph Paintsil,"FW,MF",28.3641,3.0,41,14.0,4.6,0.5,0,,0,3,14.0,1,3.0,1.0,0.0,1.0,2.2,0.52
Ghana,Razak Simpson,MF,27.9144,2.0,36,18.0,2.9,0.4,0,,0,2,18.0,1,1.5,0.0,0.0,0.0,0.0,-0.74
Ghana,Jerry Afriyie,FW,19.5092,3.0,36,12.0,2.9,0.4,0,,0,3,12.0,2,1.33,0.0,0.0,0.0,0.0,-0.74
Ghana,Derrick Luckassen,"DF,MF",30.9473,1.0,35,35.0,9.7,0.4,0,,0,1,35.0,2,0.0,1.0,1.0,0.0,0.0,1.94
Ghana,Prince Amoako,FW,19.3149,1.0,25,25.0,7.0,0.3,0,,0,1,25.0,0,0.0,0.0,0.0,0.0,0.0,1.89
Ghana,Ibrahim Sulemana,MF,23.063,2.0,25,13.0,2.0,0.3,0,,0,2,13.0,3,1.5,2.0,2.0,0.0,0.0,-0.73
Ghana,Ransford Königsdörffer,"FW,MF",24.7502,1.0,22,22.0,6.1,0.2,0,,0,1,22.0,1,0.0,1.0,2.0,-1.0,-4.09,-2.49
Ghana,Patric Pfeiffer,DF,26.8159,1.0,22,22.0,6.1,0.2,0,,0,1,22.0,1,0.0,1.0,2.0,-1.0,-4.09,-2.49
Ghana,Joseph Opoku,MF,20.8487,1.0,16,16.0,4.5,0.2,0,,0,1,16.0,0,0.0,0.0,0.0,0.0,0.0,1.84
Ghana,Abdul Aziz Issah,MF,20.564,1.0,16,16.0,4.5,0.2,0,,0,1,16.0,0,0.0,0.0,0.0,0.0,0.0,1.84
Ghana,Solomon Agbasi,GK,25.668,1.0,15,15.0,4.2,0.2,0,,0,1,15.0,0,0.0,0.0,0.0,0.0,0.0,1.83
Ghana,Salim Adams,MF,23.6735,1.0,15,15.0,4.2,0.2,0,,0,1,15.0,0,0.0,0.0,0.0,0.0,0.0,1.83
Ghana,Prince Owusu,MF,21.6817,1.0,9,9.0,1.0,0.1,0,,0,1,9.0,1,3.0,1.0,0.0,1.0,10.0,8.38
Ghana,Osman Bukari,"FW,MF",27.501,1.0,9,9.0,1.0,0.1,0,,0,1,9.0,1,3.0,1.0,0.0,1.0,10.0,8.38
Ghana,Lawrence Agyekum,MF,22.5558,1.0,8,8.0,0.9,0.1,0,,0,1,8.0,1,3.0,0.0,0.0,0.0,0.0,-1.72
Ghana,Abdul Rahman Baba,"DF,MF",31.95,1.0,6,6.0,1.7,0.1,0,,0,1,6.0,0,1.0,0.0,1.0,-1.0,-15.0,-13.47
Ghana,Jonathan Sowah,FW,27.449,1.0,3,3.0,0.3,0.0,0,,0,1,3.0,1,0.0,0.0,0.0,0.0,0.0,-1.71
Ghana,Ebenezer Adade,DF,24.052,1.0,1,1.0,0.3,0.0,0,,0,1,1.0,0,0.0,0.0,0.0,0.0,0.0,1.76
Ghana,Ebenezer Abban,DF,28.4189,1.0,1,1.0,0.3,0.0,0,,0,1,1.0,0,0.0,0.0,0.0,0.0,0.0,1.76
Ghana,David Oduro,DF,20.0055,1.0,1,1.0,0.3,0.0,0,,0,1,1.0,0,0.0,0.0,0.0,0.0,0.0,1.76
Ghana,Dacosta Antwi,DF,19.2738,1.0,1,1.0,0.3,0.0,0,,0,1,1.0,0,0.0,0.0,0.0,0.0,0.0,1.76
Ghana,Augustine Boakye,"FW,MF",25.6105,0.0,,,,,0,,0,0,,1,,,,,,
Ghana,Hamidu Abdul Fatawu,DF,27.2793,0.0,,,,,0,,0,0,,2,,,,,,
Ghana,Nurudeen Abdulai,DF,21.8679,0.0,,,,,0,,0,0,,1,,,,,,
Ghana,Edmund Addo,MF,26.0767,0.0,,,,,0,,0,0,,2,,,,,,
Ghana,Joseph Anang,GK,26.0164,0.0,,,,,0,,0,0,,7,,,,,,
Ghana,Mamudu Kamaradini,DF,23.6078,0.0,,,,,0,,0,0,,2,,,,,,
Ghana,Jojo Wollacott,GK,29.7639,0.0,,,,,0,,0,0,,6,,,,,,
Ghana,Fredrick Asare,GK,27.0465,0.0,,,,,0,,0,0,,2,,,,,,
Haiti,Ricardo Adé,DF,36.0657,1.0,90.0,90.0,100.0,1.0,1,90.0,1,0,,0,0.0,0.0,1.0,-1.0,-1.0,
Haiti,Carlens Arcus,DF,29.961,1.0,90.0,90.0,100.0,1.0,1,90.0,1,0,,0,0.0,0.0,1.0,-1.0,-1.0,
Haiti,Jean-Ricner Bellegarde,MF,27.9637,1.0,90.0,90.0,100.0,1.0,1,90.0,1,0,,0,0.0,0.0,1.0,-1.0,-1.0,
Haiti,Hannes Delcroix,DF,27.2902,1.0,90.0,90.0,100.0,1.0,1,90.0,1,0,,0,0.0,0.0,1.0,-1.0,-1.0,
Haiti,Martin Expérience,DF,27.2656,1.0,90.0,90.0,100.0,1.0,1,90.0,1,0,,0,0.0,0.0,1.0,-1.0,-1.0,
Haiti,Danley Jean-Jacques,MF,26.0684,1.0,90.0,90.0,100.0,1.0,1,90.0,1,0,,0,0.0,0.0,1.0,-1.0,-1.0,
Haiti,Frantzdy Pierrot,FW,31.2108,1.0,90.0,90.0,100.0,1.0,1,90.0,1,0,,0,0.0,0.0,1.0,-1.0,-1.0,
Haiti,Johny Placide,GK,38.3723,1.0,90.0,90.0,100.0,1.0,1,90.0,1,0,,0,0.0,0.0,1.0,-1.0,-1.0,
Haiti,Ruben Providence,MF,24.9363,1.0,84.0,84.0,93.3,0.9,1,84.0,0,0,,0,0.0,0.0,1.0,-1.0,-1.07,-1.07
Haiti,Wilson Isidor,FW,25.7967,1.0,75.0,75.0,83.3,0.8,1,75.0,0,0,,0,0.0,0.0,1.0,-1.0,-1.2,-1.2
Haiti,Louicius Deedson,MF,25.3368,1.0,60.0,60.0,66.7,0.7,1,60.0,0,0,,0,0.0,0.0,1.0,-1.0,-1.5,-1.5
Haiti,Josué Casimir,"FW,MF",24.7201,1.0,30.0,30.0,33.3,0.3,0,,0,1,30.0,0,0.0,0.0,0.0,0.0,0.0,1.5
Haiti,Lenny Joseph,"FW,MF",25.6708,1.0,15.0,15.0,16.7,0.2,0,,0,1,15.0,0,0.0,0.0,0.0,0.0,0.0,1.2
Haiti,Yassin Fortuné,"FW,MF",27.3696,1.0,6.0,6.0,6.7,0.1,0,,0,1,6.0,0,0.0,0.0,0.0,0.0,0.0,1.07
Haiti,Josué Duverger,GK,26.1314,0.0,,,,,0,,0,0,,1,,,,,,
Haiti,Jean-Kevin Duverne,DF,28.9227,0.0,,,,,0,,0,0,,1,,,,,,
Haiti,Derrick Etienne,"FW,MF",29.5503,0.0,,,,,0,,0,0,,1,,,,,,
Haiti,Carl Fred Sainté,MF,23.846,0.0,,,,,0,,0,0,,1,,,,,,
Haiti,Duke Lacroix,"DF,FW",32.6653,0.0,,,,,0,,0,0,,1,,,,,,
Haiti,Garven Metusala,DF,26.4517,0.0,,,,,0,,0,0,,1,,,,,,
Haiti,Duckens Nazon,"FW,MF",32.1862,0.0,,,,,0,,0,0,,1,,,,,,
Haiti,Wilguens Paugain,DF,24.8049,0.0,,,,,0,,0,0,,1,,,,,,
Haiti,Alexandre Pierre,GK,25.2984,0.0,,,,,0,,0,0,,1,,,,,,
Haiti,Woodensky Pierre,MF,21.4545,0.0,,,,,0,,0,0,,1,,,,,,
Haiti,Dominique Simon,MF,25.8761,0.0,,,,,0,,0,0,,1,,,,,,
Haiti,Keeto Thermoncy,DF,20.2108,0.0,,,,,0,,0,0,,1,,,,,,
Haiti,Ricardo Adé,DF,36.0657,4.0,284.0,71.0,82.1,3.2,4,71.0,2,0,,0,1.0,3.0,2.0,1.0,0.32,-1.13
Haiti,Hannes Delcroix,DF,27.2902,4.0,302.0,76.0,87.3,3.4,3,90.0,3,1,32.0,0,1.0,5.0,4.0,1.0,0.3,-1.75
Haiti,Jean-Kevin Duverne,DF,28.9227,4.0,275.0,69.0,79.5,3.1,3,81.0,0,1,31.0,0,1.0,3.0,4.0,-1.0,-0.33,-4.13
Haiti,Martin Expérience,DF,27.2656,4.0,258.0,65.0,74.6,2.9,3,71.0,1,1,45.0,0,1.0,5.0,1.0,4.0,1.4,3.44
Haiti,Jean-Ricner Bellegarde,MF,27.9637,4.0,257.0,64.0,74.3,2.9,3,81.0,1,1,13.0,0,1.0,2.0,4.0,-2.0,-0.7,-4.75
Haiti,Danley Jean-Jacques,MF,26.0684,3.0,245.0,82.0,70.8,2.7,3,82.0,0,0,,0,1.0,4.0,3.0,1.0,0.37,-0.52
Haiti,Wilson Isidor,FW,25.7967,4.0,239.0,60.0,69.1,2.7,3,65.0,1,1,45.0,0,1.0,3.0,1.0,2.0,0.75,0.75
Haiti,Ruben Providence,MF,24.9363,4.0,232.0,58.0,67.1,2.6,3,71.0,1,1,19.0,0,1.0,5.0,1.0,4.0,1.55,3.13
Haiti,Alexandre Pierre,GK,25.2984,3.0,212.0,71.0,61.3,2.4,2,90.0,2,1,32.0,1,1.33,4.0,2.0,2.0,0.85,0.85
Haiti,Duckens Nazon,FW,32.1862,4.0,182.0,46.0,52.6,2.0,2,53.0,0,2,38.0,0,1.0,1.0,3.0,-2.0,-0.99,-3.18
Haiti,Frantzdy Pierrot,FW,31.2108,4.0,165.0,41.0,47.7,1.8,2,52.0,0,2,31.0,0,1.0,5.0,1.0,4.0,2.18,3.18
Haiti,Josué Casimir,MF,24.7201,3.0,161.0,54.0,46.5,1.8,2,65.0,0,1,31.0,0,1.0,1.0,3.0,-2.0,-1.12,-3.06
Haiti,Louicius Deedson,MF,25.3368,4.0,157.0,39.0,45.4,1.7,2,60.0,0,2,19.0,0,1.0,4.0,1.0,3.0,1.72,2.2
Haiti,Johny Placide,GK,38.3723,2.0,135.0,68.0,39.0,1.5,2,68.0,1,0,,0,1.5,2.0,2.0,0.0,0.0,-0.85
Haiti,Leverton Pierre,MF,28.2656,2.0,126.0,63.0,36.4,1.4,2,63.0,1,0,,1,0.5,0.0,1.0,-1.0,-0.71,-1.94
Haiti,Carlens Arcus,DF,29.961,2.0,122.0,61.0,35.3,1.4,2,61.0,0,0,,0,1.5,4.0,0.0,4.0,2.95,3.75
Haiti,Dominique Simon,MF,25.8761,2.0,95.0,48.0,27.5,1.1,1,64.0,0,1,31.0,0,1.5,3.0,2.0,1.0,0.95,0.59
Haiti,Duke Lacroix,DF,32.6653,3.0,89.0,30.0,25.7,1.0,1,45.0,0,2,22.0,1,1.0,1.0,3.0,-2.0,-2.02,-3.42
Haiti,Yassin Fortuné,MF,27.3696,2.0,50.0,25.0,14.5,0.6,1,45.0,0,1,5.0,2,1.5,1.0,1.0,0.0,0.0,-0.61
Haiti,Lenny Joseph,"FW,MF",25.6708,2.0,63.0,32.0,18.2,0.7,0,,0,2,32.0,0,1.5,3.0,2.0,1.0,1.43,1.11
Haiti,Woodensky Pierre,MF,21.4545,1.0,54.0,54.0,15.6,0.6,0,,0,1,54.0,3,1.0,1.0,1.0,0.0,0.0,-0.62
Haiti,Wilguens Paugain,DF,24.8049,4.0,53.0,13.0,15.3,0.6,0,,0,4,13.0,0,1.0,2.0,2.0,0.0,0.0,-0.61
Haiti,Derrick Etienne,"FW,MF",29.5503,3.0,48.0,16.0,13.9,0.5,0,,0,3,16.0,1,1.33,2.0,0.0,2.0,3.75,3.75
Haiti,Carl Fred Sainté,MF,23.846,2.0,12.0,6.0,3.5,0.1,0,,0,2,6.0,2,2.0,2.0,0.0,2.0,15.0,15.0
Haiti,Josué Duverger,GK,26.1314,0.0,,,,,0,,0,0,,4,,,,,,
Haiti,Woobens Pacius,FW,25.0931,0.0,,,,,0,,0,0,,2,,,,,,
Haiti,Delentz Pierre,DF,25.5749,0.0,,,,,0,,0,0,,2,,,,,,
Haiti,Keeto Thermoncy,DF,20.2108,0.0,,,,,0,,0,0,,2,,,,,,
Haiti,Ricardo Adé,DF,35.0,10.0,899.0,90.0,99.9,10.0,10,90.0,9,0,,0,2.0,20.0,12.0,8.0,0.8,90.8
Haiti,Frantzdy Pierrot,FW,30.0,10.0,746.0,75.0,82.9,8.3,10,75.0,2,0,,0,2.0,17.0,11.0,6.0,0.72,0.14
Haiti,Carlens Arcus,DF,29.0,9.0,749.0,83.0,83.2,8.3,9,83.0,5,0,,0,2.22,18.0,7.0,11.0,1.32,3.71
Haiti,Danley Jean-Jacques,MF,25.0,9.0,755.0,84.0,83.9,8.4,8,89.0,6,1,45.0,0,1.89,17.0,12.0,5.0,0.6,-0.65
Haiti,Duke Lacroix,DF,32.0,8.0,720.0,90.0,80.0,8.0,8,90.0,8,0,,2,2.13,15.0,10.0,5.0,0.62,-0.38
Haiti,Johny Placide,GK,38.0,8.0,720.0,90.0,80.0,8.0,8,90.0,8,0,,0,2.25,17.0,10.0,7.0,0.87,0.87
Haiti,Jean-Kevin Duverne,DF,28.0,7.0,630.0,90.0,70.0,7.0,7,90.0,7,0,,0,1.86,14.0,10.0,4.0,0.57,-0.43
Haiti,Leverton Pierre,MF,27.0,9.0,594.0,66.0,66.0,6.6,6,83.0,3,3,33.0,0,2.11,12.0,4.0,8.0,1.21,1.51
Haiti,Jean-Ricner Bellegarde,MF,27.0,6.0,524.0,87.0,58.2,5.8,6,87.0,4,0,,0,1.83,9.0,6.0,3.0,0.52,-0.44
Haiti,Duckens Nazon,FW,31.0,10.0,590.0,59.0,65.6,6.6,5,82.0,2,5,36.0,0,2.0,15.0,11.0,4.0,0.61,-0.26
Haiti,Louicius Deedson,"FW,MF",24.0,10.0,424.0,42.0,47.1,4.7,5,66.0,0,5,19.0,0,2.0,12.0,3.0,9.0,1.91,2.29
Haiti,Ruben Providence,MF,24.0,7.0,415.0,59.0,46.1,4.6,4,82.0,1,3,29.0,1,2.0,11.0,2.0,9.0,1.95,2.32
Haiti,Josué Casimir,MF,24.0,4.0,320.0,80.0,35.6,3.6,4,80.0,2,0,,0,2.25,5.0,3.0,2.0,0.56,-0.21
Haiti,Fafà Picault,"MF,FW",34.0,4.0,304.0,76.0,33.8,3.4,4,76.0,1,0,,0,2.5,6.0,2.0,4.0,1.18,0.73
Haiti,Hannes Delcroix,DF,26.0,3.0,225.0,75.0,25.0,2.5,2,90.0,2,1,45.0,1,2.0,3.0,0.0,3.0,1.2,0.67
Haiti,Martin Expérience,DF,26.0,4.0,217.0,54.0,24.1,2.4,2,90.0,2,2,19.0,2,2.25,6.0,3.0,3.0,1.24,0.72
Haiti,Garven Metusala,DF,26.0,2.0,135.0,68.0,15.0,1.5,2,68.0,1,0,,8,0.5,3.0,6.0,-3.0,-2.0,-3.18
Haiti,Christopher Attys,MF,24.0,6.0,134.0,22.0,14.9,1.5,2,56.0,0,4,6.0,2,2.17,3.0,3.0,0.0,0.0,-0.82
Haiti,Derrick Etienne,MF,29.0,3.0,132.0,44.0,14.7,1.5,2,54.0,0,1,24.0,3,2.0,2.0,4.0,-2.0,-1.36,-2.42
Haiti,Carl Fred Sainté,MF,23.0,5.0,119.0,24.0,13.2,1.3,2,45.0,0,3,10.0,3,2.2,1.0,3.0,-2.0,-1.51,-2.55
Haiti,Josué Duverger,GK,25.0,1.0,90.0,90.0,10.0,1.0,1,90.0,1,0,,5,1.0,3.0,3.0,0.0,0.0,-0.78
Haiti,Alexandre Pierre,GK,24.0,1.0,90.0,90.0,10.0,1.0,1,90.0,1,0,,6,1.0,0.0,0.0,0.0,0.0,-0.78
Haiti,Yassin Fortuné,FW,27.0,2.0,78.0,39.0,8.7,0.9,1,68.0,0,1,10.0,0,1.0,2.0,2.0,0.0,0.0,-0.77
Haiti,Dany Jean,MF,23.0,2.0,54.0,27.0,6.0,0.6,1,45.0,0,1,9.0,0,1.5,2.0,2.0,0.0,0.0,-0.74
Haiti,Belmar Joseph,MF,20.0,2.0,51.0,26.0,5.7,0.6,0,,0,2,26.0,1,1.5,1.0,4.0,-3.0,-5.29,-6.35
Haiti,Mikaël Cantave,MF,29.0,2.0,50.0,25.0,5.6,0.6,0,,0,2,25.0,2,1.5,1.0,4.0,-3.0,-5.4,-6.46
Haiti,Wilguens Paugain,DF,24.0,1.0,45.0,45.0,5.0,0.5,0,,0,1,45.0,1,0.0,1.0,3.0,-2.0,-4.0,-4.95
Haiti,Bryan Labissiere,MF,28.0,1.0,28.0,28.0,3.1,0.3,0,,0,1,28.0,1,3.0,1.0,1.0,0.0,0.0,-0.72
Haiti,Mondy Prunier,FW,26.0,2.0,22.0,11.0,2.4,0.2,0,,0,2,11.0,2,3.0,1.0,0.0,1.0,4.09,3.48
Haiti,Téo Michel,MF,21.0,2.0,19.0,10.0,2.1,0.2,0,,0,2,10.0,2,2.0,1.0,1.0,0.0,0.0,-0.72
Haiti,Stéphane Lambèse,DF,30.0,2.0,15.0,8.0,1.7,0.2,0,,0,2,8.0,2,3.0,0.0,0.0,0.0,0.0,-0.71
Haiti,Woobens Pacius,FW,24.0,1.0,4.0,4.0,0.4,0.0,0,,0,1,4.0,3,0.0,0.0,0.0,0.0,0.0,-0.7
Haiti,François Dulysse,DF,26.0,1.0,1.0,1.0,0.1,0.0,0,,0,1,1.0,3,0.0,0.0,1.0,-1.0,-90.0,-90.8
Haiti,Keeto Thermoncy,DF,19.0,1.0,1.0,1.0,0.1,0.0,0,,0,1,1.0,5,3.0,0.0,0.0,0.0,0.0,-0.7
Haiti,Tony Algarin,GK,19.0,0.0,,,,,0,,0,0,,2,,,,,,
Haiti,Jerry Desdunes,MF,24.0,0.0,,,,,0,,0,0,,2,,,,,,
Haiti,Gooly Elien,GK,25.0,0.0,,,,,0,,0,0,,1,,,,,,
Haiti,Garissone Innocent,GK,25.0,0.0,,,,,0,,0,0,,2,,,,,,
Haiti,Grant Leveille,GK,17.0,0.0,,,,,0,,0,0,,1,,,,,,
Haiti,Ricardo Adé,DF,36.0657,15.0,"1,273",85.0,95.3,14.1,15,85.0,12,0,,0,1.6,23.0,15.0,8.0,0.57,0.57
Haiti,Danley Jean-Jacques,MF,26.0684,13.0,"1,090",84.0,81.6,12.1,12,87.0,7,1,45.0,0,1.54,21.0,16.0,5.0,0.41,-0.68
Haiti,Frantzdy Pierrot,FW,31.2108,15.0,"1,001",67.0,74.9,11.1,13,72.0,3,2,31.0,0,1.6,22.0,13.0,9.0,0.81,1.08
Haiti,Carlens Arcus,DF,29.961,12.0,961,80.0,71.9,10.7,12,80.0,6,0,,0,1.92,22.0,8.0,14.0,1.31,2.75
Haiti,Johny Placide,GK,38.3723,11.0,945,86.0,70.7,10.5,11,86.0,10,0,,0,1.91,19.0,13.0,6.0,0.57,0.11
Haiti,Jean-Kevin Duverne,DF,28.9227,11.0,905,82.0,67.7,10.1,10,87.0,7,1,31.0,1,1.55,17.0,14.0,3.0,0.3,-1.29
Haiti,Jean-Ricner Bellegarde,MF,27.9637,11.0,871,79.0,65.2,9.7,10,86.0,6,1,13.0,0,1.36,11.0,11.0,0.0,0.0,-1.55
Haiti,Duke Lacroix,"DF,FW",32.6653,11.0,809,74.0,60.6,9.0,9,85.0,8,2,22.0,4,1.82,16.0,13.0,3.0,0.33,-0.9
Haiti,Duckens Nazon,"FW,MF",32.1862,14.0,772,55.0,57.8,8.6,7,73.0,2,7,37.0,1,1.71,16.0,14.0,2.0,0.23,-1.1
Haiti,Ruben Providence,MF,24.9363,12.0,731,61.0,54.7,8.1,8,78.0,2,4,27.0,1,1.5,16.0,4.0,12.0,1.48,2.07
Haiti,Leverton Pierre,MF,28.2656,11.0,720,65.0,57.8,8.0,8,78.0,4,3,33.0,1,1.82,12.0,5.0,7.0,0.87,0.53
Haiti,Louicius Deedson,MF,25.3368,15.0,641,43.0,48.0,7.1,8,64.0,0,7,19.0,0,1.6,16.0,5.0,11.0,1.54,1.93
Haiti,Hannes Delcroix,DF,27.2902,8.0,617,77.0,46.2,6.9,6,90.0,6,2,39.0,1,1.25,8.0,5.0,3.0,0.44,-0.19
Haiti,Martin Expérience,DF,27.2656,9.0,565,63.0,42.3,6.3,6,81.0,4,3,27.0,2,1.44,11.0,5.0,6.0,0.96,0.72
Haiti,Josué Casimir,"FW,MF",24.7201,8.0,511,64.0,38.2,5.7,6,75.0,2,2,31.0,0,1.5,6.0,6.0,0.0,0.0,-0.87
Haiti,Wilson Isidor,FW,25.7967,5.0,314,63.0,72.0,3.5,4,67.0,1,1,45.0,0,0.8,3.0,2.0,1.0,0.29,0.29
Haiti,Fafà Picault,"MF,FW",35.3039,4.0,304,76.0,33.8,3.4,4,76.0,1,0,,0,2.5,6.0,2.0,4.0,1.18,0.73
Haiti,Alexandre Pierre,GK,25.2984,4.0,302,76.0,22.6,3.4,3,90.0,3,1,32.0,8,1.25,4.0,2.0,2.0,0.6,-0.07
Haiti,Derrick Etienne,"FW,MF",29.5503,6.0,180,30.0,13.5,2.0,2,54.0,0,4,18.0,5,1.67,4.0,4.0,0.0,0.0,-0.76
Haiti,Garven Metusala,DF,26.4517,2.0,135,68.0,13.6,1.5,2,68.0,1,0,,9,0.5,3.0,6.0,-3.0,-2.0,-3.18
Haiti,Yassin Fortuné,"FW,MF",27.3696,5.0,134,27.0,10.0,1.5,2,57.0,0,3,7.0,2,1.0,3.0,3.0,0.0,0.0,-0.6
Haiti,Christopher Attys,MF,25.2546,6.0,134,22.0,14.9,1.5,2,56.0,0,4,6.0,2,2.17,3.0,3.0,0.0,0.0,-0.82
Haiti,Carl Fred Sainté,MF,23.846,7.0,131,19.0,9.8,1.5,2,45.0,0,5,8.0,6,2.14,3.0,3.0,0.0,0.0,-0.73
Haiti,Wilguens Paugain,DF,24.8049,5.0,98,20.0,7.3,1.1,0,,0,5,20.0,2,0.8,3.0,5.0,-2.0,-1.84,-2.7
Haiti,Dominique Simon,MF,25.8761,2.0,95,48.0,21.8,1.1,1,64.0,0,1,31.0,1,1.5,3.0,2.0,1.0,0.95,0.59
Haiti,Josué Duverger,GK,26.1314,1.0,90,90.0,6.7,1.0,1,90.0,1,0,,10,1.0,3.0,3.0,0.0,0.0,-0.78
Haiti,Lenny Joseph,"FW,MF",25.6708,3.0,78,26.0,17.9,0.9,0,,0,3,26.0,0,1.0,3.0,2.0,1.0,1.15,1.15
Haiti,Woodensky Pierre,MF,21.4545,1.0,54,54.0,12.4,0.6,0,,0,1,54.0,4,1.0,1.0,1.0,0.0,0.0,-0.62
Haiti,Dany Jean,MF,23.5421,2.0,54,27.0,6.0,0.6,1,45.0,0,1,9.0,0,1.5,2.0,2.0,0.0,0.0,-0.74
Haiti,Belmar Joseph,MF,20.668,2.0,51,26.0,5.7,0.6,0,,0,2,26.0,1,1.5,1.0,4.0,-3.0,-5.29,-6.35
Haiti,Mikaël Cantave,MF,29.6352,2.0,50,25.0,5.6,0.6,0,,0,2,25.0,2,1.5,1.0,4.0,-3.0,-5.4,-6.46
Haiti,Bryan Labissiere,MF,29.3368,1.0,28,28.0,3.1,0.3,0,,0,1,28.0,1,3.0,1.0,1.0,0.0,0.0,-0.72
Haiti,Mondy Prunier,FW,26.4764,2.0,22,11.0,2.4,0.2,0,,0,2,11.0,2,3.0,1.0,0.0,1.0,4.09,3.48
Haiti,Téo Michel,MF,22.115,2.0,19,10.0,2.1,0.2,0,,0,2,10.0,2,2.0,1.0,1.0,0.0,0.0,-0.72
Haiti,Stéphane Lambèse,DF,31.0958,2.0,15,8.0,1.7,0.2,0,,0,2,8.0,2,3.0,0.0,0.0,0.0,0.0,-0.71
Haiti,Woobens Pacius,FW,25.0931,1.0,4,4.0,0.3,0.0,0,,0,1,4.0,5,0.0,0.0,0.0,0.0,0.0,-0.7
Haiti,François Dulysse,DF,27.1697,1.0,1,1.0,0.1,0.0,0,,0,1,1.0,3,0.0,0.0,1.0,-1.0,-90.0,-90.8
Haiti,Keeto Thermoncy,DF,20.2108,1.0,1,1.0,0.1,0.0,0,,0,1,1.0,8,3.0,0.0,0.0,0.0,0.0,-0.7
Haiti,Gooly Elien,GK,25.9144,0.0,,,,,0,,0,0,,1,,,,,,
Haiti,Garissone Innocent,GK,26.1615,0.0,,,,,0,,0,0,,2,,,,,,
Haiti,Jerry Desdunes,MF,25.1697,0.0,,,,,0,,0,0,,2,,,,,,
Haiti,Tony Algarin,GK,19.397,0.0,,,,,0,,0,0,,2,,,,,,
Haiti,Grant Leveille,GK,17.9473,0.0,,,,,0,,0,0,,1,,,,,,
Haiti,Delentz Pierre,DF,25.5749,0.0,,,,,0,,0,0,,2,,,,,,
IR Iran,Alireza Beiranvand,GK,33.7283,,90.0,90.0,100.0,1.0,1,90.0,1,0,,0,3.0,3.0,1.0,2.0,2.0,
IR Iran,Hossein Kanaanizadegan,DF,32.2272,,90.0,90.0,100.0,1.0,1,90.0,1,0,,0,3.0,3.0,1.0,2.0,2.0,
IR Iran,Ali Nemati,DF,30.345,,90.0,90.0,100.0,1.0,1,90.0,1,0,,0,3.0,3.0,1.0,2.0,2.0,
IR Iran,Mohammad Mohebi,MF,27.4819,,86.0,86.0,95.6,1.0,1,86.0,0,0,,0,3.0,3.0,1.0,2.0,2.09,-42.91
IR Iran,Mehdi Taremi,MF,33.9062,,86.0,86.0,95.6,1.0,1,86.0,0,0,,0,3.0,3.0,1.0,2.0,2.09,-42.91
IR Iran,Saeid Ezatolahi,MF,29.7009,,69.0,69.0,76.7,0.8,1,69.0,0,0,,0,3.0,3.0,1.0,2.0,2.61,-5.96
IR Iran,Amirhossein Hosseinzadeh,MF,25.6215,,65.0,65.0,72.2,0.7,1,65.0,0,0,,0,3.0,2.0,1.0,1.0,1.38,-9.42
IR Iran,Aria Yousefi,DF,24.1451,,65.0,65.0,72.2,0.7,1,65.0,0,0,,0,3.0,2.0,1.0,1.0,1.38,-9.42
IR Iran,Ehsan Hajsafi,DF,36.2984,,45.0,45.0,50.0,0.5,1,45.0,0,0,,0,3.0,0.0,1.0,-1.0,-2.0,-12.0
IR Iran,Amirmohammad Razzaghinia,MF,20.1752,,45.0,45.0,50.0,0.5,1,45.0,0,0,,0,3.0,0.0,1.0,-1.0,-2.0,-12.0
IR Iran,Kasra Taheri,FW,19.8542,,45.0,45.0,50.0,0.5,1,45.0,0,0,,0,3.0,0.0,1.0,-1.0,-2.0,-12.0
IR Iran,Ali Alipour,FW,30.5886,,45.0,45.0,50.0,0.5,0,,0,1,45.0,0,3.0,3.0,0.0,3.0,6.0,4.0
IR Iran,Shoja' Khalilzadeh,DF,37.0849,,45.0,45.0,50.0,0.5,0,,0,1,45.0,0,3.0,3.0,0.0,3.0,6.0,4.0
IR Iran,Ramin Rezaeian,DF,36.2327,,45.0,45.0,50.0,0.5,0,,0,1,45.0,0,3.0,3.0,0.0,3.0,6.0,4.0
IR Iran,Shahriar Moghanlou,MF,31.4791,,25.0,25.0,27.8,0.3,0,,0,1,25.0,0,3.0,1.0,0.0,1.0,3.6,-0.55
IR Iran,Mehdi Torabi,MF,31.7584,,25.0,25.0,27.8,0.3,0,,0,1,25.0,0,3.0,1.0,0.0,1.0,3.6,-0.55
IR Iran,Mohammad Ghorbani,MF,25.0657,,21.0,21.0,23.3,0.2,0,,0,1,21.0,0,3.0,0.0,0.0,0.0,0.0,-5.22
IR Iran,Amirhossein Mahmoudi,FW,19.9227,,4.0,4.0,4.4,0.0,0,,0,1,4.0,0,3.0,0.0,0.0,0.0,0.0,-4.19
IR Iran,Omid Noorafkan,MF,29.1807,,4.0,4.0,4.4,0.0,0,,0,1,4.0,0,3.0,0.0,0.0,0.0,0.0,-4.19
IR Iran,Dennis Eckert,FW,29.4271,,,,,,0,,0,0,,1,,,,,,
IR Iran,Hadi Habibinejad,MF,30.6571,,,,,,0,,0,0,,1,,,,,,
IR Iran,Saleh Hardani,DF,27.4654,,,,,,0,,0,0,,1,,,,,,
IR Iran,Hossein Hosseini,GK,33.9555,,,,,,0,,0,0,,1,,,,,,
IR Iran,Mohammad Khalifeh,GK,21.8186,,,,,,0,,0,0,,1,,,,,,
IR Iran,Milad Mohammadi,"DF,MF",32.7064,,,,,,0,,0,0,,1,,,,,,
IR Iran,Payam Niazmand,GK,31.1889,,,,,,0,,0,0,,1,,,,,,
IR Iran,Mehdi Taremi,"MF,FW",33.0,,"1,329",89.0,92.3,14.8,15,89.0,9,0,,1,2.27,30.0,12.0,18.0,1.22,-2.84
IR Iran,Alireza Beiranvand,GK,33.0,,"1,170",90.0,81.3,13.0,13,90.0,13,0,,3,2.15,27.0,10.0,17.0,1.31,-0.69
IR Iran,Shoja' Khalilzadeh,DF,36.0,,"1,131",87.0,78.5,12.6,13,87.0,12,0,,0,2.15,24.0,8.0,16.0,1.27,-0.77
IR Iran,Milad Mohammadi,DF,32.0,,"1,128",81.0,78.3,12.5,13,85.0,10,1,25.0,1,2.21,23.0,9.0,14.0,1.12,-1.48
IR Iran,Saeid Ezatolahi,MF,29.0,,"1,051",81.0,73.0,11.7,12,86.0,9,1,24.0,0,2.31,26.0,9.0,17.0,1.46,0.07
IR Iran,Sardar Azmoun,FW,31.0,,983,76.0,68.3,10.9,12,79.0,2,1,34.0,0,2.38,25.0,10.0,15.0,1.37,-0.2
IR Iran,Saman Ghoddos,MF,32.0,,929,71.0,64.5,10.3,12,74.0,3,1,45.0,0,2.15,22.0,4.0,18.0,1.74,0.86
IR Iran,Hossein Kanaanizadegan,DF,31.0,,847,85.0,58.8,9.4,9,90.0,9,1,37.0,1,2.4,20.0,8.0,12.0,1.28,-0.39
IR Iran,Mohammad Mohebi,"MF,FW",27.0,,725,81.0,50.3,8.1,9,81.0,3,0,,0,2.56,22.0,6.0,16.0,1.99,1.11
IR Iran,Saleh Hardani,DF,27.0,,739,67.0,51.3,8.2,8,81.0,5,3,31.0,1,2.18,14.0,4.0,10.0,1.22,-0.45
IR Iran,Mehdi Ghayedi,MF,27.0,,651,59.0,45.2,7.2,8,71.0,1,3,28.0,0,2.64,19.0,6.0,13.0,1.8,0.66
IR Iran,Alireza Jahanbakhsh,MF,32.0,,646,65.0,44.9,7.2,7,83.0,3,3,23.0,0,2.4,11.0,4.0,7.0,0.98,-0.84
IR Iran,Omid Noorafkan,"MF,DF",28.0,,581,48.0,40.3,6.5,5,87.0,4,7,21.0,2,2.5,14.0,2.0,12.0,1.86,0.71
IR Iran,Ali Nemati,DF,29.0,,505,63.0,35.1,5.6,5,90.0,5,3,18.0,0,2.13,13.0,6.0,7.0,1.25,-0.29
IR Iran,Mohammad Karimi,MF,29.0,,289,41.0,20.1,3.2,4,66.0,0,3,9.0,2,2.29,9.0,5.0,4.0,1.25,-0.24
IR Iran,Aria Yousefi,DF,23.0,,278,56.0,19.3,3.1,4,67.0,1,1,10.0,7,2.6,9.0,4.0,5.0,1.62,0.22
IR Iran,Ali Gholizadeh,MF,29.0,,282,35.0,19.6,3.1,3,64.0,0,5,18.0,2,2.5,8.0,1.0,7.0,2.23,0.99
IR Iran,Ramin Rezaeian,DF,35.0,,270,90.0,18.8,3.0,3,90.0,3,0,,1,2.33,7.0,2.0,5.0,1.67,0.28
IR Iran,Amin Hazbavi,DF,22.0,,255,64.0,17.7,2.8,3,84.0,2,1,4.0,8,3.0,10.0,2.0,8.0,2.82,1.68
IR Iran,Mohammad Ghorbani,"MF,FW",24.0,,248,35.0,17.2,2.8,2,80.0,1,5,18.0,6,2.71,7.0,3.0,4.0,1.45,0.02
IR Iran,Mehdi Torabi,MF,31.0,,228,57.0,15.8,2.5,2,88.0,0,2,26.0,2,2.0,4.0,2.0,2.0,0.79,-0.77
IR Iran,Hossein Hosseini,GK,33.0,,180,90.0,12.5,2.0,2,90.0,2,0,,11,3.0,4.0,0.0,4.0,2.0,0.64
IR Iran,Aref Aghasi,DF,29.0,,176,88.0,12.2,2.0,2,88.0,1,0,,0,1.5,2.0,1.0,1.0,0.51,-1.06
IR Iran,Mohammadmehdi Mohebi,"MF,FW",25.0,,152,76.0,10.6,1.7,2,76.0,0,0,,0,1.5,2.0,1.0,1.0,0.59,-0.95
IR Iran,Rouzbeh Cheshmi,MF,32.0,,179,45.0,12.4,2.0,1,90.0,1,3,30.0,3,1.75,3.0,2.0,1.0,0.5,-1.07
IR Iran,Amirhossein Hosseinzadeh,MF,25.0,,95,24.0,6.6,1.1,1,45.0,0,3,17.0,4,2.25,3.0,1.0,2.0,1.89,0.49
IR Iran,Ehsan Hajsafi,DF,35.0,,91,46.0,6.3,1.0,1,90.0,1,1,1.0,0,2.0,4.0,0.0,4.0,3.96,2.69
IR Iran,Payam Niazmand,GK,30.0,,90,90.0,6.3,1.0,1,90.0,1,0,,13,3.0,4.0,2.0,2.0,2.0,0.6
IR Iran,Abolfazl Jalali,DF,27.0,,68,34.0,4.7,0.8,1,65.0,0,1,3.0,4,2.0,4.0,2.0,2.0,2.65,1.27
IR Iran,Mahdi Hashemnezhad,FW,24.0,,55,55.0,3.8,0.6,1,55.0,0,0,,1,3.0,0.0,0.0,0.0,0.0,-1.49
IR Iran,Ali Alipour,FW,30.0,,38,19.0,2.6,0.4,1,37.0,0,1,1.0,2,1.5,0.0,0.0,0.0,0.0,-1.48
IR Iran,Amirmohammad Razzaghinia,MF,19.0,,33,33.0,2.3,0.4,1,33.0,0,0,,1,3.0,0.0,0.0,0.0,0.0,-1.47
IR Iran,Shahriar Moghanlou,MF,31.0,,132,17.0,9.2,1.5,0,,0,8,17.0,2,2.13,4.0,0.0,4.0,2.73,1.42
IR Iran,Ali Karimi,MF,31.0,,47,47.0,3.3,0.5,0,,0,1,47.0,1,1.0,0.0,2.0,-2.0,-3.83,-5.45
IR Iran,Omid Ebrahimi,MF,38.0,,21,21.0,1.5,0.2,0,,0,1,21.0,1,3.0,2.0,0.0,2.0,8.57,7.24
IR Iran,Saman Fallah,MF,24.0,,20,10.0,1.4,0.2,0,,0,2,10.0,0,3.0,1.0,0.0,1.0,4.5,3.11
IR Iran,Allahyar Sayyadmanesh,"FW,MF",24.0,,19,19.0,1.3,0.2,0,,0,1,19.0,5,3.0,1.0,0.0,1.0,4.74,3.34
IR Iran,Reza Asadi,MF,30.0,,18,9.0,1.3,0.2,0,,0,2,9.0,0,2.0,2.0,0.0,2.0,10.0,8.67
IR Iran,Mehrdad Mohammadi,"FW,MF",32.0,,16,16.0,1.1,0.2,0,,0,1,16.0,0,1.0,0.0,1.0,-1.0,-5.63,-7.14
IR Iran,Mohammadreza Azadi,FW,26.0,,7,7.0,0.5,0.1,0,,0,1,7.0,2,3.0,1.0,0.0,1.0,12.86,11.48
IR Iran,Javad Hosseinnezhad,MF,22.0,,6,2.0,0.4,0.1,0,,0,3,2.0,7,3.0,3.0,0.0,3.0,45.0,43.74
IR Iran,Javad Aghaeipour,FW,26.0,,1,1.0,0.1,0.0,0,,0,1,1.0,3,3.0,0.0,0.0,0.0,0.0,-1.44
IR Iran,Karim Ansarifard,FW,35.0,,1,1.0,0.1,0.0,0,,0,1,1.0,1,3.0,1.0,0.0,1.0,90.0,88.62
IR Iran,Mohammad Daneshgar,"DF,MF",32.0,,,,,,0,,0,0,,1,,,,,,
IR Iran,Aref Gholami,DF,28.0,,,,,,0,,0,0,,2,,,,,,
IR Iran,Hossein Goudarzi,DF,24.0,,,,,,0,,0,0,,1,,,,,,
IR Iran,Majid Hosseini,DF,29.0,,,,,,0,,0,0,,2,,,,,,
IR Iran,Mehdi Lamouchi,MF,26.0,,,,,,0,,0,0,,2,,,,,,
IR Iran,Saeid Mehri,MF,27.0,,,,,,0,,0,0,,1,,,,,,
IR Iran,Sadegh Moharrami,"DF,MF",29.0,,,,,,0,,0,0,,4,,,,,,
IR Iran,Morteza Pouraliganji,"DF,MF",33.0,,,,,,0,,0,0,,2,,,,,,
IR Iran,Hossein Pourhamidi,GK,27.0,,,,,,0,,0,0,,3,,,,,,
IR Iran,Mohammad Reza Akhbari,GK,32.0,,,,,,0,,0,0,,1,,,,,,
IR Iran,Saeid Saharkhizan,FW,22.0,,,,,,0,,0,0,,2,,,,,,
IR Iran,Arsha Shakouri,GK,19.0,,,,,,0,,0,0,,1,,,,,,
IR Iran,Mehdi Taremi,"MF,FW",33.9062,,"1,415",88.0,92.5,15.7,16,88.0,9,0,,1,2.32,33.0,13.0,20.0,1.27,-4.21
IR Iran,Alireza Beiranvand,GK,33.7283,,"1,260",90.0,82.4,14.0,14,90.0,14,0,,3,2.21,30.0,11.0,19.0,1.36,-1.31
IR Iran,Shoja' Khalilzadeh,DF,37.0849,,"1,176",84.0,76.9,13.1,13,87.0,12,1,45.0,0,2.21,27.0,8.0,19.0,1.45,-0.58
IR Iran,Milad Mohammadi,DF,32.7064,,"1,128",81.0,73.7,12.5,13,85.0,10,1,25.0,2,2.21,23.0,9.0,14.0,1.12,-1.48
IR Iran,Saeid Ezatolahi,MF,29.7009,,"1,120",80.0,73.2,12.4,13,84.0,9,1,24.0,0,2.36,29.0,10.0,19.0,1.53,-0.23
IR Iran,Sardar Azmoun,FW,31.449,,983,76.0,68.3,10.9,12,79.0,2,1,34.0,0,2.38,25.0,10.0,15.0,1.37,-0.2
IR Iran,Hossein Kanaanizadegan,DF,32.2272,,937,85.0,61.2,10.4,10,90.0,10,1,37.0,1,2.45,23.0,9.0,14.0,1.34,-0.63
IR Iran,Saman Ghoddos,MF,32.7693,,929,71.0,64.5,10.3,12,74.0,3,1,45.0,0,2.15,22.0,4.0,18.0,1.74,0.86
IR Iran,Mohammad Mohebi,"MF,FW",27.4819,,811,81.0,53.0,9.0,10,81.0,3,0,,0,2.6,25.0,7.0,18.0,2.0,0.87
IR Iran,Saleh Hardani,DF,27.4654,,739,67.0,48.3,8.2,8,81.0,5,3,31.0,2,2.18,14.0,4.0,10.0,1.22,-0.45
IR Iran,Mehdi Ghayedi,MF,27.5229,,651,59.0,45.2,7.2,8,71.0,1,3,28.0,0,2.64,19.0,6.0,13.0,1.8,0.66
IR Iran,Alireza Jahanbakhsh,MF,32.8405,,646,65.0,44.9,7.2,7,83.0,3,3,23.0,0,2.4,11.0,4.0,7.0,0.98,-0.84
IR Iran,Ali Nemati,DF,30.345,,595,66.0,38.9,6.6,6,90.0,6,3,18.0,0,2.23,16.0,7.0,9.0,1.36,-0.37
IR Iran,Omid Noorafkan,"MF,DF",29.1807,,585,45.0,38.2,6.5,5,87.0,4,8,19.0,2,2.54,14.0,2.0,12.0,1.85,0.42
IR Iran,Aria Yousefi,DF,24.1451,,343,57.0,22.4,3.8,5,67.0,1,1,10.0,7,2.67,11.0,5.0,6.0,1.57,-0.02
IR Iran,Ramin Rezaeian,DF,36.2327,,315,79.0,20.6,3.5,3,90.0,3,1,45.0,1,2.5,10.0,2.0,8.0,2.29,0.88
IR Iran,Mohammad Karimi,MF,29.9829,,289,41.0,20.1,3.2,4,66.0,0,3,9.0,2,2.29,9.0,5.0,4.0,1.25,-0.24
IR Iran,Ali Gholizadeh,MF,30.2628,,282,35.0,19.6,3.1,3,64.0,0,5,18.0,2,2.5,8.0,1.0,7.0,2.23,0.99
IR Iran,Mohammad Ghorbani,"MF,FW",25.0657,,269,34.0,17.6,3.0,2,80.0,1,6,18.0,6,2.75,7.0,3.0,4.0,1.34,-0.3
IR Iran,Amin Hazbavi,DF,23.1068,,255,64.0,17.7,2.8,3,84.0,2,1,4.0,8,3.0,10.0,2.0,8.0,2.82,1.68
IR Iran,Mehdi Torabi,MF,31.7584,,253,51.0,16.5,2.8,2,88.0,0,3,26.0,2,2.2,5.0,2.0,3.0,1.07,-0.62
IR Iran,Hossein Hosseini,GK,33.9555,,180,90.0,11.8,2.0,2,90.0,2,0,,12,3.0,4.0,0.0,4.0,2.0,0.64
IR Iran,Rouzbeh Cheshmi,MF,32.8898,,179,45.0,12.4,2.0,1,90.0,1,3,30.0,3,1.75,3.0,2.0,1.0,0.5,-1.07
IR Iran,Aref Aghasi,DF,29.4463,,176,88.0,12.2,2.0,2,88.0,1,0,,0,1.5,2.0,1.0,1.0,0.51,-1.06
IR Iran,Amirhossein Hosseinzadeh,MF,25.6215,,160,32.0,10.5,1.8,2,55.0,0,3,17.0,4,2.4,5.0,2.0,3.0,1.69,0.11
IR Iran,Shahriar Moghanlou,MF,31.4791,,157,17.0,10.3,1.7,0,,0,9,17.0,2,2.23,5.0,0.0,5.0,2.87,1.42
IR Iran,Mohammadmehdi Mohebi,"MF,FW",26.3395,,152,76.0,10.6,1.7,2,76.0,0,0,,0,1.5,2.0,1.0,1.0,0.59,-0.95
IR Iran,Ehsan Hajsafi,DF,36.2984,,136,45.0,8.9,1.5,2,68.0,1,1,1.0,0,2.33,4.0,1.0,3.0,1.99,0.44
IR Iran,Payam Niazmand,GK,31.1889,,90,90.0,5.9,1.0,1,90.0,1,0,,14,3.0,4.0,2.0,2.0,2.0,0.6
IR Iran,Ali Alipour,FW,30.5886,,83,28.0,5.4,0.9,1,37.0,0,2,23.0,2,2.0,3.0,0.0,3.0,3.25,1.76
IR Iran,Amirmohammad Razzaghinia,MF,20.1752,,78,39.0,5.1,0.9,2,39.0,0,0,,1,3.0,0.0,1.0,-1.0,-1.15,-2.89
IR Iran,Abolfazl Jalali,DF,27.9665,,68,34.0,4.7,0.8,1,65.0,0,1,3.0,4,2.0,4.0,2.0,2.0,2.65,1.27
IR Iran,Mahdi Hashemnezhad,FW,24.6297,,55,55.0,3.8,0.6,1,55.0,0,0,,1,3.0,0.0,0.0,0.0,0.0,-1.49
IR Iran,Ali Karimi,MF,32.3368,,47,47.0,3.3,0.5,0,,0,1,47.0,1,1.0,0.0,2.0,-2.0,-3.83,-5.45
IR Iran,Kasra Taheri,FW,19.8542,,45,45.0,50.0,0.5,1,45.0,0,0,,0,3.0,0.0,1.0,-1.0,-2.0,-12.0
IR Iran,Omid Ebrahimi,MF,38.742,,21,21.0,1.5,0.2,0,,0,1,21.0,1,3.0,2.0,0.0,2.0,8.57,7.24
IR Iran,Saman Fallah,MF,25.0903,,20,10.0,1.4,0.2,0,,0,2,10.0,0,3.0,1.0,0.0,1.0,4.5,3.11
IR Iran,Allahyar Sayyadmanesh,"FW,MF",24.9582,,19,19.0,1.3,0.2,0,,0,1,19.0,5,3.0,1.0,0.0,1.0,4.74,3.34
IR Iran,Reza Asadi,MF,30.4052,,18,9.0,1.3,0.2,0,,0,2,9.0,0,2.0,2.0,0.0,2.0,10.0,8.67
IR Iran,Mehrdad Mohammadi,"FW,MF",32.7064,,16,16.0,1.1,0.2,0,,0,1,16.0,0,1.0,0.0,1.0,-1.0,-5.63,-7.14
IR Iran,Mohammadreza Azadi,FW,26.7666,,7,7.0,0.5,0.1,0,,0,1,7.0,2,3.0,1.0,0.0,1.0,12.86,11.48
IR Iran,Javad Hosseinnezhad,MF,22.9665,,6,2.0,0.4,0.1,0,,0,3,2.0,7,3.0,3.0,0.0,3.0,45.0,43.74
IR Iran,Amirhossein Mahmoudi,FW,19.9227,,4,4.0,4.4,0.0,0,,0,1,4.0,0,3.0,0.0,0.0,0.0,0.0,-4.19
IR Iran,Javad Aghaeipour,FW,26.5175,,1,1.0,0.1,0.0,0,,0,1,1.0,3,3.0,0.0,0.0,0.0,0.0,-1.44
IR Iran,Karim Ansarifard,FW,36.1971,,1,1.0,0.1,0.0,0,,0,1,1.0,1,3.0,1.0,0.0,1.0,90.0,88.62
IR Iran,Saeid Mehri,MF,28.3422,,,,,,0,,0,0,,1,,,,,,
IR Iran,Hossein Pourhamidi,GK,28.219,,,,,,0,,0,0,,3,,,,,,
IR Iran,Aref Gholami,DF,29.1533,,,,,,0,,0,0,,2,,,,,,
IR Iran,Majid Hosseini,DF,29.9829,,,,,,0,,0,0,,2,,,,,,
IR Iran,Mohammad Daneshgar,"DF,MF",32.397,,,,,,0,,0,0,,1,,,,,,
IR Iran,Mohammad Reza Akhbari,GK,33.3258,,,,,,0,,0,0,,1,,,,,,
IR Iran,Morteza Pouraliganji,"DF,MF",34.1533,,,,,,0,,0,0,,2,,,,,,
IR Iran,Sadegh Moharrami,"DF,MF",30.2875,,,,,,0,,0,0,,4,,,,,,
IR Iran,Arsha Shakouri,GK,19.7009,,,,,,0,,0,0,,1,,,,,,
IR Iran,Saeid Saharkhizan,FW,22.9665,,,,,,0,,0,0,,2,,,,,,
IR Iran,Mehdi Lamouchi,MF,26.5558,,,,,,0,,0,0,,2,,,,,,
IR Iran,Hadi Habibinejad,MF,30.6571,,,,,,0,,0,0,,1,,,,,,
IR Iran,Dennis Eckert,FW,29.4271,,,,,,0,,0,0,,1,,,,,,
IR Iran,Mohammad Khalifeh,GK,21.8186,,,,,,0,,0,0,,1,,,,,,
IR Iran,Hossein Goudarzi,DF,25.1123,,,,,,0,,0,0,,1,,,,,,
Japan,Zion Suzuki,GK,23.8131,3.0,261.0,87.0,96.7,2.9,3,87.0,2,0,,0,3.0,2.0,0.0,2.0,0.69,-9.31
Japan,Hiroki Ito,DF,27.0903,3.0,187.0,62.0,69.3,2.1,2,55.0,0,1,77.0,0,3.0,2.0,0.0,2.0,0.96,-0.12
Japan,Keito Nakamura,MF,25.8789,3.0,179.0,60.0,66.3,2.0,2,76.0,0,1,28.0,0,3.0,2.0,0.0,2.0,1.01,0.02
Japan,Ao Tanaka,MF,27.7584,3.0,169.0,56.0,62.6,1.9,2,75.0,0,1,20.0,0,3.0,0.0,0.0,0.0,0.0,-2.67
Japan,Junya Itō,MF,33.2656,3.0,153.0,51.0,56.7,1.7,2,62.0,0,1,29.0,0,3.0,2.0,0.0,2.0,1.18,0.41
Japan,Tsuyoshi Watanabe,DF,29.3532,3.0,153.0,51.0,56.7,1.7,2,68.0,1,1,18.0,0,3.0,2.0,0.0,2.0,1.18,0.41
Japan,Ritsu Doan,MF,27.9938,3.0,143.0,48.0,53.0,1.6,2,58.0,0,1,28.0,0,3.0,2.0,0.0,2.0,1.26,0.55
Japan,Ayase Ueda,FW,27.7584,3.0,138.0,46.0,51.1,1.5,2,55.0,0,1,28.0,0,3.0,2.0,0.0,2.0,1.3,0.62
Japan,Ayumu Seko,DF,26.0192,3.0,147.0,49.0,54.4,1.6,1,77.0,0,2,35.0,0,3.0,1.0,0.0,1.0,0.61,-0.85
Japan,Shogo Taniguchi,DF,34.9144,3.0,143.0,48.0,53.0,1.6,1,90.0,1,2,27.0,0,3.0,3.0,0.0,3.0,1.89,1.89
Japan,Yukinari Sugawara,MF,25.961,3.0,118.0,39.0,43.7,1.3,1,62.0,0,2,28.0,0,3.0,1.0,0.0,1.0,0.76,-0.42
Japan,Kaoru Mitoma,MF,29.0684,2.0,115.0,58.0,42.6,1.3,1,70.0,0,1,45.0,0,3.0,2.0,0.0,2.0,1.57,0.98
Japan,Kaishū Sano,MF,25.4545,2.0,98.0,49.0,36.3,1.1,1,90.0,1,1,8.0,1,3.0,2.0,0.0,2.0,1.84,1.31
Japan,Daichi Kamada,MF,29.8569,2.0,92.0,46.0,34.1,1.0,1,79.0,0,1,13.0,0,3.0,2.0,0.0,2.0,1.96,1.45
Japan,Takefusa Kubo,MF,25.0274,1.0,82.0,82.0,30.4,0.9,1,82.0,0,0,,0,3.0,0.0,0.0,0.0,0.0,-1.44
Japan,Takehiro Tomiyasu,DF,27.6051,1.0,82.0,82.0,30.4,0.9,1,82.0,0,0,,0,3.0,0.0,0.0,0.0,0.0,-1.44
Japan,Keisuke Gotō,FW,21.0301,2.0,80.0,40.0,29.6,0.9,1,62.0,0,1,18.0,1,3.0,1.0,0.0,1.0,1.13,0.18
Japan,Joel Fujita,MF,24.3231,1.0,77.0,77.0,28.5,0.9,1,77.0,0,0,,1,3.0,0.0,0.0,0.0,0.0,-1.4
Japan,Ko Itakura,DF,29.3778,1.0,72.0,72.0,26.7,0.8,1,72.0,0,0,,0,3.0,0.0,0.0,0.0,0.0,-1.36
Japan,Yuito Suzuki,MF,24.6352,2.0,72.0,36.0,26.7,0.8,1,61.0,0,1,11.0,1,3.0,0.0,0.0,0.0,0.0,-1.36
Japan,Daizen Maeda,MF,28.6489,1.0,62.0,62.0,23.0,0.7,1,62.0,0,0,,2,3.0,0.0,0.0,0.0,0.0,-1.3
Japan,Wataru Endo,MF,33.3422,1.0,45.0,45.0,16.7,0.5,1,45.0,0,0,,0,3.0,0.0,0.0,0.0,0.0,-1.2
Japan,Kodai Sano,MF,22.7173,1.0,45.0,45.0,16.7,0.5,1,45.0,0,0,,0,3.0,0.0,0.0,0.0,0.0,-1.2
Japan,Maya Yoshida,DF,37.8049,1.0,13.0,13.0,4.8,0.1,1,13.0,0,0,,0,3.0,0.0,0.0,0.0,0.0,-1.05
Japan,Kōki Ogawa,FW,28.8487,2.0,70.0,35.0,25.9,0.8,0,,0,2,35.0,1,3.0,1.0,0.0,1.0,1.29,0.39
Japan,Junnosuke Suzuki,DF,22.9227,2.0,65.0,33.0,24.1,0.7,0,,0,2,33.0,1,3.0,1.0,0.0,1.0,1.38,0.51
Japan,Yūto Nagatomo,"DF,MF",39.7529,1.0,45.0,45.0,16.7,0.5,0,,0,1,45.0,0,3.0,1.0,0.0,1.0,2.0,1.2
Japan,Kento Shiogai,FW,21.219,2.0,31.0,16.0,11.5,0.3,0,,0,2,16.0,1,3.0,2.0,0.0,2.0,5.81,5.43
Japan,Daiki Hashioka,"DF,MF",27.0767,1.0,13.0,13.0,4.8,0.1,0,,0,1,13.0,1,3.0,1.0,0.0,1.0,6.92,6.22
Japan,Shuto Machino,FW,26.7036,1.0,11.0,11.0,4.1,0.1,0,,0,1,11.0,1,3.0,0.0,0.0,0.0,0.0,-1.04
Japan,Tomoki Hayakawa,GK,27.282,1.0,9.0,9.0,3.3,0.1,0,,0,1,9.0,2,3.0,1.0,0.0,1.0,10.0,9.31
Japan,Keisuke Ōsako,GK,26.8789,0.0,,,,,0,,0,0,,3,,,,,,
Japan,Ryūnosuke Satō,MF,19.6598,0.0,,,,,0,,0,0,,1,,,,,,
Japan,Zion Suzuki,GK,23.0,10.0,900,90.0,66.7,10.0,10,90.0,10,0,,3,2.6,30.0,2.0,28.0,2.8,-1.8
Japan,Ko Itakura,DF,29.0,11.0,891,81.0,66.0,9.9,10,88.0,9,1,11.0,0,2.64,29.0,2.0,27.0,2.73,-1.98
Japan,Koki Machida,DF,28.0,11.0,870,79.0,64.4,9.7,10,86.0,9,1,15.0,1,2.55,34.0,2.0,32.0,3.31,-0.25
Japan,Wataru Endo,MF,32.0,11.0,859,78.0,63.6,9.5,10,83.0,6,1,33.0,3,2.82,34.0,1.0,33.0,3.46,0.16
Japan,Ritsu Doan,"MF,FW",27.0,12.0,721,60.0,53.4,8.0,10,68.0,2,2,23.0,1,2.67,24.0,1.0,23.0,2.87,-1.14
Japan,Takumi Minamino,MF,31.0,12.0,699,58.0,51.8,7.8,10,67.0,2,2,17.0,1,2.67,28.0,2.0,26.0,3.35,-0.11
Japan,Hidemasa Morita,MF,30.0,10.0,735,74.0,54.4,8.2,9,79.0,5,1,24.0,2,2.8,29.0,1.0,28.0,3.43,0.06
Japan,Ayase Ueda,FW,27.0,9.0,685,76.0,50.7,7.6,9,76.0,1,0,,1,2.78,26.0,1.0,25.0,3.28,-0.23
Japan,Daichi Kamada,MF,29.0,12.0,658,55.0,48.7,7.3,8,69.0,2,4,26.0,1,2.42,23.0,1.0,22.0,3.01,-0.76
Japan,Takefusa Kubo,MF,24.0,11.0,653,59.0,48.4,7.3,8,75.0,2,3,19.0,3,2.36,25.0,3.0,22.0,3.03,-0.71
Japan,Shogo Taniguchi,DF,34.0,8.0,602,75.0,44.6,6.7,7,84.0,6,1,17.0,1,2.75,28.0,1.0,27.0,4.04,1.15
Japan,Ao Tanaka,MF,27.0,9.0,595,66.0,44.1,6.6,6,87.0,5,3,24.0,4,2.56,19.0,2.0,17.0,2.57,-1.48
Japan,Kaoru Mitoma,MF,28.0,7.0,474,68.0,35.1,5.3,6,75.0,1,1,27.0,0,2.71,15.0,1.0,14.0,2.66,-1.14
Japan,Hiroki Ito,DF,26.0,6.0,495,83.0,36.7,5.5,5,90.0,5,1,45.0,1,2.67,15.0,0.0,15.0,2.73,-1.06
Japan,Keito Nakamura,"MF,DF",25.0,10.0,417,42.0,30.9,4.6,4,72.0,2,6,22.0,3,2.3,17.0,2.0,15.0,3.24,-0.24
Japan,Yukinari Sugawara,"MF,DF",25.0,5.0,314,63.0,23.3,3.5,4,71.0,1,1,29.0,8,2.6,9.0,0.0,9.0,2.58,-1.07
Japan,Kōki Ogawa,FW,28.0,8.0,316,40.0,23.4,3.5,3,82.0,1,5,14.0,1,2.75,16.0,1.0,15.0,4.27,1.14
Japan,Ayumu Seko,DF,25.0,4.0,315,79.0,23.3,3.5,3,90.0,3,1,45.0,4,2.25,11.0,2.0,9.0,2.57,-1.08
Japan,Keisuke Ōsako,GK,26.0,3.0,245,82.0,18.1,2.7,3,82.0,1,0,,12,3.0,14.0,0.0,14.0,5.14,2.13
Japan,Junya Itō,MF,32.0,9.0,399,44.0,29.6,4.4,2,83.0,1,7,33.0,1,2.56,20.0,1.0,19.0,4.29,1.26
Japan,Daizen Maeda,"MF,FW",28.0,7.0,298,43.0,22.1,3.3,2,81.0,1,5,27.0,3,2.71,10.0,0.0,10.0,3.02,-0.49
Japan,Kōta Takai,DF,21.0,4.0,221,55.0,16.4,2.5,2,90.0,2,2,21.0,2,1.75,9.0,1.0,8.0,3.26,-0.17
Japan,Daiki Hashioka,DF,26.0,4.0,211,53.0,15.6,2.3,2,90.0,2,2,16.0,1,3.0,9.0,0.0,9.0,3.84,0.52
Japan,Kaishū Sano,MF,25.0,3.0,198,66.0,14.7,2.2,2,77.0,1,1,45.0,1,2.0,8.0,0.0,8.0,3.64,0.28
Japan,Takehiro Tomiyasu,DF,27.0,2.0,165,83.0,12.2,1.8,2,83.0,1,0,,0,3.0,9.0,0.0,9.0,4.91,1.72
Japan,Yuki Soma,FW,28.0,3.0,148,49.0,11.0,1.6,1,90.0,1,2,29.0,1,3.0,10.0,0.0,10.0,6.08,3.01
Japan,Yuito Suzuki,MF,24.0,2.0,135,68.0,10.0,1.5,1,90.0,1,1,45.0,1,1.5,3.0,1.0,2.0,1.33,-2.3
Japan,Tsuyoshi Watanabe,DF,28.0,2.0,114,57.0,8.4,1.3,1,69.0,0,1,45.0,2,1.5,2.0,0.0,2.0,1.58,-1.99
Japan,Kosei Tani,GK,25.0,2.0,105,53.0,7.8,1.2,1,90.0,1,1,15.0,10,1.5,1.0,1.0,0.0,0.0,-3.69
Japan,Shuto Machino,FW,26.0,3.0,103,34.0,7.6,1.1,1,77.0,0,2,13.0,1,2.0,6.0,1.0,5.0,4.37,1.05
Japan,Daiya Maekawa,GK,31.0,2.0,100,50.0,7.4,1.1,1,90.0,1,1,10.0,3,3.0,6.0,0.0,6.0,5.4,2.16
Japan,Takuma Asano,MF,31.0,3.0,93,31.0,6.9,1.0,1,65.0,0,2,14.0,2,3.0,4.0,0.0,4.0,3.87,0.51
Japan,Joel Fujita,MF,23.0,1.0,90,90.0,6.7,1.0,1,90.0,1,0,,3,0.0,0.0,1.0,-1.0,-1.0,-4.71
Japan,Yu Hirakawa,MF,25.0,1.0,90,90.0,6.7,1.0,1,90.0,1,0,,1,0.0,0.0,1.0,-1.0,-1.0,-4.71
Japan,Seiya Maikuma,DF,28.0,1.0,90,90.0,6.7,1.0,1,90.0,1,0,,1,3.0,5.0,0.0,5.0,5.0,1.71
Japan,Yuta Nakayama,DF,28.0,1.0,90,90.0,6.7,1.0,1,90.0,1,0,,5,3.0,5.0,0.0,5.0,5.0,1.71
Japan,Hiroki Sekine,DF,23.0,1.0,90,90.0,6.7,1.0,1,90.0,1,0,,2,0.0,0.0,1.0,-1.0,-1.0,-4.71
Japan,Junnosuke Suzuki,DF,22.0,1.0,90,90.0,6.7,1.0,1,90.0,1,0,,0,3.0,6.0,0.0,6.0,6.0,2.79
Japan,Yuki Ohashi,FW,29.0,2.0,80,40.0,5.9,0.9,1,69.0,0,1,11.0,3,1.5,0.0,0.0,0.0,0.0,-3.61
Japan,Kota Tawaratsumida,MF,21.0,2.0,76,38.0,5.6,0.8,1,63.0,0,1,13.0,0,1.5,1.0,0.0,1.0,1.18,-2.35
Japan,Reo Hatate,MF,28.0,3.0,74,25.0,5.5,0.8,1,45.0,0,2,15.0,5,2.33,2.0,0.0,2.0,2.43,-1.02
Japan,Ryoya Morishita,MF,28.0,1.0,68,68.0,5.0,0.8,1,68.0,0,0,,1,3.0,5.0,0.0,5.0,6.62,3.39
Japan,Shunsuke Mito,MF,23.0,1.0,60,60.0,4.4,0.7,1,60.0,0,0,,1,3.0,5.0,0.0,5.0,7.5,4.29
Japan,Mao Hosoya,FW,24.0,3.0,71,24.0,5.3,0.8,0,,0,3,24.0,0,3.0,3.0,0.0,3.0,3.8,0.43
Japan,Takumu Kawamura,MF,26.0,2.0,63,32.0,4.7,0.7,0,,0,2,32.0,1,3.0,4.0,0.0,4.0,5.71,2.43
Japan,Kyogo Furuhashi,"FW,MF",31.0,2.0,32,16.0,2.4,0.4,0,,0,2,16.0,1,2.0,0.0,0.0,0.0,0.0,-3.48
Japan,Kodai Sano,MF,22.0,1.0,30,30.0,2.2,0.3,0,,0,1,30.0,1,3.0,1.0,0.0,1.0,3.0,-0.41
Japan,Ryūnosuke Satō,MF,19.0,1.0,22,22.0,1.6,0.2,0,,0,1,22.0,0,3.0,1.0,0.0,1.0,4.09,0.7
Japan,Koki Kumasaka,MF,24.0,0.0,,,,,0,,0,0,,1,,,,,,
Japan,Henry Mochizuki,"DF,MF",24.0,0.0,,,,,0,,0,0,,1,,,,,,
Japan,Yūto Nagatomo,"DF,MF",39.0,0.0,,,,,0,,0,0,,1,,,,,,
Japan,Zion Suzuki,GK,23.8131,13.0,"1,161",89.0,71.7,12.9,13,89.0,12,0,,3,2.69,32.0,2.0,30.0,2.33,-2.38
Japan,Ko Itakura,DF,29.3778,12.0,963,80.0,59.4,10.7,11,87.0,9,1,11.0,0,2.67,29.0,2.0,27.0,2.52,-1.18
Japan,Wataru Endo,MF,33.3422,12.0,904,75.0,55.8,10.0,11,79.0,6,1,33.0,3,2.84,34.0,1.0,33.0,3.29,0.65
Japan,Koki Machida,DF,28.8022,11.0,870,79.0,64.4,9.7,10,86.0,9,1,15.0,1,2.55,34.0,2.0,32.0,3.31,-0.25
Japan,Ritsu Doan,"MF,FW",27.9938,15.0,864,58.0,53.3,9.6,12,66.0,2,3,24.0,1,2.74,26.0,1.0,25.0,2.6,-0.85
Japan,Ayase Ueda,FW,27.7584,12.0,823,69.0,50.8,9.1,11,72.0,1,1,28.0,1,2.84,28.0,1.0,27.0,2.95,-0.1
Japan,Ao Tanaka,MF,27.7584,12.0,764,64.0,47.2,8.5,8,84.0,5,4,23.0,4,2.67,19.0,2.0,17.0,2.0,-1.89
Japan,Daichi Kamada,MF,29.8569,14.0,750,54.0,46.3,8.3,9,70.0,2,5,24.0,1,2.5,25.0,1.0,24.0,2.88,-0.22
Japan,Shogo Taniguchi,DF,34.9144,11.0,745,68.0,46.0,8.3,8,84.0,7,3,23.0,1,2.82,31.0,1.0,30.0,3.62,1.16
Japan,Hidemasa Morita,MF,31.0958,10.0,735,74.0,54.4,8.2,9,79.0,5,1,24.0,2,2.8,29.0,1.0,28.0,3.43,0.06
Japan,Takefusa Kubo,MF,25.0274,12.0,735,61.0,45.4,8.2,9,75.0,2,3,19.0,3,2.41,25.0,3.0,22.0,2.69,-0.56
Japan,Takumi Minamino,MF,31.4079,12.0,699,58.0,51.8,7.8,10,67.0,2,2,17.0,1,2.67,28.0,2.0,26.0,3.35,-0.11
Japan,Hiroki Ito,DF,27.0903,9.0,682,76.0,42.1,7.6,7,80.0,5,2,61.0,1,2.78,17.0,0.0,17.0,2.24,-1.31
Japan,Keito Nakamura,"MF,DF",25.8789,13.0,596,46.0,36.8,6.6,6,73.0,2,7,22.0,3,2.46,19.0,2.0,17.0,2.57,-0.68
Japan,Kaoru Mitoma,MF,29.0684,9.0,589,65.0,36.4,6.5,7,74.0,1,2,36.0,0,2.77,17.0,1.0,16.0,2.44,-0.87
Japan,Junya Itō,MF,33.2656,12.0,552,46.0,34.1,6.1,4,73.0,1,8,33.0,1,2.67,22.0,1.0,21.0,3.42,0.64
Japan,Ayumu Seko,DF,26.0192,7.0,462,66.0,28.5,5.1,4,87.0,3,3,38.0,4,2.57,12.0,2.0,10.0,1.95,-1.47
Japan,Yukinari Sugawara,"MF,DF",25.961,8.0,432,54.0,26.7,4.8,5,69.0,1,3,28.0,8,2.75,10.0,0.0,10.0,2.08,-1.25
Japan,Kōki Ogawa,FW,28.8487,10.0,386,39.0,23.8,4.3,3,82.0,1,7,20.0,2,2.8,17.0,1.0,16.0,3.73,0.96
Japan,Daizen Maeda,"MF,FW",28.6489,8.0,360,45.0,22.2,4.0,3,75.0,1,5,27.0,5,2.75,10.0,0.0,10.0,2.5,-0.64
Japan,Kaishū Sano,MF,25.4545,5.0,296,59.0,18.3,3.3,3,81.0,2,2,27.0,2,2.4,10.0,0.0,10.0,3.04,0.05
Japan,Tsuyoshi Watanabe,DF,29.3532,5.0,267,53.0,16.5,3.0,3,68.0,1,2,32.0,2,2.4,4.0,0.0,4.0,1.35,-1.98
Japan,Takehiro Tomiyasu,DF,27.6051,3.0,247,82.0,15.2,2.7,3,82.0,1,0,,0,3.0,9.0,0.0,9.0,3.28,0.33
Japan,Keisuke Ōsako,GK,26.8789,3.0,245,82.0,15.1,2.7,3,82.0,1,0,,15,3.0,14.0,0.0,14.0,5.14,2.13
Japan,Daiki Hashioka,DF,27.0767,5.0,224,45.0,13.8,2.5,2,90.0,2,3,15.0,2,3.0,10.0,0.0,10.0,4.02,1.18
Japan,Kōta Takai,DF,21.7748,4.0,221,55.0,16.4,2.5,2,90.0,2,2,21.0,2,1.75,9.0,1.0,8.0,3.26,-0.17
Japan,Yuito Suzuki,MF,24.6352,4.0,207,52.0,12.8,2.3,2,76.0,1,2,28.0,2,2.25,3.0,1.0,2.0,0.87,-2.44
Japan,Joel Fujita,MF,24.3231,2.0,167,84.0,10.3,1.9,2,84.0,1,0,,4,1.5,0.0,1.0,-1.0,-0.54,-3.95
Japan,Junnosuke Suzuki,DF,22.9227,3.0,155,52.0,9.6,1.7,1,90.0,1,2,33.0,1,3.0,7.0,0.0,7.0,4.06,1.18
Japan,Yuki Soma,FW,29.2984,3.0,148,49.0,11.0,1.6,1,90.0,1,2,29.0,1,3.0,10.0,0.0,10.0,6.08,3.01
Japan,Shuto Machino,FW,26.7036,4.0,114,29.0,7.0,1.3,1,77.0,0,3,12.0,2,2.25,6.0,1.0,5.0,3.95,1.02
Japan,Kosei Tani,GK,25.5585,2.0,105,53.0,7.8,1.2,1,90.0,1,1,15.0,10,1.5,1.0,1.0,0.0,0.0,-3.69
Japan,Daiya Maekawa,GK,31.7639,2.0,100,50.0,7.4,1.1,1,90.0,1,1,10.0,3,3.0,6.0,0.0,6.0,5.4,2.16
Japan,Takuma Asano,MF,31.5914,3.0,93,31.0,6.9,1.0,1,65.0,0,2,14.0,2,3.0,4.0,0.0,4.0,3.87,0.51
Japan,Yuta Nakayama,DF,29.3231,1.0,90,90.0,6.7,1.0,1,90.0,1,0,,5,3.0,5.0,0.0,5.0,5.0,1.71
Japan,Seiya Maikuma,DF,28.6598,1.0,90,90.0,6.7,1.0,1,90.0,1,0,,1,3.0,5.0,0.0,5.0,5.0,1.71
Japan,Yu Hirakawa,MF,25.4435,1.0,90,90.0,6.7,1.0,1,90.0,1,0,,1,0.0,0.0,1.0,-1.0,-1.0,-4.71
Japan,Hiroki Sekine,DF,23.8405,1.0,90,90.0,6.7,1.0,1,90.0,1,0,,2,0.0,0.0,1.0,-1.0,-1.0,-4.71
Japan,Keisuke Gotō,FW,21.0301,2.0,80,40.0,29.6,0.9,1,62.0,0,1,18.0,1,3.0,1.0,0.0,1.0,1.13,0.18
Japan,Yuki Ohashi,FW,29.8816,2.0,80,40.0,5.9,0.9,1,69.0,0,1,11.0,3,1.5,0.0,0.0,0.0,0.0,-3.61
Japan,Kota Tawaratsumida,MF,22.0849,2.0,76,38.0,5.6,0.8,1,63.0,0,1,13.0,0,1.5,1.0,0.0,1.0,1.18,-2.35
Japan,Kodai Sano,MF,22.7173,2.0,75,38.0,4.6,0.8,1,45.0,0,1,30.0,1,3.0,1.0,0.0,1.0,1.2,-1.89
Japan,Reo Hatate,MF,28.5613,3.0,74,25.0,5.5,0.8,1,45.0,0,2,15.0,5,2.33,2.0,0.0,2.0,2.43,-1.02
Japan,Mao Hosoya,FW,24.7666,3.0,71,24.0,5.3,0.8,0,,0,3,24.0,0,3.0,3.0,0.0,3.0,3.8,0.43
Japan,Ryoya Morishita,MF,29.1752,1.0,68,68.0,5.0,0.8,1,68.0,0,0,,1,3.0,5.0,0.0,5.0,6.62,3.39
Japan,Takumu Kawamura,MF,26.794,2.0,63,32.0,4.7,0.7,0,,0,2,32.0,1,3.0,4.0,0.0,4.0,5.71,2.43
Japan,Shunsuke Mito,MF,23.7091,1.0,60,60.0,4.4,0.7,1,60.0,0,0,,1,3.0,5.0,0.0,5.0,7.5,4.29
Japan,Yūto Nagatomo,"DF,MF",39.7529,1.0,45,45.0,2.8,0.5,0,,0,1,45.0,1,3.0,1.0,0.0,1.0,2.0,1.2
Japan,Kyogo Furuhashi,"FW,MF",31.397,2.0,32,16.0,2.4,0.4,0,,0,2,16.0,1,2.0,0.0,0.0,0.0,0.0,-3.48
Japan,Kento Shiogai,FW,21.219,2.0,31,16.0,11.5,0.3,0,,0,2,16.0,1,3.0,2.0,0.0,2.0,5.81,5.43
Japan,Ryūnosuke Satō,MF,19.6598,1.0,22,22.0,1.4,0.2,0,,0,1,22.0,1,3.0,1.0,0.0,1.0,4.09,0.7
Japan,Maya Yoshida,DF,37.8049,1.0,13,13.0,4.8,0.1,1,13.0,0,0,,0,3.0,0.0,0.0,0.0,0.0,-1.05
Japan,Tomoki Hayakawa,GK,27.282,1.0,9,9.0,3.3,0.1,0,,0,1,9.0,2,3.0,1.0,0.0,1.0,10.0,9.31
Japan,Henry Mochizuki,"DF,MF",24.731,0.0,,,,,0,,0,0,,1,,,,,,
Japan,Koki Kumasaka,MF,25.1643,0.0,,,,,0,,0,0,,1,,,,,,
Jordan,Yazan Al-Arab,DF,30.3669,2.0,147.0,74.0,88.0,1.6,2,74.0,0,0,,0,0.0,1.0,6.0,-5.0,-3.06,-3.06
Jordan,Ihsan Haddad,DF,32.3532,2.0,136.0,68.0,81.4,1.5,2,68.0,0,0,,0,0.0,1.0,5.0,-4.0,-2.65,0.26
Jordan,Noor Al Rawabdeh,MF,29.3012,2.0,136.0,68.0,81.4,1.5,2,68.0,0,0,,0,0.0,1.0,5.0,-4.0,-2.65,0.26
Jordan,Yazeed Abulaila,GK,33.4298,2.0,135.0,68.0,80.8,1.5,2,68.0,1,0,,0,0.0,1.0,5.0,-4.0,-2.67,0.15
Jordan,Mohannad Abu Taha,DF,23.3614,2.0,122.0,61.0,73.1,1.4,2,61.0,0,0,,0,0.0,1.0,4.0,-3.0,-2.21,1.79
Jordan,Ali Olwan,FW,26.219,2.0,122.0,61.0,73.1,1.4,2,61.0,0,0,,0,0.0,0.0,5.0,-5.0,-3.69,-3.69
Jordan,Nizar Al Rashdan,MF,27.2272,2.0,105.0,53.0,62.9,1.2,2,53.0,0,0,,0,0.0,1.0,4.0,-3.0,-2.57,0.33
Jordan,Musa Al-Taamari,"MF,FW",29.011,2.0,104.0,52.0,62.3,1.2,2,52.0,0,0,,0,0.0,1.0,4.0,-3.0,-2.6,0.26
Jordan,Salim Obaid,DF,34.4052,2.0,114.0,57.0,68.3,1.3,1,69.0,0,1,45.0,0,0.0,1.0,3.0,-2.0,-1.58,3.52
Jordan,Odeh Al-Fakhouri,MF,20.5585,2.0,90.0,45.0,53.9,1.0,1,45.0,0,1,45.0,0,0.0,1.0,2.0,-1.0,-1.0,3.68
Jordan,Mahmoud Al-Mardi,MF,32.6872,2.0,78.0,39.0,46.7,0.9,1,45.0,0,1,33.0,0,0.0,0.0,4.0,-4.0,-4.62,-3.6
Jordan,Abdallah Nasib,DF,32.2984,1.0,77.0,77.0,46.1,0.9,1,77.0,0,0,,0,0.0,0.0,2.0,-2.0,-2.34,0.66
Jordan,Saed Al-Rosan,DF,29.3641,2.0,63.0,32.0,37.7,0.7,1,45.0,0,1,18.0,0,0.0,0.0,3.0,-3.0,-4.29,-2.55
Jordan,Mo Abualnadi,DF,25.345,2.0,46.0,23.0,27.5,0.5,1,45.0,0,1,1.0,0,0.0,0.0,3.0,-3.0,-5.87,-4.38
Jordan,Ibrahim Sadeh,MF,26.1314,2.0,78.0,39.0,46.7,0.9,0,,0,2,39.0,0,0.0,1.0,2.0,-1.0,-1.15,2.89
Jordan,Mohammad Abu Hasheesh,DF,31.0986,2.0,63.0,32.0,37.7,0.7,0,,0,2,32.0,0,0.0,0.0,2.0,-2.0,-2.86,-0.26
Jordan,Sharara,FW,28.4545,2.0,46.0,23.0,27.5,0.5,0,,0,2,23.0,0,0.0,0.0,2.0,-2.0,-3.91,-1.68
Jordan,Anas Badawi,DF,28.7502,1.0,45.0,45.0,26.9,0.5,0,,0,1,45.0,1,0.0,1.0,1.0,0.0,0.0,3.69
Jordan,Nour Bani Attiah,GK,33.3833,1.0,33.0,33.0,19.8,0.4,0,,0,1,33.0,1,0.0,0.0,1.0,-1.0,-2.73,-0.04
Jordan,Ali Azaizeh,MF,22.1697,2.0,32.0,16.0,19.2,0.4,0,,0,2,16.0,0,0.0,0.0,1.0,-1.0,-2.81,-0.15
Jordan,Mohammad Al-Dawud,"FW,MF",34.1725,2.0,32.0,16.0,19.2,0.4,0,,0,2,16.0,0,0.0,0.0,1.0,-1.0,-2.81,-0.15
Jordan,Amer Jamous,MF,23.9473,1.0,29.0,29.0,17.4,0.3,0,,0,1,29.0,0,0.0,0.0,0.0,0.0,0.0,3.26
Jordan,Yousef Qashi,MF,21.1643,1.0,14.0,14.0,8.4,0.2,0,,0,1,14.0,0,0.0,0.0,1.0,-1.0,-6.43,-4.08
Jordan,Husam Abu Dahab,DF,26.0876,2.0,12.0,6.0,7.2,0.1,0,,0,2,6.0,0,0.0,0.0,0.0,0.0,0.0,2.9
Jordan,Mohammad Abu Ghoush,MF,20.9199,0.0,,,,,0,,0,0,,2,,,,,,
Jordan,Rajaei Ayed,MF,32.8871,0.0,,,,,0,,0,0,,2,,,,,,
Jordan,Abdallah Al-Fakhouri,GK,26.3915,0.0,,,,,0,,0,0,,2,,,,,,
Jordan,Ibrahim Sabra,FW,20.3641,0.0,,,,,0,,0,0,,1,,,,,,
Jordan,Yazeed Abulaila,GK,33.0,16.0,"1,406",88.0,97.6,15.6,16,88.0,15,0,,0,1.81,32.0,11.0,21.0,1.34,3.99
Jordan,Yazan Al-Naimat,FW,26.0,16.0,"1,346",84.0,93.5,15.0,15,87.0,8,1,45.0,0,1.81,31.0,10.0,21.0,1.4,2.36
Jordan,Abdallah Nasib,DF,31.0,14.0,"1,260",90.0,87.5,14.0,14,90.0,14,0,,1,1.64,22.0,12.0,10.0,0.71,-4.29
Jordan,Yazan Al-Arab,DF,30.0,14.0,"1,259",90.0,87.4,14.0,14,90.0,13,0,,2,2.0,30.0,9.0,21.0,1.5,2.0
Jordan,Nizar Al Rashdan,MF,26.0,14.0,"1,128",81.0,78.3,12.5,14,81.0,4,0,,0,1.64,18.0,11.0,7.0,0.56,-3.19
Jordan,Ihsan Haddad,"MF,DF",31.0,13.0,"1,141",88.0,79.2,12.7,13,88.0,10,0,,1,1.92,27.0,10.0,17.0,1.34,0.44
Jordan,Ali Olwan,"FW,MF",25.0,13.0,"1,141",88.0,79.2,12.7,13,88.0,6,0,,0,1.85,26.0,9.0,17.0,1.34,0.44
Jordan,Musa Al-Taamari,"FW,MF",28.0,13.0,"1,037",80.0,72.0,11.5,12,84.0,6,1,31.0,0,1.77,24.0,8.0,16.0,1.39,0.5
Jordan,Mahmoud Al-Mardi,"MF,FW",32.0,14.0,982,70.0,68.2,10.9,12,78.0,1,2,26.0,0,1.79,22.0,7.0,15.0,1.37,0.39
Jordan,Noor Al Rawabdeh,MF,28.0,12.0,924,77.0,64.2,10.3,10,89.0,8,2,18.0,0,1.92,23.0,9.0,14.0,1.36,0.32
Jordan,Mohannad Abu Taha,MF,22.0,11.0,672,61.0,46.7,7.5,8,83.0,5,3,4.0,3,1.91,13.0,5.0,8.0,1.07,-0.33
Jordan,Mo Abualnadi,DF,24.0,7.0,509,73.0,35.3,5.7,6,83.0,5,1,14.0,2,1.71,10.0,3.0,7.0,1.24,-0.02
Jordan,Mohammad Abu Hasheesh,"MF,DF",30.0,11.0,493,45.0,34.2,5.5,5,81.0,3,6,15.0,4,1.45,9.0,8.0,1.0,0.18,-1.62
Jordan,Salem Al-Ajalin,DF,37.0,6.0,451,75.0,31.3,5.0,5,90.0,5,1,1.0,2,2.17,9.0,4.0,5.0,1.0,-0.37
Jordan,Ibrahim Sadeh,MF,25.0,11.0,382,35.0,26.5,4.2,4,76.0,1,7,11.0,3,1.91,13.0,1.0,12.0,2.83,2.15
Jordan,Rajaei Ayed,MF,32.0,8.0,299,37.0,20.8,3.3,3,73.0,1,5,16.0,6,1.88,3.0,3.0,0.0,0.0,-1.58
Jordan,Amer Jamous,MF,23.0,4.0,288,72.0,20.0,3.2,3,86.0,1,1,31.0,2,1.75,7.0,3.0,4.0,1.25,0.0
Jordan,Husam Abu Dahab,DF,25.0,3.0,256,85.0,17.8,2.8,3,85.0,2,0,,4,1.33,4.0,4.0,0.0,0.0,-1.52
Jordan,Velibor Djuric,MF,43.0,2.0,162,81.0,11.3,1.8,2,81.0,1,0,,2,1.5,3.0,1.0,2.0,1.11,-0.16
Jordan,Bara' Marei,DF,31.0,2.0,161,81.0,11.2,1.8,2,81.0,1,0,,4,3.0,7.0,0.0,7.0,3.91,3.0
Jordan,Salim Obaid,DF,34.0,2.0,135,68.0,9.4,1.5,1,90.0,1,1,45.0,0,1.5,2.0,1.0,1.0,0.67,-0.64
Jordan,Saed Al-Rosan,DF,28.0,2.0,91,46.0,6.3,1.0,1,90.0,1,1,1.0,8,3.0,7.0,0.0,7.0,6.92,6.06
Jordan,Sharara,FW,28.0,6.0,47,8.0,3.3,0.5,0,,0,6,8.0,2,1.83,3.0,0.0,3.0,5.74,4.65
Jordan,Mustafa Kamal,MF,30.0,1.0,45,45.0,3.1,0.5,0,,0,1,45.0,1,0.0,0.0,0.0,0.0,0.0,-1.29
Jordan,Abdallah Al-Fakhouri,GK,26.0,1.0,34,34.0,2.4,0.4,0,,0,1,34.0,11,1.0,0.0,1.0,-1.0,-2.65,-3.99
Jordan,Yousef Abu Al Jazar,DF,26.0,4.0,30,8.0,2.1,0.3,0,,0,4,8.0,5,1.25,1.0,0.0,1.0,3.0,1.79
Jordan,Ibrahim Sabra,FW,19.0,2.0,28,14.0,1.9,0.3,0,,0,2,14.0,5,3.0,1.0,0.0,1.0,3.21,2.0
Jordan,Sisa,MF,27.0,1.0,27,27.0,1.9,0.3,0,,0,1,27.0,3,1.0,0.0,0.0,0.0,0.0,-1.27
Jordan,Saleh Rateb,MF,31.0,4.0,22,6.0,1.5,0.2,0,,0,4,6.0,0,1.75,2.0,0.0,2.0,8.18,7.04
Jordan,Adham Al Quraishi,DF,30.0,1.0,18,18.0,1.3,0.2,0,,0,1,18.0,1,3.0,0.0,0.0,0.0,0.0,-1.27
Jordan,Abdullah Al-Attar,"DF,FW",33.0,2.0,14,7.0,1.0,0.2,0,,0,2,7.0,0,2.0,0.0,1.0,-1.0,-6.43,-7.75
Jordan,Reziq Bani Hani,FW,24.0,3.0,14,5.0,1.0,0.2,0,,0,3,5.0,1,1.0,0.0,0.0,0.0,0.0,-1.26
Jordan,Ahmad Ersan,MF,30.0,1.0,13,13.0,0.9,0.1,0,,0,1,13.0,1,0.0,0.0,0.0,0.0,0.0,-1.26
Jordan,Aref Al Haj,FW,24.0,3.0,12,4.0,0.8,0.1,0,,0,3,4.0,2,3.0,1.0,0.0,1.0,7.5,6.3
Jordan,Mahmoud Shawkat,MF,30.0,2.0,8,4.0,0.6,0.1,0,,0,2,4.0,4,3.0,0.0,0.0,0.0,0.0,-1.26
Jordan,Mohammad Al-Dawud,"FW,MF",33.0,1.0,4,4.0,0.3,0.0,0,,0,1,4.0,0,3.0,0.0,0.0,0.0,0.0,-1.25
Jordan,Mohammad Aburiziq,FW,26.0,1.0,1,1.0,0.1,0.0,0,,0,1,1.0,1,3.0,0.0,0.0,0.0,0.0,-1.25
Jordan,Mohammad Al Amwasi,GK,29.0,0.0,,,,,0,,0,0,,3,,,,,,
Jordan,Anas Al Awadat,MF,27.0,0.0,,,,,0,,0,0,,2,,,,,,
Jordan,Nour Bani Attiah,GK,33.0,0.0,,,,,0,,0,0,,9,,,,,,
Jordan,Anas Bani Yaseen,DF,37.0,0.0,,,,,0,,0,0,,2,,,,,,
Jordan,Ali Hajabi,DF,21.0,0.0,,,,,0,,0,0,,3,,,,,,
Jordan,Hadi Al Hourani,DF,25.0,0.0,,,,,0,,0,0,,2,,,,,,
Jordan,Ahmad Juaidi,GK,24.0,0.0,,,,,0,,0,0,,5,,,,,,
Jordan,Hijazi Maher,DF,28.0,0.0,,,,,0,,0,0,,4,,,,,,
Jordan,Mohammad Al Naser,FW,28.0,0.0,,,,,0,,0,0,,1,,,,,,
Jordan,Obieda Al Samrieh,MF,33.0,0.0,,,,,0,,0,0,,2,,,,,,
Jordan,Mohannad Semreen,FW,24.0,0.0,,,,,0,,0,0,,3,,,,,,
Jordan,Amin Al Shanaineh,MF,22.0,0.0,,,,,0,,0,0,,1,,,,,,
Jordan,Feras Shelbaieh,DF,32.0,0.0,,,,,0,,0,0,,6,,,,,,
Jordan,Abdullah Al-Zubi,GK,36.0,0.0,,,,,0,,0,0,,3,,,,,,
Jordan,Yazeed Abulaila,GK,33.4298,18.0,"1,541",86.0,95.9,17.1,18,86.0,16,0,,0,1.61,33.0,16.0,17.0,0.99,3.72
Jordan,Yazan Al-Arab,DF,30.3669,16.0,"1,406",88.0,87.5,15.6,16,88.0,13,0,,2,1.75,31.0,15.0,16.0,1.02,1.47
Jordan,Yazan Al-Naimat,FW,27.0274,16.0,"1,346",84.0,93.5,15.0,15,87.0,8,1,45.0,0,1.81,31.0,10.0,21.0,1.4,2.36
Jordan,Abdallah Nasib,DF,32.2984,15.0,"1,337",89.0,83.2,14.9,15,89.0,14,0,,1,1.53,22.0,14.0,8.0,0.54,-1.79
Jordan,Ihsan Haddad,"MF,DF",32.3532,15.0,"1,277",85.0,79.5,14.2,15,85.0,10,0,,1,1.66,28.0,15.0,13.0,0.92,0.37
Jordan,Ali Olwan,"FW,MF",26.219,15.0,"1,263",84.0,78.6,14.0,15,84.0,6,0,,0,1.6,26.0,14.0,12.0,0.86,0.07
Jordan,Nizar Al Rashdan,MF,27.2272,16.0,"1,233",77.0,76.7,13.7,16,77.0,4,0,,0,1.44,19.0,15.0,4.0,0.29,-2.36
Jordan,Musa Al-Taamari,"FW,MF",29.011,15.0,"1,141",76.0,71.0,12.7,14,79.0,6,1,31.0,0,1.53,25.0,12.0,13.0,1.03,0.64
Jordan,Noor Al Rawabdeh,MF,29.3012,14.0,"1,060",76.0,66.0,11.8,12,85.0,8,2,18.0,0,1.65,24.0,14.0,10.0,0.85,0.03
Jordan,Mahmoud Al-Mardi,"MF,FW",32.6872,16.0,"1,060",66.0,66.0,11.8,13,75.0,1,3,28.0,0,1.57,22.0,11.0,11.0,0.93,0.28
Jordan,Mohannad Abu Taha,MF,23.3614,13.0,794,61.0,49.4,8.8,10,78.0,5,3,4.0,3,1.62,14.0,9.0,5.0,0.57,-0.54
Jordan,Mohammad Abu Hasheesh,"MF,DF",31.0986,13.0,556,43.0,34.6,6.2,5,81.0,3,8,19.0,4,1.23,9.0,10.0,-1.0,-0.16,-1.53
Jordan,Mo Abualnadi,DF,25.345,9.0,555,62.0,34.5,6.2,7,77.0,5,2,8.0,2,1.33,10.0,6.0,4.0,0.65,-0.29
Jordan,Ibrahim Sadeh,MF,26.1314,13.0,460,35.0,28.6,5.1,4,76.0,1,9,17.0,3,1.62,14.0,3.0,11.0,2.15,1.84
Jordan,Salem Al-Ajalin,DF,38.3176,6.0,451,75.0,31.3,5.0,5,90.0,5,1,1.0,2,2.17,9.0,4.0,5.0,1.0,-0.37
Jordan,Amer Jamous,MF,23.9473,5.0,317,63.0,19.7,3.5,3,86.0,1,2,30.0,2,1.4,7.0,3.0,4.0,1.14,0.37
Jordan,Rajaei Ayed,MF,32.8871,8.0,299,37.0,18.6,3.3,3,73.0,1,5,16.0,8,1.88,3.0,3.0,0.0,0.0,-1.58
Jordan,Husam Abu Dahab,DF,26.0876,5.0,268,54.0,16.7,3.0,3,85.0,2,2,6.0,4,0.8,4.0,4.0,0.0,0.0,-1.01
Jordan,Salim Obaid,DF,34.4052,4.0,249,62.0,15.5,2.8,2,80.0,1,2,45.0,0,0.75,3.0,4.0,-1.0,-0.36,-1.42
Jordan,Velibor Djuric,MF,44.1095,2.0,162,81.0,11.3,1.8,2,81.0,1,0,,2,1.5,3.0,1.0,2.0,1.11,-0.16
Jordan,Bara' Marei,DF,32.1697,2.0,161,81.0,11.2,1.8,2,81.0,1,0,,4,3.0,7.0,0.0,7.0,3.91,3.0
Jordan,Saed Al-Rosan,DF,29.3641,4.0,154,39.0,9.6,1.7,2,68.0,1,2,10.0,8,1.5,7.0,3.0,4.0,2.34,1.66
Jordan,Sharara,FW,28.4545,8.0,93,12.0,5.8,1.0,0,,0,8,12.0,2,1.37,3.0,2.0,1.0,0.97,0.14
Jordan,Odeh Al-Fakhouri,MF,20.5585,2.0,90,45.0,53.9,1.0,1,45.0,0,1,45.0,0,0.0,1.0,2.0,-1.0,-1.0,3.68
Jordan,Anas Badawi,DF,28.7502,1.0,45,45.0,26.9,0.5,0,,0,1,45.0,1,0.0,1.0,1.0,0.0,0.0,3.69
Jordan,Mustafa Kamal,MF,31.334,1.0,45,45.0,3.1,0.5,0,,0,1,45.0,1,0.0,0.0,0.0,0.0,0.0,-1.29
Jordan,Mohammad Al-Dawud,"FW,MF",34.1725,3.0,36,12.0,2.2,0.4,0,,0,3,12.0,0,1.0,0.0,1.0,-1.0,-2.5,-3.42
Jordan,Abdallah Al-Fakhouri,GK,26.3915,1.0,34,34.0,2.1,0.4,0,,0,1,34.0,13,1.0,0.0,1.0,-1.0,-2.65,-3.99
Jordan,Nour Bani Attiah,GK,33.3833,1.0,33,33.0,2.1,0.4,0,,0,1,33.0,10,0.0,0.0,1.0,-1.0,-2.73,-0.04
Jordan,Ali Azaizeh,MF,22.1697,2.0,32,16.0,19.2,0.4,0,,0,2,16.0,0,0.0,0.0,1.0,-1.0,-2.81,-0.15
Jordan,Yousef Abu Al Jazar,DF,26.6352,4.0,30,8.0,2.1,0.3,0,,0,4,8.0,5,1.25,1.0,0.0,1.0,3.0,1.79
Jordan,Ibrahim Sabra,FW,20.3641,2.0,28,14.0,1.7,0.3,0,,0,2,14.0,6,3.0,1.0,0.0,1.0,3.21,2.0
Jordan,Sisa,MF,27.9966,1.0,27,27.0,1.9,0.3,0,,0,1,27.0,3,1.0,0.0,0.0,0.0,0.0,-1.27
Jordan,Saleh Rateb,MF,31.4873,4.0,22,6.0,1.5,0.2,0,,0,4,6.0,0,1.75,2.0,0.0,2.0,8.18,7.04
Jordan,Adham Al Quraishi,DF,31.271,1.0,18,18.0,1.3,0.2,0,,0,1,18.0,1,3.0,0.0,0.0,0.0,0.0,-1.27
Jordan,Reziq Bani Hani,FW,24.3751,3.0,14,5.0,1.0,0.2,0,,0,3,5.0,1,1.0,0.0,0.0,0.0,0.0,-1.26
Jordan,Abdullah Al-Attar,"DF,FW",33.6927,2.0,14,7.0,1.0,0.2,0,,0,2,7.0,0,2.0,0.0,1.0,-1.0,-6.43,-7.75
Jordan,Yousef Qashi,MF,21.1643,1.0,14,14.0,8.4,0.2,0,,0,1,14.0,0,0.0,0.0,1.0,-1.0,-6.43,-4.08
Jordan,Ahmad Ersan,MF,30.7091,1.0,13,13.0,0.9,0.1,0,,0,1,13.0,1,0.0,0.0,0.0,0.0,0.0,-1.26
Jordan,Aref Al Haj,FW,25.0465,3.0,12,4.0,0.8,0.1,0,,0,3,4.0,2,3.0,1.0,0.0,1.0,7.5,6.3
Jordan,Mahmoud Shawkat,MF,31.0684,2.0,8,4.0,0.6,0.1,0,,0,2,4.0,4,3.0,0.0,0.0,0.0,0.0,-1.26
Jordan,Mohammad Aburiziq,FW,27.3641,1.0,1,1.0,0.1,0.0,0,,0,1,1.0,1,3.0,0.0,0.0,0.0,0.0,-1.25
Jordan,Abdullah Al-Zubi,GK,36.6817,0.0,,,,,0,,0,0,,3,,,,,,
Jordan,Hadi Al Hourani,DF,26.2519,0.0,,,,,0,,0,0,,2,,,,,,
Jordan,Obieda Al Samrieh,MF,34.3203,0.0,,,,,0,,0,0,,2,,,,,,
Jordan,Mohannad Semreen,FW,24.4298,0.0,,,,,0,,0,0,,3,,,,,,
Jordan,Feras Shelbaieh,DF,32.5448,0.0,,,,,0,,0,0,,6,,,,,,
Jordan,Hijazi Maher,DF,28.731,0.0,,,,,0,,0,0,,4,,,,,,
Jordan,Anas Al Awadat,MF,28.0438,0.0,,,,,0,,0,0,,2,,,,,,
Jordan,Mohammad Al Amwasi,GK,29.8487,0.0,,,,,0,,0,0,,3,,,,,,
Jordan,Amin Al Shanaineh,MF,23.1862,0.0,,,,,0,,0,0,,1,,,,,,
Jordan,Ahmad Juaidi,GK,25.1807,0.0,,,,,0,,0,0,,5,,,,,,
Jordan,Anas Bani Yaseen,DF,37.5394,0.0,,,,,0,,0,0,,2,,,,,,
Jordan,Ali Hajabi,DF,22.1177,0.0,,,,,0,,0,0,,3,,,,,,
Jordan,Mohammad Al Naser,FW,29.2272,0.0,,,,,0,,0,0,,1,,,,,,
Jordan,Mohammad Abu Ghoush,MF,20.9199,0.0,,,,,0,,0,0,,2,,,,,,
Korea Republic,Lee Gi-hyuk,DF,25.9363,1.0,90.0,90.0,100.0,1.0,1,90.0,1,0,,0,3.0,2.0,1.0,1.0,1.0,
Korea Republic,Lee Han-beom,DF,23.9911,1.0,90.0,90.0,100.0,1.0,1,90.0,1,0,,0,3.0,2.0,1.0,1.0,1.0,
Korea Republic,Lee Kang-in,FW,25.3149,1.0,90.0,90.0,100.0,1.0,1,90.0,1,0,,0,3.0,2.0,1.0,1.0,1.0,
Korea Republic,Kim Min-jae,DF,29.5777,1.0,90.0,90.0,100.0,1.0,1,90.0,1,0,,0,3.0,2.0,1.0,1.0,1.0,
Korea Republic,Kim Seung-gyu,GK,35.7036,1.0,90.0,90.0,100.0,1.0,1,90.0,1,0,,0,3.0,2.0,1.0,1.0,1.0,
Korea Republic,Seol Young-woo,MF,27.5229,1.0,90.0,90.0,100.0,1.0,1,90.0,1,0,,0,3.0,2.0,1.0,1.0,1.0,
Korea Republic,Hwang In-beom,MF,29.731,1.0,83.0,83.0,92.2,0.9,1,83.0,0,0,,0,3.0,2.0,1.0,1.0,1.08,1.08
Korea Republic,Paik Seung-ho,MF,29.2437,1.0,83.0,83.0,92.2,0.9,1,83.0,0,0,,0,3.0,2.0,1.0,1.0,1.08,1.08
Korea Republic,Son Heung-min,FW,33.9336,1.0,68.0,68.0,75.6,0.8,1,68.0,0,0,,0,3.0,1.0,1.0,0.0,0.0,-4.09
Korea Republic,Lee Tae-seok,MF,23.8789,1.0,68.0,68.0,75.6,0.8,1,68.0,0,0,,0,3.0,1.0,1.0,0.0,0.0,-4.09
Korea Republic,Lee Jae-sung,FW,33.8433,1.0,61.0,61.0,67.8,0.7,1,61.0,0,0,,0,3.0,0.0,1.0,-1.0,-1.48,-7.68
Korea Republic,Hwang Hee-chan,"FW,MF",30.3806,1.0,29.0,29.0,32.2,0.3,0,,0,1,29.0,0,3.0,2.0,0.0,2.0,6.21,7.68
Korea Republic,Oh Hyeon-gyu,FW,25.1725,1.0,22.0,22.0,24.4,0.2,0,,0,1,22.0,0,3.0,1.0,0.0,1.0,4.09,4.09
Korea Republic,Eom Ji-sung,MF,24.0986,1.0,22.0,22.0,24.4,0.2,0,,0,1,22.0,0,3.0,1.0,0.0,1.0,4.09,4.09
Korea Republic,Kim Jin-gyu,MF,29.3012,1.0,7.0,7.0,7.8,0.1,0,,0,1,7.0,0,3.0,0.0,0.0,0.0,0.0,-1.08
Korea Republic,Park Jinseob,"DF,MF",30.6407,1.0,7.0,7.0,7.8,0.1,0,,0,1,7.0,0,3.0,0.0,0.0,0.0,0.0,-1.08
Korea Republic,Song Bum-keun,GK,28.6626,0.0,,,,,0,,0,0,,1,,,,,,
Korea Republic,Jens Castrop,MF,22.8761,0.0,,,,,0,,0,0,,1,,,,,,
Korea Republic,Lee Dong-gyeong,"FW,MF",28.731,0.0,,,,,0,,0,0,,1,,,,,,
Korea Republic,Cho Gue-sung,FW,28.3833,0.0,,,,,0,,0,0,,1,,,,,,
Korea Republic,Jo Hyeon-woo,GK,34.7173,0.0,,,,,0,,0,0,,1,,,,,,
Korea Republic,Yang Hyun-jun,"FW,MF",24.0548,0.0,,,,,0,,0,0,,1,,,,,,
Korea Republic,Bae Jun-ho,"FW,MF",22.8131,0.0,,,,,0,,0,0,,1,,,,,,
Korea Republic,Kim Moon-hwan,"DF,MF",30.8679,0.0,,,,,0,,0,0,,1,,,,,,
Korea Republic,Kim Tae-hyeon,DF,25.7392,0.0,,,,,0,,0,0,,1,,,,,,
Korea Republic,Cho Wi-je,DF,24.8022,0.0,,,,,0,,0,0,,1,,,,,,
Korea Republic,Kim Min-jae,DF,29.5777,4.0,271.0,68.0,75.3,3.0,3,80.0,2,1,30.0,0,1.5,4.0,5.0,-1.0,-0.33,-2.35
Korea Republic,Seol Young-woo,MF,27.5229,4.0,253.0,63.0,70.3,2.8,3,74.0,0,1,30.0,0,1.5,4.0,4.0,0.0,0.0,-0.84
Korea Republic,Lee Han-beom,DF,23.9911,4.0,240.0,60.0,66.7,2.7,3,65.0,1,1,45.0,0,1.5,2.0,3.0,-1.0,-0.37,-1.87
Korea Republic,Kim Jin-gyu,MF,29.3012,4.0,207.0,52.0,57.5,2.3,3,59.0,0,1,29.0,0,1.5,2.0,4.0,-2.0,-0.87,-2.63
Korea Republic,Paik Seung-ho,MF,29.2437,4.0,215.0,54.0,59.7,2.4,2,71.0,0,2,37.0,0,1.5,2.0,3.0,-1.0,-0.42,-1.66
Korea Republic,Son Heung-min,FW,33.9336,4.0,203.0,51.0,56.4,2.3,2,71.0,0,2,31.0,0,1.5,2.0,3.0,-1.0,-0.44,-1.59
Korea Republic,Kim Seung-gyu,GK,35.7036,3.0,180.0,60.0,50.0,2.0,2,68.0,1,1,45.0,1,2.0,3.0,1.0,2.0,1.0,1.5
Korea Republic,Hwang Hee-chan,MF,30.3806,4.0,177.0,44.0,49.2,2.0,2,60.0,0,2,29.0,0,1.5,4.0,2.0,2.0,1.02,1.51
Korea Republic,Lee Jae-sung,MF,33.8433,3.0,168.0,56.0,46.7,1.9,2,62.0,0,1,45.0,1,2.0,4.0,1.0,3.0,1.61,2.54
Korea Republic,Lee Tae-seok,MF,23.8789,2.0,152.0,76.0,42.2,1.7,2,76.0,1,0,,2,1.5,1.0,1.0,0.0,0.0,-0.43
Korea Republic,Lee Dong-gyeong,MF,28.731,2.0,151.0,76.0,41.9,1.7,2,76.0,1,0,,0,3.0,6.0,0.0,6.0,3.58,5.73
Korea Republic,Lee Gi-hyuk,DF,25.9363,2.0,151.0,76.0,41.9,1.7,2,76.0,1,0,,0,3.0,6.0,0.0,6.0,3.58,5.73
Korea Republic,Jo Hyeon-woo,GK,34.7173,2.0,135.0,68.0,37.5,1.5,2,68.0,1,0,,2,1.5,2.0,4.0,-2.0,-1.33,-2.53
Korea Republic,Bae Jun-ho,MF,22.8131,2.0,117.0,59.0,32.5,1.3,2,59.0,0,0,,1,1.5,2.0,2.0,0.0,0.0,-0.37
Korea Republic,Kim Moon-hwan,MF,30.8679,2.0,105.0,53.0,29.2,1.2,2,53.0,0,0,,2,1.5,2.0,2.0,0.0,0.0,-0.35
Korea Republic,Cho Yumin,DF,29.5722,2.0,98.0,49.0,27.2,1.1,2,49.0,0,0,,1,1.5,2.0,2.0,0.0,0.0,-0.34
Korea Republic,Kim Tae-hyeon,DF,25.7392,2.0,155.0,78.0,43.1,1.7,1,90.0,1,1,65.0,2,0.0,0.0,5.0,-5.0,-2.9,-5.54
Korea Republic,Lee Kang-in,MF,25.3149,3.0,152.0,51.0,42.2,1.7,1,90.0,1,2,31.0,0,1.0,0.0,3.0,-3.0,-1.78,-3.51
Korea Republic,Cho Gue-sung,FW,28.3833,3.0,123.0,41.0,34.2,1.4,1,61.0,0,2,31.0,1,2.0,4.0,2.0,2.0,1.46,1.84
Korea Republic,Park Jinseob,MF,30.6407,3.0,111.0,37.0,30.8,1.2,1,45.0,0,2,33.0,1,2.0,3.0,2.0,1.0,0.81,0.81
Korea Republic,Oh Hyeon-gyu,FW,25.1725,3.0,95.0,32.0,26.4,1.1,1,58.0,0,2,19.0,0,1.0,0.0,2.0,-2.0,-1.89,-2.91
Korea Republic,Hwang In-beom,MF,29.731,2.0,91.0,46.0,25.3,1.0,1,61.0,0,1,30.0,0,3.0,4.0,0.0,4.0,3.96,4.96
Korea Republic,Jens Castrop,MF,22.8761,2.0,89.0,45.0,24.7,1.0,1,60.0,0,1,29.0,1,3.0,2.0,0.0,2.0,2.02,2.35
Korea Republic,Kim Jusung,DF,25.5038,1.0,25.0,25.0,6.9,0.3,1,25.0,0,0,,1,0.0,0.0,0.0,0.0,0.0,-0.27
Korea Republic,Yang Hyun-jun,"FW,MF",24.0548,3.0,102.0,34.0,28.3,1.1,0,,0,3,34.0,1,1.0,0.0,2.0,-2.0,-1.76,-2.81
Korea Republic,Eom Ji-sung,MF,24.0986,3.0,48.0,16.0,13.3,0.5,0,,0,3,16.0,0,1.0,3.0,1.0,2.0,3.75,4.04
Korea Republic,Hong Hyunseok,MF,26.9938,2.0,47.0,24.0,13.1,0.5,0,,0,2,24.0,0,0.0,0.0,1.0,-1.0,-1.91,-2.49
Korea Republic,Song Bum-keun,GK,28.6626,1.0,45.0,45.0,12.5,0.5,0,,0,1,45.0,3,3.0,1.0,0.0,1.0,2.0,2.0
Korea Republic,Cho Wi-je,DF,24.8022,1.0,45.0,45.0,12.5,0.5,0,,0,1,45.0,1,3.0,1.0,0.0,1.0,2.0,2.0
Korea Republic,Kwon Hyeokkyu,MF,25.2546,1.0,9.0,9.0,2.5,0.1,0,,0,1,9.0,1,0.0,0.0,0.0,0.0,0.0,-0.26
Korea Republic,Kang Sangyoon,MF,22.0383,0.0,,,,,0,,0,0,,2,,,,,,
Korea Republic,Hwang In-beom,MF,29.0,15.0,"1,284",86.0,89.2,14.3,15,86.0,8,0,,0,2.47,37.0,7.0,30.0,2.1,0.95
Korea Republic,Jo Hyeon-woo,GK,34.0,13.0,"1,170",90.0,81.3,13.0,13,90.0,13,0,,3,2.23,28.0,8.0,20.0,1.54,-2.46
Korea Republic,Lee Kang-in,"MF,FW",24.0,15.0,"1,148",77.0,79.7,12.8,13,82.0,5,2,38.0,0,2.47,33.0,5.0,28.0,2.2,0.96
Korea Republic,Lee Jae-sung,MF,33.0,16.0,"1,055",66.0,73.3,11.7,13,76.0,4,3,21.0,0,2.38,29.0,6.0,23.0,1.96,-0.14
Korea Republic,Son Heung-min,"MF,FW",33.0,13.0,"1,064",82.0,73.9,11.8,12,87.0,9,1,16.0,0,2.23,28.0,6.0,22.0,1.86,-0.53
Korea Republic,Seol Young-woo,DF,27.0,14.0,"1,048",75.0,72.8,11.6,12,84.0,7,2,18.0,0,2.29,26.0,8.0,18.0,1.55,-1.67
Korea Republic,Kim Min-jae,DF,29.0,10.0,900,90.0,62.5,10.0,10,90.0,10,0,,0,2.4,24.0,6.0,18.0,1.8,-0.53
Korea Republic,Cho Yumin,DF,29.0,9.0,810,90.0,56.3,9.0,9,90.0,9,0,,4,2.33,21.0,6.0,15.0,1.67,-0.76
Korea Republic,Park Yong-woo,MF,32.0,10.0,753,75.0,52.3,8.4,9,84.0,5,1,1.0,3,2.4,16.0,6.0,10.0,1.2,-1.69
Korea Republic,Hwang Hee-chan,"MF,FW",30.0,11.0,603,55.0,41.9,6.7,8,66.0,0,3,25.0,0,2.45,13.0,2.0,11.0,1.64,-0.62
Korea Republic,Lee Myung-jae,DF,32.0,7.0,465,66.0,32.3,5.2,5,85.0,4,2,21.0,3,2.14,11.0,5.0,6.0,1.16,-1.24
Korea Republic,Kwon Kyung-won,DF,34.0,5.0,450,90.0,31.3,5.0,5,90.0,5,0,,5,2.2,12.0,2.0,10.0,2.0,0.0
Korea Republic,Oh Sehun,FW,27.0,9.0,426,47.0,29.6,4.7,5,64.0,0,4,26.0,2,2.11,6.0,5.0,1.0,0.21,-2.54
Korea Republic,Joo Min-kyu,FW,35.0,9.0,351,39.0,24.4,3.9,5,51.0,0,4,24.0,2,2.11,10.0,1.0,9.0,2.31,0.41
Korea Republic,Lee Tae-seok,DF,23.0,5.0,373,75.0,25.9,4.1,4,87.0,2,1,27.0,0,2.2,9.0,2.0,7.0,1.69,-0.42
Korea Republic,Kim Jin-su,DF,33.0,5.0,369,74.0,25.6,4.1,4,86.0,3,1,27.0,1,2.6,14.0,1.0,13.0,3.17,1.57
Korea Republic,Jung Woo-young,MF,36.0,4.0,276,69.0,19.2,3.1,3,90.0,3,1,6.0,0,2.5,9.0,0.0,9.0,2.93,1.16
Korea Republic,Jung Seung-hyun,DF,31.0,3.0,270,90.0,18.8,3.0,3,90.0,3,0,,4,3.0,11.0,1.0,10.0,3.33,1.64
Korea Republic,Kim Young-gwon,DF,35.0,3.0,253,84.0,17.6,2.8,3,84.0,2,0,,3,1.67,3.0,1.0,2.0,0.71,-1.56
Korea Republic,Cho Gue-sung,FW,28.0,4.0,207,52.0,14.4,2.3,3,63.0,0,1,18.0,0,2.5,7.0,0.0,7.0,3.04,1.22
Korea Republic,Paik Seung-ho,MF,28.0,6.0,189,32.0,13.1,2.1,3,57.0,1,3,6.0,1,2.33,2.0,2.0,0.0,0.0,-2.3
Korea Republic,Bae Jun-ho,MF,22.0,8.0,262,33.0,18.2,2.9,2,63.0,0,6,23.0,0,2.5,8.0,2.0,6.0,2.06,0.07
Korea Republic,Kim Seung-gyu,GK,35.0,2.0,180,90.0,12.5,2.0,2,90.0,2,0,,2,3.0,8.0,0.0,8.0,4.0,2.29
Korea Republic,Lee Ki-je,DF,34.0,2.0,153,77.0,10.6,1.7,2,77.0,1,0,,0,3.0,6.0,0.0,6.0,3.53,1.71
Korea Republic,Oh Hyeon-gyu,FW,24.0,9.0,240,27.0,16.7,2.7,1,74.0,0,8,21.0,1,2.33,10.0,1.0,9.0,3.38,1.65
Korea Republic,Hwang Jaewon,DF,23.0,4.0,146,37.0,10.1,1.6,1,69.0,0,3,26.0,1,2.0,5.0,0.0,5.0,3.08,1.2
Korea Republic,Park Seungwook,DF,28.0,3.0,103,34.0,7.2,1.1,1,60.0,0,2,22.0,2,3.0,4.0,0.0,4.0,3.5,1.61
Korea Republic,Jeong Woo-yeong,FW,26.0,3.0,96,32.0,6.7,1.1,1,61.0,0,2,18.0,2,2.33,4.0,1.0,3.0,2.81,0.87
Korea Republic,Kim Moon-hwan,DF,30.0,2.0,91,46.0,6.3,1.0,1,90.0,1,1,1.0,2,2.0,3.0,0.0,3.0,2.97,1.03
Korea Republic,Lee Chang-keun,GK,32.0,1.0,90,90.0,6.3,1.0,1,90.0,1,0,,7,3.0,4.0,0.0,4.0,4.0,2.13
Korea Republic,Won Du-jae,MF,28.0,1.0,90,90.0,6.3,1.0,1,90.0,1,0,,2,3.0,4.0,0.0,4.0,4.0,2.13
Korea Republic,Lee Han-beom,DF,23.0,1.0,90,90.0,6.3,1.0,1,90.0,1,0,,1,3.0,4.0,0.0,4.0,4.0,2.13
Korea Republic,Kim Jusung,DF,25.0,1.0,90,90.0,6.3,1.0,1,90.0,1,0,,5,3.0,4.0,0.0,4.0,4.0,2.13
Korea Republic,Hwang Mun-ki,DF,29.0,2.0,89,45.0,6.2,1.0,1,66.0,0,1,23.0,2,2.0,2.0,0.0,2.0,2.02,0.02
Korea Republic,Jeon Jinwoo,MF,26.0,2.0,85,43.0,5.9,0.9,1,68.0,0,1,17.0,0,3.0,4.0,0.0,4.0,4.24,2.38
Korea Republic,Kim Tae-hwan,DF,36.0,1.0,71,71.0,4.9,0.8,1,71.0,0,0,,1,3.0,2.0,0.0,2.0,2.54,0.56
Korea Republic,Lee Dong-gyeong,MF,28.0,2.0,50,25.0,3.5,0.6,1,45.0,0,1,5.0,3,1.0,1.0,1.0,0.0,0.0,-2.07
Korea Republic,Moon Seon-min,"FW,MF",33.0,2.0,62,31.0,4.3,0.7,0,,0,2,31.0,2,3.0,4.0,1.0,3.0,4.35,2.46
Korea Republic,Hong Hyunseok,MF,26.0,4.0,48,12.0,3.3,0.5,0,,0,4,12.0,4,2.5,0.0,1.0,-1.0,-1.87,-4.01
Korea Republic,Park Jinseob,"DF,MF",30.0,2.0,46,23.0,3.2,0.5,0,,0,2,23.0,4,3.0,2.0,0.0,2.0,3.91,1.98
Korea Republic,Hwang Ui-jo,"FW,MF",33.0,2.0,46,23.0,3.2,0.5,0,,0,2,23.0,0,3.0,3.0,0.0,3.0,5.87,4.0
Korea Republic,Kim Jin-gyu,MF,28.0,1.0,45,45.0,3.1,0.5,0,,0,1,45.0,1,3.0,2.0,0.0,2.0,4.0,2.06
Korea Republic,Yang Minhyeok,MF,19.0,1.0,45,45.0,3.1,0.5,0,,0,1,45.0,2,1.0,0.0,0.0,0.0,0.0,-2.06
Korea Republic,Um Wonsang,"FW,MF",27.0,1.0,33,33.0,2.3,0.4,0,,0,1,33.0,1,3.0,2.0,0.0,2.0,5.45,3.54
Korea Republic,Eom Ji-sung,MF,23.0,2.0,30,15.0,2.1,0.3,0,,0,2,15.0,2,3.0,2.0,0.0,2.0,6.0,4.09
Korea Republic,Yang Hyun-jun,"FW,MF",23.0,2.0,22,11.0,1.5,0.2,0,,0,2,11.0,2,2.0,0.0,0.0,0.0,0.0,-2.03
Korea Republic,Lee Soonmin,MF,31.0,1.0,21,21.0,1.5,0.2,0,,0,1,21.0,1,3.0,1.0,0.0,1.0,4.29,2.32
Korea Republic,Jung Hoyeon,MF,25.0,1.0,17,17.0,1.2,0.2,0,,0,1,17.0,2,3.0,1.0,0.0,1.0,5.29,3.33
Korea Republic,Song Minkyu,"FW,MF",26.0,1.0,17,17.0,1.2,0.2,0,,0,1,17.0,1,3.0,1.0,0.0,1.0,5.29,3.33
Korea Republic,Lee Hyunju,MF,22.0,1.0,10,10.0,0.7,0.1,0,,0,1,10.0,0,3.0,0.0,0.0,0.0,0.0,-2.01
Korea Republic,Choi Jun,DF,26.0,1.0,4,4.0,0.3,0.0,0,,0,1,4.0,3,3.0,0.0,0.0,0.0,0.0,-2.01
Korea Republic,Lee Seung-woo,"FW,MF",28.0,1.0,4,4.0,0.3,0.0,0,,0,1,4.0,0,3.0,0.0,1.0,-1.0,-22.5,-24.57
Korea Republic,Kim Bongsoo,"DF,MF",26.0,0.0,,,,,0,,0,0,,1,,,,,,
Korea Republic,Song Bum-keun,GK,28.0,0.0,,,,,0,,0,0,,8,,,,,,
Korea Republic,Ha Chang-rae,DF,31.0,0.0,,,,,0,,0,0,,2,,,,,,
Korea Republic,Kim Dongheon,GK,28.0,0.0,,,,,0,,0,0,,4,,,,,,
Korea Republic,Lee Gi-hyuk,"DF,MF",25.0,0.0,,,,,0,,0,0,,1,,,,,,
Korea Republic,Cho Hyuntaek,DF,24.0,0.0,,,,,0,,0,0,,4,,,,,,
Korea Republic,Hwang Injae,GK,31.0,0.0,,,,,0,,0,0,,2,,,,,,
Korea Republic,Kim Joonhong,GK,22.0,0.0,,,,,0,,0,0,,4,,,,,,
Korea Republic,Kim Kyeong-min,"GK,MF",34.0,0.0,,,,,0,,0,0,,2,,,,,,
Korea Republic,Hwang In-beom,MF,29.731,18.0,"1,458",81.0,77.1,16.2,17,84.0,8,1,30.0,0,2.56,43.0,8.0,35.0,2.16,2.37
Korea Republic,Seol Young-woo,MF,27.5229,19.0,"1,391",73.0,73.6,15.5,16,83.0,8,3,22.0,0,2.16,32.0,13.0,19.0,1.23,-1.48
Korea Republic,Lee Kang-in,FW,25.3149,19.0,"1,390",73.0,73.5,15.4,15,83.0,7,4,35.0,0,2.27,35.0,9.0,26.0,1.68,0.24
Korea Republic,Son Heung-min,FW,33.9336,18.0,"1,335",74.0,70.6,14.8,15,84.0,9,3,26.0,0,2.11,31.0,10.0,21.0,1.42,-0.69
Korea Republic,Jo Hyeon-woo,GK,34.7173,15.0,"1,305",87.0,69.0,14.5,15,87.0,14,0,,6,2.13,30.0,12.0,18.0,1.24,-1.49
Korea Republic,Lee Jae-sung,FW,33.8433,20.0,"1,284",64.0,67.9,14.3,16,73.0,4,4,27.0,1,2.35,33.0,8.0,25.0,1.75,0.42
Korea Republic,Kim Min-jae,DF,29.5777,15.0,"1,261",84.0,66.7,14.0,14,88.0,13,1,30.0,0,2.2,30.0,12.0,18.0,1.28,-1.0
Korea Republic,Cho Yumin,DF,29.5722,11.0,908,83.0,50.4,10.1,11,83.0,9,0,,5,2.18,23.0,8.0,15.0,1.49,-0.33
Korea Republic,Hwang Hee-chan,"FW,MF",30.3806,16.0,809,51.0,42.8,9.0,10,65.0,0,6,27.0,0,2.25,19.0,4.0,15.0,1.67,0.09
Korea Republic,Park Yong-woo,MF,32.7584,10.0,753,75.0,52.3,8.4,9,84.0,5,1,1.0,3,2.4,16.0,6.0,10.0,1.2,-1.69
Korea Republic,Lee Tae-seok,MF,23.8789,8.0,593,74.0,31.4,6.6,7,81.0,3,1,27.0,2,2.13,11.0,4.0,7.0,1.06,-0.81
Korea Republic,Paik Seung-ho,MF,29.2437,11.0,487,44.0,25.8,5.4,6,66.0,1,5,18.0,1,2.09,6.0,6.0,0.0,0.0,-2.18
Korea Republic,Lee Myung-jae,DF,32.6078,7.0,465,66.0,32.3,5.2,5,85.0,4,2,21.0,3,2.14,11.0,5.0,6.0,1.16,-1.24
Korea Republic,Kim Seung-gyu,GK,35.7036,6.0,450,75.0,23.8,5.0,5,81.0,4,1,45.0,3,2.5,13.0,2.0,11.0,2.2,0.76
Korea Republic,Kwon Kyung-won,DF,34.3669,5.0,450,90.0,31.3,5.0,5,90.0,5,0,,5,2.2,12.0,2.0,10.0,2.0,0.0
Korea Republic,Oh Sehun,FW,27.4107,9.0,426,47.0,29.6,4.7,5,64.0,0,4,26.0,2,2.11,6.0,5.0,1.0,0.21,-2.54
Korea Republic,Lee Han-beom,DF,23.9911,6.0,420,70.0,22.2,4.7,5,75.0,3,1,45.0,1,2.0,8.0,4.0,4.0,0.86,-0.98
Korea Republic,Bae Jun-ho,"FW,MF",22.8131,10.0,379,38.0,20.1,4.2,4,61.0,0,6,23.0,2,2.3,10.0,4.0,6.0,1.42,-0.29
Korea Republic,Kim Jin-su,DF,34.0027,5.0,369,74.0,25.6,4.1,4,86.0,3,1,27.0,1,2.6,14.0,1.0,13.0,3.17,1.57
Korea Republic,Oh Hyeon-gyu,FW,25.1725,13.0,357,27.0,18.9,4.0,2,66.0,0,11,20.0,1,2.07,11.0,3.0,8.0,2.02,0.49
Korea Republic,Joo Min-kyu,FW,36.1697,9.0,351,39.0,24.4,3.9,5,51.0,0,4,24.0,2,2.11,10.0,1.0,9.0,2.31,0.41
Korea Republic,Cho Gue-sung,FW,28.3833,7.0,330,47.0,17.5,3.7,4,63.0,0,3,27.0,2,2.29,11.0,2.0,9.0,2.45,0.99
Korea Republic,Jung Woo-young,MF,36.4983,4.0,276,69.0,19.2,3.1,3,90.0,3,1,6.0,0,2.5,9.0,0.0,9.0,2.93,1.16
Korea Republic,Jung Seung-hyun,DF,32.1971,3.0,270,90.0,18.8,3.0,3,90.0,3,0,,4,3.0,11.0,1.0,10.0,3.33,1.64
Korea Republic,Kim Jin-gyu,MF,29.3012,6.0,259,43.0,13.7,2.9,3,59.0,0,3,27.0,1,2.0,4.0,4.0,0.0,0.0,-1.88
Korea Republic,Kim Young-gwon,DF,36.293,3.0,253,84.0,17.6,2.8,3,84.0,2,0,,3,1.67,3.0,1.0,2.0,0.71,-1.56
Korea Republic,Lee Gi-hyuk,DF,25.9363,3.0,241,80.0,12.8,2.7,3,80.0,2,0,,1,3.0,8.0,1.0,7.0,2.61,4.77
Korea Republic,Lee Dong-gyeong,"FW,MF",28.731,4.0,201,50.0,10.6,2.2,3,65.0,1,1,5.0,4,2.0,7.0,1.0,6.0,2.69,1.17
Korea Republic,Kim Moon-hwan,"DF,MF",30.8679,4.0,196,49.0,10.4,2.2,3,65.0,1,1,1.0,5,1.75,5.0,2.0,3.0,1.38,-0.31
Korea Republic,Park Jinseob,"DF,MF",30.6407,6.0,164,27.0,8.7,1.8,1,45.0,0,5,24.0,5,2.5,5.0,2.0,3.0,1.65,0.03
Korea Republic,Kim Tae-hyeon,DF,25.7392,2.0,155,78.0,34.4,1.7,1,90.0,1,1,65.0,3,0.0,0.0,5.0,-5.0,-2.9,-5.54
Korea Republic,Lee Ki-je,DF,34.9309,2.0,153,77.0,10.6,1.7,2,77.0,1,0,,0,3.0,6.0,0.0,6.0,3.53,1.71
Korea Republic,Hwang Jaewon,DF,23.8268,4.0,146,37.0,10.1,1.6,1,69.0,0,3,26.0,1,2.0,5.0,0.0,5.0,3.08,1.2
Korea Republic,Yang Hyun-jun,"FW,MF",24.0548,5.0,124,25.0,6.6,1.4,0,,0,5,25.0,4,1.4,0.0,2.0,-2.0,-1.45,-3.33
Korea Republic,Kim Jusung,DF,25.5038,2.0,115,58.0,6.4,1.3,2,58.0,1,0,,6,1.5,4.0,0.0,4.0,3.13,1.58
Korea Republic,Park Seungwook,DF,29.104,3.0,103,34.0,7.2,1.1,1,60.0,0,2,22.0,2,3.0,4.0,0.0,4.0,3.5,1.61
Korea Republic,Eom Ji-sung,MF,24.0986,6.0,100,17.0,5.3,1.1,0,,0,6,17.0,2,2.0,6.0,1.0,5.0,4.5,3.04
Korea Republic,Jeong Woo-yeong,FW,26.731,3.0,96,32.0,6.7,1.1,1,61.0,0,2,18.0,2,2.33,4.0,1.0,3.0,2.81,0.87
Korea Republic,Hong Hyunseok,MF,26.9938,6.0,95,16.0,5.3,1.1,0,,0,6,16.0,4,1.67,0.0,2.0,-2.0,-1.89,-3.74
Korea Republic,Won Du-jae,MF,28.5695,1.0,90,90.0,6.3,1.0,1,90.0,1,0,,2,3.0,4.0,0.0,4.0,4.0,2.13
Korea Republic,Lee Chang-keun,GK,32.7885,1.0,90,90.0,6.3,1.0,1,90.0,1,0,,7,3.0,4.0,0.0,4.0,4.0,2.13
Korea Republic,Hwang Mun-ki,DF,29.5147,2.0,89,45.0,6.2,1.0,1,66.0,0,1,23.0,2,2.0,2.0,0.0,2.0,2.02,0.02
Korea Republic,Jens Castrop,MF,22.8761,2.0,89,45.0,19.8,1.0,1,60.0,0,1,29.0,2,3.0,2.0,0.0,2.0,2.02,2.35
Korea Republic,Jeon Jinwoo,MF,26.7611,2.0,85,43.0,5.9,0.9,1,68.0,0,1,17.0,0,3.0,4.0,0.0,4.0,4.24,2.38
Korea Republic,Kim Tae-hwan,DF,36.8898,1.0,71,71.0,4.9,0.8,1,71.0,0,0,,1,3.0,2.0,0.0,2.0,2.54,0.56
Korea Republic,Moon Seon-min,"FW,MF",34.0137,2.0,62,31.0,4.3,0.7,0,,0,2,31.0,2,3.0,4.0,1.0,3.0,4.35,2.46
Korea Republic,Hwang Ui-jo,"FW,MF",33.794,2.0,46,23.0,3.2,0.5,0,,0,2,23.0,0,3.0,3.0,0.0,3.0,5.87,4.0
Korea Republic,Song Bum-keun,GK,28.6626,1.0,45,45.0,2.4,0.5,0,,0,1,45.0,12,3.0,1.0,0.0,1.0,2.0,2.0
Korea Republic,Cho Wi-je,DF,24.8022,1.0,45,45.0,10.0,0.5,0,,0,1,45.0,2,3.0,1.0,0.0,1.0,2.0,2.0
Korea Republic,Yang Minhyeok,MF,20.1615,1.0,45,45.0,3.1,0.5,0,,0,1,45.0,2,1.0,0.0,0.0,0.0,0.0,-2.06
Korea Republic,Um Wonsang,"FW,MF",27.4353,1.0,33,33.0,2.3,0.4,0,,0,1,33.0,1,3.0,2.0,0.0,2.0,5.45,3.54
Korea Republic,Lee Soonmin,MF,32.063,1.0,21,21.0,1.5,0.2,0,,0,1,21.0,1,3.0,1.0,0.0,1.0,4.29,2.32
Korea Republic,Song Minkyu,"FW,MF",26.7529,1.0,17,17.0,1.2,0.2,0,,0,1,17.0,1,3.0,1.0,0.0,1.0,5.29,3.33
Korea Republic,Jung Hoyeon,MF,25.7091,1.0,17,17.0,1.2,0.2,0,,0,1,17.0,2,3.0,1.0,0.0,1.0,5.29,3.33
Korea Republic,Lee Hyunju,MF,23.3477,1.0,10,10.0,0.7,0.1,0,,0,1,10.0,0,3.0,0.0,0.0,0.0,0.0,-2.01
Korea Republic,Kwon Hyeokkyu,MF,25.2546,1.0,9,9.0,2.5,0.1,0,,0,1,9.0,1,0.0,0.0,0.0,0.0,0.0,-0.26
Korea Republic,Choi Jun,DF,27.1588,1.0,4,4.0,0.3,0.0,0,,0,1,4.0,3,3.0,0.0,0.0,0.0,0.0,-2.01
Korea Republic,Lee Seung-woo,"FW,MF",28.4353,1.0,4,4.0,0.3,0.0,0,,0,1,4.0,0,3.0,0.0,1.0,-1.0,-22.5,-24.57
Korea Republic,Kim Dongheon,GK,29.282,0.0,,,,,0,,0,0,,4,,,,,,
Korea Republic,Kang Sangyoon,MF,22.0383,0.0,,,,,0,,0,0,,2,,,,,,
Korea Republic,Kim Bongsoo,"DF,MF",26.4654,0.0,,,,,0,,0,0,,1,,,,,,
Korea Republic,Cho Hyuntaek,DF,24.8652,0.0,,,,,0,,0,0,,4,,,,,,
Korea Republic,Kim Joonhong,GK,23.0301,0.0,,,,,0,,0,0,,4,,,,,,
Korea Republic,Ha Chang-rae,DF,31.6598,0.0,,,,,0,,0,0,,2,,,,,,
Korea Republic,Hwang Injae,GK,32.1451,0.0,,,,,0,,0,0,,2,,,,,,
Korea Republic,Kim Kyeong-min,"GK,MF",34.616,0.0,,,,,0,,0,0,,2,,,,,,
Mexico,Roberto Alvarado,MF,27.7666,1.0,90.0,90.0,100.0,1.0,1,90.0,1,0,,0,3.0,2.0,0.0,2.0,2.0,
Mexico,Jesús Gallardo,DF,31.8296,1.0,90.0,90.0,100.0,1.0,1,90.0,1,0,,0,3.0,2.0,0.0,2.0,2.0,
Mexico,Raúl Rangel,GK,26.2984,1.0,90.0,90.0,100.0,1.0,1,90.0,1,0,,0,3.0,2.0,0.0,2.0,2.0,
Mexico,Israel Reyes,DF,26.0602,1.0,90.0,90.0,100.0,1.0,1,90.0,1,0,,0,3.0,2.0,0.0,2.0,2.0,
Mexico,Johan Vásquez,DF,27.6434,1.0,90.0,90.0,100.0,1.0,1,90.0,1,0,,0,3.0,2.0,0.0,2.0,2.0,
Mexico,César Montes,DF,29.3012,1.0,89.0,89.0,98.9,1.0,1,89.0,0,0,,0,3.0,2.0,0.0,2.0,2.02,2.02
Mexico,Julián Quiñones,MF,29.2245,1.0,78.0,78.0,86.7,0.9,1,78.0,0,0,,0,3.0,2.0,0.0,2.0,2.31,2.31
Mexico,Raúl Jiménez,FW,35.1095,1.0,75.0,75.0,83.3,0.8,1,75.0,0,0,,0,3.0,2.0,0.0,2.0,2.4,2.4
Mexico,Erik Lira,MF,26.1013,1.0,75.0,75.0,83.3,0.8,1,75.0,0,0,,0,3.0,2.0,0.0,2.0,2.4,2.4
Mexico,Álvaro Fidalgo,MF,29.1807,1.0,65.0,65.0,72.2,0.7,1,65.0,0,0,,0,3.0,1.0,0.0,1.0,1.38,-2.22
Mexico,Brian Gutiérrez,MF,22.9911,1.0,65.0,65.0,72.2,0.7,1,65.0,0,0,,0,3.0,1.0,0.0,1.0,1.38,-2.22
Mexico,Luis Chávez,MF,30.4107,1.0,25.0,25.0,27.8,0.3,0,,0,1,25.0,0,3.0,1.0,0.0,1.0,3.6,2.22
Mexico,Gilberto Mora,MF,17.6653,1.0,25.0,25.0,27.8,0.3,0,,0,1,25.0,0,3.0,1.0,0.0,1.0,3.6,2.22
Mexico,Edson Álvarez,"DF,MF",28.6379,1.0,15.0,15.0,16.7,0.2,0,,0,1,15.0,0,3.0,0.0,0.0,0.0,0.0,-2.4
Mexico,Armando González,FW,23.1506,1.0,15.0,15.0,16.7,0.2,0,,0,1,15.0,0,3.0,0.0,0.0,0.0,0.0,-2.4
Mexico,Alexis Vega,"FW,MF",28.5503,1.0,12.0,12.0,13.3,0.1,0,,0,1,12.0,0,3.0,0.0,0.0,0.0,0.0,-2.31
Mexico,Carlos Acevedo,GK,30.1533,0.0,,,,,0,,0,0,,1,,,,,,
Mexico,Mateo Chávez,DF,22.0903,0.0,,,,,0,,0,0,,1,,,,,,
Mexico,Santiago Giménez,FW,25.1561,0.0,,,,,0,,0,0,,1,,,,,,
Mexico,César Huerta,"FW,MF",25.5284,0.0,,,,,0,,0,0,,1,,,,,,
Mexico,Guillermo Martínez Ayala,FW,31.2491,0.0,,,,,0,,0,0,,1,,,,,,
Mexico,Guillermo Ochoa,GK,40.9199,0.0,,,,,0,,0,0,,1,,,,,,
Mexico,Orbelín Pineda,"FW,MF",30.2245,0.0,,,,,0,,0,0,,1,,,,,,
Mexico,Luis Romo,"DF,MF",31.0246,0.0,,,,,0,,0,0,,1,,,,,,
Mexico,Jorge Sánchez,"DF,MF",28.5092,0.0,,,,,0,,0,0,,1,,,,,,
Mexico,Obed Vargas,MF,20.8569,0.0,,,,,0,,0,0,,1,,,,,,
Mexico,Raúl Rangel,GK,26.2984,5.0,360.0,72.0,80.2,4.0,5,72.0,3,0,,0,2.2,8.0,2.0,6.0,1.5,0.49
Mexico,Johan Vásquez,DF,27.6434,4.0,325.0,81.0,72.4,3.6,4,81.0,2,0,,0,2.0,6.0,2.0,4.0,1.11,-1.07
Mexico,Jesús Gallardo,DF,31.8296,5.0,315.0,63.0,70.2,3.5,4,71.0,1,1,31.0,0,2.2,6.0,2.0,4.0,1.14,-0.87
Mexico,Erik Lira,MF,26.1013,5.0,313.0,63.0,69.7,3.5,4,71.0,1,1,31.0,0,2.2,5.0,2.0,3.0,0.86,-1.78
Mexico,Brian Gutiérrez,"MF,FW",22.9911,4.0,256.0,64.0,57.0,2.8,4,64.0,0,0,,1,2.0,6.0,2.0,4.0,1.41,0.01
Mexico,Álvaro Fidalgo,MF,29.1807,4.0,244.0,61.0,54.3,2.7,4,61.0,0,0,,0,2.0,5.0,2.0,3.0,1.11,-0.65
Mexico,César Montes,DF,29.3012,4.0,269.0,67.0,59.9,3.0,3,79.0,2,1,31.0,1,2.0,4.0,2.0,2.0,0.67,-1.83
Mexico,Jorge Sánchez,DF,28.5092,4.0,248.0,62.0,55.2,2.8,3,68.0,1,1,45.0,1,2.5,8.0,2.0,6.0,2.18,1.73
Mexico,Roberto Alvarado,"FW,MF",27.7666,4.0,214.0,54.0,47.7,2.4,3,64.0,0,1,22.0,0,2.0,6.0,1.0,5.0,2.1,1.34
Mexico,Raúl Jiménez,FW,35.1095,3.0,184.0,61.0,41.0,2.0,3,61.0,0,0,,0,1.67,4.0,2.0,2.0,0.98,-0.72
Mexico,Israel Reyes,DF,26.0602,5.0,234.0,47.0,52.1,2.6,2,68.0,1,3,33.0,0,2.2,3.0,0.0,3.0,1.15,-0.52
Mexico,Julián Quiñones,"MF,FW",29.2245,4.0,201.0,50.0,44.8,2.2,2,63.0,0,2,38.0,0,2.0,4.0,2.0,2.0,0.9,-0.92
Mexico,Alexis Vega,"MF,FW",28.5503,4.0,175.0,44.0,39.0,1.9,2,60.0,0,2,28.0,1,2.5,5.0,0.0,5.0,2.57,1.91
Mexico,Luis Romo,"MF,DF",31.0246,3.0,152.0,51.0,33.9,1.7,2,67.0,0,1,18.0,0,3.0,4.0,0.0,4.0,2.37,1.46
Mexico,Orbelín Pineda,"MF,FW",30.2245,3.0,131.0,44.0,29.2,1.5,2,57.0,0,1,18.0,2,2.33,3.0,1.0,2.0,1.37,-0.04
Mexico,Edson Álvarez,DF,28.6379,3.0,149.0,50.0,33.2,1.7,1,59.0,0,2,45.0,0,3.0,5.0,0.0,5.0,3.02,2.42
Mexico,Guillermo Martínez Ayala,FW,31.2491,3.0,123.0,41.0,27.4,1.4,1,45.0,0,2,39.0,2,3.0,4.0,0.0,4.0,2.93,2.1
Mexico,Mateo Chávez,DF,22.0903,3.0,122.0,41.0,27.2,1.4,1,59.0,0,2,32.0,0,3.0,3.0,0.0,3.0,2.21,1.11
Mexico,Luis Chávez,MF,30.4107,3.0,120.0,40.0,26.7,1.3,1,59.0,0,2,31.0,0,3.0,3.0,0.0,3.0,2.25,1.16
Mexico,Gilberto Mora,MF,17.6653,3.0,108.0,36.0,24.1,1.2,1,45.0,0,2,32.0,0,3.0,3.0,0.0,3.0,2.5,1.44
Mexico,Obed Vargas,MF,20.8569,3.0,84.0,28.0,18.7,0.9,1,45.0,0,2,20.0,1,1.67,0.0,0.0,0.0,0.0,-1.73
Mexico,Armando González,FW,23.1506,3.0,80.0,27.0,17.8,0.9,1,45.0,0,2,18.0,2,1.67,1.0,0.0,1.0,1.13,-0.34
Mexico,Alejandro Gómez,DF,24.3669,2.0,78.0,39.0,17.4,0.9,1,61.0,0,1,17.0,0,3.0,2.0,0.0,2.0,2.31,1.09
Mexico,Carlos Acevedo,GK,30.1533,1.0,45.0,45.0,10.0,0.5,0,,0,1,45.0,4,3.0,1.0,0.0,1.0,2.0,0.66
Mexico,Santiago Giménez,FW,25.1561,1.0,45.0,45.0,10.0,0.5,0,,0,1,45.0,1,3.0,0.0,0.0,0.0,0.0,-1.56
Mexico,César Huerta,"FW,MF",25.5284,1.0,45.0,45.0,10.0,0.5,0,,0,1,45.0,1,3.0,0.0,0.0,0.0,0.0,-1.56
Mexico,Guillermo Ochoa,GK,40.9199,1.0,45.0,45.0,10.0,0.5,0,,0,1,45.0,4,3.0,0.0,0.0,0.0,0.0,-1.56
Mexico,Charly Rodríguez,MF,29.4435,1.0,45.0,45.0,10.0,0.5,0,,0,1,45.0,1,1.0,0.0,0.0,0.0,0.0,-1.56
Mexico,Erick Sánchez,MF,26.7118,2.0,38.0,19.0,8.5,0.4,0,,0,2,19.0,0,1.0,0.0,0.0,0.0,0.0,-1.53
Mexico,Germán Berterame,"FW,MF",27.5832,1.0,31.0,31.0,6.9,0.3,0,,0,1,31.0,1,1.0,0.0,0.0,0.0,0.0,-1.51
Mexico,Richy Ledezma,"DF,MF",25.7693,1.0,31.0,31.0,6.9,0.3,0,,0,1,31.0,1,1.0,0.0,0.0,0.0,0.0,-1.51
Mexico,Eduardo Águila,DF,24.0767,1.0,29.0,29.0,6.5,0.3,0,,0,1,29.0,0,3.0,0.0,0.0,0.0,0.0,-1.5
Mexico,Kevin Castañeda,"FW,MF",26.627,1.0,29.0,29.0,6.5,0.3,0,,0,1,29.0,1,3.0,0.0,0.0,0.0,0.0,-1.5
Mexico,Isaías Violante,FW,22.6489,1.0,29.0,29.0,6.5,0.3,0,,0,1,29.0,0,3.0,0.0,0.0,0.0,0.0,-1.5
Mexico,Iker Fimbres,MF,21.0329,1.0,20.0,20.0,4.5,0.2,0,,0,1,20.0,0,3.0,0.0,0.0,0.0,0.0,-1.47
Mexico,Luis Rey,DF,23.7474,1.0,20.0,20.0,4.5,0.2,0,,0,1,20.0,0,3.0,0.0,0.0,0.0,0.0,-1.47
Mexico,Everardo Del Villar,DF,21.2272,1.0,13.0,13.0,2.9,0.1,0,,0,1,13.0,1,1.0,0.0,0.0,0.0,0.0,-1.44
Mexico,Jesús Alberto Angulo,DF,28.3696,0.0,,,,,0,,0,0,,2,,,,,,
Mexico,Denzell García,"DF,MF",22.8296,0.0,,,,,0,,0,0,,2,,,,,,
Mexico,Oscar Garcia,GK,22.95,0.0,,,,,0,,0,0,,1,,,,,,
Mexico,Raúl Rangel,GK,26.2984,6.0,450.0,75.0,83.5,5.0,6,75.0,4,0,,0,2.33,10.0,2.0,8.0,1.6,0.59
Mexico,Johan Vásquez,DF,27.6434,5.0,415.0,83.0,77.0,4.6,5,83.0,3,0,,0,2.2,8.0,2.0,6.0,1.3,-0.88
Mexico,Jesús Gallardo,DF,31.8296,6.0,405.0,68.0,75.1,4.5,5,75.0,2,1,31.0,0,2.33,8.0,2.0,6.0,1.33,-0.68
Mexico,Erik Lira,MF,26.1013,6.0,388.0,65.0,72.0,4.3,5,71.0,1,1,31.0,0,2.33,7.0,2.0,5.0,1.16,-1.22
Mexico,César Montes,DF,29.3012,5.0,358.0,72.0,66.4,4.0,4,82.0,2,1,31.0,1,2.2,6.0,2.0,4.0,1.01,-1.48
Mexico,Israel Reyes,DF,26.0602,6.0,324.0,54.0,60.1,3.6,3,75.0,2,3,33.0,0,2.33,5.0,0.0,5.0,1.39,-0.29
Mexico,Brian Gutiérrez,MF,22.9911,5.0,321.0,64.0,59.6,3.6,5,64.0,0,0,,1,2.2,7.0,2.0,5.0,1.4,-0.25
Mexico,Álvaro Fidalgo,MF,29.1807,5.0,309.0,62.0,57.3,3.4,5,62.0,0,0,,0,2.2,6.0,2.0,4.0,1.17,-0.79
Mexico,Roberto Alvarado,MF,27.7666,5.0,304.0,61.0,56.4,3.4,4,71.0,1,1,22.0,0,2.2,8.0,1.0,7.0,2.07,1.31
Mexico,Julián Quiñones,MF,29.2245,5.0,279.0,56.0,51.8,3.1,3,68.0,0,2,38.0,0,2.2,6.0,2.0,4.0,1.29,-0.44
Mexico,Raúl Jiménez,FW,35.1095,4.0,259.0,65.0,48.1,2.9,4,65.0,0,0,,0,2.0,6.0,2.0,4.0,1.39,-0.22
Mexico,Jorge Sánchez,"DF,MF",28.5092,4.0,248.0,62.0,46.0,2.8,3,68.0,1,1,45.0,2,2.5,8.0,2.0,6.0,2.18,1.73
Mexico,Alexis Vega,"FW,MF",28.5503,5.0,187.0,37.0,34.7,2.1,2,60.0,0,3,22.0,1,2.6,5.0,0.0,5.0,2.41,1.38
Mexico,Edson Álvarez,"DF,MF",28.6379,4.0,164.0,41.0,30.4,1.8,1,59.0,0,3,35.0,0,3.0,5.0,0.0,5.0,2.74,1.78
Mexico,Luis Romo,"DF,MF",31.0246,3.0,152.0,51.0,28.2,1.7,2,67.0,0,1,18.0,1,3.0,4.0,0.0,4.0,2.37,1.46
Mexico,Luis Chávez,MF,30.4107,4.0,145.0,36.0,26.9,1.6,1,59.0,0,3,29.0,0,3.0,4.0,0.0,4.0,2.48,1.34
Mexico,Gilberto Mora,MF,17.6653,4.0,133.0,33.0,24.7,1.5,1,45.0,0,3,29.0,0,3.0,4.0,0.0,4.0,2.71,1.6
Mexico,Orbelín Pineda,"FW,MF",30.2245,3.0,131.0,44.0,24.3,1.5,2,57.0,0,1,18.0,3,2.33,3.0,1.0,2.0,1.37,-0.04
Mexico,Guillermo Martínez Ayala,FW,31.2491,3.0,123.0,41.0,22.8,1.4,1,45.0,0,2,39.0,3,3.0,4.0,0.0,4.0,2.93,2.1
Mexico,Mateo Chávez,DF,22.0903,3.0,122.0,41.0,22.6,1.4,1,59.0,0,2,32.0,1,3.0,3.0,0.0,3.0,2.21,1.11
Mexico,Armando González,FW,23.1506,4.0,95.0,24.0,17.6,1.1,1,45.0,0,3,17.0,2,2.0,1.0,0.0,1.0,0.95,-0.67
Mexico,Obed Vargas,MF,20.8569,3.0,84.0,28.0,15.6,0.9,1,45.0,0,2,20.0,2,1.67,0.0,0.0,0.0,0.0,-1.73
Mexico,Alejandro Gómez,DF,24.3669,2.0,78.0,39.0,17.4,0.9,1,61.0,0,1,17.0,0,3.0,2.0,0.0,2.0,2.31,1.09
Mexico,Carlos Acevedo,GK,30.1533,1.0,45.0,45.0,8.3,0.5,0,,0,1,45.0,5,3.0,1.0,0.0,1.0,2.0,0.66
Mexico,Charly Rodríguez,MF,29.4435,1.0,45.0,45.0,10.0,0.5,0,,0,1,45.0,1,1.0,0.0,0.0,0.0,0.0,-1.56
Mexico,Guillermo Ochoa,GK,40.9199,1.0,45.0,45.0,8.3,0.5,0,,0,1,45.0,5,3.0,0.0,0.0,0.0,0.0,-1.56
Mexico,Santiago Giménez,FW,25.1561,1.0,45.0,45.0,8.3,0.5,0,,0,1,45.0,2,3.0,0.0,0.0,0.0,0.0,-1.56
Mexico,César Huerta,"FW,MF",25.5284,1.0,45.0,45.0,8.3,0.5,0,,0,1,45.0,2,3.0,0.0,0.0,0.0,0.0,-1.56
Mexico,Erick Sánchez,MF,26.7118,2.0,38.0,19.0,8.5,0.4,0,,0,2,19.0,0,1.0,0.0,0.0,0.0,0.0,-1.53
Mexico,Germán Berterame,"FW,MF",27.5832,1.0,31.0,31.0,6.9,0.3,0,,0,1,31.0,1,1.0,0.0,0.0,0.0,0.0,-1.51
Mexico,Richy Ledezma,"DF,MF",25.7693,1.0,31.0,31.0,6.9,0.3,0,,0,1,31.0,1,1.0,0.0,0.0,0.0,0.0,-1.51
Mexico,Kevin Castañeda,"FW,MF",26.627,1.0,29.0,29.0,6.5,0.3,0,,0,1,29.0,1,3.0,0.0,0.0,0.0,0.0,-1.5
Mexico,Isaías Violante,FW,22.6489,1.0,29.0,29.0,6.5,0.3,0,,0,1,29.0,0,3.0,0.0,0.0,0.0,0.0,-1.5
Mexico,Eduardo Águila,DF,24.0767,1.0,29.0,29.0,6.5,0.3,0,,0,1,29.0,0,3.0,0.0,0.0,0.0,0.0,-1.5
Mexico,Luis Rey,DF,23.7474,1.0,20.0,20.0,4.5,0.2,0,,0,1,20.0,0,3.0,0.0,0.0,0.0,0.0,-1.47
Mexico,Iker Fimbres,MF,21.0329,1.0,20.0,20.0,4.5,0.2,0,,0,1,20.0,0,3.0,0.0,0.0,0.0,0.0,-1.47
Mexico,Everardo Del Villar,DF,21.2272,1.0,13.0,13.0,2.9,0.1,0,,0,1,13.0,1,1.0,0.0,0.0,0.0,0.0,-1.44
Mexico,Jesús Alberto Angulo,DF,28.3696,0.0,,,,,0,,0,0,,2,,,,,,
Mexico,Oscar Garcia,GK,22.95,0.0,,,,,0,,0,0,,1,,,,,,
Mexico,Denzell García,"DF,MF",22.8296,0.0,,,,,0,,0,0,,2,,,,,,
Morocco,Neil El Aynaoui,MF,24.95,1.0,90.0,90.0,100.0,1.0,1,90.0,1,0,,0,1.0,1.0,1.0,0.0,0.0,
Morocco,Ayyoub Bouaddi,MF,18.6982,1.0,90.0,90.0,100.0,1.0,1,90.0,1,0,,0,1.0,1.0,1.0,0.0,0.0,
Morocco,Yassine Bounou,GK,35.1916,1.0,90.0,90.0,100.0,1.0,1,90.0,1,0,,0,1.0,1.0,1.0,0.0,0.0,
Morocco,Issa Diop,DF,29.4271,1.0,90.0,90.0,100.0,1.0,1,90.0,1,0,,0,1.0,1.0,1.0,0.0,0.0,
Morocco,Achraf Hakimi,DF,27.6078,1.0,90.0,90.0,100.0,1.0,1,90.0,1,0,,0,1.0,1.0,1.0,0.0,0.0,
Morocco,Chadi Riad,DF,22.9911,1.0,90.0,90.0,100.0,1.0,1,90.0,1,0,,0,1.0,1.0,1.0,0.0,0.0,
Morocco,Ismael Saibari,FW,25.3751,1.0,88.0,88.0,97.8,1.0,1,88.0,0,0,,0,1.0,1.0,1.0,0.0,0.0,0.0
Morocco,Bilal El Khannouss,MF,22.0958,1.0,79.0,79.0,87.8,0.9,1,79.0,0,0,,0,1.0,1.0,1.0,0.0,0.0,0.0
Morocco,Noussair Mazraoui,DF,28.5804,1.0,79.0,79.0,87.8,0.9,1,79.0,0,0,,0,1.0,1.0,1.0,0.0,0.0,0.0
Morocco,Brahim Díaz,MF,26.8624,1.0,64.0,64.0,71.1,0.7,1,64.0,0,0,,0,1.0,1.0,1.0,0.0,0.0,0.0
Morocco,Azzedine Ounahi,MF,26.1533,1.0,64.0,64.0,71.1,0.7,1,64.0,0,0,,0,1.0,1.0,1.0,0.0,0.0,0.0
Morocco,Samir El Mourabet,MF,20.6872,1.0,26.0,26.0,28.9,0.3,0,,0,1,26.0,0,1.0,0.0,0.0,0.0,0.0,0.0
Morocco,Chemsdine Talbi,MF,21.0986,1.0,26.0,26.0,28.9,0.3,0,,0,1,26.0,0,1.0,0.0,0.0,0.0,0.0,0.0
Morocco,Ayoube Amaimouni,MF,21.5366,1.0,11.0,11.0,12.2,0.1,0,,0,1,11.0,0,1.0,0.0,0.0,0.0,0.0,0.0
Morocco,Anass Salah-Eddine,DF,24.4025,1.0,11.0,11.0,12.2,0.1,0,,0,1,11.0,0,1.0,0.0,0.0,0.0,0.0,0.0
Morocco,Soufiane Rahimi,FW,30.0329,1.0,2.0,2.0,2.2,0.0,0,,0,1,2.0,0,1.0,0.0,0.0,0.0,0.0,0.0
Morocco,Sofyan Amrabat,"DF,MF",29.8131,0.0,,,,,0,,0,0,,1,,,,,,
Morocco,Youssef Belammari,DF,27.731,0.0,,,,,0,,0,0,,1,,,,,,
Morocco,Redouane Halhal,DF,23.2765,0.0,,,,,0,,0,0,,1,,,,,,
Morocco,Ayoub El Kaabi,"FW,MF",32.9665,0.0,,,,,0,,0,0,,1,,,,,,
Morocco,Munir,GK,37.0958,0.0,,,,,0,,0,0,,1,,,,,,
Morocco,Zakaria El Ouahdi,"DF,MF",24.4517,0.0,,,,,0,,0,0,,1,,,,,,
Morocco,Ahmed Reda Tagnaouti,GK,30.1916,0.0,,,,,0,,0,0,,1,,,,,,
Morocco,Marwane Saâdane,"DF,MF",34.4052,0.0,,,,,0,,0,0,,1,,,,,,
Morocco,Amine Sbai,"FW,MF",25.6051,0.0,,,,,0,,0,0,,1,,,,,,
Morocco,Gessime Yassine,MF,20.5585,0.0,,,,,0,,0,0,,1,,,,,,
Morocco,Yassine Bounou,GK,34.0,8.0,720.0,90.0,100.0,8.0,8,90.0,8,0,,0,3.0,22.0,2.0,20.0,2.5,
Morocco,Nayef Aguerd,DF,29.0,7.0,630.0,90.0,87.5,7.0,7,90.0,7,0,,1,3.0,20.0,2.0,18.0,2.57,0.57
Morocco,Achraf Hakimi,DF,27.0,6.0,540.0,90.0,75.0,6.0,6,90.0,6,0,,1,3.0,18.0,2.0,16.0,2.67,0.67
Morocco,Sofyan Amrabat,MF,29.0,6.0,527.0,88.0,73.2,5.9,6,88.0,5,0,,0,3.0,19.0,1.0,18.0,3.07,2.14
Morocco,Brahim Díaz,"MF,FW",26.0,6.0,499.0,83.0,69.3,5.5,6,83.0,2,0,,1,3.0,16.0,2.0,14.0,2.53,0.08
Morocco,Eliesse Ben Seghir,"MF,FW",20.0,7.0,394.0,56.0,54.7,4.4,6,62.0,0,1,20.0,0,3.0,12.0,1.0,11.0,2.51,0.03
Morocco,Youssef En-Nesyri,FW,28.0,7.0,439.0,63.0,61.0,4.9,5,74.0,0,2,34.0,1,3.0,9.0,1.0,8.0,1.64,-2.2
Morocco,Jawad El Yamiq,DF,33.0,4.0,333.0,83.0,46.3,3.7,4,83.0,3,0,,2,3.0,7.0,1.0,6.0,1.62,-1.63
Morocco,Bilal El Khannouss,MF,21.0,7.0,330.0,47.0,45.8,3.7,3,80.0,0,4,22.0,1,3.0,10.0,1.0,9.0,2.45,-0.08
Morocco,Ismael Saibari,MF,25.0,6.0,308.0,51.0,42.8,3.4,3,79.0,1,3,24.0,2,3.0,9.0,0.0,9.0,2.63,0.23
Morocco,Neil El Aynaoui,MF,24.0,3.0,270.0,90.0,37.5,3.0,3,90.0,3,0,,0,3.0,8.0,0.0,8.0,2.67,0.27
Morocco,Noussair Mazraoui,DF,28.0,3.0,270.0,90.0,37.5,3.0,3,90.0,3,0,,0,3.0,6.0,1.0,5.0,1.67,-1.33
Morocco,Youssef Belammari,DF,27.0,3.0,246.0,82.0,34.2,2.7,3,82.0,2,0,,0,3.0,7.0,0.0,7.0,2.56,0.09
Morocco,Azzedine Ounahi,MF,25.0,5.0,232.0,46.0,32.2,2.6,3,66.0,0,2,17.0,1,3.0,9.0,1.0,8.0,3.1,0.89
Morocco,Hakim Ziyech,MF,32.0,3.0,210.0,70.0,29.2,2.3,3,70.0,0,0,,0,3.0,9.0,0.0,9.0,3.86,1.92
Morocco,Ayoub El Kaabi,FW,32.0,6.0,216.0,36.0,30.0,2.4,2,63.0,0,4,23.0,0,3.0,9.0,1.0,8.0,3.33,1.19
Morocco,Adam Masina,DF,32.0,3.0,206.0,69.0,28.6,2.3,2,90.0,2,1,26.0,0,3.0,7.0,0.0,7.0,3.06,0.78
Morocco,Abde Ezzalzouli,MF,24.0,4.0,188.0,47.0,26.1,2.1,2,67.0,0,2,27.0,0,3.0,5.0,0.0,5.0,2.39,-0.14
Morocco,Hamza Igamane,"MF,FW",23.0,4.0,183.0,46.0,25.4,2.0,2,75.0,0,2,17.0,1,3.0,6.0,0.0,6.0,2.95,0.6
Morocco,Yahya Attiat Allah,DF,30.0,2.0,180.0,90.0,25.0,2.0,2,90.0,2,0,,1,3.0,8.0,1.0,7.0,3.5,1.33
Morocco,Romain Saïss,DF,35.0,2.0,180.0,90.0,25.0,2.0,2,90.0,2,0,,0,3.0,4.0,1.0,3.0,1.5,-1.33
Morocco,Soufiane Rahimi,MF,29.0,4.0,132.0,33.0,18.3,1.5,1,55.0,0,3,26.0,0,3.0,2.0,2.0,0.0,0.0,-3.06
Morocco,Amine Adli,MF,25.0,5.0,117.0,23.0,16.3,1.3,1,71.0,0,4,12.0,2,3.0,2.0,1.0,1.0,0.77,-2.07
Morocco,Souffian El Karouani,DF,25.0,2.0,114.0,57.0,15.8,1.3,1,90.0,1,1,24.0,0,3.0,3.0,0.0,3.0,2.37,-0.16
Morocco,Oussama El Azzouzi,MF,24.0,1.0,90.0,90.0,12.5,1.0,1,90.0,1,0,,0,3.0,2.0,1.0,1.0,1.0,-1.71
Morocco,Chadi Riad,DF,22.0,1.0,90.0,90.0,12.5,1.0,1,90.0,1,0,,1,3.0,6.0,0.0,6.0,6.0,4.0
Morocco,Mohamed Chibi,DF,33.0,1.0,89.0,89.0,12.4,1.0,1,89.0,0,0,,4,3.0,2.0,0.0,2.0,2.02,-0.54
Morocco,Amine Harit,MF,28.0,1.0,71.0,71.0,9.9,0.8,1,71.0,0,0,,0,3.0,2.0,0.0,2.0,2.54,0.04
Morocco,Ilias Akhomach,MF,21.0,2.0,57.0,29.0,7.9,0.6,0,,0,2,29.0,2,3.0,1.0,0.0,1.0,1.58,-1.0
Morocco,Oussama Targhalline,MF,23.0,3.0,24.0,8.0,3.3,0.3,0,,0,3,8.0,2,3.0,0.0,0.0,0.0,0.0,-2.59
Morocco,Chemsdine Talbi,MF,20.0,1.0,14.0,14.0,1.9,0.2,0,,0,1,14.0,2,3.0,1.0,0.0,1.0,6.43,4.01
Morocco,Tarik Tissoudali,"FW,MF",32.0,1.0,10.0,10.0,1.4,0.1,0,,0,1,10.0,0,3.0,0.0,0.0,0.0,0.0,-2.54
Morocco,Amir Richardson,MF,24.0,1.0,6.0,6.0,0.8,0.1,0,,0,1,6.0,0,3.0,0.0,0.0,0.0,0.0,-2.52
Morocco,Maroan Sannadi,FW,24.0,1.0,4.0,4.0,0.6,0.0,0,,0,1,4.0,0,3.0,0.0,0.0,0.0,0.0,-2.51
Morocco,Omar El Hilali,DF,22.0,1.0,1.0,1.0,0.1,0.0,0,,0,1,1.0,3,3.0,0.0,0.0,0.0,0.0,-2.5
Morocco,Yunis Abdelhamid,DF,38.0,0.0,,,,,0,,0,0,,1,,,,,,
Morocco,Abdel Abqar,DF,26.0,0.0,,,,,0,,0,0,,4,,,,,,
Morocco,Adam Aznou,DF,19.0,0.0,,,,,0,,0,0,,2,,,,,,
Morocco,Achraf Dari,DF,26.0,0.0,,,,,0,,0,0,,1,,,,,,
Morocco,Sofiane Diop,"FW,MF",25.0,0.0,,,,,0,,0,0,,1,,,,,,
Morocco,Jamal Harkass,DF,30.0,0.0,,,,,0,,0,0,,1,,,,,,
Morocco,El Mehdi Al Harrar,GK,25.0,0.0,,,,,0,,0,0,,3,,,,,,
Morocco,Yahya Jabrane,MF,34.0,0.0,,,,,0,,0,0,,1,,,,,,
Morocco,El Mehdi Benabid,GK,28.0,0.0,,,,,0,,0,0,,5,,,,,,
Morocco,Munir,GK,36.0,0.0,,,,,0,,0,0,,8,,,,,,
Morocco,Bilal Nadir,MF,22.0,0.0,,,,,0,,0,0,,2,,,,,,
Morocco,Issa Diop,DF,29.4271,4.0,308.0,77.0,85.6,3.4,4,77.0,2,0,,0,2.0,6.0,2.0,4.0,1.17,-0.56
Morocco,Yassine Bounou,GK,35.1916,3.0,270.0,90.0,75.0,3.0,3,90.0,3,0,,0,1.67,4.0,3.0,1.0,0.33,-3.67
Morocco,Neil El Aynaoui,MF,24.95,3.0,243.0,81.0,67.5,2.7,3,81.0,2,0,,0,1.67,4.0,2.0,2.0,0.74,-1.57
Morocco,Achraf Hakimi,DF,27.6078,3.0,219.0,73.0,60.8,2.4,3,73.0,1,0,,0,1.67,4.0,1.0,3.0,1.23,-0.04
Morocco,Ismael Saibari,FW,25.3751,3.0,181.0,60.0,50.3,2.0,3,60.0,0,0,,0,1.67,3.0,1.0,2.0,0.99,-0.51
Morocco,Abde Ezzalzouli,"MF,FW",24.4901,4.0,179.0,45.0,49.7,2.0,3,57.0,0,1,9.0,0,2.0,3.0,2.0,1.0,0.5,-1.49
Morocco,Noussair Mazraoui,DF,28.5804,3.0,174.0,58.0,48.3,1.9,3,58.0,0,0,,1,1.67,3.0,1.0,2.0,1.03,-0.42
Morocco,Chadi Riad,DF,22.9911,3.0,198.0,66.0,55.0,2.2,2,77.0,1,1,45.0,1,1.67,4.0,1.0,3.0,1.36,0.25
Morocco,Brahim Díaz,MF,26.8624,4.0,187.0,47.0,51.9,2.1,2,76.0,0,2,18.0,0,2.0,3.0,2.0,1.0,0.48,-1.6
Morocco,Azzedine Ounahi,MF,26.1533,3.0,179.0,60.0,49.7,2.0,2,67.0,0,1,45.0,1,1.67,3.0,1.0,2.0,1.01,-0.49
Morocco,Redouane Halhal,DF,23.2765,3.0,162.0,54.0,45.0,1.8,2,68.0,1,1,27.0,1,2.33,4.0,2.0,2.0,1.11,-0.25
Morocco,Bilal El Khannouss,MF,22.0958,4.0,156.0,39.0,43.3,1.7,2,55.0,0,2,23.0,0,2.0,5.0,1.0,4.0,2.31,1.87
Morocco,Anass Salah-Eddine,DF,24.4025,3.0,154.0,51.0,42.8,1.7,2,73.0,0,1,9.0,0,2.33,5.0,0.0,5.0,2.92,2.92
Morocco,Ayyoub Bouaddi,MF,18.6982,2.0,90.0,45.0,25.0,1.0,2,45.0,0,0,,0,2.0,3.0,0.0,3.0,3.0,2.33
Morocco,Soufiane Rahimi,FW,30.0329,4.0,173.0,43.0,48.1,1.9,1,65.0,0,3,36.0,0,2.0,5.0,1.0,4.0,2.08,1.6
Morocco,Samir El Mourabet,MF,20.6872,4.0,163.0,41.0,45.3,1.8,1,81.0,0,3,27.0,0,2.0,5.0,1.0,4.0,2.21,1.75
Morocco,Sofyan Amrabat,MF,29.8131,2.0,125.0,63.0,34.7,1.4,1,80.0,0,1,45.0,0,2.0,3.0,1.0,2.0,1.44,0.29
Morocco,Gessime Yassine,MF,20.5585,3.0,113.0,38.0,31.4,1.3,1,66.0,0,2,24.0,1,2.33,4.0,0.0,4.0,3.19,2.82
Morocco,Chemsdine Talbi,MF,21.0986,2.0,91.0,46.0,25.3,1.0,1,81.0,0,1,10.0,0,2.0,3.0,0.0,3.0,2.97,2.3
Morocco,Munir,GK,37.0958,1.0,90.0,90.0,25.0,1.0,1,90.0,1,0,,1,3.0,4.0,0.0,4.0,4.0,3.67
Morocco,Mohamed Rabie Hrimat,MF,31.8515,2.0,89.0,45.0,24.7,1.0,1,80.0,0,1,9.0,0,2.0,0.0,2.0,-2.0,-2.02,-4.35
Morocco,Ayoube Amaimouni,FW,21.5366,2.0,71.0,36.0,19.7,0.8,1,45.0,0,1,26.0,0,2.0,2.0,1.0,1.0,1.27,0.02
Morocco,Ayoub El Kaabi,"FW,MF",32.9665,3.0,96.0,32.0,26.7,1.1,0,,0,3,32.0,1,2.33,2.0,2.0,0.0,0.0,-1.7
Morocco,Youssef Belammari,DF,27.731,2.0,87.0,44.0,24.2,1.0,0,,0,2,44.0,0,2.0,2.0,1.0,1.0,1.03,-0.28
Morocco,Marwane Saâdane,"DF,MF",34.4052,2.0,52.0,26.0,14.4,0.6,0,,0,2,26.0,0,2.0,2.0,1.0,1.0,1.73,0.56
Morocco,Zakaria El Ouahdi,"DF,MF",24.4517,2.0,51.0,26.0,14.2,0.6,0,,0,2,26.0,1,2.0,0.0,2.0,-2.0,-3.53,-5.57
Morocco,Amine Adli,"FW,MF",26.0958,1.0,24.0,24.0,6.7,0.3,0,,0,1,24.0,1,3.0,0.0,1.0,-1.0,-3.75,-5.36
Morocco,Ali Maamar,DF,21.2272,1.0,20.0,20.0,5.6,0.2,0,,0,1,20.0,1,3.0,1.0,0.0,1.0,4.5,3.44
Morocco,Souffian El Karouani,DF,25.6516,1.0,9.0,9.0,2.5,0.1,0,,0,1,9.0,1,3.0,0.0,1.0,-1.0,-10.0,-11.54
Morocco,Amine Sbai,"FW,MF",25.6051,1.0,6.0,6.0,1.7,0.1,0,,0,1,6.0,1,3.0,1.0,0.0,1.0,15.0,13.98
Morocco,Ismael Baouf,DF,19.7392,0.0,,,,,0,,0,0,,2,,,,,,
Morocco,Rayane Bounida,MF,20.282,0.0,,,,,0,,0,0,,1,,,,,,
Morocco,El Mehdi Al Harrar,GK,25.5366,0.0,,,,,0,,0,0,,2,,,,,,
Morocco,El Mehdi Benabid,GK,28.386,0.0,,,,,0,,0,0,,2,,,,,,
Morocco,Ahmed Reda Tagnaouti,GK,30.1916,0.0,,,,,0,,0,0,,2,,,,,,
Morocco,Oussama Targhalline,MF,24.0684,0.0,,,,,0,,0,0,,2,,,,,,
Morocco,Yassir Zabiri,MF,21.3039,0.0,,,,,0,,0,0,,1,,,,,,
Morocco,Yassine Bounou,GK,35.1916,12.0,"1,080",90.0,92.3,12.0,12,90.0,12,0,,0,2.5,27.0,6.0,21.0,1.75,-2.25
Morocco,Achraf Hakimi,DF,27.6078,10.0,849,85.0,72.6,9.4,10,85.0,8,0,,1,2.4,23.0,4.0,19.0,2.01,0.33
Morocco,Brahim Díaz,MF,26.8624,11.0,750,68.0,64.1,8.3,9,79.0,2,2,18.0,1,2.45,20.0,5.0,15.0,1.8,-0.34
Morocco,Sofyan Amrabat,"DF,MF",29.8131,8.0,652,82.0,55.7,7.2,7,87.0,5,1,45.0,1,2.75,22.0,2.0,20.0,2.76,1.71
Morocco,Nayef Aguerd,DF,30.2081,7.0,630,90.0,87.5,7.0,7,90.0,7,0,,1,3.0,20.0,2.0,18.0,2.57,0.57
Morocco,Neil El Aynaoui,MF,24.95,7.0,603,86.0,51.5,6.7,7,86.0,6,0,,0,2.14,13.0,3.0,10.0,1.49,-0.89
Morocco,Ismael Saibari,FW,25.3751,10.0,577,58.0,49.3,6.4,7,72.0,1,3,24.0,2,2.4,13.0,2.0,11.0,1.72,-0.41
Morocco,Bilal El Khannouss,MF,22.0958,12.0,565,47.0,48.3,6.3,6,72.0,0,6,23.0,1,2.5,16.0,3.0,13.0,2.07,0.29
Morocco,Noussair Mazraoui,DF,28.5804,7.0,523,75.0,44.7,5.8,7,75.0,3,0,,1,2.14,10.0,3.0,7.0,1.2,-1.3
Morocco,Azzedine Ounahi,MF,26.1533,9.0,475,53.0,40.6,5.3,6,66.0,0,3,26.0,2,2.33,13.0,3.0,10.0,1.89,-0.05
Morocco,Youssef En-Nesyri,FW,29.0356,7.0,439,63.0,61.0,4.9,5,74.0,0,2,34.0,1,3.0,9.0,1.0,8.0,1.64,-2.2
Morocco,Issa Diop,DF,29.4271,5.0,398,80.0,88.4,4.4,5,80.0,3,0,,0,1.8,7.0,3.0,4.0,0.9,-0.83
Morocco,Eliesse Ben Seghir,"MF,FW",21.3231,7.0,394,56.0,54.7,4.4,6,62.0,0,1,20.0,0,3.0,12.0,1.0,11.0,2.51,0.03
Morocco,Chadi Riad,DF,22.9911,5.0,378,76.0,32.3,4.2,4,83.0,3,1,45.0,2,1.8,11.0,2.0,9.0,2.14,0.32
Morocco,Abde Ezzalzouli,MF,24.4901,8.0,367,46.0,34.0,4.1,5,61.0,0,3,21.0,0,2.5,8.0,2.0,6.0,1.47,-0.93
Morocco,Jawad El Yamiq,DF,34.2875,4.0,333,83.0,46.3,3.7,4,83.0,3,0,,2,3.0,7.0,1.0,6.0,1.62,-1.63
Morocco,Youssef Belammari,DF,27.731,5.0,333,67.0,28.5,3.7,3,82.0,2,2,44.0,1,2.6,9.0,1.0,8.0,2.16,0.11
Morocco,Ayoub El Kaabi,"FW,MF",32.9665,9.0,312,35.0,26.7,3.5,2,63.0,0,7,27.0,2,2.78,11.0,3.0,8.0,2.31,0.32
Morocco,Soufiane Rahimi,FW,30.0329,9.0,307,34.0,26.2,3.4,2,60.0,0,7,27.0,0,2.33,7.0,3.0,4.0,1.17,-1.02
Morocco,Hakim Ziyech,MF,33.2382,3.0,210,70.0,29.2,2.3,3,70.0,0,0,,0,3.0,9.0,0.0,9.0,3.86,1.92
Morocco,Adam Masina,DF,32.4463,3.0,206,69.0,28.6,2.3,2,90.0,2,1,26.0,0,3.0,7.0,0.0,7.0,3.06,0.78
Morocco,Samir El Mourabet,MF,20.6872,5.0,189,38.0,42.0,2.1,1,81.0,0,4,27.0,0,1.8,5.0,1.0,4.0,1.9,1.56
Morocco,Hamza Igamane,"MF,FW",23.6133,4.0,183,46.0,25.4,2.0,2,75.0,0,2,17.0,1,3.0,6.0,0.0,6.0,2.95,0.6
Morocco,Ayyoub Bouaddi,MF,18.6982,3.0,180,60.0,40.0,2.0,3,60.0,1,0,,0,1.67,4.0,1.0,3.0,1.5,0.83
Morocco,Romain Saïss,DF,36.219,2.0,180,90.0,25.0,2.0,2,90.0,2,0,,0,3.0,4.0,1.0,3.0,1.5,-1.33
Morocco,Yahya Attiat Allah,DF,31.2847,2.0,180,90.0,25.0,2.0,2,90.0,2,0,,1,3.0,8.0,1.0,7.0,3.5,1.33
Morocco,Anass Salah-Eddine,DF,24.4025,4.0,165,41.0,36.7,1.8,2,73.0,0,2,10.0,0,2.0,5.0,0.0,5.0,2.73,2.73
Morocco,Redouane Halhal,DF,23.2765,3.0,162,54.0,36.0,1.8,2,68.0,1,1,27.0,2,2.33,4.0,2.0,2.0,1.11,-0.25
Morocco,Amine Adli,MF,26.0958,6.0,141,24.0,13.1,1.6,1,71.0,0,5,14.0,3,3.0,2.0,2.0,0.0,0.0,-2.4
Morocco,Chemsdine Talbi,MF,21.0986,4.0,131,33.0,11.2,1.5,1,81.0,0,3,17.0,2,2.0,4.0,0.0,4.0,2.75,0.93
Morocco,Souffian El Karouani,DF,25.6516,3.0,123,41.0,11.4,1.4,1,90.0,1,2,17.0,1,3.0,3.0,1.0,2.0,1.46,-0.7
Morocco,Gessime Yassine,MF,20.5585,3.0,113,38.0,25.1,1.3,1,66.0,0,2,24.0,2,2.33,4.0,0.0,4.0,3.19,2.82
Morocco,Munir,GK,37.0958,1.0,90,90.0,7.7,1.0,1,90.0,1,0,,10,3.0,4.0,0.0,4.0,4.0,3.67
Morocco,Oussama El Azzouzi,MF,25.0438,1.0,90,90.0,12.5,1.0,1,90.0,1,0,,0,3.0,2.0,1.0,1.0,1.0,-1.71
Morocco,Mohamed Rabie Hrimat,MF,31.8515,2.0,89,45.0,24.7,1.0,1,80.0,0,1,9.0,0,2.0,0.0,2.0,-2.0,-2.02,-4.35
Morocco,Mohamed Chibi,DF,33.3943,1.0,89,89.0,12.4,1.0,1,89.0,0,0,,4,3.0,2.0,0.0,2.0,2.02,-0.54
Morocco,Ayoube Amaimouni,MF,21.5366,3.0,82,27.0,18.2,0.9,1,45.0,0,2,19.0,0,1.67,2.0,1.0,1.0,1.1,0.12
Morocco,Amine Harit,MF,28.9884,1.0,71,71.0,9.9,0.8,1,71.0,0,0,,0,3.0,2.0,0.0,2.0,2.54,0.04
Morocco,Ilias Akhomach,MF,22.1615,2.0,57,29.0,7.9,0.6,0,,0,2,29.0,2,3.0,1.0,0.0,1.0,1.58,-1.0
Morocco,Marwane Saâdane,"DF,MF",34.4052,2.0,52,26.0,11.6,0.6,0,,0,2,26.0,1,2.0,2.0,1.0,1.0,1.73,0.56
Morocco,Zakaria El Ouahdi,"DF,MF",24.4517,2.0,51,26.0,11.3,0.6,0,,0,2,26.0,2,2.0,0.0,2.0,-2.0,-3.53,-5.57
Morocco,Oussama Targhalline,MF,24.0684,3.0,24,8.0,2.2,0.3,0,,0,3,8.0,4,3.0,0.0,0.0,0.0,0.0,-2.59
Morocco,Ali Maamar,DF,21.2272,1.0,20,20.0,5.6,0.2,0,,0,1,20.0,1,3.0,1.0,0.0,1.0,4.5,3.44
Morocco,Tarik Tissoudali,"FW,MF",33.1999,1.0,10,10.0,1.4,0.1,0,,0,1,10.0,0,3.0,0.0,0.0,0.0,0.0,-2.54
Morocco,Amine Sbai,"FW,MF",25.6051,1.0,6,6.0,1.3,0.1,0,,0,1,6.0,2,3.0,1.0,0.0,1.0,15.0,13.98
Morocco,Amir Richardson,MF,24.386,1.0,6,6.0,0.8,0.1,0,,0,1,6.0,0,3.0,0.0,0.0,0.0,0.0,-2.52
Morocco,Maroan Sannadi,FW,25.3641,1.0,4,4.0,0.6,0.0,0,,0,1,4.0,0,3.0,0.0,0.0,0.0,0.0,-2.51
Morocco,Omar El Hilali,DF,22.7529,1.0,1,1.0,0.1,0.0,0,,0,1,1.0,3,3.0,0.0,0.0,0.0,0.0,-2.5
Morocco,El Mehdi Al Harrar,GK,25.5366,0.0,,,,,0,,0,0,,5,,,,,,
Morocco,Bilal Nadir,MF,22.5421,0.0,,,,,0,,0,0,,2,,,,,,
Morocco,Adam Aznou,DF,20.0329,0.0,,,,,0,,0,0,,2,,,,,,
Morocco,Rayane Bounida,MF,20.282,0.0,,,,,0,,0,0,,1,,,,,,
Morocco,Ismael Baouf,DF,19.7392,0.0,,,,,0,,0,0,,2,,,,,,
Morocco,Yassir Zabiri,MF,21.3039,0.0,,,,,0,,0,0,,1,,,,,,
Morocco,Achraf Dari,DF,27.1068,0.0,,,,,0,,0,0,,1,,,,,,
Morocco,Yahya Jabrane,MF,34.9884,0.0,,,,,0,,0,0,,1,,,,,,
Morocco,Ahmed Reda Tagnaouti,GK,30.1916,0.0,,,,,0,,0,0,,3,,,,,,
Morocco,Yunis Abdelhamid,DF,38.7091,0.0,,,,,0,,0,0,,1,,,,,,
Morocco,Sofiane Diop,"FW,MF",26.0137,0.0,,,,,0,,0,0,,1,,,,,,
Morocco,Abdel Abqar,DF,27.2628,0.0,,,,,0,,0,0,,4,,,,,,
Morocco,Jamal Harkass,DF,30.553,0.0,,,,,0,,0,0,,1,,,,,,
Morocco,El Mehdi Benabid,GK,28.386,0.0,,,,,0,,0,0,,7,,,,,,
Netherlands,Cody Gakpo,"MF,FW",27.104,4.0,296.0,74.0,82.2,3.3,4,74.0,1,0,,0,1.75,5.0,3.0,2.0,0.61,2.01
Netherlands,Virgil van Dijk,DF,34.9336,4.0,270.0,68.0,75.0,3.0,4,68.0,2,0,,0,1.75,5.0,3.0,2.0,0.67,1.67
Netherlands,Donyell Malen,"FW,MF",27.4271,4.0,216.0,54.0,60.0,2.4,4,54.0,0,0,,0,1.75,4.0,1.0,3.0,1.25,2.5
Netherlands,Jan Paul van Hecke,DF,26.0164,4.0,291.0,73.0,80.8,3.2,3,86.0,1,1,32.0,0,1.75,4.0,3.0,1.0,0.31,0.31
Netherlands,Micky van de Ven,DF,25.1533,4.0,270.0,68.0,75.0,3.0,3,75.0,2,1,45.0,0,1.75,4.0,2.0,2.0,0.67,1.67
Netherlands,Tijjani Reijnders,MF,27.8761,3.0,227.0,76.0,63.1,2.5,3,76.0,1,0,,1,2.0,4.0,2.0,2.0,0.79,1.47
Netherlands,Ryan Gravenberch,MF,24.0794,3.0,216.0,72.0,60.0,2.4,3,72.0,1,0,,1,2.0,4.0,2.0,2.0,0.83,1.46
Netherlands,Bart Verbruggen,GK,23.8214,3.0,201.0,67.0,55.8,2.2,3,67.0,1,0,,1,2.0,3.0,1.0,2.0,0.9,1.46
Netherlands,Denzel Dumfries,DF,30.1561,3.0,191.0,64.0,53.1,2.1,3,64.0,2,0,,0,2.33,5.0,2.0,3.0,1.41,2.48
Netherlands,Frenkie de Jong,MF,29.0903,2.0,139.0,70.0,38.6,1.5,2,70.0,0,0,,0,1.5,1.0,0.0,1.0,0.65,0.65
Netherlands,Crysencio Summerville,"MF,FW",24.6215,2.0,135.0,68.0,37.5,1.5,2,68.0,1,0,,0,1.5,2.0,1.0,1.0,0.67,0.67
Netherlands,Brian Brobbey,FW,24.3641,4.0,127.0,32.0,35.3,1.4,1,76.0,0,3,17.0,0,1.75,2.0,2.0,0.0,0.0,-0.39
Netherlands,Teun Koopmeiners,MF,28.2902,3.0,126.0,42.0,35.0,1.4,1,90.0,1,2,18.0,1,1.33,2.0,2.0,0.0,0.0,-0.38
Netherlands,Nathan Aké,DF,31.3176,2.0,121.0,61.0,33.6,1.3,1,76.0,0,1,45.0,2,0.5,1.0,2.0,-1.0,-0.74,-1.5
Netherlands,Quinten Timber,MF,24.9911,3.0,119.0,40.0,33.1,1.3,1,76.0,0,2,22.0,1,1.33,1.0,2.0,-1.0,-0.76,-1.5
Netherlands,Mark Flekken,GK,33.0027,2.0,114.0,57.0,31.7,1.3,1,90.0,1,1,24.0,2,2.0,2.0,2.0,0.0,0.0,-0.37
Netherlands,Jerdy Schouten,MF,29.4189,2.0,99.0,50.0,27.5,1.1,1,90.0,1,1,9.0,0,2.0,1.0,1.0,0.0,0.0,-0.34
Netherlands,Stefan de Vrij,DF,34.3532,2.0,98.0,49.0,27.2,1.1,1,90.0,1,1,8.0,0,2.0,1.0,1.0,0.0,0.0,-0.34
Netherlands,Xavi Simons,MF,23.1478,2.0,97.0,49.0,26.9,1.1,1,76.0,0,1,21.0,0,2.0,1.0,1.0,0.0,0.0,-0.34
Netherlands,Kees Smit,MF,20.397,1.0,69.0,69.0,19.2,0.8,1,69.0,0,0,,1,3.0,2.0,1.0,1.0,1.3,1.3
Netherlands,Mats Wieffer,DF,26.5749,1.0,67.0,67.0,18.6,0.7,1,67.0,0,0,,1,0.0,0.0,0.0,0.0,0.0,-0.31
Netherlands,Lutsharel Geertruida,DF,25.9062,2.0,97.0,49.0,26.9,1.1,0,,0,2,49.0,1,0.5,0.0,2.0,-2.0,-1.86,-2.88
Netherlands,Jorrel Hato,DF,20.271,2.0,59.0,30.0,16.4,0.7,0,,0,2,30.0,2,0.5,0.0,1.0,-1.0,-1.53,-2.12
Netherlands,Justin Kluivert,"FW,MF",27.1095,1.0,45.0,45.0,12.5,0.5,0,,0,1,45.0,1,0.0,0.0,1.0,-1.0,-2.0,-2.57
Netherlands,Memphis,"FW,MF",32.3313,1.0,45.0,45.0,12.5,0.5,0,,0,1,45.0,1,0.0,0.0,1.0,-1.0,-2.0,-2.57
Netherlands,Robin Roefs,GK,23.4052,1.0,45.0,45.0,12.5,0.5,0,,0,1,45.0,1,0.0,0.0,1.0,-1.0,-2.0,-2.57
Netherlands,Wout Weghorst,FW,33.8515,3.0,33.0,11.0,9.2,0.4,0,,0,3,11.0,1,1.33,0.0,1.0,-1.0,-2.73,-3.28
Netherlands,Marten de Roon,"DF,MF",35.2108,1.0,22.0,22.0,6.1,0.2,0,,0,1,22.0,1,0.0,0.0,1.0,-1.0,-4.09,-4.62
Netherlands,Guus Til,"FW,MF",28.4764,1.0,15.0,15.0,4.2,0.2,0,,0,1,15.0,1,3.0,0.0,0.0,0.0,0.0,-0.26
Netherlands,Luciano Valente,MF,22.6927,1.0,14.0,14.0,3.9,0.2,0,,0,1,14.0,1,1.0,0.0,0.0,0.0,0.0,-0.26
Netherlands,Jeremie Frimpong,"DF,MF",25.5092,1.0,13.0,13.0,3.6,0.1,0,,0,1,13.0,1,1.0,0.0,0.0,0.0,0.0,-0.26
Netherlands,Justin Bijlow,GK,28.3915,0.0,,,,,0,,0,0,,2,,,,,,
Netherlands,Noa Lang,"FW,MF",26.9911,0.0,,,,,0,,0,0,,4,,,,,,
Netherlands,Ian Maatsen,"DF,MF",24.2628,0.0,,,,,0,,0,0,,1,,,,,,
Netherlands,Jurriën Timber,DF,24.9911,0.0,,,,,0,,0,0,,1,,,,,,
Netherlands,Virgil van Dijk,DF,34.0,8.0,720.0,90.0,100.0,8.0,8,90.0,8,0,,0,2.5,27.0,4.0,23.0,2.87,
Netherlands,Cody Gakpo,"FW,MF",26.0,8.0,650.0,81.0,90.3,7.2,8,81.0,4,0,,0,2.5,21.0,4.0,17.0,2.35,-5.36
Netherlands,Frenkie de Jong,MF,28.0,7.0,569.0,81.0,79.0,6.3,7,81.0,4,0,,0,2.43,23.0,2.0,21.0,3.32,2.13
Netherlands,Memphis,FW,31.0,8.0,533.0,67.0,74.0,5.9,7,73.0,0,1,24.0,0,2.5,19.0,3.0,16.0,2.7,-0.67
Netherlands,Bart Verbruggen,GK,23.0,6.0,540.0,90.0,75.0,6.0,6,90.0,6,0,,0,2.33,17.0,4.0,13.0,2.17,-2.83
Netherlands,Denzel Dumfries,DF,29.0,6.0,528.0,88.0,73.3,5.9,6,88.0,5,0,,0,2.67,20.0,3.0,17.0,2.9,0.09
Netherlands,Ryan Gravenberch,MF,23.0,6.0,448.0,75.0,62.2,5.0,6,75.0,3,0,,2,2.33,14.0,2.0,12.0,2.41,-1.23
Netherlands,Micky van de Ven,DF,24.0,7.0,481.0,69.0,66.8,5.3,5,85.0,3,2,29.0,1,2.43,17.0,2.0,15.0,2.81,-0.21
Netherlands,Tijjani Reijnders,MF,27.0,7.0,453.0,65.0,62.9,5.0,5,78.0,2,2,31.0,1,2.43,14.0,3.0,11.0,2.19,-1.86
Netherlands,Donyell Malen,"MF,FW",27.0,7.0,401.0,57.0,55.7,4.5,4,86.0,2,3,19.0,1,2.43,16.0,4.0,12.0,2.69,-0.41
Netherlands,Jurriën Timber,DF,24.0,5.0,333.0,67.0,46.3,3.7,4,76.0,2,1,29.0,1,2.6,13.0,1.0,12.0,3.24,0.69
Netherlands,Justin Kluivert,MF,26.0,6.0,279.0,47.0,38.8,3.1,3,75.0,1,3,18.0,0,2.33,10.0,1.0,9.0,2.9,0.05
Netherlands,Xavi Simons,"FW,MF",22.0,6.0,269.0,45.0,37.4,3.0,3,81.0,1,3,8.0,2,2.67,15.0,0.0,15.0,5.02,3.42
Netherlands,Nathan Aké,DF,30.0,4.0,232.0,58.0,32.2,2.6,3,71.0,1,1,20.0,4,3.0,9.0,2.0,7.0,2.72,-0.24
Netherlands,Stefan de Vrij,DF,33.0,4.0,200.0,50.0,27.8,2.2,2,76.0,1,2,25.0,2,2.5,10.0,2.0,8.0,3.6,1.0
Netherlands,Mark Flekken,GK,32.0,2.0,180.0,90.0,25.0,2.0,2,90.0,2,0,,6,3.0,10.0,0.0,10.0,5.0,2.83
Netherlands,Jan Paul van Hecke,DF,25.0,4.0,177.0,44.0,24.6,2.0,2,66.0,0,2,23.0,3,2.0,4.0,1.0,3.0,1.53,-1.79
Netherlands,Jeremie Frimpong,FW,25.0,2.0,156.0,78.0,21.7,1.7,2,78.0,1,0,,2,3.0,5.0,0.0,5.0,2.88,0.01
Netherlands,Wout Weghorst,FW,33.0,6.0,167.0,28.0,23.2,1.9,1,66.0,0,5,20.0,0,2.67,8.0,1.0,7.0,3.77,1.17
Netherlands,Quinten Timber,MF,24.0,3.0,126.0,42.0,17.5,1.4,1,90.0,1,2,18.0,1,2.33,3.0,2.0,1.0,0.71,-2.62
Netherlands,Lutsharel Geertruida,DF,25.0,3.0,112.0,37.0,15.6,1.2,1,73.0,0,2,20.0,1,2.33,3.0,1.0,2.0,1.61,-1.5
Netherlands,Matthijs de Ligt,DF,26.0,2.0,93.0,47.0,12.9,1.0,1,90.0,1,1,3.0,2,3.0,4.0,0.0,4.0,3.87,1.14
Netherlands,Jerdy Schouten,MF,29.0,2.0,92.0,46.0,12.8,1.0,1,90.0,1,1,2.0,4,2.0,3.0,2.0,1.0,0.98,-2.17
Netherlands,Noa Lang,"FW,MF",26.0,2.0,57.0,29.0,7.9,0.6,0,,0,2,29.0,4,3.0,5.0,0.0,5.0,7.89,5.45
Netherlands,Mats Wieffer,"DF,MF",26.0,1.0,45.0,45.0,6.3,0.5,0,,0,1,45.0,1,3.0,5.0,0.0,5.0,10.0,7.6
Netherlands,Emanuel Emegha,FW,22.0,2.0,30.0,15.0,4.2,0.3,0,,0,2,15.0,0,2.0,0.0,0.0,0.0,0.0,-3.0
Netherlands,Sem Steijn,MF,24.0,1.0,29.0,29.0,4.0,0.3,0,,0,1,29.0,0,3.0,1.0,0.0,1.0,3.1,0.24
Netherlands,Luciano Valente,MF,22.0,1.0,13.0,13.0,1.8,0.1,0,,0,1,13.0,1,3.0,0.0,0.0,0.0,0.0,-2.93
Netherlands,Quilindschy Hartman,DF,24.0,1.0,7.0,7.0,1.0,0.1,0,,0,1,7.0,1,3.0,1.0,0.0,1.0,12.86,10.08
Netherlands,Jorrel Hato,DF,19.0,0.0,,,,,0,,0,0,,1,,,,,,
Netherlands,Teun Koopmeiners,"DF,MF",27.0,0.0,,,,,0,,0,0,,3,,,,,,
Netherlands,Nick Olij,GK,30.0,0.0,,,,,0,,0,0,,2,,,,,,
Netherlands,Robin Roefs,GK,23.0,0.0,,,,,0,,0,0,,6,,,,,,
Netherlands,Kjell Scherpen,GK,26.0,0.0,,,,,0,,0,0,,2,,,,,,
Netherlands,Virgil van Dijk,DF,34.9336,12.0,990.0,83.0,91.7,11.0,12,83.0,10,0,,0,2.25,32.0,7.0,25.0,2.27,3.27
Netherlands,Cody Gakpo,"FW,MF",27.104,12.0,946.0,79.0,87.6,10.5,12,79.0,5,0,,0,2.25,26.0,7.0,19.0,1.81,-1.55
Netherlands,Micky van de Ven,DF,25.1533,11.0,751.0,68.0,69.5,8.3,8,81.0,5,3,34.0,1,2.18,21.0,4.0,17.0,2.04,0.12
Netherlands,Bart Verbruggen,GK,23.8214,9.0,741.0,82.0,68.6,8.2,9,82.0,7,0,,1,2.22,20.0,5.0,15.0,1.82,-0.57
Netherlands,Denzel Dumfries,DF,30.1561,9.0,719.0,80.0,66.6,8.0,9,80.0,7,0,,0,2.56,25.0,5.0,20.0,2.5,1.51
Netherlands,Frenkie de Jong,MF,29.0903,9.0,708.0,79.0,65.6,7.9,9,79.0,4,0,,0,2.22,24.0,2.0,22.0,2.8,2.31
Netherlands,Tijjani Reijnders,MF,27.8761,10.0,680.0,68.0,63.0,7.6,8,77.0,3,2,31.0,2,2.3,18.0,5.0,13.0,1.72,-0.75
Netherlands,Ryan Gravenberch,MF,24.0794,9.0,664.0,74.0,61.5,7.4,9,74.0,4,0,,3,2.22,18.0,4.0,14.0,1.9,-0.27
Netherlands,Donyell Malen,"MF,FW",27.4271,11.0,617.0,56.0,57.1,6.9,8,70.0,2,3,19.0,1,2.18,20.0,5.0,15.0,2.19,0.44
Netherlands,Memphis,FW,32.3313,9.0,578.0,64.0,53.5,6.4,7,73.0,0,2,35.0,1,2.22,19.0,4.0,15.0,2.34,0.72
Netherlands,Jan Paul van Hecke,DF,26.0164,8.0,468.0,59.0,43.3,5.2,5,78.0,1,3,26.0,3,1.88,8.0,4.0,4.0,0.77,-2.17
Netherlands,Xavi Simons,"FW,MF",23.1478,8.0,366.0,46.0,33.9,4.1,4,80.0,1,4,12.0,2,2.5,16.0,1.0,15.0,3.69,2.55
Netherlands,Nathan Aké,DF,31.3176,6.0,353.0,59.0,32.7,3.9,4,72.0,1,2,33.0,6,2.17,10.0,4.0,6.0,1.53,-0.7
Netherlands,Jurriën Timber,DF,24.9911,5.0,333.0,67.0,30.8,3.7,4,76.0,2,1,29.0,2,2.6,13.0,1.0,12.0,3.24,0.69
Netherlands,Justin Kluivert,MF,27.1095,7.0,324.0,46.0,30.0,3.6,3,75.0,1,4,25.0,1,2.0,10.0,2.0,8.0,2.22,0.32
Netherlands,Stefan de Vrij,DF,34.3532,6.0,298.0,50.0,27.6,3.3,3,80.0,2,3,19.0,2,2.33,11.0,3.0,8.0,2.42,0.57
Netherlands,Mark Flekken,GK,33.0027,4.0,294.0,74.0,27.2,3.3,3,90.0,3,1,24.0,8,2.5,12.0,2.0,10.0,3.06,1.46
Netherlands,Quinten Timber,MF,24.9911,6.0,245.0,41.0,22.7,2.7,2,83.0,1,4,20.0,2,1.83,4.0,4.0,0.0,0.0,-2.59
Netherlands,Lutsharel Geertruida,DF,25.9062,5.0,209.0,42.0,19.4,2.3,1,73.0,0,4,34.0,2,1.6,3.0,3.0,0.0,0.0,-2.48
Netherlands,Wout Weghorst,FW,33.8515,9.0,200.0,22.0,18.5,2.2,1,66.0,0,8,17.0,1,2.22,8.0,2.0,6.0,2.7,0.86
Netherlands,Jerdy Schouten,MF,29.4189,4.0,191.0,48.0,17.7,2.1,2,90.0,2,2,6.0,4,2.0,4.0,3.0,1.0,0.47,-1.86
Netherlands,Jeremie Frimpong,FW,25.5092,3.0,169.0,56.0,15.6,1.9,2,78.0,1,1,13.0,3,2.33,5.0,0.0,5.0,2.66,0.79
Netherlands,Crysencio Summerville,"MF,FW",24.6215,2.0,135.0,68.0,37.5,1.5,2,68.0,1,0,,0,1.5,2.0,1.0,1.0,0.67,0.67
Netherlands,Brian Brobbey,FW,24.3641,4.0,127.0,32.0,35.3,1.4,1,76.0,0,3,17.0,0,1.75,2.0,2.0,0.0,0.0,-0.39
Netherlands,Teun Koopmeiners,"DF,MF",28.2902,3.0,126.0,42.0,11.7,1.4,1,90.0,1,2,18.0,4,1.33,2.0,2.0,0.0,0.0,-0.38
Netherlands,Mats Wieffer,"DF,MF",26.5749,2.0,112.0,56.0,10.4,1.2,1,67.0,0,1,45.0,2,1.5,5.0,0.0,5.0,4.02,2.25
Netherlands,Matthijs de Ligt,DF,26.8378,2.0,93.0,47.0,12.9,1.0,1,90.0,1,1,3.0,2,3.0,4.0,0.0,4.0,3.87,1.14
Netherlands,Kees Smit,MF,20.397,1.0,69.0,69.0,19.2,0.8,1,69.0,0,0,,1,3.0,2.0,1.0,1.0,1.3,1.3
Netherlands,Jorrel Hato,DF,20.271,2.0,59.0,30.0,5.5,0.7,0,,0,2,30.0,3,0.5,0.0,1.0,-1.0,-1.53,-2.12
Netherlands,Noa Lang,"FW,MF",26.9911,2.0,57.0,29.0,5.3,0.6,0,,0,2,29.0,8,3.0,5.0,0.0,5.0,7.89,5.45
Netherlands,Robin Roefs,GK,23.4052,1.0,45.0,45.0,4.2,0.5,0,,0,1,45.0,7,0.0,0.0,1.0,-1.0,-2.0,-2.57
Netherlands,Emanuel Emegha,FW,23.3587,2.0,30.0,15.0,4.2,0.3,0,,0,2,15.0,0,2.0,0.0,0.0,0.0,0.0,-3.0
Netherlands,Sem Steijn,MF,24.5722,1.0,29.0,29.0,4.0,0.3,0,,0,1,29.0,0,3.0,1.0,0.0,1.0,3.1,0.24
Netherlands,Luciano Valente,MF,22.6927,2.0,27.0,14.0,2.5,0.3,0,,0,2,14.0,2,2.0,0.0,0.0,0.0,0.0,-2.05
Netherlands,Marten de Roon,"DF,MF",35.2108,1.0,22.0,22.0,6.1,0.2,0,,0,1,22.0,1,0.0,0.0,1.0,-1.0,-4.09,-4.62
Netherlands,Guus Til,"FW,MF",28.4764,1.0,15.0,15.0,4.2,0.2,0,,0,1,15.0,1,3.0,0.0,0.0,0.0,0.0,-0.26
Netherlands,Quilindschy Hartman,DF,24.5804,1.0,7.0,7.0,1.0,0.1,0,,0,1,7.0,1,3.0,1.0,0.0,1.0,12.86,10.08
Netherlands,Nick Olij,GK,30.8679,0.0,,,,,0,,0,0,,2,,,,,,
Netherlands,Justin Bijlow,GK,28.3915,0.0,,,,,0,,0,0,,2,,,,,,
Netherlands,Kjell Scherpen,GK,26.3888,0.0,,,,,0,,0,0,,2,,,,,,
Netherlands,Ian Maatsen,"DF,MF",24.2628,0.0,,,,,0,,0,0,,1,,,,,,
New Zealand,Finn Surman,DF,22.7228,2.0,147.0,74.0,91.9,1.6,2,74.0,0,0,,0,0.0,0.0,4.0,-4.0,-2.45,4.47
New Zealand,Marko Stamenic,MF,24.3149,2.0,146.0,73.0,91.3,1.6,2,73.0,0,0,,0,0.0,0.0,4.0,-4.0,-2.47,3.96
New Zealand,Eli Just,MF,26.1205,2.0,140.0,70.0,87.5,1.6,2,70.0,0,0,,0,0.0,0.0,4.0,-4.0,-2.57,1.93
New Zealand,Chris Wood,FW,34.5175,2.0,140.0,70.0,87.5,1.6,2,70.0,0,0,,0,0.0,0.0,4.0,-4.0,-2.57,1.93
New Zealand,Sarpreet Singh,MF,27.3121,2.0,128.0,64.0,80.0,1.4,2,64.0,0,0,,0,0.0,0.0,2.0,-2.0,-1.41,7.03
New Zealand,Liberato Cacace,DF,25.7118,2.0,106.0,53.0,66.3,1.2,2,53.0,0,0,,0,0.0,0.0,2.0,-2.0,-1.7,3.3
New Zealand,Tim Payne,DF,32.4244,2.0,106.0,53.0,66.3,1.2,2,53.0,0,0,,0,0.0,0.0,2.0,-2.0,-1.7,3.3
New Zealand,Michael Boxall,DF,37.8214,2.0,116.0,58.0,72.5,1.3,1,84.0,0,1,32.0,0,0.0,0.0,4.0,-4.0,-3.1,-1.06
New Zealand,Max Crocombe,GK,32.8378,2.0,116.0,58.0,72.5,1.3,1,84.0,0,1,32.0,0,0.0,0.0,4.0,-4.0,-3.1,-1.06
New Zealand,Alex Rufer,MF,30.0055,2.0,116.0,58.0,72.5,1.3,1,76.0,0,1,40.0,0,0.0,0.0,3.0,-3.0,-2.33,1.76
New Zealand,Jesse Randall,MF,23.8186,2.0,88.0,44.0,55.0,1.0,1,63.0,0,1,25.0,0,0.0,0.0,3.0,-3.0,-3.07,-0.57
New Zealand,Matt Garbett,MF,24.1697,2.0,74.0,37.0,46.3,0.8,1,60.0,0,1,14.0,0,0.0,0.0,2.0,-2.0,-2.43,0.71
New Zealand,Tyler Bindon,DF,21.3778,2.0,69.0,35.0,43.1,0.8,1,45.0,0,1,24.0,0,0.0,0.0,1.0,-1.0,-1.3,2.65
New Zealand,Alex Paulsen,GK,23.9446,2.0,46.0,23.0,28.8,0.5,1,45.0,0,1,1.0,0,0.0,0.0,1.0,-1.0,-1.96,1.2
New Zealand,Joe Bell,MF,27.1314,1.0,45.0,45.0,28.1,0.5,1,45.0,0,0,,0,0.0,0.0,1.0,-1.0,-2.0,1.13
New Zealand,Francis de Vries,DF,31.5421,2.0,40.0,20.0,25.0,0.4,0,,0,2,20.0,0,0.0,0.0,3.0,-3.0,-6.75,-5.25
New Zealand,Ben Old,MF,23.835,2.0,38.0,19.0,23.8,0.4,0,,0,2,19.0,0,0.0,0.0,1.0,-1.0,-2.37,0.58
New Zealand,Callum McCowatt,"FW,MF",27.1232,2.0,34.0,17.0,21.3,0.4,0,,0,2,17.0,0,0.0,0.0,3.0,-3.0,-7.94,-6.51
New Zealand,Callan Elliot,DF,26.9363,2.0,33.0,17.0,20.6,0.4,0,,0,2,17.0,0,0.0,0.0,3.0,-3.0,-8.18,-6.76
New Zealand,Kosta Barbarouses,"FW,MF",36.3149,2.0,22.0,11.0,13.8,0.2,0,,0,2,11.0,0,0.0,0.0,1.0,-1.0,-4.09,-1.48
New Zealand,Lachlan Bayliss,MF,23.8898,2.0,16.0,8.0,10.0,0.2,0,,0,2,8.0,0,0.0,0.0,1.0,-1.0,-5.63,-3.13
New Zealand,Nando Pijnaker,DF,27.2984,2.0,15.0,8.0,9.4,0.2,0,,0,2,8.0,0,0.0,0.0,1.0,-1.0,-6.0,-3.52
New Zealand,Ben Waine,FW,25.0082,1.0,1.0,1.0,0.6,0.0,0,,0,1,1.0,1,0.0,0.0,1.0,-1.0,-90.0,-87.74
New Zealand,Tommy Smith,DF,36.2053,0.0,,,,,0,,0,0,,2,,,,,,
New Zealand,Michael Woud,GK,27.4079,0.0,,,,,0,,0,0,,2,,,,,,
New Zealand,Marko Stamenic,MF,23.0,5.0,421.0,84.0,93.6,4.7,5,84.0,4,0,,0,3.0,26.0,1.0,25.0,5.34,-3.97
New Zealand,Matt Garbett,MF,23.0,5.0,355.0,71.0,78.9,3.9,5,71.0,1,0,,0,3.0,22.0,1.0,21.0,5.32,-1.31
New Zealand,Chris Wood,FW,34.0,5.0,326.0,65.0,72.4,3.6,5,65.0,0,0,,0,3.0,19.0,1.0,18.0,4.97,-2.29
New Zealand,Tyler Bindon,DF,21.0,4.0,360.0,90.0,80.0,4.0,4,90.0,4,0,,1,3.0,21.0,1.0,20.0,5.0,-3.0
New Zealand,Max Crocombe,GK,32.0,4.0,360.0,90.0,80.0,4.0,4,90.0,4,0,,1,3.0,21.0,1.0,20.0,5.0,-3.0
New Zealand,Liberato Cacace,DF,25.0,5.0,344.0,69.0,76.4,3.8,4,79.0,1,1,27.0,0,3.0,22.0,1.0,21.0,5.49,-0.45
New Zealand,Joe Bell,MF,26.0,4.0,299.0,75.0,66.4,3.3,3,90.0,3,1,29.0,0,3.0,21.0,0.0,21.0,6.32,2.15
New Zealand,Michael Boxall,DF,37.0,3.0,270.0,90.0,60.0,3.0,3,90.0,3,0,,2,3.0,18.0,1.0,17.0,5.67,0.17
New Zealand,Tim Payne,DF,32.0,3.0,240.0,80.0,53.3,2.7,3,80.0,1,0,,0,3.0,12.0,0.0,12.0,4.5,-2.36
New Zealand,Sarpreet Singh,MF,26.0,4.0,232.0,58.0,51.6,2.6,3,68.0,0,1,29.0,0,3.0,16.0,0.0,16.0,6.21,1.25
New Zealand,Callum McCowatt,MF,26.0,4.0,196.0,49.0,43.6,2.2,3,60.0,1,1,16.0,0,3.0,12.0,0.0,12.0,5.51,-0.16
New Zealand,Eli Just,MF,25.0,5.0,238.0,48.0,52.9,2.6,2,69.0,0,3,34.0,0,3.0,14.0,1.0,13.0,4.92,-1.45
New Zealand,Alex Rufer,MF,29.0,3.0,201.0,67.0,44.7,2.2,2,90.0,2,1,21.0,2,3.0,12.0,1.0,11.0,4.93,-1.22
New Zealand,Storm Roux,DF,33.0,4.0,183.0,46.0,40.7,2.0,2,77.0,1,2,15.0,1,3.0,14.0,1.0,13.0,6.39,1.34
New Zealand,Nando Pijnaker,DF,26.0,2.0,180.0,90.0,40.0,2.0,2,90.0,2,0,,3,3.0,11.0,0.0,11.0,5.5,-0.17
New Zealand,Francis de Vries,DF,31.0,3.0,154.0,51.0,34.2,1.7,1,90.0,1,2,32.0,1,3.0,12.0,0.0,12.0,7.01,2.15
New Zealand,Alex Paulsen,GK,23.0,1.0,90.0,90.0,20.0,1.0,1,90.0,1,0,,4,3.0,8.0,0.0,8.0,8.0,3.0
New Zealand,Finn Surman,DF,22.0,1.0,90.0,90.0,20.0,1.0,1,90.0,1,0,,1,3.0,8.0,0.0,8.0,8.0,3.0
New Zealand,Logan Rogerson,MF,27.0,3.0,81.0,27.0,18.0,0.9,1,61.0,0,2,10.0,2,3.0,6.0,1.0,5.0,5.56,-0.05
New Zealand,Ben Old,MF,23.0,1.0,71.0,71.0,15.8,0.8,1,71.0,0,0,,0,3.0,2.0,0.0,2.0,2.54,-3.64
New Zealand,Kosta Barbarouses,"FW,MF",35.0,4.0,99.0,25.0,22.0,1.1,0,,0,4,25.0,0,3.0,7.0,0.0,7.0,6.36,0.98
New Zealand,Ben Waine,FW,24.0,4.0,99.0,25.0,22.0,1.1,0,,0,4,25.0,1,3.0,9.0,0.0,9.0,8.18,3.31
New Zealand,Liam Gillion,FW,23.0,2.0,34.0,17.0,7.6,0.4,0,,0,2,17.0,0,3.0,4.0,0.0,4.0,10.59,5.4
New Zealand,Sam Sutton,DF,24.0,1.0,27.0,27.0,6.0,0.3,0,,0,1,27.0,0,3.0,2.0,0.0,2.0,6.67,1.13
New Zealand,Cameron Howieson,MF,31.0,0.0,,,,,0,,0,0,,1,,,,,,
New Zealand,Jesse Randall,MF,23.0,0.0,,,,,0,,0,0,,2,,,,,,
New Zealand,Oliver Sail,GK,30.0,0.0,,,,,0,,0,0,,5,,,,,,
New Zealand,Tommy Smith,DF,35.0,0.0,,,,,0,,0,0,,5,,,,,,
New Zealand,Marko Stamenic,MF,24.3149,7.0,567.0,81.0,93.0,6.3,7,81.0,4,0,,0,2.14,26.0,5.0,21.0,3.33,-0.85
New Zealand,Max Crocombe,GK,32.8378,6.0,476.0,79.0,78.0,5.3,5,89.0,4,1,32.0,1,2.0,21.0,5.0,16.0,3.03,-1.68
New Zealand,Chris Wood,FW,34.5175,7.0,466.0,67.0,76.4,5.2,7,67.0,0,0,,0,2.14,19.0,5.0,14.0,2.7,-2.92
New Zealand,Liberato Cacace,DF,25.7118,7.0,450.0,64.0,73.8,5.0,6,71.0,1,1,27.0,0,2.14,22.0,3.0,19.0,3.8,1.55
New Zealand,Matt Garbett,MF,24.1697,7.0,429.0,61.0,70.3,4.8,6,69.0,1,1,14.0,0,2.14,22.0,3.0,19.0,3.99,2.0
New Zealand,Tyler Bindon,DF,21.3778,6.0,429.0,72.0,70.3,4.8,5,81.0,4,1,24.0,1,2.0,21.0,2.0,19.0,3.99,2.0
New Zealand,Michael Boxall,DF,37.8214,5.0,386.0,77.0,63.3,4.3,4,89.0,3,1,32.0,2,1.8,18.0,5.0,13.0,3.03,-0.99
New Zealand,Eli Just,MF,26.1205,7.0,378.0,54.0,62.0,4.2,4,69.0,0,3,34.0,0,2.14,14.0,5.0,9.0,2.14,-3.29
New Zealand,Sarpreet Singh,MF,27.3121,6.0,360.0,60.0,59.0,4.0,5,66.0,0,1,29.0,0,2.0,16.0,2.0,14.0,3.5,0.26
New Zealand,Tim Payne,DF,32.4244,5.0,346.0,69.0,56.7,3.8,5,69.0,1,0,,0,1.8,12.0,2.0,10.0,2.6,-1.83
New Zealand,Joe Bell,MF,27.1314,5.0,344.0,69.0,56.4,3.8,4,79.0,3,1,29.0,0,2.4,21.0,1.0,20.0,5.23,4.22
New Zealand,Alex Rufer,MF,30.0055,5.0,317.0,63.0,52.0,3.5,3,85.0,2,2,31.0,2,1.8,12.0,4.0,8.0,2.27,-2.34
New Zealand,Finn Surman,DF,22.7228,3.0,237.0,79.0,38.9,2.6,3,79.0,1,0,,1,1.0,8.0,4.0,4.0,1.52,-3.07
New Zealand,Callum McCowatt,MF,27.1232,6.0,230.0,38.0,37.7,2.6,3,60.0,1,3,17.0,0,2.0,12.0,3.0,9.0,3.52,0.21
New Zealand,Nando Pijnaker,DF,27.2984,4.0,195.0,49.0,32.0,2.2,2,90.0,2,2,8.0,3,1.5,11.0,1.0,10.0,4.62,1.8
New Zealand,Francis de Vries,DF,31.5421,5.0,194.0,39.0,31.8,2.2,1,90.0,1,4,26.0,1,1.8,12.0,3.0,9.0,4.18,1.15
New Zealand,Storm Roux,DF,33.4162,4.0,183.0,46.0,40.7,2.0,2,77.0,1,2,15.0,1,3.0,14.0,1.0,13.0,6.39,1.34
New Zealand,Alex Paulsen,GK,23.9446,3.0,136.0,45.0,22.3,1.5,2,68.0,1,1,1.0,4,1.0,8.0,1.0,7.0,4.63,1.59
New Zealand,Kosta Barbarouses,"FW,MF",36.3149,6.0,121.0,20.0,19.8,1.3,0,,0,6,20.0,0,2.0,7.0,1.0,6.0,4.46,1.33
New Zealand,Ben Old,MF,23.835,3.0,109.0,36.0,17.9,1.2,1,71.0,0,2,19.0,0,1.0,2.0,1.0,1.0,0.83,-3.13
New Zealand,Ben Waine,FW,25.0082,5.0,100.0,20.0,16.4,1.1,0,,0,5,20.0,2,2.4,9.0,1.0,8.0,7.2,4.55
New Zealand,Jesse Randall,MF,23.8186,2.0,88.0,44.0,14.4,1.0,1,63.0,0,1,25.0,2,0.0,0.0,3.0,-3.0,-3.07,-0.57
New Zealand,Logan Rogerson,MF,28.0465,3.0,81.0,27.0,18.0,0.9,1,61.0,0,2,10.0,2,3.0,6.0,1.0,5.0,5.56,-0.05
New Zealand,Liam Gillion,FW,23.6571,2.0,34.0,17.0,7.6,0.4,0,,0,2,17.0,0,3.0,4.0,0.0,4.0,10.59,5.4
New Zealand,Callan Elliot,DF,26.9363,2.0,33.0,17.0,20.6,0.4,0,,0,2,17.0,0,0.0,0.0,3.0,-3.0,-8.18,-6.76
New Zealand,Sam Sutton,DF,24.5092,1.0,27.0,27.0,6.0,0.3,0,,0,1,27.0,0,3.0,2.0,0.0,2.0,6.67,1.13
New Zealand,Lachlan Bayliss,MF,23.8898,2.0,16.0,8.0,10.0,0.2,0,,0,2,8.0,0,0.0,0.0,1.0,-1.0,-5.63,-3.13
New Zealand,Tommy Smith,DF,36.2053,0.0,,,,,0,,0,0,,7,,,,,,
New Zealand,Oliver Sail,GK,30.4162,0.0,,,,,0,,0,0,,5,,,,,,
New Zealand,Michael Woud,GK,27.4079,0.0,,,,,0,,0,0,,2,,,,,,
New Zealand,Cameron Howieson,MF,31.4764,0.0,,,,,0,,0,0,,1,,,,,,
Norway,Sander Berge,MF,28.3285,4.0,314.0,79.0,87.2,3.5,4,79.0,2,0,,0,1.25,4.0,3.0,1.0,0.29,0.29
Norway,Kristoffer Ajer,DF,28.1588,4.0,297.0,74.0,82.5,3.3,4,74.0,1,0,,0,1.25,4.0,3.0,1.0,0.3,0.3
Norway,Ørjan Nyland,GK,35.7584,4.0,296.0,74.0,82.2,3.3,4,74.0,2,0,,0,1.25,4.0,4.0,0.0,0.0,-1.41
Norway,Alexander Sørloth,FW,30.5229,4.0,265.0,66.0,73.6,2.9,4,66.0,0,0,,0,1.25,4.0,3.0,1.0,0.34,0.34
Norway,Julian Ryerson,DF,28.5722,4.0,287.0,72.0,79.7,3.2,3,81.0,2,1,45.0,0,1.25,5.0,3.0,2.0,0.63,1.86
Norway,Torbjørn Heggem,DF,27.4189,4.0,245.0,61.0,68.1,2.7,3,76.0,1,1,16.0,0,1.25,5.0,3.0,2.0,0.73,1.52
Norway,David Møller Wolfe,DF,24.1424,4.0,209.0,52.0,58.1,2.3,3,65.0,0,1,13.0,0,1.25,4.0,3.0,1.0,0.43,0.43
Norway,Antonio Nusa,"FW,MF",21.1588,4.0,196.0,49.0,54.4,2.2,3,56.0,0,1,27.0,0,1.25,3.0,1.0,2.0,0.92,1.47
Norway,Jørgen Strand Larsen,FW,26.3504,4.0,199.0,50.0,55.3,2.2,2,76.0,1,2,24.0,0,1.25,5.0,2.0,3.0,1.36,2.47
Norway,Oscar Bobb,MF,22.9227,4.0,190.0,48.0,52.8,2.1,2,63.0,0,2,32.0,0,1.25,5.0,2.0,3.0,1.42,2.48
Norway,Fredrik Aursnes,MF,30.5092,2.0,133.0,67.0,36.9,1.5,2,67.0,0,0,,0,2.0,3.0,1.0,2.0,1.35,1.75
Norway,Erling Haaland,FW,25.898,2.0,133.0,67.0,36.9,1.5,2,67.0,0,0,,0,1.0,0.0,1.0,-1.0,-0.68,-1.47
Norway,Andreas Schjelderup,MF,22.0356,4.0,164.0,41.0,45.6,1.8,1,63.0,0,3,34.0,0,1.25,2.0,3.0,-1.0,-0.55,-1.47
Norway,Leo Østigård,DF,26.5421,4.0,148.0,37.0,41.1,1.6,1,74.0,0,3,25.0,0,1.25,1.0,1.0,0.0,0.0,-0.42
Norway,Patrick Berg,MF,28.553,4.0,126.0,32.0,35.0,1.4,1,63.0,0,3,21.0,0,1.25,2.0,3.0,-1.0,-0.71,-1.48
Norway,Fredrik André Bjørkan,DF,27.8131,4.0,121.0,30.0,33.6,1.3,1,61.0,0,3,20.0,0,1.25,1.0,1.0,0.0,0.0,-0.38
Norway,Kristian Thorstvedt,MF,27.2546,4.0,110.0,28.0,30.6,1.2,1,45.0,0,3,22.0,0,1.25,0.0,1.0,-1.0,-0.82,-1.54
Norway,Morten Thorsby,MF,30.1095,2.0,102.0,51.0,28.3,1.1,1,74.0,0,1,28.0,2,2.0,0.0,1.0,-1.0,-0.88,-1.58
Norway,Martin Ødegaard,MF,27.4901,1.0,79.0,79.0,21.9,0.9,1,79.0,0,0,,0,1.0,1.0,1.0,0.0,0.0,-0.32
Norway,Marcus Pedersen,DF,25.9117,2.0,73.0,37.0,20.3,0.8,1,45.0,0,1,28.0,2,2.0,0.0,1.0,-1.0,-1.23,-1.86
Norway,Egil Selvik,GK,28.8734,2.0,64.0,32.0,17.8,0.7,0,,0,2,32.0,2,1.0,1.0,0.0,1.0,1.41,1.41
Norway,Jens Petter Hauge,"DF,FW",26.6708,2.0,54.0,27.0,15.0,0.6,0,,0,2,27.0,2,1.5,0.0,1.0,-1.0,-1.67,-2.25
Norway,Felix Myhre,"DF,MF",27.2793,2.0,48.0,24.0,13.3,0.5,0,,0,2,24.0,0,0.5,0.0,0.0,0.0,0.0,-0.29
Norway,Thelo Aasgaard,MF,24.1177,2.0,47.0,24.0,13.1,0.5,0,,0,2,24.0,0,2.0,1.0,1.0,0.0,0.0,-0.29
Norway,Sondre Langås,DF,25.3614,1.0,28.0,28.0,7.8,0.3,0,,0,1,28.0,1,3.0,0.0,1.0,-1.0,-3.21,-3.76
Norway,Odin Bjørtuft,DF,27.4846,1.0,16.0,16.0,4.4,0.2,0,,0,1,16.0,1,1.0,0.0,0.0,0.0,0.0,-0.26
Norway,Henrik Falchener,DF,23.1013,1.0,16.0,16.0,4.4,0.2,0,,0,1,16.0,3,1.0,0.0,0.0,0.0,0.0,-0.26
Norway,Viljar Myhra,GK,29.898,0.0,,,,,0,,0,0,,2,,,,,,
Norway,Sander Tangvik,GK,23.5394,0.0,,,,,0,,0,0,,2,,,,,,
Norway,Sander Berge,MF,27.0,8.0,720.0,90.0,100.0,8.0,8,90.0,8,0,,0,3.0,37.0,5.0,32.0,4.0,
Norway,Ørjan Nyland,GK,35.0,8.0,720.0,90.0,100.0,8.0,8,90.0,8,0,,0,3.0,37.0,5.0,32.0,4.0,
Norway,Julian Ryerson,"DF,MF",28.0,8.0,720.0,90.0,100.0,8.0,8,90.0,8,0,,0,3.0,37.0,5.0,32.0,4.0,
Norway,Erling Haaland,FW,25.0,8.0,704.0,88.0,97.8,7.8,8,88.0,5,0,,0,3.0,35.0,5.0,30.0,3.84,-7.41
Norway,Kristoffer Ajer,DF,27.0,8.0,702.0,88.0,97.5,7.8,8,88.0,7,0,,0,3.0,33.0,4.0,29.0,3.72,-11.28
Norway,David Møller Wolfe,DF,23.0,8.0,679.0,85.0,94.3,7.5,8,85.0,2,0,,0,3.0,36.0,4.0,32.0,4.24,4.24
Norway,Alexander Sørloth,"FW,MF",30.0,8.0,583.0,73.0,81.0,6.5,8,73.0,0,0,,0,3.0,27.0,3.0,24.0,3.7,-1.55
Norway,Torbjørn Heggem,DF,27.0,8.0,664.0,83.0,92.2,7.4,7,87.0,6,1,54.0,0,3.0,35.0,5.0,30.0,4.07,0.85
Norway,Antonio Nusa,"MF,FW",20.0,6.0,472.0,79.0,65.6,5.2,6,79.0,1,0,,0,3.0,24.0,2.0,22.0,4.19,0.57
Norway,Martin Ødegaard,MF,27.0,5.0,449.0,90.0,62.4,5.0,5,90.0,4,0,,0,3.0,24.0,2.0,22.0,4.41,1.09
Norway,Patrick Berg,MF,28.0,7.0,358.0,51.0,49.7,4.0,4,71.0,0,3,25.0,1,3.0,14.0,3.0,11.0,2.77,-2.46
Norway,Oscar Bobb,MF,22.0,6.0,246.0,41.0,34.2,2.7,2,72.0,0,4,26.0,0,3.0,18.0,2.0,16.0,5.85,2.82
Norway,Andreas Schjelderup,MF,21.0,5.0,167.0,33.0,23.2,1.9,2,61.0,0,3,15.0,3,3.0,10.0,2.0,8.0,4.31,0.41
Norway,Morten Thorsby,MF,29.0,4.0,134.0,34.0,18.6,1.5,2,45.0,0,2,22.0,1,3.0,6.0,0.0,6.0,4.03,0.04
Norway,Thelo Aasgaard,MF,23.0,4.0,120.0,30.0,16.7,1.3,1,62.0,0,3,19.0,3,3.0,12.0,1.0,11.0,8.25,5.1
Norway,Kristian Thorstvedt,MF,26.0,2.0,91.0,46.0,12.6,1.0,1,74.0,0,1,17.0,0,3.0,1.0,1.0,0.0,0.0,-4.58
Norway,Leo Østigård,DF,26.0,5.0,78.0,16.0,10.8,0.9,1,36.0,0,4,11.0,1,3.0,7.0,1.0,6.0,6.92,3.28
Norway,Felix Myhre,MF,26.0,1.0,63.0,63.0,8.8,0.7,1,63.0,0,0,,3,3.0,6.0,0.0,6.0,8.57,5.01
Norway,Aron Dønnum,"FW,MF",27.0,4.0,78.0,20.0,10.8,0.9,0,,0,4,20.0,3,3.0,3.0,1.0,2.0,2.31,-1.9
Norway,Jens Petter Hauge,"DF,FW",26.0,2.0,46.0,23.0,6.4,0.5,0,,0,2,23.0,0,3.0,2.0,1.0,1.0,1.96,-2.18
Norway,Lasse Berg Johnsen,MF,26.0,2.0,40.0,20.0,5.6,0.4,0,,0,2,20.0,2,3.0,1.0,1.0,0.0,0.0,-4.24
Norway,Jørgen Strand Larsen,FW,25.0,4.0,34.0,9.0,4.7,0.4,0,,0,4,9.0,1,3.0,1.0,0.0,1.0,2.65,-1.42
Norway,Fredrik André Bjørkan,DF,27.0,2.0,20.0,10.0,2.8,0.2,0,,0,2,10.0,1,3.0,0.0,0.0,0.0,0.0,-4.11
Norway,Marcus Pedersen,"DF,MF",25.0,2.0,17.0,9.0,2.4,0.2,0,,0,2,9.0,6,3.0,0.0,1.0,-1.0,-5.29,-9.52
Norway,Erik Botheim,FW,26.0,1.0,13.0,13.0,1.8,0.1,0,,0,1,13.0,1,3.0,0.0,0.0,0.0,0.0,-4.07
Norway,Aune Heggebø,FW,24.0,1.0,1.0,1.0,0.1,0.0,0,,0,1,1.0,0,3.0,0.0,0.0,0.0,0.0,-4.01
Norway,Stian Rode Gregersen,"DF,MF",30.0,1.0,1.0,1.0,0.1,0.0,0,,0,1,1.0,1,3.0,0.0,1.0,-1.0,-90.0,-94.13
Norway,Kristian Arnstad,"FW,MF",22.0,0.0,,,,,0,,0,0,,3,,,,,,
Norway,Mathias Dyngeland,GK,30.0,0.0,,,,,0,,0,0,,8,,,,,,
Norway,Jostein Gundersen,DF,29.0,0.0,,,,,0,,0,0,,2,,,,,,
Norway,Andreas Hanche-Olsen,DF,29.0,0.0,,,,,0,,0,0,,4,,,,,,
Norway,Eivind Helland,DF,20.0,0.0,,,,,0,,0,0,,1,,,,,,
Norway,Sondre Langås,DF,24.0,0.0,,,,,0,,0,0,,3,,,,,,
Norway,Egil Selvik,GK,28.0,0.0,,,,,0,,0,0,,6,,,,,,
Norway,Sander Tangvik,GK,23.0,0.0,,,,,0,,0,0,,2,,,,,,
Norway,Sander Berge,MF,28.3285,12.0,"1,034",86.0,95.7,11.5,12,86.0,10,0,,0,2.42,41.0,8.0,33.0,2.87,2.87
Norway,Ørjan Nyland,GK,35.7584,12.0,"1,016",85.0,94.1,11.3,12,85.0,10,0,,0,2.42,41.0,9.0,32.0,2.83,1.43
Norway,Julian Ryerson,"DF,MF",28.5722,12.0,"1,007",84.0,93.2,11.2,11,87.0,10,1,45.0,0,2.42,42.0,8.0,34.0,3.04,4.27
Norway,Kristoffer Ajer,DF,28.1588,12.0,999,83.0,92.5,11.1,12,83.0,8,0,,0,2.42,37.0,7.0,30.0,2.7,-0.63
Norway,Torbjørn Heggem,DF,27.4189,12.0,909,76.0,84.2,10.1,10,84.0,7,2,35.0,0,2.42,40.0,8.0,32.0,3.17,2.64
Norway,David Møller Wolfe,DF,24.1424,12.0,888,74.0,82.2,9.9,11,80.0,2,1,13.0,0,2.42,40.0,7.0,33.0,3.34,3.34
Norway,Alexander Sørloth,"FW,MF",30.5229,12.0,848,71.0,78.5,9.4,12,71.0,0,0,,0,2.42,31.0,6.0,25.0,2.65,-0.45
Norway,Erling Haaland,FW,25.898,10.0,837,84.0,77.5,9.3,10,84.0,5,0,,0,2.6,35.0,6.0,29.0,3.12,1.64
Norway,Antonio Nusa,"MF,FW",21.1588,10.0,668,67.0,61.9,7.4,9,71.0,1,1,27.0,0,2.3,27.0,3.0,24.0,3.23,1.27
Norway,Martin Ødegaard,MF,27.4901,6.0,528,88.0,48.9,5.9,6,88.0,4,0,,0,2.67,25.0,3.0,22.0,3.75,1.96
Norway,Patrick Berg,MF,28.553,11.0,484,44.0,44.8,5.4,5,69.0,0,6,23.0,1,2.36,16.0,6.0,10.0,1.86,-1.61
Norway,Oscar Bobb,MF,22.9227,10.0,436,44.0,40.4,4.8,4,68.0,0,6,28.0,0,2.3,23.0,4.0,19.0,3.92,1.97
Norway,Andreas Schjelderup,MF,22.0356,9.0,331,37.0,30.6,3.7,3,61.0,0,6,25.0,3,2.22,12.0,5.0,7.0,1.9,-1.22
Norway,Morten Thorsby,MF,30.1095,6.0,236,39.0,21.9,2.6,3,55.0,0,3,24.0,3,2.67,6.0,1.0,5.0,1.91,-1.08
Norway,Jørgen Strand Larsen,FW,26.3504,8.0,233,29.0,21.6,2.6,2,76.0,1,6,14.0,1,2.13,6.0,2.0,4.0,1.55,-1.54
Norway,Leo Østigård,DF,26.5421,9.0,226,25.0,20.9,2.5,2,55.0,0,7,17.0,1,2.22,8.0,2.0,6.0,2.39,-0.46
Norway,Kristian Thorstvedt,MF,27.2546,6.0,201,34.0,18.6,2.2,2,60.0,0,4,21.0,0,1.83,1.0,2.0,-1.0,-0.45,-3.93
Norway,Thelo Aasgaard,MF,24.1177,6.0,167,28.0,15.5,1.9,1,62.0,0,5,21.0,3,2.67,13.0,2.0,11.0,5.93,3.76
Norway,Fredrik André Bjørkan,DF,27.8131,6.0,141,24.0,13.1,1.6,1,61.0,0,5,16.0,1,1.83,1.0,1.0,0.0,0.0,-3.16
Norway,Fredrik Aursnes,MF,30.5092,2.0,133,67.0,36.9,1.5,2,67.0,0,0,,0,2.0,3.0,1.0,2.0,1.35,1.75
Norway,Felix Myhre,MF,27.2793,3.0,111,37.0,10.3,1.2,1,63.0,0,2,24.0,3,1.33,6.0,0.0,6.0,4.86,2.36
Norway,Jens Petter Hauge,"DF,FW",26.6708,4.0,100,25.0,9.3,1.1,0,,0,4,25.0,2,2.25,2.0,2.0,0.0,0.0,-3.03
Norway,Marcus Pedersen,"DF,MF",25.9117,4.0,90,23.0,8.3,1.0,1,45.0,0,3,15.0,8,2.5,0.0,2.0,-2.0,-2.0,-5.18
Norway,Aron Dønnum,"FW,MF",28.1506,4.0,78,20.0,10.8,0.9,0,,0,4,20.0,3,3.0,3.0,1.0,2.0,2.31,-1.9
Norway,Egil Selvik,GK,28.8734,2.0,64,32.0,5.9,0.7,0,,0,2,32.0,8,1.0,1.0,0.0,1.0,1.41,1.41
Norway,Lasse Berg Johnsen,MF,26.8214,2.0,40,20.0,5.6,0.4,0,,0,2,20.0,2,3.0,1.0,1.0,0.0,0.0,-4.24
Norway,Sondre Langås,DF,25.3614,1.0,28,28.0,2.6,0.3,0,,0,1,28.0,4,3.0,0.0,1.0,-1.0,-3.21,-3.76
Norway,Odin Bjørtuft,DF,27.4846,1.0,16,16.0,4.4,0.2,0,,0,1,16.0,1,1.0,0.0,0.0,0.0,0.0,-0.26
Norway,Henrik Falchener,DF,23.1013,1.0,16,16.0,4.4,0.2,0,,0,1,16.0,3,1.0,0.0,0.0,0.0,0.0,-0.26
Norway,Erik Botheim,FW,26.4244,1.0,13,13.0,1.8,0.1,0,,0,1,13.0,1,3.0,0.0,0.0,0.0,0.0,-4.07
Norway,Aune Heggebø,FW,24.8761,1.0,1,1.0,0.1,0.0,0,,0,1,1.0,0,3.0,0.0,0.0,0.0,0.0,-4.01
Norway,Stian Rode Gregersen,"DF,MF",31.0767,1.0,1,1.0,0.1,0.0,0,,0,1,1.0,1,3.0,0.0,1.0,-1.0,-90.0,-94.13
Norway,Sander Tangvik,GK,23.5394,0.0,,,,,0,,0,0,,4,,,,,,
Norway,Kristian Arnstad,"FW,MF",22.7666,0.0,,,,,0,,0,0,,3,,,,,,
Norway,Andreas Hanche-Olsen,DF,29.4052,0.0,,,,,0,,0,0,,4,,,,,,
Norway,Jostein Gundersen,DF,30.1999,0.0,,,,,0,,0,0,,2,,,,,,
Norway,Mathias Dyngeland,GK,30.6845,0.0,,,,,0,,0,0,,8,,,,,,
Norway,Eivind Helland,DF,21.1369,0.0,,,,,0,,0,0,,1,,,,,,
Norway,Viljar Myhra,GK,29.898,0.0,,,,,0,,0,0,,2,,,,,,
Panama,Carlos Harvey,"MF,DF",26.3587,5.0,398,80.0,88.4,4.4,4,88.0,3,1,45.0,0,1.6,8.0,11.0,-3.0,-0.68,-4.14
Panama,Orlando Mosquera,GK,31.4682,4.0,319,80.0,70.9,3.5,3,90.0,3,1,49.0,1,1.25,5.0,9.0,-4.0,-1.13,-3.19
Panama,César Blackman,DF,28.1999,5.0,300,60.0,66.7,3.3,3,79.0,1,2,32.0,0,1.6,6.0,9.0,-3.0,-0.9,-2.1
Panama,Yoel Bárcenas,MF,32.6407,5.0,285,57.0,63.3,3.2,3,77.0,1,2,27.0,0,1.6,5.0,9.0,-4.0,-1.26,-2.9
Panama,Michael Amir Murillo,"DF,MF",30.3368,4.0,282,71.0,62.7,3.1,3,88.0,2,1,19.0,1,1.75,6.0,8.0,-2.0,-0.64,-1.17
Panama,Jiovany Ramos,DF,29.3806,4.0,251,63.0,55.8,2.8,3,75.0,2,1,26.0,1,1.75,6.0,3.0,3.0,1.08,2.88
Panama,Cristian Martínez,MF,29.3504,5.0,249,50.0,55.3,2.8,3,61.0,0,2,33.0,0,1.6,6.0,6.0,0.0,0.0,0.45
Panama,José Córdoba,DF,25.2738,4.0,243,61.0,54.0,2.7,3,75.0,1,1,19.0,1,1.75,4.0,7.0,-3.0,-1.11,-1.98
Panama,José Luis Rodríguez,MF,27.9856,4.0,230,58.0,51.1,2.6,3,70.0,0,1,19.0,1,1.75,5.0,7.0,-2.0,-0.78,-1.19
Panama,Cecilio Waterman,FW,35.1697,5.0,197,39.0,43.8,2.2,3,51.0,0,2,22.0,0,1.6,5.0,6.0,-1.0,-0.46,-0.46
Panama,Andrés Andrade Cedeño,DF,27.6598,4.0,216,54.0,48.0,2.4,2,77.0,1,2,31.0,0,1.25,4.0,8.0,-4.0,-1.67,-2.82
Panama,Ismael Díaz,MF,29.0903,4.0,186,47.0,41.3,2.1,2,67.0,0,2,26.0,1,1.75,4.0,5.0,-1.0,-0.48,-0.48
Panama,Roderick Miller,DF,34.1971,4.0,165,41.0,36.7,1.8,2,59.0,0,2,24.0,1,1.75,5.0,2.0,3.0,1.64,2.9
Panama,Jorge Gutiérrez,MF,27.783,3.0,159,53.0,35.3,1.8,2,57.0,0,1,45.0,2,2.33,3.0,2.0,1.0,0.57,1.18
Panama,César Yanis,MF,30.3751,2.0,135,68.0,30.0,1.5,2,68.0,1,0,,3,2.0,3.0,1.0,2.0,1.33,2.19
Panama,Edgardo Fariña,DF,24.6516,3.0,115,38.0,25.6,1.3,2,45.0,0,1,25.0,0,1.33,4.0,2.0,2.0,1.57,2.37
Panama,José Fajardo,FW,32.8214,5.0,190,38.0,42.2,2.1,1,29.0,0,4,40.0,0,1.6,4.0,5.0,-1.0,-0.47,-0.47
Panama,Erick Davis,DF,35.2053,4.0,122,31.0,27.1,1.4,1,45.0,0,3,26.0,1,1.25,4.0,3.0,1.0,0.74,1.29
Panama,Adalberto Carrasquilla,MF,27.5421,2.0,107,54.0,23.8,1.2,1,90.0,1,1,17.0,0,2.0,2.0,1.0,1.0,0.84,1.37
Panama,Fidel Escobar,DF,31.4271,3.0,104,35.0,23.1,1.2,1,65.0,0,2,20.0,0,1.33,2.0,7.0,-5.0,-4.33,-5.37
Panama,Victor Griffith,MF,25.5038,3.0,97,32.0,21.6,1.1,1,45.0,0,2,26.0,0,1.33,2.0,0.0,2.0,1.86,2.62
Panama,Aníbal Godoy,MF,36.3395,2.0,94,47.0,20.9,1.0,1,69.0,0,1,25.0,0,2.0,1.0,1.0,0.0,0.0,0.25
Panama,Kadir Barría,FW,18.9062,3.0,89,30.0,19.8,1.0,1,45.0,0,2,22.0,2,2.0,2.0,1.0,1.0,1.01,1.51
Panama,Tomás Rodríguez,FW,27.2656,2.0,70,35.0,15.6,0.8,1,45.0,0,1,25.0,1,1.5,3.0,1.0,2.0,2.57,3.28
Panama,Martín Krug,DF,19.9309,1.0,65,65.0,14.4,0.7,1,65.0,0,0,,1,1.0,1.0,1.0,0.0,0.0,0.23
Panama,César Samudio,GK,32.3039,1.0,65,65.0,14.4,0.7,1,65.0,0,0,,4,3.0,3.0,1.0,2.0,2.77,3.47
Panama,Luis Mejía,GK,35.2464,1.0,41,41.0,9.1,0.5,1,41.0,0,0,,0,1.0,1.0,0.0,1.0,2.2,2.64
Panama,Iván Anderson,MF,28.553,2.0,36,18.0,8.0,0.4,1,29.0,0,1,7.0,0,1.5,1.0,0.0,1.0,2.5,2.93
Panama,José Murillo,DF,31.3012,1.0,45,45.0,10.0,0.5,0,,0,1,45.0,1,3.0,2.0,2.0,0.0,0.0,0.22
Panama,Alberto Quintero,"FW,MF",38.4873,1.0,45,45.0,10.0,0.5,0,,0,1,45.0,2,3.0,2.0,2.0,0.0,0.0,0.22
Panama,John David Gunn,GK,26.3943,1.0,25,25.0,5.6,0.3,0,,0,1,25.0,2,3.0,1.0,1.0,0.0,0.0,0.21
Panama,Azarías Londoño,MF,24.9802,1.0,25,25.0,5.6,0.3,0,,0,1,25.0,1,1.0,0.0,0.0,0.0,0.0,0.21
Panama,Fidel Escobar,DF,31.0,8.0,703.0,88.0,78.1,7.8,8,88.0,7,0,,0,2.25,12.0,4.0,8.0,1.02,-1.72
Panama,Michael Amir Murillo,"DF,MF",29.0,8.0,675.0,84.0,75.0,7.5,7,90.0,7,1,45.0,0,2.25,12.0,3.0,9.0,1.2,-0.8
Panama,Adalberto Carrasquilla,MF,27.0,8.0,649.0,81.0,72.1,7.2,7,88.0,5,1,32.0,0,2.25,12.0,4.0,8.0,1.11,-1.04
Panama,Andrés Andrade Cedeño,DF,27.0,7.0,630.0,90.0,70.0,7.0,7,90.0,7,0,,0,2.14,12.0,4.0,8.0,1.14,-0.86
Panama,Erick Davis,"DF,MF",34.0,9.0,622.0,69.0,69.1,6.9,7,85.0,4,2,13.0,0,2.33,15.0,5.0,10.0,1.45,0.15
Panama,Aníbal Godoy,MF,35.0,8.0,540.0,68.0,60.0,6.0,7,74.0,2,1,19.0,1,2.25,14.0,4.0,10.0,1.67,0.67
Panama,Orlando Mosquera,GK,31.0,6.0,540.0,90.0,60.0,6.0,6,90.0,6,0,,4,2.0,9.0,4.0,5.0,0.83,-1.42
Panama,Cristian Martínez,MF,28.0,8.0,481.0,60.0,53.4,5.3,6,67.0,0,2,39.0,1,2.5,9.0,4.0,5.0,0.94,-1.0
Panama,José Luis Rodríguez,MF,27.0,9.0,502.0,56.0,55.8,5.6,5,73.0,1,4,35.0,0,2.33,9.0,4.0,5.0,0.9,-1.14
Panama,Ismael Díaz,MF,28.0,6.0,413.0,69.0,45.9,4.6,5,76.0,2,1,34.0,3,2.0,7.0,1.0,6.0,1.31,-0.17
Panama,Yoel Bárcenas,MF,32.0,6.0,402.0,67.0,44.7,4.5,5,76.0,1,1,21.0,0,2.0,7.0,3.0,4.0,0.9,-0.91
Panama,Cecilio Waterman,FW,34.0,8.0,324.0,41.0,36.0,3.6,5,56.0,0,3,15.0,0,2.25,6.0,0.0,6.0,1.67,0.42
Panama,Carlos Harvey,"DF,MF",25.0,6.0,414.0,69.0,46.0,4.6,4,90.0,4,2,27.0,2,2.33,11.0,3.0,8.0,1.74,0.63
Panama,Luis Mejía,GK,34.0,4.0,360.0,90.0,40.0,4.0,4,90.0,4,0,,6,3.0,10.0,1.0,9.0,2.25,1.42
Panama,José Córdoba,DF,24.0,4.0,281.0,70.0,31.2,3.1,4,70.0,3,0,,2,3.0,7.0,1.0,6.0,1.92,0.76
Panama,José Fajardo,FW,32.0,8.0,401.0,50.0,44.6,4.5,3,77.0,1,5,34.0,1,2.25,9.0,4.0,5.0,1.12,-0.5
Panama,César Blackman,"MF,DF",27.0,5.0,283.0,57.0,31.4,3.1,3,90.0,3,2,7.0,5,3.0,8.0,2.0,6.0,1.91,0.74
Panama,César Yanis,MF,30.0,3.0,225.0,75.0,25.0,2.5,2,90.0,2,1,45.0,3,3.0,7.0,1.0,6.0,2.4,1.33
Panama,Jorge Gutiérrez,DF,27.0,5.0,221.0,44.0,24.6,2.5,2,77.0,0,3,22.0,3,2.2,3.0,0.0,3.0,1.22,-0.24
Panama,Azarías Londoño,MF,24.0,4.0,189.0,47.0,21.0,2.1,2,60.0,0,2,35.0,2,2.5,8.0,0.0,8.0,3.81,3.05
Panama,Eduardo Guerrero,FW,25.0,3.0,154.0,51.0,17.1,1.7,2,63.0,0,1,28.0,1,3.0,5.0,1.0,4.0,2.34,1.13
Panama,Jiovany Ramos,DF,29.0,2.0,150.0,75.0,16.7,1.7,1,71.0,0,1,79.0,1,2.0,1.0,1.0,0.0,0.0,-1.68
Panama,Tomás Rodríguez,FW,26.0,3.0,113.0,38.0,12.6,1.3,1,62.0,0,2,26.0,5,2.33,1.0,0.0,1.0,0.8,-0.69
Panama,Edgardo Fariña,DF,24.0,2.0,107.0,54.0,11.9,1.2,1,90.0,1,1,17.0,3,3.0,5.0,1.0,4.0,3.36,2.23
Panama,Edward Cedeño,MF,22.0,4.0,97.0,24.0,10.8,1.1,1,63.0,0,3,11.0,4,3.0,1.0,0.0,1.0,0.93,-0.53
Panama,Eduardo Anderson,DF,25.0,1.0,90.0,90.0,10.0,1.0,1,90.0,1,0,,1,3.0,2.0,0.0,2.0,2.0,0.67
Panama,Victor Griffith,MF,25.0,1.0,90.0,90.0,10.0,1.0,1,90.0,1,0,,1,3.0,3.0,0.0,3.0,3.0,1.78
Panama,Janpol Morales,MF,27.0,2.0,71.0,36.0,7.9,0.8,1,26.0,0,1,45.0,0,3.0,1.0,0.0,1.0,1.27,-0.14
Panama,Jovani Welch,MF,26.0,2.0,53.0,27.0,5.9,0.6,1,45.0,0,1,8.0,0,3.0,1.0,0.0,1.0,1.7,0.32
Panama,Roderick Miller,DF,33.0,1.0,45.0,45.0,5.0,0.5,1,45.0,0,0,,1,3.0,0.0,0.0,0.0,0.0,-1.47
Panama,Alberto Quintero,"FW,MF",38.0,2.0,31.0,16.0,3.4,0.3,0,,0,2,16.0,0,3.0,1.0,0.0,1.0,2.9,1.56
Panama,Omar Browne,FW,31.0,2.0,20.0,10.0,2.2,0.2,0,,0,2,10.0,2,2.0,1.0,0.0,1.0,4.5,3.17
Panama,Freddy Góndola,MF,30.0,1.0,11.0,11.0,1.2,0.1,0,,0,1,11.0,1,3.0,0.0,0.0,0.0,0.0,-1.42
Panama,Everardo Rose,FW,26.0,1.0,7.0,7.0,0.8,0.1,0,,0,1,7.0,1,1.0,0.0,0.0,0.0,0.0,-1.41
Panama,Abdiel Ayarza,MF,33.0,1.0,6.0,6.0,0.7,0.1,0,,0,1,6.0,0,3.0,0.0,0.0,0.0,0.0,-1.41
Panama,Iván Anderson,DF,28.0,0.0,,,,,0,,0,0,,4,,,,,,
Panama,John David Gunn,GK,26.0,0.0,,,,,0,,0,0,,2,,,,,,
Panama,José Murillo,DF,30.0,0.0,,,,,0,,0,0,,2,,,,,,
Panama,César Samudio,GK,31.0,0.0,,,,,0,,0,0,,8,,,,,,
Panama,Michael Amir Murillo,"DF,MF",30.3368,12.0,957,80.0,70.9,10.6,10,89.0,9,2,32.0,1,2.08,18.0,11.0,7.0,0.66,-0.72
Panama,Orlando Mosquera,GK,31.4682,10.0,859,86.0,63.6,9.5,9,90.0,9,1,49.0,5,1.7,14.0,13.0,1.0,0.1,-2.09
Panama,Andrés Andrade Cedeño,DF,27.6598,11.0,846,77.0,62.7,9.4,9,87.0,8,2,31.0,0,1.82,16.0,12.0,4.0,0.43,-1.18
Panama,Carlos Harvey,"DF,MF",26.3587,11.0,812,74.0,60.1,9.0,8,89.0,7,3,33.0,2,2.0,19.0,14.0,5.0,0.55,-0.78
Panama,Fidel Escobar,DF,31.4271,11.0,807,73.0,59.8,9.0,9,85.0,7,2,20.0,0,2.0,14.0,11.0,3.0,0.33,-1.32
Panama,Adalberto Carrasquilla,MF,27.5421,10.0,756,76.0,56.0,8.4,8,88.0,6,2,25.0,0,2.2,14.0,5.0,9.0,1.07,0.47
Panama,Erick Davis,"DF,MF",35.2053,13.0,744,57.0,55.1,8.3,8,80.0,4,5,21.0,1,2.0,19.0,8.0,11.0,1.33,1.03
Panama,José Luis Rodríguez,MF,27.9856,13.0,732,56.0,54.2,8.1,8,72.0,1,5,31.0,1,2.15,14.0,11.0,3.0,0.37,-1.09
Panama,Cristian Martínez,MF,29.3504,13.0,730,56.0,54.1,8.1,9,65.0,0,4,36.0,1,2.15,15.0,10.0,5.0,0.62,-0.54
Panama,Yoel Bárcenas,MF,32.6407,11.0,687,62.0,50.9,7.6,8,77.0,2,3,25.0,0,1.82,12.0,12.0,0.0,0.0,-1.76
Panama,Aníbal Godoy,MF,36.3395,10.0,634,63.0,47.0,7.0,8,74.0,2,2,22.0,1,2.2,15.0,5.0,10.0,1.42,1.04
Panama,Ismael Díaz,MF,29.0903,10.0,599,60.0,44.4,6.7,7,73.0,2,3,29.0,4,1.9,11.0,6.0,5.0,0.75,-0.21
Panama,José Fajardo,FW,32.8214,13.0,591,45.0,43.8,6.6,4,65.0,1,9,37.0,1,2.0,13.0,9.0,4.0,0.61,-0.46
Panama,César Blackman,"MF,DF",28.1999,10.0,583,58.0,43.2,6.5,6,85.0,4,4,19.0,5,2.3,14.0,11.0,3.0,0.46,-0.71
Panama,José Córdoba,DF,25.2738,8.0,524,66.0,38.8,5.8,7,72.0,4,1,19.0,3,2.38,11.0,8.0,3.0,0.52,-0.57
Panama,Cecilio Waterman,FW,35.1697,13.0,521,40.0,38.6,5.8,8,54.0,0,5,17.0,0,2.0,11.0,6.0,5.0,0.86,0.0
Panama,Jiovany Ramos,DF,29.3806,6.0,401,67.0,29.7,4.5,4,74.0,2,2,53.0,2,1.83,7.0,4.0,3.0,0.67,-0.28
Panama,Luis Mejía,GK,35.2464,5.0,401,80.0,29.7,4.5,5,80.0,4,0,,6,2.6,11.0,1.0,10.0,2.24,1.96
Panama,Jorge Gutiérrez,DF,27.783,8.0,380,48.0,28.1,4.2,4,67.0,0,4,28.0,5,2.25,6.0,2.0,4.0,0.95,0.11
Panama,César Yanis,MF,30.3751,5.0,360,72.0,26.7,4.0,4,79.0,3,1,45.0,6,2.6,10.0,2.0,8.0,2.0,1.55
Panama,Edgardo Fariña,DF,24.6516,5.0,222,44.0,16.4,2.5,3,60.0,1,2,21.0,3,2.0,9.0,3.0,6.0,2.43,1.87
Panama,Azarías Londoño,MF,24.9802,5.0,214,43.0,15.9,2.4,2,60.0,0,3,31.0,3,2.2,8.0,0.0,8.0,3.36,2.97
Panama,Roderick Miller,DF,34.1971,5.0,210,42.0,15.6,2.3,3,54.0,0,2,24.0,2,2.0,5.0,2.0,3.0,1.29,0.5
Panama,Victor Griffith,MF,25.5038,4.0,187,47.0,13.9,2.1,2,68.0,1,2,26.0,1,1.75,5.0,0.0,5.0,2.41,1.79
Panama,Tomás Rodríguez,FW,27.2656,5.0,183,37.0,13.6,2.0,2,54.0,0,3,25.0,6,2.0,4.0,1.0,3.0,1.48,0.7
Panama,Eduardo Guerrero,FW,26.3094,3.0,154,51.0,17.1,1.7,2,63.0,0,1,28.0,1,3.0,5.0,1.0,4.0,2.34,1.13
Panama,Edward Cedeño,MF,22.9418,4.0,97,24.0,10.8,1.1,1,63.0,0,3,11.0,4,3.0,1.0,0.0,1.0,0.93,-0.53
Panama,Eduardo Anderson,DF,25.3669,1.0,90,90.0,10.0,1.0,1,90.0,1,0,,1,3.0,2.0,0.0,2.0,2.0,0.67
Panama,Kadir Barría,FW,18.9062,3.0,89,30.0,19.8,1.0,1,45.0,0,2,22.0,2,2.0,2.0,1.0,1.0,1.01,1.51
Panama,Alberto Quintero,"FW,MF",38.4873,3.0,76,25.0,5.6,0.8,0,,0,3,25.0,2,3.0,3.0,2.0,1.0,1.18,0.34
Panama,Janpol Morales,MF,27.9774,2.0,71,36.0,7.9,0.8,1,26.0,0,1,45.0,0,3.0,1.0,0.0,1.0,1.27,-0.14
Panama,César Samudio,GK,32.3039,1.0,65,65.0,4.8,0.7,1,65.0,0,0,,12,3.0,3.0,1.0,2.0,2.77,3.47
Panama,Martín Krug,DF,19.9309,1.0,65,65.0,14.4,0.7,1,65.0,0,0,,1,1.0,1.0,1.0,0.0,0.0,0.23
Panama,Jovani Welch,MF,26.4901,2.0,53,27.0,5.9,0.6,1,45.0,0,1,8.0,0,3.0,1.0,0.0,1.0,1.7,0.32
Panama,José Murillo,DF,31.3012,1.0,45,45.0,3.3,0.5,0,,0,1,45.0,3,3.0,2.0,2.0,0.0,0.0,0.22
Panama,Iván Anderson,DF,28.553,2.0,36,18.0,2.7,0.4,1,29.0,0,1,7.0,4,1.5,1.0,0.0,1.0,2.5,2.93
Panama,John David Gunn,GK,26.3943,1.0,25,25.0,1.9,0.3,0,,0,1,25.0,4,3.0,1.0,1.0,0.0,0.0,0.21
Panama,Omar Browne,FW,32.115,2.0,20,10.0,2.2,0.2,0,,0,2,10.0,2,2.0,1.0,0.0,1.0,4.5,3.17
Panama,Freddy Góndola,MF,30.7365,1.0,11,11.0,1.2,0.1,0,,0,1,11.0,1,3.0,0.0,0.0,0.0,0.0,-1.42
Panama,Everardo Rose,FW,26.8925,1.0,7,7.0,0.8,0.1,0,,0,1,7.0,1,1.0,0.0,0.0,0.0,0.0,-1.41
Panama,Abdiel Ayarza,MF,33.7529,1.0,6,6.0,0.7,0.1,0,,0,1,6.0,0,3.0,0.0,0.0,0.0,0.0,-1.41
Paraguay,Omar Alderete,DF,29.4654,1.0,90.0,90.0,100.0,1.0,1,90.0,1,0,,0,0.0,1.0,4.0,-3.0,-3.0,
Paraguay,Júnior Alonso,DF,33.3422,1.0,90.0,90.0,100.0,1.0,1,90.0,1,0,,0,0.0,1.0,4.0,-3.0,-3.0,
Paraguay,Andrés Cubas,MF,30.063,1.0,90.0,90.0,100.0,1.0,1,90.0,1,0,,0,0.0,1.0,4.0,-3.0,-3.0,
Paraguay,Julio Enciso,FW,22.3888,1.0,90.0,90.0,100.0,1.0,1,90.0,1,0,,0,0.0,1.0,4.0,-3.0,-3.0,
Paraguay,Orlando Gill,GK,26.0082,1.0,90.0,90.0,100.0,1.0,1,90.0,1,0,,0,0.0,1.0,4.0,-3.0,-3.0,
Paraguay,Gustavo Gómez,DF,33.1068,1.0,90.0,90.0,100.0,1.0,1,90.0,1,0,,0,0.0,1.0,4.0,-3.0,-3.0,
Paraguay,Diego Gómez,MF,23.2163,1.0,79.0,79.0,87.8,0.9,1,79.0,0,0,,0,0.0,1.0,3.0,-2.0,-2.28,5.9
Paraguay,Miguel Almirón,MF,32.3395,1.0,78.0,78.0,86.7,0.9,1,78.0,0,0,,0,0.0,1.0,3.0,-2.0,-2.31,5.19
Paraguay,Juan Cáceres,DF,26.0356,1.0,78.0,78.0,86.7,0.9,1,78.0,0,0,,0,0.0,1.0,3.0,-2.0,-2.31,5.19
Paraguay,Antonio Sanabria,FW,30.2793,1.0,61.0,61.0,67.8,0.7,1,61.0,0,0,,0,0.0,0.0,3.0,-3.0,-4.43,-4.43
Paraguay,Damián Bobadilla,MF,24.9254,1.0,45.0,45.0,50.0,0.5,1,45.0,0,0,,0,0.0,0.0,3.0,-3.0,-6.0,-6.0
Paraguay,Mauricio,MF,25.063,1.0,45.0,45.0,50.0,0.5,0,,0,1,45.0,0,0.0,1.0,1.0,0.0,0.0,6.0
Paraguay,Álex Arce,FW,30.9938,1.0,29.0,29.0,32.2,0.3,0,,0,1,29.0,0,0.0,1.0,1.0,0.0,0.0,4.43
Paraguay,Ramón Sosa,"FW,MF",26.7858,1.0,12.0,12.0,13.3,0.1,0,,0,1,12.0,0,0.0,0.0,1.0,-1.0,-7.5,-5.19
Paraguay,Gustavo Velásquez,DF,35.1588,1.0,12.0,12.0,13.3,0.1,0,,0,1,12.0,0,0.0,0.0,1.0,-1.0,-7.5,-5.19
Paraguay,Kaku,MF,31.4216,1.0,11.0,11.0,12.2,0.1,0,,0,1,11.0,0,0.0,0.0,1.0,-1.0,-8.18,-5.9
Paraguay,Gabriel Ávalos,FW,35.6708,0.0,,,,,0,,0,0,,1,,,,,,
Paraguay,Fabián Balbuena,DF,34.8077,0.0,,,,,0,,0,0,,1,,,,,,
Paraguay,Gustavo Caballero,"FW,MF",24.7283,0.0,,,,,0,,0,0,,1,,,,,,
Paraguay,José Canale,DF,29.9008,0.0,,,,,0,,0,0,,1,,,,,,
Paraguay,Gatito Fernández,GK,38.2108,0.0,,,,,0,,0,0,,1,,,,,,
Paraguay,Matías Galarza,MF,24.3368,0.0,,,,,0,,0,0,,1,,,,,,
Paraguay,Alexandro Maidana,DF,20.8843,0.0,,,,,0,,0,0,,1,,,,,,
Paraguay,Braian Ojeda,MF,25.9637,0.0,,,,,0,,0,0,,1,,,,,,
Paraguay,Gastón Olveira,GK,33.1478,0.0,,,,,0,,0,0,,1,,,,,,
Paraguay,Isidro Pitta,FW,26.8323,0.0,,,,,0,,0,0,,1,,,,,,
Paraguay,Júnior Alonso,DF,33.3422,3.0,225.0,75.0,83.3,2.5,3,75.0,2,0,,0,2.0,4.0,2.0,2.0,0.8,-3.2
Paraguay,Gustavo Gómez,DF,33.1068,3.0,225.0,75.0,83.3,2.5,3,75.0,2,0,,0,2.0,4.0,2.0,2.0,0.8,-3.2
Paraguay,Omar Alderete,DF,29.4654,3.0,195.0,65.0,72.2,2.2,3,65.0,1,0,,0,2.0,4.0,2.0,2.0,0.92,-1.48
Paraguay,Diego Gómez,MF,23.2163,3.0,195.0,65.0,72.2,2.2,3,65.0,1,0,,0,2.0,4.0,2.0,2.0,0.92,-1.48
Paraguay,Julio Enciso,"FW,MF",22.3888,3.0,182.0,61.0,67.4,2.0,3,61.0,1,0,,0,2.0,3.0,2.0,1.0,0.49,-2.57
Paraguay,Miguel Almirón,MF,32.3395,3.0,181.0,60.0,67.0,2.0,3,60.0,0,0,,0,2.0,3.0,2.0,1.0,0.5,-2.54
Paraguay,Damián Bobadilla,MF,24.9254,2.0,150.0,75.0,55.6,1.7,2,75.0,1,0,,1,1.5,2.0,2.0,0.0,0.0,-3.0
Paraguay,Antonio Sanabria,FW,30.2793,3.0,145.0,48.0,53.7,1.6,2,62.0,0,1,22.0,0,2.0,4.0,0.0,4.0,2.48,2.48
Paraguay,Juan Cáceres,DF,26.0356,2.0,135.0,68.0,50.0,1.5,2,68.0,1,0,,1,1.5,3.0,2.0,1.0,0.67,-1.33
Paraguay,Orlando Gill,GK,26.0082,2.0,135.0,68.0,50.0,1.5,1,90.0,1,1,45.0,1,1.5,3.0,2.0,1.0,0.67,-1.33
Paraguay,Gabriel Ávalos,FW,35.6708,2.0,113.0,57.0,41.9,1.3,1,68.0,0,1,45.0,1,1.5,2.0,2.0,0.0,0.0,-2.29
Paraguay,Braian Ojeda,MF,25.9637,3.0,112.0,37.0,41.5,1.2,1,55.0,0,2,29.0,0,2.0,2.0,2.0,0.0,0.0,-2.28
Paraguay,Gastón Olveira,GK,33.1478,1.0,90.0,90.0,33.3,1.0,1,90.0,1,0,,2,3.0,1.0,0.0,1.0,1.0,-0.5
Paraguay,Alan Benítez,DF,32.3833,1.0,89.0,89.0,33.0,1.0,1,89.0,0,0,,1,3.0,1.0,0.0,1.0,1.01,-0.48
Paraguay,Lucas Romero,MF,23.7912,1.0,78.0,78.0,28.9,0.9,1,78.0,0,0,,1,3.0,1.0,0.0,1.0,1.15,-0.25
Paraguay,Andrés Cubas,MF,30.063,1.0,45.0,45.0,16.7,0.5,1,45.0,0,0,,0,3.0,2.0,0.0,2.0,4.0,3.2
Paraguay,Gatito Fernández,GK,38.2108,1.0,45.0,45.0,16.7,0.5,1,45.0,0,0,,2,3.0,2.0,0.0,2.0,4.0,3.2
Paraguay,Kaku,MF,31.4216,1.0,45.0,45.0,16.7,0.5,1,45.0,0,0,,0,3.0,2.0,0.0,2.0,4.0,3.2
Paraguay,Mauricio,MF,25.063,3.0,131.0,44.0,48.5,1.5,0,,0,3,44.0,0,2.0,4.0,0.0,4.0,2.75,2.75
Paraguay,José Canale,DF,29.9008,2.0,75.0,38.0,27.8,0.8,0,,0,2,38.0,1,3.0,2.0,0.0,2.0,2.4,1.48
Paraguay,Matías Galarza,MF,24.3368,2.0,75.0,38.0,27.8,0.8,0,,0,2,38.0,1,3.0,2.0,0.0,2.0,2.4,1.48
Paraguay,Ramón Sosa,"FW,MF",26.7858,2.0,67.0,34.0,24.8,0.7,0,,0,2,34.0,1,3.0,2.0,0.0,2.0,2.69,1.8
Paraguay,Álex Arce,FW,30.9938,2.0,57.0,29.0,21.1,0.6,0,,0,2,29.0,1,3.0,2.0,0.0,2.0,3.16,2.31
Paraguay,Alexandro Maidana,DF,20.8843,2.0,57.0,29.0,21.1,0.6,0,,0,2,29.0,1,3.0,2.0,0.0,2.0,3.16,2.31
Paraguay,Gustavo Velásquez,DF,35.1588,2.0,46.0,23.0,17.0,0.5,0,,0,2,23.0,0,2.0,3.0,2.0,1.0,1.96,0.75
Paraguay,Fabián Balbuena,DF,34.8077,1.0,45.0,45.0,16.7,0.5,0,,0,1,45.0,2,3.0,2.0,0.0,2.0,4.0,3.2
Paraguay,Gustavo Caballero,"FW,MF",24.7283,2.0,32.0,16.0,11.9,0.4,0,,0,2,16.0,1,1.5,1.0,0.0,1.0,2.81,1.68
Paraguay,Isidro Pitta,FW,26.8323,0.0,,,,,0,,0,0,,1,,,,,,
Paraguay,Gustavo Gómez,DF,32.0,15.0,"1,350",90.0,83.3,15.0,15,90.0,15,0,,0,1.4,10.0,8.0,2.0,0.13,-0.53
Paraguay,Miguel Almirón,"MF,FW",31.0,15.0,"1,280",85.0,79.0,14.2,15,85.0,4,0,,0,1.6,12.0,8.0,4.0,0.28,0.28
Paraguay,Omar Alderete,DF,29.0,14.0,"1,208",86.0,74.6,13.4,14,86.0,13,0,,3,1.86,12.0,6.0,6.0,0.45,0.88
Paraguay,Andrés Cubas,MF,29.0,13.0,"1,123",86.0,69.3,12.5,13,86.0,10,0,,0,1.38,9.0,7.0,2.0,0.16,-0.2
Paraguay,Júnior Alonso,DF,32.0,12.0,"1,060",88.0,65.4,11.8,12,88.0,10,0,,4,1.58,12.0,9.0,3.0,0.25,0.09
Paraguay,Diego Gómez,MF,22.0,13.0,877,67.0,54.1,9.7,12,71.0,1,1,25.0,0,1.62,9.0,8.0,1.0,0.1,-0.26
Paraguay,Gatito Fernández,GK,37.0,11.0,990,90.0,61.1,11.0,11,90.0,11,0,,1,1.82,12.0,7.0,5.0,0.45,0.6
Paraguay,Juan Cáceres,"DF,MF",25.0,12.0,924,77.0,57.0,10.3,10,86.0,9,2,35.0,1,1.67,10.0,7.0,3.0,0.29,0.16
Paraguay,Ramón Sosa,"MF,FW",26.0,17.0,852,50.0,52.6,9.5,9,77.0,4,8,19.0,1,1.65,4.0,4.0,0.0,0.0,-0.47
Paraguay,Julio Enciso,"MF,FW",22.0,10.0,792,79.0,48.9,8.8,9,83.0,2,1,45.0,0,1.9,12.0,6.0,6.0,0.68,0.9
Paraguay,Mathías Villasanti,MF,29.0,15.0,739,49.0,45.6,8.2,8,79.0,4,7,15.0,0,1.6,4.0,5.0,-1.0,-0.12,-0.63
Paraguay,Fabián Balbuena,DF,34.0,9.0,731,81.0,45.1,8.1,8,90.0,8,1,11.0,7,1.44,6.0,6.0,0.0,0.0,-0.4
Paraguay,Antonio Sanabria,"FW,MF",29.0,13.0,670,52.0,41.4,7.4,8,66.0,0,5,29.0,3,1.69,9.0,4.0,5.0,0.67,0.77
Paraguay,Carlos Coronel,GK,29.0,6.0,540,90.0,33.3,6.0,6,90.0,6,0,,11,0.83,1.0,3.0,-2.0,-0.33,-0.83
Paraguay,Damián Bobadilla,MF,24.0,9.0,509,57.0,31.4,5.7,6,77.0,2,3,16.0,4,2.0,4.0,1.0,3.0,0.53,0.45
Paraguay,Gabriel Ávalos,FW,35.0,11.0,411,37.0,25.4,4.6,4,70.0,0,7,19.0,1,1.36,5.0,2.0,3.0,0.66,0.58
Paraguay,Matías Espinoza,"DF,MF",28.0,4.0,360,90.0,22.2,4.0,4,90.0,4,0,,0,1.0,1.0,2.0,-1.0,-0.25,-0.61
Paraguay,Matías Galarza,MF,23.0,7.0,357,51.0,22.0,4.0,3,77.0,1,4,32.0,4,1.86,7.0,4.0,3.0,0.76,0.69
Paraguay,Gustavo Velásquez,DF,34.0,5.0,344,69.0,21.2,3.8,3,82.0,2,2,49.0,7,2.2,3.0,1.0,2.0,0.52,0.38
Paraguay,Robert Rojas,DF,29.0,5.0,259,52.0,16.0,2.9,3,63.0,0,2,35.0,0,1.0,1.0,0.0,1.0,0.35,0.15
Paraguay,Agustín Sández,"DF,MF",25.0,4.0,222,56.0,13.7,2.5,3,72.0,1,1,5.0,5,1.25,1.0,1.0,0.0,0.0,-0.26
Paraguay,Isidro Pitta,FW,26.0,5.0,214,43.0,13.2,2.4,3,57.0,0,2,22.0,4,2.2,1.0,1.0,0.0,0.0,-0.26
Paraguay,Adam Bareiro,FW,29.0,3.0,208,69.0,12.8,2.3,3,69.0,0,0,,1,1.0,0.0,2.0,-2.0,-0.87,-1.25
Paraguay,Álex Arce,FW,30.0,5.0,190,38.0,11.7,2.1,2,65.0,0,3,20.0,3,1.4,0.0,1.0,-1.0,-0.47,-0.79
Paraguay,Álvaro Campuzano,MF,30.0,3.0,166,55.0,10.2,1.8,2,80.0,1,1,6.0,2,1.33,1.0,1.0,0.0,0.0,-0.25
Paraguay,Matías Rojas,MF,30.0,3.0,132,44.0,8.1,1.5,2,65.0,0,1,3.0,3,0.67,0.0,1.0,-1.0,-0.68,-0.98
Paraguay,Ronaldo Martínez,FW,29.0,2.0,105,53.0,6.5,1.2,2,53.0,0,0,,0,2.0,0.0,0.0,0.0,0.0,-0.24
Paraguay,Kaku,MF,31.0,12.0,214,18.0,13.2,2.4,1,60.0,0,11,14.0,6,1.67,3.0,2.0,1.0,0.42,0.23
Paraguay,Ángel Romero,MF,33.0,7.0,143,20.0,8.8,1.6,1,45.0,0,6,16.0,2,2.29,2.0,0.0,2.0,1.26,1.14
Paraguay,Richard Sánchez,MF,29.0,2.0,135,68.0,8.3,1.5,1,90.0,1,1,45.0,2,0.0,0.0,2.0,-2.0,-1.33,-1.7
Paraguay,Blas Riveros,DF,27.0,2.0,96,48.0,5.9,1.1,1,90.0,1,1,6.0,3,2.0,0.0,0.0,0.0,0.0,-0.24
Paraguay,Orlando Gill,GK,25.0,1.0,90,90.0,5.6,1.0,1,90.0,1,0,,3,3.0,1.0,0.0,1.0,1.0,0.82
Paraguay,Alberto Espínola,DF,34.0,1.0,66,66.0,4.1,0.7,1,66.0,0,0,,0,3.0,0.0,0.0,0.0,0.0,-0.23
Paraguay,Richard Ortiz,MF,35.0,1.0,45,45.0,2.8,0.5,1,45.0,0,0,,1,0.0,0.0,0.0,0.0,0.0,-0.23
Paraguay,Iván Ramírez,MF,31.0,1.0,45,45.0,2.8,0.5,1,45.0,0,0,,1,0.0,0.0,1.0,-1.0,-2.0,-2.29
Paraguay,Hernesto Caballero,MF,34.0,2.0,73,37.0,4.5,0.8,0,,0,2,37.0,0,0.5,0.0,0.0,0.0,0.0,-0.23
Paraguay,Héctor Villalba,"FW,MF",31.0,2.0,61,31.0,3.8,0.7,0,,0,2,31.0,0,1.5,1.0,0.0,1.0,1.48,1.3
Paraguay,Carlos González Espínola,FW,32.0,2.0,45,23.0,2.8,0.5,0,,0,2,23.0,0,0.5,0.0,1.0,-1.0,-2.0,-2.29
Paraguay,Ivan Leguizamon,"FW,MF",23.0,1.0,45,45.0,2.8,0.5,0,,0,1,45.0,0,0.0,0.0,0.0,0.0,0.0,-0.23
Paraguay,Braian Ojeda,MF,25.0,2.0,37,19.0,2.3,0.4,0,,0,2,19.0,3,1.5,1.0,0.0,1.0,2.43,2.26
Paraguay,Iván Piris,DF,36.0,2.0,33,17.0,2.0,0.4,0,,0,2,17.0,0,0.5,0.0,1.0,-1.0,-2.73,-3.01
Paraguay,Wilder Viera,MF,23.0,1.0,9,9.0,0.6,0.1,0,,0,1,9.0,0,1.0,0.0,0.0,0.0,0.0,-0.22
Paraguay,Santiago Arzamendia,DF,27.0,1.0,8,8.0,0.5,0.1,0,,0,1,8.0,2,1.0,0.0,0.0,0.0,0.0,-0.22
Paraguay,Óscar Cardozo,FW,42.0,1.0,6,6.0,0.4,0.1,0,,0,1,6.0,1,0.0,0.0,0.0,0.0,0.0,-0.22
Paraguay,Hugo Cuenca,MF,21.0,1.0,5,5.0,0.3,0.1,0,,0,1,5.0,2,3.0,0.0,0.0,0.0,0.0,-0.22
Paraguay,Alfio Oviedo,FW,30.0,1.0,4,4.0,0.2,0.0,0,,0,1,4.0,1,1.0,1.0,0.0,1.0,22.5,22.33
Paraguay,Adrián Alcaraz,FW,26.0,0.0,,,,,0,,0,0,,1,,,,,,
Paraguay,Ronaldo Dejesús,DF,24.0,0.0,,,,,0,,0,0,,2,,,,,,
Paraguay,Alexis Duarte,DF,25.0,0.0,,,,,0,,0,0,,2,,,,,,
Paraguay,Juan Espínola,GK,31.0,0.0,,,,,0,,0,0,,15,,,,,,
Paraguay,Mateo Gamarra,DF,25.0,0.0,,,,,0,,0,0,,1,,,,,,
Paraguay,Gastón Giménez,MF,34.0,0.0,,,,,0,,0,0,,2,,,,,,
Paraguay,Rubén Lezcano,MF,21.0,0.0,,,,,0,,0,0,,2,,,,,,
Paraguay,Jesús Medina,"FW,MF",28.0,0.0,,,,,0,,0,0,,1,,,,,,
Paraguay,Robert Morales,FW,26.0,0.0,,,,,0,,0,0,,2,,,,,,
Paraguay,César Olmedo,DF,22.0,0.0,,,,,0,,0,0,,1,,,,,,
Paraguay,Santiago Rojas,GK,29.0,0.0,,,,,0,,0,0,,6,,,,,,
Paraguay,Lucas Romero,MF,23.0,0.0,,,,,0,,0,0,,1,,,,,,
Paraguay,Saúl Salcedo,DF,28.0,0.0,,,,,0,,0,0,,2,,,,,,
Paraguay,Gustavo Gómez,DF,33.1068,19.0,"1,665",88.0,84.1,18.5,19,88.0,18,0,,0,1.42,15.0,14.0,1.0,0.05,-1.09
Paraguay,Miguel Almirón,MF,32.3395,19.0,"1,539",81.0,77.7,17.1,19,81.0,4,0,,0,1.58,16.0,13.0,3.0,0.18,-0.23
Paraguay,Omar Alderete,DF,29.4654,18.0,"1,493",83.0,75.4,16.6,18,83.0,15,0,,3,1.78,17.0,12.0,5.0,0.3,0.3
Paraguay,Júnior Alonso,DF,33.3422,16.0,"1,375",86.0,69.4,15.3,16,86.0,13,0,,4,1.56,17.0,15.0,2.0,0.13,-0.32
Paraguay,Andrés Cubas,MF,30.063,15.0,"1,258",84.0,63.5,14.0,15,84.0,11,0,,0,1.4,12.0,11.0,1.0,0.07,-0.43
Paraguay,Diego Gómez,MF,23.2163,17.0,"1,151",68.0,58.1,12.8,16,70.0,2,1,25.0,0,1.59,14.0,13.0,1.0,0.08,-0.36
Paraguay,Juan Cáceres,DF,26.0356,15.0,"1,137",76.0,57.4,12.6,13,82.0,10,2,35.0,2,1.54,14.0,12.0,2.0,0.16,-0.16
Paraguay,Julio Enciso,FW,22.3888,14.0,"1,064",76.0,53.7,11.8,13,78.0,4,1,45.0,0,1.79,16.0,12.0,4.0,0.34,0.24
Paraguay,Gatito Fernández,GK,38.2108,12.0,"1,035",86.0,52.3,11.5,12,86.0,11,0,,4,1.92,14.0,7.0,7.0,0.61,0.5
Paraguay,Ramón Sosa,"FW,MF",26.7858,20.0,931,47.0,47.0,10.3,9,77.0,4,11,21.0,2,1.7,6.0,5.0,1.0,0.1,-0.25
Paraguay,Antonio Sanabria,FW,30.2793,17.0,876,52.0,44.2,9.7,11,64.0,0,6,28.0,3,1.65,13.0,7.0,6.0,0.62,0.7
Paraguay,Fabián Balbuena,DF,34.8077,10.0,776,78.0,39.2,8.6,8,90.0,8,2,28.0,10,1.6,8.0,6.0,2.0,0.23,-0.25
Paraguay,Mathías Villasanti,MF,29.386,15.0,739,49.0,45.6,8.2,8,79.0,4,7,15.0,0,1.6,4.0,5.0,-1.0,-0.12,-0.63
Paraguay,Damián Bobadilla,MF,24.9254,12.0,704,59.0,35.6,7.8,9,73.0,3,3,16.0,5,1.75,6.0,6.0,0.0,0.0,-0.35
Paraguay,Carlos Coronel,GK,29.4572,6.0,540,90.0,33.3,6.0,6,90.0,6,0,,11,0.83,1.0,3.0,-2.0,-0.33,-0.83
Paraguay,Gabriel Ávalos,FW,35.6708,13.0,524,40.0,26.5,5.8,5,70.0,0,8,22.0,3,1.38,7.0,4.0,3.0,0.52,0.19
Paraguay,Matías Galarza,MF,24.3368,9.0,432,48.0,21.8,4.8,3,77.0,1,6,34.0,6,2.11,9.0,4.0,5.0,1.04,0.86
Paraguay,Gustavo Velásquez,DF,35.1588,8.0,402,50.0,20.3,4.5,3,82.0,2,5,31.0,7,1.88,6.0,4.0,2.0,0.45,0.28
Paraguay,Matías Espinoza,"DF,MF",28.8186,4.0,360,90.0,22.2,4.0,4,90.0,4,0,,0,1.0,1.0,2.0,-1.0,-0.25,-0.61
Paraguay,Orlando Gill,GK,26.0082,4.0,315,79.0,15.9,3.5,3,90.0,3,1,45.0,4,1.5,5.0,6.0,-1.0,-0.29,-0.61
Paraguay,Álex Arce,FW,30.9938,8.0,276,35.0,13.9,3.1,2,65.0,0,6,24.0,4,1.63,3.0,2.0,1.0,0.33,0.11
Paraguay,Kaku,MF,31.4216,14.0,270,19.0,13.6,3.0,2,53.0,0,12,14.0,6,1.65,5.0,3.0,2.0,0.67,0.51
Paraguay,Robert Rojas,DF,30.1232,5.0,259,52.0,16.0,2.9,3,63.0,0,2,35.0,0,1.0,1.0,0.0,1.0,0.35,0.15
Paraguay,Agustín Sández,"DF,MF",25.4079,4.0,222,56.0,13.7,2.5,3,72.0,1,1,5.0,5,1.25,1.0,1.0,0.0,0.0,-0.26
Paraguay,Isidro Pitta,FW,26.8323,5.0,214,43.0,10.8,2.4,3,57.0,0,2,22.0,6,2.2,1.0,1.0,0.0,0.0,-0.26
Paraguay,Adam Bareiro,FW,29.8843,3.0,208,69.0,12.8,2.3,3,69.0,0,0,,1,1.0,0.0,2.0,-2.0,-0.87,-1.25
Paraguay,Mauricio,MF,25.063,4.0,176,44.0,48.9,2.0,0,,0,4,44.0,0,1.5,5.0,1.0,4.0,2.05,3.51
Paraguay,Álvaro Campuzano,MF,31.0055,3.0,166,55.0,10.2,1.8,2,80.0,1,1,6.0,2,1.33,1.0,1.0,0.0,0.0,-0.25
Paraguay,Braian Ojeda,MF,25.9637,5.0,149,30.0,7.5,1.7,1,55.0,0,4,24.0,4,1.8,3.0,2.0,1.0,0.6,0.24
Paraguay,Ángel Romero,MF,33.9446,7.0,143,20.0,8.8,1.6,1,45.0,0,6,16.0,2,2.29,2.0,0.0,2.0,1.26,1.14
Paraguay,Richard Sánchez,MF,30.2108,2.0,135,68.0,8.3,1.5,1,90.0,1,1,45.0,2,0.0,0.0,2.0,-2.0,-1.33,-1.7
Paraguay,Matías Rojas,MF,30.6105,3.0,132,44.0,8.1,1.5,2,65.0,0,1,3.0,3,0.67,0.0,1.0,-1.0,-0.68,-0.98
Paraguay,Ronaldo Martínez,FW,30.1369,2.0,105,53.0,6.5,1.2,2,53.0,0,0,,0,2.0,0.0,0.0,0.0,0.0,-0.24
Paraguay,Blas Riveros,DF,28.3587,2.0,96,48.0,5.9,1.1,1,90.0,1,1,6.0,3,2.0,0.0,0.0,0.0,0.0,-0.24
Paraguay,Gastón Olveira,GK,33.1478,1.0,90,90.0,25.0,1.0,1,90.0,1,0,,3,3.0,1.0,0.0,1.0,1.0,-0.5
Paraguay,Alan Benítez,DF,32.3833,1.0,89,89.0,33.0,1.0,1,89.0,0,0,,1,3.0,1.0,0.0,1.0,1.01,-0.48
Paraguay,Lucas Romero,MF,23.7912,1.0,78,78.0,4.1,0.9,1,78.0,0,0,,2,3.0,1.0,0.0,1.0,1.15,-0.25
Paraguay,José Canale,DF,29.9008,2.0,75,38.0,20.8,0.8,0,,0,2,38.0,2,3.0,2.0,0.0,2.0,2.4,1.48
Paraguay,Hernesto Caballero,MF,35.1807,2.0,73,37.0,4.5,0.8,0,,0,2,37.0,0,0.5,0.0,0.0,0.0,0.0,-0.23
Paraguay,Alberto Espínola,DF,35.345,1.0,66,66.0,4.1,0.7,1,66.0,0,0,,0,3.0,0.0,0.0,0.0,0.0,-0.23
Paraguay,Héctor Villalba,"FW,MF",31.8843,2.0,61,31.0,3.8,0.7,0,,0,2,31.0,0,1.5,1.0,0.0,1.0,1.48,1.3
Paraguay,Alexandro Maidana,DF,20.8843,2.0,57,29.0,15.8,0.6,0,,0,2,29.0,2,3.0,2.0,0.0,2.0,3.16,2.31
Paraguay,Carlos González Espínola,FW,33.3559,2.0,45,23.0,2.8,0.5,0,,0,2,23.0,0,0.5,0.0,1.0,-1.0,-2.0,-2.29
Paraguay,Richard Ortiz,MF,36.063,1.0,45,45.0,2.8,0.5,1,45.0,0,0,,1,0.0,0.0,0.0,0.0,0.0,-0.23
Paraguay,Iván Ramírez,MF,31.5147,1.0,45,45.0,2.8,0.5,1,45.0,0,0,,1,0.0,0.0,1.0,-1.0,-2.0,-2.29
Paraguay,Ivan Leguizamon,"FW,MF",23.9473,1.0,45,45.0,2.8,0.5,0,,0,1,45.0,0,0.0,0.0,0.0,0.0,0.0,-0.23
Paraguay,Iván Piris,DF,37.2628,2.0,33,17.0,2.0,0.4,0,,0,2,17.0,0,0.5,0.0,1.0,-1.0,-2.73,-3.01
Paraguay,Gustavo Caballero,"FW,MF",24.7283,2.0,32,16.0,8.9,0.4,0,,0,2,16.0,2,1.5,1.0,0.0,1.0,2.81,1.68
Paraguay,Wilder Viera,MF,24.2793,1.0,9,9.0,0.6,0.1,0,,0,1,9.0,0,1.0,0.0,0.0,0.0,0.0,-0.22
Paraguay,Santiago Arzamendia,DF,28.1095,1.0,8,8.0,0.5,0.1,0,,0,1,8.0,2,1.0,0.0,0.0,0.0,0.0,-0.22
Paraguay,Óscar Cardozo,FW,43.0684,1.0,6,6.0,0.4,0.1,0,,0,1,6.0,1,0.0,0.0,0.0,0.0,0.0,-0.22
Paraguay,Hugo Cuenca,MF,21.4298,1.0,5,5.0,0.3,0.1,0,,0,1,5.0,2,3.0,0.0,0.0,0.0,0.0,-0.22
Paraguay,Alfio Oviedo,FW,30.4873,1.0,4,4.0,0.2,0.0,0,,0,1,4.0,1,1.0,1.0,0.0,1.0,22.5,22.33
Paraguay,Robert Morales,FW,27.2437,0.0,,,,,0,,0,0,,2,,,,,,
Paraguay,Alexis Duarte,DF,26.2574,0.0,,,,,0,,0,0,,2,,,,,,
Paraguay,Mateo Gamarra,DF,25.6489,0.0,,,,,0,,0,0,,1,,,,,,
Paraguay,Jesús Medina,"FW,MF",29.1232,0.0,,,,,0,,0,0,,1,,,,,,
Paraguay,Ronaldo Dejesús,DF,25.1478,0.0,,,,,0,,0,0,,2,,,,,,
Paraguay,Adrián Alcaraz,FW,26.7091,0.0,,,,,0,,0,0,,1,,,,,,
Paraguay,Rubén Lezcano,MF,22.3422,0.0,,,,,0,,0,0,,2,,,,,,
Paraguay,César Olmedo,DF,23.2902,0.0,,,,,0,,0,0,,1,,,,,,
Paraguay,Santiago Rojas,GK,30.1916,0.0,,,,,0,,0,0,,6,,,,,,
Paraguay,Gastón Giménez,MF,34.8816,0.0,,,,,0,,0,0,,2,,,,,,
Paraguay,Saúl Salcedo,DF,28.7912,0.0,,,,,0,,0,0,,2,,,,,,
Paraguay,Juan Espínola,GK,31.6133,0.0,,,,,0,,0,0,,15,,,,,,
Portugal,Bruno Fernandes,MF,31.7639,,299.0,75.0,83.1,3.3,4,75.0,1,0,,0,2.5,5.0,2.0,3.0,0.9,-0.57
Portugal,Samu Costa,MF,25.5448,,180.0,45.0,50.0,2.0,3,45.0,0,1,45.0,0,2.5,2.0,0.0,2.0,1.0,0.0
Portugal,João Cancelo,DF,32.0493,,225.0,56.0,62.5,2.5,2,68.0,1,2,45.0,0,2.5,4.0,1.0,3.0,1.2,0.53
Portugal,Francisco Conceição,MF,23.4983,,210.0,53.0,58.3,2.3,2,60.0,0,2,45.0,0,2.5,4.0,0.0,4.0,1.71,1.71
Portugal,Renato Veiga,DF,22.8761,,201.0,50.0,55.8,2.2,2,68.0,1,2,33.0,0,2.5,1.0,0.0,1.0,0.45,-1.25
Portugal,Diogo Dalot,DF,27.2409,,180.0,45.0,50.0,2.0,2,45.0,0,2,45.0,0,2.5,4.0,2.0,2.0,1.0,0.0
Portugal,Pedro Neto,MF,26.2656,,180.0,45.0,50.0,2.0,2,45.0,0,2,45.0,0,2.5,4.0,2.0,2.0,1.0,0.0
Portugal,Gonçalo Inácio,DF,24.8022,,159.0,53.0,44.2,1.8,2,57.0,0,1,45.0,1,3.0,5.0,2.0,3.0,1.7,1.25
Portugal,Gonçalo Ramos,FW,24.9829,,150.0,50.0,41.7,1.7,2,62.0,0,1,27.0,1,2.33,3.0,0.0,3.0,1.8,1.37
Portugal,Vitinha,MF,26.3313,,135.0,45.0,37.5,1.5,2,45.0,0,1,45.0,1,2.33,2.0,1.0,1.0,0.67,-0.53
Portugal,Rúben Dias,DF,29.0849,,131.0,66.0,36.4,1.5,2,66.0,0,0,,0,3.0,3.0,1.0,2.0,1.37,0.59
Portugal,José Sá,GK,33.4052,,129.0,65.0,35.8,1.4,2,65.0,0,0,,2,3.0,2.0,0.0,2.0,1.4,0.62
Portugal,Cristiano Ronaldo,FW,41.3532,,108.0,54.0,30.0,1.2,2,54.0,0,0,,0,3.0,1.0,1.0,0.0,0.0,-1.43
Portugal,Francisco Trincão,MF,26.4572,,100.0,33.0,27.8,1.1,2,45.0,0,1,10.0,1,2.33,2.0,1.0,1.0,0.9,-0.14
Portugal,Nélson Semedo,DF,32.5749,,90.0,45.0,25.0,1.0,2,45.0,0,0,,0,3.0,1.0,1.0,0.0,0.0,-1.33
Portugal,Rúben Neves,MF,29.2546,,180.0,45.0,50.0,2.0,1,45.0,0,3,45.0,0,2.5,4.0,1.0,3.0,1.5,1.0
Portugal,João Félix,MF,26.5914,,150.0,38.0,41.7,1.7,1,45.0,0,3,35.0,0,2.5,2.0,1.0,1.0,0.6,-0.69
Portugal,Tomás Araújo,DF,24.0794,,139.0,35.0,38.6,1.5,1,45.0,0,3,31.0,0,2.5,2.0,1.0,1.0,0.65,-0.57
Portugal,Rui Silva,GK,32.3477,,135.0,68.0,37.5,1.5,1,90.0,1,1,45.0,2,2.0,2.0,1.0,1.0,0.67,-0.53
Portugal,Nuno Mendes,DF,23.9856,,124.0,41.0,34.4,1.4,1,45.0,0,2,40.0,1,2.33,2.0,0.0,2.0,1.45,0.69
Portugal,Matheus Nunes,DF,27.7967,,101.0,34.0,28.1,1.1,1,45.0,0,2,28.0,0,2.33,1.0,0.0,1.0,0.89,-0.15
Portugal,Diogo Costa,GK,26.7337,,90.0,90.0,25.0,1.0,1,90.0,1,0,,1,3.0,2.0,1.0,1.0,1.0,0.0
Portugal,João Neves,MF,21.7118,,90.0,45.0,25.0,1.0,1,45.0,0,1,45.0,2,2.0,1.0,1.0,0.0,0.0,-1.33
Portugal,António Silva,DF,22.6215,,90.0,45.0,25.0,1.0,1,45.0,0,1,45.0,0,2.0,1.0,0.0,1.0,1.0,0.0
Portugal,Bernardo Silva,MF,31.8433,,90.0,45.0,25.0,1.0,1,45.0,0,1,45.0,0,3.0,1.0,0.0,1.0,1.0,0.0
Portugal,Rafael Leão,MF,27.011,,44.0,44.0,12.2,0.5,1,44.0,0,0,,0,3.0,0.0,0.0,0.0,0.0,-1.14
Portugal,Gonçalo Guedes,"FW,MF",29.5394,,90.0,45.0,25.0,1.0,0,,0,2,45.0,2,2.0,2.0,1.0,1.0,1.0,0.0
Portugal,Paulinho,FW,33.5941,,57.0,29.0,15.8,0.6,0,,0,2,29.0,0,2.0,0.0,0.0,0.0,0.0,-1.19
Portugal,Ricardo Horta,"FW,MF",31.7447,,45.0,45.0,12.5,0.5,0,,0,1,45.0,1,3.0,1.0,0.0,1.0,2.0,1.14
Portugal,Mateus Fernandes,MF,21.9281,,6.0,6.0,1.7,0.1,0,,0,1,6.0,1,3.0,0.0,0.0,0.0,0.0,-1.02
Portugal,Ricardo Velho,GK,27.8159,,6.0,6.0,1.7,0.1,0,,0,1,6.0,3,3.0,0.0,0.0,0.0,0.0,-1.02
Portugal,Pedro Gonçalves,"FW,MF",27.961,,,,,,0,,0,0,,2,,,,,,
Portugal,Diogo Costa,GK,26.0,,540.0,90.0,100.0,6.0,6,90.0,6,0,,0,2.17,20.0,7.0,13.0,2.17,
Portugal,Rúben Dias,DF,28.0,,522.0,87.0,96.7,5.8,6,87.0,5,0,,0,2.17,18.0,7.0,11.0,1.9,-8.1
Portugal,Vitinha,"MF,FW",25.0,,482.0,80.0,89.3,5.4,6,80.0,3,0,,0,2.17,16.0,7.0,9.0,1.68,-4.53
Portugal,Bruno Fernandes,MF,31.0,,391.0,78.0,72.4,4.3,5,78.0,2,0,,0,2.6,18.0,3.0,15.0,3.45,4.66
Portugal,Bernardo Silva,"MF,FW",31.0,,387.0,77.0,71.7,4.3,5,77.0,3,0,,1,2.0,12.0,7.0,5.0,1.16,-3.54
Portugal,Cristiano Ronaldo,FW,40.0,,367.0,73.0,68.0,4.1,5,73.0,1,0,,0,2.0,10.0,5.0,5.0,1.23,-2.94
Portugal,Rúben Neves,MF,28.0,,349.0,70.0,64.6,3.9,4,83.0,3,1,18.0,1,2.0,8.0,5.0,3.0,0.77,-3.94
Portugal,João Neves,"MF,DF",21.0,,335.0,84.0,62.0,3.7,4,84.0,2,0,,0,2.25,16.0,4.0,12.0,3.22,2.78
Portugal,Nuno Mendes,DF,23.0,,322.0,81.0,59.6,3.6,4,81.0,2,0,,0,2.5,11.0,3.0,8.0,2.24,0.17
Portugal,João Cancelo,DF,31.0,,285.0,71.0,52.8,3.2,4,71.0,1,0,,0,2.25,15.0,5.0,10.0,3.16,2.1
Portugal,Pedro Neto,MF,25.0,,244.0,61.0,45.2,2.7,4,61.0,0,0,,0,2.5,8.0,2.0,6.0,2.21,0.08
Portugal,Gonçalo Inácio,DF,24.0,,180.0,60.0,33.3,2.0,3,60.0,1,0,,2,2.0,5.0,2.0,3.0,1.5,-1.0
Portugal,Renato Veiga,DF,22.0,,270.0,68.0,50.0,3.0,2,90.0,2,2,45.0,2,1.75,12.0,3.0,9.0,3.0,1.67
Portugal,Nélson Semedo,DF,32.0,,255.0,64.0,47.2,2.8,2,90.0,2,2,38.0,0,1.75,12.0,3.0,9.0,3.18,1.91
Portugal,João Félix,FW,26.0,,192.0,38.0,35.6,2.1,2,64.0,0,3,22.0,0,2.0,9.0,4.0,5.0,2.34,0.27
Portugal,Diogo Dalot,DF,26.0,,151.0,76.0,28.0,1.7,2,76.0,1,0,,2,1.5,0.0,2.0,-2.0,-1.19,-4.66
Portugal,Gonçalo Ramos,FW,24.0,,159.0,27.0,29.4,1.8,1,90.0,1,5,14.0,0,2.17,11.0,2.0,9.0,5.09,4.15
Portugal,Rafael Leão,MF,26.0,,113.0,38.0,20.9,1.3,1,55.0,0,2,29.0,0,2.0,7.0,1.0,6.0,4.78,3.3
Portugal,Francisco Trincão,"FW,MF",26.0,,127.0,32.0,23.5,1.4,0,,0,4,32.0,2,2.25,3.0,1.0,2.0,1.42,-0.98
Portugal,Francisco Conceição,MF,23.0,,64.0,32.0,11.9,0.7,0,,0,2,32.0,3,2.0,3.0,1.0,2.0,2.81,0.73
Portugal,João Palhinha,MF,30.0,,53.0,18.0,9.8,0.6,0,,0,3,18.0,3,2.33,1.0,2.0,-1.0,-1.7,-4.29
Portugal,Nuno Tavares,"DF,MF",26.0,,38.0,19.0,7.0,0.4,0,,0,2,19.0,1,2.0,0.0,1.0,-1.0,-2.37,-4.88
Portugal,Carlos Forbs,"FW,MF",21.0,,35.0,35.0,6.5,0.4,0,,0,1,35.0,1,3.0,3.0,0.0,3.0,7.71,5.93
Portugal,Pedro Gonçalves,"FW,MF",27.0,,25.0,25.0,4.6,0.3,0,,0,1,25.0,3,3.0,0.0,0.0,0.0,0.0,-2.27
Portugal,Matheus Nunes,"DF,MF",27.0,,18.0,18.0,3.3,0.2,0,,0,1,18.0,3,3.0,2.0,0.0,2.0,10.0,8.1
Portugal,António Silva,DF,22.0,,4.0,4.0,0.7,0.0,0,,0,1,4.0,5,3.0,0.0,0.0,0.0,0.0,-2.18
Portugal,João Carvalho,GK,21.0,,,,,,0,,0,0,,1,,,,,,
Portugal,José Sá,GK,33.0,,,,,,0,,0,0,,5,,,,,,
Portugal,Rui Silva,GK,31.0,,,,,,0,,0,0,,6,,,,,,
Portugal,Bruno Fernandes,MF,31.7639,,690.0,77.0,76.7,7.7,9,77.0,3,0,,0,2.56,23.0,5.0,18.0,2.35,2.78
Portugal,Rúben Dias,DF,29.0849,,653.0,82.0,72.6,7.3,8,82.0,5,0,,0,2.38,21.0,8.0,13.0,1.79,0.33
Portugal,Diogo Costa,GK,26.7337,,630.0,90.0,70.0,7.0,7,90.0,7,0,,1,2.29,22.0,8.0,14.0,2.0,1.0
Portugal,Vitinha,"MF,FW",26.3313,,617.0,69.0,68.6,6.9,8,72.0,3,1,45.0,1,2.22,18.0,8.0,10.0,1.46,-0.77
Portugal,Rúben Neves,MF,29.2546,,529.0,59.0,58.8,5.9,5,75.0,3,4,38.0,1,2.22,12.0,6.0,6.0,1.02,-1.65
Portugal,João Cancelo,DF,32.0493,,510.0,64.0,56.7,5.7,6,70.0,2,2,45.0,0,2.38,19.0,6.0,13.0,2.29,1.37
Portugal,Bernardo Silva,"MF,FW",31.8433,,477.0,68.0,53.0,5.3,6,72.0,3,1,45.0,1,2.29,13.0,7.0,6.0,1.13,-1.21
Portugal,Cristiano Ronaldo,FW,41.3532,,475.0,68.0,52.8,5.3,7,68.0,1,0,,0,2.29,11.0,6.0,5.0,0.95,-1.59
Portugal,Renato Veiga,DF,22.8761,,471.0,59.0,52.3,5.2,4,79.0,3,4,39.0,2,2.13,13.0,3.0,10.0,1.91,0.44
Portugal,Nuno Mendes,DF,23.9856,,446.0,64.0,49.6,5.0,5,73.0,2,2,40.0,1,2.43,13.0,3.0,10.0,2.02,0.63
Portugal,João Neves,"MF,DF",21.7118,,425.0,71.0,47.2,4.7,5,76.0,2,1,45.0,2,2.17,17.0,5.0,12.0,2.54,1.59
Portugal,Pedro Neto,MF,26.2656,,424.0,53.0,47.1,4.7,6,56.0,0,2,45.0,0,2.5,12.0,4.0,8.0,1.7,0.0
Portugal,Nélson Semedo,DF,32.5749,,345.0,58.0,38.3,3.8,4,68.0,2,2,38.0,0,2.17,13.0,4.0,9.0,2.35,1.05
Portugal,João Félix,FW,26.5914,,342.0,38.0,38.0,3.8,3,57.0,0,6,28.0,0,2.22,11.0,5.0,6.0,1.58,-0.2
Portugal,Gonçalo Inácio,DF,24.8022,,339.0,57.0,37.7,3.8,5,59.0,1,1,45.0,3,2.5,10.0,4.0,6.0,1.59,-0.17
Portugal,Diogo Dalot,DF,27.2409,,331.0,55.0,36.8,3.7,4,60.0,1,2,45.0,2,2.17,4.0,4.0,0.0,0.0,-2.69
Portugal,Gonçalo Ramos,FW,24.9829,,309.0,34.0,34.3,3.4,3,71.0,1,6,16.0,1,2.22,14.0,2.0,12.0,3.5,2.73
Portugal,Francisco Conceição,MF,23.4983,,274.0,46.0,30.4,3.0,2,60.0,0,4,39.0,3,2.33,7.0,1.0,6.0,1.97,0.39
Portugal,Francisco Trincão,"FW,MF",26.4572,,227.0,32.0,25.2,2.5,2,45.0,0,5,27.0,3,2.28,5.0,2.0,3.0,1.19,-0.68
Portugal,Samu Costa,MF,25.5448,,180.0,45.0,50.0,2.0,3,45.0,0,1,45.0,0,2.5,2.0,0.0,2.0,1.0,0.0
Portugal,Rafael Leão,MF,27.011,,157.0,39.0,17.4,1.7,2,50.0,0,2,29.0,0,2.25,7.0,1.0,6.0,3.44,2.11
Portugal,Tomás Araújo,DF,24.0794,,139.0,35.0,38.6,1.5,1,45.0,0,3,31.0,0,2.5,2.0,1.0,1.0,0.65,-0.57
Portugal,Rui Silva,GK,32.3477,,135.0,68.0,15.0,1.5,1,90.0,1,1,45.0,8,2.0,2.0,1.0,1.0,0.67,-0.53
Portugal,José Sá,GK,33.4052,,129.0,65.0,14.3,1.4,2,65.0,0,0,,7,3.0,2.0,0.0,2.0,1.4,0.62
Portugal,Matheus Nunes,"DF,MF",27.7967,,119.0,30.0,13.2,1.3,1,45.0,0,3,25.0,3,2.5,3.0,0.0,3.0,2.27,0.66
Portugal,António Silva,DF,22.6215,,94.0,31.0,10.4,1.0,1,45.0,0,2,25.0,5,2.33,1.0,0.0,1.0,0.96,-0.83
Portugal,Gonçalo Guedes,"FW,MF",29.5394,,90.0,45.0,25.0,1.0,0,,0,2,45.0,2,2.0,2.0,1.0,1.0,1.0,0.0
Portugal,Paulinho,FW,33.5941,,57.0,29.0,15.8,0.6,0,,0,2,29.0,0,2.0,0.0,0.0,0.0,0.0,-1.19
Portugal,João Palhinha,MF,30.9309,,53.0,18.0,9.8,0.6,0,,0,3,18.0,3,2.33,1.0,2.0,-1.0,-1.7,-4.29
Portugal,Ricardo Horta,"FW,MF",31.7447,,45.0,45.0,12.5,0.5,0,,0,1,45.0,1,3.0,1.0,0.0,1.0,2.0,1.14
Portugal,Nuno Tavares,"DF,MF",26.3806,,38.0,19.0,7.0,0.4,0,,0,2,19.0,1,2.0,0.0,1.0,-1.0,-2.37,-4.88
Portugal,Carlos Forbs,"FW,MF",22.2382,,35.0,35.0,6.5,0.4,0,,0,1,35.0,1,3.0,3.0,0.0,3.0,7.71,5.93
Portugal,Pedro Gonçalves,"FW,MF",27.961,,25.0,25.0,2.8,0.3,0,,0,1,25.0,5,3.0,0.0,0.0,0.0,0.0,-2.27
Portugal,Ricardo Velho,GK,27.8159,,6.0,6.0,1.7,0.1,0,,0,1,6.0,3,3.0,0.0,0.0,0.0,0.0,-1.02
Portugal,Mateus Fernandes,MF,21.9281,,6.0,6.0,1.7,0.1,0,,0,1,6.0,1,3.0,0.0,0.0,0.0,0.0,-1.02
Portugal,João Carvalho,GK,22.1807,,,,,,0,,0,0,,1,,,,,,
Qatar,Mahmoud Abunada,GK,26.3532,,90.0,90.0,100.0,1.0,1,90.0,1,0,,0,1.0,1.0,1.0,0.0,0.0,
Qatar,Akram Afif,FW,29.5695,,90.0,90.0,100.0,1.0,1,90.0,1,0,,0,1.0,1.0,1.0,0.0,0.0,
Qatar,Homam Ahmed,DF,26.8022,,90.0,90.0,100.0,1.0,1,90.0,1,0,,0,1.0,1.0,1.0,0.0,0.0,
Qatar,Boualem Khoukhi,DF,35.9309,,90.0,90.0,100.0,1.0,1,90.0,1,0,,0,1.0,1.0,1.0,0.0,0.0,
Qatar,Issa Laye,MF,28.4764,,90.0,90.0,100.0,1.0,1,90.0,1,0,,0,1.0,1.0,1.0,0.0,0.0,
Qatar,Ró-Ró,DF,35.8542,,90.0,90.0,100.0,1.0,1,90.0,1,0,,0,1.0,1.0,1.0,0.0,0.0,
Qatar,Edmilson Junior,FW,31.8186,,87.0,87.0,96.7,1.0,1,87.0,0,0,,0,1.0,0.0,1.0,-1.0,-1.03,-31.03
Qatar,Assim Madibo,MF,29.6434,,78.0,78.0,86.7,0.9,1,78.0,0,0,,0,1.0,0.0,1.0,-1.0,-1.15,-8.65
Qatar,Yusuf Abdurisag,FW,26.8542,,59.0,59.0,65.6,0.7,1,59.0,0,0,,0,1.0,0.0,1.0,-1.0,-1.53,-4.43
Qatar,Jassem Gaber,MF,24.3121,,59.0,59.0,65.6,0.7,1,59.0,0,0,,0,1.0,0.0,1.0,-1.0,-1.53,-4.43
Qatar,Ayoub Al-Oui,DF,21.2601,,59.0,59.0,65.6,0.7,1,59.0,0,0,,0,1.0,0.0,1.0,-1.0,-1.53,-4.43
Qatar,Ahmed Alaaeldin,FW,33.3669,,31.0,31.0,34.4,0.3,0,,0,1,31.0,0,1.0,1.0,0.0,1.0,2.9,4.43
Qatar,Karim Boudiaf,"DF,MF",35.742,,31.0,31.0,34.4,0.3,0,,0,1,31.0,0,1.0,1.0,0.0,1.0,2.9,4.43
Qatar,Ahmed Fathy,MF,33.3833,,31.0,31.0,34.4,0.3,0,,0,1,31.0,0,1.0,1.0,0.0,1.0,2.9,4.43
Qatar,Mohamed Manai,DF,23.6352,,12.0,12.0,13.3,0.1,0,,0,1,12.0,0,1.0,1.0,0.0,1.0,7.5,8.65
Qatar,Hassan Al-Haydos,"FW,MF",35.5065,,3.0,3.0,3.3,0.0,0,,0,1,3.0,0,1.0,1.0,0.0,1.0,30.0,31.03
Qatar,Almoez Ali,FW,29.8186,,,,,,0,,0,0,,1,,,,,,
Qatar,Meshaal Barsham,GK,28.3285,,,,,,0,,0,0,,1,,,,,,
Qatar,Sultan Al-Brake,DF,30.1862,,,,,,0,,0,0,,1,,,,,,
Qatar,Ahmed Al-Ganehi,FW,25.7255,,,,,,0,,0,0,,1,,,,,,
Qatar,Abdulaziz Hatem,MF,36.449,,,,,,0,,0,0,,1,,,,,,
Qatar,Al-Hashmi Al-Hussain,MF,22.8296,,,,,,0,,0,0,,1,,,,,,
Qatar,Tahsin Jamshid,FW,19.9938,,,,,,0,,0,0,,1,,,,,,
Qatar,Lucas Mendes,DF,35.9473,,,,,,0,,0,0,,1,,,,,,
Qatar,Mohammed Muntari,FW,32.4819,,,,,,0,,0,0,,1,,,,,,
Qatar,Salah Zakaria,GK,27.1396,,,,,,0,,0,0,,1,,,,,,
Qatar,Mahmoud Abunada,GK,26.3532,,180.0,90.0,100.0,2.0,2,90.0,2,0,,0,0.5,0.0,1.0,-1.0,-0.5,
Qatar,Ró-Ró,DF,35.8542,,180.0,90.0,100.0,2.0,2,90.0,2,0,,0,0.5,0.0,1.0,-1.0,-0.5,
Qatar,Homam Ahmed,DF,26.8022,,164.0,82.0,91.1,1.8,2,82.0,0,0,,0,0.5,0.0,1.0,-1.0,-0.55,-0.55
Qatar,Issa Laye,MF,28.4764,,155.0,78.0,86.1,1.7,2,78.0,0,0,,0,0.5,0.0,1.0,-1.0,-0.58,-0.58
Qatar,Boualem Khoukhi,DF,35.9309,,148.0,74.0,82.2,1.6,2,74.0,1,0,,0,0.5,0.0,1.0,-1.0,-0.61,-0.61
Qatar,Yusuf Abdurisag,FW,26.8542,,135.0,68.0,75.0,1.5,2,68.0,0,0,,0,0.5,0.0,1.0,-1.0,-0.67,-0.67
Qatar,Jassem Gaber,MF,24.3121,,135.0,68.0,75.0,1.5,2,68.0,0,0,,0,0.5,0.0,1.0,-1.0,-0.67,-0.67
Qatar,Akram Afif,"MF,FW",29.5695,,134.0,67.0,74.4,1.5,2,67.0,0,0,,0,0.5,0.0,1.0,-1.0,-0.67,-0.67
Qatar,Edmilson Junior,"MF,FW",31.8186,,134.0,67.0,74.4,1.5,2,67.0,0,0,,0,0.5,0.0,1.0,-1.0,-0.67,-0.67
Qatar,Ayoub Al-Oui,DF,21.2601,,122.0,61.0,67.8,1.4,2,61.0,0,0,,0,0.5,0.0,1.0,-1.0,-0.74,-0.74
Qatar,Ahmed Fathy,MF,33.3833,,103.0,52.0,57.2,1.1,2,52.0,0,0,,0,0.5,0.0,1.0,-1.0,-0.87,-0.87
Qatar,Karim Boudiaf,"DF,MF",35.742,,78.0,39.0,43.3,0.9,0,,0,2,39.0,0,0.5,0.0,0.0,0.0,0.0,0.88
Qatar,Assim Madibo,"DF,MF",29.6434,,77.0,39.0,42.8,0.9,0,,0,2,39.0,0,0.5,0.0,0.0,0.0,0.0,0.87
Qatar,Ahmed Alaaeldin,FW,33.3669,,65.0,33.0,36.1,0.7,0,,0,2,33.0,0,0.5,0.0,0.0,0.0,0.0,0.78
Qatar,Mohamed Manai,DF,23.6352,,39.0,20.0,21.7,0.4,0,,0,2,20.0,0,0.5,0.0,0.0,0.0,0.0,0.64
Qatar,Tahsin Jamshid,FW,19.9938,,26.0,13.0,14.4,0.3,0,,0,2,13.0,0,0.5,0.0,0.0,0.0,0.0,0.58
Qatar,Al-Hashmi Al-Hussain,MF,22.8296,,25.0,13.0,13.9,0.3,0,,0,2,13.0,0,0.5,0.0,0.0,0.0,0.0,0.58
Qatar,Almoez Ali,FW,29.8186,,20.0,20.0,11.1,0.2,0,,0,1,20.0,0,0.0,0.0,0.0,0.0,0.0,0.56
Qatar,Hassan Al-Haydos,"FW,MF",35.5065,,18.0,9.0,10.0,0.2,0,,0,2,9.0,0,0.5,0.0,0.0,0.0,0.0,0.56
Qatar,Rayyan Al Ali,DF,20.219,,13.0,13.0,7.2,0.1,0,,0,1,13.0,1,0.0,0.0,0.0,0.0,0.0,0.54
Qatar,Lucas Mendes,DF,35.9473,,13.0,13.0,7.2,0.1,0,,0,1,13.0,1,0.0,0.0,0.0,0.0,0.0,0.54
Qatar,Sultan Al-Brake,DF,30.1862,,3.0,3.0,1.7,0.0,0,,0,1,3.0,1,1.0,0.0,0.0,0.0,0.0,0.51
Qatar,Meshaal Barsham,GK,28.3285,,,,,,0,,0,0,,1,,,,,,
Qatar,Ahmed Al-Ganehi,FW,25.7255,,,,,,0,,0,0,,2,,,,,,
Qatar,Abdulaziz Hatem,MF,36.449,,,,,,0,,0,0,,2,,,,,,
Qatar,Mohammed Muntari,FW,32.4819,,,,,,0,,0,0,,2,,,,,,
Qatar,Salah Zakaria,GK,27.1396,,,,,,0,,0,0,,2,,,,,,
Qatar,Akram Afif,"MF,FW",29.0,,"1,383",86.0,85.4,15.4,16,86.0,11,0,,0,1.81,34.0,25.0,9.0,0.59,0.59
Qatar,Meshaal Barsham,GK,27.0,,"1,149",88.0,70.9,12.8,13,88.0,12,0,,3,1.92,33.0,23.0,10.0,0.78,0.97
Qatar,Almoez Ali,FW,29.0,,"1,091",78.0,67.3,12.1,13,81.0,8,1,34.0,1,1.86,27.0,21.0,6.0,0.49,-0.02
Qatar,Ahmed Fathy,MF,33.0,,945,73.0,58.3,10.5,12,77.0,6,1,18.0,3,1.92,27.0,16.0,11.0,1.05,1.31
Qatar,Lucas Mendes,DF,35.0,,981,75.0,60.6,10.9,11,84.0,9,2,28.0,0,1.77,24.0,20.0,4.0,0.37,-0.34
Qatar,Homam Ahmed,"DF,MF",26.0,,822,63.0,50.7,9.1,9,79.0,4,4,28.0,3,1.77,22.0,12.0,10.0,1.09,1.21
Qatar,Ró-Ró,DF,35.0,,780,87.0,48.1,8.7,9,87.0,7,0,,0,1.89,22.0,11.0,11.0,1.27,1.48
Qatar,Tarek Salman,DF,28.0,,757,69.0,46.7,8.4,9,81.0,6,2,16.0,4,1.82,17.0,16.0,1.0,0.12,-0.72
Qatar,Boualem Khoukhi,DF,35.0,,709,79.0,43.8,7.9,9,79.0,6,0,,2,2.11,20.0,11.0,9.0,1.14,1.14
Qatar,Jassem Gaber,MF,23.0,,577,58.0,35.6,6.4,6,81.0,3,4,22.0,1,1.9,13.0,14.0,-1.0,-0.16,-1.02
Qatar,Edmilson Junior,MF,31.0,,506,56.0,31.2,5.6,6,73.0,1,3,22.0,0,1.56,8.0,7.0,1.0,0.18,-0.47
Qatar,Ahmed Al-Ganehi,"MF,FW",25.0,,449,45.0,27.7,5.0,6,68.0,2,4,11.0,3,2.5,9.0,4.0,5.0,1.0,0.69
Qatar,Ibrahim Al Hassan,"MF,FW",20.0,,442,55.0,27.3,4.9,6,67.0,1,2,21.0,0,1.38,8.0,9.0,-1.0,-0.2,-0.97
Qatar,Mostafa Meshaal,MF,24.0,,531,66.0,32.8,5.9,5,86.0,4,3,34.0,3,2.0,18.0,9.0,9.0,1.53,1.53
Qatar,Ahmed Al Rawi,FW,21.0,,466,58.0,28.8,5.2,4,77.0,2,4,40.0,1,2.13,10.0,4.0,6.0,1.16,0.92
Qatar,Abdulaziz Hatem,MF,36.0,,461,51.0,28.5,5.1,4,79.0,3,5,29.0,3,1.11,6.0,15.0,-9.0,-1.76,-3.15
Qatar,Mohammed Waad,"MF,DF",26.0,,362,45.0,22.3,4.0,4,75.0,2,4,16.0,3,2.0,10.0,7.0,3.0,0.75,0.32
Qatar,Assim Madibo,MF,29.0,,342,86.0,21.1,3.8,4,86.0,3,0,,2,1.75,3.0,4.0,-1.0,-0.26,-0.97
Qatar,Ismaeel Mohammad,"DF,MF",35.0,,460,51.0,28.4,5.1,3,85.0,1,6,34.0,0,1.44,10.0,10.0,0.0,0.0,-0.7
Qatar,Karim Boudiaf,MF,35.0,,255,64.0,15.7,2.8,3,80.0,2,1,15.0,0,1.75,3.0,3.0,0.0,0.0,-0.59
Qatar,Abdurahman Mostafa,MF,28.0,,224,37.0,13.8,2.5,2,54.0,0,4,29.0,2,0.67,3.0,9.0,-6.0,-2.41,-3.38
Qatar,Ahmed Suhail,DF,26.0,,209,70.0,12.9,2.3,2,90.0,2,1,29.0,1,1.0,2.0,7.0,-5.0,-2.15,-3.05
Qatar,Abdelkarim Hassan,DF,32.0,,198,66.0,12.2,2.2,2,88.0,1,1,23.0,0,2.0,4.0,6.0,-2.0,-0.91,-1.61
Qatar,Bassam Al-Rawi,"MF,DF",28.0,,197,49.0,12.2,2.2,2,84.0,1,2,15.0,6,2.25,3.0,4.0,-1.0,-0.46,-1.09
Qatar,Abdalla Yousif,DF,23.0,,188,63.0,11.6,2.1,2,90.0,2,1,8.0,4,1.33,0.0,3.0,-3.0,-1.44,-2.19
Qatar,Mahmoud Abunada,GK,25.0,,180,90.0,11.1,2.0,2,90.0,2,0,,2,2.0,2.0,1.0,1.0,0.5,0.0
Qatar,Yousef Aymen,DF,26.0,,180,90.0,11.1,2.0,2,90.0,2,0,,1,3.0,10.0,2.0,8.0,4.0,3.94
Qatar,Mohamed Manai,"MF,FW",23.0,,180,60.0,11.1,2.0,2,68.0,1,1,45.0,0,1.33,2.0,3.0,-1.0,-0.5,-1.12
Qatar,Sultan Al-Brake,DF,29.0,,175,88.0,10.8,1.9,2,88.0,1,0,,6,2.0,2.0,0.0,2.0,1.03,0.59
Qatar,Murad Naji Hussein,MF,34.0,,165,83.0,10.2,1.8,2,83.0,1,0,,0,1.5,6.0,3.0,3.0,1.64,1.27
Qatar,Abdullah Al Ahrak,MF,28.0,,163,41.0,10.1,1.8,2,68.0,1,2,14.0,1,2.5,2.0,1.0,1.0,0.55,0.06
Qatar,Naif Al-Hadhrami,MF,24.0,,162,81.0,10.0,1.8,2,81.0,1,0,,1,2.0,2.0,1.0,1.0,0.56,0.06
Qatar,Ayoub Al-Oui,DF,20.0,,147,74.0,9.1,1.6,2,74.0,0,0,,0,2.0,1.0,0.0,1.0,0.61,0.12
Qatar,Hassan Al-Haydos,MF,35.0,,135,68.0,8.3,1.5,2,68.0,0,0,,2,3.0,9.0,1.0,8.0,5.33,5.27
Qatar,Abdulla Al Yazidi,"MF,FW",23.0,,129,26.0,8.0,1.4,2,45.0,0,3,13.0,1,2.2,4.0,2.0,2.0,1.4,0.97
Qatar,Yusuf Abdurisag,MF,26.0,,194,32.0,12.0,2.2,1,60.0,0,5,27.0,5,2.17,6.0,3.0,3.0,1.39,1.01
Qatar,Salah Zakaria,GK,26.0,,111,56.0,6.9,1.2,1,90.0,1,1,21.0,10,1.5,0.0,3.0,-3.0,-2.43,-3.15
Qatar,Tameem Mansour,FW,23.0,,107,36.0,6.6,1.2,1,45.0,0,2,31.0,1,3.0,5.0,0.0,5.0,4.21,3.97
Qatar,Mohamed Aiash,DF,24.0,,90,90.0,5.6,1.0,1,90.0,1,0,,7,1.0,0.0,0.0,0.0,0.0,-0.53
Qatar,Ahmed Alaaeldin,FW,33.0,,90,30.0,5.6,1.0,1,60.0,0,2,15.0,6,2.0,8.0,3.0,5.0,5.0,4.76
Qatar,Al-Hashmi Al-Hussain,DF,22.0,,90,90.0,5.6,1.0,1,90.0,1,0,,1,3.0,2.0,1.0,1.0,1.0,0.53
Qatar,Yousef Marei,DF,18.0,,90,90.0,5.6,1.0,1,90.0,1,0,,1,1.0,0.0,0.0,0.0,0.0,-0.53
Qatar,Saad Al Sheeb,GK,35.0,,90,90.0,5.6,1.0,1,90.0,1,0,,5,1.0,0.0,0.0,0.0,0.0,-0.53
Qatar,Mohamed Khaled,MF,21.0,,89,45.0,5.5,1.0,1,58.0,0,1,31.0,0,2.0,0.0,1.0,-1.0,-1.01,-1.6
Qatar,Mahdi Salem,MF,21.0,,82,41.0,5.1,0.9,1,45.0,0,1,37.0,2,2.0,0.0,0.0,0.0,0.0,-0.53
Qatar,Nabil Irfan,DF,21.0,,69,69.0,4.3,0.8,1,69.0,0,0,,2,3.0,0.0,1.0,-1.0,-1.3,-1.88
Qatar,Hazem Ahmed,MF,27.0,,62,31.0,3.8,0.7,1,45.0,0,1,17.0,3,2.0,0.0,1.0,-1.0,-1.45,-2.03
Qatar,Tahsin Jamshid,MF,19.0,,59,59.0,3.6,0.7,1,59.0,0,0,,3,1.0,0.0,0.0,0.0,0.0,-0.52
Qatar,Amro Surag,MF,27.0,,56,56.0,3.5,0.6,1,56.0,0,0,,1,0.0,0.0,1.0,-1.0,-1.61,-2.18
Qatar,Shehab Mamdouh,GK,25.0,,45,45.0,2.8,0.5,1,45.0,0,0,,5,3.0,0.0,1.0,-1.0,-2.0,-2.57
Qatar,Abdullah Marafee,DF,33.0,,45,45.0,2.8,0.5,1,45.0,0,0,,2,3.0,0.0,0.0,0.0,0.0,-0.51
Qatar,Mohammed Muntari,FW,32.0,,148,25.0,9.1,1.6,0,,0,6,25.0,2,1.67,3.0,4.0,-1.0,-0.61,-1.22
Qatar,Khaled Ali,MF,24.0,,45,45.0,2.8,0.5,0,,0,1,45.0,1,3.0,2.0,0.0,2.0,4.0,3.6
Qatar,Al-Mahdi Ali Mukhtar,DF,33.0,,45,45.0,2.8,0.5,0,,0,1,45.0,4,3.0,2.0,1.0,1.0,2.0,1.54
Qatar,Ali Nader,GK,21.0,,45,45.0,2.8,0.5,0,,0,1,45.0,1,3.0,2.0,0.0,2.0,4.0,3.6
Qatar,Sebastián Soria,FW,42.0,,30,30.0,1.9,0.3,0,,0,1,30.0,0,3.0,1.0,1.0,0.0,0.0,-0.51
Qatar,Fares Amer,MF,23.0,,,,,,0,,0,0,,1,,,,,,
Qatar,Amir Hassan,GK,21.0,,,,,,0,,0,0,,1,,,,,,
Qatar,Yousef Hassan,GK,29.0,,,,,,0,,0,0,,2,,,,,,
Qatar,Saoud Al Khater,GK,34.0,,,,,,0,,0,0,,2,,,,,,
Qatar,Marwan Sherif,GK,26.0,,,,,,0,,0,0,,2,,,,,,
Qatar,Mohamed Surag,MF,22.0,,,,,,0,,0,0,,1,,,,,,
Qatar,Fahad Younes,GK,31.0,,,,,,0,,0,0,,2,,,,,,
Qatar,Akram Afif,FW,29.5695,,"1,607",85.0,85.0,17.9,19,85.0,12,0,,0,1.63,35.0,27.0,8.0,0.45,0.45
Qatar,Meshaal Barsham,GK,28.3285,,"1,149",88.0,60.8,12.8,13,88.0,12,0,,5,1.92,33.0,23.0,10.0,0.78,0.97
Qatar,Almoez Ali,FW,29.8186,,"1,111",74.0,58.8,12.3,13,81.0,8,2,27.0,2,1.74,27.0,21.0,6.0,0.49,0.22
Qatar,Ahmed Fathy,MF,33.3833,,"1,079",67.0,57.1,12.0,14,74.0,6,2,25.0,3,1.69,28.0,17.0,11.0,0.92,1.25
Qatar,Homam Ahmed,DF,26.8022,,"1,076",67.0,56.9,12.0,12,81.0,5,4,28.0,3,1.56,23.0,14.0,9.0,0.75,0.86
Qatar,Ró-Ró,DF,35.8542,,"1,050",88.0,55.6,11.7,12,88.0,10,0,,0,1.58,23.0,13.0,10.0,0.86,1.07
Qatar,Lucas Mendes,DF,35.9473,,994,71.0,52.6,11.0,11,84.0,9,3,23.0,2,1.64,24.0,20.0,4.0,0.36,-0.08
Qatar,Boualem Khoukhi,DF,35.9309,,947,79.0,50.1,10.5,12,79.0,8,0,,2,1.75,21.0,13.0,8.0,0.76,0.76
Qatar,Jassem Gaber,MF,24.3121,,771,59.0,40.8,8.6,9,76.0,3,4,22.0,1,1.62,13.0,16.0,-3.0,-0.35,-1.23
Qatar,Tarek Salman,DF,28.5229,,757,69.0,46.7,8.4,9,81.0,6,2,16.0,4,1.82,17.0,16.0,1.0,0.12,-0.72
Qatar,Edmilson Junior,FW,31.8186,,727,61.0,38.5,8.1,9,73.0,1,3,22.0,0,1.34,8.0,9.0,-1.0,-0.12,-0.82
Qatar,Mostafa Meshaal,MF,25.2136,,531,66.0,32.8,5.9,5,86.0,4,3,34.0,3,2.0,18.0,9.0,9.0,1.53,1.53
Qatar,Assim Madibo,MF,29.6434,,497,71.0,26.3,5.5,5,84.0,3,2,39.0,2,1.29,3.0,5.0,-2.0,-0.36,-1.01
Qatar,Ahmed Al Rawi,FW,22.0411,,466,58.0,28.8,5.2,4,77.0,2,4,40.0,1,2.13,10.0,4.0,6.0,1.16,0.92
Qatar,Abdulaziz Hatem,MF,36.449,,461,51.0,24.4,5.1,4,79.0,3,5,29.0,6,1.11,6.0,15.0,-9.0,-1.76,-3.15
Qatar,Ismaeel Mohammad,"DF,MF",36.1916,,460,51.0,28.4,5.1,3,85.0,1,6,34.0,0,1.44,10.0,10.0,0.0,0.0,-0.7
Qatar,Mahmoud Abunada,GK,26.3532,,450,90.0,23.8,5.0,5,90.0,5,0,,2,1.2,3.0,3.0,0.0,0.0,-0.5
Qatar,Ahmed Al-Ganehi,FW,25.7255,,449,45.0,23.8,5.0,6,68.0,2,4,11.0,6,2.5,9.0,4.0,5.0,1.0,0.69
Qatar,Ibrahim Al Hassan,"MF,FW",20.6324,,442,55.0,27.3,4.9,6,67.0,1,2,21.0,0,1.38,8.0,9.0,-1.0,-0.2,-0.97
Qatar,Yusuf Abdurisag,FW,26.8542,,388,43.0,20.5,4.3,4,64.0,0,5,27.0,5,1.67,6.0,5.0,1.0,0.23,-0.19
Qatar,Karim Boudiaf,"DF,MF",35.742,,364,52.0,19.3,4.0,3,80.0,2,4,31.0,0,1.29,4.0,3.0,1.0,0.25,-0.17
Qatar,Mohammed Waad,"MF,DF",26.7365,,362,45.0,22.3,4.0,4,75.0,2,4,16.0,3,2.0,10.0,7.0,3.0,0.75,0.32
Qatar,Ayoub Al-Oui,DF,21.2601,,328,66.0,17.4,3.6,5,66.0,0,0,,0,1.2,1.0,2.0,-1.0,-0.27,-0.79
Qatar,Issa Laye,MF,28.4764,,245,82.0,90.7,2.7,3,82.0,1,0,,0,0.67,1.0,2.0,-1.0,-0.37,-0.37
Qatar,Mohamed Manai,DF,23.6352,,231,39.0,12.2,2.6,2,68.0,1,4,24.0,0,1.0,3.0,3.0,0.0,0.0,-0.43
Qatar,Abdurahman Mostafa,MF,29.1916,,224,37.0,13.8,2.5,2,54.0,0,4,29.0,2,0.67,3.0,9.0,-6.0,-2.41,-3.38
Qatar,Ahmed Suhail,DF,27.345,,209,70.0,12.9,2.3,2,90.0,2,1,29.0,1,1.0,2.0,7.0,-5.0,-2.15,-3.05
Qatar,Abdelkarim Hassan,DF,32.794,,198,66.0,12.2,2.2,2,88.0,1,1,23.0,0,2.0,4.0,6.0,-2.0,-0.91,-1.61
Qatar,Bassam Al-Rawi,"MF,DF",28.4928,,197,49.0,12.2,2.2,2,84.0,1,2,15.0,6,2.25,3.0,4.0,-1.0,-0.46,-1.09
Qatar,Abdalla Yousif,DF,24.178,,188,63.0,11.6,2.1,2,90.0,2,1,8.0,4,1.33,0.0,3.0,-3.0,-1.44,-2.19
Qatar,Ahmed Alaaeldin,FW,33.3669,,186,31.0,9.8,2.1,1,60.0,0,5,25.0,6,1.33,9.0,3.0,6.0,2.9,2.8
Qatar,Yousef Aymen,DF,27.2327,,180,90.0,11.1,2.0,2,90.0,2,0,,1,3.0,10.0,2.0,8.0,4.0,3.94
Qatar,Sultan Al-Brake,DF,30.1862,,178,59.0,9.4,2.0,2,88.0,1,1,3.0,8,1.67,2.0,0.0,2.0,1.01,0.68
Qatar,Murad Naji Hussein,MF,35.0055,,165,83.0,10.2,1.8,2,83.0,1,0,,0,1.5,6.0,3.0,3.0,1.64,1.27
Qatar,Abdullah Al Ahrak,MF,29.0958,,163,41.0,10.1,1.8,2,68.0,1,2,14.0,1,2.5,2.0,1.0,1.0,0.55,0.06
Qatar,Naif Al-Hadhrami,MF,24.9062,,162,81.0,10.0,1.8,2,81.0,1,0,,1,2.0,2.0,1.0,1.0,0.56,0.06
Qatar,Hassan Al-Haydos,"FW,MF",35.5065,,156,31.0,8.3,1.7,2,68.0,0,3,7.0,2,1.6,10.0,1.0,9.0,5.19,5.24
Qatar,Mohammed Muntari,FW,32.4819,,148,25.0,7.8,1.6,0,,0,6,25.0,5,1.67,3.0,4.0,-1.0,-0.61,-1.22
Qatar,Abdulla Al Yazidi,"MF,FW",24.2136,,129,26.0,8.0,1.4,2,45.0,0,3,13.0,1,2.2,4.0,2.0,2.0,1.4,0.97
Qatar,Al-Hashmi Al-Hussain,MF,22.8296,,115,38.0,6.1,1.3,1,90.0,1,2,13.0,2,1.33,2.0,1.0,1.0,0.78,0.41
Qatar,Salah Zakaria,GK,27.1396,,111,56.0,5.9,1.2,1,90.0,1,1,21.0,13,1.5,0.0,3.0,-3.0,-2.43,-3.15
Qatar,Tameem Mansour,FW,23.6899,,107,36.0,6.6,1.2,1,45.0,0,2,31.0,1,3.0,5.0,0.0,5.0,4.21,3.97
Qatar,Mohamed Aiash,DF,25.293,,90,90.0,5.6,1.0,1,90.0,1,0,,7,1.0,0.0,0.0,0.0,0.0,-0.53
Qatar,Yousef Marei,DF,19.3614,,90,90.0,5.6,1.0,1,90.0,1,0,,1,1.0,0.0,0.0,0.0,0.0,-0.53
Qatar,Saad Al Sheeb,GK,36.3149,,90,90.0,5.6,1.0,1,90.0,1,0,,5,1.0,0.0,0.0,0.0,0.0,-0.53
Qatar,Mohamed Khaled,MF,21.3806,,89,45.0,5.5,1.0,1,58.0,0,1,31.0,0,2.0,0.0,1.0,-1.0,-1.01,-1.6
Qatar,Tahsin Jamshid,FW,19.9938,,85,28.0,4.5,0.9,1,59.0,0,2,13.0,4,0.67,0.0,0.0,0.0,0.0,-0.42
Qatar,Mahdi Salem,MF,22.1944,,82,41.0,5.1,0.9,1,45.0,0,1,37.0,2,2.0,0.0,0.0,0.0,0.0,-0.53
Qatar,Nabil Irfan,DF,22.3477,,69,69.0,4.3,0.8,1,69.0,0,0,,2,3.0,0.0,1.0,-1.0,-1.3,-1.88
Qatar,Hazem Ahmed,MF,28.3614,,62,31.0,3.8,0.7,1,45.0,0,1,17.0,3,2.0,0.0,1.0,-1.0,-1.45,-2.03
Qatar,Amro Surag,MF,28.1834,,56,56.0,3.5,0.6,1,56.0,0,0,,1,0.0,0.0,1.0,-1.0,-1.61,-2.18
Qatar,Khaled Ali,MF,24.6899,,45,45.0,2.8,0.5,0,,0,1,45.0,1,3.0,2.0,0.0,2.0,4.0,3.6
Qatar,Ali Nader,GK,21.5448,,45,45.0,2.8,0.5,0,,0,1,45.0,1,3.0,2.0,0.0,2.0,4.0,3.6
Qatar,Abdullah Marafee,DF,34.1697,,45,45.0,2.8,0.5,1,45.0,0,0,,2,3.0,0.0,0.0,0.0,0.0,-0.51
Qatar,Al-Mahdi Ali Mukhtar,DF,34.2847,,45,45.0,2.8,0.5,0,,0,1,45.0,4,3.0,2.0,1.0,1.0,2.0,1.54
Qatar,Shehab Mamdouh,GK,26.1561,,45,45.0,2.8,0.5,1,45.0,0,0,,5,3.0,0.0,1.0,-1.0,-2.0,-2.57
Qatar,Sebastián Soria,FW,42.5969,,30,30.0,1.9,0.3,0,,0,1,30.0,0,3.0,1.0,1.0,0.0,0.0,-0.51
Qatar,Rayyan Al Ali,DF,20.219,,13,13.0,7.2,0.1,0,,0,1,13.0,1,0.0,0.0,0.0,0.0,0.0,0.54
Qatar,Marwan Sherif,GK,27.1588,,,,,,0,,0,0,,2,,,,,,
Qatar,Mohamed Surag,MF,23.1478,,,,,,0,,0,0,,1,,,,,,
Qatar,Amir Hassan,GK,22.1451,,,,,,0,,0,0,,1,,,,,,
Qatar,Fares Amer,MF,23.4326,,,,,,0,,0,0,,1,,,,,,
Qatar,Saoud Al Khater,GK,35.1807,,,,,,0,,0,0,,2,,,,,,
Qatar,Fahad Younes,GK,31.8734,,,,,,0,,0,0,,2,,,,,,
Qatar,Yousef Hassan,GK,30.0575,,,,,,0,,0,0,,2,,,,,,
Saudi Arabia,Mohamed Kanno,MF,31.7255,5.0,350.0,70.0,77.8,3.9,4,76.0,0,1,45.0,0,0.8,3.0,8.0,-5.0,-1.29,-3.09
Saudi Arabia,Saud Abdulhamid,"DF,MF",26.9062,4.0,306.0,77.0,68.0,3.4,4,77.0,1,0,,0,1.0,3.0,6.0,-3.0,-0.88,-0.88
Saudi Arabia,Mohammed Al-Owais,GK,34.6762,3.0,270.0,90.0,60.0,3.0,3,90.0,3,0,,0,0.33,2.0,4.0,-2.0,-0.67,-0.17
Saudi Arabia,Firas Al-Buraikan,FW,26.0849,4.0,237.0,59.0,52.7,2.6,3,64.0,0,1,45.0,0,0.25,0.0,8.0,-8.0,-3.04,-5.15
Saudi Arabia,Musab Al Juwayr,MF,22.9829,5.0,209.0,42.0,46.4,2.3,3,59.0,0,2,17.0,0,0.8,1.0,5.0,-4.0,-1.72,-2.1
Saudi Arabia,Abdulelah Al-Amri,DF,29.4107,4.0,177.0,44.0,39.3,2.0,3,50.0,0,1,26.0,0,1.0,1.0,5.0,-4.0,-2.03,-2.36
Saudi Arabia,Abdullah Al-Hamdan,FW,26.7502,5.0,202.0,40.0,44.9,2.2,2,62.0,0,3,26.0,0,0.8,4.0,0.0,4.0,1.78,4.32
Saudi Arabia,Nawaf Boushal,DF,26.742,3.0,180.0,60.0,40.0,2.0,2,68.0,1,1,45.0,0,0.33,2.0,2.0,0.0,0.0,1.0
Saudi Arabia,Khalid Al Ghannam,"MF,FW",25.5969,4.0,172.0,43.0,38.2,1.9,2,62.0,0,2,24.0,1,1.0,3.0,4.0,-1.0,-0.52,0.12
Saudi Arabia,Abdullah Al-Khaibari,MF,29.8268,4.0,161.0,40.0,35.8,1.8,2,53.0,0,2,28.0,0,1.0,1.0,3.0,-2.0,-1.12,-0.81
Saudi Arabia,Ali Lajami,DF,30.1396,4.0,157.0,39.0,34.9,1.7,2,34.0,0,2,45.0,0,1.0,2.0,3.0,-1.0,-0.57,0.04
Saudi Arabia,Nasser Al-Dawsari,MF,27.4846,3.0,154.0,51.0,34.2,1.7,2,55.0,0,1,45.0,0,1.33,3.0,1.0,2.0,1.17,2.69
Saudi Arabia,Moteb Al-Harbi,DF,26.3121,3.0,154.0,51.0,34.2,1.7,2,64.0,0,1,26.0,0,1.33,1.0,2.0,-1.0,-0.58,0.02
Saudi Arabia,Mohammed Abu Al-Shamat,"MF,FW",23.8405,3.0,147.0,49.0,32.7,1.6,2,61.0,0,1,26.0,0,1.33,1.0,2.0,-1.0,-0.61,-0.02
Saudi Arabia,Salem Al-Dawsari,"MF,FW",34.8186,3.0,144.0,48.0,32.0,1.6,2,59.0,0,1,26.0,0,1.33,1.0,2.0,-1.0,-0.62,-0.04
Saudi Arabia,Ziyad Al Johani,MF,24.5886,3.0,139.0,46.0,30.9,1.5,2,68.0,0,1,4.0,1,1.0,3.0,2.0,1.0,0.65,1.81
Saudi Arabia,Hassan Kadesh,DF,33.7693,4.0,136.0,34.0,30.2,1.5,2,55.0,0,2,14.0,0,1.0,3.0,3.0,0.0,0.0,0.86
Saudi Arabia,Hassan Al Tambakti,DF,27.3422,2.0,135.0,68.0,30.0,1.5,2,68.0,1,0,,0,0.5,1.0,2.0,-1.0,-0.67,-0.1
Saudi Arabia,Ayman Yahya,MF,25.0849,4.0,154.0,39.0,34.2,1.7,1,45.0,0,3,36.0,0,1.0,2.0,3.0,-1.0,-0.58,0.02
Saudi Arabia,Sultan Mendash,MF,31.6571,4.0,152.0,38.0,33.8,1.7,1,64.0,0,3,29.0,0,1.0,3.0,0.0,3.0,1.78,3.59
Saudi Arabia,Marwan Al Sahafi,MF,22.3203,2.0,139.0,70.0,30.9,1.5,1,71.0,0,1,68.0,0,0.0,1.0,4.0,-3.0,-1.94,-1.94
Saudi Arabia,Rayan Hamidou,DF,24.1697,2.0,119.0,60.0,26.4,1.3,1,90.0,1,1,29.0,0,0.0,1.0,2.0,-1.0,-0.76,-0.21
Saudi Arabia,Jehad Thakri,DF,24.898,2.0,109.0,55.0,24.2,1.2,1,64.0,0,1,45.0,1,2.0,2.0,0.0,2.0,1.65,2.97
Saudi Arabia,Naif Masoud,MF,25.2683,2.0,105.0,53.0,23.3,1.2,1,60.0,0,1,45.0,0,0.0,1.0,1.0,0.0,0.0,0.78
Saudi Arabia,Salman Al-Faraj,MF,36.8679,2.0,91.0,46.0,20.2,1.0,1,61.0,0,1,30.0,0,0.0,0.0,6.0,-6.0,-5.93,-6.69
Saudi Arabia,Nawaf Al Aqidi,GK,26.0958,1.0,90.0,90.0,20.0,1.0,1,90.0,1,0,,1,0.0,0.0,4.0,-4.0,-4.0,-4.25
Saudi Arabia,Muteb Al Mufarrij,DF,29.8214,2.0,90.0,45.0,20.0,1.0,1,45.0,0,1,45.0,0,0.0,1.0,1.0,0.0,0.0,0.75
Saudi Arabia,Ahmed Al-Kassar,GK,35.1013,1.0,64.0,64.0,14.2,0.7,1,64.0,0,0,,4,3.0,2.0,0.0,2.0,2.81,3.98
Saudi Arabia,Abdulaziz Al Elewai,MF,22.3368,1.0,45.0,45.0,10.0,0.5,1,45.0,0,0,,0,0.0,1.0,0.0,1.0,2.0,2.89
Saudi Arabia,Ali Majrashi,DF,26.6982,3.0,79.0,26.0,17.6,0.9,0,,0,3,26.0,2,1.0,1.0,1.0,0.0,0.0,0.73
Saudi Arabia,Saleh Al-Shehri,FW,32.616,3.0,75.0,25.0,16.7,0.8,0,,0,3,25.0,1,1.0,1.0,0.0,1.0,1.2,2.16
Saudi Arabia,Alaa Al Hejji,MF,30.5284,3.0,74.0,25.0,16.4,0.8,0,,0,3,25.0,0,1.33,2.0,0.0,2.0,2.43,3.63
Saudi Arabia,Khalifah Al Dawsari,DF,27.4463,1.0,45.0,45.0,10.0,0.5,0,,0,1,45.0,0,0.0,0.0,2.0,-2.0,-4.0,-3.78
Saudi Arabia,Mohammed Mahzari,DF,24.0712,1.0,45.0,45.0,10.0,0.5,0,,0,1,45.0,0,0.0,0.0,2.0,-2.0,-4.0,-3.78
Saudi Arabia,Abdulquddus Atiah,GK,29.2875,1.0,26.0,26.0,5.8,0.3,0,,0,1,26.0,2,3.0,1.0,0.0,1.0,3.46,4.31
Saudi Arabia,Saleh Waheeb,MF,23.8405,1.0,18.0,18.0,4.0,0.2,0,,0,1,18.0,0,0.0,1.0,0.0,1.0,5.0,5.83
Saudi Arabia,Turki Al Ammar,MF,26.7201,0.0,,,,,0,,0,0,,1,,,,,,
Saudi Arabia,Murad Al Hawsawi,MF,25.0301,0.0,,,,,0,,0,0,,1,,,,,,
Saudi Arabia,Mohammed Al Majhad,MF,27.9117,0.0,,,,,0,,0,0,,1,,,,,,
Saudi Arabia,Abdulrahman Al Sanbi,GK,25.3587,0.0,,,,,0,,0,0,,1,,,,,,
Saudi Arabia,Mohammed Al Yami,GK,28.8323,0.0,,,,,0,,0,0,,2,,,,,,
Saudi Arabia,Salem Al-Dawsari,"MF,FW",34.0,14.0,"1,240",89.0,76.5,13.8,14,89.0,11,0,,0,1.64,16.0,11.0,5.0,0.36,-0.58
Saudi Arabia,Firas Al-Buraikan,FW,25.0,15.0,"1,116",74.0,68.9,12.4,14,77.0,1,1,33.0,1,1.4,13.0,11.0,2.0,0.16,-1.09
Saudi Arabia,Hassan Al Tambakti,DF,26.0,14.0,"1,188",85.0,73.3,13.2,13,90.0,13,1,18.0,0,1.64,15.0,8.0,7.0,0.53,0.11
Saudi Arabia,Musab Al Juwayr,MF,22.0,14.0,852,61.0,52.6,9.5,11,73.0,3,3,16.0,0,1.43,12.0,8.0,4.0,0.42,-0.16
Saudi Arabia,Saud Abdulhamid,"MF,DF",26.0,14.0,977,70.0,60.3,10.9,10,86.0,9,4,29.0,1,1.71,12.0,8.0,4.0,0.37,-0.33
Saudi Arabia,Ali Lajami,DF,29.0,10.0,822,82.0,50.7,9.1,9,86.0,7,1,46.0,3,1.6,9.0,7.0,2.0,0.22,-0.57
Saudi Arabia,Nasser Al-Dawsari,MF,27.0,12.0,791,66.0,48.8,8.8,9,78.0,1,3,30.0,1,1.5,9.0,8.0,1.0,0.11,-0.75
Saudi Arabia,Hassan Kadesh,"DF,MF",33.0,11.0,780,71.0,48.1,8.7,9,83.0,7,2,17.0,2,2.09,13.0,6.0,7.0,0.81,0.59
Saudi Arabia,Mohammed Al-Owais,GK,34.0,8.0,664,83.0,41.0,7.4,8,83.0,7,0,,0,2.13,15.0,4.0,11.0,1.49,1.68
Saudi Arabia,Mohamed Kanno,MF,31.0,10.0,622,62.0,38.4,6.9,8,75.0,5,2,13.0,0,1.7,6.0,9.0,-3.0,-0.43,-1.52
Saudi Arabia,Ali Al-Bulaihi,DF,36.0,7.0,630,90.0,38.9,7.0,7,90.0,7,0,,1,1.57,9.0,5.0,4.0,0.57,0.12
Saudi Arabia,Nawaf Al Aqidi,GK,25.0,6.0,540,90.0,33.3,6.0,6,90.0,6,0,,1,1.83,7.0,4.0,3.0,0.5,0.0
Saudi Arabia,Ayman Yahya,"FW,MF",24.0,7.0,438,63.0,27.0,4.9,6,69.0,2,1,23.0,1,1.71,3.0,3.0,0.0,0.0,-0.69
Saudi Arabia,Faisal Al Ghamdi,MF,24.0,10.0,486,49.0,30.0,5.4,5,79.0,2,5,18.0,3,2.0,4.0,3.0,1.0,0.19,-0.45
Saudi Arabia,Nawaf Boushal,DF,26.0,6.0,468,78.0,28.9,5.2,5,90.0,4,1,20.0,0,1.83,7.0,4.0,3.0,0.58,0.11
Saudi Arabia,Ahmed Al-Kassar,GK,34.0,5.0,416,83.0,25.7,4.6,4,90.0,4,1,56.0,8,0.4,0.0,5.0,-5.0,-1.08,-2.13
Saudi Arabia,Marwan Al Sahafi,"FW,MF",21.0,8.0,388,49.0,24.0,4.3,4,82.0,2,4,15.0,2,1.5,0.0,2.0,-2.0,-0.46,-1.27
Saudi Arabia,Awn Al Saluli,DF,27.0,7.0,375,54.0,23.1,4.2,4,85.0,3,3,12.0,5,2.43,9.0,1.0,8.0,1.92,1.85
Saudi Arabia,Mukhtar Ali,MF,28.0,6.0,372,62.0,23.0,4.1,4,81.0,2,2,25.0,2,2.17,7.0,1.0,6.0,1.45,1.24
Saudi Arabia,Abdullah Al-Khaibari,MF,29.0,7.0,360,51.0,22.2,4.0,4,72.0,2,3,24.0,2,1.0,5.0,5.0,0.0,0.0,-0.64
Saudi Arabia,Saleh Al-Shehri,FW,32.0,10.0,346,35.0,21.4,3.8,4,59.0,0,6,18.0,3,1.5,5.0,3.0,2.0,0.52,0.03
Saudi Arabia,Abdulellah Al-Malki,MF,31.0,5.0,316,63.0,19.5,3.5,4,76.0,0,1,13.0,1,2.0,5.0,3.0,2.0,0.57,0.09
Saudi Arabia,Abdullah Radif,FW,23.0,10.0,378,38.0,23.3,4.2,3,70.0,0,7,24.0,0,1.3,6.0,2.0,4.0,0.95,0.59
Saudi Arabia,Jehad Thakri,DF,24.0,3.0,270,90.0,16.7,3.0,3,90.0,3,0,,1,1.67,3.0,2.0,1.0,0.33,-0.2
Saudi Arabia,Moteb Al-Harbi,"MF,DF",25.0,4.0,232,58.0,14.3,2.6,3,62.0,1,1,45.0,2,1.75,6.0,2.0,4.0,1.55,1.23
Saudi Arabia,Rayan Hamidou,DF,23.0,3.0,225,75.0,13.9,2.5,3,75.0,2,0,,3,1.33,4.0,2.0,2.0,0.8,0.35
Saudi Arabia,Abdulrahman Ghareeb,FW,28.0,8.0,264,33.0,16.3,2.9,2,67.0,0,6,22.0,2,1.75,6.0,0.0,6.0,2.05,1.85
Saudi Arabia,Ziyad Al Johani,MF,24.0,4.0,212,53.0,13.1,2.4,2,90.0,2,2,16.0,2,1.75,3.0,2.0,1.0,0.42,-0.09
Saudi Arabia,Ali Majrashi,DF,26.0,3.0,196,65.0,12.1,2.2,2,76.0,1,1,45.0,3,1.33,3.0,2.0,1.0,0.46,-0.05
Saudi Arabia,Abbas Al Hassan,MF,21.0,4.0,182,46.0,11.2,2.0,2,73.0,1,2,19.0,3,2.5,6.0,0.0,6.0,2.97,2.78
Saudi Arabia,Sultan Al-Ghanam,MF,31.0,4.0,179,45.0,11.0,2.0,2,82.0,0,2,8.0,2,1.25,4.0,1.0,3.0,1.51,1.13
Saudi Arabia,Yasser Al-Shahrani,DF,33.0,3.0,177,59.0,10.9,2.0,2,84.0,1,1,9.0,1,1.33,0.0,2.0,-2.0,-1.02,-1.7
Saudi Arabia,Saleh Waheeb,MF,23.0,2.0,137,69.0,8.5,1.5,2,69.0,0,0,,0,2.0,3.0,1.0,2.0,1.31,0.89
Saudi Arabia,Abdullah Al-Hamdan,MF,26.0,7.0,215,31.0,13.3,2.4,1,71.0,0,6,24.0,3,1.71,1.0,2.0,-1.0,-0.42,-1.06
Saudi Arabia,Mohammed Marran,FW,24.0,4.0,142,36.0,8.8,1.6,1,78.0,0,3,21.0,1,2.5,3.0,0.0,3.0,1.9,1.54
Saudi Arabia,Abdulelah Al-Amri,DF,29.0,2.0,101,51.0,6.2,1.1,1,90.0,1,1,11.0,1,0.5,1.0,2.0,-1.0,-0.89,-1.48
Saudi Arabia,Abdulrahman Al-Aboud,FW,30.0,2.0,91,46.0,5.6,1.0,1,61.0,0,1,30.0,1,1.5,2.0,2.0,0.0,0.0,-0.53
Saudi Arabia,Mohammed Al-Breik,MF,33.0,1.0,90,90.0,5.6,1.0,1,90.0,1,0,,2,1.0,1.0,1.0,0.0,0.0,-0.53
Saudi Arabia,Muhannad Shenqeeti,DF,26.0,2.0,82,41.0,5.1,0.9,1,45.0,0,1,37.0,0,2.0,0.0,0.0,0.0,0.0,-0.53
Saudi Arabia,Ali Al Asmari,MF,29.0,1.0,81,81.0,5.0,0.9,1,81.0,0,0,,1,1.0,0.0,0.0,0.0,0.0,-0.53
Saudi Arabia,Muath Fagihy,MF,23.0,1.0,78,78.0,4.8,0.9,1,78.0,0,0,,1,3.0,2.0,0.0,2.0,2.31,1.9
Saudi Arabia,Ali Hazazi,MF,31.0,2.0,73,37.0,4.5,0.8,1,45.0,0,1,28.0,0,3.0,4.0,0.0,4.0,4.93,4.64
Saudi Arabia,Mohammed Al Qahtani,FW,23.0,1.0,45,45.0,2.8,0.5,1,45.0,0,0,,1,0.0,0.0,1.0,-1.0,-2.0,-2.57
Saudi Arabia,Turki Al Ammar,MF,26.0,1.0,30,30.0,1.9,0.3,0,,0,1,30.0,1,1.0,0.0,0.0,0.0,0.0,-0.51
Saudi Arabia,Eid Al Muwallad,MF,24.0,1.0,26,26.0,1.6,0.3,0,,0,1,26.0,1,3.0,0.0,0.0,0.0,0.0,-0.51
Saudi Arabia,Fahad Al Muwallad,"FW,MF",31.0,2.0,21,11.0,1.3,0.2,0,,0,2,11.0,0,2.0,1.0,0.0,1.0,4.29,3.84
Saudi Arabia,Abdulla Al Salem,"FW,MF",33.0,1.0,18,18.0,1.1,0.2,0,,0,1,18.0,2,3.0,0.0,0.0,0.0,0.0,-0.51
Saudi Arabia,Sami Al-Najei,MF,28.0,1.0,13,13.0,0.8,0.1,0,,0,1,13.0,3,3.0,0.0,0.0,0.0,0.0,-0.5
Saudi Arabia,Saad Al Mosa,DF,23.0,1.0,2,2.0,0.1,0.0,0,,0,1,2.0,3,1.0,0.0,0.0,0.0,0.0,-0.5
Saudi Arabia,Waleed Al Ahmad,DF,26.0,0.0,,,,,0,,0,0,,1,,,,,,
Saudi Arabia,Ayman Fallatah,MF,22.0,0.0,,,,,0,,0,0,,2,,,,,,
Saudi Arabia,Mohammed Al Fatil,DF,34.0,0.0,,,,,0,,0,0,,1,,,,,,
Saudi Arabia,Ahmed Al Ghamdi,MF,24.0,0.0,,,,,0,,0,0,,1,,,,,,
Saudi Arabia,Khalid Al Ghannam,MF,25.0,0.0,,,,,0,,0,0,,2,,,,,,
Saudi Arabia,Talal Haji,FW,18.0,0.0,,,,,0,,0,0,,2,,,,,,
Saudi Arabia,Hammam Al Hammami,MF,22.0,0.0,,,,,0,,0,0,,2,,,,,,
Saudi Arabia,Ali Al Hassan,MF,28.0,0.0,,,,,0,,0,0,,2,,,,,,
Saudi Arabia,Abdulbasit Hindi,DF,28.0,0.0,,,,,0,,0,0,,1,,,,,,
Saudi Arabia,Abdullah Madu,DF,32.0,0.0,,,,,0,,0,0,,1,,,,,,
Saudi Arabia,Raghid Najjar,GK,29.0,0.0,,,,,0,,0,0,,8,,,,,,
Saudi Arabia,Saad Al Nasser,"DF,MF",25.0,0.0,,,,,0,,0,0,,2,,,,,,
Saudi Arabia,Muhanad Al Saad,FW,22.0,0.0,,,,,0,,0,0,,2,,,,,,
Saudi Arabia,Abdulrahman Al Sanbi,GK,24.0,0.0,,,,,0,,0,0,,5,,,,,,
Saudi Arabia,Hamed Al Shanqiti,GK,20.0,0.0,,,,,0,,0,0,,5,,,,,,
Saudi Arabia,Meshal Sibyani,DF,24.0,0.0,,,,,0,,0,0,,2,,,,,,
Saudi Arabia,Fawaz Al-Sqoor,DF,29.0,0.0,,,,,0,,0,0,,3,,,,,,
Saudi Arabia,Mohammed Sulaiman,DF,21.0,0.0,,,,,0,,0,0,,1,,,,,,
Saudi Arabia,Mohammed Al Yami,GK,28.0,0.0,,,,,0,,0,0,,9,,,,,,
Saudi Arabia,Salem Al-Dawsari,"MF,FW",34.8186,17.0,"1,384",81.0,66.9,15.4,16,85.0,11,1,26.0,0,1.59,17.0,13.0,4.0,0.26,0.0
Saudi Arabia,Firas Al-Buraikan,FW,26.0849,19.0,"1,353",71.0,65.4,15.0,17,75.0,1,2,39.0,1,1.16,13.0,19.0,-6.0,-0.4,-1.91
Saudi Arabia,Hassan Al Tambakti,DF,27.3422,16.0,"1,323",83.0,63.9,14.7,15,87.0,14,1,18.0,0,1.5,16.0,10.0,6.0,0.41,0.41
Saudi Arabia,Saud Abdulhamid,"MF,DF",26.9062,18.0,"1,283",71.0,62.0,14.3,14,84.0,10,4,29.0,1,1.55,15.0,14.0,1.0,0.07,-0.5
Saudi Arabia,Musab Al Juwayr,MF,22.9829,19.0,"1,061",56.0,51.3,11.8,14,70.0,3,5,16.0,0,1.26,13.0,13.0,0.0,0.0,-0.54
Saudi Arabia,Ali Lajami,DF,30.1396,14.0,979,70.0,47.3,10.9,11,77.0,7,3,45.0,3,1.43,11.0,10.0,1.0,0.09,-0.32
Saudi Arabia,Mohamed Kanno,MF,31.7255,15.0,972,65.0,47.0,10.8,12,75.0,5,3,24.0,0,1.4,9.0,17.0,-8.0,-0.74,-1.89
Saudi Arabia,Nasser Al-Dawsari,MF,27.4846,15.0,945,63.0,45.7,10.5,11,74.0,1,4,34.0,1,1.47,12.0,9.0,3.0,0.29,0.05
Saudi Arabia,Mohammed Al-Owais,GK,34.6762,11.0,934,85.0,45.1,10.4,11,85.0,10,0,,0,1.64,17.0,8.0,9.0,0.87,1.1
Saudi Arabia,Hassan Kadesh,"DF,MF",33.7693,15.0,916,61.0,44.3,10.2,11,78.0,7,4,15.0,2,1.8,16.0,9.0,7.0,0.69,0.77
Saudi Arabia,Nawaf Boushal,DF,26.742,9.0,648,72.0,31.3,7.2,7,83.0,5,2,33.0,0,1.33,9.0,6.0,3.0,0.42,0.23
Saudi Arabia,Nawaf Al Aqidi,GK,26.0958,7.0,630,90.0,30.4,7.0,7,90.0,7,0,,2,1.57,7.0,8.0,-1.0,-0.14,-0.58
Saudi Arabia,Ali Al-Bulaihi,DF,36.5613,7.0,630,90.0,38.9,7.0,7,90.0,7,0,,1,1.57,9.0,5.0,4.0,0.57,0.12
Saudi Arabia,Ayman Yahya,"FW,MF",25.0849,11.0,592,54.0,28.6,6.6,7,66.0,2,4,33.0,1,1.45,5.0,6.0,-1.0,-0.15,-0.58
Saudi Arabia,Marwan Al Sahafi,"FW,MF",22.3203,10.0,527,53.0,25.5,5.9,5,80.0,2,5,26.0,2,1.2,1.0,6.0,-5.0,-0.85,-1.5
Saudi Arabia,Abdullah Al-Khaibari,MF,29.8268,11.0,521,47.0,25.2,5.8,6,65.0,2,5,26.0,2,1.0,6.0,8.0,-2.0,-0.35,-0.81
Saudi Arabia,Faisal Al Ghamdi,MF,24.835,10.0,486,49.0,30.0,5.4,5,79.0,2,5,18.0,3,2.0,4.0,3.0,1.0,0.19,-0.45
Saudi Arabia,Ahmed Al-Kassar,GK,35.1013,6.0,480,80.0,23.2,5.3,5,85.0,4,1,56.0,12,0.83,2.0,5.0,-3.0,-0.56,-1.07
Saudi Arabia,Saleh Al-Shehri,FW,32.616,13.0,421,32.0,20.3,4.7,4,59.0,0,9,20.0,4,1.38,6.0,3.0,3.0,0.64,0.48
Saudi Arabia,Abdullah Al-Hamdan,MF,26.7502,12.0,417,35.0,20.1,4.6,3,65.0,0,9,25.0,3,1.33,5.0,2.0,3.0,0.65,0.48
Saudi Arabia,Moteb Al-Harbi,"MF,DF",26.3121,7.0,386,55.0,18.6,4.3,5,63.0,1,2,36.0,2,1.57,7.0,4.0,3.0,0.7,0.54
Saudi Arabia,Jehad Thakri,DF,24.898,5.0,379,76.0,18.3,4.2,4,84.0,3,1,45.0,2,1.8,5.0,2.0,3.0,0.71,0.55
Saudi Arabia,Abdullah Radif,FW,23.397,10.0,378,38.0,23.3,4.2,3,70.0,0,7,24.0,0,1.3,6.0,2.0,4.0,0.95,0.59
Saudi Arabia,Awn Al Saluli,DF,27.7803,7.0,375,54.0,23.1,4.2,4,85.0,3,3,12.0,5,2.43,9.0,1.0,8.0,1.92,1.85
Saudi Arabia,Mukhtar Ali,MF,28.6215,6.0,372,62.0,23.0,4.1,4,81.0,2,2,25.0,2,2.17,7.0,1.0,6.0,1.45,1.24
Saudi Arabia,Ziyad Al Johani,MF,24.5886,7.0,351,50.0,17.0,3.9,4,79.0,2,3,12.0,3,1.43,6.0,4.0,2.0,0.51,0.3
Saudi Arabia,Rayan Hamidou,DF,24.1697,5.0,344,69.0,16.6,3.8,4,79.0,3,1,29.0,3,0.8,5.0,4.0,1.0,0.26,0.0
Saudi Arabia,Abdulellah Al-Malki,MF,31.6735,5.0,316,63.0,19.5,3.5,4,76.0,0,1,13.0,1,2.0,5.0,3.0,2.0,0.57,0.09
Saudi Arabia,Abdulelah Al-Amri,DF,29.4107,6.0,278,46.0,13.4,3.1,4,60.0,1,2,19.0,1,0.83,2.0,7.0,-5.0,-1.62,-2.17
Saudi Arabia,Ali Majrashi,DF,26.6982,6.0,275,46.0,13.3,3.1,2,76.0,1,4,31.0,5,1.17,4.0,3.0,1.0,0.33,0.08
Saudi Arabia,Abdulrahman Ghareeb,FW,29.2053,8.0,264,33.0,16.3,2.9,2,67.0,0,6,22.0,2,1.75,6.0,0.0,6.0,2.05,1.85
Saudi Arabia,Abbas Al Hassan,MF,22.3066,4.0,182,46.0,11.2,2.0,2,73.0,1,2,19.0,3,2.5,6.0,0.0,6.0,2.97,2.78
Saudi Arabia,Sultan Al-Ghanam,MF,32.1068,4.0,179,45.0,11.0,2.0,2,82.0,0,2,8.0,2,1.25,4.0,1.0,3.0,1.51,1.13
Saudi Arabia,Yasser Al-Shahrani,DF,34.0548,3.0,177,59.0,10.9,2.0,2,84.0,1,1,9.0,1,1.33,0.0,2.0,-2.0,-1.02,-1.7
Saudi Arabia,Khalid Al Ghannam,MF,25.5969,4.0,172,43.0,8.3,1.9,2,62.0,0,2,24.0,3,1.0,3.0,4.0,-1.0,-0.52,0.12
Saudi Arabia,Saleh Waheeb,MF,23.8405,3.0,155,52.0,7.5,1.7,2,69.0,0,1,18.0,0,1.33,4.0,1.0,3.0,1.74,1.6
Saudi Arabia,Sultan Mendash,MF,31.6571,4.0,152,38.0,33.8,1.7,1,64.0,0,3,29.0,0,1.0,3.0,0.0,3.0,1.78,3.59
Saudi Arabia,Mohammed Abu Al-Shamat,"MF,FW",23.8405,3.0,147,49.0,32.7,1.6,2,61.0,0,1,26.0,0,1.33,1.0,2.0,-1.0,-0.61,-0.02
Saudi Arabia,Mohammed Marran,FW,25.3258,4.0,142,36.0,8.8,1.6,1,78.0,0,3,21.0,1,2.5,3.0,0.0,3.0,1.9,1.54
Saudi Arabia,Naif Masoud,MF,25.2683,2.0,105,53.0,23.3,1.2,1,60.0,0,1,45.0,0,0.0,1.0,1.0,0.0,0.0,0.78
Saudi Arabia,Salman Al-Faraj,MF,36.8679,2.0,91,46.0,20.2,1.0,1,61.0,0,1,30.0,0,0.0,0.0,6.0,-6.0,-5.93,-6.69
Saudi Arabia,Abdulrahman Al-Aboud,FW,31.0356,2.0,91,46.0,5.6,1.0,1,61.0,0,1,30.0,1,1.5,2.0,2.0,0.0,0.0,-0.53
Saudi Arabia,Mohammed Al-Breik,MF,33.7447,1.0,90,90.0,5.6,1.0,1,90.0,1,0,,2,1.0,1.0,1.0,0.0,0.0,-0.53
Saudi Arabia,Muteb Al Mufarrij,DF,29.8214,2.0,90,45.0,20.0,1.0,1,45.0,0,1,45.0,0,0.0,1.0,1.0,0.0,0.0,0.75
Saudi Arabia,Muhannad Shenqeeti,DF,27.2574,2.0,82,41.0,5.1,0.9,1,45.0,0,1,37.0,0,2.0,0.0,0.0,0.0,0.0,-0.53
Saudi Arabia,Ali Al Asmari,MF,29.4189,1.0,81,81.0,5.0,0.9,1,81.0,0,0,,1,1.0,0.0,0.0,0.0,0.0,-0.53
Saudi Arabia,Muath Fagihy,MF,24.0411,1.0,78,78.0,4.8,0.9,1,78.0,0,0,,1,3.0,2.0,0.0,2.0,2.31,1.9
Saudi Arabia,Alaa Al Hejji,MF,30.5284,3.0,74,25.0,16.4,0.8,0,,0,3,25.0,0,1.33,2.0,0.0,2.0,2.43,3.63
Saudi Arabia,Ali Hazazi,MF,32.3176,2.0,73,37.0,4.5,0.8,1,45.0,0,1,28.0,0,3.0,4.0,0.0,4.0,4.93,4.64
Saudi Arabia,Mohammed Mahzari,DF,24.0712,1.0,45,45.0,10.0,0.5,0,,0,1,45.0,0,0.0,0.0,2.0,-2.0,-4.0,-3.78
Saudi Arabia,Abdulaziz Al Elewai,MF,22.3368,1.0,45,45.0,10.0,0.5,1,45.0,0,0,,0,0.0,1.0,0.0,1.0,2.0,2.89
Saudi Arabia,Mohammed Al Qahtani,FW,23.8925,1.0,45,45.0,2.8,0.5,1,45.0,0,0,,1,0.0,0.0,1.0,-1.0,-2.0,-2.57
Saudi Arabia,Khalifah Al Dawsari,DF,27.4463,1.0,45,45.0,10.0,0.5,0,,0,1,45.0,0,0.0,0.0,2.0,-2.0,-4.0,-3.78
Saudi Arabia,Turki Al Ammar,MF,26.7201,1.0,30,30.0,1.4,0.3,0,,0,1,30.0,2,1.0,0.0,0.0,0.0,0.0,-0.51
Saudi Arabia,Abdulquddus Atiah,GK,29.2875,1.0,26,26.0,5.8,0.3,0,,0,1,26.0,2,3.0,1.0,0.0,1.0,3.46,4.31
Saudi Arabia,Eid Al Muwallad,MF,24.4983,1.0,26,26.0,1.6,0.3,0,,0,1,26.0,1,3.0,0.0,0.0,0.0,0.0,-0.51
Saudi Arabia,Fahad Al Muwallad,"FW,MF",31.7474,2.0,21,11.0,1.3,0.2,0,,0,2,11.0,0,2.0,1.0,0.0,1.0,4.29,3.84
Saudi Arabia,Abdulla Al Salem,"FW,MF",33.4846,1.0,18,18.0,1.1,0.2,0,,0,1,18.0,2,3.0,0.0,0.0,0.0,0.0,-0.51
Saudi Arabia,Sami Al-Najei,MF,29.3477,1.0,13,13.0,0.8,0.1,0,,0,1,13.0,3,3.0,0.0,0.0,0.0,0.0,-0.5
Saudi Arabia,Saad Al Mosa,DF,23.5092,1.0,2,2.0,0.1,0.0,0,,0,1,2.0,3,1.0,0.0,0.0,0.0,0.0,-0.5
Saudi Arabia,Hammam Al Hammami,MF,22.3696,0.0,,,,,0,,0,0,,2,,,,,,
Saudi Arabia,Ayman Fallatah,MF,22.6982,0.0,,,,,0,,0,0,,2,,,,,,
Saudi Arabia,Mohammed Al Majhad,MF,27.9117,0.0,,,,,0,,0,0,,1,,,,,,
Saudi Arabia,Muhanad Al Saad,FW,22.9582,0.0,,,,,0,,0,0,,2,,,,,,
Saudi Arabia,Talal Haji,FW,18.742,0.0,,,,,0,,0,0,,2,,,,,,
Saudi Arabia,Hamed Al Shanqiti,GK,21.1342,0.0,,,,,0,,0,0,,5,,,,,,
Saudi Arabia,Murad Al Hawsawi,MF,25.0301,0.0,,,,,0,,0,0,,1,,,,,,
Saudi Arabia,Abdulrahman Al Sanbi,GK,25.3587,0.0,,,,,0,,0,0,,6,,,,,,
Saudi Arabia,Saad Al Nasser,"DF,MF",25.4298,0.0,,,,,0,,0,0,,2,,,,,,
Saudi Arabia,Meshal Sibyani,DF,25.1752,0.0,,,,,0,,0,0,,2,,,,,,
Saudi Arabia,Mohammed Sulaiman,DF,22.1834,0.0,,,,,0,,0,0,,1,,,,,,
Saudi Arabia,Raghid Najjar,GK,29.731,0.0,,,,,0,,0,0,,8,,,,,,
Saudi Arabia,Waleed Al Ahmad,DF,27.115,0.0,,,,,0,,0,0,,1,,,,,,
Saudi Arabia,Abdulbasit Hindi,DF,29.3614,0.0,,,,,0,,0,0,,1,,,,,,
Saudi Arabia,Ali Al Hassan,MF,29.2793,0.0,,,,,0,,0,0,,2,,,,,,
Saudi Arabia,Mohammed Al Fatil,DF,34.4408,0.0,,,,,0,,0,0,,1,,,,,,
Saudi Arabia,Abdullah Madu,DF,32.9144,0.0,,,,,0,,0,0,,1,,,,,,
Saudi Arabia,Ahmed Al Ghamdi,MF,24.731,0.0,,,,,0,,0,0,,1,,,,,,
Saudi Arabia,Fawaz Al-Sqoor,DF,30.1424,0.0,,,,,0,,0,0,,3,,,,,,
Saudi Arabia,Mohammed Al Yami,GK,28.8323,0.0,,,,,0,,0,0,,11,,,,,,
Scotland,Lewis Ferguson,MF,26.8049,1.0,90.0,90.0,100.0,1.0,1,90.0,1,0,,0,3.0,1.0,0.0,1.0,1.0,
Scotland,Angus Gunn,GK,30.3915,1.0,90.0,90.0,100.0,1.0,1,90.0,1,0,,0,3.0,1.0,0.0,1.0,1.0,
Scotland,Grant Hanley,DF,34.564,1.0,90.0,90.0,100.0,1.0,1,90.0,1,0,,0,3.0,1.0,0.0,1.0,1.0,
Scotland,Jack Hendry,DF,31.104,1.0,90.0,90.0,100.0,1.0,1,90.0,1,0,,0,3.0,1.0,0.0,1.0,1.0,
Scotland,Scott McTominay,MF,29.5147,1.0,90.0,90.0,100.0,1.0,1,90.0,1,0,,0,3.0,1.0,0.0,1.0,1.0,
Scotland,Andy Robertson,DF,32.2601,1.0,90.0,90.0,100.0,1.0,1,90.0,1,0,,0,3.0,1.0,0.0,1.0,1.0,
Scotland,John McGinn,MF,31.6543,1.0,82.0,82.0,91.1,0.9,1,82.0,0,0,,0,3.0,1.0,0.0,1.0,1.1,1.1
Scotland,Lawrence Shankland,FW,30.8433,1.0,82.0,82.0,91.1,0.9,1,82.0,0,0,,0,3.0,1.0,0.0,1.0,1.1,1.1
Scotland,Ché Adams,FW,29.9199,1.0,74.0,74.0,82.2,0.8,1,74.0,0,0,,0,3.0,1.0,0.0,1.0,1.22,1.22
Scotland,Ben Gannon-Doak,MF,20.5886,1.0,74.0,74.0,82.2,0.8,1,74.0,0,0,,0,3.0,1.0,0.0,1.0,1.22,1.22
Scotland,Aaron Hickey,DF,24.011,1.0,74.0,74.0,82.2,0.8,1,74.0,0,0,,0,3.0,1.0,0.0,1.0,1.22,1.22
Scotland,Ryan Christie,"FW,MF",31.3066,1.0,16.0,16.0,17.8,0.2,0,,0,1,16.0,0,3.0,0.0,0.0,0.0,0.0,-1.22
Scotland,Lyndon Dykes,"FW,MF",30.6845,1.0,16.0,16.0,17.8,0.2,0,,0,1,16.0,0,3.0,0.0,0.0,0.0,0.0,-1.22
Scotland,Nathan Patterson,DF,24.6598,1.0,16.0,16.0,17.8,0.2,0,,0,1,16.0,0,3.0,0.0,0.0,0.0,0.0,-1.22
Scotland,Findlay Curtis,MF,19.7009,1.0,8.0,8.0,8.9,0.1,0,,0,1,8.0,0,3.0,0.0,0.0,0.0,0.0,-1.1
Scotland,Kenny McLean,"DF,MF",34.4298,1.0,8.0,8.0,8.9,0.1,0,,0,1,8.0,0,3.0,0.0,0.0,0.0,0.0,-1.1
Scotland,Tyler Fletcher,MF,19.2382,0.0,,,,,0,,0,0,,1,,,,,,
Scotland,Craig Gordon,GK,43.4517,0.0,,,,,0,,0,0,,1,,,,,,
Scotland,George Hirst,FW,27.3258,0.0,,,,,0,,0,0,,1,,,,,,
Scotland,Dominic Hyam,DF,30.4819,0.0,,,,,0,,0,0,,1,,,,,,
Scotland,Liam Kelly,GK,30.3888,0.0,,,,,0,,0,0,,1,,,,,,
Scotland,Scott McKenna,DF,29.5859,0.0,,,,,0,,0,0,,1,,,,,,
Scotland,Anthony Ralston,DF,27.5749,0.0,,,,,0,,0,0,,1,,,,,,
Scotland,John Souttar,DF,29.7173,0.0,,,,,0,,0,0,,1,,,,,,
Scotland,Ross Stewart,FW,29.9254,0.0,,,,,0,,0,0,,1,,,,,,
Scotland,Kieran Tierney,"DF,MF",29.0246,0.0,,,,,0,,0,0,,1,,,,,,
Scotland,Andy Robertson,"DF,MF",32.2601,4.0,281.0,70.0,78.1,3.1,4,70.0,1,0,,0,1.5,7.0,2.0,5.0,1.6,1.6
Scotland,Ryan Christie,MF,31.3066,4.0,231.0,58.0,64.2,2.6,3,68.0,1,1,28.0,0,1.5,8.0,3.0,5.0,1.95,1.95
Scotland,Scott McTominay,MF,29.5147,3.0,184.0,61.0,51.1,2.0,3,61.0,0,0,,0,1.0,4.0,1.0,3.0,1.47,0.44
Scotland,Kenny McLean,MF,34.4298,4.0,222.0,56.0,61.7,2.5,2,90.0,2,2,21.0,0,1.5,4.0,2.0,2.0,0.81,-1.15
Scotland,Lewis Ferguson,MF,26.8049,3.0,214.0,71.0,59.4,2.4,2,85.0,1,1,45.0,0,1.0,4.0,1.0,3.0,1.26,0.03
Scotland,Angus Gunn,GK,30.3915,2.0,180.0,90.0,50.0,2.0,2,90.0,2,0,,2,1.5,4.0,1.0,3.0,1.5,0.5
Scotland,George Hirst,FW,27.3258,4.0,178.0,45.0,49.4,2.0,2,61.0,0,2,29.0,0,1.5,1.0,3.0,-2.0,-1.01,-4.47
Scotland,Jack Hendry,DF,31.104,2.0,169.0,85.0,46.9,1.9,2,85.0,1,0,,2,1.5,4.0,1.0,3.0,1.6,0.66
Scotland,John Souttar,DF,29.7173,3.0,146.0,49.0,40.6,1.6,2,68.0,1,1,11.0,1,2.0,1.0,2.0,-1.0,-0.62,-3.14
Scotland,Ché Adams,FW,29.9199,2.0,137.0,69.0,38.1,1.5,2,69.0,0,0,,1,1.5,4.0,1.0,3.0,1.97,1.16
Scotland,Lawrence Shankland,FW,30.8433,2.0,137.0,69.0,38.1,1.5,2,69.0,0,0,,0,3.0,7.0,1.0,6.0,3.94,4.35
Scotland,Scott McKenna,DF,29.5859,2.0,135.0,68.0,37.5,1.5,2,68.0,1,0,,2,1.5,1.0,2.0,-1.0,-0.67,-3.07
Scotland,Billy Gilmour,MF,25.0082,3.0,130.0,43.0,36.1,1.4,2,55.0,0,1,20.0,0,1.0,0.0,3.0,-3.0,-2.08,-5.21
Scotland,Ben Gannon-Doak,MF,20.5886,2.0,106.0,53.0,29.4,1.2,2,53.0,0,0,,0,3.0,5.0,1.0,4.0,3.4,3.04
Scotland,Aaron Hickey,DF,24.011,2.0,106.0,53.0,29.4,1.2,2,53.0,0,0,,0,3.0,5.0,1.0,4.0,3.4,3.04
Scotland,Kieran Tierney,DF,29.0246,3.0,155.0,52.0,43.1,1.7,1,90.0,1,2,33.0,0,1.0,0.0,2.0,-2.0,-1.16,-4.23
Scotland,Nathan Patterson,DF,24.6598,3.0,154.0,51.0,42.8,1.7,1,80.0,0,2,37.0,1,1.0,3.0,0.0,3.0,1.75,0.88
Scotland,Dominic Hyam,DF,30.4819,3.0,146.0,49.0,40.6,1.6,1,90.0,1,2,28.0,1,2.0,3.0,1.0,2.0,1.23,-0.03
Scotland,John McGinn,MF,31.6543,3.0,129.0,43.0,35.8,1.4,1,62.0,0,2,34.0,0,1.0,0.0,0.0,0.0,0.0,-1.95
Scotland,Grant Hanley,DF,34.564,2.0,124.0,62.0,34.4,1.4,1,79.0,0,1,45.0,1,3.0,7.0,0.0,7.0,5.08,5.84
Scotland,Lyndon Dykes,FW,30.6845,3.0,121.0,40.0,33.6,1.3,1,62.0,0,2,30.0,1,1.0,3.0,0.0,3.0,2.23,1.48
Scotland,Tommy Conway,MF,23.8542,2.0,93.0,47.0,25.8,1.0,1,79.0,0,1,14.0,0,0.0,0.0,0.0,0.0,0.0,-1.69
Scotland,Craig Gordon,GK,43.4517,1.0,76.0,76.0,21.1,0.8,1,76.0,0,0,,1,3.0,3.0,1.0,2.0,2.37,1.42
Scotland,Ross McCrorie,MF,28.2409,1.0,61.0,61.0,16.9,0.7,1,61.0,0,0,,1,0.0,0.0,1.0,-1.0,-1.48,-3.28
Scotland,Liam Kelly,GK,30.3888,2.0,59.0,30.0,16.4,0.7,1,45.0,0,1,14.0,2,1.5,1.0,1.0,0.0,0.0,-1.5
Scotland,Findlay Curtis,MF,19.7009,3.0,89.0,30.0,24.7,1.0,0,,0,3,30.0,1,2.0,4.0,1.0,3.0,3.03,2.37
Scotland,Tyler Fletcher,MF,19.2382,2.0,56.0,28.0,15.6,0.6,0,,0,2,28.0,0,3.0,3.0,0.0,3.0,4.82,4.23
Scotland,Anthony Ralston,DF,27.5749,3.0,53.0,18.0,14.7,0.6,0,,0,3,18.0,1,2.0,1.0,1.0,0.0,0.0,-1.47
Scotland,Scott Bain,GK,34.5585,1.0,45.0,45.0,12.5,0.5,0,,0,1,45.0,1,0.0,0.0,0.0,0.0,0.0,-1.43
Scotland,Ross Stewart,FW,29.9254,1.0,29.0,29.0,8.1,0.3,0,,0,1,29.0,0,3.0,0.0,0.0,0.0,0.0,-1.36
Scotland,James Wilson,FW,19.2738,1.0,14.0,14.0,3.9,0.2,0,,0,1,14.0,0,3.0,1.0,0.0,1.0,6.43,5.39
Scotland,Luke Graham,DF,22.3368,0.0,,,,,0,,0,0,,1,,,,,,
Scotland,Andy Irving,MF,26.0876,0.0,,,,,0,,0,0,,2,,,,,,
Scotland,Lennon Miller,MF,19.8022,0.0,,,,,0,,0,0,,2,,,,,,
Scotland,John McGinn,MF,31.0,6.0,540.0,90.0,100.0,6.0,6,90.0,6,0,,0,2.17,13.0,7.0,6.0,1.0,
Scotland,Scott McTominay,MF,29.0,6.0,539.0,90.0,99.8,6.0,6,90.0,5,0,,0,2.17,13.0,7.0,6.0,1.0,1.0
Scotland,Andy Robertson,DF,31.0,6.0,539.0,90.0,99.8,6.0,6,90.0,5,0,,0,2.17,12.0,7.0,5.0,0.83,-89.17
Scotland,Lewis Ferguson,MF,26.0,5.0,450.0,90.0,83.3,5.0,5,90.0,5,0,,0,2.0,11.0,6.0,5.0,1.0,0.0
Scotland,Ché Adams,"FW,MF",29.0,6.0,441.0,74.0,81.7,4.9,5,83.0,0,1,27.0,0,2.17,11.0,5.0,6.0,1.22,1.22
Scotland,Ben Gannon-Doak,"MF,FW",20.0,6.0,335.0,56.0,62.0,3.7,5,65.0,0,1,8.0,0,2.17,7.0,3.0,4.0,1.07,0.2
Scotland,John Souttar,DF,29.0,5.0,379.0,76.0,70.2,4.2,4,90.0,4,1,19.0,0,2.0,8.0,5.0,3.0,0.71,-0.96
Scotland,Angus Gunn,GK,30.0,4.0,360.0,90.0,66.7,4.0,4,90.0,4,0,,0,2.5,7.0,2.0,5.0,1.25,0.75
Scotland,Grant Hanley,DF,34.0,4.0,344.0,86.0,63.7,3.8,4,86.0,3,0,,2,1.75,9.0,6.0,3.0,0.78,-0.59
Scotland,Ryan Christie,"MF,FW",30.0,5.0,325.0,65.0,60.2,3.6,4,77.0,0,1,17.0,0,2.0,5.0,5.0,0.0,0.0,-2.51
Scotland,Aaron Hickey,DF,23.0,5.0,289.0,58.0,53.5,3.2,4,68.0,0,1,17.0,0,2.0,3.0,4.0,-1.0,-0.31,-2.82
Scotland,Scott McKenna,DF,29.0,5.0,287.0,57.0,53.1,3.2,3,90.0,3,2,9.0,1,2.4,9.0,3.0,6.0,1.88,1.88
Scotland,Billy Gilmour,MF,24.0,3.0,201.0,67.0,37.2,2.2,2,85.0,0,1,32.0,1,3.0,7.0,1.0,6.0,2.69,2.69
Scotland,Craig Gordon,GK,43.0,2.0,180.0,90.0,33.3,2.0,2,90.0,2,0,,2,1.5,6.0,5.0,1.0,0.5,-0.75
Scotland,Lyndon Dykes,FW,30.0,6.0,173.0,29.0,32.0,1.9,2,73.0,0,4,7.0,0,2.17,2.0,2.0,0.0,0.0,-1.47
Scotland,Kenny McLean,MF,34.0,4.0,176.0,44.0,32.6,2.0,1,90.0,1,3,29.0,2,2.5,5.0,3.0,2.0,1.02,0.03
Scotland,Anthony Ralston,DF,27.0,3.0,119.0,40.0,22.0,1.3,1,71.0,0,2,24.0,1,2.0,4.0,1.0,3.0,2.27,1.63
Scotland,Max Johnston,DF,22.0,2.0,94.0,47.0,17.4,1.0,1,73.0,0,1,21.0,1,2.0,2.0,0.0,2.0,1.91,1.11
Scotland,Jack Hendry,DF,30.0,1.0,71.0,71.0,13.1,0.8,1,71.0,0,0,,5,3.0,1.0,0.0,1.0,1.27,0.31
Scotland,Kieran Tierney,"DF,MF",28.0,3.0,46.0,15.0,8.5,0.5,0,,0,3,15.0,1,3.0,5.0,2.0,3.0,5.87,5.32
Scotland,Lawrence Shankland,"FW,MF",30.0,2.0,36.0,18.0,6.7,0.4,0,,0,2,18.0,0,1.5,3.0,1.0,2.0,5.0,4.29
Scotland,George Hirst,FW,26.0,2.0,11.0,6.0,2.0,0.1,0,,0,2,6.0,4,0.5,0.0,0.0,0.0,0.0,-1.02
Scotland,Lennon Miller,MF,19.0,2.0,4.0,2.0,0.7,0.0,0,,0,2,2.0,2,3.0,0.0,1.0,-1.0,-22.5,-23.68
Scotland,Kieron Bowie,"FW,MF",23.0,1.0,1.0,1.0,0.2,0.0,0,,0,1,1.0,3,3.0,0.0,1.0,-1.0,-90.0,-91.17
Scotland,Scott Bain,GK,34.0,0.0,,,,,0,,0,0,,2,,,,,,
Scotland,Connor Barron,MF,23.0,0.0,,,,,0,,0,0,,3,,,,,,
Scotland,Zander Clark,GK,33.0,0.0,,,,,0,,0,0,,2,,,,,,
Scotland,Josh Doig,"DF,MF",23.0,0.0,,,,,0,,0,0,,2,,,,,,
Scotland,Andy Irving,MF,25.0,0.0,,,,,0,,0,0,,2,,,,,,
Scotland,Liam Kelly,GK,30.0,0.0,,,,,0,,0,0,,6,,,,,,
Scotland,Josh Mulligan,MF,23.0,0.0,,,,,0,,0,0,,1,,,,,,
Scotland,Andy Robertson,DF,32.2601,11.0,910.0,83.0,91.9,10.1,11,83.0,7,0,,0,2.0,20.0,9.0,11.0,1.09,-0.04
Scotland,Scott McTominay,MF,29.5147,10.0,813.0,81.0,82.1,9.0,10,81.0,6,0,,0,1.9,18.0,8.0,10.0,1.11,0.09
Scotland,Lewis Ferguson,MF,26.8049,9.0,754.0,84.0,76.2,8.4,8,89.0,7,1,45.0,0,1.78,16.0,7.0,9.0,1.07,-0.07
Scotland,John McGinn,MF,31.6543,10.0,751.0,75.0,75.9,8.3,8,86.0,6,2,34.0,0,1.9,14.0,7.0,7.0,0.84,-1.04
Scotland,Ché Adams,FW,29.9199,9.0,652.0,72.0,65.9,7.2,8,78.0,0,1,27.0,1,2.11,16.0,6.0,10.0,1.38,0.85
Scotland,Angus Gunn,GK,30.3915,7.0,630.0,90.0,63.6,7.0,7,90.0,7,0,,2,2.29,12.0,3.0,9.0,1.29,0.54
Scotland,Ryan Christie,"FW,MF",31.3066,10.0,572.0,57.0,57.8,6.4,7,73.0,1,3,20.0,0,1.9,13.0,8.0,5.0,0.79,-0.72
Scotland,Grant Hanley,DF,34.564,7.0,558.0,80.0,56.4,6.2,6,86.0,4,1,45.0,3,2.29,17.0,6.0,11.0,1.77,1.57
Scotland,John Souttar,DF,29.7173,8.0,525.0,66.0,53.0,5.8,6,83.0,5,2,15.0,2,2.0,9.0,7.0,2.0,0.34,-1.82
Scotland,Ben Gannon-Doak,MF,20.5886,9.0,515.0,57.0,52.0,5.7,8,63.0,0,1,8.0,0,2.45,13.0,4.0,9.0,1.57,1.0
Scotland,Aaron Hickey,DF,24.011,8.0,469.0,59.0,47.4,5.2,7,65.0,0,1,17.0,0,2.38,9.0,5.0,4.0,0.77,-0.61
Scotland,Scott McKenna,DF,29.5859,7.0,422.0,60.0,42.6,4.7,5,81.0,4,2,9.0,4,2.14,10.0,5.0,5.0,1.07,-0.06
Scotland,Kenny McLean,"DF,MF",34.4298,9.0,406.0,45.0,41.0,4.5,3,90.0,3,6,23.0,2,2.11,9.0,5.0,4.0,0.89,-0.35
Scotland,Billy Gilmour,MF,25.0082,6.0,331.0,55.0,36.8,3.7,4,70.0,0,2,26.0,1,2.0,7.0,4.0,3.0,0.82,-0.45
Scotland,Jack Hendry,DF,31.104,4.0,330.0,83.0,33.3,3.7,4,83.0,2,0,,7,2.25,6.0,1.0,5.0,1.36,0.41
Scotland,Lyndon Dykes,"FW,MF",30.6845,10.0,310.0,31.0,31.3,3.4,3,69.0,0,7,15.0,1,1.9,5.0,2.0,3.0,0.87,-0.32
Scotland,Craig Gordon,GK,43.4517,3.0,256.0,85.0,25.9,2.8,3,85.0,2,0,,4,2.0,9.0,6.0,3.0,1.05,-0.06
Scotland,Lawrence Shankland,FW,30.8433,5.0,255.0,51.0,25.8,2.8,3,73.0,0,2,18.0,0,2.4,11.0,2.0,9.0,3.18,2.81
Scotland,Kieran Tierney,"DF,MF",29.0246,6.0,201.0,34.0,20.3,2.2,1,90.0,1,5,22.0,2,2.0,5.0,4.0,1.0,0.45,-0.84
Scotland,George Hirst,FW,27.3258,6.0,189.0,32.0,19.1,2.1,2,61.0,0,4,17.0,5,1.17,1.0,3.0,-2.0,-0.95,-2.6
Scotland,Anthony Ralston,DF,27.5749,6.0,172.0,29.0,17.4,1.9,1,71.0,0,5,20.0,3,2.0,5.0,2.0,3.0,1.57,0.58
Scotland,Nathan Patterson,DF,24.6598,4.0,170.0,43.0,37.8,1.9,1,80.0,0,3,30.0,1,1.5,3.0,0.0,3.0,1.59,0.62
Scotland,Dominic Hyam,DF,30.4819,3.0,146.0,49.0,32.4,1.6,1,90.0,1,2,28.0,2,2.0,3.0,1.0,2.0,1.23,-0.03
Scotland,Findlay Curtis,MF,19.7009,4.0,97.0,24.0,21.6,1.1,0,,0,4,24.0,1,2.25,4.0,1.0,3.0,2.78,2.02
Scotland,Max Johnston,DF,22.4654,2.0,94.0,47.0,17.4,1.0,1,73.0,0,1,21.0,1,2.0,2.0,0.0,2.0,1.91,1.11
Scotland,Tommy Conway,MF,23.8542,2.0,93.0,47.0,25.8,1.0,1,79.0,0,1,14.0,0,0.0,0.0,0.0,0.0,0.0,-1.69
Scotland,Ross McCrorie,MF,28.2409,1.0,61.0,61.0,16.9,0.7,1,61.0,0,0,,1,0.0,0.0,1.0,-1.0,-1.48,-3.28
Scotland,Liam Kelly,GK,30.3888,2.0,59.0,30.0,6.0,0.7,1,45.0,0,1,14.0,9,1.5,1.0,1.0,0.0,0.0,-1.5
Scotland,Tyler Fletcher,MF,19.2382,2.0,56.0,28.0,12.4,0.6,0,,0,2,28.0,1,3.0,3.0,0.0,3.0,4.82,4.23
Scotland,Scott Bain,GK,34.5585,1.0,45.0,45.0,5.0,0.5,0,,0,1,45.0,3,0.0,0.0,0.0,0.0,0.0,-1.43
Scotland,Ross Stewart,FW,29.9254,1.0,29.0,29.0,6.4,0.3,0,,0,1,29.0,1,3.0,0.0,0.0,0.0,0.0,-1.36
Scotland,James Wilson,FW,19.2738,1.0,14.0,14.0,3.9,0.2,0,,0,1,14.0,0,3.0,1.0,0.0,1.0,6.43,5.39
Scotland,Lennon Miller,MF,19.8022,2.0,4.0,2.0,0.4,0.0,0,,0,2,2.0,4,3.0,0.0,1.0,-1.0,-22.5,-23.68
Scotland,Kieron Bowie,"FW,MF",23.7283,1.0,1.0,1.0,0.2,0.0,0,,0,1,1.0,3,3.0,0.0,1.0,-1.0,-90.0,-91.17
Scotland,Josh Mulligan,MF,23.5859,0.0,,,,,0,,0,0,,1,,,,,,
Scotland,Josh Doig,"DF,MF",24.0739,0.0,,,,,0,,0,0,,2,,,,,,
Scotland,Connor Barron,MF,23.7912,0.0,,,,,0,,0,0,,3,,,,,,
Scotland,Andy Irving,MF,26.0876,0.0,,,,,0,,0,0,,4,,,,,,
Scotland,Zander Clark,GK,33.9665,0.0,,,,,0,,0,0,,2,,,,,,
Scotland,Luke Graham,DF,22.3368,0.0,,,,,0,,0,0,,1,,,,,,
Senegal,Kalidou Koulibaly,DF,34.0,10.0,900.0,90.0,100.0,10.0,10,90.0,10,0,,0,2.4,22.0,3.0,19.0,1.9,
Senegal,Édouard Mendy,GK,33.0,9.0,810.0,90.0,90.0,9.0,9,90.0,9,0,,0,2.33,18.0,3.0,15.0,1.67,-2.33
Senegal,Idrissa Gueye,MF,36.0,9.0,757.0,84.0,84.1,8.4,9,84.0,5,0,,1,2.33,19.0,2.0,17.0,2.02,0.76
Senegal,Krépin Diatta,DF,26.0,8.0,692.0,87.0,76.9,7.7,8,87.0,7,0,,0,2.5,20.0,2.0,18.0,2.34,1.91
Senegal,Moussa Niakhaté,DF,29.0,8.0,688.0,86.0,76.4,7.6,8,86.0,7,0,,1,2.25,18.0,1.0,17.0,2.22,1.37
Senegal,Sadio Mané,"FW,MF",33.0,8.0,638.0,80.0,70.9,7.1,8,80.0,3,0,,0,2.5,17.0,2.0,15.0,2.12,0.74
Senegal,Iliman Ndiaye,"FW,MF",25.0,8.0,606.0,76.0,67.3,6.7,8,76.0,1,0,,0,2.5,18.0,2.0,16.0,2.38,1.46
Senegal,Pape Matar Sarr,MF,23.0,10.0,649.0,65.0,72.1,7.2,7,81.0,3,3,27.0,0,2.4,17.0,1.0,16.0,2.22,1.14
Senegal,Ismaila Sarr,"MF,FW",27.0,7.0,517.0,74.0,57.4,5.7,6,83.0,4,1,17.0,1,2.14,10.0,1.0,9.0,1.57,-0.78
Senegal,Lamine Camara,MF,22.0,8.0,444.0,56.0,49.3,4.9,5,77.0,1,3,20.0,0,2.25,9.0,2.0,7.0,1.42,-0.95
Senegal,El Hadji Malick Diouf,DF,21.0,4.0,360.0,90.0,40.0,4.0,4,90.0,4,0,,0,3.0,14.0,2.0,12.0,3.0,1.83
Senegal,Nicolas Jackson,FW,24.0,7.0,347.0,50.0,38.6,3.9,4,74.0,0,3,18.0,0,2.43,10.0,3.0,7.0,1.82,-0.14
Senegal,Habib Diallo,FW,30.0,5.0,327.0,65.0,36.3,3.6,4,79.0,1,1,12.0,3,2.6,9.0,0.0,9.0,2.48,0.91
Senegal,Pape Gueye,MF,27.0,5.0,319.0,64.0,35.4,3.5,4,73.0,1,1,29.0,1,2.2,7.0,3.0,4.0,1.13,-1.2
Senegal,Abdoulaye Seck,DF,33.0,4.0,302.0,76.0,33.6,3.4,3,90.0,3,1,32.0,6,2.5,5.0,3.0,2.0,0.6,-1.96
Senegal,Habib Diarra,MF,22.0,4.0,220.0,55.0,24.4,2.4,3,64.0,1,1,27.0,0,2.5,5.0,1.0,4.0,1.64,-0.35
Senegal,Ismail Jakobs,DF,26.0,2.0,180.0,90.0,20.0,2.0,2,90.0,2,0,,2,2.0,4.0,0.0,4.0,2.0,0.13
Senegal,Boulaye Dia,FW,29.0,3.0,168.0,56.0,18.7,1.9,2,80.0,0,1,8.0,2,2.33,2.0,0.0,2.0,1.07,-1.02
Senegal,Antoine Mendy,DF,21.0,2.0,126.0,63.0,14.0,1.4,1,90.0,1,1,36.0,4,2.0,1.0,0.0,1.0,0.71,-1.38
Senegal,Abdou Diallo,DF,29.0,2.0,108.0,54.0,12.0,1.2,1,90.0,1,1,18.0,4,3.0,1.0,0.0,1.0,0.83,-1.21
Senegal,Assane Diao,FW,20.0,2.0,102.0,51.0,11.3,1.1,1,90.0,1,1,12.0,0,2.0,2.0,0.0,2.0,1.76,-0.15
Senegal,Mory Diaw,GK,32.0,1.0,90.0,90.0,10.0,1.0,1,90.0,1,0,,9,3.0,4.0,0.0,4.0,4.0,2.33
Senegal,Ilay Camara,DF,23.0,2.0,74.0,37.0,8.2,0.8,1,54.0,0,1,20.0,2,3.0,2.0,0.0,2.0,2.43,0.58
Senegal,Cheikhou Kouyaté,MF,36.0,1.0,64.0,64.0,7.1,0.7,1,64.0,0,0,,1,1.0,0.0,0.0,0.0,0.0,-2.05
Senegal,Pathé Ciss,"DF,MF",31.0,7.0,113.0,16.0,12.6,1.3,0,,0,7,16.0,3,2.43,1.0,1.0,0.0,0.0,-2.17
Senegal,Cherif Ndiaye,"FW,MF",30.0,5.0,81.0,16.0,9.0,0.9,0,,0,5,16.0,3,2.2,2.0,0.0,2.0,2.22,0.35
Senegal,Formose Mendy,DF,25.0,2.0,73.0,37.0,8.1,0.8,0,,0,2,37.0,2,3.0,0.0,0.0,0.0,0.0,-2.07
Senegal,Cheikh Tidiane Sabaly,"FW,MF",26.0,4.0,54.0,14.0,6.0,0.6,0,,0,4,14.0,0,3.0,3.0,0.0,3.0,5.0,3.3
Senegal,Dion Lopy,MF,23.0,1.0,27.0,27.0,3.0,0.3,0,,0,1,27.0,3,3.0,0.0,0.0,0.0,0.0,-1.96
Senegal,Abdallah Sima,"FW,MF",24.0,3.0,26.0,9.0,2.9,0.3,0,,0,3,9.0,1,1.67,0.0,1.0,-1.0,-3.46,-5.52
Senegal,Nampalys Mendy,MF,33.0,2.0,19.0,10.0,2.1,0.2,0,,0,2,10.0,1,3.0,1.0,0.0,1.0,4.74,2.9
Senegal,Cheikh Niasse,MF,26.0,1.0,19.0,19.0,2.1,0.2,0,,0,1,19.0,1,3.0,1.0,0.0,1.0,4.74,2.9
Senegal,Fodé Ballo-Touré,"DF,MF",29.0,0.0,,,,,0,,0,0,,2,,,,,,
Senegal,Seny Dieng,GK,31.0,0.0,,,,,0,,0,0,,4,,,,,,
Senegal,Yehvann Diouf,GK,26.0,0.0,,,,,0,,0,0,,6,,,,,,
Senegal,Noah Fadiga,"DF,MF",26.0,0.0,,,,,0,,0,0,,1,,,,,,
Senegal,Mamadou Lamine Camara,MF,23.0,0.0,,,,,0,,0,0,,1,,,,,,
Senegal,Samba Mballo,GK,23.0,0.0,,,,,0,,0,0,,1,,,,,,
Senegal,Moustapha Mbow,DF,25.0,0.0,,,,,0,,0,0,,3,,,,,,
Senegal,Moussa N'Diaye,DF,23.0,0.0,,,,,0,,0,0,,2,,,,,,
Senegal,Abdoulaye Ndiaye,DF,23.0,0.0,,,,,0,,0,0,,3,,,,,,
Senegal,Mikayil Ngor Faye,MF,21.0,0.0,,,,,0,,0,0,,2,,,,,,
Senegal,Mamadou Sarr,DF,20.7912,4.0,330.0,83.0,91.7,3.7,4,83.0,2,0,,0,1.75,7.0,4.0,3.0,0.82,0.82
Senegal,Krépin Diatta,"DF,MF",27.2984,4.0,306.0,77.0,85.0,3.4,4,77.0,2,0,,0,1.75,5.0,3.0,2.0,0.59,-1.08
Senegal,Lamine Camara,MF,22.449,4.0,255.0,64.0,70.8,2.8,3,69.0,0,1,49.0,0,1.75,6.0,3.0,3.0,1.06,1.06
Senegal,Habib Diarra,MF,22.4435,4.0,238.0,60.0,66.1,2.6,3,71.0,0,1,24.0,0,1.75,4.0,4.0,0.0,0.0,-2.21
Senegal,Moussa Niakhaté,DF,30.2683,3.0,201.0,67.0,55.8,2.2,2,90.0,2,1,21.0,1,1.33,2.0,0.0,2.0,0.9,0.33
Senegal,Mory Diaw,GK,32.9774,2.0,180.0,90.0,50.0,2.0,2,90.0,2,0,,2,1.5,4.0,3.0,1.0,0.5,-0.5
Senegal,El Hadji Malick Diouf,"MF,DF",21.46,3.0,180.0,60.0,50.0,2.0,2,68.0,1,1,45.0,1,1.33,4.0,2.0,2.0,1.0,0.5
Senegal,Ismail Jakobs,DF,26.8241,3.0,180.0,60.0,50.0,2.0,2,68.0,1,1,45.0,1,1.33,3.0,2.0,1.0,0.5,-0.5
Senegal,Ismaila Sarr,"MF,FW",28.2984,3.0,171.0,57.0,47.5,1.9,2,71.0,0,1,29.0,0,2.33,4.0,1.0,3.0,1.58,1.58
Senegal,Pathé Ciss,MF,32.2464,2.0,169.0,85.0,46.9,1.9,2,85.0,0,0,,1,2.0,2.0,1.0,1.0,0.53,-0.41
Senegal,Cherif Ndiaye,FW,30.3888,4.0,149.0,37.0,41.4,1.7,2,53.0,0,2,22.0,0,1.75,1.0,1.0,0.0,0.0,-1.28
Senegal,Nicolas Jackson,FW,24.9829,3.0,146.0,49.0,40.6,1.6,2,62.0,0,1,22.0,1,1.33,4.0,2.0,2.0,1.23,0.81
Senegal,Sadio Mané,"MF,FW",34.178,2.0,141.0,71.0,39.2,1.6,2,71.0,0,0,,0,0.5,2.0,2.0,0.0,0.0,-1.23
Senegal,Abdoulaye Seck,DF,34.0274,2.0,135.0,68.0,37.5,1.5,2,68.0,1,0,,2,1.5,4.0,3.0,1.0,0.67,-0.13
Senegal,Iliman Ndiaye,"MF,FW",26.2738,2.0,130.0,65.0,36.1,1.4,2,65.0,0,0,,0,0.5,2.0,3.0,-1.0,-0.69,-2.26
Senegal,Ibrahim Mbaye,FW,18.386,3.0,120.0,40.0,33.3,1.3,1,67.0,0,2,27.0,0,2.33,4.0,1.0,3.0,2.25,2.25
Senegal,Pape Gueye,MF,27.386,2.0,111.0,56.0,30.8,1.2,1,66.0,0,1,45.0,2,1.5,3.0,1.0,2.0,1.62,1.26
Senegal,Idrissa Gueye,MF,36.7146,3.0,104.0,35.0,28.9,1.2,1,90.0,1,2,7.0,0,2.33,3.0,0.0,3.0,2.6,2.6
Senegal,Assane Diao,MF,20.7666,3.0,100.0,33.0,27.8,1.1,1,45.0,0,2,28.0,0,2.0,1.0,1.0,0.0,0.0,-1.04
Senegal,Yehvann Diouf,GK,26.5749,1.0,90.0,90.0,25.0,1.0,1,90.0,1,0,,2,3.0,3.0,1.0,2.0,2.0,1.67
Senegal,Édouard Mendy,GK,34.2875,1.0,90.0,90.0,25.0,1.0,1,90.0,1,0,,0,1.0,0.0,0.0,0.0,0.0,-1.0
Senegal,Bara Sapoko Ndiaye,MF,18.4517,1.0,90.0,90.0,25.0,1.0,1,90.0,1,0,,1,0.0,2.0,3.0,-1.0,-1.0,-2.33
Senegal,Nobel Mendy,DF,21.7775,1.0,41.0,41.0,11.4,0.5,1,41.0,0,0,,1,3.0,0.0,0.0,0.0,0.0,-0.85
Senegal,Bamba Dieng,FW,26.2272,3.0,71.0,24.0,19.7,0.8,0,,0,3,24.0,1,1.33,2.0,1.0,1.0,1.27,0.64
Senegal,Pape Matar Sarr,MF,23.7474,3.0,60.0,20.0,16.7,0.7,0,,0,3,20.0,0,1.33,0.0,0.0,0.0,0.0,-0.9
Senegal,Antoine Mendy,DF,22.0493,2.0,54.0,27.0,15.0,0.6,0,,0,2,27.0,1,2.0,2.0,1.0,1.0,1.67,1.08
Senegal,Moustapha Mbow,DF,26.2683,1.0,45.0,45.0,12.5,0.5,0,,0,1,45.0,1,0.0,1.0,1.0,0.0,0.0,-0.86
Senegal,Mamadou Diakhon,FW,20.7255,1.0,27.0,27.0,7.5,0.3,0,,0,1,27.0,1,3.0,1.0,0.0,1.0,3.33,2.79
Senegal,Boulaye Dia,"FW,MF",29.5749,1.0,23.0,23.0,6.4,0.3,0,,0,1,23.0,1,3.0,0.0,0.0,0.0,0.0,-0.8
Senegal,Kalidou Koulibaly,DF,34.9829,1.0,9.0,9.0,2.5,0.1,0,,0,1,9.0,0,1.0,0.0,0.0,0.0,0.0,-0.77
Senegal,Habib Diallo,FW,30.9884,1.0,7.0,7.0,1.9,0.1,0,,0,1,7.0,1,3.0,1.0,0.0,1.0,12.86,12.35
Senegal,Ilay Camara,"DF,MF",23.4025,0.0,,,,,0,,0,0,,1,,,,,,
Senegal,Pape Mamadou Sy,GK,29.1177,0.0,,,,,0,,0,0,,1,,,,,,
Senegal,Krépin Diatta,DF,27.2984,12.0,998.0,83.0,79.2,11.1,12,83.0,9,0,,0,2.25,25.0,5.0,20.0,1.8,1.12
Senegal,Kalidou Koulibaly,DF,34.9829,11.0,909.0,83.0,72.1,10.1,10,90.0,10,1,9.0,0,2.27,22.0,3.0,19.0,1.88,1.11
Senegal,Édouard Mendy,GK,34.2875,10.0,900.0,90.0,71.4,10.0,10,90.0,10,0,,0,2.2,18.0,3.0,15.0,1.5,-0.25
Senegal,Moussa Niakhaté,DF,30.2683,11.0,889.0,81.0,70.6,9.9,10,87.0,9,1,21.0,2,2.0,20.0,1.0,19.0,1.92,1.2
Senegal,Idrissa Gueye,MF,36.7146,12.0,861.0,72.0,68.3,9.6,10,85.0,6,2,7.0,1,2.33,22.0,2.0,20.0,2.09,1.64
Senegal,Sadio Mané,"FW,MF",34.178,10.0,779.0,78.0,61.8,8.7,10,78.0,3,0,,0,2.1,19.0,4.0,15.0,1.73,0.42
Senegal,Iliman Ndiaye,"FW,MF",26.2738,10.0,736.0,74.0,58.4,8.2,10,74.0,1,0,,0,2.1,20.0,5.0,15.0,1.83,0.63
Senegal,Pape Matar Sarr,MF,23.7474,13.0,709.0,55.0,56.3,7.9,7,81.0,3,6,24.0,0,2.15,17.0,1.0,16.0,2.03,1.05
Senegal,Lamine Camara,MF,22.449,12.0,699.0,58.0,55.5,7.8,8,74.0,1,4,27.0,0,2.08,15.0,5.0,10.0,1.29,-0.64
Senegal,Ismaila Sarr,"MF,FW",28.2984,10.0,688.0,69.0,54.6,7.6,8,80.0,4,2,23.0,1,2.2,14.0,2.0,12.0,1.57,0.0
Senegal,El Hadji Malick Diouf,DF,21.46,7.0,540.0,77.0,42.9,6.0,6,83.0,5,1,45.0,1,2.28,18.0,4.0,14.0,2.33,1.33
Senegal,Nicolas Jackson,FW,24.9829,10.0,493.0,49.0,39.1,5.5,6,70.0,0,4,19.0,1,2.1,14.0,5.0,9.0,1.64,0.12
Senegal,Habib Diarra,MF,22.4435,8.0,458.0,57.0,36.3,5.1,6,68.0,1,2,26.0,0,2.13,9.0,5.0,4.0,0.79,-1.23
Senegal,Abdoulaye Seck,DF,34.0274,6.0,437.0,73.0,34.7,4.9,5,81.0,4,1,32.0,8,2.17,9.0,6.0,3.0,0.62,-1.46
Senegal,Pape Gueye,MF,27.386,7.0,430.0,61.0,34.1,4.8,5,71.0,1,2,37.0,3,2.0,10.0,4.0,6.0,1.26,-0.48
Senegal,Ismail Jakobs,DF,26.8241,5.0,360.0,72.0,28.6,4.0,4,79.0,3,1,45.0,3,1.6,7.0,2.0,5.0,1.25,-0.45
Senegal,Habib Diallo,FW,30.9884,6.0,334.0,56.0,26.5,3.7,4,79.0,1,2,10.0,4,2.67,10.0,0.0,10.0,2.69,1.53
Senegal,Mamadou Sarr,DF,20.7912,4.0,330.0,83.0,91.7,3.7,4,83.0,2,0,,0,1.75,7.0,4.0,3.0,0.82,0.82
Senegal,Pathé Ciss,"DF,MF",32.2464,9.0,282.0,31.0,22.4,3.1,2,85.0,0,7,16.0,4,2.33,3.0,2.0,1.0,0.32,-1.61
Senegal,Mory Diaw,GK,32.9774,3.0,270.0,90.0,21.4,3.0,3,90.0,3,0,,11,2.0,8.0,3.0,5.0,1.67,0.12
Senegal,Cherif Ndiaye,"FW,MF",30.3888,9.0,230.0,26.0,18.3,2.6,2,53.0,0,7,18.0,3,2.0,3.0,1.0,2.0,0.78,-0.96
Senegal,Assane Diao,FW,20.7666,5.0,202.0,40.0,16.0,2.2,2,68.0,1,3,22.0,0,2.0,3.0,1.0,2.0,0.89,-0.81
Senegal,Boulaye Dia,FW,29.5749,4.0,191.0,48.0,15.2,2.1,2,80.0,0,2,16.0,3,2.5,2.0,0.0,2.0,0.94,-0.74
Senegal,Antoine Mendy,DF,22.0493,4.0,180.0,45.0,14.3,2.0,1,90.0,1,3,30.0,5,2.0,3.0,1.0,2.0,1.0,-0.67
Senegal,Ibrahim Mbaye,FW,18.386,3.0,120.0,40.0,33.3,1.3,1,67.0,0,2,27.0,0,2.33,4.0,1.0,3.0,2.25,2.25
Senegal,Abdou Diallo,DF,30.1123,2.0,108.0,54.0,12.0,1.2,1,90.0,1,1,18.0,4,3.0,1.0,0.0,1.0,0.83,-1.21
Senegal,Yehvann Diouf,GK,26.5749,1.0,90.0,90.0,7.1,1.0,1,90.0,1,0,,8,3.0,3.0,1.0,2.0,2.0,1.67
Senegal,Bara Sapoko Ndiaye,MF,18.4517,1.0,90.0,90.0,25.0,1.0,1,90.0,1,0,,1,0.0,2.0,3.0,-1.0,-1.0,-2.33
Senegal,Ilay Camara,DF,23.4025,2.0,74.0,37.0,5.9,0.8,1,54.0,0,1,20.0,3,3.0,2.0,0.0,2.0,2.43,0.58
Senegal,Formose Mendy,DF,25.4463,2.0,73.0,37.0,8.1,0.8,0,,0,2,37.0,2,3.0,0.0,0.0,0.0,0.0,-2.07
Senegal,Bamba Dieng,FW,26.2272,3.0,71.0,24.0,19.7,0.8,0,,0,3,24.0,1,1.33,2.0,1.0,1.0,1.27,0.64
Senegal,Cheikhou Kouyaté,MF,36.4791,1.0,64.0,64.0,7.1,0.7,1,64.0,0,0,,1,1.0,0.0,0.0,0.0,0.0,-2.05
Senegal,Cheikh Tidiane Sabaly,"FW,MF",27.2793,4.0,54.0,14.0,6.0,0.6,0,,0,4,14.0,0,3.0,3.0,0.0,3.0,5.0,3.3
Senegal,Moustapha Mbow,DF,26.2683,1.0,45.0,45.0,3.6,0.5,0,,0,1,45.0,4,0.0,1.0,1.0,0.0,0.0,-0.86
Senegal,Nobel Mendy,DF,21.7775,1.0,41.0,41.0,11.4,0.5,1,41.0,0,0,,1,3.0,0.0,0.0,0.0,0.0,-0.85
Senegal,Mamadou Diakhon,FW,20.7255,1.0,27.0,27.0,7.5,0.3,0,,0,1,27.0,1,3.0,1.0,0.0,1.0,3.33,2.79
Senegal,Dion Lopy,MF,24.3614,1.0,27.0,27.0,3.0,0.3,0,,0,1,27.0,3,3.0,0.0,0.0,0.0,0.0,-1.96
Senegal,Abdallah Sima,"FW,MF",24.9911,3.0,26.0,9.0,2.9,0.3,0,,0,3,9.0,1,1.67,0.0,1.0,-1.0,-3.46,-5.52
Senegal,Cheikh Niasse,MF,26.3997,1.0,19.0,19.0,2.1,0.2,0,,0,1,19.0,1,3.0,1.0,0.0,1.0,4.74,2.9
Senegal,Nampalys Mendy,MF,33.9747,2.0,19.0,10.0,2.1,0.2,0,,0,2,10.0,1,3.0,1.0,0.0,1.0,4.74,2.9
Senegal,Mikayil Ngor Faye,MF,21.9172,0.0,,,,,0,,0,0,,2,,,,,,
Senegal,Abdoulaye Ndiaye,DF,24.178,0.0,,,,,0,,0,0,,3,,,,,,
Senegal,Fodé Ballo-Touré,"DF,MF",29.4435,0.0,,,,,0,,0,0,,2,,,,,,
Senegal,Moussa N'Diaye,DF,23.9884,0.0,,,,,0,,0,0,,2,,,,,,
Senegal,Noah Fadiga,"DF,MF",26.5284,0.0,,,,,0,,0,0,,1,,,,,,
Senegal,Mamadou Lamine Camara,MF,23.4381,0.0,,,,,0,,0,0,,1,,,,,,
Senegal,Seny Dieng,GK,31.5558,0.0,,,,,0,,0,0,,4,,,,,,
Senegal,Samba Mballo,GK,23.4025,0.0,,,,,0,,0,0,,1,,,,,,
Senegal,Pape Mamadou Sy,GK,29.1177,0.0,,,,,0,,0,0,,1,,,,,,
South Africa,Mbekezeli Mbokazi,DF,20.7337,1.0,90.0,90.0,100.0,1.0,1,90.0,1,0,,0,0.0,0.0,2.0,-2.0,-2.0,
South Africa,Teboho Mokoena,MF,29.386,1.0,90.0,90.0,100.0,1.0,1,90.0,1,0,,0,0.0,0.0,2.0,-2.0,-2.0,
South Africa,Khuliso Mudau,DF,31.1342,1.0,90.0,90.0,100.0,1.0,1,90.0,1,0,,0,0.0,0.0,2.0,-2.0,-2.0,
South Africa,Ime Okon,DF,22.3121,1.0,90.0,90.0,100.0,1.0,1,90.0,1,0,,0,0.0,0.0,2.0,-2.0,-2.0,
South Africa,Nkosinathi Sibisi,DF,30.7255,1.0,90.0,90.0,100.0,1.0,1,90.0,1,0,,0,0.0,0.0,2.0,-2.0,-2.0,
South Africa,Ronwen Williams,GK,34.3943,1.0,90.0,90.0,100.0,1.0,1,90.0,1,0,,0,0.0,0.0,2.0,-2.0,-2.0,
South Africa,Aubrey Modiba,DF,30.8953,1.0,76.0,76.0,84.4,0.8,1,76.0,0,0,,0,0.0,0.0,2.0,-2.0,-2.37,-2.37
South Africa,Iqraam Rayners,FW,30.4846,1.0,75.0,75.0,83.3,0.8,1,75.0,0,0,,0,0.0,0.0,2.0,-2.0,-2.4,-2.4
South Africa,Jayden Adams,MF,25.1095,1.0,60.0,60.0,66.7,0.7,1,60.0,0,0,,0,0.0,0.0,1.0,-1.0,-1.5,1.5
South Africa,Lyle Foster,FW,25.7775,1.0,55.0,55.0,61.1,0.6,1,55.0,0,0,,0,0.0,0.0,1.0,-1.0,-1.64,0.94
South Africa,Sphephelo Sithole,MF,27.282,1.0,49.0,49.0,54.4,0.5,1,49.0,0,0,,0,0.0,0.0,1.0,-1.0,-1.84,0.36
South Africa,Thalente Mbatha,MF,26.2464,1.0,35.0,35.0,38.9,0.4,0,,0,1,35.0,0,0.0,0.0,1.0,-1.0,-2.57,-0.94
South Africa,Themba Zwane,"FW,MF",36.8624,1.0,23.0,23.0,25.6,0.3,0,,0,1,23.0,0,0.0,0.0,1.0,-1.0,-3.91,-2.57
South Africa,Evidence Makgopa,FW,26.0246,1.0,15.0,15.0,16.7,0.2,0,,0,1,15.0,0,0.0,0.0,0.0,0.0,0.0,2.4
South Africa,Oswin Appollis,MF,24.8022,1.0,14.0,14.0,15.6,0.2,0,,0,1,14.0,0,0.0,0.0,0.0,0.0,0.0,2.37
South Africa,Sipho Chaine,GK,29.4983,0.0,,,,,0,,0,0,,1,,,,,,
South Africa,Bradley Cross,DF,25.3696,0.0,,,,,0,,0,0,,1,,,,,,
South Africa,Ricardo Goss,GK,32.1999,0.0,,,,,0,,0,0,,1,,,,,,
South Africa,Samukele Kabini,DF,22.2491,0.0,,,,,0,,0,0,,1,,,,,,
South Africa,Olwethu Makhanya,DF,22.1232,0.0,,,,,0,,0,0,,1,,,,,,
South Africa,Thapelo Maseko,MF,22.5886,0.0,,,,,0,,0,0,,1,,,,,,
South Africa,Thabang Matuludi,DF,27.4134,0.0,,,,,0,,0,0,,1,,,,,,
South Africa,Relebohile Mofokeng,MF,21.6407,0.0,,,,,0,,0,0,,1,,,,,,
South Africa,Tshepang Moremi,MF,25.6982,0.0,,,,,0,,0,0,,1,,,,,,
South Africa,Khulumani Ndamane,DF,22.3532,0.0,,,,,0,,0,0,,1,,,,,,
South Africa,Kamogelo Sebelebele,"DF,MF",23.898,0.0,,,,,0,,0,0,,1,,,,,,
South Africa,Ronwen Williams,GK,34.0,10.0,900.0,90.0,100.0,10.0,10,90.0,10,0,,0,1.8,17.0,6.0,11.0,1.1,
South Africa,Teboho Mokoena,MF,29.0,9.0,801.0,89.0,89.0,8.9,9,89.0,8,0,,0,1.67,15.0,6.0,9.0,1.01,3.74
South Africa,Khuliso Mudau,DF,30.0,8.0,720.0,90.0,80.0,8.0,8,90.0,8,0,,0,1.75,13.0,5.0,8.0,1.0,2.0
South Africa,Aubrey Modiba,DF,30.0,7.0,623.0,89.0,69.2,6.9,7,89.0,6,0,,1,2.0,12.0,5.0,7.0,1.01,1.34
South Africa,Oswin Appollis,MF,24.0,8.0,489.0,61.0,54.3,5.4,5,86.0,2,3,20.0,2,1.88,11.0,2.0,9.0,1.66,2.31
South Africa,Nkosinathi Sibisi,DF,30.0,6.0,480.0,80.0,53.3,5.3,5,90.0,5,1,30.0,2,1.67,7.0,3.0,4.0,0.75,0.32
South Africa,Siyabonga Ngezana,DF,28.0,5.0,450.0,90.0,50.0,5.0,5,90.0,5,0,,1,1.6,9.0,3.0,6.0,1.2,1.2
South Africa,Lyle Foster,FW,25.0,6.0,442.0,74.0,49.1,4.9,5,84.0,1,1,20.0,1,1.5,8.0,1.0,7.0,1.43,1.62
South Africa,Percy Tau,MF,31.0,5.0,422.0,84.0,46.9,4.7,5,84.0,2,0,,1,1.4,6.0,4.0,2.0,0.43,-0.33
South Africa,Sphephelo Sithole,MF,26.0,5.0,389.0,78.0,43.2,4.3,5,78.0,3,0,,1,1.6,6.0,5.0,1.0,0.23,-0.65
South Africa,Themba Zwane,"MF,FW",36.0,4.0,346.0,87.0,38.4,3.8,4,87.0,2,0,,0,1.75,6.0,5.0,1.0,0.26,-0.55
South Africa,Sipho Mbule,MF,27.0,4.0,334.0,84.0,37.1,3.7,4,84.0,1,0,,0,2.0,7.0,1.0,6.0,1.62,1.62
South Africa,Thalente Mbatha,MF,25.0,5.0,284.0,57.0,31.6,3.2,3,89.0,2,2,8.0,1,2.0,8.0,0.0,8.0,2.54,2.83
South Africa,Mbekezeli Mbokazi,DF,20.0,3.0,269.0,90.0,29.9,3.0,3,90.0,2,0,,0,1.67,4.0,1.0,3.0,1.0,0.58
South Africa,Mohau Nkota,MF,21.0,4.0,264.0,66.0,29.3,2.9,3,69.0,1,1,56.0,0,2.0,5.0,1.0,4.0,1.36,1.08
South Africa,Mothobi Mvala,DF,31.0,3.0,240.0,80.0,26.7,2.7,3,80.0,2,0,,0,2.33,6.0,2.0,4.0,1.5,1.23
South Africa,Elias Mokwana,MF,26.0,3.0,180.0,60.0,20.0,2.0,3,60.0,0,0,,3,1.33,4.0,2.0,2.0,1.0,0.5
South Africa,Bathusi Aubaas,MF,30.0,7.0,256.0,37.0,28.4,2.8,2,90.0,2,5,15.0,1,1.71,3.0,1.0,2.0,0.7,0.14
South Africa,Thapelo Morena,MF,32.0,6.0,251.0,42.0,27.9,2.8,2,62.0,1,4,32.0,0,1.83,6.0,0.0,6.0,2.15,2.15
South Africa,Iqraam Rayners,FW,30.0,6.0,188.0,31.0,20.9,2.1,2,80.0,1,4,7.0,0,1.83,4.0,2.0,2.0,0.96,0.45
South Africa,Fawaaz Basadien,DF,29.0,2.0,180.0,90.0,20.0,2.0,2,90.0,2,0,,0,1.5,4.0,0.0,4.0,2.0,1.75
South Africa,Siyanda Xulu,DF,34.0,2.0,180.0,90.0,20.0,2.0,2,90.0,2,0,,0,1.5,2.0,3.0,-1.0,-0.5,-1.37
South Africa,Relebohile Mofokeng,MF,21.0,3.0,158.0,53.0,17.6,1.8,2,79.0,1,1,1.0,3,2.0,3.0,0.0,3.0,1.71,1.34
South Africa,Evidence Makgopa,FW,25.0,3.0,142.0,47.0,15.8,1.6,2,68.0,0,1,7.0,1,2.33,5.0,0.0,5.0,3.17,3.05
South Africa,Bongokuhle Hlongwane,MF,25.0,2.0,130.0,65.0,14.4,1.4,2,65.0,0,0,,0,1.5,2.0,3.0,-1.0,-0.69,-1.51
South Africa,Zuko Mdunyelwa,DF,26.0,2.0,147.0,74.0,16.3,1.6,1,62.0,0,1,85.0,0,2.0,4.0,1.0,3.0,1.84,1.48
South Africa,Khulumani Ndamane,DF,21.0,2.0,128.0,64.0,14.2,1.4,1,90.0,1,1,38.0,2,3.0,5.0,0.0,5.0,3.52,3.4
South Africa,Mihlali Mayambela,FW,29.0,2.0,101.0,51.0,11.2,1.1,1,90.0,1,1,11.0,0,1.5,0.0,2.0,-2.0,-1.78,-2.68
South Africa,Jayden Adams,MF,24.0,2.0,96.0,48.0,10.7,1.1,1,81.0,0,1,15.0,4,1.5,3.0,0.0,3.0,2.81,2.48
South Africa,Samukele Kabini,DF,21.0,1.0,90.0,90.0,10.0,1.0,1,90.0,1,0,,3,1.0,1.0,1.0,0.0,0.0,-0.67
South Africa,Thabo Moloisane,DF,26.0,1.0,52.0,52.0,5.8,0.6,1,52.0,0,0,,4,3.0,1.0,0.0,1.0,1.73,1.2
South Africa,Sydney Mobbie,DF,31.0,1.0,5.0,5.0,0.6,0.1,1,5.0,0,0,,6,3.0,0.0,0.0,0.0,0.0,-0.6
South Africa,Zakhele Lepasa,FW,28.0,2.0,78.0,39.0,8.7,0.9,0,,0,2,39.0,0,1.5,0.0,1.0,-1.0,-1.15,-1.92
South Africa,Thabiso Monyane,DF,25.0,1.0,28.0,28.0,3.1,0.3,0,,0,1,28.0,0,1.0,0.0,0.0,0.0,0.0,-0.62
South Africa,Kamogelo Sebelebele,"DF,MF",23.0,2.0,25.0,13.0,2.8,0.3,0,,0,2,13.0,0,2.0,0.0,0.0,0.0,0.0,-0.62
South Africa,Tshepang Moremi,MF,25.0,1.0,11.0,11.0,1.2,0.1,0,,0,1,11.0,1,1.0,0.0,0.0,0.0,0.0,-0.61
South Africa,Sibongiseni Mthethwa,MF,31.0,1.0,11.0,11.0,1.2,0.1,0,,0,1,11.0,1,3.0,0.0,0.0,0.0,0.0,-0.61
South Africa,Ashley Cupido,FW,24.0,1.0,6.0,6.0,0.7,0.1,0,,0,1,6.0,0,3.0,0.0,0.0,0.0,0.0,-0.6
South Africa,Mduduzi Shabalala,MF,22.0,1.0,2.0,2.0,0.2,0.0,0,,0,1,2.0,3,3.0,0.0,0.0,0.0,0.0,-0.6
South Africa,Ndamulelo Maphangule,MF,26.0,1.0,1.0,1.0,0.1,0.0,0,,0,1,1.0,1,0.0,0.0,0.0,0.0,0.0,-0.6
South Africa,Sipho Chaine,GK,29.0,0.0,,,,,0,,0,0,,6,,,,,,
South Africa,Bradley Cross,DF,25.0,0.0,,,,,0,,0,0,,2,,,,,,
South Africa,Ricardo Goss,GK,31.0,0.0,,,,,0,,0,0,,10,,,,,,
South Africa,Grant Kekana,DF,33.0,0.0,,,,,0,,0,0,,2,,,,,,
South Africa,Malibongwe Khoza,DF,21.0,0.0,,,,,0,,0,0,,2,,,,,,
South Africa,Luke Le Roux,MF,25.0,0.0,,,,,0,,0,0,,2,,,,,,
South Africa,Vuyo Letlapa,DF,22.0,0.0,,,,,0,,0,0,,2,,,,,,
South Africa,Patrick Maswanganyi,MF,27.0,0.0,,,,,0,,0,0,,2,,,,,,
South Africa,Thabang Matuludi,DF,27.0,0.0,,,,,0,,0,0,,2,,,,,,
South Africa,Veli Mothwa,GK,34.0,0.0,,,,,0,,0,0,,4,,,,,,
South Africa,Given Msimango,DF,28.0,0.0,,,,,0,,0,0,,2,,,,,,
South Africa,Tapelo Xoki,DF,30.0,0.0,,,,,0,,0,0,,2,,,,,,
South Africa,Ime Okon,DF,22.3121,3.0,246,82.0,91.1,2.7,3,82.0,2,0,,0,0.67,2.0,3.0,-1.0,-0.37,-0.37
South Africa,Tshepang Moremi,MF,25.6982,3.0,194,65.0,71.9,2.2,3,65.0,1,0,,0,0.67,1.0,2.0,-1.0,-0.46,-0.46
South Africa,Lyle Foster,FW,25.7775,3.0,161,54.0,59.6,1.8,3,54.0,0,0,,0,0.67,1.0,1.0,0.0,0.0,0.83
South Africa,Aubrey Modiba,DF,30.8953,2.0,172,86.0,63.7,1.9,2,86.0,1,0,,1,0.5,2.0,3.0,-1.0,-0.52,-0.52
South Africa,Khuliso Mudau,DF,31.1342,2.0,172,86.0,63.7,1.9,2,86.0,1,0,,1,0.5,2.0,3.0,-1.0,-0.52,-0.52
South Africa,Sphephelo Sithole,MF,27.282,3.0,171,57.0,63.3,1.9,2,75.0,1,1,22.0,0,0.67,1.0,2.0,-1.0,-0.53,-0.53
South Africa,Teboho Mokoena,MF,29.386,2.0,155,78.0,57.4,1.7,2,78.0,0,0,,1,0.5,2.0,3.0,-1.0,-0.58,-0.58
South Africa,Ronwen Williams,GK,34.3943,2.0,135,68.0,50.0,1.5,2,68.0,1,0,,1,0.5,1.0,1.0,0.0,0.0,0.67
South Africa,Themba Zwane,MF,36.8624,3.0,135,45.0,50.0,1.5,2,52.0,0,1,31.0,0,0.67,2.0,2.0,0.0,0.0,0.67
South Africa,Oswin Appollis,MF,24.8022,3.0,166,55.0,61.5,1.8,1,90.0,1,2,38.0,0,0.67,2.0,2.0,0.0,0.0,0.87
South Africa,Relebohile Mofokeng,MF,21.6407,3.0,135,45.0,50.0,1.5,1,59.0,0,2,38.0,0,0.67,0.0,1.0,-1.0,-0.67,-0.67
South Africa,Jayden Adams,MF,25.1095,3.0,123,41.0,45.6,1.4,1,68.0,0,2,28.0,0,0.67,1.0,1.0,0.0,0.0,0.61
South Africa,Thabang Matuludi,DF,27.4134,2.0,98,49.0,36.3,1.1,1,90.0,1,1,8.0,1,1.0,0.0,0.0,0.0,0.0,0.52
South Africa,Thalente Mbatha,MF,26.2464,3.0,91,30.0,33.7,1.0,1,66.0,0,2,13.0,0,0.67,0.0,0.0,0.0,0.0,0.5
South Africa,Olwethu Makhanya,DF,22.1232,1.0,90,90.0,33.3,1.0,1,90.0,1,0,,0,1.0,0.0,0.0,0.0,0.0,0.5
South Africa,Mbekezeli Mbokazi,DF,20.7337,1.0,90,90.0,33.3,1.0,1,90.0,1,0,,2,0.0,1.0,2.0,-1.0,-1.0,-1.0
South Africa,Khulumani Ndamane,DF,22.3532,1.0,90,90.0,33.3,1.0,1,90.0,1,0,,2,1.0,1.0,1.0,0.0,0.0,0.5
South Africa,Samukele Kabini,DF,22.2491,2.0,74,37.0,27.4,0.8,1,66.0,0,1,8.0,1,1.0,0.0,0.0,0.0,0.0,0.46
South Africa,Bongokuhle Hlongwane,MF,25.9829,1.0,59,59.0,21.9,0.7,1,59.0,0,0,,1,0.0,0.0,1.0,-1.0,-1.53,-1.53
South Africa,Ricardo Goss,GK,32.1999,1.0,45,45.0,16.7,0.5,1,45.0,0,0,,2,1.0,0.0,0.0,0.0,0.0,0.4
South Africa,Kamogelo Sebelebele,MF,23.898,1.0,45,45.0,16.7,0.5,1,45.0,0,0,,0,1.0,0.0,0.0,0.0,0.0,0.4
South Africa,Thapelo Maseko,MF,22.5886,2.0,76,38.0,28.1,0.8,0,,0,2,38.0,1,0.5,1.0,1.0,0.0,0.0,0.46
South Africa,Evidence Makgopa,FW,26.0246,2.0,64,32.0,23.7,0.7,0,,0,2,32.0,1,0.5,1.0,2.0,-1.0,-1.41,-1.41
South Africa,Sipho Chaine,GK,29.4983,1.0,45,45.0,16.7,0.5,0,,0,1,45.0,0,1.0,0.0,0.0,0.0,0.0,0.4
South Africa,Renaldo Leaner,GK,28.334,1.0,45,45.0,16.7,0.5,0,,0,1,45.0,1,0.0,1.0,2.0,-1.0,-2.0,-2.0
South Africa,Iqraam Rayners,"FW,MF",30.4846,1.0,45,45.0,16.7,0.5,0,,0,1,45.0,0,1.0,0.0,0.0,0.0,0.0,0.4
South Africa,Bradley Cross,DF,25.3696,1.0,24,24.0,8.9,0.3,0,,0,1,24.0,0,1.0,0.0,0.0,0.0,0.0,0.37
South Africa,Nkosinathi Sibisi,DF,30.7255,1.0,24,24.0,8.9,0.3,0,,0,1,24.0,2,1.0,0.0,0.0,0.0,0.0,0.37
South Africa,Ronwen Williams,GK,34.3943,13.0,"1,125",87.0,89.3,12.5,13,87.0,12,0,,1,1.46,18.0,9.0,9.0,0.72,4.72
South Africa,Teboho Mokoena,MF,29.386,12.0,"1,046",87.0,83.0,11.6,12,87.0,9,0,,1,1.34,17.0,11.0,6.0,0.52,1.78
South Africa,Khuliso Mudau,DF,31.1342,11.0,982,89.0,77.9,10.9,11,89.0,10,0,,1,1.36,15.0,10.0,5.0,0.46,1.11
South Africa,Aubrey Modiba,DF,30.8953,10.0,871,87.0,69.1,9.7,10,87.0,7,0,,2,1.5,14.0,10.0,4.0,0.41,0.64
South Africa,Oswin Appollis,MF,24.8022,12.0,669,56.0,53.1,7.4,6,87.0,3,6,25.0,2,1.42,13.0,4.0,9.0,1.21,2.12
South Africa,Lyle Foster,FW,25.7775,10.0,658,66.0,52.2,7.3,9,71.0,1,1,20.0,1,1.1,9.0,3.0,6.0,0.82,1.27
South Africa,Sphephelo Sithole,MF,27.282,9.0,609,68.0,48.3,6.8,8,73.0,4,1,22.0,1,1.11,7.0,8.0,-1.0,-0.15,-0.7
South Africa,Nkosinathi Sibisi,DF,30.7255,8.0,594,74.0,47.1,6.6,6,90.0,6,2,27.0,4,1.38,7.0,5.0,2.0,0.3,0.17
South Africa,Themba Zwane,"FW,MF",36.8624,8.0,504,63.0,40.0,5.6,6,75.0,2,2,27.0,0,1.13,8.0,8.0,0.0,0.0,-0.36
South Africa,Siyabonga Ngezana,DF,28.9144,5.0,450,90.0,50.0,5.0,5,90.0,5,0,,1,1.6,9.0,3.0,6.0,1.2,1.2
South Africa,Mbekezeli Mbokazi,DF,20.7337,5.0,449,90.0,35.6,5.0,5,90.0,4,0,,2,1.0,5.0,5.0,0.0,0.0,-0.33
South Africa,Percy Tau,MF,32.0876,5.0,422,84.0,46.9,4.7,5,84.0,2,0,,1,1.4,6.0,4.0,2.0,0.43,-0.33
South Africa,Thalente Mbatha,MF,26.2464,9.0,410,46.0,32.5,4.6,4,84.0,2,5,15.0,1,1.33,8.0,1.0,7.0,1.54,1.96
South Africa,Ime Okon,DF,22.3121,4.0,336,84.0,93.3,3.7,4,84.0,3,0,,0,0.5,2.0,5.0,-3.0,-0.8,-0.8
South Africa,Sipho Mbule,MF,28.23,4.0,334,84.0,37.1,3.7,4,84.0,1,0,,0,2.0,7.0,1.0,6.0,1.62,1.62
South Africa,Iqraam Rayners,FW,30.4846,8.0,308,39.0,24.4,3.4,3,78.0,1,5,15.0,0,1.5,4.0,4.0,0.0,0.0,-0.28
South Africa,Relebohile Mofokeng,MF,21.6407,6.0,293,49.0,23.3,3.3,3,72.0,1,3,26.0,4,1.34,3.0,1.0,2.0,0.61,0.31
South Africa,Jayden Adams,MF,25.1095,6.0,279,47.0,22.1,3.1,3,70.0,0,3,23.0,4,0.84,4.0,2.0,2.0,0.65,0.55
South Africa,Mohau Nkota,MF,21.5941,4.0,264,66.0,29.3,2.9,3,69.0,1,1,56.0,0,2.0,5.0,1.0,4.0,1.36,1.08
South Africa,Bathusi Aubaas,MF,31.0849,7.0,256,37.0,28.4,2.8,2,90.0,2,5,15.0,1,1.71,3.0,1.0,2.0,0.7,0.14
South Africa,Thapelo Morena,MF,32.8542,6.0,251,42.0,27.9,2.8,2,62.0,1,4,32.0,0,1.83,6.0,0.0,6.0,2.15,2.15
South Africa,Mothobi Mvala,DF,32.0,3.0,240,80.0,26.7,2.7,3,80.0,2,0,,0,2.33,6.0,2.0,4.0,1.5,1.23
South Africa,Evidence Makgopa,FW,26.0246,6.0,221,37.0,17.5,2.5,2,68.0,0,4,22.0,2,1.33,6.0,2.0,4.0,1.63,1.72
South Africa,Khulumani Ndamane,DF,22.3532,3.0,218,73.0,17.3,2.4,2,90.0,2,1,38.0,5,2.33,6.0,1.0,5.0,2.06,2.06
South Africa,Tshepang Moremi,MF,25.6982,4.0,205,51.0,16.3,2.3,3,65.0,1,1,11.0,2,0.75,1.0,2.0,-1.0,-0.44,-1.0
South Africa,Bongokuhle Hlongwane,MF,25.9829,3.0,189,63.0,16.2,2.1,3,63.0,0,0,,1,1.0,2.0,4.0,-2.0,-0.95,-1.59
South Africa,Siyanda Xulu,DF,34.4545,2.0,180,90.0,20.0,2.0,2,90.0,2,0,,0,1.5,2.0,3.0,-1.0,-0.5,-1.37
South Africa,Fawaaz Basadien,DF,29.4736,2.0,180,90.0,20.0,2.0,2,90.0,2,0,,0,1.5,4.0,0.0,4.0,2.0,1.75
South Africa,Elias Mokwana,MF,26.7639,3.0,180,60.0,20.0,2.0,3,60.0,0,0,,3,1.33,4.0,2.0,2.0,1.0,0.5
South Africa,Samukele Kabini,DF,22.2491,3.0,164,55.0,13.0,1.8,2,78.0,1,1,8.0,5,1.0,1.0,1.0,0.0,0.0,-0.45
South Africa,Zuko Mdunyelwa,DF,26.9309,2.0,147,74.0,16.3,1.6,1,62.0,0,1,85.0,0,2.0,4.0,1.0,3.0,1.84,1.48
South Africa,Mihlali Mayambela,FW,29.8022,2.0,101,51.0,11.2,1.1,1,90.0,1,1,11.0,0,1.5,0.0,2.0,-2.0,-1.78,-2.68
South Africa,Thabang Matuludi,DF,27.4134,2.0,98,49.0,7.8,1.1,1,90.0,1,1,8.0,4,1.0,0.0,0.0,0.0,0.0,0.52
South Africa,Olwethu Makhanya,DF,22.1232,1.0,90,90.0,25.0,1.0,1,90.0,1,0,,1,1.0,0.0,0.0,0.0,0.0,0.5
South Africa,Zakhele Lepasa,FW,29.2382,2.0,78,39.0,8.7,0.9,0,,0,2,39.0,0,1.5,0.0,1.0,-1.0,-1.15,-1.92
South Africa,Thapelo Maseko,MF,22.5886,2.0,76,38.0,21.1,0.8,0,,0,2,38.0,2,0.5,1.0,1.0,0.0,0.0,0.46
South Africa,Kamogelo Sebelebele,"DF,MF",23.898,3.0,70,23.0,5.6,0.8,1,45.0,0,2,13.0,1,1.67,0.0,0.0,0.0,0.0,-0.41
South Africa,Thabo Moloisane,DF,27.3012,1.0,52,52.0,5.8,0.6,1,52.0,0,0,,4,3.0,1.0,0.0,1.0,1.73,1.2
South Africa,Ricardo Goss,GK,32.1999,1.0,45,45.0,3.6,0.5,1,45.0,0,0,,13,1.0,0.0,0.0,0.0,0.0,0.4
South Africa,Sipho Chaine,GK,29.4983,1.0,45,45.0,3.6,0.5,0,,0,1,45.0,7,1.0,0.0,0.0,0.0,0.0,0.4
South Africa,Renaldo Leaner,GK,28.334,1.0,45,45.0,16.7,0.5,0,,0,1,45.0,1,0.0,1.0,2.0,-1.0,-2.0,-2.0
South Africa,Thabiso Monyane,DF,26.1232,1.0,28,28.0,3.1,0.3,0,,0,1,28.0,0,1.0,0.0,0.0,0.0,0.0,-0.62
South Africa,Bradley Cross,DF,25.3696,1.0,24,24.0,1.9,0.3,0,,0,1,24.0,3,1.0,0.0,0.0,0.0,0.0,0.37
South Africa,Sibongiseni Mthethwa,MF,32.1533,1.0,11,11.0,1.2,0.1,0,,0,1,11.0,1,3.0,0.0,0.0,0.0,0.0,-0.61
South Africa,Ashley Cupido,FW,25.1095,1.0,6,6.0,0.7,0.1,0,,0,1,6.0,0,3.0,0.0,0.0,0.0,0.0,-0.6
South Africa,Sydney Mobbie,DF,31.7556,1.0,5,5.0,0.6,0.1,1,5.0,0,0,,6,3.0,0.0,0.0,0.0,0.0,-0.6
South Africa,Mduduzi Shabalala,MF,22.397,1.0,2,2.0,0.2,0.0,0,,0,1,2.0,3,3.0,0.0,0.0,0.0,0.0,-0.6
South Africa,Ndamulelo Maphangule,MF,26.6434,1.0,1,1.0,0.1,0.0,0,,0,1,1.0,1,0.0,0.0,0.0,0.0,0.0,-0.6
South Africa,Patrick Maswanganyi,MF,28.1944,0.0,,,,,0,,0,0,,2,,,,,,
South Africa,Tapelo Xoki,DF,31.178,0.0,,,,,0,,0,0,,2,,,,,,
South Africa,Vuyo Letlapa,DF,22.8487,0.0,,,,,0,,0,0,,2,,,,,,
South Africa,Malibongwe Khoza,DF,22.2464,0.0,,,,,0,,0,0,,2,,,,,,
South Africa,Luke Le Roux,MF,26.2628,0.0,,,,,0,,0,0,,2,,,,,,
South Africa,Veli Mothwa,GK,35.334,0.0,,,,,0,,0,0,,4,,,,,,
South Africa,Given Msimango,DF,29.1123,0.0,,,,,0,,0,0,,2,,,,,,
South Africa,Grant Kekana,DF,33.6188,0.0,,,,,0,,0,0,,2,,,,,,
Spain,Álex Baena,"FW,MF",24.9008,3.0,203.0,68.0,56.4,2.3,3,68.0,0,0,,1,2.33,7.0,1.0,6.0,2.66,3.23
Spain,Ferrán Torres,"FW,MF",26.2875,4.0,202.0,51.0,56.1,2.2,3,58.0,0,1,28.0,0,2.0,5.0,2.0,3.0,1.34,0.2
Spain,Aymeric Laporte,DF,32.0493,3.0,180.0,60.0,50.0,2.0,3,60.0,1,0,,1,2.33,6.0,1.0,5.0,2.5,2.5
Spain,Pedro Porro,DF,26.7502,3.0,184.0,61.0,51.1,2.0,2,81.0,1,1,22.0,1,1.67,1.0,1.0,0.0,0.0,-2.56
Spain,Rodri,MF,29.9774,3.0,181.0,60.0,50.3,2.0,2,68.0,0,1,45.0,0,2.33,6.0,0.0,6.0,2.98,3.49
Spain,Dani Olmo,MF,28.104,4.0,180.0,45.0,50.0,2.0,2,45.0,0,2,45.0,0,2.0,3.0,2.0,1.0,0.5,-1.5
Spain,Marc Cucurella,DF,27.8953,2.0,158.0,79.0,43.9,1.8,2,79.0,1,0,,1,3.0,6.0,1.0,5.0,2.85,2.85
Spain,Marcos Llorente,DF,31.3696,2.0,158.0,79.0,43.9,1.8,2,79.0,1,0,,2,3.0,6.0,1.0,5.0,2.85,2.85
Spain,Álex Grimaldo,DF,30.731,3.0,157.0,52.0,43.6,1.7,2,68.0,1,1,22.0,1,1.67,1.0,1.0,0.0,0.0,-2.22
Spain,Pedri,MF,23.5503,3.0,150.0,50.0,41.7,1.7,2,53.0,0,1,45.0,0,2.33,5.0,0.0,5.0,3.0,3.0
Spain,Pau Cubarsí,DF,19.3915,2.0,142.0,71.0,39.4,1.6,2,71.0,0,0,,2,3.0,6.0,0.0,6.0,3.8,4.22
Spain,Unai Simón,GK,29.0082,2.0,135.0,68.0,37.5,1.5,2,68.0,1,0,,2,3.0,5.0,0.0,5.0,3.33,3.33
Spain,Mikel Oyarzabal,FW,29.1478,2.0,107.0,54.0,29.7,1.2,2,54.0,0,0,,1,3.0,4.0,0.0,4.0,3.36,3.01
Spain,Lamine Yamal,FW,18.9199,2.0,107.0,54.0,29.7,1.2,2,54.0,0,0,,0,2.0,2.0,0.0,2.0,1.68,0.62
Spain,David Raya,GK,30.7447,2.0,106.0,53.0,29.4,1.2,1,61.0,0,1,45.0,1,2.0,1.0,1.0,0.0,0.0,-1.77
Spain,Joan García,GK,25.1123,2.0,101.0,51.0,28.1,1.1,1,72.0,0,1,29.0,1,1.0,1.0,1.0,0.0,0.0,-1.74
Spain,Cristhian Mosquera,DF,21.9637,2.0,98.0,49.0,27.2,1.1,1,90.0,1,1,8.0,0,2.0,0.0,0.0,0.0,0.0,-1.72
Spain,Borja Iglesias,FW,33.4052,3.0,96.0,32.0,26.7,1.1,1,45.0,0,2,26.0,1,1.67,1.0,1.0,0.0,0.0,-1.7
Spain,Pablo Fornals,MF,30.3066,2.0,90.0,45.0,25.0,1.0,1,45.0,0,1,45.0,0,2.0,1.0,0.0,1.0,1.0,-0.33
Spain,Dean Huijsen,DF,21.167,1.0,90.0,90.0,25.0,1.0,1,90.0,1,0,,1,1.0,0.0,0.0,0.0,0.0,-1.67
Spain,Fermin López,MF,23.0931,2.0,90.0,45.0,25.0,1.0,1,45.0,0,1,45.0,0,2.0,2.0,0.0,2.0,2.0,1.0
Spain,Gavi,MF,21.8569,2.0,88.0,44.0,24.4,1.0,1,58.0,0,1,30.0,0,2.0,1.0,2.0,-1.0,-1.02,-3.01
Spain,Ander Barrenetxea,FW,24.4627,1.0,72.0,72.0,20.0,0.8,1,72.0,0,0,,1,1.0,0.0,0.0,0.0,0.0,-1.56
Spain,Marc Bernal,MF,19.052,1.0,58.0,58.0,16.1,0.6,1,58.0,0,0,,0,1.0,1.0,1.0,0.0,0.0,-1.49
Spain,Jon Martin,DF,20.1424,1.0,58.0,58.0,16.1,0.6,1,58.0,0,0,,0,1.0,1.0,1.0,0.0,0.0,-1.49
Spain,Fabián Ruiz Peña,MF,30.1971,1.0,45.0,45.0,12.5,0.5,1,45.0,0,0,,0,3.0,2.0,0.0,2.0,4.0,3.14
Spain,Carlos Soler,MF,29.4463,1.0,45.0,45.0,12.5,0.5,1,45.0,0,0,,1,1.0,0.0,0.0,0.0,0.0,-1.43
Spain,Yeremi Pino,"FW,MF",23.6489,4.0,122.0,31.0,33.9,1.4,0,,0,4,31.0,0,2.0,1.0,1.0,0.0,0.0,-1.89
Spain,Eric García,"DF,MF",25.4271,2.0,90.0,45.0,25.0,1.0,0,,0,2,45.0,0,2.0,1.0,1.0,0.0,0.0,-1.67
Spain,Víctor Muñoz,MF,22.9199,2.0,73.0,37.0,20.3,0.8,0,,0,2,37.0,0,2.0,1.0,0.0,1.0,1.23,-0.02
Spain,Marc Pubill,DF,22.9829,2.0,62.0,31.0,17.2,0.7,0,,0,2,31.0,0,2.0,0.0,1.0,-1.0,-1.45,-3.26
Spain,Mikel Merino,MF,29.9774,2.0,53.0,27.0,14.7,0.6,0,,0,2,27.0,0,2.0,0.0,1.0,-1.0,-1.7,-3.46
Spain,Gonzalo García,FW,22.2245,1.0,45.0,45.0,12.5,0.5,0,,0,1,45.0,0,1.0,0.0,0.0,0.0,0.0,-1.43
Spain,Sergio Gómez,"DF,MF",25.7748,1.0,45.0,45.0,12.5,0.5,0,,0,1,45.0,0,1.0,0.0,0.0,0.0,0.0,-1.43
Spain,Jesus Rodríguez,MF,20.5613,1.0,45.0,45.0,12.5,0.5,0,,0,1,45.0,0,1.0,0.0,0.0,0.0,0.0,-1.43
Spain,Martín Zubimendi,MF,27.3614,2.0,44.0,22.0,12.2,0.5,0,,0,2,22.0,0,3.0,0.0,1.0,-1.0,-2.05,-3.75
Spain,Javier Guerra,MF,23.0876,1.0,32.0,32.0,8.9,0.4,0,,0,1,32.0,0,1.0,0.0,0.0,0.0,0.0,-1.37
Spain,Beñat Turrientes,MF,24.3669,1.0,32.0,32.0,8.9,0.4,0,,0,1,32.0,0,1.0,0.0,0.0,0.0,0.0,-1.37
Spain,Javi Rodríguez,DF,22.9637,1.0,18.0,18.0,5.0,0.2,0,,0,1,18.0,0,1.0,0.0,0.0,0.0,0.0,-1.32
Spain,Leo Román,GK,25.9391,1.0,18.0,18.0,5.0,0.2,0,,0,1,18.0,0,1.0,0.0,0.0,0.0,0.0,-1.32
Spain,Álex Remiro,GK,31.2245,0.0,,,,,0,,0,0,,2,,,,,,
Spain,Unai Simón,GK,28.0,6.0,540.0,90.0,100.0,6.0,6,90.0,6,0,,0,2.67,21.0,2.0,19.0,3.17,
Spain,Mikel Merino,MF,29.0,6.0,466.0,78.0,86.3,5.2,6,78.0,4,0,,0,2.67,19.0,1.0,18.0,3.48,2.26
Spain,Mikel Oyarzabal,"FW,MF",28.0,6.0,442.0,74.0,81.9,4.9,6,74.0,2,0,,0,2.67,21.0,2.0,19.0,3.87,3.87
Spain,Marc Cucurella,DF,27.0,5.0,450.0,90.0,83.3,5.0,5,90.0,5,0,,1,2.6,17.0,2.0,15.0,3.0,-1.0
Spain,Martín Zubimendi,MF,26.0,5.0,365.0,73.0,67.6,4.1,5,73.0,1,0,,1,3.0,17.0,0.0,17.0,4.19,3.16
Spain,Pedro Porro,DF,26.0,5.0,360.0,72.0,66.7,4.0,5,72.0,2,0,,1,3.0,18.0,0.0,18.0,4.5,4.0
Spain,Pedri,MF,23.0,4.0,297.0,74.0,55.0,3.3,4,74.0,1,0,,0,3.0,13.0,0.0,13.0,3.94,1.72
Spain,Robin Le Normand,DF,29.0,4.0,295.0,74.0,54.6,3.3,4,74.0,2,0,,0,3.0,13.0,0.0,13.0,3.97,1.76
Spain,Pau Cubarsí,DF,19.0,4.0,315.0,79.0,58.3,3.5,3,90.0,3,1,45.0,2,2.5,8.0,2.0,6.0,1.71,-3.49
Spain,Aymeric Laporte,DF,31.0,3.0,270.0,90.0,50.0,3.0,3,90.0,3,0,,0,2.33,10.0,2.0,8.0,2.67,-1.0
Spain,Ferrán Torres,FW,25.0,4.0,261.0,65.0,48.3,2.9,2,85.0,1,2,46.0,1,2.5,11.0,1.0,10.0,3.45,0.55
Spain,Álex Baena,"MF,FW",24.0,4.0,208.0,52.0,38.5,2.3,2,76.0,1,2,28.0,0,2.5,6.0,0.0,6.0,2.6,-0.93
Spain,Dean Huijsen,DF,20.0,2.0,180.0,90.0,33.3,2.0,2,90.0,2,0,,0,3.0,9.0,0.0,9.0,4.5,2.0
Spain,Yeremi Pino,FW,23.0,4.0,163.0,41.0,30.2,1.8,2,62.0,0,2,20.0,0,2.5,6.0,2.0,4.0,2.21,-1.37
Spain,Lamine Yamal,FW,18.0,2.0,150.0,75.0,27.8,1.7,2,75.0,0,0,,0,3.0,9.0,0.0,9.0,5.4,3.09
Spain,Fabián Ruiz Peña,MF,29.0,2.0,143.0,72.0,26.5,1.6,2,72.0,0,0,,0,2.0,5.0,2.0,3.0,1.89,-1.74
Spain,Nico Williams,FW,23.0,2.0,113.0,57.0,20.9,1.3,2,57.0,0,0,,0,3.0,5.0,0.0,5.0,3.98,1.03
Spain,Marcos Llorente,DF,31.0,3.0,151.0,50.0,28.0,1.7,1,90.0,1,2,31.0,1,2.33,3.0,2.0,1.0,0.6,-3.57
Spain,Aleix García,MF,28.0,3.0,128.0,43.0,23.7,1.4,1,90.0,1,2,19.0,3,2.33,4.0,2.0,2.0,1.41,-2.31
Spain,Dani Olmo,FW,27.0,2.0,93.0,47.0,17.2,1.0,1,73.0,0,1,20.0,2,2.0,2.0,2.0,0.0,0.0,-3.83
Spain,Álex Grimaldo,DF,30.0,1.0,90.0,90.0,16.7,1.0,1,90.0,1,0,,4,3.0,4.0,0.0,4.0,4.0,1.0
Spain,Samu Omorodion,FW,21.0,2.0,74.0,37.0,13.7,0.8,1,45.0,0,1,29.0,1,2.0,1.0,0.0,1.0,1.22,-2.26
Spain,Borja Iglesias,FW,33.0,3.0,91.0,30.0,16.9,1.0,0,,0,3,30.0,1,3.0,3.0,0.0,3.0,2.97,-0.24
Spain,Pablo Barrios,MF,22.0,3.0,69.0,23.0,12.8,0.8,0,,0,3,23.0,1,3.0,3.0,0.0,3.0,3.91,0.86
Spain,Fermin López,MF,22.0,3.0,69.0,23.0,12.8,0.8,0,,0,3,23.0,1,2.33,1.0,0.0,1.0,1.3,-2.14
Spain,Rodri,"DF,MF",29.0,2.0,47.0,24.0,8.7,0.5,0,,0,2,24.0,0,3.0,0.0,0.0,0.0,0.0,-3.47
Spain,Dani Carvajal,DF,34.0,1.0,29.0,29.0,5.4,0.3,0,,0,1,29.0,1,3.0,0.0,0.0,0.0,0.0,-3.35
Spain,Jorge de Frutos,"FW,MF",28.0,1.0,23.0,23.0,4.3,0.3,0,,0,1,23.0,2,3.0,0.0,0.0,0.0,0.0,-3.31
Spain,Daniel Vivian,DF,26.0,1.0,20.0,20.0,3.7,0.2,0,,0,1,20.0,3,3.0,2.0,0.0,2.0,9.0,6.06
Spain,Álvaro Morata,FW,33.0,1.0,18.0,18.0,3.3,0.2,0,,0,1,18.0,1,3.0,0.0,0.0,0.0,0.0,-3.28
Spain,Jesus Rodríguez,MF,20.0,1.0,12.0,12.0,2.2,0.1,0,,0,1,12.0,2,3.0,0.0,0.0,0.0,0.0,-3.24
Spain,Pablo Fornals,"FW,MF",29.0,1.0,8.0,8.0,1.5,0.1,0,,0,1,8.0,1,1.0,0.0,0.0,0.0,0.0,-3.21
Spain,David Raya,GK,30.0,0.0,,,,,0,,0,0,,6,,,,,,
Spain,Álex Remiro,GK,30.0,0.0,,,,,0,,0,0,,6,,,,,,
Spain,Unai Simón,GK,29.0082,8.0,675.0,84.0,75.0,7.5,8,84.0,7,0,,2,2.75,26.0,2.0,24.0,3.2,3.2
Spain,Marc Cucurella,DF,27.8953,7.0,608.0,87.0,67.6,6.8,7,87.0,6,0,,2,2.71,23.0,3.0,20.0,2.96,1.73
Spain,Mikel Oyarzabal,"FW,MF",29.1478,8.0,549.0,69.0,61.0,6.1,8,69.0,2,0,,1,2.75,25.0,2.0,23.0,3.77,3.51
Spain,Pedro Porro,DF,26.7502,8.0,544.0,68.0,60.4,6.0,7,75.0,3,1,22.0,2,2.5,19.0,1.0,18.0,2.98,1.46
Spain,Mikel Merino,MF,29.9774,8.0,519.0,65.0,57.7,5.8,6,78.0,4,2,27.0,0,2.5,19.0,2.0,17.0,2.95,1.29
Spain,Ferrán Torres,FW,26.2875,8.0,463.0,58.0,51.4,5.1,5,69.0,1,3,40.0,1,2.25,16.0,3.0,13.0,2.53,0.26
Spain,Pau Cubarsí,DF,19.3915,6.0,457.0,76.0,50.8,5.1,5,82.0,3,1,45.0,4,2.67,14.0,2.0,12.0,2.36,-0.07
Spain,Aymeric Laporte,DF,32.0493,6.0,450.0,75.0,50.0,5.0,6,75.0,4,0,,1,2.33,16.0,3.0,13.0,2.6,0.4
Spain,Pedri,MF,23.5503,7.0,447.0,64.0,49.7,5.0,6,67.0,1,1,45.0,0,2.71,18.0,0.0,18.0,3.62,2.43
Spain,Álex Baena,"MF,FW",24.9008,7.0,411.0,59.0,45.7,4.6,5,71.0,1,2,28.0,1,2.43,13.0,1.0,12.0,2.63,0.42
Spain,Martín Zubimendi,MF,27.3614,7.0,409.0,58.0,45.4,4.5,5,73.0,1,2,22.0,1,3.0,17.0,1.0,16.0,3.52,2.05
Spain,Marcos Llorente,DF,31.3696,5.0,309.0,62.0,34.3,3.4,3,83.0,2,2,31.0,3,2.6,9.0,3.0,6.0,1.75,-0.99
Spain,Robin Le Normand,DF,29.5886,4.0,295.0,74.0,54.6,3.3,4,74.0,2,0,,0,3.0,13.0,0.0,13.0,3.97,1.76
Spain,Yeremi Pino,FW,23.6489,8.0,285.0,36.0,31.7,3.2,2,62.0,0,6,27.0,0,2.25,7.0,3.0,4.0,1.26,-1.66
Spain,Dani Olmo,FW,28.104,6.0,273.0,46.0,30.3,3.0,3,54.0,0,3,37.0,2,2.0,5.0,4.0,1.0,0.33,-2.97
Spain,Dean Huijsen,DF,21.167,3.0,270.0,90.0,30.0,3.0,3,90.0,3,0,,1,2.33,9.0,0.0,9.0,3.0,0.86
Spain,Lamine Yamal,FW,18.9199,4.0,257.0,64.0,28.6,2.9,4,64.0,0,0,,0,2.5,11.0,0.0,11.0,3.85,2.03
Spain,Álex Grimaldo,DF,30.731,4.0,247.0,62.0,27.4,2.7,3,75.0,2,1,22.0,5,2.0,5.0,1.0,4.0,1.46,-1.3
Spain,Rodri,"DF,MF",29.9774,5.0,228.0,46.0,25.3,2.5,2,68.0,0,3,31.0,0,2.6,6.0,0.0,6.0,2.37,-0.04
Spain,Fabián Ruiz Peña,MF,30.1971,3.0,188.0,63.0,20.9,2.1,3,63.0,0,0,,0,2.33,7.0,2.0,5.0,2.39,-0.01
Spain,Borja Iglesias,FW,33.4052,6.0,187.0,31.0,20.8,2.1,1,45.0,0,5,28.0,2,2.34,4.0,1.0,3.0,1.44,-1.21
Spain,Fermin López,MF,23.0931,5.0,159.0,32.0,17.7,1.8,1,45.0,0,4,29.0,1,2.2,3.0,0.0,3.0,1.7,-0.85
Spain,Aleix García,MF,28.961,3.0,128.0,43.0,23.7,1.4,1,90.0,1,2,19.0,3,2.33,4.0,2.0,2.0,1.41,-2.31
Spain,Nico Williams,FW,23.9227,2.0,113.0,57.0,20.9,1.3,2,57.0,0,0,,0,3.0,5.0,0.0,5.0,3.98,1.03
Spain,David Raya,GK,30.7447,2.0,106.0,53.0,11.8,1.2,1,61.0,0,1,45.0,7,2.0,1.0,1.0,0.0,0.0,-1.77
Spain,Joan García,GK,25.1123,2.0,101.0,51.0,28.1,1.1,1,72.0,0,1,29.0,1,1.0,1.0,1.0,0.0,0.0,-1.74
Spain,Pablo Fornals,"FW,MF",30.3066,3.0,98.0,33.0,10.9,1.1,1,45.0,0,2,27.0,1,1.67,1.0,0.0,1.0,0.92,-1.66
Spain,Cristhian Mosquera,DF,21.9637,2.0,98.0,49.0,27.2,1.1,1,90.0,1,1,8.0,0,2.0,0.0,0.0,0.0,0.0,-1.72
Spain,Eric García,"DF,MF",25.4271,2.0,90.0,45.0,25.0,1.0,0,,0,2,45.0,0,2.0,1.0,1.0,0.0,0.0,-1.67
Spain,Gavi,MF,21.8569,2.0,88.0,44.0,24.4,1.0,1,58.0,0,1,30.0,0,2.0,1.0,2.0,-1.0,-1.02,-3.01
Spain,Samu Omorodion,FW,22.1095,2.0,74.0,37.0,13.7,0.8,1,45.0,0,1,29.0,1,2.0,1.0,0.0,1.0,1.22,-2.26
Spain,Víctor Muñoz,MF,22.9199,2.0,73.0,37.0,20.3,0.8,0,,0,2,37.0,0,2.0,1.0,0.0,1.0,1.23,-0.02
Spain,Ander Barrenetxea,FW,24.4627,1.0,72.0,72.0,20.0,0.8,1,72.0,0,0,,1,1.0,0.0,0.0,0.0,0.0,-1.56
Spain,Pablo Barrios,MF,22.9966,3.0,69.0,23.0,12.8,0.8,0,,0,3,23.0,1,3.0,3.0,0.0,3.0,3.91,0.86
Spain,Marc Pubill,DF,22.9829,2.0,62.0,31.0,17.2,0.7,0,,0,2,31.0,0,2.0,0.0,1.0,-1.0,-1.45,-3.26
Spain,Jon Martin,DF,20.1424,1.0,58.0,58.0,16.1,0.6,1,58.0,0,0,,0,1.0,1.0,1.0,0.0,0.0,-1.49
Spain,Marc Bernal,MF,19.052,1.0,58.0,58.0,16.1,0.6,1,58.0,0,0,,0,1.0,1.0,1.0,0.0,0.0,-1.49
Spain,Jesus Rodríguez,MF,20.5613,2.0,57.0,29.0,6.3,0.6,0,,0,2,29.0,2,2.0,0.0,0.0,0.0,0.0,-2.56
Spain,Carlos Soler,MF,29.4463,1.0,45.0,45.0,12.5,0.5,1,45.0,0,0,,1,1.0,0.0,0.0,0.0,0.0,-1.43
Spain,Sergio Gómez,"DF,MF",25.7748,1.0,45.0,45.0,12.5,0.5,0,,0,1,45.0,0,1.0,0.0,0.0,0.0,0.0,-1.43
Spain,Gonzalo García,FW,22.2245,1.0,45.0,45.0,12.5,0.5,0,,0,1,45.0,0,1.0,0.0,0.0,0.0,0.0,-1.43
Spain,Javier Guerra,MF,23.0876,1.0,32.0,32.0,8.9,0.4,0,,0,1,32.0,0,1.0,0.0,0.0,0.0,0.0,-1.37
Spain,Beñat Turrientes,MF,24.3669,1.0,32.0,32.0,8.9,0.4,0,,0,1,32.0,0,1.0,0.0,0.0,0.0,0.0,-1.37
Spain,Dani Carvajal,DF,34.4216,1.0,29.0,29.0,5.4,0.3,0,,0,1,29.0,1,3.0,0.0,0.0,0.0,0.0,-3.35
Spain,Jorge de Frutos,"FW,MF",29.3121,1.0,23.0,23.0,4.3,0.3,0,,0,1,23.0,2,3.0,0.0,0.0,0.0,0.0,-3.31
Spain,Daniel Vivian,DF,26.9144,1.0,20.0,20.0,3.7,0.2,0,,0,1,20.0,3,3.0,2.0,0.0,2.0,9.0,6.06
Spain,Álvaro Morata,FW,33.6407,1.0,18.0,18.0,3.3,0.2,0,,0,1,18.0,1,3.0,0.0,0.0,0.0,0.0,-3.28
Spain,Leo Román,GK,25.9391,1.0,18.0,18.0,5.0,0.2,0,,0,1,18.0,0,1.0,0.0,0.0,0.0,0.0,-1.32
Spain,Javi Rodríguez,DF,22.9637,1.0,18.0,18.0,5.0,0.2,0,,0,1,18.0,0,1.0,0.0,0.0,0.0,0.0,-1.32
Spain,Álex Remiro,GK,31.2245,0.0,,,,,0,,0,0,,8,,,,,,
Sweden,Daniel Svensson,"MF,DF",24.334,2.0,169.0,85.0,93.9,1.9,2,85.0,1,0,,0,0.5,3.0,4.0,-1.0,-0.53,7.65
Sweden,Yasin Ayari,MF,22.6872,2.0,108.0,54.0,60.0,1.2,2,54.0,0,0,,0,0.5,1.0,4.0,-3.0,-2.5,-3.75
Sweden,Isak Hien,DF,27.4162,2.0,108.0,54.0,60.0,1.2,2,54.0,0,0,,0,0.5,1.0,4.0,-3.0,-2.5,-3.75
Sweden,Gustaf Lagerbielke,DF,26.178,2.0,108.0,54.0,60.0,1.2,2,54.0,0,0,,0,0.5,1.0,4.0,-3.0,-2.5,-3.75
Sweden,Benjamin Nygren,MF,24.9336,2.0,109.0,55.0,60.6,1.2,1,64.0,0,1,45.0,0,0.5,2.0,1.0,1.0,0.83,4.63
Sweden,Alexander Bernhardsson,MF,27.7639,2.0,108.0,54.0,60.0,1.2,1,63.0,0,1,45.0,0,0.5,2.0,1.0,1.0,0.83,4.58
Sweden,Mattias Svanberg,MF,27.4381,2.0,108.0,54.0,60.0,1.2,1,63.0,0,1,45.0,0,0.5,2.0,1.0,1.0,0.83,4.58
Sweden,Alexander Isak,FW,26.7283,2.0,91.0,46.0,50.6,1.0,1,62.0,0,1,29.0,0,0.5,2.0,1.0,1.0,0.99,4.02
Sweden,Kristoffer Nordfeldt,GK,36.9747,1.0,90.0,90.0,50.0,1.0,1,90.0,1,0,,1,1.0,2.0,2.0,0.0,0.0,2.0
Sweden,Jacob Widell Zetterström,GK,27.9254,1.0,90.0,90.0,50.0,1.0,1,90.0,1,0,,1,0.0,1.0,3.0,-2.0,-2.0,-2.0
Sweden,Gustaf Nilsson,FW,29.0602,2.0,87.0,44.0,48.3,1.0,1,61.0,0,1,26.0,0,0.5,1.0,4.0,-3.0,-3.1,-4.07
Sweden,Lucas Bergvall,MF,20.3614,2.0,73.0,37.0,40.6,0.8,1,45.0,0,1,28.0,0,0.5,1.0,4.0,-3.0,-3.7,-4.54
Sweden,Anthony Elanga,FW,24.1314,2.0,73.0,37.0,40.6,0.8,1,45.0,0,1,28.0,0,0.5,1.0,4.0,-3.0,-3.7,-4.54
Sweden,Jesper Karlström,MF,30.9802,2.0,72.0,36.0,40.0,0.8,1,45.0,0,1,27.0,0,0.5,1.0,4.0,-3.0,-3.75,-4.58
Sweden,Eric Smith,DF,29.4298,2.0,72.0,36.0,40.0,0.8,1,45.0,0,1,27.0,0,0.5,1.0,4.0,-3.0,-3.75,-4.58
Sweden,Gabriel Gudmundsson,MF,27.1259,1.0,63.0,63.0,35.0,0.7,1,63.0,0,0,,0,1.0,1.0,1.0,0.0,0.0,1.54
Sweden,Herman Johansson,MF,28.6598,1.0,63.0,63.0,35.0,0.7,1,63.0,0,0,,1,0.0,0.0,3.0,-3.0,-4.29,-5.05
Sweden,Viktor Gyökeres,FW,28.0274,1.0,62.0,62.0,34.4,0.7,1,62.0,0,0,,0,1.0,1.0,1.0,0.0,0.0,1.53
Sweden,Besfort Zeneli,MF,23.5613,2.0,72.0,36.0,40.0,0.8,0,,0,2,36.0,0,0.5,2.0,1.0,1.0,1.25,3.75
Sweden,Hjalmar Ekdal,DF,27.6461,2.0,56.0,28.0,31.1,0.6,0,,0,2,28.0,0,0.5,1.0,1.0,0.0,0.0,1.45
Sweden,Sebastian Nanasi,"FW,MF",24.0794,1.0,45.0,45.0,25.0,0.5,0,,0,1,45.0,1,0.0,1.0,0.0,1.0,2.0,4.0
Sweden,Ken Sema,"FW,MF",32.7036,1.0,45.0,45.0,25.0,0.5,0,,0,1,45.0,1,0.0,1.0,0.0,1.0,2.0,4.0
Sweden,Taha Ali,"FW,MF",27.9528,1.0,27.0,27.0,15.0,0.3,0,,0,1,27.0,1,1.0,1.0,1.0,0.0,0.0,1.18
Sweden,Victor Lindelöf,DF,31.909,1.0,27.0,27.0,15.0,0.3,0,,0,1,27.0,0,0.0,1.0,0.0,1.0,3.33,5.1
Sweden,Carl Starfelt,DF,31.0356,1.0,27.0,27.0,15.0,0.3,0,,0,1,27.0,0,1.0,1.0,1.0,0.0,0.0,1.18
Sweden,Elliot Stroud,MF,23.9774,1.0,27.0,27.0,15.0,0.3,0,,0,1,27.0,0,1.0,1.0,1.0,0.0,0.0,1.18
Sweden,Viktor Johansson,GK,27.7474,0.0,,,,,0,,0,0,,2,,,,,,
Sweden,Yasin Ayari,MF,22.0,7.0,542.0,77.0,75.3,6.0,7,77.0,3,0,,1,1.0,9.0,11.0,-2.0,-0.33,1.18
Sweden,Gabriel Gudmundsson,"MF,DF",26.0,8.0,584.0,73.0,81.1,6.5,6,86.0,4,2,34.0,0,1.0,9.0,12.0,-3.0,-0.46,0.86
Sweden,Viktor Gyökeres,FW,27.0,6.0,540.0,90.0,75.0,6.0,6,90.0,6,0,,0,1.17,8.0,10.0,-2.0,-0.33,1.17
Sweden,Daniel Svensson,"MF,DF",23.0,8.0,527.0,66.0,73.2,5.9,6,83.0,5,2,16.0,0,1.0,7.0,14.0,-7.0,-1.2,-2.13
Sweden,Isak Hien,DF,27.0,6.0,486.0,81.0,67.5,5.4,6,81.0,5,0,,1,0.67,4.0,11.0,-7.0,-1.3,-2.07
Sweden,Gustaf Lagerbielke,DF,25.0,6.0,457.0,76.0,63.5,5.1,5,90.0,5,1,7.0,0,1.17,8.0,10.0,-2.0,-0.39,0.63
Sweden,Anthony Elanga,"MF,FW",23.0,6.0,413.0,69.0,57.4,4.6,5,74.0,0,1,45.0,1,1.17,7.0,9.0,-2.0,-0.44,0.44
Sweden,Alexander Bernhardsson,MF,27.0,6.0,342.0,57.0,47.5,3.8,5,63.0,0,1,25.0,0,0.33,3.0,8.0,-5.0,-1.32,-1.32
Sweden,Victor Lindelöf,DF,31.0,4.0,353.0,88.0,49.0,3.9,4,88.0,3,0,,1,1.75,6.0,5.0,1.0,0.25,1.73
Sweden,Jesper Karlström,MF,30.0,4.0,312.0,78.0,43.3,3.5,4,78.0,2,0,,4,1.5,6.0,8.0,-2.0,-0.58,0.08
Sweden,Benjamin Nygren,"MF,FW",24.0,5.0,316.0,63.0,43.9,3.5,3,87.0,2,2,28.0,3,1.4,7.0,8.0,-1.0,-0.28,0.61
Sweden,Viktor Johansson,GK,27.0,3.0,270.0,90.0,37.5,3.0,3,90.0,3,0,,2,0.0,1.0,7.0,-6.0,-2.0,-2.2
Sweden,Anton Salétros,MF,29.0,4.0,251.0,63.0,34.9,2.8,2,90.0,2,2,36.0,0,0.25,2.0,5.0,-3.0,-1.08,-0.69
Sweden,Carl Starfelt,DF,30.0,3.0,234.0,78.0,32.5,2.6,2,90.0,2,1,54.0,3,2.33,6.0,4.0,2.0,0.77,2.07
Sweden,Alexander Isak,FW,26.0,4.0,228.0,57.0,31.7,2.5,2,90.0,2,2,24.0,2,0.0,0.0,5.0,-5.0,-1.97,-1.97
Sweden,Kristoffer Nordfeldt,GK,36.0,2.0,180.0,90.0,25.0,2.0,2,90.0,2,0,,6,3.0,6.0,3.0,3.0,1.5,2.83
Sweden,Robin Olsen,GK,36.0,2.0,180.0,90.0,25.0,2.0,2,90.0,2,0,,0,0.5,2.0,4.0,-2.0,-1.0,-0.5
Sweden,Lucas Bergvall,MF,19.0,4.0,165.0,41.0,22.9,1.8,2,65.0,0,2,18.0,2,1.5,1.0,3.0,-2.0,-1.09,-0.6
Sweden,Ken Sema,MF,32.0,4.0,163.0,41.0,22.6,1.8,2,55.0,0,2,27.0,2,0.25,0.0,1.0,-1.0,-0.55,0.09
Sweden,Hjalmar Ekdal,DF,27.0,2.0,155.0,78.0,21.5,1.7,2,78.0,1,0,,2,0.5,2.0,4.0,-2.0,-1.16,-0.68
Sweden,Hugo Larsson,MF,21.0,2.0,135.0,68.0,18.8,1.5,2,68.0,1,0,,4,0.5,2.0,4.0,-2.0,-1.33,-0.87
Sweden,Mattias Svanberg,"MF,FW",27.0,4.0,128.0,32.0,17.8,1.4,2,63.0,0,2,1.0,0,1.75,1.0,3.0,-2.0,-1.41,-0.95
Sweden,Besfort Zeneli,MF,23.0,3.0,140.0,47.0,19.4,1.6,1,90.0,1,2,25.0,1,1.33,2.0,3.0,-1.0,-0.64,-0.02
Sweden,Roony Bardghji,FW,20.0,3.0,116.0,39.0,16.1,1.3,1,65.0,0,2,26.0,2,0.33,0.0,2.0,-2.0,-1.55,-1.1
Sweden,Herman Johansson,MF,28.0,2.0,115.0,58.0,16.0,1.3,1,90.0,1,1,25.0,0,2.0,4.0,1.0,3.0,2.35,3.54
Sweden,Isac Lidberg,FW,27.0,2.0,103.0,52.0,14.3,1.1,1,90.0,1,1,13.0,0,0.5,1.0,2.0,-1.0,-0.87,-0.29
Sweden,Gustav Lundgren,MF,30.0,2.0,100.0,50.0,13.9,1.1,1,90.0,1,1,10.0,1,2.0,2.0,1.0,1.0,0.9,1.77
Sweden,Jacob Widell Zetterström,GK,27.0,1.0,90.0,90.0,12.5,1.0,1,90.0,1,0,,1,1.0,1.0,1.0,0.0,0.0,0.71
Sweden,Emil Krafth,DF,31.0,2.0,89.0,45.0,12.4,1.0,1,64.0,0,1,25.0,2,0.5,0.0,1.0,-1.0,-1.01,-0.44
Sweden,Emil Holm,DF,25.0,2.0,68.0,34.0,9.4,0.8,1,49.0,0,1,19.0,1,0.0,1.0,2.0,-1.0,-1.32,-0.77
Sweden,Emil Forsberg,"FW,MF",34.0,2.0,66.0,33.0,9.2,0.7,0,,0,2,33.0,0,0.5,1.0,2.0,-1.0,-1.36,-0.81
Sweden,Sebastian Nanasi,"FW,MF",23.0,1.0,45.0,45.0,6.3,0.5,0,,0,1,45.0,1,0.0,0.0,0.0,0.0,0.0,0.67
Sweden,Niclas Eliasson,MF,30.0,1.0,27.0,27.0,3.8,0.3,0,,0,1,27.0,0,1.0,1.0,1.0,0.0,0.0,0.65
Sweden,Taha Ali,"FW,MF",27.0,0.0,,,,,0,,0,0,,2,,,,,,
Sweden,Samuel Dahl,DF,22.0,0.0,,,,,0,,0,0,,1,,,,,,
Sweden,Melker Ellborg,GK,22.0,0.0,,,,,0,,0,0,,2,,,,,,
Sweden,Victor Eriksson,DF,25.0,0.0,,,,,0,,0,0,,1,,,,,,
Sweden,Jordan Larsson,"FW,MF",28.0,0.0,,,,,0,,0,0,,2,,,,,,
Sweden,Gustaf Nilsson,FW,28.0,0.0,,,,,0,,0,0,,2,,,,,,
Sweden,Axel Norén,DF,26.0,0.0,,,,,0,,0,0,,2,,,,,,
Sweden,Eric Smith,"DF,MF",29.0,0.0,,,,,0,,0,0,,1,,,,,,
Sweden,Elliot Stroud,MF,23.0,0.0,,,,,0,,0,0,,1,,,,,,
Sweden,Williot Swedberg,"FW,MF",21.0,0.0,,,,,0,,0,0,,1,,,,,,
Sweden,Noel Törnqvist,GK,23.0,0.0,,,,,0,,0,0,,5,,,,,,
Sweden,Daniel Svensson,"MF,DF",24.334,10.0,696.0,70.0,77.3,7.7,8,83.0,6,2,16.0,0,0.9,10.0,18.0,-8.0,-1.03,-1.48
Sweden,Yasin Ayari,MF,22.6872,9.0,650.0,72.0,72.2,7.2,9,72.0,3,0,,1,0.89,10.0,15.0,-5.0,-0.69,0.03
Sweden,Gabriel Gudmundsson,"MF,DF",27.1259,9.0,647.0,72.0,71.9,7.2,7,83.0,4,2,34.0,0,1.0,10.0,13.0,-3.0,-0.42,1.01
Sweden,Viktor Gyökeres,FW,28.0274,7.0,602.0,86.0,66.9,6.7,7,86.0,6,0,,0,1.15,9.0,11.0,-2.0,-0.3,1.21
Sweden,Isak Hien,DF,27.4162,8.0,594.0,74.0,66.0,6.6,8,74.0,5,0,,1,0.63,5.0,15.0,-10.0,-1.52,-2.4
Sweden,Gustaf Lagerbielke,DF,26.178,8.0,565.0,71.0,62.8,6.3,7,80.0,5,1,7.0,0,1.0,9.0,14.0,-5.0,-0.8,-0.26
Sweden,Anthony Elanga,"MF,FW",24.1314,8.0,486.0,61.0,54.0,5.4,6,69.0,0,2,37.0,1,1.0,8.0,13.0,-5.0,-0.93,-0.49
Sweden,Alexander Bernhardsson,MF,27.7639,8.0,450.0,56.0,50.0,5.0,6,63.0,0,2,35.0,0,0.37,5.0,9.0,-4.0,-0.8,-0.2
Sweden,Benjamin Nygren,"MF,FW",24.9336,7.0,425.0,61.0,47.2,4.7,4,81.0,2,3,34.0,3,1.14,9.0,9.0,0.0,0.0,1.33
Sweden,Jesper Karlström,MF,30.9802,6.0,384.0,64.0,42.7,4.3,5,71.0,2,1,27.0,4,1.17,7.0,12.0,-5.0,-1.17,-0.82
Sweden,Victor Lindelöf,DF,31.909,5.0,380.0,76.0,42.2,4.2,4,88.0,3,1,27.0,1,1.4,7.0,5.0,2.0,0.47,2.03
Sweden,Alexander Isak,FW,26.7283,6.0,319.0,53.0,35.4,3.5,3,81.0,2,3,26.0,2,0.17,2.0,6.0,-4.0,-1.13,-0.66
Sweden,Kristoffer Nordfeldt,GK,36.9747,3.0,270.0,90.0,30.0,3.0,3,90.0,3,0,,7,2.33,8.0,5.0,3.0,1.0,2.43
Sweden,Viktor Johansson,GK,27.7474,3.0,270.0,90.0,30.0,3.0,3,90.0,3,0,,4,0.0,1.0,7.0,-6.0,-2.0,-2.2
Sweden,Carl Starfelt,DF,31.0356,4.0,261.0,65.0,29.0,2.9,2,90.0,2,2,41.0,3,2.0,7.0,5.0,2.0,0.69,1.96
Sweden,Anton Salétros,MF,30.1725,4.0,251.0,63.0,34.9,2.8,2,90.0,2,2,36.0,0,0.25,2.0,5.0,-3.0,-1.08,-0.69
Sweden,Lucas Bergvall,MF,20.3614,6.0,238.0,40.0,26.4,2.6,3,58.0,0,3,21.0,2,1.17,2.0,7.0,-5.0,-1.89,-1.62
Sweden,Mattias Svanberg,"MF,FW",27.4381,6.0,236.0,39.0,26.2,2.6,3,63.0,0,3,16.0,0,1.33,3.0,4.0,-1.0,-0.38,0.43
Sweden,Besfort Zeneli,MF,23.5613,5.0,212.0,42.0,23.6,2.4,1,90.0,1,4,31.0,1,1.0,4.0,4.0,0.0,0.0,0.92
Sweden,Hjalmar Ekdal,DF,27.6461,4.0,211.0,53.0,23.4,2.3,2,78.0,1,2,28.0,2,0.5,3.0,5.0,-2.0,-0.85,-0.2
Sweden,Ken Sema,MF,32.7036,5.0,208.0,42.0,23.1,2.3,2,55.0,0,3,33.0,3,0.2,1.0,1.0,0.0,0.0,0.91
Sweden,Robin Olsen,GK,36.4298,2.0,180.0,90.0,25.0,2.0,2,90.0,2,0,,0,0.5,2.0,4.0,-2.0,-1.0,-0.5
Sweden,Jacob Widell Zetterström,GK,27.9254,2.0,180.0,90.0,20.0,2.0,2,90.0,2,0,,2,0.5,2.0,4.0,-2.0,-1.0,-0.38
Sweden,Herman Johansson,MF,28.6598,3.0,178.0,59.0,19.8,2.0,2,77.0,1,1,25.0,1,1.33,4.0,4.0,0.0,0.0,0.87
Sweden,Hugo Larsson,MF,21.9637,2.0,135.0,68.0,18.8,1.5,2,68.0,1,0,,4,0.5,2.0,4.0,-2.0,-1.33,-0.87
Sweden,Roony Bardghji,FW,20.5777,3.0,116.0,39.0,16.1,1.3,1,65.0,0,2,26.0,2,0.33,0.0,2.0,-2.0,-1.55,-1.1
Sweden,Isac Lidberg,FW,27.7639,2.0,103.0,52.0,14.3,1.1,1,90.0,1,1,13.0,0,0.5,1.0,2.0,-1.0,-0.87,-0.29
Sweden,Gustav Lundgren,MF,31.1561,2.0,100.0,50.0,13.9,1.1,1,90.0,1,1,10.0,1,2.0,2.0,1.0,1.0,0.9,1.77
Sweden,Sebastian Nanasi,"FW,MF",24.0794,2.0,90.0,45.0,10.0,1.0,0,,0,2,45.0,2,0.0,1.0,0.0,1.0,1.0,1.89
Sweden,Emil Krafth,DF,31.8652,2.0,89.0,45.0,12.4,1.0,1,64.0,0,1,25.0,2,0.5,0.0,1.0,-1.0,-1.01,-0.44
Sweden,Gustaf Nilsson,FW,29.0602,2.0,87.0,44.0,9.7,1.0,1,61.0,0,1,26.0,2,0.5,1.0,4.0,-3.0,-3.1,-4.07
Sweden,Eric Smith,"DF,MF",29.4298,2.0,72.0,36.0,8.0,0.8,1,45.0,0,1,27.0,1,0.5,1.0,4.0,-3.0,-3.75,-4.58
Sweden,Emil Holm,DF,26.0876,2.0,68.0,34.0,9.4,0.8,1,49.0,0,1,19.0,1,0.0,1.0,2.0,-1.0,-1.32,-0.77
Sweden,Emil Forsberg,"FW,MF",34.6407,2.0,66.0,33.0,9.2,0.7,0,,0,2,33.0,0,0.5,1.0,2.0,-1.0,-1.36,-0.81
Sweden,Taha Ali,"FW,MF",27.9528,1.0,27.0,27.0,3.0,0.3,0,,0,1,27.0,3,1.0,1.0,1.0,0.0,0.0,1.18
Sweden,Niclas Eliasson,MF,30.5175,1.0,27.0,27.0,3.8,0.3,0,,0,1,27.0,0,1.0,1.0,1.0,0.0,0.0,0.65
Sweden,Elliot Stroud,MF,23.9774,1.0,27.0,27.0,3.0,0.3,0,,0,1,27.0,1,1.0,1.0,1.0,0.0,0.0,1.18
Sweden,Samuel Dahl,DF,23.2793,0.0,,,,,0,,0,0,,1,,,,,,
Sweden,Melker Ellborg,GK,23.063,0.0,,,,,0,,0,0,,2,,,,,,
Sweden,Williot Swedberg,"FW,MF",22.3641,0.0,,,,,0,,0,0,,1,,,,,,
Sweden,Noel Törnqvist,GK,24.3641,0.0,,,,,0,,0,0,,5,,,,,,
Sweden,Axel Norén,DF,27.1944,0.0,,,,,0,,0,0,,2,,,,,,
Sweden,Jordan Larsson,"FW,MF",28.9829,0.0,,,,,0,,0,0,,2,,,,,,
Sweden,Victor Eriksson,DF,25.7392,0.0,,,,,0,,0,0,,1,,,,,,
Switzerland,Manuel Akanji,DF,30.9035,1.0,90.0,90.0,100.0,1.0,1,90.0,1,0,,0,1.0,1.0,1.0,0.0,0.0,
Switzerland,Nico Elvedi,DF,29.7036,1.0,90.0,90.0,100.0,1.0,1,90.0,1,0,,0,1.0,1.0,1.0,0.0,0.0,
Switzerland,Breel Embolo,FW,29.3285,1.0,90.0,90.0,100.0,1.0,1,90.0,1,0,,0,1.0,1.0,1.0,0.0,0.0,
Switzerland,Gregor Kobel,GK,28.5202,1.0,90.0,90.0,100.0,1.0,1,90.0,1,0,,0,1.0,1.0,1.0,0.0,0.0,
Switzerland,Granit Xhaka,MF,33.7118,1.0,90.0,90.0,100.0,1.0,1,90.0,1,0,,0,1.0,1.0,1.0,0.0,0.0,
Switzerland,Denis Zakaria,DF,29.564,1.0,90.0,90.0,100.0,1.0,1,90.0,1,0,,0,1.0,1.0,1.0,0.0,0.0,
Switzerland,Remo Freuler,MF,34.1643,1.0,88.0,88.0,97.8,1.0,1,88.0,0,0,,0,1.0,1.0,0.0,1.0,1.02,46.02
Switzerland,Ricardo Rodríguez,DF,33.8022,1.0,88.0,88.0,97.8,1.0,1,88.0,0,0,,0,1.0,1.0,0.0,1.0,1.02,46.02
Switzerland,Ruben Vargas,MF,27.8569,1.0,78.0,78.0,86.7,0.9,1,78.0,0,0,,0,1.0,1.0,0.0,1.0,1.15,8.65
Switzerland,Michel Aebischer,MF,29.4353,1.0,65.0,65.0,72.2,0.7,1,65.0,0,0,,0,1.0,1.0,0.0,1.0,1.38,4.98
Switzerland,Dan Ndoye,MF,25.6352,1.0,65.0,65.0,72.2,0.7,1,65.0,0,0,,0,1.0,1.0,0.0,1.0,1.38,4.98
Switzerland,Johan Manzambi,MF,20.6653,1.0,25.0,25.0,27.8,0.3,0,,0,1,25.0,0,1.0,0.0,1.0,-1.0,-3.6,-4.98
Switzerland,Fabian Rieder,"FW,MF",24.3231,1.0,25.0,25.0,27.8,0.3,0,,0,1,25.0,0,1.0,0.0,1.0,-1.0,-3.6,-4.98
Switzerland,Zeki Amdouni,"FW,MF",25.5257,1.0,12.0,12.0,13.3,0.1,0,,0,1,12.0,0,1.0,0.0,1.0,-1.0,-7.5,-8.65
Switzerland,Ardon Jashari,MF,23.8734,1.0,2.0,2.0,2.2,0.0,0,,0,1,2.0,0,1.0,0.0,1.0,-1.0,-45.0,-46.02
Switzerland,Miro Muheim,"DF,MF",28.2245,1.0,2.0,2.0,2.2,0.0,0,,0,1,2.0,0,1.0,0.0,1.0,-1.0,-45.0,-46.02
Switzerland,Aurèle Amenda,DF,22.8706,0.0,,,,,0,,0,0,,1,,,,,,
Switzerland,Eray Cömert,DF,28.3559,0.0,,,,,0,,0,0,,1,,,,,,
Switzerland,Christian Fassnacht,"FW,MF",32.5886,0.0,,,,,0,,0,0,,1,,,,,,
Switzerland,Cedric Itten,"FW,MF",29.4627,0.0,,,,,0,,0,0,,1,,,,,,
Switzerland,Luca Jaquez,DF,23.0329,0.0,,,,,0,,0,0,,1,,,,,,
Switzerland,Marvin Keller,GK,23.9473,0.0,,,,,0,,0,0,,1,,,,,,
Switzerland,Yvon Mvogo,GK,32.0219,0.0,,,,,0,,0,0,,1,,,,,,
Switzerland,Noah Okafor,"FW,MF",26.0575,0.0,,,,,0,,0,0,,1,,,,,,
Switzerland,Djibril Sow,MF,29.3504,0.0,,,,,0,,0,0,,1,,,,,,
Switzerland,Silvan Widmer,"DF,MF",33.2765,0.0,,,,,0,,0,0,,1,,,,,,
Switzerland,Remo Freuler,MF,34.1643,4.0,245,61.0,68.1,2.7,4,61.0,0,0,,0,1.25,6.0,4.0,2.0,0.73,0.73
Switzerland,Manuel Akanji,DF,30.9035,4.0,244,61.0,67.8,2.7,4,61.0,0,0,,0,1.25,6.0,5.0,1.0,0.37,-0.41
Switzerland,Nico Elvedi,DF,29.7036,4.0,237,59.0,65.8,2.6,4,59.0,0,0,,0,1.25,6.0,4.0,2.0,0.76,0.76
Switzerland,Dan Ndoye,"MF,FW",25.6352,4.0,212,53.0,58.9,2.4,4,53.0,0,0,,0,1.25,6.0,3.0,3.0,1.27,1.88
Switzerland,Breel Embolo,FW,29.3285,3.0,196,65.0,54.4,2.2,3,65.0,0,0,,0,1.33,5.0,4.0,1.0,0.46,-0.09
Switzerland,Michel Aebischer,MF,29.4353,4.0,183,46.0,50.8,2.0,3,57.0,0,1,13.0,0,1.25,5.0,2.0,3.0,1.48,1.98
Switzerland,Granit Xhaka,MF,33.7118,3.0,183,61.0,50.8,2.0,3,61.0,0,0,,0,1.33,6.0,4.0,2.0,0.98,0.98
Switzerland,Ruben Vargas,"FW,MF",27.8569,3.0,135,45.0,37.5,1.5,3,45.0,0,0,,0,1.33,5.0,2.0,3.0,2.0,2.4
Switzerland,Johan Manzambi,"MF,FW",20.6653,4.0,205,51.0,56.9,2.3,2,58.0,0,2,45.0,0,1.25,5.0,3.0,2.0,0.88,0.88
Switzerland,Silvan Widmer,DF,33.2765,4.0,185,46.0,51.4,2.1,2,58.0,0,2,35.0,0,1.25,4.0,4.0,0.0,0.0,-1.03
Switzerland,Gregor Kobel,GK,28.5202,2.0,180,90.0,50.0,2.0,2,90.0,2,0,,2,0.5,4.0,5.0,-1.0,-0.5,-2.0
Switzerland,Fabian Rieder,MF,24.3231,3.0,178,59.0,49.4,2.0,2,67.0,0,1,45.0,1,0.67,2.0,4.0,-2.0,-1.01,-2.99
Switzerland,Ricardo Rodríguez,DF,33.8022,3.0,160,53.0,44.4,1.8,2,58.0,0,1,45.0,1,1.33,4.0,4.0,0.0,0.0,-0.9
Switzerland,Denis Zakaria,DF,29.564,4.0,155,39.0,43.1,1.7,2,45.0,0,2,33.0,0,1.25,4.0,2.0,2.0,1.16,1.16
Switzerland,Yvon Mvogo,GK,32.0219,2.0,135,68.0,37.5,1.5,2,68.0,1,0,,2,2.0,3.0,0.0,3.0,2.0,2.4
Switzerland,Ardon Jashari,MF,23.8734,4.0,155,39.0,43.1,1.7,1,45.0,0,3,37.0,0,1.25,2.0,3.0,-1.0,-0.58,-1.9
Switzerland,Zeki Amdouni,FW,25.5257,2.0,115,58.0,31.9,1.3,1,70.0,0,1,45.0,0,2.0,2.0,2.0,0.0,0.0,-0.73
Switzerland,Djibril Sow,MF,29.3504,3.0,120,40.0,33.3,1.3,0,,0,3,40.0,1,1.67,1.0,1.0,0.0,0.0,-0.75
Switzerland,Miro Muheim,"DF,MF",28.2245,4.0,113,28.0,31.4,1.3,0,,0,4,28.0,0,1.25,2.0,2.0,0.0,0.0,-0.73
Switzerland,Eray Cömert,DF,28.3559,4.0,100,25.0,27.8,1.1,0,,0,4,25.0,0,1.25,2.0,1.0,1.0,0.9,0.55
Switzerland,Aurèle Amenda,DF,22.8706,3.0,94,31.0,26.1,1.0,0,,0,3,31.0,1,0.67,1.0,1.0,0.0,0.0,-0.68
Switzerland,Luca Jaquez,DF,23.0329,2.0,90,45.0,25.0,1.0,0,,0,2,45.0,2,2.0,1.0,1.0,0.0,0.0,-0.67
Switzerland,Alvyn Sanches,"FW,MF",23.334,2.0,74,37.0,20.6,0.8,0,,0,2,37.0,0,0.5,1.0,1.0,0.0,0.0,-0.63
Switzerland,Vincent Sierro,MF,30.6817,2.0,58,29.0,16.1,0.6,0,,0,2,29.0,0,0.5,1.0,1.0,0.0,0.0,-0.6
Switzerland,Christian Fassnacht,"FW,MF",32.5886,2.0,57,29.0,15.8,0.6,0,,0,2,29.0,0,2.0,1.0,1.0,0.0,0.0,-0.59
Switzerland,Joel Monteiro,"FW,MF",26.8569,2.0,54,27.0,15.0,0.6,0,,0,2,27.0,0,0.5,1.0,1.0,0.0,0.0,-0.59
Switzerland,Marvin Keller,GK,23.9473,1.0,45,45.0,12.5,0.5,0,,0,1,45.0,3,3.0,1.0,1.0,0.0,0.0,-0.57
Switzerland,Cedric Itten,"FW,MF",29.4627,2.0,40,20.0,11.1,0.4,0,,0,2,20.0,0,2.0,1.0,0.0,1.0,2.25,1.97
Switzerland,Noah Okafor,"FW,MF",26.0575,1.0,12,12.0,3.3,0.1,0,,0,1,12.0,2,1.0,0.0,0.0,0.0,0.0,-0.52
Switzerland,Manuel Akanji,DF,30.0,6.0,540.0,90.0,100.0,6.0,6,90.0,6,0,,0,2.33,14.0,2.0,12.0,2.0,
Switzerland,Nico Elvedi,DF,29.0,6.0,540.0,90.0,100.0,6.0,6,90.0,6,0,,0,2.33,14.0,2.0,12.0,2.0,
Switzerland,Gregor Kobel,GK,28.0,6.0,540.0,90.0,100.0,6.0,6,90.0,6,0,,0,2.33,14.0,2.0,12.0,2.0,
Switzerland,Granit Xhaka,MF,33.0,6.0,525.0,88.0,97.2,5.8,6,88.0,5,0,,0,2.33,14.0,2.0,12.0,2.06,2.06
Switzerland,Breel Embolo,FW,28.0,6.0,483.0,81.0,89.4,5.4,6,81.0,2,0,,0,2.33,13.0,1.0,12.0,2.24,2.24
Switzerland,Silvan Widmer,DF,32.0,6.0,450.0,75.0,83.3,5.0,6,75.0,2,0,,0,2.33,13.0,2.0,11.0,2.2,1.2
Switzerland,Ricardo Rodríguez,DF,33.0,6.0,431.0,72.0,79.8,4.8,6,72.0,2,0,,0,2.33,12.0,2.0,10.0,2.09,0.44
Switzerland,Ruben Vargas,"FW,MF",27.0,6.0,431.0,72.0,79.8,4.8,6,72.0,0,0,,0,2.33,12.0,1.0,11.0,2.3,1.47
Switzerland,Dan Ndoye,"FW,MF",25.0,5.0,442.0,88.0,81.9,4.9,5,88.0,2,0,,1,2.6,12.0,1.0,11.0,2.24,1.32
Switzerland,Remo Freuler,MF,33.0,4.0,360.0,90.0,66.7,4.0,4,90.0,4,0,,0,2.5,9.0,0.0,9.0,2.25,0.75
Switzerland,Fabian Rieder,MF,23.0,6.0,312.0,52.0,57.8,3.5,4,69.0,1,2,18.0,0,2.33,9.0,2.0,7.0,2.02,0.05
Switzerland,Michel Aebischer,MF,29.0,4.0,240.0,60.0,44.4,2.7,2,90.0,2,2,30.0,0,2.5,5.0,2.0,3.0,1.13,-1.58
Switzerland,Djibril Sow,MF,28.0,4.0,202.0,51.0,37.4,2.2,2,75.0,0,2,27.0,0,2.0,5.0,1.0,4.0,1.78,-0.35
Switzerland,Johan Manzambi,FW,20.0,6.0,192.0,32.0,35.6,2.1,1,90.0,1,5,20.0,0,2.33,3.0,1.0,2.0,0.94,-1.65
Switzerland,Miro Muheim,"DF,MF",27.0,3.0,94.0,31.0,17.4,1.0,0,,0,3,31.0,3,2.33,2.0,0.0,2.0,1.91,-0.1
Switzerland,Isaac Schmidt,"DF,MF",26.0,2.0,45.0,23.0,8.3,0.5,0,,0,2,23.0,3,2.0,0.0,0.0,0.0,0.0,-2.18
Switzerland,Denis Zakaria,"DF,MF",29.0,2.0,29.0,15.0,5.4,0.3,0,,0,2,15.0,0,3.0,0.0,0.0,0.0,0.0,-2.11
Switzerland,Andi Zeqiri,FW,26.0,2.0,23.0,12.0,4.3,0.3,0,,0,2,12.0,2,2.0,1.0,1.0,0.0,0.0,-2.09
Switzerland,Luca Jaquez,DF,22.0,1.0,17.0,17.0,3.1,0.2,0,,0,1,17.0,1,3.0,1.0,0.0,1.0,5.29,3.4
Switzerland,Simon Sohm,MF,24.0,2.0,16.0,8.0,3.0,0.2,0,,0,2,8.0,2,2.0,0.0,0.0,0.0,0.0,-2.06
Switzerland,Adrian Bajrami,DF,23.0,1.0,14.0,14.0,2.6,0.2,0,,0,1,14.0,2,1.0,0.0,0.0,0.0,0.0,-2.05
Switzerland,Christian Fassnacht,"FW,MF",32.0,2.0,8.0,4.0,1.5,0.1,0,,0,2,4.0,0,2.0,1.0,0.0,1.0,11.25,9.39
Switzerland,Cedric Itten,"FW,MF",29.0,1.0,6.0,6.0,1.1,0.1,0,,0,1,6.0,4,3.0,0.0,0.0,0.0,0.0,-2.02
Switzerland,Aurèle Amenda,DF,22.0,0.0,,,,,0,,0,0,,6,,,,,,
Switzerland,Zachary Athekame,DF,21.0,0.0,,,,,0,,0,0,,1,,,,,,
Switzerland,Marvin Keller,GK,23.0,0.0,,,,,0,,0,0,,6,,,,,,
Switzerland,Pascal Loretz,GK,22.0,0.0,,,,,0,,0,0,,2,,,,,,
Switzerland,Joel Monteiro,"FW,MF",26.0,0.0,,,,,0,,0,0,,2,,,,,,
Switzerland,Yvon Mvogo,GK,31.0,0.0,,,,,0,,0,0,,4,,,,,,
Switzerland,Becir Omeragic,"DF,MF",24.0,0.0,,,,,0,,0,0,,2,,,,,,
Switzerland,Vincent Sierro,MF,30.0,0.0,,,,,0,,0,0,,4,,,,,,
Switzerland,Manuel Akanji,DF,30.9035,11.0,874.0,79.0,88.3,9.7,11,79.0,7,0,,0,1.82,21.0,8.0,13.0,1.34,0.56
Switzerland,Nico Elvedi,DF,29.7036,11.0,867.0,79.0,87.6,9.6,11,79.0,7,0,,0,1.82,21.0,7.0,14.0,1.45,1.45
Switzerland,Gregor Kobel,GK,28.5202,9.0,810.0,90.0,81.8,9.0,9,90.0,9,0,,2,1.78,19.0,8.0,11.0,1.22,-0.28
Switzerland,Granit Xhaka,MF,33.7118,10.0,798.0,80.0,80.6,8.9,10,80.0,6,0,,0,1.9,21.0,7.0,14.0,1.58,1.58
Switzerland,Breel Embolo,FW,29.3285,10.0,769.0,77.0,77.7,8.5,10,77.0,3,0,,0,1.9,19.0,6.0,13.0,1.52,1.11
Switzerland,Dan Ndoye,MF,25.6352,10.0,719.0,72.0,72.6,8.0,10,72.0,2,0,,1,1.9,19.0,4.0,15.0,1.88,2.21
Switzerland,Remo Freuler,MF,34.1643,9.0,693.0,77.0,70.0,7.7,9,77.0,4,0,,0,1.78,16.0,4.0,12.0,1.56,0.95
Switzerland,Ricardo Rodríguez,DF,33.8022,10.0,679.0,68.0,68.6,7.5,9,70.0,2,1,45.0,1,1.9,17.0,6.0,11.0,1.46,0.59
Switzerland,Ruben Vargas,MF,27.8569,10.0,644.0,64.0,65.1,7.2,10,64.0,0,0,,0,1.9,18.0,3.0,15.0,2.1,2.36
Switzerland,Silvan Widmer,"DF,MF",33.2765,10.0,635.0,64.0,64.1,7.1,8,71.0,2,2,35.0,1,1.9,17.0,6.0,11.0,1.56,0.54
Switzerland,Fabian Rieder,"FW,MF",24.3231,10.0,515.0,52.0,52.0,5.7,6,68.0,1,4,27.0,1,1.7,11.0,7.0,4.0,0.7,-1.2
Switzerland,Michel Aebischer,MF,29.4353,9.0,488.0,54.0,49.3,5.4,6,69.0,2,3,24.0,0,1.78,11.0,4.0,7.0,1.29,0.04
Switzerland,Johan Manzambi,MF,20.6653,11.0,422.0,38.0,42.6,4.7,3,68.0,1,8,27.0,0,1.82,8.0,5.0,3.0,0.64,-1.1
Switzerland,Djibril Sow,MF,29.3504,7.0,322.0,46.0,32.5,3.6,2,75.0,0,5,35.0,2,1.86,6.0,2.0,4.0,1.12,-0.44
Switzerland,Denis Zakaria,DF,29.564,7.0,274.0,39.0,27.7,3.0,3,60.0,1,4,24.0,0,1.71,5.0,3.0,2.0,0.66,-0.85
Switzerland,Miro Muheim,"DF,MF",28.2245,8.0,209.0,26.0,21.1,2.3,0,,0,8,26.0,3,1.62,4.0,3.0,1.0,0.43,-1.07
Switzerland,Ardon Jashari,MF,23.8734,5.0,157.0,31.0,34.9,1.7,1,45.0,0,4,28.0,0,1.2,2.0,4.0,-2.0,-1.15,-2.38
Switzerland,Yvon Mvogo,GK,32.0219,2.0,135.0,68.0,13.6,1.5,2,68.0,1,0,,7,2.0,3.0,0.0,3.0,2.0,2.4
Switzerland,Zeki Amdouni,"FW,MF",25.5257,3.0,127.0,42.0,28.2,1.4,1,70.0,0,2,29.0,0,1.67,2.0,3.0,-1.0,-0.71,-1.54
Switzerland,Luca Jaquez,DF,23.0329,3.0,107.0,36.0,10.8,1.2,0,,0,3,36.0,4,2.33,2.0,1.0,1.0,0.84,-0.63
Switzerland,Eray Cömert,DF,28.3559,4.0,100.0,25.0,22.2,1.1,0,,0,4,25.0,1,1.25,2.0,1.0,1.0,0.9,0.55
Switzerland,Aurèle Amenda,DF,22.8706,3.0,94.0,31.0,9.5,1.0,0,,0,3,31.0,8,0.67,1.0,1.0,0.0,0.0,-0.68
Switzerland,Alvyn Sanches,"FW,MF",23.334,2.0,74.0,37.0,20.6,0.8,0,,0,2,37.0,0,0.5,1.0,1.0,0.0,0.0,-0.63
Switzerland,Christian Fassnacht,"FW,MF",32.5886,4.0,65.0,16.0,6.6,0.7,0,,0,4,16.0,1,2.0,2.0,1.0,1.0,1.38,-0.02
Switzerland,Vincent Sierro,MF,30.6817,2.0,58.0,29.0,6.4,0.6,0,,0,2,29.0,4,0.5,1.0,1.0,0.0,0.0,-0.6
Switzerland,Joel Monteiro,"FW,MF",26.8569,2.0,54.0,27.0,6.0,0.6,0,,0,2,27.0,2,0.5,1.0,1.0,0.0,0.0,-0.59
Switzerland,Cedric Itten,"FW,MF",29.4627,3.0,46.0,15.0,4.6,0.5,0,,0,3,15.0,5,2.33,1.0,0.0,1.0,1.96,0.59
Switzerland,Marvin Keller,GK,23.9473,1.0,45.0,45.0,4.5,0.5,0,,0,1,45.0,10,3.0,1.0,1.0,0.0,0.0,-0.57
Switzerland,Isaac Schmidt,"DF,MF",26.5175,2.0,45.0,23.0,8.3,0.5,0,,0,2,23.0,3,2.0,0.0,0.0,0.0,0.0,-2.18
Switzerland,Andi Zeqiri,FW,26.9774,2.0,23.0,12.0,4.3,0.3,0,,0,2,12.0,2,2.0,1.0,1.0,0.0,0.0,-2.09
Switzerland,Simon Sohm,MF,25.1752,2.0,16.0,8.0,3.0,0.2,0,,0,2,8.0,2,2.0,0.0,0.0,0.0,0.0,-2.06
Switzerland,Adrian Bajrami,DF,24.1916,1.0,14.0,14.0,2.6,0.2,0,,0,1,14.0,2,1.0,0.0,0.0,0.0,0.0,-2.05
Switzerland,Noah Okafor,"FW,MF",26.0575,1.0,12.0,12.0,2.7,0.1,0,,0,1,12.0,3,1.0,0.0,0.0,0.0,0.0,-0.52
Switzerland,Becir Omeragic,"DF,MF",24.397,0.0,,,,,0,,0,0,,2,,,,,,
Switzerland,Pascal Loretz,GK,23.0356,0.0,,,,,0,,0,0,,2,,,,,,
Switzerland,Zachary Athekame,DF,21.501,0.0,,,,,0,,0,0,,1,,,,,,
Tunisia,Montassar Talbi,DF,27.0,10.0,900.0,90.0,100.0,10.0,10,90.0,10,0,,0,2.8,22.0,0.0,22.0,2.2,
Tunisia,Ali Abdi,DF,32.0,8.0,718.0,90.0,79.8,8.0,8,90.0,7,0,,0,2.75,18.0,0.0,18.0,2.26,0.28
Tunisia,Aïssa Laïdouni,MF,29.0,8.0,494.0,62.0,54.9,5.5,7,69.0,3,1,9.0,1,3.0,8.0,0.0,8.0,1.46,-1.65
Tunisia,Aymen Dahmen,GK,29.0,6.0,540.0,90.0,60.0,6.0,6,90.0,6,0,,4,3.0,16.0,0.0,16.0,2.67,1.17
Tunisia,Ellyes Skhiri,MF,30.0,6.0,495.0,83.0,55.0,5.5,5,90.0,5,1,45.0,0,2.67,14.0,0.0,14.0,2.55,0.77
Tunisia,Naïm Sliti,"MF,FW",33.0,8.0,465.0,58.0,51.7,5.2,5,70.0,0,3,38.0,0,3.0,12.0,0.0,12.0,2.32,0.25
Tunisia,Elias Achouri,"MF,FW",26.0,6.0,451.0,75.0,50.1,5.0,5,87.0,2,1,15.0,0,2.67,5.0,0.0,5.0,1.0,-2.41
Tunisia,Dylan Bronn,DF,30.0,5.0,450.0,90.0,50.0,5.0,5,90.0,5,0,,3,3.0,10.0,0.0,10.0,2.0,-0.4
Tunisia,Yassine Meriah,DF,32.0,5.0,450.0,90.0,50.0,5.0,5,90.0,5,0,,2,2.6,12.0,0.0,12.0,2.4,0.4
Tunisia,Hannibal Mejbri,MF,23.0,6.0,430.0,72.0,47.8,4.8,5,80.0,1,1,30.0,0,3.0,9.0,0.0,9.0,1.88,-0.61
Tunisia,Hazem Mastouri,FW,28.0,6.0,393.0,66.0,43.7,4.4,5,75.0,0,1,17.0,0,3.0,7.0,0.0,7.0,1.6,-1.06
Tunisia,Elias Saad,"MF,FW",26.0,6.0,291.0,49.0,32.3,3.2,5,56.0,0,1,9.0,2,2.67,8.0,0.0,8.0,2.47,0.41
Tunisia,Bechir Ben Said,GK,33.0,4.0,360.0,90.0,40.0,4.0,4,90.0,4,0,,4,2.5,6.0,0.0,6.0,1.5,-1.17
Tunisia,Yan Valery,DF,26.0,4.0,360.0,90.0,40.0,4.0,4,90.0,4,0,,2,3.0,13.0,0.0,13.0,3.25,1.75
Tunisia,Ferjani Sassi,MF,33.0,6.0,347.0,58.0,38.6,3.9,4,83.0,2,2,8.0,1,3.0,9.0,0.0,9.0,2.33,0.22
Tunisia,Hamza Rafia,"MF,FW",26.0,3.0,237.0,79.0,26.3,2.6,3,79.0,0,0,,0,2.33,3.0,0.0,3.0,1.14,-1.44
Tunisia,Mortadha Ben Ouanes,DF,31.0,4.0,217.0,54.0,24.1,2.4,2,90.0,2,2,19.0,2,2.5,4.0,0.0,4.0,1.66,-0.71
Tunisia,Mohamed Ali Ben Romdhane,MF,26.0,5.0,205.0,41.0,22.8,2.3,2,71.0,1,3,21.0,1,3.0,5.0,0.0,5.0,2.2,-0.01
Tunisia,Haythem Jouini,FW,32.0,4.0,194.0,49.0,21.6,2.2,2,86.0,1,2,12.0,0,2.5,4.0,0.0,4.0,1.86,-0.44
Tunisia,Mahmoud Ghorbel,DF,22.0,2.0,180.0,90.0,20.0,2.0,2,90.0,2,0,,0,3.0,3.0,0.0,3.0,1.5,-0.87
Tunisia,Wajdi Kechrida,DF,30.0,2.0,180.0,90.0,20.0,2.0,2,90.0,2,0,,0,3.0,5.0,0.0,5.0,2.5,0.37
Tunisia,Hamza Mathlouthi,DF,33.0,2.0,180.0,90.0,20.0,2.0,2,90.0,2,0,,0,2.0,1.0,0.0,1.0,0.5,-2.12
Tunisia,Youssef Msakni,FW,35.0,2.0,179.0,90.0,19.9,2.0,2,90.0,1,0,,0,3.0,5.0,0.0,5.0,2.51,0.39
Tunisia,Anis Ben Slimane,MF,24.0,2.0,133.0,67.0,14.8,1.5,2,67.0,0,0,,0,3.0,1.0,0.0,1.0,0.68,-1.79
Tunisia,Sayfallah Ltaief,MF,25.0,6.0,240.0,40.0,26.7,2.7,1,75.0,0,5,33.0,1,3.0,9.0,0.0,9.0,3.38,1.6
Tunisia,Ismaël Gharbi,MF,21.0,4.0,177.0,44.0,19.7,2.0,1,81.0,0,3,32.0,0,3.0,8.0,0.0,8.0,4.07,2.33
Tunisia,Firas Chaouat,FW,29.0,4.0,120.0,30.0,13.3,1.3,1,73.0,0,3,16.0,1,3.0,7.0,0.0,7.0,5.25,3.52
Tunisia,Nader Ghandri,MF,30.0,4.0,100.0,25.0,11.1,1.1,1,42.0,0,3,19.0,2,2.5,1.0,0.0,1.0,0.9,-1.46
Tunisia,Taha Yassine Khenissi,FW,34.0,1.0,89.0,89.0,9.9,1.0,1,89.0,0,0,,0,3.0,1.0,0.0,1.0,1.01,-1.32
Tunisia,Hadj Mahmoud,MF,25.0,2.0,62.0,31.0,6.9,0.7,1,60.0,0,1,2.0,5,3.0,5.0,0.0,5.0,7.26,5.43
Tunisia,Amor Layouni,MF,33.0,1.0,52.0,52.0,5.8,0.6,1,52.0,0,0,,2,3.0,1.0,0.0,1.0,1.73,-0.5
Tunisia,Sebastian Tounekti,MF,23.0,2.0,48.0,24.0,5.3,0.5,1,45.0,0,1,3.0,0,3.0,2.0,0.0,2.0,3.75,1.64
Tunisia,Ghaylène Chaalali,MF,31.0,1.0,48.0,48.0,5.3,0.5,0,,0,1,48.0,1,1.0,0.0,0.0,0.0,0.0,-2.32
Tunisia,Firas Ben Arbi,MF,29.0,2.0,45.0,23.0,5.0,0.5,0,,0,2,23.0,1,3.0,2.0,0.0,2.0,4.0,1.89
Tunisia,Seifeddine Jaziri,FW,32.0,2.0,27.0,14.0,3.0,0.3,0,,0,2,14.0,0,3.0,2.0,0.0,2.0,6.67,4.6
Tunisia,Houssem Tka,MF,25.0,1.0,19.0,19.0,2.1,0.2,0,,0,1,19.0,1,3.0,2.0,0.0,2.0,9.47,7.43
Tunisia,Moutaz Neffati,DF,21.0,1.0,10.0,10.0,1.1,0.1,0,,0,1,10.0,2,3.0,0.0,0.0,0.0,0.0,-2.22
Tunisia,Anas Haj Mohamed,FW,20.0,1.0,9.0,9.0,1.0,0.1,0,,0,1,9.0,0,3.0,1.0,0.0,1.0,10.0,7.88
Tunisia,Amine Cherni,"DF,MF",24.0,1.0,2.0,2.0,0.2,0.0,0,,0,1,2.0,2,3.0,0.0,0.0,0.0,0.0,-2.2
Tunisia,Wajdi Sahli,MF,28.0,1.0,2.0,2.0,0.2,0.0,0,,0,1,2.0,0,1.0,0.0,0.0,0.0,0.0,-2.2
Tunisia,Hamza Jelassi,DF,34.0,1.0,1.0,1.0,0.1,0.0,0,,0,1,1.0,1,3.0,0.0,0.0,0.0,0.0,-2.2
Tunisia,Raki Aouani,FW,21.0,0.0,,,,,0,,0,0,,1,,,,,,
Tunisia,Hamza Ben Abda,DF,30.0,0.0,,,,,0,,0,0,,2,,,,,,
Tunisia,Noureddine Farhati,GK,25.0,0.0,,,,,0,,0,0,,6,,,,,,
Tunisia,Alaa Ghram,DF,24.0,0.0,,,,,0,,0,0,,7,,,,,,
Tunisia,Oussama Haddadi,"DF,MF",34.0,0.0,,,,,0,,0,0,,4,,,,,,
Tunisia,Mohamed Amine Ben Hamida,DF,30.0,0.0,,,,,0,,0,0,,2,,,,,,
Tunisia,Mouez Hassen,GK,30.0,0.0,,,,,0,,0,0,,2,,,,,,
Tunisia,Sami Helal,GK,37.0,0.0,,,,,0,,0,0,,2,,,,,,
Tunisia,Hamza Khadhraoui,FW,27.0,0.0,,,,,0,,0,0,,2,,,,,,
Tunisia,Amenallah Memmiche,GK,21.0,0.0,,,,,0,,0,0,,2,,,,,,
Tunisia,Ghaith Zaalouni,DF,23.0,0.0,,,,,0,,0,0,,2,,,,,,
Tunisia,Mootez Zaddem,MF,25.0,0.0,,,,,0,,0,0,,2,,,,,,
Tunisia,Ellyes Skhiri,MF,31.0958,4.0,360.0,90.0,100.0,4.0,4,90.0,4,0,,0,1.0,1.0,6.0,-5.0,-1.25,
Tunisia,Mouhib Chamakh,GK,24.8022,3.0,270.0,90.0,75.0,3.0,3,90.0,3,0,,1,0.33,0.0,6.0,-6.0,-2.0,-3.0
Tunisia,Omar Rekik,DF,24.4819,3.0,270.0,90.0,75.0,3.0,3,90.0,3,0,,1,0.33,0.0,6.0,-6.0,-2.0,-3.0
Tunisia,Ismaël Gharbi,MF,22.178,4.0,226.0,57.0,62.8,2.5,3,68.0,0,1,21.0,0,1.0,1.0,2.0,-1.0,-0.4,2.29
Tunisia,Rani Khedira,MF,32.3778,3.0,222.0,74.0,61.7,2.5,3,74.0,0,0,,1,1.33,1.0,1.0,0.0,0.0,3.26
Tunisia,Mohamed Amine Ben Hamida,DF,30.4956,3.0,189.0,63.0,52.5,2.1,2,78.0,1,1,34.0,1,1.33,1.0,3.0,-2.0,-0.95,0.63
Tunisia,Montassar Talbi,DF,28.052,2.0,180.0,90.0,50.0,2.0,2,90.0,2,0,,0,0.0,0.0,6.0,-6.0,-3.0,-3.5
Tunisia,Khalil Ayari,"MF,FW",21.3614,4.0,178.0,45.0,49.4,2.0,2,52.0,0,2,37.0,0,1.0,1.0,2.0,-1.0,-0.51,1.47
Tunisia,Anis Ben Slimane,MF,25.2464,3.0,176.0,59.0,48.9,2.0,2,76.0,1,1,25.0,1,0.33,0.0,2.0,-2.0,-1.02,0.44
Tunisia,Adem Arous,DF,21.909,2.0,168.0,84.0,46.7,1.9,2,84.0,1,0,,2,1.5,1.0,3.0,-2.0,-1.07,0.33
Tunisia,Ali Abdi,DF,32.4819,2.0,146.0,73.0,40.6,1.6,2,73.0,1,0,,2,0.5,0.0,1.0,-1.0,-0.62,1.07
Tunisia,Sebastian Tounekti,MF,23.9199,4.0,191.0,48.0,53.1,2.1,1,72.0,0,3,40.0,0,1.0,1.0,5.0,-4.0,-1.88,-1.35
Tunisia,Hadj Mahmoud,MF,26.1396,4.0,154.0,39.0,42.8,1.7,1,90.0,1,3,21.0,0,1.0,0.0,5.0,-5.0,-2.92,-2.92
Tunisia,Rayan Elloumi,FW,18.7392,4.0,133.0,33.0,36.9,1.5,1,59.0,0,3,25.0,0,1.0,1.0,3.0,-2.0,-1.35,-0.16
Tunisia,Mortadha Ben Ouanes,DF,31.95,2.0,115.0,58.0,31.9,1.3,1,90.0,1,1,25.0,2,1.5,1.0,2.0,-1.0,-0.78,0.69
Tunisia,Firas Chaouat,FW,30.1013,3.0,111.0,37.0,30.8,1.2,1,61.0,0,2,25.0,1,0.33,0.0,4.0,-4.0,-3.24,-2.88
Tunisia,Sabri Ben Hassen,GK,30.0027,1.0,90.0,90.0,25.0,1.0,1,90.0,1,0,,2,3.0,1.0,0.0,1.0,1.0,3.0
Tunisia,Yan Valery,DF,27.3066,1.0,90.0,90.0,25.0,1.0,1,90.0,1,0,,1,0.0,0.0,1.0,-1.0,-1.0,0.33
Tunisia,Moutaz Neffati,DF,21.7748,2.0,88.0,44.0,24.4,1.0,1,57.0,0,1,31.0,2,2.0,0.0,0.0,0.0,0.0,1.65
Tunisia,Alaa Ghram,DF,24.8898,1.0,85.0,85.0,23.6,0.9,1,85.0,0,0,,1,1.0,0.0,0.0,0.0,0.0,1.64
Tunisia,Hannibal Mejbri,MF,23.3943,1.0,77.0,77.0,21.4,0.9,1,77.0,0,0,,1,0.0,0.0,1.0,-1.0,-1.17,0.1
Tunisia,Sayfallah Ltaief,MF,26.1451,2.0,76.0,38.0,21.1,0.8,1,45.0,0,1,31.0,0,2.0,0.0,0.0,0.0,0.0,1.58
Tunisia,Hazem Mastouri,FW,28.9884,2.0,76.0,38.0,21.1,0.8,1,45.0,0,1,31.0,0,1.5,0.0,1.0,-1.0,-1.18,0.08
Tunisia,Elias Saad,MF,26.4627,3.0,73.0,24.0,20.3,0.8,1,57.0,0,2,8.0,1,1.33,0.0,0.0,0.0,0.0,1.57
Tunisia,Elias Achouri,FW,27.3395,1.0,65.0,65.0,18.1,0.7,1,65.0,0,0,,1,0.0,0.0,3.0,-3.0,-4.15,-3.54
Tunisia,Louey Ben Farhat,FW,19.9035,2.0,63.0,32.0,17.5,0.7,1,45.0,0,1,18.0,0,2.0,0.0,0.0,0.0,0.0,1.52
Tunisia,Ghaith Zaalouni,DF,24.1068,1.0,59.0,59.0,16.4,0.7,1,59.0,0,0,,1,3.0,1.0,0.0,1.0,1.53,3.32
Tunisia,Omar Ben Ali,FW,21.1451,0.0,,,,,0,,0,0,,1,,,,,,
Tunisia,Dylan Bronn,DF,30.9856,0.0,,,,,0,,0,0,,2,,,,,,
Tunisia,Raed Chikhaoui,DF,22.0137,0.0,,,,,0,,0,0,,4,,,,,,
Tunisia,Aymen Dahmen,GK,29.3751,0.0,,,,,0,,0,0,,4,,,,,,
Tunisia,Noureddine Farhati,GK,25.7474,0.0,,,,,0,,0,0,,1,,,,,,
Tunisia,Anisse Saidi,FW,17.9829,0.0,,,,,0,,0,0,,2,,,,,,
Tunisia,Montassar Talbi,DF,28.052,12.0,"1,080",90.0,85.7,12.0,12,90.0,12,0,,0,2.33,22.0,6.0,16.0,1.33,0.83
Tunisia,Ali Abdi,DF,32.4819,10.0,864,86.0,68.6,9.6,10,86.0,8,0,,2,2.3,18.0,1.0,17.0,1.77,1.77
Tunisia,Ellyes Skhiri,MF,31.0958,10.0,855,86.0,67.9,9.5,9,90.0,9,1,45.0,0,2.0,15.0,6.0,9.0,0.95,-0.83
Tunisia,Aymen Dahmen,GK,29.3751,6.0,540,90.0,42.9,6.0,6,90.0,6,0,,8,3.0,16.0,0.0,16.0,2.67,1.17
Tunisia,Elias Achouri,"MF,FW",27.3395,7.0,516,74.0,41.0,5.7,6,84.0,2,1,15.0,1,2.29,5.0,3.0,2.0,0.35,-1.47
Tunisia,Hannibal Mejbri,MF,23.3943,7.0,507,72.0,40.2,5.6,6,80.0,1,1,30.0,1,2.57,9.0,1.0,8.0,1.42,0.34
Tunisia,Aïssa Laïdouni,MF,29.501,8.0,494,62.0,54.9,5.5,7,69.0,3,1,9.0,1,3.0,8.0,0.0,8.0,1.46,-1.65
Tunisia,Hazem Mastouri,FW,28.9884,8.0,469,59.0,37.2,5.2,6,70.0,0,2,24.0,0,2.63,7.0,1.0,6.0,1.15,-0.1
Tunisia,Naïm Sliti,"MF,FW",33.8816,8.0,465,58.0,51.7,5.2,5,70.0,0,3,38.0,0,3.0,12.0,0.0,12.0,2.32,0.25
Tunisia,Dylan Bronn,DF,30.9856,5.0,450,90.0,35.7,5.0,5,90.0,5,0,,5,3.0,10.0,0.0,10.0,2.0,-0.4
Tunisia,Yassine Meriah,DF,32.95,5.0,450,90.0,50.0,5.0,5,90.0,5,0,,2,2.6,12.0,0.0,12.0,2.4,0.4
Tunisia,Yan Valery,DF,27.3066,5.0,450,90.0,35.7,5.0,5,90.0,5,0,,3,2.4,13.0,1.0,12.0,2.4,1.84
Tunisia,Ismaël Gharbi,MF,22.178,8.0,403,50.0,32.0,4.5,4,72.0,0,4,29.0,0,2.0,9.0,2.0,7.0,1.56,0.51
Tunisia,Elias Saad,"MF,FW",26.4627,9.0,364,40.0,28.9,4.0,6,57.0,0,3,8.0,3,2.22,8.0,0.0,8.0,1.98,1.07
Tunisia,Bechir Ben Said,GK,33.5394,4.0,360,90.0,40.0,4.0,4,90.0,4,0,,4,2.5,6.0,0.0,6.0,1.5,-1.17
Tunisia,Ferjani Sassi,MF,34.2409,6.0,347,58.0,38.6,3.9,4,83.0,2,2,8.0,1,3.0,9.0,0.0,9.0,2.33,0.22
Tunisia,Mortadha Ben Ouanes,DF,31.95,6.0,332,55.0,26.3,3.7,3,90.0,3,3,21.0,4,2.17,5.0,2.0,3.0,0.81,-0.54
Tunisia,Sayfallah Ltaief,MF,26.1451,8.0,316,40.0,25.1,3.5,2,60.0,0,6,33.0,1,2.75,9.0,0.0,9.0,2.56,1.8
Tunisia,Anis Ben Slimane,MF,25.2464,5.0,309,62.0,24.5,3.4,4,71.0,1,1,25.0,1,1.4,1.0,2.0,-1.0,-0.29,-1.99
Tunisia,Mouhib Chamakh,GK,24.8022,3.0,270,90.0,75.0,3.0,3,90.0,3,0,,1,0.33,0.0,6.0,-6.0,-2.0,-3.0
Tunisia,Omar Rekik,DF,24.4819,3.0,270,90.0,75.0,3.0,3,90.0,3,0,,1,0.33,0.0,6.0,-6.0,-2.0,-3.0
Tunisia,Sebastian Tounekti,MF,23.9199,6.0,239,40.0,19.0,2.7,2,59.0,0,4,31.0,0,1.67,3.0,5.0,-2.0,-0.75,-2.43
Tunisia,Hamza Rafia,"MF,FW",27.1999,3.0,237,79.0,26.3,2.6,3,79.0,0,0,,0,2.33,3.0,0.0,3.0,1.14,-1.44
Tunisia,Firas Chaouat,FW,30.1013,7.0,231,33.0,18.3,2.6,2,67.0,0,5,19.0,2,1.86,7.0,4.0,3.0,1.17,-0.06
Tunisia,Rani Khedira,MF,32.3778,3.0,222,74.0,61.7,2.5,3,74.0,0,0,,1,1.33,1.0,1.0,0.0,0.0,3.26
Tunisia,Hadj Mahmoud,MF,26.1396,6.0,216,36.0,17.1,2.4,2,75.0,1,4,17.0,5,1.67,5.0,5.0,0.0,0.0,-1.47
Tunisia,Mohamed Ali Ben Romdhane,MF,26.7693,5.0,205,41.0,22.8,2.3,2,71.0,1,3,21.0,1,3.0,5.0,0.0,5.0,2.2,-0.01
Tunisia,Haythem Jouini,FW,33.104,4.0,194,49.0,21.6,2.2,2,86.0,1,2,12.0,0,2.5,4.0,0.0,4.0,1.86,-0.44
Tunisia,Mohamed Amine Ben Hamida,DF,30.4956,3.0,189,63.0,15.0,2.1,2,78.0,1,1,34.0,3,1.33,1.0,3.0,-2.0,-0.95,0.63
Tunisia,Wajdi Kechrida,DF,30.6051,2.0,180,90.0,20.0,2.0,2,90.0,2,0,,0,3.0,5.0,0.0,5.0,2.5,0.37
Tunisia,Hamza Mathlouthi,DF,33.8871,2.0,180,90.0,20.0,2.0,2,90.0,2,0,,0,2.0,1.0,0.0,1.0,0.5,-2.12
Tunisia,Mahmoud Ghorbel,DF,22.4517,2.0,180,90.0,20.0,2.0,2,90.0,2,0,,0,3.0,3.0,0.0,3.0,1.5,-0.87
Tunisia,Youssef Msakni,FW,35.627,2.0,179,90.0,19.9,2.0,2,90.0,1,0,,0,3.0,5.0,0.0,5.0,2.51,0.39
Tunisia,Khalil Ayari,"MF,FW",21.3614,4.0,178,45.0,49.4,2.0,2,52.0,0,2,37.0,0,1.0,1.0,2.0,-1.0,-0.51,1.47
Tunisia,Adem Arous,DF,21.909,2.0,168,84.0,46.7,1.9,2,84.0,1,0,,2,1.5,1.0,3.0,-2.0,-1.07,0.33
Tunisia,Rayan Elloumi,FW,18.7392,4.0,133,33.0,36.9,1.5,1,59.0,0,3,25.0,0,1.0,1.0,3.0,-2.0,-1.35,-0.16
Tunisia,Nader Ghandri,MF,31.3176,4.0,100,25.0,11.1,1.1,1,42.0,0,3,19.0,2,2.5,1.0,0.0,1.0,0.9,-1.46
Tunisia,Moutaz Neffati,DF,21.7748,3.0,98,33.0,7.8,1.1,1,57.0,0,2,21.0,4,2.33,0.0,0.0,0.0,0.0,-1.32
Tunisia,Sabri Ben Hassen,GK,30.0027,1.0,90,90.0,25.0,1.0,1,90.0,1,0,,2,3.0,1.0,0.0,1.0,1.0,3.0
Tunisia,Taha Yassine Khenissi,FW,34.4353,1.0,89,89.0,9.9,1.0,1,89.0,0,0,,0,3.0,1.0,0.0,1.0,1.01,-1.32
Tunisia,Alaa Ghram,DF,24.8898,1.0,85,85.0,6.7,0.9,1,85.0,0,0,,8,1.0,0.0,0.0,0.0,0.0,1.64
Tunisia,Louey Ben Farhat,FW,19.9035,2.0,63,32.0,17.5,0.7,1,45.0,0,1,18.0,0,2.0,0.0,0.0,0.0,0.0,1.52
Tunisia,Ghaith Zaalouni,DF,24.1068,1.0,59,59.0,4.7,0.7,1,59.0,0,0,,3,3.0,1.0,0.0,1.0,1.53,3.32
Tunisia,Amor Layouni,MF,33.6954,1.0,52,52.0,5.8,0.6,1,52.0,0,0,,2,3.0,1.0,0.0,1.0,1.73,-0.5
Tunisia,Ghaylène Chaalali,MF,32.2902,1.0,48,48.0,5.3,0.5,0,,0,1,48.0,1,1.0,0.0,0.0,0.0,0.0,-2.32
Tunisia,Firas Ben Arbi,MF,30.0493,2.0,45,23.0,5.0,0.5,0,,0,2,23.0,1,3.0,2.0,0.0,2.0,4.0,1.89
Tunisia,Seifeddine Jaziri,FW,33.334,2.0,27,14.0,3.0,0.3,0,,0,2,14.0,0,3.0,2.0,0.0,2.0,6.67,4.6
Tunisia,Houssem Tka,MF,25.8268,1.0,19,19.0,2.1,0.2,0,,0,1,19.0,1,3.0,2.0,0.0,2.0,9.47,7.43
Tunisia,Anas Haj Mohamed,FW,21.219,1.0,9,9.0,1.0,0.1,0,,0,1,9.0,0,3.0,1.0,0.0,1.0,10.0,7.88
Tunisia,Wajdi Sahli,MF,29.1588,1.0,2,2.0,0.2,0.0,0,,0,1,2.0,0,1.0,0.0,0.0,0.0,0.0,-2.2
Tunisia,Amine Cherni,"DF,MF",24.9363,1.0,2,2.0,0.2,0.0,0,,0,1,2.0,2,3.0,0.0,0.0,0.0,0.0,-2.2
Tunisia,Hamza Jelassi,DF,34.7064,1.0,1,1.0,0.1,0.0,0,,0,1,1.0,1,3.0,0.0,0.0,0.0,0.0,-2.2
Tunisia,Noureddine Farhati,GK,25.7474,0.0,,,,,0,,0,0,,7,,,,,,
Tunisia,Hamza Khadhraoui,FW,27.4079,0.0,,,,,0,,0,0,,2,,,,,,
Tunisia,Mootez Zaddem,MF,25.4381,0.0,,,,,0,,0,0,,2,,,,,,
Tunisia,Hamza Ben Abda,DF,31.2519,0.0,,,,,0,,0,0,,2,,,,,,
Tunisia,Sami Helal,GK,37.6516,0.0,,,,,0,,0,0,,2,,,,,,
Tunisia,Oussama Haddadi,"DF,MF",34.3751,0.0,,,,,0,,0,0,,4,,,,,,
Tunisia,Mouez Hassen,GK,31.2765,0.0,,,,,0,,0,0,,2,,,,,,
Tunisia,Raki Aouani,FW,21.7556,0.0,,,,,0,,0,0,,1,,,,,,
Tunisia,Raed Chikhaoui,DF,22.0137,0.0,,,,,0,,0,0,,4,,,,,,
Tunisia,Amenallah Memmiche,GK,22.1506,0.0,,,,,0,,0,0,,2,,,,,,
Tunisia,Omar Ben Ali,FW,21.1451,0.0,,,,,0,,0,0,,1,,,,,,
Tunisia,Anisse Saidi,FW,17.9829,0.0,,,,,0,,0,0,,2,,,,,,
Türkiye,Abdülkerim Bardakcı,DF,31.7666,1.0,90.0,90.0,100.0,1.0,1,90.0,1,0,,0,0.0,0.0,2.0,-2.0,-2.0,
Türkiye,Uğurcan Çakır,GK,30.1916,1.0,90.0,90.0,100.0,1.0,1,90.0,1,0,,0,0.0,0.0,2.0,-2.0,-2.0,
Türkiye,Hakan Çalhanoğlu,MF,32.345,1.0,90.0,90.0,100.0,1.0,1,90.0,1,0,,0,0.0,0.0,2.0,-2.0,-2.0,
Türkiye,Merih Demiral,DF,28.2765,1.0,90.0,90.0,100.0,1.0,1,90.0,1,0,,0,0.0,0.0,2.0,-2.0,-2.0,
Türkiye,Arda Güler,MF,21.2984,1.0,90.0,90.0,100.0,1.0,1,90.0,1,0,,0,0.0,0.0,2.0,-2.0,-2.0,
Türkiye,Ferdi Kadioglu,DF,26.6845,1.0,90.0,90.0,100.0,1.0,1,90.0,1,0,,0,0.0,0.0,2.0,-2.0,-2.0,
Türkiye,Kerem Aktürkoğlu,FW,27.6461,1.0,84.0,84.0,93.3,0.9,1,84.0,0,0,,0,0.0,0.0,2.0,-2.0,-2.14,-2.14
Türkiye,Zeki Çelik,DF,29.3203,1.0,80.0,80.0,88.9,0.9,1,80.0,0,0,,0,0.0,0.0,2.0,-2.0,-2.25,-2.25
Türkiye,İsmail Yüksek,MF,27.3806,1.0,80.0,80.0,88.9,0.9,1,80.0,0,0,,0,0.0,0.0,2.0,-2.0,-2.25,-2.25
Türkiye,Orkun Kökçü,MF,25.4572,1.0,61.0,61.0,67.8,0.7,1,61.0,0,0,,0,0.0,0.0,1.0,-1.0,-1.48,1.63
Türkiye,Barış Alper Yılmaz,MF,26.0602,1.0,45.0,45.0,50.0,0.5,1,45.0,0,0,,0,0.0,0.0,1.0,-1.0,-2.0,0.0
Türkiye,Kenan Yıldız,"FW,MF",21.1123,1.0,45.0,45.0,50.0,0.5,0,,0,1,45.0,0,0.0,0.0,1.0,-1.0,-2.0,0.0
Türkiye,Yunus Akgün,MF,25.9363,1.0,29.0,29.0,32.2,0.3,0,,0,1,29.0,0,0.0,0.0,1.0,-1.0,-3.1,-1.63
Türkiye,Mert Müldür,DF,27.1971,1.0,10.0,10.0,11.1,0.1,0,,0,1,10.0,0,0.0,0.0,0.0,0.0,0.0,2.25
Türkiye,Salih Özcan,MF,28.4216,1.0,10.0,10.0,11.1,0.1,0,,0,1,10.0,0,0.0,0.0,0.0,0.0,0.0,2.25
Türkiye,Deniz Gül,FW,21.95,1.0,6.0,6.0,6.7,0.1,0,,0,1,6.0,0,0.0,0.0,0.0,0.0,0.0,2.14
Türkiye,Samet Akaydın,DF,32.2546,0.0,,,,,0,,0,0,,1,,,,,,
Türkiye,Oğuz Aydın,MF,25.6297,0.0,,,,,0,,0,0,,1,,,,,,
Türkiye,Kaan Ayhan,"DF,MF",31.5914,0.0,,,,,0,,0,0,,1,,,,,,
Türkiye,Altay Bayındır,GK,28.167,0.0,,,,,0,,0,0,,1,,,,,,
Türkiye,İrfan Can Kahveci,MF,30.9144,0.0,,,,,0,,0,0,,1,,,,,,
Türkiye,Eren Elmalı,DF,25.9363,0.0,,,,,0,,0,0,,1,,,,,,
Türkiye,Mert Günok,GK,37.2875,0.0,,,,,0,,0,0,,1,,,,,,
Türkiye,Ozan Kabak,DF,26.2218,0.0,,,,,0,,0,0,,1,,,,,,
Türkiye,Çağlar Söyüncü,DF,30.0602,0.0,,,,,0,,0,0,,1,,,,,,
Türkiye,Can Uzun,MF,20.5886,0.0,,,,,0,,0,0,,1,,,,,,
Türkiye,Ozan Kabak,DF,26.2218,2.0,135.0,68.0,76.3,1.5,2,68.0,1,0,,0,3.0,4.0,1.0,3.0,2.0,-2.29
Türkiye,Deniz Gül,FW,21.95,2.0,122.0,61.0,68.9,1.4,2,61.0,0,0,,0,3.0,5.0,1.0,4.0,2.95,1.31
Türkiye,Orkun Kökçü,MF,25.4572,2.0,115.0,58.0,65.0,1.3,2,58.0,0,0,,0,3.0,4.0,1.0,3.0,2.35,-0.56
Türkiye,Eren Elmalı,DF,25.9363,2.0,105.0,53.0,59.3,1.2,2,53.0,0,0,,0,3.0,4.0,1.0,3.0,2.57,0.07
Türkiye,Zeki Çelik,DF,29.3203,2.0,123.0,62.0,69.5,1.4,1,61.0,0,1,62.0,0,3.0,4.0,1.0,3.0,2.2,-1.14
Türkiye,Barış Alper Yılmaz,MF,26.0602,2.0,117.0,59.0,66.1,1.3,1,90.0,1,1,27.0,0,3.0,3.0,1.0,2.0,1.54,-2.96
Türkiye,Mert Müldür,DF,27.1971,2.0,116.0,58.0,65.5,1.3,1,87.0,0,1,29.0,0,3.0,4.0,0.0,4.0,3.1,1.63
Türkiye,Can Uzun,MF,20.5886,2.0,91.0,46.0,51.4,1.0,1,62.0,0,1,29.0,0,3.0,3.0,0.0,3.0,2.97,0.87
Türkiye,Yunus Akgün,MF,25.9363,2.0,90.0,45.0,50.8,1.0,1,45.0,0,1,45.0,0,3.0,3.0,0.0,3.0,3.0,0.93
Türkiye,Uğurcan Çakır,GK,30.1916,1.0,90.0,90.0,50.8,1.0,1,90.0,1,0,,0,3.0,2.0,1.0,1.0,1.0,-3.14
Türkiye,Salih Özcan,MF,28.4216,2.0,90.0,45.0,50.8,1.0,1,61.0,0,1,29.0,0,3.0,3.0,0.0,3.0,3.0,0.93
Türkiye,İrfan Can Kahveci,MF,30.9144,2.0,88.0,44.0,49.7,1.0,1,45.0,0,1,43.0,0,3.0,3.0,1.0,2.0,2.05,-0.99
Türkiye,Arda Güler,MF,21.2984,2.0,88.0,44.0,49.7,1.0,1,61.0,0,1,27.0,0,3.0,3.0,1.0,2.0,2.05,-0.99
Türkiye,Oğuz Aydın,MF,25.6297,2.0,72.0,36.0,40.7,0.8,1,61.0,0,1,11.0,0,3.0,3.0,0.0,3.0,3.75,2.04
Türkiye,Altay Bayındır,GK,28.167,1.0,62.0,62.0,35.0,0.7,1,62.0,0,0,,1,3.0,3.0,0.0,3.0,4.35,2.79
Türkiye,Çağlar Söyüncü,DF,30.0602,1.0,62.0,62.0,35.0,0.7,1,62.0,0,0,,1,3.0,3.0,0.0,3.0,4.35,2.79
Türkiye,İsmail Yüksek,MF,27.3806,1.0,61.0,61.0,34.5,0.7,1,61.0,0,0,,1,3.0,2.0,1.0,1.0,1.48,-1.63
Türkiye,Abdülkerim Bardakcı,DF,31.7666,1.0,45.0,45.0,25.4,0.5,1,45.0,0,0,,0,3.0,1.0,1.0,0.0,0.0,-3.41
Türkiye,Merih Demiral,DF,28.2765,2.0,71.0,36.0,40.1,0.8,0,,0,2,36.0,0,3.0,2.0,0.0,2.0,2.54,-0.01
Türkiye,Samet Akaydın,DF,32.2546,1.0,43.0,43.0,24.3,0.5,0,,0,1,43.0,1,3.0,2.0,0.0,2.0,4.19,2.17
Türkiye,Kaan Ayhan,"DF,MF",31.5914,1.0,43.0,43.0,24.3,0.5,0,,0,1,43.0,1,3.0,2.0,0.0,2.0,4.19,2.17
Türkiye,Kerem Aktürkoğlu,"FW,MF",27.6461,1.0,29.0,29.0,16.4,0.3,0,,0,1,29.0,0,3.0,0.0,0.0,0.0,0.0,-3.04
Türkiye,Demir Ege Tıknaz,MF,21.8241,1.0,27.0,27.0,15.3,0.3,0,,0,1,27.0,1,3.0,1.0,0.0,1.0,3.33,0.93
Türkiye,Muhammed Şengezer,GK,29.4381,1.0,26.0,26.0,14.7,0.3,0,,0,1,26.0,0,3.0,1.0,0.0,1.0,3.46,1.08
Türkiye,Aral Şimşir,MF,23.0767,1.0,26.0,26.0,14.7,0.3,0,,0,1,26.0,0,3.0,1.0,0.0,1.0,3.46,1.08
Türkiye,Hakan Çalhanoğlu,"FW,MF",32.345,2.0,21.0,11.0,11.9,0.2,0,,0,2,11.0,0,3.0,0.0,0.0,0.0,0.0,-2.88
Türkiye,Yusuf Akçiçek,DF,20.3833,0.0,,,,,0,,0,0,,1,,,,,,
Türkiye,Mert Günok,GK,37.2875,0.0,,,,,0,,0,0,,2,,,,,,
Türkiye,Yusuf Sari,MF,27.564,0.0,,,,,0,,0,0,,1,,,,,,
Türkiye,Aral Şimşir,"FW,MF",23.9856,0.0,,,,,0,,0,0,,1,,,,,,
Türkiye,Abdülkerim Bardakcı,DF,31.0,7.0,630.0,90.0,87.5,7.0,7,90.0,7,0,,0,2.57,17.0,10.0,7.0,1.0,1.0
Türkiye,Uğurcan Çakır,GK,29.0,7.0,630.0,90.0,87.5,7.0,7,90.0,7,0,,1,2.57,17.0,10.0,7.0,1.0,1.0
Türkiye,Kenan Yıldız,MF,20.0,7.0,580.0,83.0,80.6,6.4,7,83.0,3,0,,1,2.57,15.0,9.0,6.0,0.93,0.29
Türkiye,Arda Güler,MF,20.0,7.0,568.0,81.0,78.9,6.3,7,81.0,1,0,,1,2.57,16.0,9.0,7.0,1.11,1.11
Türkiye,Kerem Aktürkoğlu,FW,27.0,7.0,563.0,80.0,78.2,6.3,7,80.0,3,0,,0,2.57,16.0,9.0,7.0,1.12,1.12
Türkiye,Hakan Çalhanoğlu,MF,31.0,7.0,556.0,79.0,77.2,6.2,7,79.0,2,0,,0,2.57,15.0,10.0,5.0,0.81,-0.29
Türkiye,İsmail Yüksek,"MF,DF",27.0,6.0,486.0,81.0,67.5,5.4,6,81.0,4,0,,1,2.5,10.0,7.0,3.0,0.56,-0.98
Türkiye,Merih Demiral,DF,27.0,6.0,480.0,80.0,66.7,5.3,6,80.0,3,0,,0,2.17,15.0,12.0,3.0,0.56,-0.94
Türkiye,Ferdi Kadioglu,"DF,MF",26.0,8.0,455.0,57.0,63.2,5.1,5,81.0,3,3,16.0,0,2.38,11.0,4.0,7.0,1.38,1.38
Türkiye,Mert Müldür,DF,26.0,7.0,386.0,55.0,53.6,4.3,4,83.0,3,3,18.0,1,2.29,9.0,9.0,0.0,0.0,-1.89
Türkiye,Zeki Çelik,"DF,MF",28.0,5.0,356.0,71.0,49.4,4.0,4,82.0,2,1,28.0,2,2.0,10.0,3.0,7.0,1.77,1.77
Türkiye,Orkun Kökçü,MF,25.0,7.0,374.0,53.0,51.9,4.2,3,90.0,3,4,26.0,1,2.29,10.0,5.0,5.0,1.2,0.68
Türkiye,Eren Elmalı,DF,25.0,4.0,250.0,63.0,34.7,2.8,3,81.0,2,1,8.0,2,2.25,7.0,9.0,-2.0,-0.72,-2.44
Türkiye,Yunus Akgün,MF,25.0,3.0,177.0,59.0,24.6,2.0,3,59.0,0,0,,3,2.0,7.0,5.0,2.0,1.02,0.19
Türkiye,Oğuz Aydın,MF,25.0,5.0,263.0,53.0,36.5,2.9,2,90.0,2,3,28.0,2,2.4,8.0,5.0,3.0,1.03,0.24
Türkiye,Samet Akaydın,DF,31.0,4.0,232.0,58.0,32.2,2.6,2,90.0,2,2,26.0,4,2.5,5.0,2.0,3.0,1.16,0.43
Türkiye,Barış Alper Yılmaz,MF,25.0,5.0,217.0,43.0,30.1,2.4,2,84.0,1,3,17.0,1,2.6,3.0,2.0,1.0,0.41,-0.66
Türkiye,Salih Özcan,MF,28.0,5.0,136.0,27.0,18.9,1.5,1,77.0,0,4,15.0,3,2.0,4.0,2.0,2.0,1.32,0.55
Türkiye,İrfan Can Kahveci,MF,30.0,4.0,102.0,26.0,14.2,1.1,1,68.0,0,3,11.0,2,2.5,4.0,3.0,1.0,0.88,0.01
Türkiye,Ozan Kabak,DF,25.0,2.0,91.0,46.0,12.6,1.0,1,90.0,1,1,1.0,0,3.0,1.0,0.0,1.0,0.99,0.13
Türkiye,Altay Bayındır,GK,27.0,1.0,90.0,90.0,12.5,1.0,1,90.0,1,0,,7,1.0,2.0,2.0,0.0,0.0,-1.0
Türkiye,Çağlar Söyüncü,DF,29.0,1.0,90.0,90.0,12.5,1.0,1,90.0,1,0,,5,1.0,2.0,2.0,0.0,0.0,-1.0
Türkiye,Deniz Gül,FW,21.0,3.0,77.0,26.0,10.7,0.9,1,68.0,0,2,5.0,3,2.33,3.0,2.0,1.0,1.17,0.33
Türkiye,Yusuf Sari,MF,27.0,2.0,25.0,13.0,3.5,0.3,0,,0,2,13.0,0,2.0,0.0,0.0,0.0,0.0,-0.91
Türkiye,Atakan Karazor,MF,29.0,2.0,23.0,12.0,3.2,0.3,0,,0,2,12.0,3,2.0,1.0,0.0,1.0,3.91,3.14
Türkiye,Can Uzun,MF,20.0,1.0,22.0,22.0,3.1,0.2,0,,0,1,22.0,2,3.0,1.0,0.0,1.0,4.09,3.32
Türkiye,Kaan Ayhan,"DF,MF",31.0,1.0,20.0,20.0,2.8,0.2,0,,0,1,20.0,3,3.0,0.0,0.0,0.0,0.0,-0.9
Türkiye,Mustafa Eskihellaç,"DF,MF",28.0,1.0,13.0,13.0,1.8,0.1,0,,0,1,13.0,0,1.0,0.0,0.0,0.0,0.0,-0.89
Türkiye,Yusuf Akçiçek,DF,20.0,1.0,8.0,8.0,1.1,0.1,0,,0,1,8.0,0,1.0,0.0,0.0,0.0,0.0,-0.88
Türkiye,Mert Günok,GK,36.0,0.0,,,,,0,,0,0,,8,,,,,,
Türkiye,Ahmed Kutucu,"FW,MF",25.0,0.0,,,,,0,,0,0,,1,,,,,,
Türkiye,İsak Vural,MF,19.0,0.0,,,,,0,,0,0,,1,,,,,,
Türkiye,Uğurcan Çakır,GK,30.1916,9.0,810.0,90.0,82.1,9.0,9,90.0,9,0,,1,2.33,19.0,13.0,6.0,0.67,-1.37
Türkiye,Abdülkerim Bardakcı,DF,31.7666,9.0,765.0,85.0,77.5,8.5,9,85.0,8,0,,0,2.33,18.0,13.0,5.0,0.59,-1.44
Türkiye,Arda Güler,MF,21.2984,10.0,746.0,75.0,75.6,8.3,9,80.0,2,1,27.0,1,2.4,19.0,12.0,7.0,0.84,-0.28
Türkiye,Kerem Aktürkoğlu,FW,27.6461,9.0,676.0,75.0,68.5,7.5,8,81.0,3,1,29.0,0,2.33,16.0,11.0,5.0,0.67,-0.78
Türkiye,Hakan Çalhanoğlu,MF,32.345,10.0,667.0,67.0,67.6,7.4,8,81.0,3,2,11.0,0,2.4,15.0,12.0,3.0,0.4,-1.56
Türkiye,Merih Demiral,DF,28.2765,9.0,641.0,71.0,64.9,7.1,7,81.0,4,2,36.0,0,2.11,17.0,14.0,3.0,0.42,-1.4
Türkiye,İsmail Yüksek,MF,27.3806,8.0,627.0,78.0,63.5,7.0,8,78.0,4,0,,2,2.25,12.0,10.0,2.0,0.29,-1.71
Türkiye,Kenan Yıldız,"FW,MF",21.1123,8.0,625.0,78.0,77.2,6.9,7,83.0,3,1,45.0,1,2.25,15.0,10.0,5.0,0.72,0.72
Türkiye,Zeki Çelik,DF,29.3203,8.0,559.0,70.0,56.6,6.2,6,78.0,2,2,45.0,2,2.0,14.0,6.0,8.0,1.29,0.87
Türkiye,Orkun Kökçü,MF,25.4572,10.0,550.0,55.0,55.7,6.1,6,74.0,3,4,26.0,1,2.2,14.0,7.0,7.0,1.15,0.53
Türkiye,Ferdi Kadioglu,DF,26.6845,9.0,545.0,61.0,67.3,6.1,6,83.0,4,3,16.0,0,2.12,11.0,6.0,5.0,0.83,0.83
Türkiye,Mert Müldür,DF,27.1971,10.0,512.0,51.0,51.9,5.7,5,84.0,3,5,19.0,1,2.2,13.0,9.0,4.0,0.7,-0.43
Türkiye,Barış Alper Yılmaz,MF,26.0602,8.0,379.0,47.0,38.4,4.2,4,76.0,2,4,19.0,1,2.38,6.0,4.0,2.0,0.47,-0.71
Türkiye,Eren Elmalı,DF,25.9363,6.0,355.0,59.0,36.0,3.9,5,69.0,2,1,8.0,3,2.5,11.0,10.0,1.0,0.25,-1.57
Türkiye,Oğuz Aydın,MF,25.6297,7.0,335.0,48.0,33.9,3.7,3,80.0,2,4,24.0,3,2.57,11.0,5.0,6.0,1.61,0.65
Türkiye,Yunus Akgün,MF,25.9363,6.0,296.0,49.0,30.0,3.3,4,56.0,0,2,37.0,3,2.0,10.0,6.0,4.0,1.22,0.43
Türkiye,Samet Akaydın,DF,32.2546,5.0,275.0,55.0,27.9,3.1,2,90.0,2,3,32.0,6,2.6,7.0,2.0,5.0,1.64,0.62
Türkiye,Salih Özcan,MF,28.4216,8.0,236.0,30.0,23.9,2.6,2,69.0,0,6,16.0,3,2.0,7.0,2.0,5.0,1.91,1.31
Türkiye,Ozan Kabak,DF,26.2218,4.0,226.0,57.0,22.9,2.5,3,75.0,2,1,1.0,1,3.0,5.0,1.0,4.0,1.59,0.52
Türkiye,Deniz Gül,FW,21.95,6.0,205.0,34.0,20.8,2.3,3,63.0,0,3,5.0,3,2.17,8.0,3.0,5.0,2.2,1.62
Türkiye,İrfan Can Kahveci,MF,30.9144,6.0,190.0,32.0,19.3,2.1,2,57.0,0,4,19.0,3,2.67,7.0,4.0,3.0,1.42,0.28
Türkiye,Altay Bayındır,GK,28.167,2.0,152.0,76.0,15.4,1.7,2,76.0,1,0,,9,2.0,5.0,2.0,3.0,1.78,0.69
Türkiye,Çağlar Söyüncü,DF,30.0602,2.0,152.0,76.0,15.4,1.7,2,76.0,1,0,,7,2.0,5.0,2.0,3.0,1.78,0.69
Türkiye,Can Uzun,MF,20.5886,3.0,113.0,38.0,11.4,1.3,1,62.0,0,2,26.0,3,3.0,4.0,0.0,4.0,3.19,2.27
Türkiye,Kaan Ayhan,"DF,MF",31.5914,2.0,63.0,32.0,6.4,0.7,0,,0,2,32.0,5,3.0,2.0,0.0,2.0,2.86,1.78
Türkiye,Demir Ege Tıknaz,MF,21.8241,1.0,27.0,27.0,15.3,0.3,0,,0,1,27.0,1,3.0,1.0,0.0,1.0,3.33,0.93
Türkiye,Muhammed Şengezer,GK,29.4381,1.0,26.0,26.0,14.7,0.3,0,,0,1,26.0,0,3.0,1.0,0.0,1.0,3.46,1.08
Türkiye,Aral Şimşir,MF,23.0767,1.0,26.0,26.0,14.7,0.3,0,,0,1,26.0,0,3.0,1.0,0.0,1.0,3.46,1.08
Türkiye,Yusuf Sari,MF,27.564,2.0,25.0,13.0,2.8,0.3,0,,0,2,13.0,1,2.0,0.0,0.0,0.0,0.0,-0.91
Türkiye,Atakan Karazor,MF,29.668,2.0,23.0,12.0,3.2,0.3,0,,0,2,12.0,3,2.0,1.0,0.0,1.0,3.91,3.14
Türkiye,Mustafa Eskihellaç,"DF,MF",29.1095,1.0,13.0,13.0,1.8,0.1,0,,0,1,13.0,0,1.0,0.0,0.0,0.0,0.0,-0.89
Türkiye,Yusuf Akçiçek,DF,20.3833,1.0,8.0,8.0,0.9,0.1,0,,0,1,8.0,1,1.0,0.0,0.0,0.0,0.0,-0.88
Türkiye,Mert Günok,GK,37.2875,0.0,,,,,0,,0,0,,11,,,,,,
Türkiye,Ahmed Kutucu,"FW,MF",26.2875,0.0,,,,,0,,0,0,,1,,,,,,
Türkiye,İsak Vural,MF,20.0465,0.0,,,,,0,,0,0,,1,,,,,,
Türkiye,Aral Şimşir,"FW,MF",23.9856,0.0,,,,,0,,0,0,,1,,,,,,
United States,Tyler Adams,MF,27.3285,1.0,90.0,90.0,100.0,1.0,1,90.0,1,0,,0,3.0,4.0,1.0,3.0,3.0,
United States,Alex Freeman,DF,21.846,1.0,90.0,90.0,100.0,1.0,1,90.0,1,0,,0,3.0,4.0,1.0,3.0,3.0,
United States,Matt Freese,GK,27.7803,1.0,90.0,90.0,100.0,1.0,1,90.0,1,0,,0,3.0,4.0,1.0,3.0,3.0,
United States,Weston McKennie,MF,27.794,1.0,90.0,90.0,100.0,1.0,1,90.0,1,0,,0,3.0,4.0,1.0,3.0,3.0,
United States,Tim Ream,DF,38.6899,1.0,90.0,90.0,100.0,1.0,1,90.0,1,0,,0,3.0,4.0,1.0,3.0,3.0,
United States,Chris Richards,DF,26.2136,1.0,90.0,90.0,100.0,1.0,1,90.0,1,0,,0,3.0,4.0,1.0,3.0,3.0,
United States,Antonee Robinson,DF,28.8487,1.0,90.0,90.0,100.0,1.0,1,90.0,1,0,,0,3.0,4.0,1.0,3.0,3.0,
United States,Malik Tillman,MF,24.0465,1.0,81.0,81.0,90.0,0.9,1,81.0,0,0,,0,3.0,3.0,1.0,2.0,2.22,-7.78
United States,Folarin Balogun,FW,24.9473,1.0,71.0,71.0,78.9,0.8,1,71.0,0,0,,0,3.0,3.0,0.0,3.0,3.8,3.8
United States,Sergiño Dest,MF,25.6105,1.0,71.0,71.0,78.9,0.8,1,71.0,0,0,,0,3.0,3.0,0.0,3.0,3.8,3.8
United States,Christian Pulisic,MF,27.7365,1.0,45.0,45.0,50.0,0.5,1,45.0,0,0,,0,3.0,3.0,0.0,3.0,6.0,6.0
United States,Sebastian Berhalter,MF,25.0958,1.0,45.0,45.0,50.0,0.5,0,,0,1,45.0,0,3.0,1.0,1.0,0.0,0.0,-6.0
United States,Ricardo Pepi,FW,23.4271,1.0,19.0,19.0,21.1,0.2,0,,0,1,19.0,0,3.0,1.0,1.0,0.0,0.0,-3.8
United States,Timothy Weah,"DF,FW",26.3066,1.0,19.0,19.0,21.1,0.2,0,,0,1,19.0,0,3.0,1.0,1.0,0.0,0.0,-3.8
United States,Gio Reyna,MF,23.5832,1.0,9.0,9.0,10.0,0.1,0,,0,1,9.0,0,3.0,1.0,0.0,1.0,10.0,7.78
United States,Brenden Aaronson,"FW,MF",25.6434,0.0,,,,,0,,0,0,,1,,,,,,
United States,Max Arfsten,MF,25.1533,0.0,,,,,0,,0,0,,1,,,,,,
United States,Chris Brady,GK,22.282,0.0,,,,,0,,0,0,,1,,,,,,
United States,Mark McKenzie,DF,27.2984,0.0,,,,,0,,0,0,,1,,,,,,
United States,Miles Robinson,DF,29.2519,0.0,,,,,0,,0,0,,1,,,,,,
United States,Cristian Roldan,MF,31.0301,0.0,,,,,0,,0,0,,1,,,,,,
United States,Joe Scally,"DF,MF",23.4517,0.0,,,,,0,,0,0,,1,,,,,,
United States,Auston Trusty,DF,27.8378,0.0,,,,,0,,0,0,,1,,,,,,
United States,Matt Turner,GK,31.9719,0.0,,,,,0,,0,0,,1,,,,,,
United States,Haji Wright,"FW,MF",28.2163,0.0,,,,,0,,0,0,,1,,,,,,
United States,Alejandro Zendejas,"FW,MF",28.3477,0.0,,,,,0,,0,0,,1,,,,,,
United States,Christian Pulisic,"MF,FW",27.7365,4.0,221.0,55.0,61.4,2.5,4,55.0,0,0,,0,0.75,4.0,8.0,-4.0,-1.63,-0.98
United States,Antonee Robinson,DF,28.8487,4.0,214.0,54.0,59.4,2.4,4,54.0,0,0,,0,0.75,4.0,7.0,-3.0,-1.26,-0.03
United States,Malik Tillman,MF,24.0465,4.0,251.0,63.0,69.7,2.8,3,69.0,0,1,45.0,0,0.75,3.0,9.0,-6.0,-2.15,-2.98
United States,Alex Freeman,DF,21.846,4.0,221.0,55.0,61.4,2.5,3,65.0,0,1,27.0,0,0.75,4.0,7.0,-3.0,-1.22,0.07
United States,Weston McKennie,MF,27.794,4.0,221.0,55.0,61.4,2.5,3,59.0,0,1,45.0,0,0.75,3.0,8.0,-5.0,-2.04,-2.04
United States,Tim Ream,DF,38.6899,3.0,206.0,69.0,57.2,2.3,3,69.0,1,0,,1,1.0,5.0,8.0,-3.0,-1.31,-0.14
United States,Folarin Balogun,FW,24.9473,4.0,209.0,52.0,58.1,2.3,2,70.0,0,2,35.0,0,0.75,3.0,7.0,-4.0,-1.72,-1.13
United States,Sebastian Berhalter,MF,25.0958,4.0,208.0,52.0,57.8,2.3,2,77.0,0,2,28.0,0,0.75,4.0,6.0,-2.0,-0.87,0.91
United States,Timothy Weah,"MF,DF",26.3066,4.0,193.0,48.0,53.6,2.1,2,65.0,0,2,32.0,0,0.75,2.0,6.0,-4.0,-1.87,-1.33
United States,Matt Freese,GK,27.7803,2.0,180.0,90.0,50.0,2.0,2,90.0,2,0,,2,0.0,1.0,4.0,-3.0,-1.5,-0.5
United States,Mark McKenzie,DF,27.2984,4.0,165.0,41.0,45.8,1.8,2,68.0,1,2,15.0,0,0.75,4.0,6.0,-2.0,-1.09,0.29
United States,Matt Turner,GK,31.9719,2.0,135.0,68.0,37.5,1.5,2,68.0,1,0,,2,1.5,4.0,6.0,-2.0,-1.33,-0.13
United States,Tyler Adams,MF,27.3285,2.0,116.0,58.0,32.2,1.3,2,58.0,0,0,,0,1.5,3.0,3.0,0.0,0.0,1.84
United States,Sergiño Dest,MF,25.6105,2.0,116.0,58.0,32.2,1.3,2,58.0,0,0,,0,1.5,3.0,3.0,0.0,0.0,1.84
United States,Auston Trusty,DF,27.8378,3.0,162.0,54.0,45.0,1.8,1,89.0,0,2,37.0,1,1.0,1.0,3.0,-2.0,-1.11,0.25
United States,Tanner Tessmann,MF,24.7201,2.0,108.0,54.0,30.0,1.2,1,63.0,0,1,45.0,0,0.0,1.0,4.0,-3.0,-2.5,-1.79
United States,Gio Reyna,MF,23.5832,4.0,107.0,27.0,29.7,1.2,1,45.0,0,3,21.0,0,0.75,3.0,2.0,1.0,0.84,2.98
United States,Miles Robinson,DF,29.2519,2.0,106.0,53.0,29.4,1.2,1,61.0,0,1,45.0,0,1.5,2.0,3.0,-1.0,-0.85,0.57
United States,Chris Richards,DF,26.2136,1.0,90.0,90.0,25.0,1.0,1,90.0,1,0,,0,0.0,0.0,2.0,-2.0,-2.0,-1.0
United States,Ricardo Pepi,FW,23.4271,3.0,85.0,28.0,23.6,0.9,1,45.0,0,2,20.0,1,1.0,3.0,2.0,1.0,1.06,3.02
United States,Aidan Morris,MF,24.5749,1.0,78.0,78.0,21.7,0.9,1,78.0,0,0,,1,0.0,0.0,2.0,-2.0,-2.31,-1.35
United States,Johnny Cardoso,MF,24.731,1.0,45.0,45.0,12.5,0.5,1,45.0,0,0,,0,0.0,1.0,1.0,0.0,0.0,1.43
United States,Max Arfsten,MF,25.1533,4.0,137.0,34.0,38.1,1.5,0,,0,4,34.0,0,0.75,2.0,4.0,-2.0,-1.31,-0.1
United States,Cristian Roldan,MF,31.0301,4.0,121.0,30.0,33.6,1.3,0,,0,4,30.0,0,0.75,2.0,5.0,-3.0,-2.23,-1.48
United States,Joe Scally,"DF,MF",23.4517,4.0,109.0,27.0,30.3,1.2,0,,0,4,27.0,0,0.75,2.0,2.0,0.0,0.0,1.79
United States,Patrick Agyemang,FW,25.5996,2.0,65.0,33.0,18.1,0.7,0,,0,2,33.0,0,0.0,1.0,2.0,-1.0,-1.38,-0.16
United States,Chris Brady,GK,22.282,1.0,45.0,45.0,12.5,0.5,0,,0,1,45.0,3,3.0,1.0,1.0,0.0,0.0,1.43
United States,Brenden Aaronson,"FW,MF",25.6434,2.0,31.0,16.0,8.6,0.3,0,,0,2,16.0,2,0.0,0.0,0.0,0.0,0.0,1.37
United States,Alejandro Zendejas,"FW,MF",28.3477,1.0,15.0,15.0,4.2,0.2,0,,0,1,15.0,1,3.0,0.0,0.0,0.0,0.0,1.3
United States,Patrick Schulte,GK,25.2546,0.0,,,,,0,,0,0,,2,,,,,,
United States,Haji Wright,"FW,MF",28.2163,0.0,,,,,0,,0,0,,2,,,,,,
United States,Malik Tillman,MF,24.0465,5.0,332.0,66.0,73.8,3.7,4,72.0,0,1,45.0,0,1.2,6.0,10.0,-4.0,-1.08,-2.61
United States,Alex Freeman,DF,21.846,5.0,311.0,62.0,69.1,3.5,4,71.0,1,1,27.0,0,1.2,8.0,8.0,0.0,0.0,1.29
United States,Weston McKennie,MF,27.794,5.0,311.0,62.0,69.1,3.5,4,67.0,1,1,45.0,0,1.2,7.0,9.0,-2.0,-0.58,-0.58
United States,Antonee Robinson,DF,28.8487,5.0,304.0,61.0,67.6,3.4,5,61.0,1,0,,0,1.2,8.0,8.0,0.0,0.0,1.23
United States,Tim Ream,DF,38.6899,4.0,296.0,74.0,65.8,3.3,4,74.0,2,0,,1,1.5,9.0,9.0,0.0,0.0,1.17
United States,Folarin Balogun,FW,24.9473,5.0,280.0,56.0,62.2,3.1,3,70.0,0,2,35.0,0,1.2,6.0,7.0,-1.0,-0.32,0.21
United States,Matt Freese,GK,27.7803,3.0,270.0,90.0,60.0,3.0,3,90.0,3,0,,2,1.0,5.0,5.0,0.0,0.0,1.0
United States,Christian Pulisic,MF,27.7365,5.0,266.0,53.0,59.1,3.0,5,53.0,0,0,,0,1.2,7.0,8.0,-1.0,-0.34,0.15
United States,Sebastian Berhalter,MF,25.0958,5.0,253.0,51.0,56.2,2.8,2,77.0,0,3,33.0,0,1.2,5.0,7.0,-2.0,-0.71,-0.71
United States,Timothy Weah,"DF,FW",26.3066,5.0,212.0,42.0,47.1,2.4,2,65.0,0,3,28.0,0,1.2,3.0,7.0,-4.0,-1.7,-2.45
United States,Tyler Adams,MF,27.3285,3.0,206.0,69.0,45.8,2.3,3,69.0,1,0,,0,2.0,7.0,4.0,3.0,1.31,3.15
United States,Sergiño Dest,MF,25.6105,3.0,187.0,62.0,41.6,2.1,3,62.0,0,0,,0,2.0,6.0,3.0,3.0,1.44,3.15
United States,Chris Richards,DF,26.2136,2.0,180.0,90.0,40.0,2.0,2,90.0,2,0,,0,1.5,4.0,3.0,1.0,0.5,1.5
United States,Mark McKenzie,DF,27.2984,4.0,165.0,41.0,36.7,1.8,2,68.0,1,2,15.0,1,0.75,4.0,6.0,-2.0,-1.09,0.29
United States,Auston Trusty,DF,27.8378,3.0,162.0,54.0,36.0,1.8,1,89.0,0,2,37.0,2,1.0,1.0,3.0,-2.0,-1.11,0.25
United States,Max Arfsten,MF,25.1533,4.0,137.0,34.0,30.4,1.5,0,,0,4,34.0,1,0.75,2.0,4.0,-2.0,-1.31,-0.1
United States,Matt Turner,GK,31.9719,2.0,135.0,68.0,30.0,1.5,2,68.0,1,0,,3,1.5,4.0,6.0,-2.0,-1.33,-0.13
United States,Cristian Roldan,MF,31.0301,4.0,121.0,30.0,26.9,1.3,0,,0,4,30.0,1,0.75,2.0,5.0,-3.0,-2.23,-1.48
United States,Gio Reyna,MF,23.5832,5.0,116.0,23.0,25.8,1.3,1,45.0,0,4,18.0,0,1.2,4.0,2.0,2.0,1.55,2.63
United States,Joe Scally,"DF,MF",23.4517,4.0,109.0,27.0,24.2,1.2,0,,0,4,27.0,1,0.75,2.0,2.0,0.0,0.0,1.79
United States,Tanner Tessmann,MF,24.7201,2.0,108.0,54.0,30.0,1.2,1,63.0,0,1,45.0,0,0.0,1.0,4.0,-3.0,-2.5,-1.79
United States,Miles Robinson,DF,29.2519,2.0,106.0,53.0,23.6,1.2,1,61.0,0,1,45.0,1,1.5,2.0,3.0,-1.0,-0.85,0.57
United States,Ricardo Pepi,FW,23.4271,4.0,104.0,26.0,23.1,1.2,1,45.0,0,3,20.0,1,1.5,4.0,3.0,1.0,0.87,1.65
United States,Aidan Morris,MF,24.5749,1.0,78.0,78.0,21.7,0.9,1,78.0,0,0,,1,0.0,0.0,2.0,-2.0,-2.31,-1.35
United States,Patrick Agyemang,FW,25.5996,2.0,65.0,33.0,18.1,0.7,0,,0,2,33.0,0,0.0,1.0,2.0,-1.0,-1.38,-0.16
United States,Chris Brady,GK,22.282,1.0,45.0,45.0,10.0,0.5,0,,0,1,45.0,4,3.0,1.0,1.0,0.0,0.0,1.43
United States,Johnny Cardoso,MF,24.731,1.0,45.0,45.0,12.5,0.5,1,45.0,0,0,,0,0.0,1.0,1.0,0.0,0.0,1.43
United States,Brenden Aaronson,"FW,MF",25.6434,2.0,31.0,16.0,6.9,0.3,0,,0,2,16.0,3,0.0,0.0,0.0,0.0,0.0,1.37
United States,Alejandro Zendejas,"FW,MF",28.3477,1.0,15.0,15.0,3.3,0.2,0,,0,1,15.0,2,3.0,0.0,0.0,0.0,0.0,1.3
United States,Patrick Schulte,GK,25.2546,0.0,,,,,0,,0,0,,2,,,,,,
United States,Haji Wright,"FW,MF",28.2163,0.0,,,,,0,,0,0,,3,,,,,,
Uruguay,Guillermo Varela,DF,33.2245,,180.0,90.0,100.0,2.0,2,90.0,2,0,,0,1.0,1.0,1.0,0.0,0.0,
Uruguay,Federico Valverde,MF,27.8953,,179.0,90.0,99.4,2.0,2,90.0,1,0,,0,1.0,1.0,1.0,0.0,0.0,0.0
Uruguay,Mathías Olivera,DF,28.6188,,176.0,88.0,97.8,2.0,2,88.0,1,0,,0,1.0,0.0,1.0,-1.0,-0.51,-23.01
Uruguay,Manuel Ugarte,MF,25.1752,,176.0,88.0,97.8,2.0,2,88.0,1,0,,0,1.0,0.0,1.0,-1.0,-0.51,-23.01
Uruguay,Giorgian de Arrascaeta,MF,32.0356,,175.0,88.0,97.2,1.9,2,88.0,0,0,,0,1.0,0.0,1.0,-1.0,-0.51,-18.51
Uruguay,Agustín Canobbio,"MF,FW",27.7009,,172.0,86.0,95.6,1.9,2,86.0,0,0,,0,1.0,0.0,1.0,-1.0,-0.52,-11.77
Uruguay,Maxi Araújo,"MF,FW",26.3258,,149.0,75.0,82.8,1.7,2,75.0,0,0,,0,1.0,0.0,0.0,0.0,0.0,0.0
Uruguay,Ronald Araújo,DF,27.271,,135.0,68.0,75.0,1.5,2,68.0,1,0,,0,1.0,1.0,1.0,0.0,0.0,0.0
Uruguay,José María Giménez,DF,31.397,,165.0,83.0,91.7,1.8,1,90.0,1,1,75.0,0,1.0,1.0,1.0,0.0,0.0,0.0
Uruguay,Federico Viñas,FW,27.9555,,95.0,48.0,52.8,1.1,1,68.0,0,1,27.0,0,1.0,1.0,1.0,0.0,0.0,0.0
Uruguay,Fernando Muslera,GK,39.9938,,90.0,90.0,50.0,1.0,1,90.0,1,0,,1,1.0,1.0,1.0,0.0,0.0,0.0
Uruguay,Sergio Rochet,GK,33.2272,,90.0,90.0,50.0,1.0,1,90.0,1,0,,1,1.0,0.0,0.0,0.0,0.0,0.0
Uruguay,Rodrigo Aguirre,FW,31.7009,,63.0,63.0,35.0,0.7,1,63.0,0,0,,0,1.0,0.0,0.0,0.0,0.0,0.0
Uruguay,Joaquín Piquerez,DF,27.8049,,15.0,15.0,8.3,0.2,1,15.0,0,0,,1,1.0,0.0,0.0,0.0,0.0,0.0
Uruguay,Sebastián Cáceres,DF,26.8214,,45.0,45.0,25.0,0.5,0,,0,1,45.0,1,1.0,0.0,0.0,0.0,0.0,0.0
Uruguay,Facundo Pellistri,"FW,MF",24.4819,,31.0,16.0,17.2,0.3,0,,0,2,16.0,0,1.0,1.0,1.0,0.0,0.0,0.0
Uruguay,Darwin Núñez,FW,26.9719,,26.0,13.0,14.4,0.3,0,,0,2,13.0,0,1.0,1.0,0.0,1.0,3.46,4.05
Uruguay,Juan Manuel Sanabria,"DF,MF",26.2108,,8.0,4.0,4.4,0.1,0,,0,2,4.0,0,1.0,1.0,0.0,1.0,11.25,11.77
Uruguay,Emiliano Martínez,MF,26.8241,,5.0,3.0,2.8,0.1,0,,0,2,3.0,0,1.0,1.0,0.0,1.0,18.0,18.51
Uruguay,Brian Rodríguez,"FW,MF",26.0684,,4.0,4.0,2.2,0.0,0,,0,1,4.0,1,1.0,1.0,0.0,1.0,22.5,23.01
Uruguay,Nicolás De La Cruz,MF,29.0356,,1.0,1.0,0.6,0.0,0,,0,1,1.0,1,1.0,0.0,0.0,0.0,0.0,0.0
Uruguay,Agustín Álvarez,FW,25.0712,,,,,,0,,0,0,,1,,,,,,
Uruguay,José Luis Rodríguez Bebanz,DF,29.2519,,,,,,0,,0,0,,2,,,,,,
Uruguay,Nicolas Fonseca,MF,27.6516,,,,,,0,,0,0,,2,,,,,,
Uruguay,Santiago Mele,GK,28.7693,,,,,,0,,0,0,,2,,,,,,
Uruguay,Facundo Torres,MF,26.1697,,,,,,0,,0,0,,2,,,,,,
Uruguay,Matías Viña,"DF,MF",28.5941,,,,,,0,,0,0,,2,,,,,,
Uruguay,Federico Valverde,MF,27.0,,"1,286",86.0,79.4,14.3,14,89.0,13,1,45.0,0,1.6,20.0,10.0,10.0,0.7,0.7
Uruguay,Manuel Ugarte,MF,24.0,,"1,265",79.0,78.1,14.1,14,87.0,11,2,23.0,0,1.56,14.0,10.0,4.0,0.28,-1.24
Uruguay,Sergio Rochet,GK,32.0,,"1,260",90.0,77.8,14.0,14,90.0,14,0,,2,1.64,18.0,8.0,10.0,0.71,0.71
Uruguay,Maxi Araújo,"MF,FW",25.0,,"1,170",78.0,72.2,13.0,14,82.0,9,1,19.0,0,1.4,14.0,10.0,4.0,0.31,-0.89
Uruguay,Facundo Pellistri,"FW,MF",24.0,,"1,165",69.0,71.9,12.9,14,75.0,3,3,37.0,0,1.59,18.0,6.0,12.0,0.93,1.32
Uruguay,Nahitan Nández,"DF,MF",30.0,,"1,045",80.0,64.5,11.6,12,85.0,7,1,29.0,0,1.31,11.0,11.0,0.0,0.0,-1.57
Uruguay,Darwin Núñez,FW,26.0,,969,75.0,59.8,10.8,12,77.0,5,1,45.0,0,1.54,16.0,7.0,9.0,0.84,0.7
Uruguay,Sebastián Cáceres,DF,26.0,,916,76.0,56.5,10.2,11,82.0,10,1,12.0,1,1.92,16.0,5.0,11.0,1.08,1.21
Uruguay,Mathías Olivera,DF,28.0,,885,74.0,54.6,9.8,10,81.0,6,2,38.0,1,1.58,15.0,7.0,8.0,0.81,0.57
Uruguay,José María Giménez,DF,31.0,,765,85.0,47.2,8.5,8,90.0,8,1,45.0,0,1.67,10.0,6.0,4.0,0.47,-0.16
Uruguay,Rodrigo Bentancur,MF,28.0,,732,81.0,45.2,8.1,8,88.0,6,1,29.0,0,2.0,13.0,4.0,9.0,1.11,1.01
Uruguay,Ronald Araújo,DF,26.0,,720,90.0,44.4,8.0,8,90.0,8,0,,1,1.75,11.0,5.0,6.0,0.75,0.35
Uruguay,Nicolás De La Cruz,MF,28.0,,567,71.0,35.0,6.3,6,79.0,3,2,47.0,1,1.75,13.0,5.0,8.0,1.27,1.1
Uruguay,Guillermo Varela,DF,32.0,,498,62.0,30.7,5.5,6,80.0,4,2,9.0,4,1.5,5.0,4.0,1.0,0.18,-0.54
Uruguay,Giorgian de Arrascaeta,MF,31.0,,462,58.0,28.5,5.1,6,69.0,1,2,24.0,2,1.38,5.0,3.0,2.0,0.39,-0.23
Uruguay,Cristian Olivera,"FW,MF",23.0,,488,54.0,30.1,5.4,5,71.0,2,4,33.0,6,1.0,5.0,2.0,3.0,0.55,0.0
Uruguay,Rodrigo Aguirre,"FW,MF",31.0,,430,61.0,26.5,4.8,5,73.0,2,2,33.0,1,1.57,7.0,4.0,3.0,0.63,0.1
Uruguay,Brian Rodríguez,"MF,FW",25.0,,430,54.0,26.5,4.8,5,73.0,1,3,22.0,6,1.25,4.0,5.0,-1.0,-0.21,-1.04
Uruguay,Matías Viña,DF,28.0,,412,69.0,25.4,4.6,5,81.0,4,1,7.0,1,2.17,8.0,3.0,5.0,1.09,0.72
Uruguay,Joaquín Piquerez,DF,27.0,,367,52.0,22.7,4.1,4,71.0,2,3,28.0,2,1.57,7.0,4.0,3.0,0.74,0.23
Uruguay,Santiago Mele,GK,28.0,,360,90.0,22.2,4.0,4,90.0,4,0,,14,1.25,4.0,4.0,0.0,0.0,-0.71
Uruguay,Santiago Bueno,DF,27.0,,315,79.0,19.4,3.5,3,90.0,3,1,45.0,9,0.75,0.0,1.0,-1.0,-0.29,-1.04
Uruguay,Marcelo Saracchi,DF,27.0,,189,38.0,11.7,2.1,2,84.0,1,3,7.0,2,1.4,3.0,2.0,1.0,0.48,-0.09
Uruguay,Lucas Olaza,DF,31.0,,166,83.0,10.2,1.8,2,83.0,1,0,,2,1.0,0.0,0.0,0.0,0.0,-0.62
Uruguay,Nicolas Marichal,DF,24.0,,131,66.0,8.1,1.5,1,45.0,0,1,86.0,3,1.0,0.0,0.0,0.0,0.0,-0.6
Uruguay,Luis Suárez,FW,39.0,,108,54.0,6.7,1.2,1,90.0,1,1,18.0,1,2.0,0.0,0.0,0.0,0.0,-0.6
Uruguay,Nicolas Fonseca,MF,27.0,,106,27.0,6.5,1.2,1,90.0,1,3,5.0,6,1.25,0.0,1.0,-1.0,-0.85,-1.5
Uruguay,Emiliano Martínez,MF,26.0,,102,51.0,6.3,1.1,1,90.0,1,1,12.0,6,1.0,0.0,0.0,0.0,0.0,-0.59
Uruguay,Federico Viñas,FW,27.0,,91,18.0,5.6,1.0,1,45.0,0,4,12.0,1,1.6,1.0,0.0,1.0,0.99,0.46
Uruguay,Agustín Canobbio,MF,27.0,,76,25.0,4.7,0.8,1,69.0,0,2,4.0,3,2.0,1.0,2.0,-1.0,-1.18,-1.83
Uruguay,Facundo Torres,MF,25.0,,80,20.0,4.9,0.9,0,,0,4,20.0,8,1.25,0.0,0.0,0.0,0.0,-0.58
Uruguay,Felipe Carballo,MF,29.0,,54,18.0,3.3,0.6,0,,0,3,18.0,0,2.0,0.0,1.0,-1.0,-1.67,-2.3
Uruguay,Miguel Merentiel,FW,29.0,,45,45.0,2.8,0.5,0,,0,1,45.0,1,1.0,0.0,0.0,0.0,0.0,-0.57
Uruguay,Rodrigo Zalazar,"FW,MF",26.0,,44,22.0,2.7,0.5,0,,0,2,22.0,2,1.5,1.0,1.0,0.0,0.0,-0.57
Uruguay,Bruno Méndez,DF,26.0,,28,14.0,1.7,0.3,0,,0,2,14.0,4,3.0,1.0,0.0,1.0,3.21,2.71
Uruguay,José Luis Rodríguez Bebanz,DF,28.0,,25,25.0,1.5,0.3,0,,0,1,25.0,10,1.0,0.0,0.0,0.0,0.0,-0.56
Uruguay,Matías Vecino,"FW,MF",34.0,,23,12.0,1.4,0.3,0,,0,2,12.0,0,2.0,1.0,0.0,1.0,3.91,3.41
Uruguay,Kevin Amaro,DF,21.0,,20,20.0,1.2,0.2,0,,0,1,20.0,1,1.0,0.0,0.0,0.0,0.0,-0.56
Uruguay,Maxi Gómez,FW,29.0,,18,18.0,1.1,0.2,0,,0,1,18.0,1,3.0,0.0,1.0,-1.0,-5.0,-5.62
Uruguay,Agustín Álvarez,FW,24.0,,6,6.0,0.4,0.1,0,,0,1,6.0,2,0.0,0.0,0.0,0.0,0.0,-0.56
Uruguay,Luciano Rodríguez,FW,22.0,,1,1.0,0.1,0.0,0,,0,1,1.0,6,0.0,0.0,0.0,0.0,0.0,-0.56
Uruguay,Matías Abaldo,MF,21.0,,,,,,0,,0,0,,2,,,,,,
Uruguay,Facundo Bernal,MF,22.0,,,,,,0,,0,0,,1,,,,,,
Uruguay,Cristopher Fiermarin,GK,28.0,,,,,,0,,0,0,,2,,,,,,
Uruguay,Franco Israel,GK,25.0,,,,,,0,,0,0,,18,,,,,,
Uruguay,Ignacio Laquintana,MF,26.0,,,,,,0,,0,0,,1,,,,,,
Uruguay,Joaquín Lavega,FW,20.0,,,,,,0,,0,0,,1,,,,,,
Uruguay,Juan Manuel Sanabria,"DF,MF",25.0,,,,,,0,,0,0,,2,,,,,,
Uruguay,Santiago Mouriño,DF,23.0,,,,,,0,,0,0,,1,,,,,,
Uruguay,Tiago Palacios,"FW,MF",24.0,,,,,,0,,0,0,,1,,,,,,
Uruguay,Lucas Pino,FW,20.0,,,,,,0,,0,0,,1,,,,,,
Uruguay,Juan Rodríguez,DF,20.0,,,,,,0,,0,0,,2,,,,,,
Uruguay,Agustín Sant'Anna,DF,28.0,,,,,,0,,0,0,,2,,,,,,
Uruguay,Lucas Torreira,MF,29.0,,,,,,0,,0,0,,1,,,,,,
Uruguay,Federico Valverde,MF,27.8953,,"1,465",86.0,81.4,16.3,16,89.0,14,1,45.0,0,1.53,21.0,11.0,10.0,0.61,0.61
Uruguay,Manuel Ugarte,MF,25.1752,,"1,441",80.0,80.1,16.0,16,87.0,12,2,23.0,0,1.5,14.0,11.0,3.0,0.19,-1.57
Uruguay,Sergio Rochet,GK,33.2272,,"1,350",90.0,75.0,15.0,15,90.0,15,0,,3,1.6,18.0,8.0,10.0,0.67,0.67
Uruguay,Maxi Araújo,"MF,FW",26.3258,,"1,319",78.0,73.3,14.7,16,81.0,9,1,19.0,0,1.35,14.0,10.0,4.0,0.27,-0.85
Uruguay,Facundo Pellistri,"FW,MF",24.4819,,"1,196",63.0,66.4,13.3,14,75.0,3,5,28.0,0,1.53,19.0,7.0,12.0,0.9,1.2
Uruguay,Mathías Olivera,DF,28.6188,,"1,061",76.0,58.9,11.8,12,82.0,7,2,38.0,1,1.5,15.0,8.0,7.0,0.59,0.23
Uruguay,Nahitan Nández,"DF,MF",30.46,,"1,045",80.0,64.5,11.6,12,85.0,7,1,29.0,0,1.31,11.0,11.0,0.0,0.0,-1.57
Uruguay,Darwin Núñez,FW,26.9719,,995,66.0,55.3,11.1,12,77.0,5,3,24.0,0,1.47,17.0,7.0,10.0,0.9,0.9
Uruguay,Sebastián Cáceres,DF,26.8214,,961,74.0,53.4,10.7,11,82.0,10,2,29.0,2,1.85,16.0,5.0,11.0,1.03,1.14
Uruguay,José María Giménez,DF,31.397,,930,85.0,51.7,10.3,9,90.0,9,2,60.0,0,1.55,11.0,7.0,4.0,0.39,-0.23
Uruguay,Ronald Araújo,DF,27.271,,855,86.0,47.5,9.5,10,86.0,9,0,,1,1.6,12.0,6.0,6.0,0.63,0.25
Uruguay,Rodrigo Bentancur,MF,28.9692,,732,81.0,45.2,8.1,8,88.0,6,1,29.0,0,2.0,13.0,4.0,9.0,1.11,1.01
Uruguay,Guillermo Varela,DF,33.2245,,678,68.0,37.7,7.5,8,83.0,6,2,9.0,4,1.4,6.0,5.0,1.0,0.13,-0.59
Uruguay,Giorgian de Arrascaeta,MF,32.0356,,637,64.0,35.4,7.1,8,74.0,1,2,24.0,2,1.3,5.0,4.0,1.0,0.14,-0.56
Uruguay,Nicolás De La Cruz,MF,29.0356,,568,63.0,31.6,6.3,6,79.0,3,3,32.0,2,1.67,13.0,5.0,8.0,1.27,1.12
Uruguay,Rodrigo Aguirre,"FW,MF",31.7009,,493,62.0,27.4,5.5,6,71.0,2,2,33.0,1,1.5,7.0,4.0,3.0,0.55,0.07
Uruguay,Cristian Olivera,"FW,MF",24.1588,,488,54.0,30.1,5.4,5,71.0,2,4,33.0,6,1.0,5.0,2.0,3.0,0.55,0.0
Uruguay,Brian Rodríguez,"MF,FW",26.0684,,434,48.0,24.1,4.8,5,73.0,1,4,18.0,7,1.22,5.0,5.0,0.0,0.0,-0.66
Uruguay,Matías Viña,DF,28.5941,,412,69.0,22.9,4.6,5,81.0,4,1,7.0,3,2.17,8.0,3.0,5.0,1.09,0.72
Uruguay,Joaquín Piquerez,DF,27.8049,,382,48.0,21.2,4.2,5,60.0,2,3,28.0,3,1.5,7.0,4.0,3.0,0.71,0.26
Uruguay,Santiago Mele,GK,28.7693,,360,90.0,20.0,4.0,4,90.0,4,0,,16,1.25,4.0,4.0,0.0,0.0,-0.71
Uruguay,Santiago Bueno,DF,27.5941,,315,79.0,19.4,3.5,3,90.0,3,1,45.0,9,0.75,0.0,1.0,-1.0,-0.29,-1.04
Uruguay,Agustín Canobbio,MF,27.7009,,248,50.0,13.8,2.8,3,80.0,0,2,4.0,3,1.6,1.0,3.0,-2.0,-0.73,-1.42
Uruguay,Marcelo Saracchi,DF,28.1424,,189,38.0,11.7,2.1,2,84.0,1,3,7.0,2,1.4,3.0,2.0,1.0,0.48,-0.09
Uruguay,Federico Viñas,FW,27.9555,,186,27.0,10.3,2.1,2,57.0,0,5,15.0,1,1.43,2.0,1.0,1.0,0.48,-0.02
Uruguay,Lucas Olaza,DF,31.898,,166,83.0,10.2,1.8,2,83.0,1,0,,2,1.0,0.0,0.0,0.0,0.0,-0.62
Uruguay,Nicolas Marichal,DF,25.2437,,131,66.0,8.1,1.5,1,45.0,0,1,86.0,3,1.0,0.0,0.0,0.0,0.0,-0.6
Uruguay,Luis Suárez,FW,39.386,,108,54.0,6.7,1.2,1,90.0,1,1,18.0,1,2.0,0.0,0.0,0.0,0.0,-0.6
Uruguay,Emiliano Martínez,MF,26.8241,,107,27.0,5.9,1.2,1,90.0,1,3,6.0,6,1.0,1.0,0.0,1.0,0.84,0.36
Uruguay,Nicolas Fonseca,MF,27.6516,,106,27.0,5.9,1.2,1,90.0,1,3,5.0,8,1.25,0.0,1.0,-1.0,-0.85,-1.5
Uruguay,Fernando Muslera,GK,39.9938,,90,90.0,50.0,1.0,1,90.0,1,0,,1,1.0,1.0,1.0,0.0,0.0,0.0
Uruguay,Facundo Torres,MF,26.1697,,80,20.0,4.4,0.9,0,,0,4,20.0,10,1.25,0.0,0.0,0.0,0.0,-0.58
Uruguay,Felipe Carballo,MF,29.6927,,54,18.0,3.3,0.6,0,,0,3,18.0,0,2.0,0.0,1.0,-1.0,-1.67,-2.3
Uruguay,Miguel Merentiel,FW,30.3012,,45,45.0,2.8,0.5,0,,0,1,45.0,1,1.0,0.0,0.0,0.0,0.0,-0.57
Uruguay,Rodrigo Zalazar,"FW,MF",26.8378,,44,22.0,2.7,0.5,0,,0,2,22.0,2,1.5,1.0,1.0,0.0,0.0,-0.57
Uruguay,Bruno Méndez,DF,26.7584,,28,14.0,1.7,0.3,0,,0,2,14.0,4,3.0,1.0,0.0,1.0,3.21,2.71
Uruguay,José Luis Rodríguez Bebanz,DF,29.2519,,25,25.0,1.4,0.3,0,,0,1,25.0,12,1.0,0.0,0.0,0.0,0.0,-0.56
Uruguay,Matías Vecino,"FW,MF",34.8049,,23,12.0,1.4,0.3,0,,0,2,12.0,0,2.0,1.0,0.0,1.0,3.91,3.41
Uruguay,Kevin Amaro,DF,22.282,,20,20.0,1.2,0.2,0,,0,1,20.0,1,1.0,0.0,0.0,0.0,0.0,-0.56
Uruguay,Maxi Gómez,FW,29.8323,,18,18.0,1.1,0.2,0,,0,1,18.0,1,3.0,0.0,1.0,-1.0,-5.0,-5.62
Uruguay,Juan Manuel Sanabria,"DF,MF",26.2108,,8,4.0,0.4,0.1,0,,0,2,4.0,2,1.0,1.0,0.0,1.0,11.25,11.77
Uruguay,Agustín Álvarez,FW,25.0712,,6,6.0,0.3,0.1,0,,0,1,6.0,3,0.0,0.0,0.0,0.0,0.0,-0.56
Uruguay,Luciano Rodríguez,FW,22.9117,,1,1.0,0.1,0.0,0,,0,1,1.0,6,0.0,0.0,0.0,0.0,0.0,-0.56
Uruguay,Tiago Palacios,"FW,MF",25.2136,,,,,,0,,0,0,,1,,,,,,
Uruguay,Joaquín Lavega,FW,21.3587,,,,,,0,,0,0,,1,,,,,,
Uruguay,Facundo Bernal,MF,22.8131,,,,,,0,,0,0,,1,,,,,,
Uruguay,Santiago Mouriño,DF,24.3313,,,,,,0,,0,0,,1,,,,,,
Uruguay,Matías Abaldo,MF,22.1971,,,,,,0,,0,0,,2,,,,,,
Uruguay,Lucas Pino,FW,20.6215,,,,,,0,,0,0,,1,,,,,,
Uruguay,Juan Rodríguez,DF,21.0411,,,,,,0,,0,0,,2,,,,,,
Uruguay,Franco Israel,GK,26.1451,,,,,,0,,0,0,,18,,,,,,
Uruguay,Lucas Torreira,MF,30.3368,,,,,,0,,0,0,,1,,,,,,
Uruguay,Agustín Sant'Anna,DF,28.7118,,,,,,0,,0,0,,2,,,,,,
Uruguay,Ignacio Laquintana,MF,27.3641,,,,,,0,,0,0,,1,,,,,,
Uruguay,Cristopher Fiermarin,GK,28.449,,,,,,0,,0,0,,2,,,,,,
Uzbekistan,Rustam Ashurmatov,DF,29.9363,2.0,180.0,90.0,100.0,2.0,2,90.0,2,0,,0,0.0,1.0,4.0,-3.0,-1.5,
Uzbekistan,Abdukodir Khusanov,DF,22.2875,2.0,180.0,90.0,100.0,2.0,2,90.0,2,0,,0,0.0,1.0,4.0,-3.0,-1.5,
Uzbekistan,Sherzod Nasrullaev,DF,27.8925,2.0,180.0,90.0,100.0,2.0,2,90.0,2,0,,0,0.0,1.0,4.0,-3.0,-1.5,
Uzbekistan,Farrukh Sayfiev,DF,35.4052,2.0,174.0,87.0,96.7,1.9,2,87.0,1,0,,0,0.0,1.0,3.0,-2.0,-1.03,13.97
Uzbekistan,Eldor Shomurodov,FW,30.9582,2.0,166.0,83.0,92.2,1.8,2,83.0,1,0,,0,0.0,0.0,3.0,-3.0,-1.63,-1.63
Uzbekistan,Otabek Shukurov,MF,29.9774,2.0,159.0,80.0,88.3,1.8,2,80.0,1,0,,0,0.0,1.0,3.0,-2.0,-1.13,3.15
Uzbekistan,Oston Urunov,MF,25.4846,2.0,122.0,61.0,67.8,1.4,2,61.0,0,0,,0,0.0,0.0,2.0,-2.0,-1.48,0.08
Uzbekistan,Abbosbek Fayzullayev,MF,22.6954,2.0,158.0,79.0,87.8,1.8,1,90.0,1,1,68.0,0,0.0,1.0,4.0,-3.0,-1.71,-1.71
Uzbekistan,Akmal Mozgovoy,MF,27.1999,2.0,111.0,56.0,61.7,1.2,1,90.0,1,1,21.0,0,0.0,1.0,3.0,-2.0,-1.62,-0.32
Uzbekistan,Jakhongir Urozov,DF,22.4025,2.0,111.0,56.0,61.7,1.2,1,90.0,1,1,21.0,0,0.0,1.0,3.0,-2.0,-1.62,-0.32
Uzbekistan,Abduvohid Nematov,GK,25.2355,1.0,90.0,90.0,50.0,1.0,1,90.0,1,0,,1,0.0,0.0,2.0,-2.0,-2.0,-1.0
Uzbekistan,Utkir Yusupov,GK,35.4408,1.0,90.0,90.0,50.0,1.0,1,90.0,1,0,,1,0.0,1.0,2.0,-1.0,-1.0,1.0
Uzbekistan,Odiljon Hamrobekov,MF,30.3313,1.0,84.0,84.0,46.7,0.9,1,84.0,0,0,,0,0.0,0.0,1.0,-1.0,-1.07,0.8
Uzbekistan,Abdulla Abdullaev,DF,28.783,1.0,69.0,69.0,38.3,0.8,1,69.0,0,0,,1,0.0,0.0,1.0,-1.0,-1.3,0.32
Uzbekistan,Aziz Gʻaniyev,MF,28.3066,1.0,22.0,22.0,12.2,0.2,1,22.0,0,0,,0,0.0,0.0,0.0,0.0,0.0,1.71
Uzbekistan,Dostonbek Khamdamov,MF,29.8898,1.0,37.0,37.0,20.6,0.4,0,,0,1,37.0,1,0.0,1.0,1.0,0.0,0.0,1.89
Uzbekistan,Azizbek Amonov,FW,28.6215,1.0,21.0,21.0,11.7,0.2,0,,0,1,21.0,1,0.0,0.0,1.0,-1.0,-4.29,-3.15
Uzbekistan,Jamshid Iskanderov,"FW,MF",32.6598,1.0,14.0,14.0,7.8,0.2,0,,0,1,14.0,1,0.0,1.0,1.0,0.0,0.0,1.63
Uzbekistan,Sherzod Esanov,MF,23.3641,1.0,6.0,6.0,3.3,0.1,0,,0,1,6.0,1,0.0,0.0,1.0,-1.0,-15.0,-13.97
Uzbekistan,Igor Sergeev,FW,33.1232,2.0,6.0,3.0,3.3,0.1,0,,0,2,3.0,0,0.0,0.0,1.0,-1.0,-15.0,-13.97
Uzbekistan,Botirali Ergashev,GK,30.9747,0.0,,,,,0,,0,0,,2,,,,,,
Uzbekistan,Umar Eshmurodov,DF,33.5366,0.0,,,,,0,,0,0,,2,,,,,,
Uzbekistan,Jasurbek Jaloliddinov,MF,24.0821,0.0,,,,,0,,0,0,,2,,,,,,
Uzbekistan,Ruslanbek Jiyanov,FW,25.0246,0.0,,,,,0,,0,0,,2,,,,,,
Uzbekistan,Bekhruz Karimov,DF,18.8515,0.0,,,,,0,,0,0,,1,,,,,,
Uzbekistan,Jaloliddin Masharipov,"FW,MF",32.783,0.0,,,,,0,,0,0,,1,,,,,,
Uzbekistan,Umarali Raxmonaliyev,MF,22.8214,0.0,,,,,0,,0,0,,1,,,,,,
Uzbekistan,Sherzod Temirov,FW,27.6297,0.0,,,,,0,,0,0,,1,,,,,,
Uzbekistan,Avazbek Ulmasaliev,DF,26.2163,0.0,,,,,0,,0,0,,2,,,,,,
Uzbekistan,Utkir Yusupov,GK,35.0,16.0,"1,440",90.0,100.0,16.0,16,90.0,16,0,,0,2.19,27.0,11.0,16.0,1.0,
Uzbekistan,Odiljon Hamrobekov,MF,29.0,16.0,"1,421",89.0,98.7,15.8,16,89.0,11,0,,0,2.19,25.0,11.0,14.0,0.89,-8.59
Uzbekistan,Eldor Shomurodov,FW,30.0,15.0,"1,194",80.0,82.9,13.3,15,80.0,8,0,,0,2.13,20.0,8.0,12.0,0.9,-0.56
Uzbekistan,Otabek Shukurov,MF,29.0,14.0,"1,155",83.0,80.2,12.8,14,83.0,7,0,,0,2.07,21.0,10.0,11.0,0.86,-0.72
Uzbekistan,Xusniddin Aliqulov,DF,26.0,14.0,"1,186",85.0,82.4,13.2,13,90.0,12,1,21.0,0,2.21,22.0,9.0,13.0,0.99,-0.08
Uzbekistan,Jaloliddin Masharipov,"FW,MF",32.0,14.0,"1,120",80.0,77.8,12.4,13,81.0,2,1,70.0,0,2.21,19.0,8.0,11.0,0.88,-0.52
Uzbekistan,Abdukodir Khusanov,DF,21.0,14.0,"1,123",80.0,78.0,12.5,12,90.0,12,2,22.0,0,2.07,19.0,6.0,13.0,1.04,0.19
Uzbekistan,Rustam Ashurmatov,DF,29.0,12.0,932,78.0,64.7,10.4,11,85.0,8,1,1.0,2,1.92,15.0,9.0,6.0,0.58,-1.19
Uzbekistan,Khojiakbar Alijonov,"MF,DF",28.0,12.0,907,76.0,63.0,10.1,10,83.0,5,2,38.0,0,2.08,15.0,10.0,5.0,0.5,-1.36
Uzbekistan,Sherzod Nasrullaev,"MF,DF",27.0,11.0,826,75.0,57.4,9.2,9,87.0,8,2,21.0,1,2.18,14.0,5.0,9.0,0.98,-0.05
Uzbekistan,Farrukh Sayfiev,"MF,DF",35.0,11.0,750,68.0,52.1,8.3,9,78.0,5,2,23.0,4,1.82,15.0,6.0,9.0,1.08,0.17
Uzbekistan,Abbosbek Fayzullayev,"MF,FW",22.0,16.0,963,60.0,66.9,10.7,8,82.0,4,8,39.0,0,2.19,18.0,5.0,13.0,1.21,0.65
Uzbekistan,Umar Eshmurodov,DF,33.0,9.0,676,75.0,46.9,7.5,8,84.0,6,1,5.0,4,2.33,16.0,7.0,9.0,1.2,0.37
Uzbekistan,Oston Urunov,"FW,MF",25.0,9.0,539,60.0,37.4,6.0,7,68.0,0,2,33.0,0,2.11,11.0,6.0,5.0,0.83,-0.26
Uzbekistan,Aziz Turgʻunboyev,"MF,FW",31.0,9.0,533,59.0,37.0,5.9,7,70.0,2,2,20.0,5,2.67,11.0,4.0,7.0,1.18,0.29
Uzbekistan,Abdulla Abdullaev,DF,28.0,8.0,273,34.0,19.0,3.0,3,68.0,1,5,14.0,8,2.38,2.0,2.0,0.0,0.0,-1.23
Uzbekistan,Xojimat Erkinov,FW,24.0,10.0,192,19.0,13.3,2.1,2,55.0,0,8,10.0,6,2.4,6.0,1.0,5.0,2.34,1.55
Uzbekistan,Akmal Mozgovoy,MF,26.0,5.0,188,38.0,13.1,2.1,2,90.0,2,3,3.0,5,2.6,4.0,0.0,4.0,1.91,1.05
Uzbekistan,Bobir Abdixolikov,FW,28.0,6.0,137,23.0,9.5,1.5,1,65.0,0,5,14.0,5,2.5,4.0,1.0,3.0,1.97,1.07
Uzbekistan,Jamshid Iskanderov,"FW,MF",32.0,4.0,80,20.0,5.6,0.9,0,,0,4,20.0,12,2.25,4.0,1.0,3.0,3.38,2.51
Uzbekistan,Igor Sergeev,FW,32.0,3.0,45,15.0,3.1,0.5,0,,0,3,15.0,1,2.33,5.0,0.0,5.0,10.0,9.29
Uzbekistan,Ruslanbek Jiyanov,FW,24.0,2.0,38,19.0,2.6,0.4,0,,0,2,19.0,1,2.0,0.0,1.0,-1.0,-2.37,-3.46
Uzbekistan,Azizbek Amonov,FW,28.0,3.0,36,12.0,2.5,0.4,0,,0,3,12.0,5,2.33,0.0,0.0,0.0,0.0,-1.03
Uzbekistan,Ibrohimxalil Yoʻldoshev,DF,24.0,1.0,34,34.0,2.4,0.4,0,,0,1,34.0,1,3.0,0.0,0.0,0.0,0.0,-1.02
Uzbekistan,Diyor Xolmatov,MF,23.0,3.0,22,7.0,1.5,0.2,0,,0,3,7.0,2,2.33,0.0,0.0,0.0,0.0,-1.02
Uzbekistan,Abdurauf Boʻriyev,MF,23.0,3.0,17,6.0,1.2,0.2,0,,0,3,6.0,4,1.67,2.0,0.0,2.0,10.59,9.7
Uzbekistan,Zafarmurod Abdirahmatov,DF,22.0,1.0,3,3.0,0.2,0.0,0,,0,1,3.0,3,3.0,0.0,0.0,0.0,0.0,-1.0
Uzbekistan,Aziz Gʻaniyev,MF,27.0,1.0,1,1.0,0.1,0.0,0,,0,1,1.0,1,3.0,0.0,0.0,0.0,0.0,-1.0
Uzbekistan,Islom Tukhtakhodjaev,DF,36.0,1.0,1,1.0,0.1,0.0,0,,0,1,1.0,0,3.0,1.0,0.0,1.0,90.0,89.06
Uzbekistan,Umar Adhamzoda,DF,27.0,0.0,,,,,0,,0,0,,1,,,,,,
Uzbekistan,Alibek Davronov,DF,23.0,0.0,,,,,0,,0,0,,1,,,,,,
Uzbekistan,Botirali Ergashev,GK,30.0,0.0,,,,,0,,0,0,,16,,,,,,
Uzbekistan,Gʻolib Gʻaybullayev,DF,30.0,0.0,,,,,0,,0,0,,2,,,,,,
Uzbekistan,Akramjon Komilov,DF,29.0,0.0,,,,,0,,0,0,,2,,,,,,
Uzbekistan,Dilshod Komilov,MF,26.0,0.0,,,,,0,,0,0,,2,,,,,,
Uzbekistan,Abduvohid Nematov,GK,24.0,0.0,,,,,0,,0,0,,15,,,,,,
Uzbekistan,Valijon Raximov,GK,30.0,0.0,,,,,0,,0,0,,1,,,,,,
Uzbekistan,Muhammadqodir Xamraliyev,MF,24.0,0.0,,,,,0,,0,0,,6,,,,,,
Uzbekistan,Jasur Yaxshiboyev,FW,28.0,0.0,,,,,0,,0,0,,2,,,,,,
Uzbekistan,Utkir Yusupov,GK,35.4408,17.0,"1,530",90.0,94.4,17.0,17,90.0,17,0,,1,2.06,28.0,13.0,15.0,0.88,2.88
Uzbekistan,Odiljon Hamrobekov,MF,30.3313,17.0,"1,505",89.0,92.9,16.7,17,89.0,11,0,,0,2.06,25.0,12.0,13.0,0.78,0.78
Uzbekistan,Eldor Shomurodov,FW,30.9582,17.0,"1,360",80.0,84.0,15.1,17,80.0,9,0,,0,1.88,20.0,11.0,9.0,0.6,-0.79
Uzbekistan,Otabek Shukurov,MF,29.9774,16.0,"1,314",82.0,81.1,14.6,16,82.0,8,0,,0,1.81,22.0,13.0,9.0,0.62,-0.56
Uzbekistan,Abdukodir Khusanov,DF,22.2875,16.0,"1,303",81.0,80.4,14.5,14,90.0,14,2,22.0,0,1.81,20.0,10.0,10.0,0.69,-0.16
Uzbekistan,Xusniddin Aliqulov,DF,27.1944,14.0,"1,186",85.0,82.4,13.2,13,90.0,12,1,21.0,0,2.21,22.0,9.0,13.0,0.99,-0.08
Uzbekistan,Abbosbek Fayzullayev,"MF,FW",22.6954,18.0,"1,121",62.0,69.2,12.5,9,83.0,5,9,42.0,0,1.95,19.0,9.0,10.0,0.8,0.26
Uzbekistan,Jaloliddin Masharipov,"FW,MF",32.783,14.0,"1,120",80.0,69.1,12.4,13,81.0,2,1,70.0,1,2.21,19.0,8.0,11.0,0.88,-0.52
Uzbekistan,Rustam Ashurmatov,DF,29.9363,14.0,"1,112",79.0,68.6,12.4,13,85.0,10,1,1.0,2,1.65,16.0,13.0,3.0,0.24,-1.53
Uzbekistan,Sherzod Nasrullaev,"MF,DF",27.8925,13.0,"1,006",77.0,62.1,11.2,11,88.0,10,2,21.0,1,1.84,15.0,9.0,6.0,0.54,-0.49
Uzbekistan,Farrukh Sayfiev,"MF,DF",35.4052,13.0,924,71.0,57.0,10.3,11,80.0,6,2,23.0,4,1.54,16.0,9.0,7.0,0.68,-0.09
Uzbekistan,Khojiakbar Alijonov,"MF,DF",29.1533,12.0,907,76.0,63.0,10.1,10,83.0,5,2,38.0,0,2.08,15.0,10.0,5.0,0.5,-1.36
Uzbekistan,Umar Eshmurodov,DF,33.5366,9.0,676,75.0,41.7,7.5,8,84.0,6,1,5.0,6,2.33,16.0,7.0,9.0,1.2,0.37
Uzbekistan,Oston Urunov,"FW,MF",25.4846,11.0,661,60.0,40.8,7.3,9,66.0,0,2,33.0,0,1.73,11.0,8.0,3.0,0.41,-0.53
Uzbekistan,Aziz Turgʻunboyev,"MF,FW",31.7009,9.0,533,59.0,37.0,5.9,7,70.0,2,2,20.0,5,2.67,11.0,4.0,7.0,1.18,0.29
Uzbekistan,Abdulla Abdullaev,DF,28.783,9.0,342,38.0,21.1,3.8,4,68.0,1,5,14.0,9,2.12,2.0,3.0,-1.0,-0.26,-1.25
Uzbekistan,Akmal Mozgovoy,MF,27.1999,7.0,299,43.0,18.5,3.3,3,90.0,3,4,7.0,5,1.86,5.0,3.0,2.0,0.6,-0.15
Uzbekistan,Xojimat Erkinov,FW,25.0438,10.0,192,19.0,13.3,2.1,2,55.0,0,8,10.0,6,2.4,6.0,1.0,5.0,2.34,1.55
Uzbekistan,Bobir Abdixolikov,FW,29.1424,6.0,137,23.0,9.5,1.5,1,65.0,0,5,14.0,5,2.5,4.0,1.0,3.0,1.97,1.07
Uzbekistan,Jakhongir Urozov,DF,22.4025,2.0,111,56.0,61.7,1.2,1,90.0,1,1,21.0,0,0.0,1.0,3.0,-2.0,-1.62,-0.32
Uzbekistan,Jamshid Iskanderov,"FW,MF",32.6598,5.0,94,19.0,5.8,1.0,0,,0,5,19.0,13,1.8,5.0,2.0,3.0,2.87,2.28
Uzbekistan,Abduvohid Nematov,GK,25.2355,1.0,90,90.0,5.6,1.0,1,90.0,1,0,,16,0.0,0.0,2.0,-2.0,-2.0,-1.0
Uzbekistan,Azizbek Amonov,FW,28.6215,4.0,57,14.0,3.5,0.6,0,,0,4,14.0,6,1.75,0.0,1.0,-1.0,-1.58,-2.39
Uzbekistan,Igor Sergeev,FW,33.1232,5.0,51,10.0,3.1,0.6,0,,0,5,10.0,1,1.4,5.0,1.0,4.0,7.06,6.54
Uzbekistan,Ruslanbek Jiyanov,FW,25.0246,2.0,38,19.0,2.3,0.4,0,,0,2,19.0,3,2.0,0.0,1.0,-1.0,-2.37,-3.46
Uzbekistan,Dostonbek Khamdamov,MF,29.8898,1.0,37,37.0,20.6,0.4,0,,0,1,37.0,1,0.0,1.0,1.0,0.0,0.0,1.89
Uzbekistan,Ibrohimxalil Yoʻldoshev,DF,25.3285,1.0,34,34.0,2.4,0.4,0,,0,1,34.0,1,3.0,0.0,0.0,0.0,0.0,-1.02
Uzbekistan,Aziz Gʻaniyev,MF,28.3066,2.0,23,12.0,1.4,0.3,1,22.0,0,1,1.0,1,1.5,0.0,0.0,0.0,0.0,-0.73
Uzbekistan,Diyor Xolmatov,MF,23.8953,3.0,22,7.0,1.5,0.2,0,,0,3,7.0,2,2.33,0.0,0.0,0.0,0.0,-1.02
Uzbekistan,Abdurauf Boʻriyev,MF,23.9008,3.0,17,6.0,1.2,0.2,0,,0,3,6.0,4,1.67,2.0,0.0,2.0,10.59,9.7
Uzbekistan,Sherzod Esanov,MF,23.3641,1.0,6,6.0,3.3,0.1,0,,0,1,6.0,1,0.0,0.0,1.0,-1.0,-15.0,-13.97
Uzbekistan,Zafarmurod Abdirahmatov,DF,23.1287,1.0,3,3.0,0.2,0.0,0,,0,1,3.0,3,3.0,0.0,0.0,0.0,0.0,-1.0
Uzbekistan,Islom Tukhtakhodjaev,DF,36.6215,1.0,1,1.0,0.1,0.0,0,,0,1,1.0,0,3.0,1.0,0.0,1.0,90.0,89.06
Uzbekistan,Alibek Davronov,DF,23.46,0.0,,,,,0,,0,0,,1,,,,,,
Uzbekistan,Dilshod Komilov,MF,27.0794,0.0,,,,,0,,0,0,,2,,,,,,
Uzbekistan,Valijon Raximov,GK,31.3231,0.0,,,,,0,,0,0,,1,,,,,,
Uzbekistan,Akramjon Komilov,DF,30.2519,0.0,,,,,0,,0,0,,2,,,,,,
Uzbekistan,Botirali Ergashev,GK,30.9747,0.0,,,,,0,,0,0,,18,,,,,,
Uzbekistan,Muhammadqodir Xamraliyev,MF,24.9391,0.0,,,,,0,,0,0,,6,,,,,,
Uzbekistan,Umar Adhamzoda,DF,28.1944,0.0,,,,,0,,0,0,,1,,,,,,
Uzbekistan,Jasur Yaxshiboyev,FW,28.9719,0.0,,,,,0,,0,0,,2,,,,,,
Uzbekistan,Gʻolib Gʻaybullayev,DF,30.3915,0.0,,,,,0,,0,0,,2,,,,,,
Uzbekistan,Avazbek Ulmasaliev,DF,26.2163,0.0,,,,,0,,0,0,,2,,,,,,
Uzbekistan,Jasurbek Jaloliddinov,MF,24.0821,0.0,,,,,0,,0,0,,2,,,,,,
Uzbekistan,Sherzod Temirov,FW,27.6297,0.0,,,,,0,,0,0,,1,,,,,,
Uzbekistan,Umarali Raxmonaliyev,MF,22.8214,0.0,,,,,0,,0,0,,1,,,,,,
Uzbekistan,Bekhruz Karimov,DF,18.8515,0.0,,,,,0,,0,0,,1,,,,,,
