Country,Date,Time,Comp,Round,Day,Venue,Result,GF,GA,Opponent,Poss,Attendance,Captain,Formation,Opp Formation,Referee,Notes,is_future,Country_FIFA_Rank,Country_FIFA_Points,Opponent_FIFA_Rank,Opponent_FIFA_Points,h2h_matches,h2h_wins,h2h_losses,h2h_draws,h2h_goals_for,h2h_goals_against,Stadium,ID,City,Capacity,Roof_Type,Surface,Latitude,Longitude,Elevation_m,ranking_diff,is_higher_ranked,days_since_last_match,form_last_5,form_last_10,goals_scored_last_5,goals_conceded_last_5,win_rate_home,win_rate_away,win_rate_neutral
Algeria,2023-11-16,18:00,WCQ,First round,Thu,Home,W,3.0,1.0,Somalia,,,Riyad Mahrez,4-1-4-1,4-1-4-1,Boubou Traoré,,False,33,1512.9,196,852.06,0,0,0,0,0,0,,,,,,,,,,660.8400000000001,1,,,,,,,,
Algeria,2023-11-19,15:00,WCQ,First round,Sun,Away,W,2.0,0.0,Mozambique,,,Riyad Mahrez,4-1-4-1,4-2-3-1,Samuel Uwikunda,,False,33,1512.9,113,1176.58,0,0,0,0,0,0,,,,,,,,,,336.32000000000016,1,3.0,3.0,3.0,3.0,1.0,1.0,,
Algeria,2024-06-06,22:00,WCQ,First round,Thu,Home,L,1.0,2.0,Guinea,,,Yacine Brahimi,4-2-3-1,5-4-1,Bamlak Tessema,,False,43,1482.71,76,1324.65,0,0,0,0,0,0,,,,,,,,,,158.05999999999995,1,200.0,6.0,6.0,2.5,0.5,1.0,1.0,
Algeria,2024-06-10,19:00,WCQ,First round,Mon,Away,W,2.0,1.0,Uganda,,,Aïssa Mandi,4-1-4-1,4-2-2-2,Raphiou Ligali,,False,43,1482.71,92,1242.15,0,0,0,0,0,0,,,,,,,,,,240.55999999999995,1,4.0,6.0,6.0,2.0,1.0,0.5,1.0,
Algeria,2025-03-21,15:00,WCQ,First round,Fri,Away,W,3.0,1.0,Botswana,,,Riyad Mahrez,4-1-4-1,4-2-3-1,Ahmed Arajiga,,False,41,1486.03,147,1050.15,0,0,0,0,0,0,,,,,,,,,,435.8799999999999,1,284.0,9.0,9.0,2.0,1.0,0.5,1.0,
Algeria,2025-03-25,22:00,WCQ,First round,Tue,Home,W,5.0,1.0,Mozambique,,,Riyad Mahrez,4-1-4-1,4-2-3-1,Pacifique Ndabihawenimana,,False,41,1486.03,99,1226.03,0,0,0,0,0,0,,,,,,,,,,260.0,1,4.0,12.0,12.0,2.2,1.0,0.5,1.0,
Algeria,2025-09-04,20:00,WCQ,First round,Thu,Home,W,3.0,1.0,Botswana,,,Riyad Mahrez,4-1-4-1,4-2-3-1,Pacifique Ndabihawenimana,,False,41,1486.03,147,1050.15,0,0,0,0,0,0,,,,,,,,,,435.8799999999999,1,163.0,12.0,15.0,2.6,1.0,0.6666666666666666,1.0,
Algeria,2025-09-08,17:00,WCQ,First round,Mon,Neutral,D,0.0,0.0,Guinea,,,Riyad Mahrez,4-1-4-1,3-4-3,Samuel Uwikunda,,False,41,1486.03,82,1298.3,0,0,0,0,0,0,,,,,,,,,,187.73000000000002,1,4.0,12.0,18.0,2.8,1.2,0.75,1.0,
Algeria,2025-10-09,17:00,WCQ,First round,Thu,Neutral,W,3.0,0.0,Somalia,,,Riyad Mahrez,4-1-4-1,4-2-3-1,Godfrey Nkhakananga,,False,41,1486.03,202,829.81,0,0,0,0,0,0,,,,,,,,,,656.22,1,31.0,13.0,19.0,2.6,0.8,0.75,1.0,0.0
Algeria,2025-10-14,17:00,WCQ,First round,Tue,Home,W,2.0,1.0,Uganda,,,Riyad Mahrez,4-1-4-1,4-2-3-1,Imtehaz Heeralall,,False,41,1486.03,90,1257.64,0,0,0,0,0,0,,,,,,,,,,228.38999999999987,1,5.0,13.0,22.0,2.8,0.6,0.75,1.0,0.5
Algeria,2026-03-27,20:30,Friendlies (M),Friendlies (M),Fri,Neutral,W,7.0,0.0,Guatemala,,,Riyad Mahrez,4-2-3-1,4-2-2-2,Andrea Colombo,,False,41,1486.03,107,1200.43,0,0,0,0,0,0,,,,,,,,,,285.5999999999999,1,164.0,13.0,25.0,2.6,0.6,0.8,1.0,0.5
Algeria,2026-03-31,20:30,Friendlies (M),Friendlies (M),Tue,Neutral,D,0.0,0.0,Uruguay,,,Aïssa Mandi,5-4-1,4-1-4-1,Luca Pairetto,,False,41,1486.03,11,1701.34,0,0,0,0,0,0,,,,,,,,,,-215.30999999999995,0,4.0,13.0,25.0,3.0,0.4,0.8,1.0,0.6666666666666666
Algeria,2026-06-03,20:45,Friendlies (M),Friendlies (M),Wed,Away,W,1.0,0.0,Netherlands,,40306.0,Riyad Mahrez,4-1-4-1,4-2-3-1,Jakob Semler,,False,41,1486.03,7,1759.95,0,0,0,0,0,0,,,,,,,,,,-273.9200000000001,0,64.0,11.0,23.0,2.4,0.2,0.8,1.0,0.5
Algeria,2026-06-10,19:00,Friendlies (M),Friendlies (M),Wed,Neutral,W,4.0,0.0,Bolivia,,,Riyad Mahrez,4-1-4-1,4-1-4-1,Esad Omanovic,,False,41,1486.03,83,1293.76,0,0,0,0,0,0,,,,,,,,,,192.26999999999998,1,7.0,13.0,26.0,2.6,0.2,0.8,1.0,0.5
Algeria,2026-06-16,20:00,World Cup,Group stage,Tue,Neutral,,,,Argentina,,,,,,,,True,41,1486.03,1,1889.02,0,0,0,0,0,0,,,,,,,,,,-402.99,0,6.0,13.0,26.0,2.8,0.2,0.8,1.0,0.6
Algeria,2026-06-22,20:00,World Cup,Group stage,Mon,Neutral,,,,Jordan,,,,,,,,True,41,1486.03,68,1377.52,0,0,0,0,0,0,,,,,,,,,,108.50999999999999,1,6.0,10.0,23.0,3.0,0.0,0.8,1.0,0.6
Algeria,2026-06-27,21:00,World Cup,Group stage,Sat,Neutral,,,,Austria,,,,,,,,True,41,1486.03,22,1580.37,1,0,1,0,0,2,,,,,,,,,,-94.33999999999992,0,5.0,7.0,20.0,1.6666666666666667,0.0,0.8,1.0,0.6
Argentina,2023-09-07,21:00,WCQ,World Cup qualification,Thu,Home,W,1.0,0.0,Ecuador,71.0,84500.0,Lionel Messi,4-3-3,5-3-2,Wilmar Roldán,,False,1,1843.73,40,1486.47,0,0,0,0,0,0,,,,,,,,,,357.26,1,,,,,,,,
Argentina,2023-09-12,16:00,WCQ,World Cup qualification,Tue,Away,W,3.0,0.0,Bolivia,60.0,38000.0,Ángel Di María,4-3-3,5-3-2,Esteban Ostojich,,False,1,1843.73,83,1295.09,0,0,0,0,0,0,,,,,,,,,,548.6400000000001,1,5.0,3.0,3.0,1.0,0.0,1.0,,
Argentina,2023-10-12,20:00,WCQ,World Cup qualification,Thu,Home,W,1.0,0.0,Paraguay,75.0,80000.0,Nicolás Otamendi,4-3-3,3-4-3,Raphael Claus,,False,1,1851.41,52,1432.08,0,0,0,0,0,0,,,,,,,,,,419.33000000000015,1,30.0,6.0,6.0,2.0,0.0,1.0,1.0,
Argentina,2023-10-17,21:00,WCQ,World Cup qualification,Tue,Away,W,2.0,0.0,Peru,66.0,37675.0,Lionel Messi,4-3-3,4-4-1-1,Jesús Valenzuela,,False,1,1851.41,22,1551.91,1,1,0,0,6,0,,,,,,,,,,299.5,1,5.0,9.0,9.0,1.6666666666666667,0.0,1.0,1.0,
Argentina,2023-11-16,21:00,WCQ,World Cup qualification,Thu,Home,L,0.0,2.0,Uruguay,63.0,,Lionel Messi,4-3-3,4-2-3-1,Wilmar Roldán,,False,1,1861.29,15,1643.72,2,1,1,0,3,4,,,,,,,,,,217.56999999999994,1,30.0,12.0,12.0,1.75,0.0,1.0,1.0,
Argentina,2023-11-21,21:30,WCQ,World Cup qualification,Tue,Away,W,1.0,0.0,Brazil,50.0,,Lionel Messi,4-4-2,4-2-3-1,Piero Maza,,False,1,1861.29,3,1812.2,4,1,2,1,3,5,,,,,,,,,,49.08999999999992,1,5.0,12.0,12.0,1.4,0.4,0.6666666666666666,1.0,
Argentina,2024-09-05,21:00,WCQ,World Cup qualification,Thu,Home,W,3.0,0.0,Chile,65.0,52160.0,Nicolás Otamendi,3-5-2,4-3-3,Jesús Valenzuela,,False,1,1901.48,43,1489.5,1,1,0,0,3,1,,,,,,,,,,411.98,1,289.0,12.0,15.0,1.4,0.4,0.6666666666666666,1.0,
Argentina,2024-09-10,15:30,WCQ,World Cup qualification,Tue,Away,L,1.0,2.0,Colombia,53.0,,Nicolás Otamendi,4-4-2,4-3-3,Piero Maza,,False,1,1901.48,9,1727.32,0,0,0,0,0,0,,,,,,,,,,174.16000000000008,1,5.0,12.0,18.0,1.4,0.4,0.75,1.0,
Argentina,2024-10-10,17:00,WCQ,World Cup qualification,Thu,Away,D,1.0,1.0,Venezuela,60.0,,Lionel Messi,4-4-2◆,4-3-3,Gustavo Tejera,,False,1,1889.02,40,1488.56,0,0,0,0,0,0,,,,,,,,,,400.46000000000004,1,30.0,9.0,18.0,1.4,0.8,0.75,0.75,
Argentina,2024-10-15,21:00,WCQ,World Cup qualification,Tue,Home,W,6.0,0.0,Bolivia,72.0,,Lionel Messi,4-3-3,5-4-1,Kevin Ortega,,False,1,1889.02,83,1293.76,0,0,0,0,0,0,,,,,,,,,,595.26,1,5.0,7.0,19.0,1.2,1.0,0.75,0.6,
Argentina,2024-11-14,20:30,WCQ,World Cup qualification,Thu,Away,L,1.0,2.0,Paraguay,77.0,32200.0,Lionel Messi,4-2-3-1,4-4-2,Anderson Daronco,,False,1,1889.02,57,1423.98,0,0,0,0,0,0,,,,,,,,,,465.03999999999996,1,30.0,10.0,22.0,2.4,0.6,0.8,0.6,
Argentina,2024-11-19,21:00,WCQ,World Cup qualification,Tue,Home,W,1.0,0.0,Peru,74.0,,Lionel Messi,4-3-3,3-5-2,Wilmar Roldán,,False,1,1889.02,43,1483.2,1,1,0,0,6,0,,,,,,,,,,405.81999999999994,1,5.0,7.0,19.0,2.4,1.0,0.8,0.5,
Argentina,2025-03-21,20:30,WCQ,World Cup qualification,Fri,Away,W,1.0,0.0,Uruguay,45.0,,Nicolás Otamendi,4-2-3-1,4-3-3,Juan Gabriel Benítez,,False,1,1889.02,11,1701.34,2,1,1,0,3,4,,,,,,,,,,187.68000000000006,1,122.0,7.0,19.0,2.0,1.0,0.8333333333333334,0.5,
Argentina,2025-03-25,21:00,WCQ,World Cup qualification,Tue,Home,W,4.0,1.0,Brazil,56.0,,Nicolás Otamendi,4-1-3-2,4-2-3-1,Andrés Rojas,,False,1,1889.02,5,1772.02,4,1,2,1,3,5,,,,,,,,,,117.0,1,4.0,10.0,19.0,2.0,0.6,0.8333333333333334,0.5714285714285714,
Argentina,2025-06-05,21:00,WCQ,World Cup qualification,Thu,Away,W,1.0,0.0,Chile,66.0,,Cristian Romero,4-2-3-1,4-3-3,Jesús Valenzuela,,False,1,1889.02,49,1467.98,1,1,0,0,3,1,,,,,,,,,,421.03999999999996,1,72.0,12.0,19.0,2.6,0.6,0.8571428571428571,0.5714285714285714,
Argentina,2025-06-10,21:00,WCQ,World Cup qualification,Tue,Home,D,1.0,1.0,Colombia,64.0,,Lionel Messi,4-3-3,4-3-3,Juan Gabriel Benítez,,False,1,1889.02,9,1738.72,0,0,0,0,0,0,,,,,,,,,,150.29999999999995,1,5.0,12.0,22.0,1.6,0.6,0.8571428571428571,0.625,
Argentina,2025-09-04,20:30,WCQ,World Cup qualification,Thu,Home,W,3.0,0.0,Venezuela,77.0,,Lionel Messi,4-2-2-2,5-3-2,Piero Maza,,False,1,1889.02,40,1488.56,0,0,0,0,0,0,,,,,,,,,,400.46000000000004,1,86.0,13.0,20.0,1.6,0.4,0.75,0.625,
Argentina,2025-09-09,18:00,WCQ,World Cup qualification,Tue,Away,L,0.0,1.0,Ecuador,57.0,,Nicolás Otamendi,4-2-3-1,4-4-1-1,Wilmar Roldán,,False,1,1889.02,27,1535.43,0,0,0,0,0,0,,,,,,,,,,353.5899999999999,1,5.0,13.0,20.0,2.0,0.4,0.7777777777777778,0.625,
Argentina,2026-03-27,20:15,Friendlies (M),Friendlies (M),Fri,Home,W,2.0,1.0,Mauritania,,45760.0,Cristian Romero,4-1-4-1,4-2-2-2,Derlis López,,False,1,1889.02,112,1179.04,0,0,0,0,0,0,,,,,,,,,,709.98,1,199.0,10.0,20.0,1.8,0.6,0.7777777777777778,0.5555555555555556,
Argentina,2026-03-31,20:30,Friendlies (M),Friendlies (M),Tue,Home,W,5.0,0.0,Zambia,,50000.0,Lionel Messi,4-1-4-1,4-2-3-1,Alexis Herrera,,False,1,1889.02,93,1252.79,0,0,0,0,0,0,,,,,,,,,,636.23,1,4.0,10.0,22.0,1.4,0.6,0.8,0.5555555555555556,
Argentina,2026-06-06,19:00,Friendlies (M),Friendlies (M),Sat,Neutral,W,2.0,0.0,Honduras,,,Nicolás Otamendi,4-2-3-1,4-2-3-1,Víctor Rivas,,False,1,1889.02,77,1311.3,0,0,0,0,0,0,,,,,,,,,,577.72,1,67.0,10.0,22.0,2.2,0.6,0.8181818181818182,0.5555555555555556,
Argentina,2026-06-09,20:08,Friendlies (M),Friendlies (M),Tue,Neutral,W,3.0,0.0,Iceland,,,Nicolás Otamendi,4-2-3-1,4-2-2-2,Rosendo Mendoza,,False,1,1889.02,71,1355.75,1,0,0,1,1,1,,,,,,,,,,533.27,1,3.0,12.0,25.0,2.4,0.4,0.8181818181818182,0.5555555555555556,1.0
Argentina,2026-06-16,20:00,World Cup,Group stage,Tue,Neutral,,,,Algeria,,,,,,,,True,1,1889.02,41,1486.03,0,0,0,0,0,0,,,,,,,,,,402.99,1,7.0,12.0,25.0,2.4,0.4,0.8181818181818182,0.5555555555555556,1.0
Argentina,2026-06-22,12:00,World Cup,Group stage,Mon,Neutral,,,,Austria,,,,,,,,True,1,1889.02,22,1580.37,0,0,0,0,0,0,,,,,,,,,,308.6500000000001,1,6.0,12.0,22.0,3.0,0.25,0.8181818181818182,0.5555555555555556,1.0
Argentina,2026-06-27,21:00,World Cup,Group stage,Sat,Neutral,,,,Jordan,,,,,,,,True,1,1889.02,68,1377.52,0,0,0,0,0,0,,,,,,,,,,511.5,1,5.0,9.0,19.0,3.333333333333333,0.0,0.8181818181818182,0.5555555555555556,1.0
Australia,2023-11-16,20:10,WCQ,Second round,Thu,Home,W,7.0,0.0,Bangladesh,,20876.0,Mathew Ryan,4-2-3-1,4-3-1-2,Axrol Riskullayev,,False,27,1531.25,183,912.6,0,0,0,0,0,0,,,,,,,,,,618.65,1,,,,,,,,
Australia,2023-11-21,17:00,WCQ,Second round,Tue,Neutral,W,1.0,0.0,Palestine,,14537.0,Mathew Ryan,4-2-3-1,4-1-4-1,Qasim Matar Al Hatmi,,False,27,1531.25,96,1224.05,0,0,0,0,0,0,,,,,,,,,,307.20000000000005,1,5.0,3.0,3.0,7.0,0.0,1.0,,
Australia,2024-03-21,20:10,WCQ,Second round,Thu,Home,W,2.0,0.0,Lebanon,,27026.0,Mathew Ryan,4-2-2-2,5-4-1,Khamis Mohammed Al Marri,,False,23,1554.82,115,1168.07,0,0,0,0,0,0,,,,,,,,,,386.75,1,121.0,6.0,6.0,4.0,0.0,1.0,,1.0
Australia,2024-03-26,19:45,WCQ,Second round,Tue,Neutral,W,5.0,0.0,Lebanon,,25023.0,Mathew Ryan,3-1-4-2,5-4-1,Mooud Bonyadifard,,False,23,1554.82,115,1168.07,0,0,0,0,0,0,,,,,,,,,,386.75,1,5.0,9.0,9.0,3.333333333333333,0.0,1.0,,1.0
Australia,2024-06-06,16:45,WCQ,Second round,Thu,Away,W,2.0,0.0,Bangladesh,,5227.0,Jackson Irvine,4-1-4-1,5-3-2,Jansen Foo,,False,24,1563.93,184,905.3,0,0,0,0,0,0,,,,,,,,,,658.6300000000001,1,72.0,12.0,12.0,3.75,0.0,1.0,,1.0
Australia,2024-06-11,20:10,WCQ,Second round,Tue,Home,W,5.0,0.0,Palestine,,18261.0,Jackson Irvine,4-2-2-2,5-4-1,Khalid Saleh Al Turais,,False,24,1563.93,93,1238.66,0,0,0,0,0,0,,,,,,,,,,325.27,1,5.0,15.0,15.0,3.4,0.0,1.0,1.0,1.0
Australia,2024-09-05,20:10,WCQ,Third round,Thu,Home,L,0.0,1.0,Bahrain,71.0,24644.0,Mathew Ryan,4-1-4-1,4-2-3-1,Omar Mohamed Al Ali,,False,24,1571.29,80,1302.86,0,0,0,0,0,0,,,,,,,,,,268.43000000000006,1,86.0,15.0,18.0,3.0,0.0,1.0,1.0,1.0
Australia,2024-09-10,19:00,WCQ,Third round,Tue,Away,D,0.0,0.0,Indonesia,63.0,70059.0,Mathew Ryan,4-2-2-2,5-4-1,Salman Ahmad Falahi,,False,24,1571.29,133,1108.73,0,0,0,0,0,0,,,,,,,,,,462.55999999999995,1,5.0,12.0,18.0,2.8,0.2,0.75,1.0,1.0
Australia,2024-10-10,19:40,WCQ,Third round,Thu,Home,W,3.0,1.0,China PR,73.0,46291.0,Jackson Irvine,3-4-3,4-2-2-2,Nazmi Nasaruddin,,False,25,1544.3,91,1253.77,0,0,0,0,0,0,,,,,,,,,,290.53,1,30.0,10.0,19.0,2.4,0.2,0.75,0.5,1.0
Australia,2024-10-15,19:35,WCQ,Third round,Tue,Away,D,1.0,1.0,Japan,35.0,58730.0,Jackson Irvine,5-4-1,3-4-3,Ahmad Al Ali,,False,25,1544.3,16,1639.6,2,1,1,0,3,2,,,,,,,,,,-95.29999999999995,0,5.0,10.0,22.0,2.0,0.4,0.8,0.5,1.0
Australia,2024-11-14,20:10,WCQ,Third round,Thu,Home,D,0.0,0.0,Saudi Arabia,42.0,27491.0,Jackson Irvine,5-4-1,4-1-4-1,Adel Ali Al Naqbi,,False,25,1544.3,56,1433.16,0,0,0,0,0,0,,,,,,,,,,111.13999999999987,1,30.0,8.0,23.0,1.8,0.6,0.8,0.3333333333333333,1.0
Australia,2024-11-19,21:15,WCQ,Third round,Tue,Away,D,2.0,2.0,Bahrain,59.0,6873.0,Mathew Ryan,3-4-3,4-2-3-1,Ko Hyungjin,,False,25,1544.3,76,1315.49,0,0,0,0,0,0,,,,,,,,,,228.80999999999995,1,5.0,6.0,21.0,0.8,0.6,0.6666666666666666,0.3333333333333333,1.0
Australia,2025-03-20,20:10,WCQ,Third round,Thu,Home,W,5.0,1.0,Indonesia,40.0,35241.0,Mathew Ryan,3-4-3,5-4-1,Adham Makhadmeh,,False,25,1544.3,129,1124.17,0,0,0,0,0,0,,,,,,,,,,420.1299999999999,1,121.0,7.0,19.0,1.2,0.8,0.6666666666666666,0.25,1.0
Australia,2025-03-25,19:00,WCQ,Third round,Tue,Away,W,2.0,0.0,China PR,51.0,70588.0,Mathew Ryan,3-4-3,4-3-1-2,Mooud Bonyadifard,,False,25,1544.3,91,1253.77,0,0,0,0,0,0,,,,,,,,,,290.53,1,5.0,9.0,19.0,2.2,1.0,0.7142857142857143,0.25,1.0
Australia,2025-06-05,21:10,WCQ,Third round,Thu,Home,W,1.0,0.0,Japan,31.0,57226.0,Mathew Ryan,3-4-3,3-4-3,Qasim Matar Al Hatmi,,False,25,1544.3,16,1639.6,2,1,1,0,3,2,,,,,,,,,,-95.29999999999995,0,72.0,9.0,19.0,2.0,0.8,0.7142857142857143,0.4,1.0
Australia,2025-06-10,21:15,WCQ,Third round,Tue,Away,W,2.0,1.0,Saudi Arabia,30.0,24620.0,Mathew Ryan,3-4-3,4-1-4-1,Abdulrahman Ibrahim Al Jassim,,False,25,1544.3,56,1433.16,0,0,0,0,0,0,,,,,,,,,,111.13999999999987,1,5.0,11.0,19.0,2.0,0.6,0.75,0.4,1.0
Australia,2026-05-30,19:00,Friendlies (M),Friendlies (M),Sat,Neutral,L,0.0,1.0,Mexico,,78479.0,Mathew Ryan,3-4-3,4-1-4-1,Rubiel Vázquez,,False,25,1544.3,17,1635.66,0,0,0,0,0,0,,,,,,,,,,-91.36000000000013,0,354.0,13.0,19.0,2.4,0.8,0.75,0.5,1.0
Australia,2026-06-06,12:00,Friendlies (M),Friendlies (M),Sat,Neutral,D,1.0,1.0,Switzerland,,6500.0,Harry Souttar,5-4-1,4-2-2-2,Katja Koroleva,,False,25,1544.3,15,1641.0,0,0,0,0,0,0,,,,,,,,,,-96.70000000000005,0,7.0,12.0,19.0,2.0,0.6,0.75,0.5,0.6666666666666666
Australia,2026-06-13,21:00,World Cup,Group stage,Sat,Neutral,W,2.0,0.0,Türkiye,28.0,52497.0,Harry Souttar,5-4-1,4-2-3-1,Jesús Valenzuela,,False,25,1544.3,26,1538.52,0,0,0,0,0,0,,,,,,,,,,5.779999999999973,1,7.0,10.0,19.0,1.2,0.6,0.75,0.5,0.5
Australia,2026-06-19,12:00,World Cup,Group stage,Fri,Neutral,,,,USA,,,,,,,,True,25,1544.3,18,1632.19,2,0,2,0,2,7,,,,,,,,,,-87.8900000000001,0,6.0,10.0,19.0,1.2,0.6,0.75,0.5,0.6
Australia,2026-06-25,19:00,World Cup,Group stage,Thu,Neutral,,,,Paraguay,,,,,,,,True,25,1544.3,57,1423.98,0,0,0,0,0,0,,,,,,,,,,120.31999999999994,1,6.0,7.0,18.0,1.25,0.75,0.75,0.5,0.6
Austria,2025-06-07,20:45,WCQ,First round,Sat,Home,W,2.0,1.0,Romania,60.0,48500.0,Marcel Sabitzer,4-2-3-1,4-4-2,Maurizio Mariani,,False,22,1580.37,45,1481.4,0,0,0,0,0,0,,,,,,,,,,98.9699999999998,1,,,,,,,,
Austria,2025-06-10,20:45,WCQ,First round,Tue,Away,W,4.0,0.0,San Marino,67.0,3075.0,Marko Arnautović,4-2-3-1,4-3-3,Ondřej Berka,,False,22,1580.37,210,746.05,0,0,0,0,0,0,,,,,,,,,,834.3199999999999,1,3.0,3.0,3.0,2.0,1.0,1.0,,
Austria,2025-09-06,20:45,WCQ,First round,Sat,Home,W,1.0,0.0,Cyprus,71.0,16300.0,David Alaba,4-2-3-1,4-3-2-1,Jakob Kehlet,,False,22,1580.37,123,1137.06,0,0,0,0,0,0,,,,,,,,,,443.30999999999995,1,88.0,6.0,6.0,3.0,0.5,1.0,1.0,
Austria,2025-09-09,20:45,WCQ,First round,Tue,Away,W,2.0,1.0,Bosnia and Herzegovina,58.0,11700.0,David Alaba,4-2-3-1,4-3-3,Jesús Gil,,False,22,1580.37,75,1332.39,0,0,0,0,0,0,,,,,,,,,,247.9799999999998,1,3.0,9.0,9.0,2.333333333333333,0.3333333333333333,1.0,1.0,
Austria,2025-10-09,20:45,WCQ,First round,Thu,Home,W,10.0,0.0,San Marino,71.0,37500.0,David Alaba,4-2-3-1,4-5-1,Igal Frid,,False,22,1580.37,210,746.05,0,0,0,0,0,0,,,,,,,,,,834.3199999999999,1,30.0,12.0,12.0,2.25,0.5,1.0,1.0,
Austria,2025-10-12,21:45,WCQ,First round,Sun,Away,L,0.0,1.0,Romania,54.0,39581.0,David Alaba,4-2-3-1,4-3-3,Davide Massa,,False,22,1580.37,45,1481.4,0,0,0,0,0,0,,,,,,,,,,98.9699999999998,1,3.0,15.0,15.0,3.8,0.4,1.0,1.0,
Austria,2025-11-15,19:00,WCQ,First round,Sat,Away,W,2.0,0.0,Cyprus,63.0,6012.0,Marko Arnautović,4-2-3-1,4-1-4-1,Urs Schnyder,,False,22,1580.37,123,1137.06,0,0,0,0,0,0,,,,,,,,,,443.30999999999995,1,34.0,12.0,15.0,3.4,0.4,1.0,0.6666666666666666,
Austria,2025-11-18,20:45,WCQ,First round,Tue,Home,D,1.0,1.0,Bosnia and Herzegovina,70.0,48000.0,Marko Arnautović,4-2-3-1,4-4-2,João Pinheiro,,False,22,1580.37,75,1332.39,0,0,0,0,0,0,,,,,,,,,,247.9799999999998,1,3.0,12.0,18.0,3.0,0.4,1.0,0.75,
Austria,2026-03-27,18:00,Friendlies (M),Friendlies (M),Fri,Home,W,5.0,1.0,Ghana,,40200.0,Marcel Sabitzer,4-2-3-1,4-2-3-1,Mohammed Khaled Al Hoish,,False,22,1580.37,70,1360.43,0,0,0,0,0,0,,,,,,,,,,219.93999999999983,1,129.0,10.0,19.0,3.0,0.6,0.75,0.75,
Austria,2026-03-31,20:45,Friendlies (M),Friendlies (M),Tue,Home,W,1.0,0.0,Korea Republic,,35300.0,Marko Arnautović,4-2-3-1,3-4-3,Sander van der Eijk,,False,22,1580.37,23,1572.61,0,0,0,0,0,0,,,,,,,,,,7.759999999999991,1,4.0,10.0,22.0,3.6,0.6,0.8,0.75,
Austria,2026-06-01,20:45,Friendlies (M),Friendlies (M),Mon,Home,W,1.0,0.0,Tunisia,,35100.0,David Alaba,4-2-3-1,4-2-3-1,Jérémie Pignard,,False,22,1580.37,36,1504.86,0,0,0,0,0,0,,,,,,,,,,75.50999999999999,1,62.0,10.0,25.0,1.8,0.6,0.8333333333333334,0.75,
Austria,2026-06-16,21:00,World Cup,Group stage,Tue,Neutral,,,,Jordan,,,,,,,,True,22,1580.37,68,1377.52,0,0,0,0,0,0,,,,,,,,,,202.8499999999999,1,15.0,13.0,25.0,2.0,0.4,0.8571428571428571,0.75,
Austria,2026-06-22,12:00,World Cup,Group stage,Mon,Neutral,,,,Argentina,,,,,,,,True,22,1580.37,1,1889.02,0,0,0,0,0,0,,,,,,,,,,-308.6500000000001,0,6.0,10.0,22.0,2.0,0.5,0.8571428571428571,0.75,
Austria,2026-06-27,21:00,World Cup,Group stage,Sat,Neutral,,,,Algeria,,,,,,,,True,22,1580.37,41,1486.03,1,1,0,0,2,0,,,,,,,,,,94.33999999999992,1,5.0,9.0,19.0,2.333333333333333,0.3333333333333333,0.8571428571428571,0.75,
Belgium,2025-06-06,20:45,WCQ,First round,Fri,Away,D,1.0,1.0,N. Macedonia,68.0,23070.0,Thomas Meunier,4-3-3,4-2-3-1,Chris Kavanagh,,False,6,1768.14,72,1351.18,0,0,0,0,0,0,,,,,,,,,,416.96000000000004,1,,,,,,,,
Belgium,2025-06-09,20:45,WCQ,First round,Mon,Home,W,4.0,3.0,wls Wales,46.0,33653.0,Youri Tielemans,4-2-3-1,5-4-1,Irfan Peljto,,False,6,1768.14,29,1526.53,0,0,0,0,0,0,,,,,,,,,,241.61000000000013,1,3.0,1.0,1.0,1.0,1.0,,0.0,
Belgium,2025-09-04,20:45,WCQ,First round,Thu,Away,W,6.0,0.0,Liechtenstein,82.0,3158.0,Youri Tielemans,4-2-3-1,3-5-2,Morten Krogh,,False,6,1768.14,203,827.19,0,0,0,0,0,0,,,,,,,,,,940.95,1,87.0,4.0,4.0,2.5,2.0,1.0,0.0,
Belgium,2025-09-07,20:45,WCQ,First round,Sun,Home,W,6.0,0.0,Kazakhstan,75.0,15119.0,Youri Tielemans,4-2-3-1,3-4-3,Radu Petrescu,,False,6,1768.14,109,1193.21,0,0,0,0,0,0,,,,,,,,,,574.9300000000001,1,3.0,7.0,7.0,3.6666666666666665,1.3333333333333333,1.0,0.5,
Belgium,2025-10-10,20:45,WCQ,First round,Fri,Home,D,0.0,0.0,N. Macedonia,78.0,18583.0,Kevin De Bruyne,4-1-4-1,5-3-2,Halil Umut Meler,,False,6,1768.14,72,1351.18,0,0,0,0,0,0,,,,,,,,,,416.96000000000004,1,33.0,10.0,10.0,4.25,1.0,1.0,0.5,
Belgium,2025-10-13,19:45,WCQ,First round,Mon,Away,W,4.0,2.0,wls Wales,38.0,32803.0,Kevin De Bruyne,4-2-3-1,4-2-3-1,Daniel Siebert,,False,6,1768.14,29,1526.53,0,0,0,0,0,0,,,,,,,,,,241.61000000000013,1,3.0,11.0,11.0,3.4,0.8,0.6666666666666666,0.5,
Belgium,2025-11-15,19:00,WCQ,First round,Sat,Away,D,1.0,1.0,Kazakhstan,77.0,28012.0,Hans Vanaken,4-2-3-1,4-2-3-1,Donatas Rumšas,,False,6,1768.14,109,1193.21,0,0,0,0,0,0,,,,,,,,,,574.9300000000001,1,33.0,13.0,14.0,4.0,1.0,0.6666666666666666,0.6666666666666666,
Belgium,2025-11-18,20:45,WCQ,First round,Tue,Home,W,7.0,0.0,Liechtenstein,81.0,26253.0,Youri Tielemans,4-3-3,3-5-2,Mohammed Al Hakim,,False,6,1768.14,203,827.19,0,0,0,0,0,0,,,,,,,,,,940.95,1,3.0,11.0,15.0,3.4,0.6,0.6666666666666666,0.5,
Belgium,2026-03-28,15:37,Friendlies (M),Friendlies (M),Sat,Away,W,5.0,2.0,USA,,66867.0,Kevin De Bruyne,4-2-3-1,4-2-3-1,Esteban Ostojich,,False,6,1768.14,18,1632.19,2,1,1,0,2,4,,,,,,,,,,135.95000000000005,1,130.0,11.0,18.0,3.6,0.6,0.75,0.5,
Belgium,2026-03-31,20:00,Friendlies (M),Friendlies (M),Tue,Neutral,D,1.0,1.0,Mexico,,52412.0,Youri Tielemans,4-2-3-1,4-2-3-1,Rosendo Mendoza,,False,6,1768.14,17,1635.66,3,0,2,1,3,5,,,,,,,,,,132.48000000000002,1,3.0,11.0,21.0,3.4,1.0,0.75,0.6,
Belgium,2026-06-02,18:00,Friendlies (M),Friendlies (M),Tue,Away,W,2.0,0.0,Croatia,,7555.0,Youri Tielemans,3-4-3,3-4-3,Rade Obrenović,,False,6,1768.14,12,1699.6,1,0,0,1,0,0,,,,,,,,,,68.54000000000019,1,63.0,11.0,22.0,3.6,1.2,0.75,0.6,0.0
Belgium,2026-06-06,15:00,Friendlies (M),Friendlies (M),Sat,Home,W,5.0,0.0,Tunisia,,40236.0,Youri Tielemans,4-2-3-1,4-1-4-1,Tasos Sidiropoulos,,False,6,1768.14,36,1504.86,2,1,0,1,6,3,,,,,,,,,,263.2800000000002,1,4.0,11.0,24.0,3.2,0.8,0.75,0.6666666666666666,0.0
Belgium,2026-06-15,12:00,World Cup,Group stage,Mon,Neutral,,,,Egypt,,,,,,,,True,6,1768.14,31,1515.64,0,0,0,0,0,0,,,,,,,,,,252.5,1,9.0,13.0,24.0,4.0,0.6,0.8,0.6666666666666666,0.0
Belgium,2026-06-21,12:00,World Cup,Group stage,Sun,Neutral,,,,IR Iran,,,,,,,,True,6,1768.14,19,1622.92,0,0,0,0,0,0,,,,,,,,,,145.22000000000003,1,6.0,10.0,21.0,3.25,0.75,0.8,0.6666666666666666,0.0
Belgium,2026-06-26,20:00,World Cup,Group stage,Fri,Neutral,,,,New Zealand,,,,,,,,True,6,1768.14,103,1199.04,0,0,0,0,0,0,,,,,,,,,,569.1000000000001,1,5.0,7.0,18.0,2.6666666666666665,0.3333333333333333,0.8,0.6666666666666666,0.0
Bosnia and Herzegovina,2025-03-21,21:45,WCQ,First round,Fri,Away,W,1.0,0.0,Romania,34.0,49413.0,Edin Džeko,4-3-3,4-3-3,Danny Makkelie,,False,75,1332.39,45,1481.4,0,0,0,0,0,0,,,,,,,,,,-149.01,0,,,,,,,,
Bosnia and Herzegovina,2025-03-24,20:45,WCQ,First round,Mon,Home,W,2.0,1.0,Cyprus,56.0,7464.0,Sead Kolašinac,4-3-3,4-5-1,Rohit Saggi,,False,75,1332.39,123,1137.06,0,0,0,0,0,0,,,,,,,,,,195.33000000000015,1,3.0,3.0,3.0,1.0,0.0,,1.0,
Bosnia and Herzegovina,2025-06-07,15:00,WCQ,First round,Sat,Home,W,1.0,0.0,San Marino,67.0,11828.0,Ermedin Demirović,4-3-3,4-3-3,Luís Godinho,,False,75,1332.39,210,746.05,0,0,0,0,0,0,,,,,,,,,,586.3400000000001,1,75.0,6.0,6.0,1.5,0.5,1.0,1.0,
Bosnia and Herzegovina,2025-09-06,20:45,WCQ,First round,Sat,Away,W,6.0,0.0,San Marino,73.0,2740.0,Edin Džeko,4-3-3,4-3-2-1,Enea Jorgji,,False,75,1332.39,210,746.05,0,0,0,0,0,0,,,,,,,,,,586.3400000000001,1,91.0,9.0,9.0,1.3333333333333333,0.3333333333333333,1.0,1.0,
Bosnia and Herzegovina,2025-09-09,20:45,WCQ,First round,Tue,Home,L,1.0,2.0,Austria,42.0,11700.0,Edin Džeko,4-3-3,4-2-3-1,Jesús Gil,,False,75,1332.39,22,1580.37,0,0,0,0,0,0,,,,,,,,,,-247.9799999999998,0,3.0,12.0,12.0,2.5,0.25,1.0,1.0,
Bosnia and Herzegovina,2025-10-09,21:45,WCQ,First round,Thu,Away,D,2.0,2.0,Cyprus,35.0,2355.0,Edin Džeko,4-3-3,4-3-3,Lawrence Visser,,False,75,1332.39,123,1137.06,0,0,0,0,0,0,,,,,,,,,,195.33000000000015,1,30.0,12.0,12.0,2.2,0.6,0.6666666666666666,1.0,
Bosnia and Herzegovina,2025-11-15,20:45,WCQ,First round,Sat,Home,W,3.0,1.0,Romania,59.0,11459.0,Edin Džeko,4-2-3-1,4-3-3,Michael Oliver,,False,75,1332.39,45,1481.4,0,0,0,0,0,0,,,,,,,,,,-149.01,0,37.0,10.0,13.0,2.4,1.0,0.6666666666666666,0.6666666666666666,
Bosnia and Herzegovina,2025-11-18,20:45,WCQ,First round,Tue,Away,D,1.0,1.0,Austria,30.0,48000.0,Edin Džeko,4-4-2,4-2-3-1,João Pinheiro,,False,75,1332.39,22,1580.37,0,0,0,0,0,0,,,,,,,,,,-247.9799999999998,0,3.0,10.0,16.0,2.6,1.0,0.75,0.6666666666666666,
Bosnia and Herzegovina,2026-03-26,19:45,WCQ,Second round — Semi-finals,Thu,Neutral,D,1.0,1.0,wls Wales,38.0,32487.0,Edin Džeko,4-4-2,4-1-4-1,István Kovács,Bosnia-Herzegovina won on penalty kicks following extra time,False,75,1332.39,29,1526.53,0,0,0,0,0,0,,,,,,,,,,-194.13999999999987,0,128.0,8.0,17.0,2.6,1.2,0.75,0.5,
Bosnia and Herzegovina,2026-03-31,20:45,WCQ,Second round — Finals,Tue,Home,D,1.0,1.0,Italy,65.0,9500.0,Edin Džeko,4-4-2,3-5-2,Clément Turpin,Bosnia-Herzegovina won on penalty kicks following extra time,False,75,1332.39,10,1726.31,0,0,0,0,0,0,,,,,,,,,,-393.91999999999985,0,5.0,6.0,18.0,1.6,1.4,0.75,0.5,0.0
Bosnia and Herzegovina,2026-05-29,20:30,Friendlies (M),Friendlies (M),Fri,Home,D,0.0,0.0,N. Macedonia,,28961.0,Amar Dedić,4-2-2-2,5-4-1,Rade Obrenović,,False,75,1332.39,72,1351.18,0,0,0,0,0,0,,,,,,,,,,-18.789999999999964,0,59.0,7.0,19.0,1.6,1.2,0.6,0.5,0.0
Bosnia and Herzegovina,2026-06-06,14:00,Friendlies (M),Friendlies (M),Sat,Neutral,D,1.0,1.0,Panama,,,Ermedin Demirović,4-2-2-2,5-4-1,Luis Enrique Santander,,False,75,1332.39,37,1502.55,0,0,0,0,0,0,,,,,,,,,,-170.15999999999985,0,8.0,7.0,17.0,1.2,0.8,0.5,0.5,0.0
Bosnia and Herzegovina,2026-06-12,15:00,World Cup,Group stage,Fri,Neutral,D,1.0,1.0,Canada,39.0,43002.0,Sead Kolašinac,4-2-2-2,4-2-2-2,Facundo Tello,,False,75,1332.39,38,1502.31,0,0,0,0,0,0,,,,,,,,,,-169.91999999999985,0,6.0,5.0,15.0,0.8,0.8,0.5,0.5,0.0
Bosnia and Herzegovina,2026-06-18,12:00,World Cup,Group stage,Thu,Neutral,,,,Switzerland,,,,,,,,True,75,1332.39,15,1641.0,0,0,0,0,0,0,,,,,,,,,,-308.6099999999999,0,6.0,5.0,13.0,0.8,0.8,0.5,0.5,0.0
Bosnia and Herzegovina,2026-06-24,12:00,World Cup,Group stage,Wed,Neutral,,,,Qatar,,,,,,,,True,75,1332.39,44,1481.69,0,0,0,0,0,0,,,,,,,,,,-149.29999999999995,0,6.0,4.0,10.0,0.75,0.75,0.5,0.5,0.0
Brazil,2023-09-08,21:45,WCQ,World Cup qualification,Fri,Home,W,5.0,1.0,Bolivia,80.0,48183.0,Casemiro,4-2-3-1,5-4-1,Juan Gabriel Benítez,,False,3,1828.27,83,1295.09,1,1,0,0,4,0,,,,,,,,,,533.1800000000001,1,,,,,,,,
Brazil,2023-09-12,21:00,WCQ,World Cup qualification,Tue,Away,W,1.0,0.0,Peru,62.0,36328.0,Casemiro,4-2-3-1,4-4-2,Fernando Rapallini,,False,3,1828.27,21,1561.2,2,2,0,0,7,2,,,,,,,,,,267.06999999999994,1,4.0,3.0,3.0,5.0,1.0,1.0,,
Brazil,2023-10-12,20:30,WCQ,World Cup qualification,Thu,Home,D,1.0,1.0,Venezuela,70.0,39018.0,Casemiro,4-2-3-1,4-4-2,Kevin Ortega,,False,3,1837.61,53,1422.83,0,0,0,0,0,0,,,,,,,,,,414.78,1,30.0,6.0,6.0,3.0,0.5,1.0,1.0,
Brazil,2023-10-17,21:00,WCQ,World Cup qualification,Tue,Away,L,0.0,2.0,Uruguay,61.0,52477.0,Casemiro,4-2-3-1,4-2-3-1,Alexis Herrera,,False,3,1837.61,17,1626.51,2,1,1,0,4,3,,,,,,,,,,211.0999999999999,1,5.0,7.0,7.0,2.333333333333333,0.6666666666666666,0.5,1.0,
Brazil,2023-11-16,19:00,WCQ,World Cup qualification,Thu,Away,L,1.0,2.0,Colombia,60.0,,Marquinhos,4-4-2,4-2-3-1,Andrés Matonte,,False,3,1812.2,17,1626.6,1,1,0,0,2,1,,,,,,,,,,185.60000000000014,1,30.0,7.0,7.0,1.75,1.0,0.5,0.5,
Brazil,2023-11-21,21:30,WCQ,World Cup qualification,Tue,Home,L,0.0,1.0,Argentina,50.0,,Marquinhos,4-2-3-1,4-4-2,Piero Maza,,False,3,1812.2,1,1861.29,4,2,1,1,5,3,,,,,,,,,,-49.08999999999992,0,5.0,7.0,7.0,1.6,1.2,0.5,0.3333333333333333,
Brazil,2024-09-06,22:00,WCQ,World Cup qualification,Fri,Home,W,1.0,0.0,Ecuador,57.0,,Danilo,4-2-3-1,3-5-2,Facundo Tello,,False,5,1785.61,27,1530.44,0,0,0,0,0,0,,,,,,,,,,255.16999999999985,1,290.0,4.0,7.0,0.6,1.2,0.3333333333333333,0.3333333333333333,
Brazil,2024-09-10,20:30,WCQ,World Cup qualification,Tue,Away,L,0.0,1.0,Paraguay,71.0,31962.0,Danilo,4-3-3,4-2-3-1,Andrés Matonte,,False,5,1785.61,62,1396.8,0,0,0,0,0,0,,,,,,,,,,388.80999999999995,1,4.0,4.0,10.0,0.6,1.2,0.5,0.3333333333333333,
Brazil,2024-10-10,21:00,WCQ,World Cup qualification,Thu,Away,W,2.0,1.0,Chile,72.0,,Danilo,4-2-3-1,4-2-3-1,Darío Herrera,,False,5,1772.02,49,1467.98,4,3,0,1,12,4,,,,,,,,,,304.03999999999996,1,30.0,3.0,10.0,0.4,1.2,0.5,0.25,
Brazil,2024-10-15,21:45,WCQ,World Cup qualification,Tue,Home,W,4.0,0.0,Peru,68.0,,Marquinhos,4-2-3-1,3-5-2,Esteban Ostojich,,False,5,1772.02,43,1483.2,2,2,0,0,7,2,,,,,,,,,,288.81999999999994,1,5.0,6.0,13.0,0.8,1.0,0.5,0.4,
Brazil,2024-11-14,17:00,WCQ,World Cup qualification,Thu,Away,D,1.0,1.0,Venezuela,67.0,32200.0,Marquinhos,4-2-3-1,4-2-3-1,Andrés Rojas,,False,5,1772.02,40,1488.56,0,0,0,0,0,0,,,,,,,,,,283.46000000000004,1,30.0,9.0,16.0,1.4,0.6,0.6,0.4,
Brazil,2024-11-19,21:45,WCQ,World Cup qualification,Tue,Home,D,1.0,1.0,Uruguay,62.0,,Danilo,4-2-2-2,4-3-3,Piero Maza,,False,5,1772.02,11,1701.34,2,1,1,0,4,3,,,,,,,,,,70.68000000000006,1,5.0,10.0,14.0,1.6,0.6,0.6,0.3333333333333333,
Brazil,2025-03-20,21:45,WCQ,World Cup qualification,Thu,Home,W,2.0,1.0,Colombia,52.0,70027.0,Marquinhos,4-4-2,4-2-3-1,Alexis Herrera,,False,5,1772.02,9,1738.72,1,1,0,0,2,1,,,,,,,,,,33.299999999999955,1,121.0,8.0,12.0,1.6,0.8,0.5,0.3333333333333333,
Brazil,2025-03-25,21:00,WCQ,World Cup qualification,Tue,Away,L,1.0,4.0,Argentina,44.0,,Marquinhos,4-2-3-1,4-1-3-2,Andrés Rojas,,False,5,1772.02,1,1889.02,4,2,1,1,5,3,,,,,,,,,,-117.0,0,5.0,11.0,14.0,2.0,0.8,0.5714285714285714,0.3333333333333333,
Brazil,2025-06-05,18:00,WCQ,World Cup qualification,Thu,Away,D,0.0,0.0,Ecuador,48.0,,Marquinhos,4-3-3,4-4-2,Piero Maza,,False,5,1772.02,27,1535.43,0,0,0,0,0,0,,,,,,,,,,236.58999999999992,1,72.0,8.0,14.0,1.8,1.4,0.5714285714285714,0.2857142857142857,
Brazil,2025-06-10,21:45,WCQ,World Cup qualification,Tue,Home,W,1.0,0.0,Paraguay,73.0,,Marquinhos,4-2-3-1,4-2-3-1,Facundo Tello,,False,5,1772.02,57,1423.98,0,0,0,0,0,0,,,,,,,,,,348.03999999999996,1,5.0,6.0,15.0,1.0,1.4,0.5714285714285714,0.25,
Brazil,2025-09-04,21:30,WCQ,World Cup qualification,Thu,Home,W,3.0,0.0,Chile,64.0,,Marquinhos,4-2-3-1,3-4-3,Alexis Herrera,,False,5,1772.02,49,1467.98,4,3,0,1,12,4,,,,,,,,,,304.03999999999996,1,86.0,8.0,18.0,1.0,1.2,0.625,0.25,
Brazil,2025-09-09,19:30,WCQ,World Cup qualification,Tue,Away,L,0.0,1.0,Bolivia,58.0,,Alisson,4-3-3,4-3-3,Cristián Garay,,False,5,1772.02,83,1293.76,1,1,0,0,4,0,,,,,,,,,,478.26,1,5.0,10.0,18.0,1.4,1.0,0.6666666666666666,0.25,
Brazil,2026-03-26,16:00,Friendlies (M),Friendlies (M),Thu,Neutral,L,1.0,2.0,France,,66215.0,Casemiro,4-2-2-2,4-2-3-1,Guido Gonzales Jr.,,False,5,1772.02,2,1851.92,6,1,3,2,8,10,,,,,,,,,,-79.90000000000009,0,198.0,7.0,18.0,1.0,1.0,0.6666666666666666,0.2222222222222222,
Brazil,2026-03-31,20:00,Friendlies (M),Friendlies (M),Tue,Neutral,W,3.0,1.0,Croatia,,46398.0,Marquinhos,4-2-2-2,3-4-3,Armando Villarreal,,False,5,1772.02,12,1699.6,3,2,0,1,5,2,,,,,,,,,,72.42000000000007,1,5.0,7.0,15.0,1.0,0.6,0.6666666666666666,0.2222222222222222,0.0
Brazil,2026-05-31,18:30,Friendlies (M),Friendlies (M),Sun,Home,W,6.0,2.0,Panama,,72140.0,Casemiro,4-2-3-1,5-4-1,Daniel Schlager,,False,5,1772.02,37,1502.55,0,0,0,0,0,0,,,,,,,,,,269.47,1,61.0,9.0,15.0,1.6,0.8,0.6666666666666666,0.2222222222222222,0.5
Brazil,2026-06-06,18:00,Friendlies (M),Friendlies (M),Sat,Neutral,W,2.0,1.0,Egypt,,64311.0,Marquinhos,4-2-2-2,4-2-3-1,Adonai Escobedo,,False,5,1772.02,31,1515.64,0,0,0,0,0,0,,,,,,,,,,256.3799999999999,1,6.0,9.0,17.0,2.6,1.2,0.7,0.2222222222222222,0.5
Brazil,2026-06-13,18:00,World Cup,Group stage,Sat,Neutral,D,1.0,1.0,Morocco,51.0,80663.0,Marquinhos,4-2-2-2,4-2-3-1,Slavko Vinčič,,False,5,1772.02,14,1676.14,1,1,0,0,3,0,,,,,,,,,,95.87999999999988,1,7.0,9.0,19.0,2.4,1.4,0.7,0.2222222222222222,0.6666666666666666
Brazil,2026-06-19,20:30,World Cup,Group stage,Fri,Neutral,,,,Haiti,,,,,,,,True,5,1772.02,86,1278.56,0,0,0,0,0,0,,,,,,,,,,493.46000000000004,1,6.0,10.0,17.0,2.6,1.4,0.7,0.2222222222222222,0.5
Brazil,2026-06-24,18:00,World Cup,Group stage,Wed,Neutral,,,,sct Scotland,,,,,,,,True,5,1772.02,52,1461.75,4,3,0,1,7,2,,,,,,,,,,310.27,1,5.0,10.0,17.0,3.0,1.25,0.7,0.2222222222222222,0.5
Canada,2026-03-28,13:20,Friendlies (M),Friendlies (M),Sat,Home,D,2.0,2.0,Iceland,,26328.0,Jonathan David,4-2-2-2,4-2-2-2,Jon Freemon,,False,38,1502.31,71,1355.75,0,0,0,0,0,0,,,,,,,,,,146.55999999999995,1,,,,,,,,
Canada,2026-03-31,21:00,Friendlies (M),Friendlies (M),Tue,Home,D,0.0,0.0,Tunisia,,22624.0,Jonathan David,4-2-2-2,4-2-3-1,Keylor Herrera,,False,38,1502.31,36,1504.86,0,0,0,0,0,0,,,,,,,,,,-2.5499999999999545,0,3.0,1.0,1.0,2.0,2.0,0.0,,
Canada,2026-06-01,19:00,Friendlies (M),Friendlies (M),Mon,Home,W,2.0,0.0,Uzbekistan,,46164.0,Stephen Eustáquio,4-2-2-2,5-4-1,Marco Antonio Ortíz,,False,38,1502.31,60,1413.06,0,0,0,0,0,0,,,,,,,,,,89.25,1,62.0,2.0,2.0,1.0,1.0,0.0,,
Canada,2026-06-05,19:30,Friendlies (M),Friendlies (M),Fri,Home,D,1.0,1.0,Rep. of Ireland,,19619.0,Stephen Eustáquio,4-2-2-2,3-4-3,Pablo Camacho,,False,38,1502.31,62,1394.63,0,0,0,0,0,0,,,,,,,,,,107.67999999999984,1,4.0,5.0,5.0,1.3333333333333333,0.6666666666666666,0.3333333333333333,,
Canada,2026-06-12,15:00,World Cup,Group stage,Fri,Neutral,D,1.0,1.0,Bosnia and Herzegovina,61.0,43002.0,Stephen Eustáquio,4-2-2-2,4-2-2-2,Facundo Tello,,False,38,1502.31,75,1332.39,0,0,0,0,0,0,,,,,,,,,,169.91999999999985,1,7.0,6.0,6.0,1.25,0.75,0.25,,
Canada,2026-06-18,15:00,World Cup,Group stage,Thu,Neutral,,,,Qatar,,,,,,,,True,38,1502.31,44,1481.69,0,0,0,0,0,0,,,,,,,,,,20.61999999999989,1,6.0,7.0,7.0,1.2,0.8,0.25,,0.0
Canada,2026-06-24,12:00,World Cup,Group stage,Wed,Neutral,,,,Switzerland,,,,,,,,True,38,1502.31,15,1641.0,1,1,0,0,1,0,,,,,,,,,,-138.69000000000005,0,6.0,6.0,7.0,1.0,0.5,0.25,,0.0
Cabo Verde,2023-11-16,18:00,WCQ,First round,Thu,Home,D,0.0,0.0,Angola,,,Ryan Mendes,4-1-4-1,3-3-2-2,Youcef Gamouh,,False,74,1326.93,116,1169.64,0,0,0,0,0,0,,,,,,,,,,157.28999999999996,1,,,,,,,,
Cabo Verde,2023-11-21,16:15,WCQ,First round,Tue,Neutral,W,2.0,0.0,Eswatini,,,Ryan Mendes,4-1-4-1,4-2-2-2,Sabri Mohamed Fadul,,False,74,1326.93,146,1063.13,0,0,0,0,0,0,,,,,,,,,,263.79999999999995,1,5.0,1.0,1.0,0.0,0.0,0.0,,
Cabo Verde,2024-06-08,14:00,WCQ,First round,Sat,Away,L,1.0,4.0,Cameroon,,,Ryan Mendes,4-2-3-1,4-1-4-1,Mustapha Ghorbal,,False,65,1383.44,51,1452.59,0,0,0,0,0,0,,,,,,,,,,-69.14999999999986,0,200.0,4.0,4.0,1.0,0.0,0.0,,1.0
Cabo Verde,2024-06-11,15:00,WCQ,First round,Tue,Home,W,1.0,0.0,Libya,,,Ryan Mendes,4-2-3-1,4-2-3-1,Kalilou Traoré,,False,65,1383.44,114,1166.71,0,0,0,0,0,0,,,,,,,,,,216.73000000000002,1,3.0,4.0,4.0,1.0,1.3333333333333333,0.0,0.0,1.0
Cabo Verde,2025-03-20,15:00,WCQ,First round,Thu,Home,W,1.0,0.0,Mauritius,,,Vozinha,4-1-4-1,4-2-2-2,Yannick Malala,,False,65,1379.17,178,927.57,0,0,0,0,0,0,,,,,,,,,,451.6,1,282.0,7.0,7.0,1.0,1.0,0.5,0.0,1.0
Cabo Verde,2025-03-25,17:00,WCQ,First round,Tue,Away,W,2.0,1.0,Angola,,,Ryan Mendes,4-2-3-1,4-1-4-1,Mustapha Ghorbal,,False,65,1379.17,85,1281.09,0,0,0,0,0,0,,,,,,,,,,98.08000000000015,1,5.0,10.0,10.0,1.0,0.8,0.6666666666666666,0.0,1.0
Cabo Verde,2025-09-04,20:00,WCQ,First round,Thu,Away,W,2.0,0.0,Mauritius,,,Vozinha,4-2-3-1,4-2-2-2,Mohamed Diraneh Guedi,,False,65,1379.17,178,927.57,0,0,0,0,0,0,,,,,,,,,,451.6,1,163.0,12.0,13.0,1.4,1.0,0.6666666666666666,0.5,1.0
Cabo Verde,2025-09-09,15:00,WCQ,First round,Tue,Home,W,1.0,0.0,Cameroon,,,Ryan Mendes,4-2-3-1,4-1-4-1,Daniel Nii Ayi Laryea,,False,65,1379.17,53,1458.51,0,0,0,0,0,0,,,,,,,,,,-79.33999999999992,0,5.0,12.0,16.0,1.4,1.0,0.6666666666666666,0.6666666666666666,1.0
Cabo Verde,2025-10-08,15:00,WCQ,First round,Wed,Away,D,3.0,3.0,Libya,,,Vozinha,4-1-4-1,3-5-2,Mahmood Ali Mahmood Ismail,,False,65,1379.17,121,1153.97,0,0,0,0,0,0,,,,,,,,,,225.20000000000005,1,29.0,15.0,19.0,1.4,0.2,0.75,0.6666666666666666,1.0
Cabo Verde,2025-10-13,15:00,WCQ,First round,Mon,Home,W,3.0,0.0,Eswatini,,,Ryan Mendes,4-2-3-1,4-2-2-2,Ahmed Arajiga,,False,65,1379.17,159,1012.17,0,0,0,0,0,0,,,,,,,,,,367.0000000000001,1,5.0,13.0,20.0,1.8,0.8,0.75,0.5,1.0
Cabo Verde,2026-05-31,16:00,Friendlies (M),Friendlies (M),Sun,Neutral,W,3.0,0.0,Serbia,,7500.0,Ryan Mendes,4-1-4-1,4-1-4-1,João António Gonçalves,,False,65,1379.17,35,1505.08,0,0,0,0,0,0,,,,,,,,,,-125.90999999999985,0,230.0,13.0,23.0,2.2,0.8,0.8,0.5,1.0
Cabo Verde,2026-06-06,16:00,Friendlies (M),Friendlies (M),Sat,Neutral,W,3.0,0.0,Bermuda,,,Ryan Mendes,4-2-3-1,4-2-2-2,,,False,65,1379.17,170,973.34,0,0,0,0,0,0,,,,,,,,,,405.83000000000004,1,6.0,13.0,25.0,2.4,0.6,0.8,0.5,1.0
Cabo Verde,2026-06-15,12:00,World Cup,Group stage,Mon,Neutral,,,,Spain,,,,,,,,True,65,1379.17,3,1836.42,0,0,0,0,0,0,,,,,,,,,,-457.25,0,9.0,13.0,25.0,2.6,0.6,0.8,0.5,1.0
Cabo Verde,2026-06-21,18:00,World Cup,Group stage,Sun,Neutral,,,,Uruguay,,,,,,,,True,65,1379.17,11,1701.34,0,0,0,0,0,0,,,,,,,,,,-322.16999999999985,0,6.0,10.0,25.0,3.0,0.75,0.8,0.5,1.0
Cabo Verde,2026-06-26,19:00,World Cup,Group stage,Fri,Neutral,,,,Saudi Arabia,,,,,,,,True,65,1379.17,56,1433.16,0,0,0,0,0,0,,,,,,,,,,-53.99000000000001,0,5.0,9.0,22.0,3.0,0.0,0.8,0.5,1.0
Colombia,2023-09-07,18:00,WCQ,World Cup qualification,Thu,Home,W,1.0,0.0,Venezuela,70.0,43084.0,Juan Cuadrado,4-3-3,4-3-3,Anderson Daronco,,False,17,1624.91,57,1417.23,0,0,0,0,0,0,,,,,,,,,,207.68000000000006,1,,,,,,,,
Colombia,2023-09-12,21:30,WCQ,World Cup qualification,Tue,Away,D,0.0,0.0,Chile,49.0,22153.0,Mateus Uribe,4-3-3,4-3-3,Jesús Valenzuela,,False,17,1624.91,32,1511.31,0,0,0,0,0,0,,,,,,,,,,113.60000000000014,1,5.0,3.0,3.0,1.0,0.0,1.0,,
Colombia,2023-10-12,15:30,WCQ,World Cup qualification,Thu,Home,D,2.0,2.0,Uruguay,49.0,43915.0,James Rodríguez,4-2-3-1,4-2-3-1,Piero Maza,,False,16,1629.6,17,1626.51,2,1,1,0,3,2,,,,,,,,,,3.089999999999918,1,30.0,4.0,4.0,0.5,0.0,1.0,0.0,
Colombia,2023-10-17,18:30,WCQ,World Cup qualification,Tue,Away,D,0.0,0.0,Ecuador,46.0,,James Rodríguez,4-2-3-1,3-5-2,Facundo Tello,,False,16,1629.6,38,1497.66,0,0,0,0,0,0,,,,,,,,,,131.93999999999983,1,5.0,5.0,5.0,1.0,0.6666666666666666,0.5,0.0,
Colombia,2023-11-16,19:00,WCQ,World Cup qualification,Thu,Home,W,2.0,1.0,Brazil,40.0,,James Rodríguez,4-2-3-1,4-4-2,Andrés Matonte,,False,17,1626.6,3,1812.2,1,0,1,0,1,2,,,,,,,,,,-185.60000000000014,0,30.0,6.0,6.0,0.75,0.5,0.5,0.0,
Colombia,2023-11-21,20:00,WCQ,World Cup qualification,Tue,Away,W,1.0,0.0,Paraguay,59.0,25298.0,James Rodríguez,4-2-3-1,4-2-2-2,Jesús Valenzuela,,False,17,1626.6,53,1436.96,0,0,0,0,0,0,,,,,,,,,,189.63999999999987,1,5.0,9.0,9.0,1.0,0.6,0.6666666666666666,0.0,
Colombia,2024-09-06,20:30,WCQ,World Cup qualification,Fri,Away,D,1.0,1.0,Peru,70.0,,Luis Díaz,4-3-3,3-5-2,Esteban Ostojich,,False,9,1727.32,42,1489.68,0,0,0,0,0,0,,,,,,,,,,237.63999999999987,1,290.0,9.0,12.0,1.0,0.6,0.6666666666666666,0.3333333333333333,
Colombia,2024-09-10,15:30,WCQ,World Cup qualification,Tue,Home,W,2.0,1.0,Argentina,47.0,,James Rodríguez,4-3-3,4-4-2,Piero Maza,,False,9,1727.32,1,1901.48,0,0,0,0,0,0,,,,,,,,,,-174.16000000000008,0,4.0,9.0,13.0,1.2,0.8,0.6666666666666666,0.25,
Colombia,2024-10-10,16:00,WCQ,World Cup qualification,Thu,Away,L,0.0,1.0,Bolivia,65.0,17191.0,James Rodríguez,4-2-3-1,4-3-3,Wilton Sampaio,,False,9,1738.72,83,1293.76,0,0,0,0,0,0,,,,,,,,,,444.96000000000004,1,30.0,11.0,16.0,1.2,0.6,0.75,0.25,
Colombia,2024-10-15,15:30,WCQ,World Cup qualification,Tue,Home,W,4.0,0.0,Chile,62.0,,James Rodríguez,4-3-3,4-2-3-1,Jesús Valenzuela,,False,9,1738.72,49,1467.98,0,0,0,0,0,0,,,,,,,,,,270.74,1,5.0,10.0,16.0,1.2,0.8,0.75,0.2,
Colombia,2024-11-15,21:00,WCQ,World Cup qualification,Fri,Away,L,2.0,3.0,Uruguay,55.0,,Luis Díaz,4-3-1-2,4-2-3-1,Kevin Ortega,,False,9,1738.72,11,1701.34,2,1,1,0,3,2,,,,,,,,,,37.38000000000011,1,31.0,10.0,19.0,1.6,0.6,0.8,0.2,
Colombia,2024-11-19,18:00,WCQ,World Cup qualification,Tue,Home,L,0.0,1.0,Ecuador,67.0,,James Rodríguez,4-4-2◆,4-5-1,Esteban Ostojich,,False,9,1738.72,27,1535.43,0,0,0,0,0,0,,,,,,,,,,203.28999999999996,1,4.0,7.0,16.0,1.8,1.2,0.8,0.1666666666666666,
Colombia,2025-03-20,21:45,WCQ,World Cup qualification,Thu,Away,L,1.0,2.0,Brazil,49.0,70027.0,James Rodríguez,4-2-3-1,4-4-2,Alexis Herrera,,False,9,1738.72,5,1772.02,1,0,1,0,1,2,,,,,,,,,,-33.299999999999955,0,121.0,6.0,15.0,1.6,1.2,0.6666666666666666,0.1666666666666666,
Colombia,2025-03-25,19:00,WCQ,World Cup qualification,Tue,Home,D,2.0,2.0,Paraguay,61.0,42262.0,James Rodríguez,4-2-3-1,4-2-3-1,Facundo Tello,,False,9,1738.72,57,1423.98,0,0,0,0,0,0,,,,,,,,,,314.74,1,5.0,3.0,14.0,1.4,1.4,0.6666666666666666,0.1428571428571428,
Colombia,2025-06-06,15:30,WCQ,World Cup qualification,Fri,Home,D,0.0,0.0,Peru,71.0,,James Rodríguez,4-2-3-1,4-2-3-1,Wilton Sampaio,,False,9,1738.72,43,1483.2,0,0,0,0,0,0,,,,,,,,,,255.51999999999998,1,73.0,4.0,14.0,1.8,1.6,0.5714285714285714,0.1428571428571428,
Colombia,2025-06-10,21:00,WCQ,World Cup qualification,Tue,Away,D,1.0,1.0,Argentina,36.0,,James Rodríguez,4-3-3,4-3-3,Juan Gabriel Benítez,,False,9,1738.72,1,1889.02,0,0,0,0,0,0,,,,,,,,,,-150.29999999999995,0,4.0,2.0,12.0,1.0,1.6,0.5,0.1428571428571428,
Colombia,2025-09-04,18:30,WCQ,World Cup qualification,Thu,Home,W,3.0,0.0,Bolivia,64.0,,James Rodríguez,4-2-3-1,4-3-3,Darío Herrera,,False,9,1738.72,83,1293.76,0,0,0,0,0,0,,,,,,,,,,444.96000000000004,1,86.0,3.0,10.0,0.8,1.2,0.5,0.125,
Colombia,2025-09-09,19:30,WCQ,World Cup qualification,Tue,Away,W,6.0,3.0,Venezuela,64.0,,James Rodríguez,4-3-3,4-4-2,Wilton Sampaio,,False,9,1738.72,40,1488.56,0,0,0,0,0,0,,,,,,,,,,250.16000000000008,1,5.0,6.0,12.0,1.4,1.0,0.5555555555555556,0.125,
Colombia,2026-03-26,19:30,Friendlies (M),Friendlies (M),Thu,Neutral,L,1.0,2.0,Croatia,,,James Rodríguez,4-2-3-1,3-4-3,Rubiel Vázquez,,False,9,1738.72,12,1699.6,0,0,0,0,0,0,,,,,,,,,,39.12000000000012,1,198.0,9.0,12.0,2.4,1.2,0.5555555555555556,0.2222222222222222,
Colombia,2026-03-29,15:00,Friendlies (M),Friendlies (M),Sun,Neutral,L,1.0,3.0,France,,60734.0,James Rodríguez,4-2-3-1,4-2-3-1,Víctor Rivas,,False,9,1738.72,2,1851.92,1,1,0,0,2,0,,,,,,,,,,-113.20000000000005,0,3.0,8.0,12.0,2.2,1.2,0.5555555555555556,0.2222222222222222,0.0
Colombia,2026-06-01,18:00,Friendlies (M),Friendlies (M),Mon,Home,W,3.0,1.0,Costa Rica,,,Luis Díaz,4-1-4-1,4-1-4-1,Guillermo Guerrero,,False,9,1738.72,50,1466.08,0,0,0,0,0,0,,,,,,,,,,272.6400000000001,1,64.0,7.0,9.0,2.4,1.8,0.5555555555555556,0.2222222222222222,0.0
Colombia,2026-06-07,16:00,Friendlies (M),Friendlies (M),Sun,Neutral,W,2.0,0.0,Jordan,,28831.0,James Rodríguez,4-1-4-1,5-4-1,Rafael López,,False,9,1738.72,68,1377.52,0,0,0,0,0,0,,,,,,,,,,361.20000000000005,1,6.0,9.0,12.0,2.8,1.8,0.6,0.2222222222222222,0.0
Colombia,2026-06-17,20:00,World Cup,Group stage,Wed,Neutral,,,,Uzbekistan,,,,,,,,True,9,1738.72,60,1413.06,0,0,0,0,0,0,,,,,,,,,,325.6600000000001,1,10.0,9.0,15.0,2.6,1.8,0.6,0.2222222222222222,0.3333333333333333
Colombia,2026-06-23,20:00,World Cup,Group stage,Tue,Neutral,,,,Congo DR,,,,,,,,True,9,1738.72,58,1416.91,0,0,0,0,0,0,,,,,,,,,,321.80999999999995,1,6.0,6.0,15.0,1.75,1.5,0.6,0.2222222222222222,0.3333333333333333
Colombia,2026-06-27,19:30,World Cup,Group stage,Sat,Neutral,,,,Portugal,,,,,,,,True,9,1738.72,8,1752.14,0,0,0,0,0,0,,,,,,,,,,-13.420000000000073,0,4.0,6.0,14.0,2.0,1.3333333333333333,0.6,0.2222222222222222,0.3333333333333333
Congo DR,2023-11-15,17:00,WCQ,First round,Wed,Home,W,2.0,0.0,Mauritania,,,Chancel Mbemba,4-2-3-1,4-2-2-2,Muhammad El Mabrouk,,False,65,1366.18,101,1208.99,0,0,0,0,0,0,,,,,,,,,,157.19000000000005,1,,,,,,,,
Congo DR,2023-11-19,18:00,WCQ,First round,Sun,Neutral,L,0.0,1.0,Sudan,,,Chancel Mbemba,4-2-3-1,4-1-4-1,Bamlak Tessema,,False,65,1366.18,130,1109.22,0,0,0,0,0,0,,,,,,,,,,256.96000000000004,1,4.0,3.0,3.0,2.0,0.0,1.0,,
Congo DR,2024-06-06,19:00,WCQ,First round,Thu,Away,D,1.0,1.0,Senegal,,,Chancel Mbemba,4-2-3-1,3-4-1-2,Mutaz Al Shalmani,,False,63,1388.25,17,1624.73,0,0,0,0,0,0,,,,,,,,,,-236.48000000000002,0,200.0,3.0,3.0,1.0,0.5,1.0,,0.0
Congo DR,2024-06-09,17:00,WCQ,First round,Sun,Home,W,1.0,0.0,Togo,,,Chancel Mbemba,4-2-3-1,3-4-1-2,Mehrez Melki,,False,63,1388.25,113,1170.34,0,0,0,0,0,0,,,,,,,,,,217.91000000000008,1,3.0,4.0,4.0,1.0,0.6666666666666666,1.0,0.0,0.0
Congo DR,2025-03-21,17:00,WCQ,First round,Fri,Home,W,1.0,0.0,South Sudan,,,Chancel Mbemba,4-2-2-2,4-2-2-2,Celso Alvação,,False,58,1416.91,172,967.83,0,0,0,0,0,0,,,,,,,,,,449.08000000000004,1,285.0,7.0,7.0,1.0,0.5,1.0,0.0,0.0
Congo DR,2025-03-25,21:00,WCQ,First round,Tue,Away,W,2.0,0.0,Mauritania,,,Chancel Mbemba,4-1-4-1,4-2-3-1,Athoumani Mohamed,,False,58,1416.91,112,1179.04,0,0,0,0,0,0,,,,,,,,,,237.87000000000012,1,4.0,10.0,10.0,1.0,0.4,1.0,0.0,0.0
Congo DR,2025-09-05,15:00,WCQ,First round,Fri,Away,W,4.0,1.0,South Sudan,,,Chancel Mbemba,4-1-4-1,5-2-1-2,Brighton Chimene,,False,58,1416.91,172,967.83,0,0,0,0,0,0,,,,,,,,,,449.08000000000004,1,164.0,10.0,13.0,1.0,0.4,1.0,0.5,0.0
Congo DR,2025-09-09,17:00,WCQ,First round,Tue,Home,L,2.0,3.0,Senegal,,,Chancel Mbemba,4-1-4-1,4-1-4-1,Cumar Cabdiqaadir Cartan,,False,58,1416.91,21,1620.87,0,0,0,0,0,0,,,,,,,,,,-203.9599999999998,0,4.0,13.0,16.0,1.8,0.4,1.0,0.6666666666666666,0.0
Congo DR,2025-10-10,13:00,WCQ,First round,Fri,Away,W,1.0,0.0,Togo,,,Chancel Mbemba,3-4-1-2,3-4-3,Lenine Rocha,,False,58,1416.91,119,1158.81,0,0,0,0,0,0,,,,,,,,,,258.10000000000014,1,31.0,12.0,16.0,2.0,0.8,0.75,0.6666666666666666,0.0
Congo DR,2025-10-14,20:00,WCQ,First round,Tue,Home,W,1.0,0.0,Sudan,,,Chancel Mbemba,4-2-3-1,4-1-4-1,Abongile Tom,,False,58,1416.91,120,1154.5,0,0,0,0,0,0,,,,,,,,,,262.4100000000001,1,4.0,12.0,19.0,2.0,0.8,0.75,0.75,0.0
Congo DR,2025-11-13,20:00,WCQ,Second round — Semi-finals,Thu,Neutral,W,1.0,0.0,Cameroon,,,Chancel Mbemba,4-1-4-1,3-4-3,Mahmood Ismail Chantir,,False,58,1416.91,53,1458.51,0,0,0,0,0,0,,,,,,,,,,-41.59999999999991,0,30.0,12.0,22.0,2.0,0.8,0.8,0.75,0.0
Congo DR,2025-11-16,20:00,WCQ,Second round — Final,Sun,Neutral,D,1.0,1.0,Nigeria,,,Chancel Mbemba,4-1-4-1,4-3-2-1,Jalal Jiyed,Congo DR won on penalty kicks following extra time,False,58,1416.91,39,1498.02,0,0,0,0,0,0,,,,,,,,,,-81.1099999999999,0,3.0,12.0,22.0,1.8,0.8,0.8,0.75,0.5
Congo DR,2026-03-25,15:00,Friendlies (M),Friendlies (M),Wed,Neutral,W,2.0,0.0,Bermuda,,,,,,Daniel Quintero,,False,58,1416.91,170,973.34,0,0,0,0,0,0,,,,,,,,,,443.57000000000005,1,129.0,10.0,23.0,1.2,0.8,0.8,0.75,0.3333333333333333
Congo DR,2026-03-31,15:00,WCQ Play-offs,WCQ — Inter-confederation play-offs finals (M),Tue,Neutral,W,1.0,0.0,Jamaica,,39983.0,Chancel Mbemba,4-2-2-2,4-2-3-1,Facundo Tello,Required Extra Time,False,58,1416.91,61,1402.95,0,0,0,0,0,0,,,,,,,,,,13.960000000000036,1,6.0,13.0,25.0,1.2,0.2,0.8,0.75,0.5
Congo DR,2026-06-03,20:00,Friendlies (M),Friendlies (M),Wed,Neutral,D,0.0,0.0,Denmark,,23043.0,Chancel Mbemba,3-5-2,4-1-4-1,Lothar D'Hondt,,False,58,1416.91,20,1621.7,0,0,0,0,0,0,,,,,,,,,,-204.78999999999996,0,64.0,13.0,25.0,1.2,0.2,0.8,0.75,0.6
Congo DR,2026-06-09,18:00,Friendlies (M),Friendlies (M),Tue,Neutral,L,1.0,2.0,Chile,,,Chancel Mbemba,4-2-3-1,4-2-3-1,Mehrez Melki,,False,58,1416.91,49,1467.98,0,0,0,0,0,0,,,,,,,,,,-51.069999999999936,0,6.0,11.0,23.0,1.0,0.2,0.8,0.75,0.5
Congo DR,2026-06-17,12:00,World Cup,Group stage,Wed,Neutral,,,,Portugal,,,,,,,,True,58,1416.91,8,1752.14,0,0,0,0,0,0,,,,,,,,,,-335.23,0,8.0,8.0,20.0,1.0,0.6,0.8,0.75,0.4285714285714285
Congo DR,2026-06-23,20:00,World Cup,Group stage,Tue,Neutral,,,,Colombia,,,,,,,,True,58,1416.91,9,1738.72,0,0,0,0,0,0,,,,,,,,,,-321.80999999999995,0,6.0,7.0,17.0,1.0,0.5,0.8,0.75,0.4285714285714285
Congo DR,2026-06-27,19:30,World Cup,Group stage,Sat,Neutral,,,,Uzbekistan,,,,,,,,True,58,1416.91,60,1413.06,0,0,0,0,0,0,,,,,,,,,,3.8500000000001364,1,4.0,4.0,17.0,0.6666666666666666,0.6666666666666666,0.8,0.75,0.4285714285714285
Croatia,2025-06-06,19:45,WCQ,First round,Fri,Away,W,7.0,0.0,Gibraltar,69.0,1516.0,Ivan Perišić,4-2-3-1,4-3-3,Georgi Kabakov,,False,12,1699.6,198,842.4,0,0,0,0,0,0,,,,,,,,,,857.1999999999999,1,,,,,,,,
Croatia,2025-06-09,20:45,WCQ,First round,Mon,Home,W,5.0,1.0,Czechia,61.0,12207.0,Luka Modrić,4-2-3-1,3-4-3,Jesús Gil,,False,12,1699.6,46,1473.19,0,0,0,0,0,0,,,,,,,,,,226.40999999999985,1,3.0,3.0,3.0,7.0,0.0,,1.0,
Croatia,2025-09-05,19:45,WCQ,First round,Fri,Away,W,1.0,0.0,Faroe Islands,74.0,4632.0,Andrej Kramarić,2-4-3-1,3-4-3,Kristo Tohver,,False,12,1699.6,140,1089.51,0,0,0,0,0,0,,,,,,,,,,610.0899999999999,1,88.0,6.0,6.0,6.0,0.5,1.0,1.0,
Croatia,2025-09-08,20:45,WCQ,First round,Mon,Home,W,4.0,0.0,Montenegro,75.0,21209.0,Luka Modrić,4-2-3-1,3-4-3,Felix Zwayer,,False,12,1699.6,74,1332.68,0,0,0,0,0,0,,,,,,,,,,366.91999999999985,1,3.0,9.0,9.0,4.333333333333333,0.3333333333333333,1.0,1.0,
Croatia,2025-10-09,20:45,WCQ,First round,Thu,Away,D,0.0,0.0,Czechia,58.0,18870.0,Luka Modrić,4-2-3-1,4-2-3-1,François Letexier,,False,12,1699.6,46,1473.19,0,0,0,0,0,0,,,,,,,,,,226.40999999999985,1,31.0,12.0,12.0,4.25,0.25,1.0,1.0,
Croatia,2025-10-12,20:45,WCQ,First round,Sun,Home,W,3.0,0.0,Gibraltar,81.0,7579.0,Mateo Kovačić,4-2-3-1,5-4-1,Oleksii Derevinskyi,,False,12,1699.6,198,842.4,0,0,0,0,0,0,,,,,,,,,,857.1999999999999,1,3.0,13.0,13.0,3.4,0.2,1.0,0.6666666666666666,
Croatia,2025-11-14,20:45,WCQ,First round,Fri,Home,W,3.0,1.0,Faroe Islands,81.0,7846.0,Luka Modrić,3-4-3,5-4-1,Əliyar Ağayev,,False,12,1699.6,140,1089.51,0,0,0,0,0,0,,,,,,,,,,610.0899999999999,1,33.0,13.0,16.0,2.6,0.2,1.0,0.6666666666666666,
Croatia,2025-11-17,20:45,WCQ,First round,Mon,Away,W,3.0,2.0,Montenegro,63.0,4673.0,Ivan Perišić,4-2-3-1,4-3-1-2,Halil Umut Meler,,False,12,1699.6,74,1332.68,0,0,0,0,0,0,,,,,,,,,,366.91999999999985,1,3.0,13.0,19.0,2.2,0.2,1.0,0.6666666666666666,
Croatia,2026-03-26,19:30,Friendlies (M),Friendlies (M),Thu,Neutral,W,2.0,1.0,Colombia,,,Ivan Perišić,3-4-3,4-2-3-1,Rubiel Vázquez,,False,12,1699.6,9,1738.72,0,0,0,0,0,0,,,,,,,,,,-39.12000000000012,0,129.0,13.0,22.0,2.6,0.6,1.0,0.75,
Croatia,2026-03-31,20:00,Friendlies (M),Friendlies (M),Tue,Neutral,L,1.0,3.0,Brazil,,46398.0,Luka Modrić,3-4-3,4-2-2-2,Armando Villarreal,,False,12,1699.6,5,1772.02,3,0,2,1,2,5,,,,,,,,,,-72.42000000000007,0,5.0,13.0,25.0,2.2,0.8,1.0,0.75,1.0
Croatia,2026-06-02,18:00,Friendlies (M),Friendlies (M),Tue,Home,L,0.0,2.0,Belgium,,7555.0,Luka Modrić,3-4-3,3-4-3,Rade Obrenović,,False,12,1699.6,6,1768.14,1,0,0,1,0,0,,,,,,,,,,-68.54000000000019,0,63.0,12.0,25.0,2.4,1.4,1.0,0.75,0.5
Croatia,2026-06-07,20:45,Friendlies (M),Friendlies (M),Sun,Home,W,2.0,1.0,Slovenia,,8800.0,Luka Modrić,4-2-3-1,5-4-1,Bence Csonka,,False,12,1699.6,51,1462.98,0,0,0,0,0,0,,,,,,,,,,236.6199999999999,1,5.0,9.0,22.0,1.8,1.8,0.8,0.75,0.5
Croatia,2026-06-17,15:00,World Cup,Group stage,Wed,Neutral,,,,eng England,,,,,,,,True,12,1699.6,4,1817.28,1,1,0,0,2,1,,,,,,,,,,-117.68000000000006,0,10.0,9.0,22.0,1.6,1.8,0.8333333333333334,0.75,0.5
Croatia,2026-06-23,19:00,World Cup,Group stage,Tue,Neutral,,,,Panama,,,,,,,,True,12,1699.6,37,1502.55,0,0,0,0,0,0,,,,,,,,,,197.04999999999995,1,6.0,6.0,19.0,1.25,1.75,0.8333333333333334,0.75,0.5
Croatia,2026-06-27,17:00,World Cup,Group stage,Sat,Neutral,,,,Ghana,,,,,,,,True,12,1699.6,70,1360.43,0,0,0,0,0,0,,,,,,,,,,339.16999999999985,1,4.0,3.0,16.0,1.0,2.0,0.8333333333333334,0.75,0.5
Curaçao,2024-06-06,08:30,WCQ,Second round,Thu,Home,W,4.0,1.0,Barbados,,4254.0,Eloy Room,3-4-3,4-4-2,Iván Barton,,False,91,1262.48,177,943.8,0,0,0,0,0,0,,,,,,,,,,318.68000000000006,1,,,,,,,,
Curaçao,2024-06-08,20:00,WCQ,Second round,Sat,Away,W,2.0,0.0,Aruba,,,Eloy Room,3-4-3,4-4-2,César Arturo Ramos,,False,91,1262.48,193,875.82,0,0,0,0,0,0,,,,,,,,,,386.65999999999997,1,2.0,3.0,3.0,4.0,1.0,1.0,,
Curaçao,2025-06-06,19:30,WCQ,Second round,Fri,Home,W,4.0,0.0,St. Lucia,,,Leandro Bacuna,4-2-3-1,5-4-1,José Torres,,False,88,1261.38,173,965.66,0,0,0,0,0,0,,,,,,,,,,295.72000000000014,1,363.0,6.0,6.0,3.0,0.5,1.0,1.0,
Curaçao,2025-06-11,00:00,WCQ,Second round,Wed,Away,W,5.0,1.0,Haiti,,1115.0,Leandro Bacuna,4-2-3-1,4-3-3,Steven Madrigal,,False,88,1261.38,86,1278.56,0,0,0,0,0,0,,,,,,,,,,-17.179999999999836,0,5.0,9.0,9.0,3.333333333333333,0.3333333333333333,1.0,1.0,
Curaçao,2025-09-05,20:00,WCQ,Third round,Fri,Away,D,0.0,0.0,Trin & Tobago,,,Leandro Bacuna,3-4-3,4-4-2,Katia García,,False,88,1261.38,101,1213.25,0,0,0,0,0,0,,,,,,,,,,48.13000000000011,1,86.0,12.0,12.0,3.75,0.5,1.0,1.0,
Curaçao,2025-09-09,20:00,WCQ,Third round,Tue,Home,W,3.0,2.0,Bermuda,,9474.0,Leandro Bacuna,4-3-3,4-2-3-1,Adonis Carrasco,,False,88,1261.38,170,973.34,0,0,0,0,0,0,,,,,,,,,,288.0400000000001,1,4.0,13.0,13.0,3.0,0.4,1.0,0.6666666666666666,
Curaçao,2025-10-10,19:00,WCQ,Third round,Fri,Home,W,2.0,0.0,Jamaica,,,Leandro Bacuna,4-3-3,4-2-3-1,Julio César Luna,,False,88,1261.38,61,1402.95,0,0,0,0,0,0,,,,,,,,,,-141.56999999999994,0,31.0,13.0,16.0,2.8,0.6,1.0,0.6666666666666666,
Curaçao,2025-10-14,19:00,WCQ,Third round,Tue,Home,D,1.0,1.0,Trin & Tobago,,,Leandro Bacuna,4-3-3,5-4-1,César Arturo Ramos,,False,88,1261.38,101,1213.25,0,0,0,0,0,0,,,,,,,,,,48.13000000000011,1,4.0,13.0,19.0,2.8,0.6,1.0,0.6666666666666666,
Curaçao,2025-11-13,20:00,WCQ,Third round,Thu,Away,W,7.0,0.0,Bermuda,,1181.0,Leandro Bacuna,4-3-3,4-2-3-1,Tori Penso,,False,88,1261.38,170,973.34,0,0,0,0,0,0,,,,,,,,,,288.0400000000001,1,30.0,11.0,20.0,2.2,0.8,0.8,0.6666666666666666,
Curaçao,2025-11-18,20:00,WCQ,Third round,Tue,Away,D,0.0,0.0,Jamaica,,,Leandro Bacuna,4-3-3,4-2-3-1,Iván Barton,,False,88,1261.38,61,1402.95,0,0,0,0,0,0,,,,,,,,,,-141.56999999999994,0,5.0,11.0,23.0,2.6,0.6,0.8,0.75,
Curaçao,2026-05-30,13:00,Friendlies (M),Friendlies (M),Sat,Away,L,1.0,4.0,sct Scotland,,44433.0,Leandro Bacuna,5-4-1,4-2-2-2,Goga Kikacheishvili,,False,88,1261.38,52,1461.75,0,0,0,0,0,0,,,,,,,,,,-200.3699999999999,0,193.0,11.0,24.0,2.6,0.6,0.8,0.6,
Curaçao,2026-06-06,20:00,Friendlies (M),Friendlies (M),Sat,Home,W,4.0,0.0,Aruba,,,Juriën Gaari,4-2-2-2,4-2-2-2,José Corporán,,False,88,1261.38,194,868.4,0,0,0,0,0,0,,,,,,,,,,392.98000000000013,1,7.0,8.0,21.0,2.2,1.0,0.8,0.5,
Curaçao,2026-06-14,12:00,World Cup,Group stage,Sun,Neutral,,,,Germany,,,,,,,,True,88,1261.38,13,1692.19,0,0,0,0,0,0,,,,,,,,,,-430.80999999999995,0,8.0,8.0,21.0,2.6,1.0,0.8333333333333334,0.5,
Curaçao,2026-06-20,19:00,World Cup,Group stage,Sat,Neutral,,,,Ecuador,,,,,,,,True,88,1261.38,27,1535.43,0,0,0,0,0,0,,,,,,,,,,-274.04999999999995,0,6.0,7.0,18.0,3.0,1.0,0.8333333333333334,0.5,
Curaçao,2026-06-25,16:00,World Cup,Group stage,Thu,Neutral,,,,Côte d'Ivoire,,,,,,,,True,88,1261.38,33,1509.12,0,0,0,0,0,0,,,,,,,,,,-247.73999999999978,0,5.0,4.0,15.0,1.6666666666666667,1.3333333333333333,0.8333333333333334,0.5,
Czechia,2025-03-22,20:45,WCQ,First round,Sat,Home,W,2.0,1.0,Faroe Islands,68.0,8978.0,Tomáš Souček,4-4-2,3-4-3,Rade Obrenović,,False,46,1473.19,140,1089.51,0,0,0,0,0,0,,,,,,,,,,383.68000000000006,1,,,,,,,,
Czechia,2025-03-25,20:45,WCQ,First round,Tue,Away,W,4.0,0.0,Gibraltar,80.0,583.0,Tomáš Souček,4-2-3-1,4-3-3,Horațiu Fesnic,,False,46,1473.19,198,842.4,0,0,0,0,0,0,,,,,,,,,,630.7900000000001,1,3.0,3.0,3.0,2.0,1.0,1.0,,
Czechia,2025-06-06,20:45,WCQ,First round,Fri,Home,W,2.0,0.0,Montenegro,57.0,10889.0,Tomáš Souček,4-2-3-1,3-4-3,Serdar Gözübüyük,,False,46,1473.19,74,1332.68,0,0,0,0,0,0,,,,,,,,,,140.51,1,73.0,6.0,6.0,3.0,0.5,1.0,1.0,
Czechia,2025-06-09,20:45,WCQ,First round,Mon,Away,L,1.0,5.0,Croatia,39.0,12207.0,Tomáš Souček,3-4-3,4-2-3-1,Jesús Gil,,False,46,1473.19,12,1699.6,0,0,0,0,0,0,,,,,,,,,,-226.40999999999985,0,3.0,9.0,9.0,2.6666666666666665,0.3333333333333333,1.0,1.0,
Czechia,2025-09-05,20:45,WCQ,First round,Fri,Away,W,2.0,0.0,Montenegro,49.0,6315.0,Tomáš Souček,4-2-3-1,4-3-3,Marco Guida,,False,46,1473.19,74,1332.68,0,0,0,0,0,0,,,,,,,,,,140.51,1,88.0,9.0,9.0,2.25,1.5,1.0,0.5,
Czechia,2025-10-09,20:45,WCQ,First round,Thu,Home,D,0.0,0.0,Croatia,42.0,18870.0,Tomáš Souček,4-2-3-1,4-2-3-1,François Letexier,,False,46,1473.19,12,1699.6,0,0,0,0,0,0,,,,,,,,,,-226.40999999999985,0,34.0,12.0,12.0,2.2,1.2,1.0,0.6666666666666666,
Czechia,2025-10-12,17:00,WCQ,First round,Sun,Away,L,1.0,2.0,Faroe Islands,63.0,2980.0,Tomáš Souček,4-2-3-1,3-4-3,Andrea Colombo,,False,46,1473.19,140,1089.51,0,0,0,0,0,0,,,,,,,,,,383.68000000000006,1,3.0,10.0,13.0,1.8,1.0,0.6666666666666666,0.6666666666666666,
Czechia,2025-11-17,20:45,WCQ,First round,Mon,Home,W,6.0,0.0,Gibraltar,73.0,6587.0,Tomáš Souček,4-2-3-1,5-4-1,Sascha Stegemann,,False,46,1473.19,198,842.4,0,0,0,0,0,0,,,,,,,,,,630.7900000000001,1,36.0,7.0,13.0,1.2,1.4,0.6666666666666666,0.5,
Czechia,2026-03-26,20:45,WCQ,Second round — Semi-finals,Thu,Neutral,D,2.0,2.0,Rep. of Ireland,58.0,19137.0,Ladislav Krejčí,3-4-3,3-4-3,Glenn Nyberg,Czechia won on penalty kicks following extra time,False,46,1473.19,62,1394.63,0,0,0,0,0,0,,,,,,,,,,78.55999999999995,1,129.0,7.0,16.0,2.0,1.4,0.75,0.5,
Czechia,2026-03-31,20:45,WCQ,Second round — Finals,Tue,Home,D,2.0,2.0,Denmark,23.0,18215.0,Ladislav Krejčí,3-4-3,4-2-3-1,Maurizio Mariani,Czechia won on penalty kicks following extra time,False,46,1473.19,20,1621.7,0,0,0,0,0,0,,,,,,,,,,-148.51,0,5.0,8.0,17.0,2.2,0.8,0.75,0.5,0.0
Czechia,2026-05-31,16:00,Friendlies (M),Friendlies (M),Sun,Home,W,2.0,1.0,Kosovo,,11102.0,Ladislav Krejčí,3-4-3,4-3-2-1,Michal Očenáš,,False,46,1473.19,104,1205.96,0,0,0,0,0,0,,,,,,,,,,267.23,1,61.0,6.0,18.0,2.2,1.2,0.6,0.5,0.0
Czechia,2026-06-04,20:00,Friendlies (M),Friendlies (M),Thu,Neutral,W,3.0,1.0,Guatemala,,,Ladislav Krejčí,3-4-3,5-4-1,Pierre-Luc Lauzière,,False,46,1473.19,107,1200.43,0,0,0,0,0,0,,,,,,,,,,272.76,1,4.0,8.0,18.0,2.6,1.4,0.6666666666666666,0.5,0.0
Czechia,2026-06-11,20:00,World Cup,Group stage,Thu,Neutral,L,1.0,2.0,Korea Republic,38.0,44985.0,Ladislav Krejčí,3-4-3,3-4-3,Amin Omar,,False,46,1473.19,23,1572.61,0,0,0,0,0,0,,,,,,,,,,-99.41999999999985,0,7.0,11.0,18.0,3.0,1.2,0.6666666666666666,0.5,0.5
Czechia,2026-06-18,12:00,World Cup,Group stage,Thu,Neutral,,,,South Africa,,,,,,,,True,46,1473.19,59,1415.07,0,0,0,0,0,0,,,,,,,,,,58.12000000000012,1,7.0,8.0,15.0,2.0,1.6,0.6666666666666666,0.5,0.3333333333333333
Czechia,2026-06-24,19:00,World Cup,Group stage,Wed,Neutral,,,,Mexico,,,,,,,,True,46,1473.19,17,1635.66,0,0,0,0,0,0,,,,,,,,,,-162.47000000000003,0,6.0,7.0,15.0,2.0,1.5,0.6666666666666666,0.5,0.3333333333333333
Côte d'Ivoire,2023-11-17,19:00,WCQ,First round,Fri,Home,W,9.0,0.0,Seychelles,,,Serge Aurier,3-1-4-2,5-2-1-2,Adalbert Diouf,,False,52,1439.17,195,853.5,0,0,0,0,0,0,,,,,,,,,,585.6700000000001,1,,,,,,,,
Côte d'Ivoire,2023-11-20,16:00,WCQ,First round,Mon,Neutral,W,2.0,0.0,Gambia,,,Serge Aurier,4-2-3-1,4-5-1,Jalal Jiyed,,False,52,1439.17,124,1137.47,0,0,0,0,0,0,,,,,,,,,,301.70000000000005,1,3.0,3.0,3.0,9.0,0.0,1.0,,
Côte d'Ivoire,2024-06-07,19:00,WCQ,First round,Fri,Home,W,1.0,0.0,Gabon,,,Franck Kessié,3-5-2,4-1-4-1,Cumar Cabdiqaadir Cartan,,False,38,1498.8,84,1287.33,0,0,0,0,0,0,,,,,,,,,,211.47000000000003,1,200.0,6.0,6.0,5.5,0.0,1.0,,1.0
Côte d'Ivoire,2024-06-11,15:00,WCQ,First round,Tue,Neutral,D,0.0,0.0,Kenya,,,Franck Kessié,4-1-4-1,4-1-4-1,Jalal Jiyed,,False,38,1498.8,107,1191.24,0,0,0,0,0,0,,,,,,,,,,307.55999999999995,1,4.0,9.0,9.0,4.0,0.0,1.0,,1.0
Côte d'Ivoire,2025-03-21,19:00,WCQ,First round,Fri,Neutral,W,1.0,0.0,Burundi,,,Franck Kessié,3-4-3,5-4-1,Samir Guezzaz,,False,33,1509.12,136,1101.79,0,0,0,0,0,0,,,,,,,,,,407.3299999999999,1,283.0,10.0,10.0,3.0,0.0,1.0,,0.5
Côte d'Ivoire,2025-03-24,19:00,WCQ,First round,Mon,Home,W,1.0,0.0,Gambia,,,Franck Kessié,4-2-3-1,3-4-3,Ring Nyier,,False,33,1509.12,124,1137.47,0,0,0,0,0,0,,,,,,,,,,371.64999999999986,1,3.0,13.0,13.0,2.6,0.0,1.0,,0.6666666666666666
Côte d'Ivoire,2025-09-05,19:00,WCQ,First round,Fri,Home,W,1.0,0.0,Burundi,,,Franck Kessié,4-2-3-1,5-4-1,Bouchra Karboubi,,False,33,1509.12,136,1101.79,0,0,0,0,0,0,,,,,,,,,,407.3299999999999,1,165.0,13.0,16.0,1.0,0.0,1.0,,0.6666666666666666
Côte d'Ivoire,2025-09-09,20:00,WCQ,First round,Tue,Away,D,0.0,0.0,Gabon,,,Franck Kessié,4-2-3-1,4-2-3-1,Abdel Aziz Mohamed Bouh,,False,33,1509.12,84,1292.88,0,0,0,0,0,0,,,,,,,,,,216.23999999999978,1,4.0,13.0,19.0,0.8,0.0,1.0,,0.6666666666666666
Côte d'Ivoire,2025-10-10,17:00,WCQ,First round,Fri,Neutral,W,7.0,0.0,Seychelles,,,Willy Boly,4-1-4-1,3-4-3,Jean-Claude Ishimwe,,False,33,1509.12,201,831.19,0,0,0,0,0,0,,,,,,,,,,677.9299999999998,1,31.0,11.0,20.0,0.6,0.0,1.0,0.0,0.6666666666666666
Côte d'Ivoire,2025-10-14,19:00,WCQ,First round,Tue,Home,W,3.0,0.0,Kenya,,,Franck Kessié,4-2-2-2,3-4-3,Naby Laye Touré,,False,33,1509.12,102,1208.96,0,0,0,0,0,0,,,,,,,,,,300.15999999999985,1,4.0,13.0,23.0,2.0,0.0,1.0,0.0,0.75
Côte d'Ivoire,2026-03-28,14:00,Friendlies (M),Friendlies (M),Sat,Neutral,W,4.0,0.0,Korea Republic,,5917.0,Jean Seri,4-1-4-1,3-4-3,Ian McNabb,,False,33,1509.12,23,1572.61,0,0,0,0,0,0,,,,,,,,,,-63.49000000000001,0,165.0,13.0,26.0,2.4,0.0,1.0,0.0,0.75
Côte d'Ivoire,2026-03-31,19:30,Friendlies (M),Friendlies (M),Tue,Neutral,W,1.0,0.0,sct Scotland,,33034.0,Franck Kessié,4-2-3-1,3-4-1-2,Daniel Elder,,False,33,1509.12,52,1461.75,0,0,0,0,0,0,,,,,,,,,,47.36999999999989,1,3.0,13.0,26.0,3.0,0.0,1.0,0.0,0.8
Côte d'Ivoire,2026-06-04,21:10,Friendlies (M),Friendlies (M),Thu,Away,W,2.0,1.0,France,,33636.0,Franck Kessié,4-2-2-2,4-2-3-1,Sebastian Gishamer,,False,33,1509.12,2,1851.92,0,0,0,0,0,0,,,,,,,,,,-342.8000000000002,0,65.0,13.0,26.0,3.0,0.0,1.0,0.0,0.8333333333333334
Côte d'Ivoire,2026-06-14,19:00,World Cup,Group stage,Sun,Neutral,,,,Ecuador,,,,,,,,True,33,1509.12,27,1535.43,0,0,0,0,0,0,,,,,,,,,,-26.310000000000173,0,10.0,15.0,26.0,3.4,0.2,1.0,0.5,0.8333333333333334
Côte d'Ivoire,2026-06-20,16:00,World Cup,Group stage,Sat,Neutral,,,,Germany,,,,,,,,True,33,1509.12,13,1692.19,0,0,0,0,0,0,,,,,,,,,,-183.07000000000016,0,6.0,12.0,25.0,2.5,0.25,1.0,0.5,0.8333333333333334
Côte d'Ivoire,2026-06-25,16:00,World Cup,Group stage,Thu,Neutral,,,,Curaçao,,,,,,,,True,33,1509.12,88,1261.38,0,0,0,0,0,0,,,,,,,,,,247.73999999999978,1,5.0,9.0,22.0,2.333333333333333,0.3333333333333333,1.0,0.5,0.8333333333333334
Ecuador,2023-09-07,21:00,WCQ,World Cup qualification,Thu,Away,L,0.0,1.0,Argentina,29.0,84500.0,Enner Valencia,5-3-2,4-3-3,Wilmar Roldán,,False,40,1486.47,1,1843.73,0,0,0,0,0,0,,,,,,,,,,-357.26,0,,,,,,,,
Ecuador,2023-09-12,16:00,WCQ,World Cup qualification,Tue,Home,W,2.0,1.0,Uruguay,50.0,35613.0,Enner Valencia,5-3-2,4-2-3-1,Wilton Sampaio,,False,40,1486.47,16,1633.13,0,0,0,0,0,0,,,,,,,,,,-146.66000000000008,0,5.0,0.0,0.0,0.0,1.0,,0.0,
Ecuador,2023-10-12,19:00,WCQ,World Cup qualification,Thu,Away,W,2.0,1.0,Bolivia,46.0,34200.0,Enner Valencia,4-4-2,4-4-2,Cristián Garay,,False,38,1497.66,83,1287.86,0,0,0,0,0,0,,,,,,,,,,209.80000000000018,1,30.0,3.0,3.0,1.0,1.0,1.0,0.0,
Ecuador,2023-10-17,18:30,WCQ,World Cup qualification,Tue,Home,D,0.0,0.0,Colombia,54.0,,Enner Valencia,3-5-2,4-2-3-1,Facundo Tello,,False,38,1497.66,16,1629.6,0,0,0,0,0,0,,,,,,,,,,-131.93999999999983,0,5.0,6.0,6.0,1.3333333333333333,1.0,1.0,0.5,
Ecuador,2023-11-16,18:00,WCQ,World Cup qualification,Thu,Away,D,0.0,0.0,Venezuela,50.0,,Alexander Domínguez,4-2-3-1,4-3-3,Juan Gabriel Benítez,,False,36,1508.31,49,1445.67,0,0,0,0,0,0,,,,,,,,,,62.63999999999987,1,30.0,7.0,7.0,1.0,0.75,0.5,0.5,
Ecuador,2023-11-21,18:30,WCQ,World Cup qualification,Tue,Home,W,1.0,0.0,Chile,53.0,,Alexander Domínguez,4-2-3-1,5-3-2,Anderson Daronco,,False,36,1508.31,37,1503.81,0,0,0,0,0,0,,,,,,,,,,4.5,1,5.0,8.0,8.0,0.8,0.6,0.5,0.3333333333333333,
Ecuador,2024-09-06,22:00,WCQ,World Cup qualification,Fri,Away,L,0.0,1.0,Brazil,43.0,,Enner Valencia,3-5-2,4-2-3-1,Facundo Tello,,False,27,1530.44,5,1785.61,0,0,0,0,0,0,,,,,,,,,,-255.16999999999985,0,290.0,11.0,11.0,1.0,0.4,0.6666666666666666,0.3333333333333333,
Ecuador,2024-09-10,16:00,WCQ,World Cup qualification,Tue,Home,W,1.0,0.0,Peru,69.0,,Moisés Caicedo,3-4-3,3-5-2,Andrés Rojas,,False,27,1530.44,42,1489.68,0,0,0,0,0,0,,,,,,,,,,40.75999999999999,1,4.0,8.0,11.0,0.6,0.4,0.6666666666666666,0.25,
Ecuador,2024-10-10,16:00,WCQ,World Cup qualification,Thu,Home,D,0.0,0.0,Paraguay,77.0,,Pervis Estupiñán,3-4-3,3-4-3,Raphael Claus,,False,27,1535.43,57,1423.98,0,0,0,0,0,0,,,,,,,,,,111.45000000000005,1,30.0,8.0,14.0,0.4,0.2,0.75,0.25,
Ecuador,2024-10-15,20:30,WCQ,World Cup qualification,Tue,Away,D,0.0,0.0,Uruguay,45.0,27112.0,Piero Hincapié,5-3-2,4-2-3-1,Cristián Garay,,False,27,1535.43,11,1701.34,0,0,0,0,0,0,,,,,,,,,,-165.90999999999985,0,5.0,8.0,15.0,0.4,0.2,0.6,0.25,
Ecuador,2024-11-14,19:00,WCQ,World Cup qualification,Thu,Home,W,4.0,0.0,Bolivia,79.0,,Hernán Galíndez,4-5-1,4-2-3-1,Maximiliano Ramírez,,False,27,1535.43,83,1293.76,0,0,0,0,0,0,,,,,,,,,,241.67000000000007,1,30.0,8.0,16.0,0.4,0.2,0.6,0.2,
Ecuador,2024-11-19,18:00,WCQ,World Cup qualification,Tue,Away,W,1.0,0.0,Colombia,33.0,,Willian Pacho,4-5-1,4-4-2,Esteban Ostojich,,False,27,1535.43,9,1738.72,0,0,0,0,0,0,,,,,,,,,,-203.28999999999996,0,5.0,8.0,19.0,1.0,0.2,0.6666666666666666,0.2,
Ecuador,2025-03-21,16:00,WCQ,World Cup qualification,Fri,Home,W,2.0,1.0,Venezuela,71.0,,Enner Valencia,4-2-3-1,4-3-3,Ramon Abatti,,False,27,1535.43,40,1488.56,0,0,0,0,0,0,,,,,,,,,,46.87000000000012,1,122.0,11.0,19.0,1.2,0.0,0.6666666666666666,0.3333333333333333,
Ecuador,2025-03-25,21:00,WCQ,World Cup qualification,Tue,Away,D,0.0,0.0,Chile,40.0,38996.0,Moisés Caicedo,3-4-3,4-3-3,Gustavo Tejera,,False,27,1535.43,49,1467.98,0,0,0,0,0,0,,,,,,,,,,67.45000000000005,1,4.0,11.0,19.0,1.4,0.2,0.7142857142857143,0.3333333333333333,
Ecuador,2025-06-05,18:00,WCQ,World Cup qualification,Thu,Home,D,0.0,0.0,Brazil,52.0,,Piero Hincapié,4-4-2,4-3-3,Piero Maza,,False,27,1535.43,5,1772.02,0,0,0,0,0,0,,,,,,,,,,-236.58999999999992,0,72.0,11.0,19.0,1.4,0.2,0.7142857142857143,0.2857142857142857,
Ecuador,2025-06-10,20:30,WCQ,World Cup qualification,Tue,Away,D,0.0,0.0,Peru,47.0,,Pervis Estupiñán,4-4-2,4-4-2,Andrés Rojas,,False,27,1535.43,43,1483.2,0,0,0,0,0,0,,,,,,,,,,52.23000000000002,1,5.0,11.0,19.0,1.4,0.2,0.625,0.2857142857142857,
Ecuador,2025-09-04,19:30,WCQ,World Cup qualification,Thu,Away,D,0.0,0.0,Paraguay,63.0,,Hernán Galíndez,4-4-1-1,4-4-2,Raphael Claus,,False,27,1535.43,57,1423.98,0,0,0,0,0,0,,,,,,,,,,111.45000000000005,1,86.0,9.0,17.0,0.6,0.2,0.625,0.25,
Ecuador,2025-09-09,18:00,WCQ,World Cup qualification,Tue,Home,W,1.0,0.0,Argentina,43.0,,Enner Valencia,4-4-1-1,4-2-3-1,Wilmar Roldán,,False,27,1535.43,1,1889.02,0,0,0,0,0,0,,,,,,,,,,-353.5899999999999,0,5.0,7.0,18.0,0.4,0.2,0.625,0.2222222222222222,
Ecuador,2026-03-27,21:15,Friendlies (M),Friendlies (M),Fri,Neutral,D,1.0,1.0,Morocco,,61622.0,Willian Pacho,4-2-3-1,4-2-3-1,José Luis Munuera,,False,27,1535.43,14,1676.14,0,0,0,0,0,0,,,,,,,,,,-140.71000000000004,0,199.0,7.0,18.0,0.2,0.0,0.6666666666666666,0.2222222222222222,
Ecuador,2026-03-31,20:45,Friendlies (M),Friendlies (M),Tue,Away,D,1.0,1.0,Netherlands,,29344.0,Enner Valencia,4-2-2-2,4-2-3-1,Sascha Stegemann,,False,27,1535.43,7,1759.95,1,0,0,1,1,1,,,,,,,,,,-224.51999999999998,0,4.0,7.0,18.0,0.4,0.2,0.6666666666666666,0.2222222222222222,0.0
Ecuador,2026-05-30,20:00,Friendlies (M),Friendlies (M),Sat,Neutral,W,2.0,1.0,Saudi Arabia,,,Pervis Estupiñán,4-2-2-2,4-1-4-1,Filip Dujic,,False,27,1535.43,56,1433.16,0,0,0,0,0,0,,,,,,,,,,102.26999999999998,1,60.0,7.0,18.0,0.6,0.4,0.6666666666666666,0.2,0.0
Ecuador,2026-06-07,16:15,Friendlies (M),Friendlies (M),Sun,Neutral,W,3.0,0.0,Guatemala,,,Hernán Galíndez,3-1-4-2,5-4-1,Marco Antonio Ortíz,,False,27,1535.43,107,1200.43,0,0,0,0,0,0,,,,,,,,,,335.0,1,8.0,9.0,18.0,1.0,0.6,0.6666666666666666,0.2,0.5
Ecuador,2026-06-14,19:00,World Cup,Group stage,Sun,Neutral,,,,Côte d'Ivoire,,,,,,,,True,27,1535.43,33,1509.12,0,0,0,0,0,0,,,,,,,,,,26.310000000000173,1,7.0,11.0,18.0,1.6,0.6,0.6666666666666666,0.2,0.6666666666666666
Ecuador,2026-06-20,19:00,World Cup,Group stage,Sat,Neutral,,,,Curaçao,,,,,,,,True,27,1535.43,88,1261.38,0,0,0,0,0,0,,,,,,,,,,274.04999999999995,1,6.0,8.0,15.0,1.75,0.75,0.6666666666666666,0.2,0.6666666666666666
Ecuador,2026-06-25,16:00,World Cup,Group stage,Thu,Neutral,,,,Germany,,,,,,,,True,27,1535.43,13,1692.19,1,0,1,0,0,3,,,,,,,,,,-156.76,0,5.0,7.0,14.0,2.0,0.6666666666666666,0.6666666666666666,0.2,0.6666666666666666
Egypt,2023-11-16,18:00,WCQ,First round,Thu,Home,W,6.0,0.0,Djibouti,,,Mohamed Salah,4-1-4-1,4-2-2-2,Jelly Chavani,,False,35,1511.95,189,889.2,0,0,0,0,0,0,,,,,,,,,,622.75,1,,,,,,,,
Egypt,2023-11-19,16:00,WCQ,First round,Sun,Neutral,W,2.0,0.0,Sierra Leone,,,Mohamed Salah,4-1-4-1,4-2-3-1,Jean-Jacques Ndala,,False,35,1511.95,122,1145.12,0,0,0,0,0,0,,,,,,,,,,366.83000000000015,1,3.0,3.0,3.0,6.0,0.0,1.0,,
Egypt,2024-06-06,21:00,WCQ,First round,Thu,Home,W,2.0,1.0,Burkina Faso,,,Mohamed Salah,3-5-2,4-1-4-1,Peter Waweru,,False,37,1499.72,62,1390.38,0,0,0,0,0,0,,,,,,,,,,109.33999999999992,1,200.0,6.0,6.0,4.0,0.0,1.0,,1.0
Egypt,2024-06-10,16:00,WCQ,First round,Mon,Away,D,1.0,1.0,Guinea-Bissau,,,Mohamed Salah,4-2-3-1,3-4-3,Mahmood Ali Mahmood Ismail,,False,37,1499.72,116,1163.44,0,0,0,0,0,0,,,,,,,,,,336.28,1,4.0,9.0,9.0,3.333333333333333,0.3333333333333333,1.0,,1.0
Egypt,2025-03-21,21:00,WCQ,First round,Fri,Neutral,W,2.0,0.0,Ethiopia,,,Mohamed Salah,4-2-3-1,3-5-2,Patrice Milazare,,False,31,1515.64,145,1063.44,0,0,0,0,0,0,,,,,,,,,,452.20000000000005,1,284.0,10.0,10.0,2.75,0.5,1.0,0.0,1.0
Egypt,2025-03-25,21:00,WCQ,First round,Tue,Home,W,1.0,0.0,Sierra Leone,,,Mohamed Salah,4-2-3-1,5-4-1,Imtehaz Heeralall,,False,31,1515.64,125,1134.26,0,0,0,0,0,0,,,,,,,,,,381.3800000000001,1,4.0,13.0,13.0,2.6,0.4,1.0,0.0,1.0
Egypt,2025-09-05,22:00,WCQ,First round,Fri,Home,W,2.0,0.0,Ethiopia,,,Mohamed Salah,4-1-4-1,5-3-2,Abongile Tom,,False,31,1515.64,145,1063.44,0,0,0,0,0,0,,,,,,,,,,452.20000000000005,1,164.0,13.0,16.0,1.6,0.4,1.0,0.0,1.0
Egypt,2025-09-09,16:00,WCQ,First round,Tue,Away,D,0.0,0.0,Burkina Faso,,,Mohamed Salah,3-4-3,4-1-4-1,Messie Nkounkou,,False,31,1515.64,63,1387.5,0,0,0,0,0,0,,,,,,,,,,128.1400000000001,1,4.0,13.0,19.0,1.6,0.4,1.0,0.0,1.0
Egypt,2025-10-08,17:00,WCQ,First round,Wed,Away,W,3.0,0.0,Djibouti,,,Mohamed Salah,3-2-4-1,5-4-1,Tanguy Mebiame,,False,31,1515.64,192,875.13,0,0,0,0,0,0,,,,,,,,,,640.5100000000001,1,29.0,11.0,20.0,1.2,0.2,1.0,0.0,1.0
Egypt,2025-10-12,22:00,WCQ,First round,Sun,Home,W,1.0,0.0,Guinea-Bissau,,,Ramy Rabia,4-2-3-1,4-1-4-1,Daniel Nii Ayi Laryea,,False,31,1515.64,115,1166.02,0,0,0,0,0,0,,,,,,,,,,349.6200000000001,1,4.0,13.0,23.0,1.6,0.0,1.0,0.3333333333333333,1.0
Egypt,2026-03-27,20:30,Friendlies (M),Friendlies (M),Fri,Away,W,4.0,0.0,Saudi Arabia,,,Trézéguet,4-1-4-1,3-4-1-2,Abdulla Ali Al Athba,,False,31,1515.64,56,1433.16,1,0,1,0,1,2,,,,,,,,,,82.48000000000002,1,166.0,13.0,26.0,1.4,0.0,1.0,0.3333333333333333,1.0
Egypt,2026-03-31,21:00,Friendlies (M),Friendlies (M),Tue,Away,D,0.0,0.0,Spain,,35895.0,Mohamed Hany,4-2-3-1,4-1-4-1,Georgi Kabakov,,False,31,1515.64,3,1836.42,0,0,0,0,0,0,,,,,,,,,,-320.78,0,4.0,13.0,26.0,2.0,0.0,1.0,0.5,1.0
Egypt,2026-05-28,21:00,Friendlies (M),Friendlies (M),Thu,Home,W,1.0,0.0,Russia,,,Trézéguet,4-2-3-1,4-1-4-1,Lahlou Benbraham,,False,31,1515.64,34,1508.73,1,0,1,0,1,3,,,,,,,,,,6.910000000000082,1,58.0,11.0,24.0,1.6,0.0,1.0,0.4,1.0
Egypt,2026-06-06,18:00,Friendlies (M),Friendlies (M),Sat,Neutral,L,1.0,2.0,Brazil,,64311.0,Trézéguet,4-2-3-1,4-2-2-2,Adonai Escobedo,,False,31,1515.64,5,1772.02,0,0,0,0,0,0,,,,,,,,,,-256.3799999999999,0,9.0,13.0,24.0,1.8,0.0,1.0,0.4,1.0
Egypt,2026-06-15,12:00,World Cup,Group stage,Mon,Neutral,,,,Belgium,,,,,,,,True,31,1515.64,6,1768.14,0,0,0,0,0,0,,,,,,,,,,-252.5,0,9.0,10.0,23.0,1.4,0.4,1.0,0.4,0.6666666666666666
Egypt,2026-06-21,18:00,World Cup,Group stage,Sun,Neutral,,,,New Zealand,,,,,,,,True,31,1515.64,103,1199.04,0,0,0,0,0,0,,,,,,,,,,316.60000000000014,1,6.0,7.0,20.0,1.5,0.5,1.0,0.4,0.6666666666666666
Egypt,2026-06-26,20:00,World Cup,Group stage,Fri,Neutral,,,,IR Iran,,,,,,,,True,31,1515.64,19,1622.92,0,0,0,0,0,0,,,,,,,,,,-107.27999999999997,0,5.0,4.0,17.0,0.6666666666666666,0.6666666666666666,1.0,0.4,0.6666666666666666
England,2025-03-21,19:45,WCQ,First round,Fri,Home,W,2.0,0.0,Albania,74.0,82378.0,Harry Kane,4-2-3-1,4-2-3-1,Alejandro Hernández,,False,4,1817.28,67,1377.91,0,0,0,0,0,0,,,,,,,,,,439.3699999999999,1,,,,,,,,
England,2025-03-24,19:45,WCQ,First round,Mon,Home,W,3.0,0.0,Latvia,74.0,79572.0,Harry Kane,4-2-3-1,5-4-1,Orel Grinfeeld,,False,4,1817.28,137,1097.98,0,0,0,0,0,0,,,,,,,,,,719.3,1,3.0,3.0,3.0,2.0,0.0,1.0,,
England,2025-06-07,18:00,WCQ,First round,Sat,Away,W,1.0,0.0,Andorra,83.0,8872.0,Harry Kane,4-2-3-1,5-4-1,Igor Pajač,,False,4,1817.28,169,981.7,0,0,0,0,0,0,,,,,,,,,,835.5799999999999,1,75.0,6.0,6.0,2.5,0.0,1.0,,
England,2025-09-06,17:00,WCQ,First round,Sat,Home,W,2.0,0.0,Andorra,83.0,39202.0,Harry Kane,4-2-3-1,5-4-1,Mohammed Al-Emara,,False,4,1817.28,169,981.7,0,0,0,0,0,0,,,,,,,,,,835.5799999999999,1,91.0,9.0,9.0,2.0,0.0,1.0,1.0,
England,2025-09-09,20:45,WCQ,First round,Tue,Away,W,5.0,0.0,Serbia,70.0,39789.0,Harry Kane,4-2-3-1,3-4-3,Clément Turpin,,False,4,1817.28,35,1505.08,0,0,0,0,0,0,,,,,,,,,,312.20000000000005,1,3.0,12.0,12.0,2.0,0.0,1.0,1.0,
England,2025-10-14,21:45,WCQ,First round,Tue,Away,W,5.0,0.0,Latvia,72.0,10404.0,Harry Kane,4-3-3,5-4-1,Tasos Sidiropoulos,,False,4,1817.28,137,1097.98,0,0,0,0,0,0,,,,,,,,,,719.3,1,35.0,15.0,15.0,2.6,0.0,1.0,1.0,
England,2025-11-13,19:45,WCQ,First round,Thu,Home,W,2.0,0.0,Serbia,70.0,74289.0,Harry Kane,4-2-3-1,4-2-3-1,Ivan Kružliak,,False,4,1817.28,35,1505.08,0,0,0,0,0,0,,,,,,,,,,312.20000000000005,1,30.0,15.0,18.0,3.2,0.0,1.0,1.0,
England,2025-11-16,18:00,WCQ,First round,Sun,Away,W,2.0,0.0,Albania,70.0,21459.0,Harry Kane,4-3-3,4-2-3-1,Marco Guida,,False,4,1817.28,67,1377.91,0,0,0,0,0,0,,,,,,,,,,439.3699999999999,1,3.0,15.0,21.0,3.0,0.0,1.0,1.0,
England,2026-03-27,19:45,Friendlies (M),Friendlies (M),Fri,Home,D,1.0,1.0,Uruguay,,80581.0,Jordan Henderson,4-2-3-1,4-2-3-1,Sven Jablonski,,False,4,1817.28,11,1701.34,3,0,2,1,3,6,,,,,,,,,,115.94000000000005,1,131.0,15.0,24.0,3.2,0.0,1.0,1.0,
England,2026-03-31,19:45,Friendlies (M),Friendlies (M),Tue,Home,L,0.0,1.0,Japan,,79233.0,Marc Guéhi,4-2-3-1,3-4-3,Nick Walsh,,False,4,1817.28,16,1639.6,4,2,1,1,7,4,,,,,,,,,,177.68000000000006,1,4.0,13.0,25.0,3.0,0.2,0.8,1.0,
England,2026-06-06,16:00,Friendlies (M),Friendlies (M),Sat,Neutral,W,1.0,0.0,New Zealand,,25889.0,Harry Kane,4-2-3-1,4-2-3-1,Natalie Simon,,False,4,1817.28,103,1199.04,1,1,0,0,2,1,,,,,,,,,,618.24,1,67.0,10.0,25.0,2.0,0.4,0.6666666666666666,1.0,
England,2026-06-10,17:00,Friendlies (M),Friendlies (M),Wed,Neutral,W,3.0,0.0,Costa Rica,,20341.0,Harry Kane,4-2-3-1,4-1-4-1,Katja Koroleva,,False,4,1817.28,50,1466.08,1,0,0,1,0,0,,,,,,,,,,351.20000000000005,1,4.0,10.0,25.0,1.2,0.4,0.6666666666666666,1.0,1.0
England,2026-06-17,15:00,World Cup,Group stage,Wed,Neutral,,,,Croatia,,,,,,,,True,4,1817.28,12,1699.6,1,0,1,0,1,2,,,,,,,,,,117.68000000000006,1,7.0,10.0,25.0,1.4,0.4,0.6666666666666666,1.0,1.0
England,2026-06-23,16:00,World Cup,Group stage,Tue,Neutral,,,,Ghana,,,,,,,,True,4,1817.28,70,1360.43,0,0,0,0,0,0,,,,,,,,,,456.8499999999999,1,6.0,7.0,22.0,1.25,0.5,0.6666666666666666,1.0,1.0
England,2026-06-27,17:00,World Cup,Group stage,Sat,Neutral,,,,Panama,,,,,,,,True,4,1817.28,37,1502.55,1,1,0,0,6,1,,,,,,,,,,314.73,1,4.0,6.0,19.0,1.3333333333333333,0.3333333333333333,0.6666666666666666,1.0,1.0
France,2025-09-05,21:45,WCQ,First round,Fri,Away,W,2.0,0.0,Ukraine,56.0,38793.0,Kylian Mbappé,4-2-3-1,4-5-1,Danny Makkelie,,False,2,1851.92,24,1548.29,0,0,0,0,0,0,,,,,,,,,,303.6300000000001,1,,,,,,,,
France,2025-09-09,20:45,WCQ,First round,Tue,Home,W,2.0,1.0,Iceland,63.0,40150.0,Kylian Mbappé,4-2-3-1,4-4-2,António Nobre,,False,2,1851.92,71,1355.75,0,0,0,0,0,0,,,,,,,,,,496.1700000000001,1,4.0,3.0,3.0,2.0,0.0,,1.0,
France,2025-10-10,20:45,WCQ,First round,Fri,Home,W,3.0,0.0,Azerbaijan,77.0,40150.0,Kylian Mbappé,4-4-2,5-4-1,Rohit Saggi,,False,2,1851.92,113,1173.15,0,0,0,0,0,0,,,,,,,,,,678.77,1,31.0,6.0,6.0,2.0,0.5,1.0,1.0,
France,2025-10-13,18:45,WCQ,First round,Mon,Away,D,2.0,2.0,Iceland,70.0,9151.0,Mike Maignan,4-2-3-1,5-3-2,Orel Grinfeeld,,False,2,1851.92,71,1355.75,0,0,0,0,0,0,,,,,,,,,,496.1700000000001,1,3.0,9.0,9.0,2.333333333333333,0.3333333333333333,1.0,1.0,
France,2025-11-13,20:45,WCQ,First round,Thu,Home,W,4.0,0.0,Ukraine,71.0,41055.0,Kylian Mbappé,4-2-3-1,5-3-2,Slavko Vinčič,,False,2,1851.92,24,1548.29,0,0,0,0,0,0,,,,,,,,,,303.6300000000001,1,31.0,10.0,10.0,2.25,0.75,1.0,0.5,
France,2025-11-16,21:00,WCQ,First round,Sun,Away,W,3.0,1.0,Azerbaijan,74.0,29700.0,Ibrahima Konaté,4-2-3-1,3-4-3,Andris Treimanis,,False,2,1851.92,113,1173.15,0,0,0,0,0,0,,,,,,,,,,678.77,1,3.0,13.0,13.0,2.6,0.6,1.0,0.5,
France,2026-03-26,16:00,Friendlies (M),Friendlies (M),Thu,Neutral,W,2.0,1.0,Brazil,,66215.0,Kylian Mbappé,4-2-3-1,4-2-2-2,Guido Gonzales Jr.,,False,2,1851.92,5,1772.02,6,3,1,2,10,8,,,,,,,,,,79.90000000000009,1,130.0,13.0,16.0,2.8,0.8,1.0,0.6666666666666666,
France,2026-03-29,15:00,Friendlies (M),Friendlies (M),Sun,Neutral,W,3.0,1.0,Colombia,,60734.0,N'Golo Kanté,4-2-3-1,4-2-3-1,Víctor Rivas,,False,2,1851.92,9,1738.72,1,0,1,0,0,2,,,,,,,,,,113.20000000000005,1,3.0,13.0,19.0,2.8,0.8,1.0,0.6666666666666666,1.0
France,2026-06-04,21:10,Friendlies (M),Friendlies (M),Thu,Home,L,1.0,2.0,Côte d'Ivoire,,33636.0,Kylian Mbappé,4-2-3-1,4-2-2-2,Sebastian Gishamer,,False,2,1851.92,33,1509.12,0,0,0,0,0,0,,,,,,,,,,342.8000000000002,1,67.0,13.0,22.0,2.8,1.0,1.0,0.6666666666666666,1.0
France,2026-06-08,21:10,Friendlies (M),Friendlies (M),Mon,Home,W,3.0,1.0,nir Northern Ireland,,43272.0,Kylian Mbappé,4-2-3-1,5-4-1,Sascha Stegemann,,False,2,1851.92,73,1339.64,2,2,0,0,8,1,,,,,,,,,,512.28,1,4.0,12.0,22.0,2.6,1.0,0.75,0.6666666666666666,1.0
France,2026-06-16,15:00,World Cup,Group stage,Tue,Neutral,,,,Senegal,,,,,,,,True,2,1851.92,21,1620.87,1,0,1,0,0,1,,,,,,,,,,231.05000000000018,1,8.0,12.0,25.0,2.4,1.2,0.8,0.6666666666666666,1.0
France,2026-06-22,17:00,World Cup,Group stage,Mon,Neutral,,,,Iraq,,,,,,,,True,2,1851.92,55,1435.9,0,0,0,0,0,0,,,,,,,,,,416.02,1,6.0,9.0,22.0,2.25,1.25,0.8,0.6666666666666666,1.0
France,2026-06-26,15:00,World Cup,Group stage,Fri,Neutral,,,,Norway,,,,,,,,True,2,1851.92,47,1472.16,2,1,1,0,2,3,,,,,,,,,,379.76,1,4.0,6.0,19.0,2.333333333333333,1.3333333333333333,0.8,0.6666666666666666,1.0
Germany,2025-09-04,20:45,WCQ,First round,Thu,Away,L,0.0,2.0,Slovakia,70.0,20013.0,Joshua Kimmich,4-2-3-1,4-3-3,Serdar Gözübüyük,,False,13,1692.19,42,1485.89,0,0,0,0,0,0,,,,,,,,,,206.29999999999995,1,,,,,,,,
Germany,2025-09-07,20:45,WCQ,First round,Sun,Home,W,3.0,1.0,nir Northern Ireland,80.0,43169.0,Joshua Kimmich,4-2-3-1,3-5-2,Espen Eskås,,False,13,1692.19,73,1339.64,0,0,0,0,0,0,,,,,,,,,,352.54999999999995,1,3.0,0.0,0.0,0.0,2.0,,0.0,
Germany,2025-10-10,20:45,WCQ,First round,Fri,Home,W,4.0,0.0,Luxembourg,84.0,25249.0,Joshua Kimmich,4-2-3-1,4-5-1,Nenad Minaković,,False,13,1692.19,87,1261.95,0,0,0,0,0,0,,,,,,,,,,430.24,1,33.0,3.0,3.0,1.5,1.5,1.0,0.0,
Germany,2025-10-13,19:45,WCQ,First round,Mon,Away,W,1.0,0.0,nir Northern Ireland,68.0,17926.0,Joshua Kimmich,4-4-1-1,5-4-1,Jesús Gil,,False,13,1692.19,73,1339.64,0,0,0,0,0,0,,,,,,,,,,352.54999999999995,1,3.0,6.0,6.0,2.333333333333333,1.0,1.0,0.0,
Germany,2025-11-14,20:45,WCQ,First round,Fri,Away,W,2.0,0.0,Luxembourg,65.0,9214.0,Jonathan Tah,4-3-3,4-1-4-1,John Brooks,,False,13,1692.19,87,1261.95,0,0,0,0,0,0,,,,,,,,,,430.24,1,32.0,9.0,9.0,2.0,0.75,1.0,0.5,
Germany,2025-11-17,20:45,WCQ,First round,Mon,Home,W,6.0,0.0,Slovakia,72.0,40120.0,Joshua Kimmich,4-2-3-1,4-3-3,François Letexier,,False,13,1692.19,42,1485.89,0,0,0,0,0,0,,,,,,,,,,206.29999999999995,1,3.0,12.0,12.0,2.0,0.6,1.0,0.6666666666666666,
Germany,2026-03-27,20:45,Friendlies (M),Friendlies (M),Fri,Away,W,4.0,3.0,Switzerland,,37994.0,Joshua Kimmich,4-1-4-1,4-1-4-1,Chris Kavanagh,,False,13,1692.19,15,1641.0,2,0,1,1,3,5,,,,,,,,,,51.190000000000055,1,130.0,15.0,15.0,3.2,0.2,1.0,0.6666666666666666,
Germany,2026-03-30,20:45,Friendlies (M),Friendlies (M),Mon,Home,W,2.0,1.0,Ghana,,52723.0,Joshua Kimmich,4-2-3-1,5-4-1,Stuart Attwell,,False,13,1692.19,70,1360.43,2,1,0,1,3,2,,,,,,,,,,331.76,1,3.0,15.0,18.0,3.4,0.6,1.0,0.75,
Germany,2026-05-31,20:45,Friendlies (M),Friendlies (M),Sun,Home,W,4.0,0.0,Finland,,25122.0,Joshua Kimmich,4-2-3-1,4-5-1,Matheus Candançan,,False,13,1692.19,64,1384.36,0,0,0,0,0,0,,,,,,,,,,307.83000000000015,1,62.0,15.0,21.0,3.0,0.8,1.0,0.75,
Germany,2026-06-06,13:30,Friendlies (M),Friendlies (M),Sat,Away,W,2.0,1.0,USA,,63636.0,Joshua Kimmich,4-2-3-1,4-2-3-1,Piero Maza,,False,13,1692.19,18,1632.19,7,4,3,0,11,10,,,,,,,,,,60.0,1,6.0,15.0,24.0,3.6,0.8,1.0,0.75,
Germany,2026-06-14,12:00,World Cup,Group stage,Sun,Neutral,,,,Curaçao,,,,,,,,True,13,1692.19,88,1261.38,0,0,0,0,0,0,,,,,,,,,,430.80999999999995,1,8.0,15.0,27.0,3.6,1.0,1.0,0.8,
Germany,2026-06-20,16:00,World Cup,Group stage,Sat,Neutral,,,,Côte d'Ivoire,,,,,,,,True,13,1692.19,33,1509.12,0,0,0,0,0,0,,,,,,,,,,183.07000000000016,1,6.0,12.0,27.0,3.0,1.25,1.0,0.8,
Germany,2026-06-25,16:00,World Cup,Group stage,Thu,Neutral,,,,Ecuador,,,,,,,,True,13,1692.19,27,1535.43,1,1,0,0,3,0,,,,,,,,,,156.76,1,5.0,9.0,24.0,2.6666666666666665,0.6666666666666666,1.0,0.8,
Ghana,2023-11-17,16:00,WCQ,First round,Fri,Home,W,1.0,0.0,Madagascar,,,Richard Ofori,4-2-3-1,4-1-4-1,Samir Guezzaz,,False,60,1394.74,108,1188.57,0,0,0,0,0,0,,,,,,,,,,206.17000000000007,1,,,,,,,,
Ghana,2023-11-21,19:00,WCQ,First round,Tue,Away,L,0.0,1.0,Comoros,,,André Ayew,4-2-3-1,4-1-4-1,Abdel Aziz Mohamed Bouh,,False,60,1394.74,128,1125.57,0,0,0,0,0,0,,,,,,,,,,269.1700000000001,1,4.0,3.0,3.0,1.0,0.0,1.0,,
Ghana,2024-06-06,19:00,WCQ,First round,Thu,Away,W,2.0,1.0,Mali,,,Thomas Partey,3-4-3,4-1-3-2,Amin Omar,,False,68,1358.77,44,1477.9,0,0,0,0,0,0,,,,,,,,,,-119.13000000000011,0,198.0,3.0,3.0,0.5,0.5,1.0,0.0,
Ghana,2024-06-10,19:00,WCQ,First round,Mon,Home,W,4.0,3.0,CAR,,,Thomas Partey,4-2-3-1,4-2-2-2,Ahmed Abdulrazg,,False,68,1358.77,128,1128.17,0,0,0,0,0,0,,,,,,,,,,230.5999999999999,1,4.0,6.0,6.0,1.0,0.6666666666666666,1.0,0.5,
Ghana,2025-03-21,19:00,WCQ,First round,Fri,Home,W,5.0,0.0,Chad,,,Jordan Ayew,4-1-4-1,4-2-3-1,Ahmed Abdulrazg,,False,70,1360.43,177,932.44,0,0,0,0,0,0,,,,,,,,,,427.99,1,284.0,9.0,9.0,1.75,1.25,1.0,0.5,
Ghana,2025-03-24,19:00,WCQ,First round,Mon,Neutral,W,3.0,0.0,Madagascar,,,Jordan Ayew,3-4-3,4-2-3-1,Issa Sy,,False,70,1360.43,108,1196.56,0,0,0,0,0,0,,,,,,,,,,163.87000000000012,1,3.0,12.0,12.0,2.4,1.0,1.0,0.5,
Ghana,2025-09-04,14:00,WCQ,First round,Thu,Away,D,1.0,1.0,Chad,,,Jordan Ayew,4-2-3-1,4-1-4-1,Celso Alvação,,False,70,1360.43,177,932.44,0,0,0,0,0,0,,,,,,,,,,427.99,1,164.0,12.0,15.0,2.8,1.0,1.0,0.5,1.0
Ghana,2025-09-08,19:00,WCQ,First round,Mon,Home,W,1.0,0.0,Mali,,,Jordan Ayew,3-4-3,4-2-3-1,Luxolo Badi,,False,70,1360.43,54,1455.16,0,0,0,0,0,0,,,,,,,,,,-94.73000000000002,0,4.0,13.0,16.0,3.0,1.0,1.0,0.3333333333333333,1.0
Ghana,2025-10-08,17:00,WCQ,First round,Wed,Neutral,W,5.0,0.0,CAR,,,Jordan Ayew,4-2-3-1,4-5-1,Patrice Milazar,,False,70,1360.43,128,1130.7,0,0,0,0,0,0,,,,,,,,,,229.73000000000002,1,30.0,13.0,19.0,2.8,0.8,1.0,0.3333333333333333,1.0
Ghana,2025-10-12,19:00,WCQ,First round,Sun,Home,W,1.0,0.0,Comoros,,,Jordan Ayew,3-4-3,5-3-2,Pierre Ghislain Atcho,,False,70,1360.43,118,1159.64,0,0,0,0,0,0,,,,,,,,,,200.78999999999996,1,4.0,13.0,22.0,3.0,0.2,1.0,0.3333333333333333,1.0
Ghana,2026-03-27,18:00,Friendlies (M),Friendlies (M),Fri,Away,L,1.0,5.0,Austria,,40200.0,Jordan Ayew,4-2-3-1,4-2-3-1,Mohammed Khaled Al Hoish,,False,70,1360.43,22,1580.37,0,0,0,0,0,0,,,,,,,,,,-219.93999999999983,0,166.0,13.0,25.0,2.2,0.2,1.0,0.3333333333333333,1.0
Ghana,2026-03-30,20:45,Friendlies (M),Friendlies (M),Mon,Away,L,1.0,2.0,Germany,,52723.0,Jordan Ayew,5-4-1,4-2-3-1,Stuart Attwell,,False,70,1360.43,13,1692.19,2,0,1,1,2,3,,,,,,,,,,-331.76,0,3.0,10.0,22.0,1.8,1.2,1.0,0.25,1.0
Ghana,2026-05-22,20:00,Friendlies (M),Friendlies (M),Fri,Away,L,0.0,2.0,Mexico,,41235.0,Majeed Ashimeru,4-1-4-1,4-2-3-1,Selvin Brown,,False,70,1360.43,17,1635.66,0,0,0,0,0,0,,,,,,,,,,-275.23,0,53.0,9.0,22.0,1.8,1.4,1.0,0.2,1.0
Ghana,2026-06-02,19:45,Friendlies (M),Friendlies (M),Tue,Away,D,1.0,1.0,wls Wales,,11806.0,Jordan Ayew,4-2-3-1,4-2-3-1,Oscar Johnson,,False,70,1360.43,29,1526.53,0,0,0,0,0,0,,,,,,,,,,-166.0999999999999,0,11.0,6.0,19.0,1.6,1.8,1.0,0.1666666666666666,1.0
Ghana,2026-06-17,19:00,World Cup,Group stage,Wed,Neutral,,,,Panama,,,,,,,,True,70,1360.43,37,1502.55,0,0,0,0,0,0,,,,,,,,,,-142.1199999999999,0,15.0,4.0,17.0,0.8,2.0,1.0,0.1428571428571428,1.0
Ghana,2026-06-23,16:00,World Cup,Group stage,Tue,Neutral,,,,eng England,,,,,,,,True,70,1360.43,4,1817.28,0,0,0,0,0,0,,,,,,,,,,-456.8499999999999,0,6.0,1.0,14.0,0.75,2.5,1.0,0.1428571428571428,1.0
Ghana,2026-06-27,17:00,World Cup,Group stage,Sat,Neutral,,,,Croatia,,,,,,,,True,70,1360.43,12,1699.6,0,0,0,0,0,0,,,,,,,,,,-339.16999999999985,0,4.0,1.0,11.0,0.6666666666666666,1.6666666666666667,1.0,0.1428571428571428,1.0
Haiti,2024-06-06,17:00,WCQ,Second round,Thu,Home,W,2.0,1.0,St. Lucia,,,Johny Placide,4-4-2,5-4-1,Ismail Elfath,,False,90,1262.5,173,965.66,0,0,0,0,0,0,,,,,,,,,,296.84000000000003,1,,,,,,,,
Haiti,2024-06-09,17:00,WCQ,Second round,Sun,Away,W,3.0,1.0,Barbados,,,Johny Placide,4-4-2,5-4-1,Keylor Herrera,,False,90,1262.5,177,943.8,0,0,0,0,0,0,,,,,,,,,,318.70000000000005,1,3.0,3.0,3.0,2.0,1.0,1.0,,
Haiti,2025-06-07,17:00,WCQ,Second round,Sat,Away,W,5.0,0.0,Aruba,,673.0,Johny Placide,4-3-3,3-5-2,Luis Enrique Santander,,False,86,1278.56,194,868.4,0,0,0,0,0,0,,,,,,,,,,410.15999999999997,1,363.0,6.0,6.0,2.5,1.0,1.0,1.0,
Haiti,2025-06-11,00:00,WCQ,Second round,Wed,Home,L,1.0,5.0,Curaçao,,1115.0,Johny Placide,4-3-3,4-2-3-1,Steven Madrigal,,False,86,1278.56,88,1261.38,0,0,0,0,0,0,,,,,,,,,,17.179999999999836,1,4.0,9.0,9.0,3.333333333333333,0.6666666666666666,1.0,1.0,
Haiti,2025-09-05,20:00,WCQ,Third round,Fri,Home,D,0.0,0.0,Honduras,,,Ricardo Adé,4-3-3,3-4-3,Pierre-Luc Lauzière,,False,86,1278.56,77,1311.3,0,0,0,0,0,0,,,,,,,,,,-32.74000000000001,0,86.0,9.0,9.0,2.75,1.75,0.5,1.0,
Haiti,2025-09-09,20:00,WCQ,Third round,Tue,Away,D,3.0,3.0,Costa Rica,,,Ricardo Adé,4-4-2,5-3-2,Tori Penso,,False,86,1278.56,50,1466.08,0,0,0,0,0,0,,,,,,,,,,-187.51999999999998,0,4.0,10.0,10.0,2.2,1.4,0.3333333333333333,1.0,
Haiti,2025-10-09,18:00,WCQ,Third round,Thu,Away,W,3.0,0.0,Nicaragua,,,Johny Placide,4-4-2,4-1-4-1,Víctor Cáceres,,False,86,1278.56,131,1118.04,0,0,0,0,0,0,,,,,,,,,,160.51999999999998,1,30.0,8.0,11.0,2.4,1.8,0.3333333333333333,0.6666666666666666,
Haiti,2025-10-13,18:00,WCQ,Third round,Mon,Away,L,0.0,3.0,Honduras,,15675.0,Johny Placide,4-4-2,4-1-4-1,Oshane Nation,,False,86,1278.56,77,1311.3,0,0,0,0,0,0,,,,,,,,,,-32.74000000000001,0,4.0,8.0,14.0,2.4,1.6,0.3333333333333333,0.75,
Haiti,2025-11-13,22:00,WCQ,Third round,Thu,Home,W,1.0,0.0,Costa Rica,,,Johny Placide,4-2-3-1,5-4-1,Joe Dickerson,,False,86,1278.56,50,1466.08,0,0,0,0,0,0,,,,,,,,,,-187.51999999999998,0,31.0,5.0,14.0,1.4,2.2,0.3333333333333333,0.6,
Haiti,2025-11-18,21:00,WCQ,Third round,Tue,Home,W,2.0,0.0,Nicaragua,,,Johny Placide,4-2-3-1,4-2-3-1,Mario Escobar,,False,86,1278.56,131,1118.04,0,0,0,0,0,0,,,,,,,,,,160.51999999999998,1,5.0,8.0,17.0,1.4,1.2,0.5,0.6,
Haiti,2026-03-28,20:00,Friendlies (M),Friendlies (M),Sat,Neutral,L,0.0,1.0,Tunisia,,13408.0,Ricardo Adé,4-2-3-1,4-2-3-1,Pierre-Luc Lauzière,,False,86,1278.56,36,1504.86,0,0,0,0,0,0,,,,,,,,,,-226.29999999999995,0,130.0,10.0,20.0,1.8,1.2,0.6,0.6,
Haiti,2026-03-31,13:30,Friendlies (M),Friendlies (M),Tue,Neutral,D,1.0,1.0,Iceland,,,Ricardo Adé,4-2-2-2,4-2-3-1,Carly Shaw-MacLaren,,False,86,1278.56,71,1355.75,0,0,0,0,0,0,,,,,,,,,,-77.19000000000005,0,3.0,9.0,17.0,1.2,0.8,0.6,0.6,0.0
Haiti,2026-06-02,20:36,Friendlies (M),Friendlies (M),Tue,Neutral,W,4.0,0.0,New Zealand,,,Johny Placide,4-2-2-2,4-2-3-1,Rubiel Vázquez,,False,86,1278.56,103,1199.04,0,0,0,0,0,0,,,,,,,,,,79.51999999999998,1,63.0,7.0,15.0,0.8,1.0,0.6,0.6,0.0
Haiti,2026-06-05,20:00,Friendlies (M),Friendlies (M),Fri,Neutral,L,1.0,2.0,Peru,,,Johny Placide,4-2-2-2,4-2-3-1,Filip Dujic,,False,86,1278.56,43,1483.2,0,0,0,0,0,0,,,,,,,,,,-204.6400000000001,0,3.0,10.0,15.0,1.6,0.4,0.6,0.6,0.3333333333333333
Haiti,2026-06-13,21:00,World Cup,Group stage,Sat,Neutral,L,0.0,1.0,sct Scotland,54.0,64146.0,Johny Placide,4-2-2-2,4-2-2-2,Mustapha Ghorbal,,False,86,1278.56,52,1461.75,0,0,0,0,0,0,,,,,,,,,,-183.19000000000005,0,8.0,7.0,15.0,1.6,0.8,0.6,0.6,0.25
Haiti,2026-06-19,20:30,World Cup,Group stage,Fri,Neutral,,,,Brazil,,,,,,,,True,86,1278.56,5,1772.02,0,0,0,0,0,0,,,,,,,,,,-493.46000000000004,0,6.0,4.0,14.0,1.2,1.0,0.6,0.6,0.2
Haiti,2026-06-24,18:00,World Cup,Group stage,Wed,Neutral,,,,Morocco,,,,,,,,True,86,1278.56,14,1676.14,0,0,0,0,0,0,,,,,,,,,,-397.58000000000015,0,5.0,4.0,13.0,1.5,1.0,0.6,0.6,0.2
IR Iran,2023-11-16,18:00,WCQ,Second round,Thu,Home,W,4.0,0.0,Hong Kong,,6193.0,Ehsan Hajsafi,4-2-3-1,3-4-3,Nazmi Nasaruddin,,False,21,1567.3,146,1062.39,0,0,0,0,0,0,,,,,,,,,,504.90999999999985,1,,,,,,,,
IR Iran,2023-11-21,18:00,WCQ,Second round,Tue,Away,D,2.0,2.0,Uzbekistan,,32551.0,Sardar Azmoun,4-1-4-1,3-4-3,Mohammed Abdulla Hassan,,False,21,1567.3,73,1333.09,0,0,0,0,0,0,,,,,,,,,,234.21000000000004,1,5.0,3.0,3.0,4.0,0.0,1.0,,
IR Iran,2024-03-21,20:30,WCQ,Second round,Thu,Home,W,5.0,0.0,Turkmenistan,,23109.0,Mehdi Taremi,4-1-3-2,4-2-3-1,Yūsuke Araki,,False,20,1608.23,141,1078.25,0,0,0,0,0,0,,,,,,,,,,529.98,1,121.0,4.0,4.0,3.0,1.0,1.0,0.0,
IR Iran,2024-03-26,20:00,WCQ,Second round,Tue,Away,W,1.0,0.0,Turkmenistan,,10230.0,Mehdi Taremi,4-2-2-2,4-1-4-1,Sivakorn Pu-udom,,False,20,1608.23,141,1078.25,0,0,0,0,0,0,,,,,,,,,,529.98,1,5.0,7.0,7.0,3.6666666666666665,0.6666666666666666,1.0,0.0,
IR Iran,2024-06-06,20:00,WCQ,Second round,Thu,Away,W,4.0,2.0,Hong Kong,,9992.0,Alireza Jahanbakhsh,4-2-2-2,4-2-2-2,Qasim Matar Al Hatmi,,False,20,1613.96,146,1062.39,0,0,0,0,0,0,,,,,,,,,,551.5699999999999,1,72.0,10.0,10.0,3.0,0.5,1.0,0.5,
IR Iran,2024-06-11,21:30,WCQ,Second round,Tue,Home,D,0.0,0.0,Uzbekistan,,15468.0,Alireza Jahanbakhsh,4-2-3-1,3-4-3,Kim Jonghyeok,,False,20,1613.96,64,1386.58,0,0,0,0,0,0,,,,,,,,,,227.3800000000001,1,5.0,13.0,13.0,3.2,0.8,1.0,0.6666666666666666,
IR Iran,2024-09-05,20:30,WCQ,Third round,Thu,Home,W,1.0,0.0,Kyrgyz Republic,67.0,12077.0,Mehdi Taremi,4-2-3-1,5-3-2,Yūsuke Araki,,False,20,1611.16,102,1213.58,0,0,0,0,0,0,,,,,,,,,,397.58000000000015,1,86.0,11.0,14.0,2.4,0.8,0.6666666666666666,0.6666666666666666,
IR Iran,2024-09-10,20:00,WCQ,Third round,Tue,Away,W,1.0,0.0,UAE,40.0,17826.0,Alireza Jahanbakhsh,4-2-3-1,4-1-4-1,Kim Jonghyeok,,False,20,1611.16,69,1368.84,0,0,0,0,0,0,,,,,,,,,,242.32000000000016,1,5.0,13.0,17.0,2.2,0.4,0.75,0.6666666666666666,
IR Iran,2024-10-10,19:00,WCQ,Third round,Thu,Away,D,0.0,0.0,Uzbekistan,56.0,33829.0,Alireza Beiranvand,4-2-3-1,5-4-1,Shaun Evans,,False,19,1622.92,60,1413.06,0,0,0,0,0,0,,,,,,,,,,209.86000000000013,1,30.0,13.0,20.0,1.4,0.4,0.75,0.75,
IR Iran,2024-10-15,19:30,WCQ,Third round,Tue,Neutral,W,4.0,1.0,Qatar,46.0,7890.0,Mehdi Taremi,4-2-3-1,4-4-1-1,Yūsuke Araki,,False,19,1622.92,44,1481.69,0,0,0,0,0,0,,,,,,,,,,141.23000000000002,1,5.0,11.0,21.0,1.2,0.4,0.75,0.6,
IR Iran,2024-11-14,19:00,WCQ,Third round,Thu,Neutral,W,3.0,2.0,Korea DPR,49.0,150.0,Mehdi Taremi,4-2-3-1,4-2-2-2,Sadullo Gulmurodi,,False,19,1622.92,111,1183.02,0,0,0,0,0,0,,,,,,,,,,439.9000000000001,1,30.0,11.0,24.0,1.2,0.2,0.75,0.6,1.0
IR Iran,2024-11-19,20:00,WCQ,Third round,Tue,Away,W,3.0,2.0,Kyrgyz Republic,61.0,10021.0,Mehdi Taremi,4-2-3-1,3-4-3,Ma Ning,,False,19,1622.92,106,1201.11,0,0,0,0,0,0,,,,,,,,,,421.8100000000002,1,5.0,13.0,24.0,1.8,0.6,0.75,0.6,1.0
IR Iran,2025-03-20,19:30,WCQ,Third round,Thu,Home,W,2.0,0.0,UAE,56.0,20469.0,Alireza Jahanbakhsh,4-2-3-1,5-4-1,Ko Hyungjin,,False,19,1622.92,69,1377.22,0,0,0,0,0,0,,,,,,,,,,245.70000000000005,1,121.0,13.0,26.0,2.2,1.0,0.75,0.6666666666666666,1.0
IR Iran,2025-03-25,19:30,WCQ,Third round,Tue,Home,D,2.0,2.0,Uzbekistan,61.0,36702.0,Alireza Jahanbakhsh,4-2-3-1,3-4-3,Ahmed Abu Bakar Al Kaf,,False,19,1622.92,60,1413.06,0,0,0,0,0,0,,,,,,,,,,209.86000000000013,1,5.0,13.0,26.0,2.4,1.0,0.8,0.6666666666666666,1.0
IR Iran,2025-06-05,21:15,WCQ,Third round,Thu,Away,L,0.0,1.0,Qatar,48.0,8925.0,Mehdi Taremi,4-2-3-1,4-2-3-1,Mohammed Khaled Al Hoish,,False,19,1622.92,44,1481.69,0,0,0,0,0,0,,,,,,,,,,141.23000000000002,1,72.0,13.0,24.0,2.8,1.4,0.6666666666666666,0.6666666666666666,1.0
IR Iran,2025-06-10,19:30,WCQ,Third round,Tue,Home,W,3.0,0.0,Korea DPR,69.0,16803.0,Mehdi Taremi,4-1-4-1,4-2-3-1,Nazmi Nasaruddin,,False,19,1622.92,111,1183.02,0,0,0,0,0,0,,,,,,,,,,439.9000000000001,1,5.0,10.0,21.0,2.0,1.4,0.6666666666666666,0.5714285714285714,1.0
IR Iran,2026-05-29,18:30,Friendlies (M),Friendlies (M),Fri,Neutral,W,3.0,1.0,Gambia,,,Ehsan Hajsafi,4-2-3-1,5-4-1,Atilla Karaoğlan,,False,19,1622.92,124,1137.47,0,0,0,0,0,0,,,,,,,,,,485.45000000000005,1,353.0,10.0,23.0,2.0,1.0,0.7142857142857143,0.5714285714285714,1.0
IR Iran,2026-06-04,19:30,Friendlies (M),Friendlies (M),Thu,Neutral,W,2.0,0.0,Mali,,,,,,,,False,19,1622.92,54,1455.16,0,0,0,0,0,0,,,,,,,,,,167.76,1,6.0,10.0,23.0,2.0,0.8,0.7142857142857143,0.5714285714285714,1.0
IR Iran,2026-06-15,18:00,World Cup,Group stage,Mon,Neutral,,,,New Zealand,,,,,,,,True,19,1622.92,103,1199.04,0,0,0,0,0,0,,,,,,,,,,423.8800000000001,1,11.0,10.0,23.0,2.0,0.8,0.7142857142857143,0.5714285714285714,1.0
IR Iran,2026-06-21,12:00,World Cup,Group stage,Sun,Neutral,,,,Belgium,,,,,,,,True,19,1622.92,6,1768.14,0,0,0,0,0,0,,,,,,,,,,-145.22000000000003,0,6.0,9.0,22.0,2.0,0.5,0.7142857142857143,0.5714285714285714,1.0
IR Iran,2026-06-26,20:00,World Cup,Group stage,Fri,Neutral,,,,Egypt,,,,,,,,True,19,1622.92,31,1515.64,0,0,0,0,0,0,,,,,,,,,,107.27999999999997,1,5.0,9.0,19.0,2.6666666666666665,0.3333333333333333,0.7142857142857143,0.5714285714285714,1.0
Iraq,2023-11-16,17:45,WCQ,Second round,Thu,Home,W,5.0,1.0,Indonesia,,64447.0,Jalal Hassan,4-2-3-1,3-4-3,Ahmed Eisa Darwish,,False,68,1349.73,145,1069.82,0,0,0,0,0,0,,,,,,,,,,279.9100000000001,1,,,,,,,,
Iraq,2023-11-21,19:00,WCQ,Second round,Tue,Away,W,1.0,0.0,Vietnam,,20568.0,Jalal Hassan,4-2-3-1,3-4-3,Abdulla Ali Al Athba,,False,68,1349.73,94,1236.25,0,0,0,0,0,0,,,,,,,,,,113.48000000000002,1,5.0,3.0,3.0,5.0,1.0,1.0,,
Iraq,2024-03-21,22:00,WCQ,Second round,Thu,Home,W,1.0,0.0,Philippines,,63750.0,Jalal Hassan,4-2-3-1,4-4-2,Abdullah Jamali,,False,59,1409.44,139,1086.17,0,0,0,0,0,0,,,,,,,,,,323.27,1,121.0,6.0,6.0,3.0,0.5,1.0,1.0,
Iraq,2024-03-26,19:00,WCQ,Second round,Tue,Away,W,5.0,0.0,Philippines,,10014.0,Jalal Hassan,4-2-3-1,5-3-2,Nazmi Nasaruddin,,False,59,1409.44,139,1086.17,0,0,0,0,0,0,,,,,,,,,,323.27,1,5.0,9.0,9.0,2.333333333333333,0.3333333333333333,1.0,1.0,
Iraq,2024-06-06,16:00,WCQ,Second round,Thu,Away,W,2.0,0.0,Indonesia,,60245.0,Jalal Hassan,4-2-3-1,3-4-3,Shaun Evans,,False,58,1420.47,134,1102.7,0,0,0,0,0,0,,,,,,,,,,317.77,1,72.0,12.0,12.0,3.0,0.25,1.0,1.0,
Iraq,2024-06-11,21:00,WCQ,Second round,Tue,Home,W,3.0,1.0,Vietnam,,42791.0,Jalal Hassan,4-2-3-1,5-4-1,Omar Mohamed Al Ali,,False,58,1420.47,115,1164.54,0,0,0,0,0,0,,,,,,,,,,255.93000000000006,1,5.0,15.0,15.0,2.8,0.2,1.0,1.0,
Iraq,2024-09-05,19:00,WCQ,Third round,Thu,Home,W,1.0,0.0,Oman,42.0,63720.0,Jalal Hassan,4-2-3-1,4-2-3-1,Khalid Saleh Al Turais,,False,55,1433.07,76,1326.18,0,0,0,0,0,0,,,,,,,,,,106.88999999999987,1,86.0,15.0,18.0,2.4,0.2,1.0,1.0,
Iraq,2024-09-10,21:00,WCQ,Third round,Tue,Away,D,0.0,0.0,Kuwait,41.0,58000.0,Jalal Hassan,3-4-1-2,5-4-1,Hiroyuki Kimura,,False,55,1433.07,136,1098.42,0,0,0,0,0,0,,,,,,,,,,334.64999999999986,1,5.0,15.0,21.0,2.4,0.2,1.0,1.0,
Iraq,2024-10-10,21:00,WCQ,Third round,Thu,Home,W,1.0,0.0,Palestine,59.0,44773.0,Jalal Hassan,4-2-3-1,4-2-2-2,Adel Ali Al Naqbi,,False,55,1435.9,98,1228.99,0,0,0,0,0,0,,,,,,,,,,206.91000000000008,1,30.0,13.0,22.0,2.2,0.2,1.0,0.75,
Iraq,2024-10-15,20:00,WCQ,Third round,Tue,Away,L,2.0,3.0,Korea Republic,24.0,35198.0,Jalal Hassan,4-2-3-1,4-2-3-1,Rustam Lutfullin,,False,55,1435.9,23,1572.61,0,0,0,0,0,0,,,,,,,,,,-136.7099999999998,0,5.0,13.0,25.0,1.4,0.2,1.0,0.75,
Iraq,2024-11-14,19:15,WCQ,Third round,Thu,Home,D,0.0,0.0,Jordan,59.0,65000.0,Saad Abdul-Amir,4-2-3-1,3-4-3,Mohammed Khaled Al Hoish,,False,55,1435.9,68,1377.52,0,0,0,0,0,0,,,,,,,,,,58.38000000000011,1,30.0,10.0,25.0,1.4,0.8,1.0,0.6,
Iraq,2024-11-19,20:00,WCQ,Third round,Tue,Away,W,1.0,0.0,Oman,42.0,26377.0,Ahmed Yasin Ghani,4-2-3-1,4-2-3-1,Omar Mohamed Al Ali,,False,55,1435.9,78,1309.27,0,0,0,0,0,0,,,,,,,,,,126.63000000000011,1,5.0,8.0,23.0,0.8,0.6,0.8333333333333334,0.6,
Iraq,2025-03-20,21:15,WCQ,Third round,Thu,Home,D,2.0,2.0,Kuwait,62.0,45851.0,Ayman Hussein,4-2-2-2,4-1-4-1,Ma Ning,,False,55,1435.9,134,1111.62,0,0,0,0,0,0,,,,,,,,,,324.2800000000002,1,121.0,8.0,23.0,0.8,0.6,0.8333333333333334,0.6666666666666666,
Iraq,2025-03-25,21:15,WCQ,Third round,Tue,Away,L,1.0,2.0,Palestine,46.0,7305.0,Ayman Hussein,3-4-3,4-2-3-1,Khalid Saleh Al Turais,,False,55,1435.9,98,1228.99,0,0,0,0,0,0,,,,,,,,,,206.91000000000008,1,5.0,8.0,21.0,1.2,1.0,0.7142857142857143,0.6666666666666666,
Iraq,2025-06-05,21:15,WCQ,Third round,Thu,Home,L,0.0,2.0,Korea Republic,24.0,55972.0,Jalal Hassan,4-2-3-1,4-2-3-1,Yūsuke Araki,,False,55,1435.9,23,1572.61,0,0,0,0,0,0,,,,,,,,,,-136.7099999999998,0,72.0,5.0,18.0,1.2,1.4,0.7142857142857143,0.5714285714285714,
Iraq,2025-06-10,21:15,WCQ,Third round,Tue,Away,W,1.0,0.0,Jordan,59.0,15502.0,Jalal Hassan,4-2-3-1,3-4-3,Omar Mohamed Al Ali,,False,55,1435.9,68,1377.52,0,0,0,0,0,0,,,,,,,,,,58.38000000000011,1,5.0,5.0,15.0,0.8,1.2,0.625,0.5714285714285714,
Iraq,2025-10-11,22:30,WCQ,Fourth round,Sat,Home,W,1.0,0.0,Indonesia,45.0,14687.0,Jalal Hassan,4-2-2-2,4-2-3-1,Ma Ning,,False,55,1435.9,129,1124.17,0,0,0,0,0,0,,,,,,,,,,311.73,1,123.0,7.0,15.0,1.0,1.2,0.625,0.625,
Iraq,2025-10-14,21:45,WCQ,Fourth round,Tue,Away,D,0.0,0.0,Saudi Arabia,38.0,60816.0,Jalal Hassan,4-2-3-1,4-2-3-1,Adham Makhadmeh,,False,55,1435.9,56,1433.16,0,0,0,0,0,0,,,,,,,,,,2.740000000000009,1,3.0,7.0,15.0,1.0,1.2,0.6666666666666666,0.625,
Iraq,2025-11-13,20:00,WCQ,Fifth round,Thu,Away,D,1.0,1.0,UAE,49.0,32008.0,Jalal Hassan,4-2-2-2,4-2-3-1,Shaun Evans,Leg 1 of 2,False,55,1435.9,69,1377.22,0,0,0,0,0,0,,,,,,,,,,58.680000000000064,1,30.0,7.0,15.0,0.6,0.8,0.6666666666666666,0.5555555555555556,
Iraq,2025-11-18,19:00,WCQ,Fifth round,Tue,Home,W,2.0,1.0,UAE,50.0,62444.0,Jalal Hassan,4-2-3-1,4-2-3-1,Yūsuke Araki,Leg 2 of 2; Iraq won,False,55,1435.9,69,1377.22,0,0,0,0,0,0,,,,,,,,,,58.680000000000064,1,5.0,8.0,13.0,0.6,0.6,0.6666666666666666,0.5,
Iraq,2026-03-31,21:00,WCQ Play-offs,WCQ — Inter-confederation play-offs finals (M),Tue,Neutral,W,2.0,1.0,Bolivia,,49286.0,Ayman Hussein,4-1-3-2,4-1-4-1,Iván Barton,,False,55,1435.9,83,1293.76,0,0,0,0,0,0,,,,,,,,,,142.1400000000001,1,133.0,11.0,16.0,1.0,0.4,0.7,0.5,
Iraq,2026-05-29,18:00,Friendlies (M),Friendlies (M),Fri,Neutral,W,1.0,0.0,Andorra,,,Mohanad Ali,4-2-2-2,5-4-1,Ricardo de Burgos,,False,55,1435.9,169,981.7,0,0,0,0,0,0,,,,,,,,,,454.20000000000005,1,59.0,11.0,18.0,1.2,0.6,0.7,0.5,1.0
Iraq,2026-06-04,21:00,Friendlies (M),Friendlies (M),Thu,Away,D,1.0,1.0,Spain,,30423.0,Ibrahim Bayesh,4-2-2-2,4-1-4-1,Florian Badstübner,,False,55,1435.9,3,1836.42,0,0,0,0,0,0,,,,,,,,,,-400.52,0,6.0,11.0,18.0,1.2,0.6,0.7,0.5,1.0
Iraq,2026-06-09,20:00,Friendlies (M),Friendlies (M),Tue,Neutral,L,0.0,2.0,Venezuela,,,Jalal Hassan,4-2-2-2,4-2-3-1,Filip Dujic,,False,55,1435.9,40,1488.56,0,0,0,0,0,0,,,,,,,,,,-52.659999999999854,0,5.0,11.0,18.0,1.4,0.8,0.7,0.4545454545454545,1.0
Iraq,2026-06-16,18:00,World Cup,Group stage,Tue,Neutral,,,,Norway,,,,,,,,True,55,1435.9,47,1472.16,0,0,0,0,0,0,,,,,,,,,,-36.25999999999999,0,7.0,10.0,18.0,1.2,1.0,0.7,0.4545454545454545,0.6666666666666666
Iraq,2026-06-22,17:00,World Cup,Group stage,Mon,Neutral,,,,France,,,,,,,,True,55,1435.9,2,1851.92,0,0,0,0,0,0,,,,,,,,,,-416.02,0,6.0,7.0,18.0,1.0,1.0,0.7,0.4545454545454545,0.6666666666666666
Iraq,2026-06-26,15:00,World Cup,Group stage,Fri,Neutral,,,,Senegal,,,,,,,,True,55,1435.9,21,1620.87,0,0,0,0,0,0,,,,,,,,,,-184.9699999999998,0,4.0,4.0,15.0,0.6666666666666666,1.0,0.7,0.4545454545454545,0.6666666666666666
Japan,2023-11-16,19:02,WCQ,Second round,Thu,Home,W,5.0,0.0,Myanmar,,34484.0,Yuta Nakayama,4-1-4-1,5-4-1,Taqi Aljaafari,,False,18,1612.99,158,1011.73,0,0,0,0,0,0,,,,,,,,,,601.26,1,,,,,,,,
Japan,2023-11-21,17:45,WCQ,Second round,Tue,Away,W,5.0,0.0,Syria,,6130.0,Wataru Endo,4-2-3-1,4-1-4-1,Ma Ning,,False,18,1612.99,92,1239.37,0,0,0,0,0,0,,,,,,,,,,373.6200000000001,1,5.0,3.0,3.0,5.0,0.0,1.0,,
Japan,2024-03-21,19:23,WCQ,Second round,Thu,Home,W,1.0,0.0,Korea DPR,,59354.0,Ko Itakura,4-2-3-1,4-2-2-2,Adel Ali Al Naqbi,,False,18,1614.33,114,1168.12,0,0,0,0,0,0,,,,,,,,,,446.21000000000004,1,121.0,6.0,6.0,5.0,0.0,1.0,1.0,
Japan,2024-03-26,17:00,WCQ,Second round,Tue,Away,W,3.0,0.0,Korea DPR,,,,,,Abdulrahman Ibrahim Al Jassim,Match awarded to Japan,False,18,1614.33,114,1168.12,0,0,0,0,0,0,,,,,,,,,,446.21000000000004,1,5.0,9.0,9.0,3.6666666666666665,0.0,1.0,1.0,
Japan,2024-06-06,18:40,WCQ,Second round,Thu,Away,W,5.0,0.0,Myanmar,,21200.0,Shogo Taniguchi,3-4-3,5-4-1,Majed Mohammed Al Shamrani,,False,18,1621.88,163,999.46,0,0,0,0,0,0,,,,,,,,,,622.4200000000001,1,72.0,12.0,12.0,3.5,0.0,1.0,1.0,
Japan,2024-06-11,19:14,WCQ,Second round,Tue,Home,W,5.0,0.0,Syria,,26650.0,Wataru Endo,4-2-3-1,4-2-2-2,Ahmad Al Ali,,False,18,1621.88,89,1266.52,0,0,0,0,0,0,,,,,,,,,,355.3600000000001,1,5.0,15.0,15.0,3.8,0.0,1.0,1.0,
Japan,2024-09-05,19:35,WCQ,Third round,Thu,Home,W,7.0,0.0,China PR,77.0,52398.0,Wataru Endo,3-4-3,4-2-2-2,Abdulrahman Ibrahim Al Jassim,,False,18,1628.81,87,1267.51,0,0,0,0,0,0,,,,,,,,,,361.29999999999995,1,86.0,15.0,18.0,3.8,0.0,1.0,1.0,
Japan,2024-09-10,19:00,WCQ,Third round,Tue,Away,W,5.0,0.0,Bahrain,76.0,22729.0,Wataru Endo,3-4-3,4-2-3-1,Rustam Lutfullin,,False,18,1628.81,80,1302.86,0,0,0,0,0,0,,,,,,,,,,325.95000000000005,1,5.0,15.0,21.0,4.2,0.0,1.0,1.0,
Japan,2024-10-10,21:00,WCQ,Third round,Thu,Away,W,2.0,0.0,Saudi Arabia,43.0,56283.0,Wataru Endo,3-4-3,4-1-4-1,Kim Jonghyeok,,False,16,1639.6,56,1433.16,0,0,0,0,0,0,,,,,,,,,,206.43999999999983,1,30.0,15.0,24.0,5.0,0.0,1.0,1.0,
Japan,2024-10-15,19:35,WCQ,Third round,Tue,Home,D,1.0,1.0,Australia,65.0,58730.0,Hidemasa Morita,3-4-3,5-4-1,Ahmad Al Ali,,False,16,1639.6,25,1544.3,2,1,1,0,2,3,,,,,,,,,,95.29999999999995,1,5.0,15.0,27.0,4.8,0.0,1.0,1.0,
Japan,2024-11-15,19:00,WCQ,Third round,Fri,Away,W,4.0,0.0,Indonesia,66.0,60304.0,Wataru Endo,3-4-3,5-3-2,Mooud Bonyadifard,,False,16,1639.6,129,1124.17,0,0,0,0,0,0,,,,,,,,,,515.4299999999998,1,31.0,13.0,28.0,4.0,0.2,0.8,1.0,
Japan,2024-11-19,20:00,WCQ,Third round,Tue,Away,W,3.0,1.0,China PR,68.0,45336.0,Wataru Endo,3-4-3,4-3-1-2,Taqi Aljaafari,,False,16,1639.6,91,1253.77,0,0,0,0,0,0,,,,,,,,,,385.8299999999999,1,4.0,13.0,28.0,3.8,0.2,0.8,1.0,
Japan,2025-03-20,19:35,WCQ,Third round,Thu,Home,W,2.0,0.0,Bahrain,61.0,58137.0,Wataru Endo,3-4-3,4-2-3-1,Abdulrahman Ibrahim Al Jassim,,False,16,1639.6,76,1315.49,0,0,0,0,0,0,,,,,,,,,,324.1099999999999,1,121.0,13.0,28.0,3.0,0.4,0.8,1.0,
Japan,2025-03-25,19:35,WCQ,Third round,Tue,Home,D,0.0,0.0,Saudi Arabia,78.0,58003.0,Wataru Endo,3-4-3,5-4-1,Ahmad Al Ali,,False,16,1639.6,56,1433.16,0,0,0,0,0,0,,,,,,,,,,206.43999999999983,1,5.0,13.0,28.0,2.4,0.4,0.8333333333333334,1.0,
Japan,2025-06-05,21:10,WCQ,Third round,Thu,Away,L,0.0,1.0,Australia,69.0,57226.0,Daichi Kamada,3-4-3,3-4-3,Qasim Matar Al Hatmi,,False,16,1639.6,25,1544.3,2,1,1,0,2,3,,,,,,,,,,95.29999999999995,1,72.0,11.0,26.0,2.0,0.4,0.7142857142857143,1.0,
Japan,2025-06-10,19:35,WCQ,Third round,Tue,Home,W,6.0,0.0,Indonesia,71.0,33661.0,Takefusa Kubo,3-4-3,5-4-1,Kim Jonghyeok,,False,16,1639.6,129,1124.17,0,0,0,0,0,0,,,,,,,,,,515.4299999999998,1,5.0,10.0,23.0,1.8,0.4,0.7142857142857143,0.875,
Japan,2026-03-28,17:00,Friendlies (M),Friendlies (M),Sat,Away,W,1.0,0.0,sct Scotland,,44644.0,Daizen Maeda,3-4-3,4-2-3-1,Shaun Evans,,False,16,1639.6,52,1461.75,1,1,0,0,2,1,,,,,,,,,,177.8499999999999,1,291.0,10.0,23.0,2.2,0.4,0.75,0.875,
Japan,2026-03-31,19:45,Friendlies (M),Friendlies (M),Tue,Away,W,1.0,0.0,eng England,,79233.0,Ritsu Doan,3-4-3,4-2-3-1,Nick Walsh,,False,16,1639.6,4,1817.28,4,1,2,1,4,7,,,,,,,,,,-177.68000000000006,0,3.0,10.0,23.0,1.8,0.2,0.75,0.8888888888888888,
Japan,2026-05-31,19:25,Friendlies (M),Friendlies (M),Sun,Home,W,1.0,0.0,Iceland,,62212.0,Maya Yoshida,3-4-3,5-4-1,Damian Kos,,False,16,1639.6,71,1355.75,0,0,0,0,0,0,,,,,,,,,,283.8499999999999,1,61.0,10.0,23.0,1.6,0.2,0.75,0.9,
Japan,2026-06-14,15:00,World Cup,Group stage,Sun,Neutral,,,,Netherlands,,,,,,,,True,16,1639.6,7,1759.95,3,1,2,0,3,4,,,,,,,,,,-120.35000000000014,0,14.0,12.0,23.0,1.8,0.2,0.7777777777777778,0.9,
Japan,2026-06-20,22:00,World Cup,Group stage,Sat,Neutral,,,,Tunisia,,,,,,,,True,16,1639.6,36,1504.86,1,1,0,0,2,0,,,,,,,,,,134.74,1,6.0,12.0,22.0,2.25,0.0,0.7777777777777778,0.9,
Japan,2026-06-25,18:00,World Cup,Group stage,Thu,Neutral,,,,Sweden,,,,,,,,True,16,1639.6,28,1528.18,3,1,2,0,3,11,,,,,,,,,,111.41999999999985,1,5.0,9.0,19.0,1.0,0.0,0.7777777777777778,0.9,
Jordan,2023-11-16,18:00,WCQ,Second round,Thu,Away,D,1.0,1.0,Tajikistan,,13650.0,Ihsan Haddad,4-1-4-1,4-2-3-1,Ali Sabah Al Qaysi,,False,82,1284.39,109,1187.23,0,0,0,0,0,0,,,,,,,,,,97.16000000000008,1,,,,,,,,
Jordan,2023-11-21,18:00,WCQ,Second round,Tue,Home,L,0.0,2.0,Saudi Arabia,,13845.0,Ihsan Haddad,4-1-4-1,3-5-2,Ahmed Abu Bakar Al Kaf,,False,82,1284.39,57,1408.85,0,0,0,0,0,0,,,,,,,,,,-124.45999999999981,0,5.0,1.0,1.0,1.0,1.0,,0.0,
Jordan,2024-03-21,14:00,WCQ,Second round,Thu,Away,W,3.0,0.0,Pakistan,,9625.0,Ihsan Haddad,3-4-3,4-2-2-2,Rustam Lutfullin,,False,70,1343.6,195,856.54,0,0,0,0,0,0,,,,,,,,,,487.05999999999995,1,121.0,1.0,1.0,0.5,1.5,0.0,0.0,
Jordan,2024-03-26,21:00,WCQ,Second round,Tue,Home,W,7.0,0.0,Pakistan,,14695.0,Ihsan Haddad,3-4-3,5-3-2,Nivon Robesh,,False,70,1343.6,195,856.54,0,0,0,0,0,0,,,,,,,,,,487.05999999999995,1,5.0,4.0,4.0,1.3333333333333333,1.0,0.0,0.5,
Jordan,2024-06-06,20:30,WCQ,Second round,Thu,Home,W,3.0,0.0,Tajikistan,,14795.0,Ihsan Haddad,3-4-3,4-1-4-1,Ahmed Abu Bakar Al Kaf,,False,71,1350.21,99,1216.76,0,0,0,0,0,0,,,,,,,,,,133.45000000000005,1,72.0,7.0,7.0,2.75,0.75,0.5,0.5,
Jordan,2024-06-11,21:00,WCQ,Second round,Tue,Away,W,2.0,1.0,Saudi Arabia,,17871.0,Ihsan Haddad,5-4-1,3-1-4-2,Adel Ali Al Naqbi,,False,71,1350.21,53,1443.53,0,0,0,0,0,0,,,,,,,,,,-93.31999999999994,0,5.0,10.0,10.0,2.8,0.6,0.6666666666666666,0.5,
Jordan,2024-09-05,21:00,WCQ,Third round,Thu,Home,D,1.0,1.0,Kuwait,46.0,13555.0,Mahmoud Al-Mardi,3-4-3,5-3-2,Adel Ali Al Naqbi,,False,68,1374.13,136,1098.42,0,0,0,0,0,0,,,,,,,,,,275.71000000000004,1,86.0,12.0,13.0,3.0,0.6,0.6666666666666666,0.6666666666666666,
Jordan,2024-09-10,22:00,WCQ,Third round,Tue,Neutral,W,3.0,1.0,Palestine,45.0,3012.0,Ihsan Haddad,3-4-3,4-2-2-2,Majed Mohammed Al Shamrani,,False,68,1374.13,96,1231.25,0,0,0,0,0,0,,,,,,,,,,142.8800000000001,1,5.0,13.0,14.0,3.2,0.4,0.5,0.6666666666666666,
Jordan,2024-10-10,17:00,WCQ,Third round,Thu,Home,L,0.0,2.0,Korea Republic,25.0,14655.0,Ihsan Haddad,3-4-3,4-2-3-1,Hiroyuki Kimura,,False,68,1377.52,23,1572.61,0,0,0,0,0,0,,,,,,,,,,-195.08999999999992,0,30.0,13.0,17.0,3.2,0.6,0.5,0.6666666666666666,1.0
Jordan,2024-10-15,19:00,WCQ,Third round,Tue,Home,W,4.0,0.0,Oman,42.0,14515.0,Ihsan Haddad,3-4-3,4-2-2-2,Khalid Saleh Al Turais,,False,68,1377.52,78,1309.27,0,0,0,0,0,0,,,,,,,,,,68.25,1,5.0,10.0,17.0,1.8,1.0,0.4,0.6666666666666666,1.0
Jordan,2024-11-14,19:15,WCQ,Third round,Thu,Away,D,0.0,0.0,Iraq,41.0,65000.0,Ihsan Haddad,3-4-3,4-2-3-1,Mohammed Khaled Al Hoish,,False,68,1377.52,55,1435.9,0,0,0,0,0,0,,,,,,,,,,-58.38000000000011,0,30.0,10.0,20.0,2.0,1.0,0.5,0.6666666666666666,1.0
Jordan,2024-11-19,21:15,WCQ,Third round,Tue,Away,D,1.0,1.0,Kuwait,51.0,29400.0,Ihsan Haddad,3-4-3,4-2-3-1,Nazmi Nasaruddin,,False,68,1377.52,134,1111.62,0,0,0,0,0,0,,,,,,,,,,265.9000000000001,1,5.0,8.0,20.0,1.6,0.8,0.5,0.5,1.0
Jordan,2025-03-20,21:15,WCQ,Third round,Thu,Home,W,3.0,1.0,Palestine,49.0,9555.0,Ihsan Haddad,3-4-3,4-2-3-1,Shaun Evans,,False,68,1377.52,98,1228.99,0,0,0,0,0,0,,,,,,,,,,148.52999999999997,1,121.0,8.0,21.0,1.6,0.8,0.5,0.4,1.0
Jordan,2025-03-25,20:00,WCQ,Third round,Tue,Away,D,1.0,1.0,Korea Republic,25.0,41532.0,Ihsan Haddad,3-4-3,4-2-3-1,Ilgiz Tantashev,,False,68,1377.52,23,1572.61,0,0,0,0,0,0,,,,,,,,,,-195.08999999999992,0,5.0,8.0,21.0,1.6,0.8,0.5714285714285714,0.4,1.0
Jordan,2025-06-05,20:00,WCQ,Third round,Thu,Away,W,3.0,0.0,Oman,41.0,13878.0,Yazan Al-Arab,3-4-3,5-4-1,Khalid Saleh Al Turais,,False,68,1377.52,78,1309.27,0,0,0,0,0,0,,,,,,,,,,68.25,1,72.0,9.0,19.0,1.8,0.6,0.5714285714285714,0.3333333333333333,1.0
Jordan,2025-06-10,21:15,WCQ,Third round,Tue,Home,L,0.0,1.0,Iraq,41.0,15502.0,Mahmoud Al-Mardi,3-4-3,4-2-3-1,Omar Mohamed Al Ali,,False,68,1377.52,55,1435.9,0,0,0,0,0,0,,,,,,,,,,-58.38000000000011,0,5.0,9.0,19.0,1.6,0.6,0.5714285714285714,0.4285714285714285,1.0
Jordan,2026-05-31,15:00,Friendlies (M),Friendlies (M),Sun,Away,L,1.0,4.0,Switzerland,,13380.0,Ihsan Haddad,5-3-2,3-4-3,Rohit Saggi,,False,68,1377.52,15,1641.0,0,0,0,0,0,0,,,,,,,,,,-263.48,0,355.0,8.0,16.0,1.6,0.8,0.5,0.4285714285714285,1.0
Jordan,2026-06-07,16:00,Friendlies (M),Friendlies (M),Sun,Neutral,L,0.0,2.0,Colombia,,28831.0,Ihsan Haddad,5-4-1,4-1-4-1,Rafael López,,False,68,1377.52,9,1738.72,0,0,0,0,0,0,,,,,,,,,,-361.20000000000005,0,7.0,7.0,15.0,1.6,1.4,0.5,0.375,1.0
Jordan,2026-06-16,21:00,World Cup,Group stage,Tue,Neutral,,,,Austria,,,,,,,,True,68,1377.52,22,1580.37,0,0,0,0,0,0,,,,,,,,,,-202.8499999999999,0,9.0,4.0,12.0,1.0,1.6,0.5,0.375,0.5
Jordan,2026-06-22,20:00,World Cup,Group stage,Mon,Neutral,,,,Algeria,,,,,,,,True,68,1377.52,41,1486.03,0,0,0,0,0,0,,,,,,,,,,-108.50999999999999,0,6.0,3.0,12.0,1.0,1.75,0.5,0.375,0.5
Jordan,2026-06-27,21:00,World Cup,Group stage,Sat,Neutral,,,,Argentina,,,,,,,,True,68,1377.52,1,1889.02,0,0,0,0,0,0,,,,,,,,,,-511.5,0,5.0,0.0,9.0,0.3333333333333333,2.333333333333333,0.5,0.375,0.5
Korea Republic,2023-11-16,20:00,WCQ,Second round,Thu,Home,W,5.0,0.0,Singapore,,64381.0,Son Heung-min,4-1-4-1,5-4-1,Bijan Heidari,,False,24,1540.35,155,1032.89,0,0,0,0,0,0,,,,,,,,,,507.4599999999998,1,,,,,,,,
Korea Republic,2023-11-21,20:00,WCQ,Second round,Tue,Away,W,3.0,0.0,China PR,,39969.0,Son Heung-min,4-2-3-1,3-4-3,Abdulrahman Ibrahim Al Jassim,,False,24,1540.35,79,1296.99,0,0,0,0,0,0,,,,,,,,,,243.3599999999999,1,5.0,3.0,3.0,5.0,0.0,1.0,,
Korea Republic,2024-03-21,20:00,WCQ,Second round,Thu,Home,D,1.0,1.0,Thailand,,64912.0,Son Heung-min,4-1-4-1,4-2-2-2,Khalid Saleh Al Turais,,False,22,1566.21,101,1206.72,0,0,0,0,0,0,,,,,,,,,,359.49,1,121.0,6.0,6.0,4.0,0.0,1.0,1.0,
Korea Republic,2024-03-26,19:30,WCQ,Second round,Tue,Away,W,3.0,0.0,Thailand,,45458.0,Son Heung-min,4-1-4-1,4-2-3-1,Adham Makhadmeh,,False,22,1566.21,101,1206.72,0,0,0,0,0,0,,,,,,,,,,359.49,1,5.0,7.0,7.0,3.0,0.3333333333333333,0.5,1.0,
Korea Republic,2024-06-06,20:00,WCQ,Second round,Thu,Away,W,7.0,0.0,Singapore,,49097.0,Son Heung-min,4-1-4-1,4-4-2,Sadullo Gulmurodi,,False,23,1563.99,155,1019.06,0,0,0,0,0,0,,,,,,,,,,544.9300000000001,1,72.0,10.0,10.0,3.0,0.25,0.5,1.0,
Korea Republic,2024-06-11,20:00,WCQ,Second round,Tue,Home,W,1.0,0.0,China PR,,64935.0,Son Heung-min,4-1-4-1,4-2-2-2,Mohammed Khaled Al Hoish,,False,23,1563.99,88,1275.22,0,0,0,0,0,0,,,,,,,,,,288.77,1,5.0,13.0,13.0,3.8,0.2,0.5,1.0,
Korea Republic,2024-09-05,20:00,WCQ,Third round,Thu,Home,D,0.0,0.0,Palestine,75.0,59579.0,Son Heung-min,4-2-3-1,4-2-2-2,Alireza Faghani,,False,23,1572.87,96,1231.25,0,0,0,0,0,0,,,,,,,,,,341.6199999999999,1,86.0,13.0,16.0,3.0,0.2,0.6666666666666666,1.0,
Korea Republic,2024-09-10,18:00,WCQ,Third round,Tue,Away,W,3.0,1.0,Oman,66.0,27144.0,Son Heung-min,4-2-3-1,4-2-3-1,Ma Ning,,False,23,1572.87,76,1326.18,0,0,0,0,0,0,,,,,,,,,,246.68999999999983,1,5.0,11.0,17.0,2.4,0.2,0.5,1.0,
Korea Republic,2024-10-10,17:00,WCQ,Third round,Thu,Away,W,2.0,0.0,Jordan,75.0,14655.0,Kim Min-jae,4-2-3-1,3-4-3,Hiroyuki Kimura,,False,23,1572.61,68,1377.52,0,0,0,0,0,0,,,,,,,,,,195.08999999999992,1,30.0,13.0,20.0,2.8,0.2,0.5,1.0,
Korea Republic,2024-10-15,20:00,WCQ,Third round,Tue,Home,W,3.0,2.0,Iraq,76.0,35198.0,Kim Min-jae,4-2-3-1,4-2-3-1,Rustam Lutfullin,,False,23,1572.61,55,1435.9,0,0,0,0,0,0,,,,,,,,,,136.7099999999998,1,5.0,13.0,23.0,2.6,0.2,0.5,1.0,
Korea Republic,2024-11-14,17:00,WCQ,Third round,Thu,Away,W,3.0,1.0,Kuwait,75.0,22791.0,Son Heung-min,4-2-3-1,4-2-2-2,Shaun Evans,,False,23,1572.61,134,1111.62,0,0,0,0,0,0,,,,,,,,,,460.99,1,30.0,13.0,26.0,1.8,0.6,0.6,1.0,
Korea Republic,2024-11-19,17:00,WCQ,Third round,Tue,Neutral,D,1.0,1.0,Palestine,74.0,2405.0,Son Heung-min,4-2-3-1,4-2-2-2,Yūsuke Araki,,False,23,1572.61,98,1228.99,0,0,0,0,0,0,,,,,,,,,,343.6199999999999,1,5.0,13.0,26.0,2.2,0.8,0.6,1.0,
Korea Republic,2025-03-20,20:00,WCQ,Third round,Thu,Home,D,1.0,1.0,Oman,63.0,35212.0,Son Heung-min,4-2-3-1,5-4-1,Alireza Faghani,,False,23,1572.61,78,1309.27,0,0,0,0,0,0,,,,,,,,,,263.3399999999999,1,121.0,13.0,24.0,2.4,1.0,0.6,1.0,0.0
Korea Republic,2025-03-25,20:00,WCQ,Third round,Tue,Home,D,1.0,1.0,Jordan,75.0,41532.0,Son Heung-min,4-2-3-1,3-4-3,Ilgiz Tantashev,,False,23,1572.61,68,1377.52,0,0,0,0,0,0,,,,,,,,,,195.08999999999992,1,5.0,11.0,24.0,2.0,1.0,0.5,1.0,0.0
Korea Republic,2025-06-05,21:15,WCQ,Third round,Thu,Away,W,2.0,0.0,Iraq,76.0,55972.0,Lee Jae-sung,4-2-3-1,4-2-3-1,Yūsuke Araki,,False,23,1572.61,55,1435.9,0,0,0,0,0,0,,,,,,,,,,136.7099999999998,1,72.0,9.0,22.0,1.8,1.2,0.4285714285714285,1.0,0.0
Korea Republic,2025-06-10,20:00,WCQ,Third round,Tue,Home,W,4.0,0.0,Kuwait,74.0,41119.0,Hwang In-beom,4-2-3-1,4-1-4-1,Majed Mohammed Al Shamrani,,False,23,1572.61,134,1111.62,0,0,0,0,0,0,,,,,,,,,,460.99,1,5.0,9.0,22.0,1.6,0.8,0.4285714285714285,1.0,0.0
Korea Republic,2026-03-28,14:00,Friendlies (M),Friendlies (M),Sat,Neutral,L,0.0,4.0,Côte d'Ivoire,,5917.0,Kim Min-jae,3-4-3,4-1-4-1,Ian McNabb,,False,23,1572.61,33,1509.12,0,0,0,0,0,0,,,,,,,,,,63.49000000000001,1,291.0,9.0,22.0,1.8,0.6,0.5,1.0,0.0
Korea Republic,2026-03-31,20:45,Friendlies (M),Friendlies (M),Tue,Away,L,0.0,1.0,Austria,,35300.0,Son Heung-min,3-4-3,4-2-3-1,Sander van der Eijk,,False,23,1572.61,22,1580.37,0,0,0,0,0,0,,,,,,,,,,-7.759999999999991,0,3.0,8.0,21.0,1.6,1.2,0.5,1.0,0.0
Korea Republic,2026-05-30,19:00,Friendlies (M),Friendlies (M),Sat,Neutral,W,5.0,0.0,Trin & Tobago,,5237.0,Son Heung-min,3-4-3,4-2-2-2,Víctor Rivas,,False,23,1572.61,101,1213.25,0,0,0,0,0,0,,,,,,,,,,359.3599999999999,1,60.0,7.0,18.0,1.4,1.2,0.5,0.875,0.0
Korea Republic,2026-06-03,19:00,Friendlies (M),Friendlies (M),Wed,Neutral,W,1.0,0.0,El Salvador,,,Lee Jae-sung,3-4-3,5-3-2,Natalie Simon,,False,23,1572.61,80,1307.04,0,0,0,0,0,0,,,,,,,,,,265.56999999999994,1,4.0,9.0,18.0,2.2,1.0,0.5,0.875,0.3333333333333333
Korea Republic,2026-06-11,20:00,World Cup,Group stage,Thu,Neutral,W,2.0,1.0,Czechia,62.0,44985.0,Son Heung-min,3-4-3,3-4-3,Amin Omar,,False,23,1572.61,46,1473.19,0,0,0,0,0,0,,,,,,,,,,99.41999999999985,1,8.0,9.0,18.0,2.0,1.0,0.5,0.875,0.5
Korea Republic,2026-06-18,19:00,World Cup,Group stage,Thu,Neutral,,,,Mexico,,,,,,,,True,23,1572.61,17,1635.66,0,0,0,0,0,0,,,,,,,,,,-63.05000000000018,0,7.0,9.0,18.0,1.6,1.2,0.5,0.875,0.6
Korea Republic,2026-06-24,19:00,World Cup,Group stage,Wed,Neutral,,,,South Africa,,,,,,,,True,23,1572.61,59,1415.07,0,0,0,0,0,0,,,,,,,,,,157.53999999999996,1,6.0,9.0,17.0,2.0,0.5,0.5,0.875,0.6
Mexico,2026-03-28,19:00,Friendlies (M),Friendlies (M),Sat,Home,D,0.0,0.0,Portugal,,84130.0,César Montes,4-1-4-1,4-2-3-1,Walter López,,False,17,1635.66,8,1752.14,1,0,1,0,1,2,,,,,,,,,,-116.48000000000002,0,,,,,,,,
Mexico,2026-03-31,20:00,Friendlies (M),Friendlies (M),Tue,Neutral,D,1.0,1.0,Belgium,,52412.0,César Montes,4-2-3-1,4-2-3-1,Rosendo Mendoza,,False,17,1635.66,6,1768.14,3,2,0,1,5,3,,,,,,,,,,-132.48000000000002,0,3.0,1.0,1.0,0.0,0.0,0.0,,
Mexico,2026-05-22,20:00,Friendlies (M),Friendlies (M),Fri,Home,W,2.0,0.0,Ghana,,41235.0,Jesús Gallardo,4-2-3-1,4-1-4-1,Selvin Brown,,False,17,1635.66,70,1360.43,0,0,0,0,0,0,,,,,,,,,,275.23,1,52.0,2.0,2.0,0.5,0.5,0.0,,0.0
Mexico,2026-05-30,19:00,Friendlies (M),Friendlies (M),Sat,Neutral,W,1.0,0.0,Australia,,78479.0,Edson Álvarez,4-1-4-1,3-4-3,Rubiel Vázquez,,False,17,1635.66,25,1544.3,0,0,0,0,0,0,,,,,,,,,,91.36000000000013,1,8.0,5.0,5.0,1.0,0.3333333333333333,0.5,,0.0
Mexico,2026-06-04,20:00,Friendlies (M),Friendlies (M),Thu,Home,W,5.0,1.0,Serbia,,27163.0,César Montes,4-1-4-1,4-2-3-1,Keylor Herrera,,False,17,1635.66,35,1505.08,0,0,0,0,0,0,,,,,,,,,,130.58000000000015,1,5.0,8.0,8.0,1.0,0.25,0.5,,0.5
Mexico,2026-06-11,13:00,World Cup,Group stage,Thu,Neutral,W,2.0,0.0,South Africa,61.0,80824.0,César Montes,4-1-4-1,5-3-2,Wilton Sampaio,,False,17,1635.66,59,1415.07,1,0,0,1,1,1,,,,,,,,,,220.59000000000015,1,7.0,11.0,11.0,1.8,0.4,0.6666666666666666,,0.5
Mexico,2026-06-18,19:00,World Cup,Group stage,Thu,Neutral,,,,Korea Republic,,,,,,,,True,17,1635.66,23,1572.61,0,0,0,0,0,0,,,,,,,,,,63.05000000000018,1,7.0,13.0,14.0,2.2,0.4,0.6666666666666666,,0.6666666666666666
Mexico,2026-06-24,19:00,World Cup,Group stage,Wed,Neutral,,,,Czechia,,,,,,,,True,17,1635.66,46,1473.19,0,0,0,0,0,0,,,,,,,,,,162.47000000000003,1,6.0,12.0,14.0,2.5,0.25,0.6666666666666666,,0.6666666666666666
Morocco,2023-11-16,20:00,WCQ,First round,Thu,Home,,,,Eritrea,,,,,,,Match Cancelled,True,13,1658.49,195,855.56,0,0,0,0,0,0,,,,,,,,,,802.9300000000001,1,,,,,,,,
Morocco,2023-11-21,22:00,WCQ,First round,Tue,Away,W,2.0,0.0,Tanzania,,,Romain Saïss,4-1-4-1,3-4-3,Abongile Tom,,False,13,1658.49,121,1146.46,0,0,0,0,0,0,,,,,,,,,,512.03,1,5.0,,,,,,,
Morocco,2024-06-07,20:00,WCQ,First round,Fri,Home,W,2.0,1.0,Zambia,,,Romain Saïss,4-2-3-1,5-3-2,Issa Sy,,False,13,1661.42,86,1278.26,0,0,0,0,0,0,,,,,,,,,,383.1600000000001,1,199.0,3.0,3.0,2.0,0.0,,1.0,
Morocco,2024-06-11,20:00,WCQ,First round,Tue,Neutral,W,6.0,0.0,Congo,,,Hakim Ziyech,4-1-4-1,4-1-4-1,Daniel Nii Ayi Laryea,,False,13,1661.42,111,1179.8,0,0,0,0,0,0,,,,,,,,,,481.6200000000001,1,4.0,6.0,6.0,2.0,0.5,1.0,1.0,
Morocco,2025-03-21,21:30,WCQ,First round,Fri,Neutral,W,2.0,1.0,Niger,,,Achraf Hakimi,4-1-4-1,4-2-3-1,Cumar Cabdiqaadir Cartan,,False,14,1676.14,127,1132.39,0,0,0,0,0,0,,,,,,,,,,543.75,1,283.0,9.0,9.0,3.333333333333333,0.3333333333333333,1.0,1.0,1.0
Morocco,2025-03-25,21:30,WCQ,First round,Tue,Home,W,2.0,0.0,Tanzania,,,Yassine Bounou,4-1-4-1,4-2-3-1,Alhadj Allaou Mahamat,,False,14,1676.14,110,1188.24,0,0,0,0,0,0,,,,,,,,,,487.9000000000001,1,4.0,12.0,12.0,3.0,0.5,1.0,1.0,1.0
Morocco,2025-09-05,20:00,WCQ,First round,Fri,Home,W,5.0,0.0,Niger,,,Achraf Hakimi,4-2-3-1,4-1-4-1,Jean-Jacques Ndala,,False,14,1676.14,127,1132.39,0,0,0,0,0,0,,,,,,,,,,543.75,1,164.0,15.0,15.0,2.8,0.4,1.0,1.0,1.0
Morocco,2025-09-08,15:00,WCQ,First round,Mon,Away,W,2.0,0.0,Zambia,,,Yassine Bounou,4-2-3-1,4-1-4-1,Louis Houngnandande,,False,14,1676.14,93,1252.79,0,0,0,0,0,0,,,,,,,,,,423.35000000000014,1,3.0,15.0,18.0,3.4,0.4,1.0,1.0,1.0
Morocco,2025-10-08,,WCQ,First round,Wed,Away,,,,Eritrea,,,,,,,Match Cancelled,True,14,1676.14,195,855.56,0,0,0,0,0,0,,,,,,,,,,820.5800000000002,1,30.0,15.0,21.0,3.4,0.2,1.0,1.0,1.0
Morocco,2025-10-14,20:00,WCQ,First round,Tue,Home,W,1.0,0.0,Congo,,50292.0,Achraf Hakimi,4-1-4-1,4-1-4-1,Abdel Aziz Mohamed Bouh,,False,14,1676.14,117,1160.33,0,0,0,0,0,0,,,,,,,,,,515.8100000000002,1,6.0,12.0,21.0,2.75,0.25,1.0,1.0,1.0
Morocco,2026-03-27,21:15,Friendlies (M),Friendlies (M),Fri,Neutral,D,1.0,1.0,Ecuador,,61622.0,Achraf Hakimi,4-2-3-1,4-2-3-1,José Luis Munuera,,False,14,1676.14,27,1535.43,0,0,0,0,0,0,,,,,,,,,,140.71000000000004,1,164.0,12.0,24.0,2.5,0.0,1.0,1.0,1.0
Morocco,2026-03-31,20:00,Friendlies (M),Friendlies (M),Tue,Neutral,W,2.0,1.0,Paraguay,,38000.0,Achraf Hakimi,4-2-3-1,4-2-2-2,Eric Wattellier,,False,14,1676.14,57,1423.98,0,0,0,0,0,0,,,,,,,,,,252.16000000000008,1,4.0,10.0,25.0,2.25,0.25,1.0,1.0,0.6666666666666666
Morocco,2026-06-02,18:15,Friendlies (M),Friendlies (M),Tue,Home,W,4.0,0.0,Madagascar,,,Munir,4-1-4-1,5-3-2,Boubou Traoré,,False,14,1676.14,108,1196.56,0,0,0,0,0,0,,,,,,,,,,479.58000000000015,1,63.0,10.0,25.0,1.5,0.5,1.0,1.0,0.75
Morocco,2026-06-07,15:00,Friendlies (M),Friendlies (M),Sun,Neutral,D,1.0,1.0,Norway,,,Achraf Hakimi,4-2-3-1,4-1-4-1,Pierre-Luc Lauzière,,False,14,1676.14,47,1472.16,1,0,0,1,2,2,,,,,,,,,,203.98000000000002,1,5.0,10.0,25.0,2.0,0.5,1.0,1.0,0.75
Morocco,2026-06-13,18:00,World Cup,Group stage,Sat,Neutral,D,1.0,1.0,Brazil,49.0,80663.0,Achraf Hakimi,4-2-3-1,4-2-2-2,Slavko Vinčič,,False,14,1676.14,5,1772.02,1,0,1,0,0,3,,,,,,,,,,-95.87999999999988,0,6.0,11.0,23.0,1.8,0.6,1.0,1.0,0.6
Morocco,2026-06-19,18:00,World Cup,Group stage,Fri,Neutral,,,,sct Scotland,,,,,,,,True,14,1676.14,52,1461.75,1,1,0,0,3,0,,,,,,,,,,214.3900000000001,1,6.0,9.0,21.0,1.8,0.8,1.0,1.0,0.5
Morocco,2026-06-24,18:00,World Cup,Group stage,Wed,Neutral,,,,Haiti,,,,,,,,True,14,1676.14,86,1278.56,0,0,0,0,0,0,,,,,,,,,,397.58000000000015,1,5.0,8.0,18.0,2.0,0.75,1.0,1.0,0.5
Netherlands,2025-06-07,21:45,WCQ,First round,Sat,Away,W,2.0,0.0,Finland,60.0,29483.0,Virgil van Dijk,4-3-3,4-2-3-1,Daniel Siebert,,False,7,1759.95,64,1384.36,0,0,0,0,0,0,,,,,,,,,,375.59000000000015,1,,,,,,,,
Netherlands,2025-06-10,20:45,WCQ,First round,Tue,Home,W,8.0,0.0,Malta,65.0,21006.0,Virgil van Dijk,4-3-3,4-2-3-1,Ricardo de Burgos,,False,7,1759.95,171,971.89,0,0,0,0,0,0,,,,,,,,,,788.0600000000001,1,3.0,3.0,3.0,2.0,0.0,,1.0,
Netherlands,2025-09-04,20:45,WCQ,First round,Thu,Home,D,1.0,1.0,Poland,74.0,40904.0,Virgil van Dijk,4-3-3,4-2-3-1,Simone Sozza,,False,7,1759.95,30,1525.08,0,0,0,0,0,0,,,,,,,,,,234.87000000000012,1,86.0,6.0,6.0,5.0,0.0,1.0,1.0,
Netherlands,2025-09-07,19:00,WCQ,First round,Sun,Away,W,3.0,2.0,Lithuania,73.0,14797.0,Virgil van Dijk,4-2-3-1,3-4-3,Elçin Məsiyev,,False,7,1759.95,139,1090.89,0,0,0,0,0,0,,,,,,,,,,669.06,1,3.0,7.0,7.0,3.6666666666666665,0.3333333333333333,0.5,1.0,
Netherlands,2025-10-09,20:45,WCQ,First round,Thu,Away,W,4.0,0.0,Malta,63.0,9254.0,Virgil van Dijk,4-3-3,4-2-3-1,Duje Strukan,,False,7,1759.95,171,971.89,0,0,0,0,0,0,,,,,,,,,,788.0600000000001,1,32.0,10.0,10.0,3.5,0.75,0.5,1.0,
Netherlands,2025-10-12,18:00,WCQ,First round,Sun,Home,W,4.0,0.0,Finland,69.0,52387.0,Virgil van Dijk,4-2-3-1,5-3-2,Slavko Vinčič,,False,7,1759.95,64,1384.36,0,0,0,0,0,0,,,,,,,,,,375.59000000000015,1,3.0,13.0,13.0,3.6,0.6,0.5,1.0,
Netherlands,2025-11-14,20:45,WCQ,First round,Fri,Away,D,1.0,1.0,Poland,60.0,56278.0,Virgil van Dijk,4-2-3-1,3-4-3,Maurizio Mariani,,False,7,1759.95,30,1525.08,0,0,0,0,0,0,,,,,,,,,,234.87000000000012,1,33.0,13.0,16.0,4.0,0.6,0.6666666666666666,1.0,
Netherlands,2025-11-17,20:45,WCQ,First round,Mon,Home,W,4.0,0.0,Lithuania,69.0,46913.0,Virgil van Dijk,4-3-3,5-4-1,Luís Godinho,,False,7,1759.95,139,1090.89,0,0,0,0,0,0,,,,,,,,,,669.06,1,3.0,11.0,17.0,2.6,0.8,0.6666666666666666,0.75,
Netherlands,2026-03-27,20:45,Friendlies (M),Friendlies (M),Fri,Home,W,2.0,1.0,Norway,,50327.0,Virgil van Dijk,4-2-3-1,4-2-2-2,Lawrence Visser,,False,7,1759.95,47,1472.16,0,0,0,0,0,0,,,,,,,,,,287.78999999999996,1,130.0,13.0,20.0,3.2,0.6,0.75,0.75,
Netherlands,2026-03-31,20:45,Friendlies (M),Friendlies (M),Tue,Home,D,1.0,1.0,Ecuador,,29344.0,Virgil van Dijk,4-2-3-1,4-2-2-2,Sascha Stegemann,,False,7,1759.95,27,1535.43,1,0,0,1,1,1,,,,,,,,,,224.51999999999998,1,4.0,13.0,23.0,3.0,0.4,0.8,0.75,
Netherlands,2026-06-03,20:45,Friendlies (M),Friendlies (M),Wed,Home,L,0.0,1.0,Algeria,,40306.0,Virgil van Dijk,4-2-3-1,4-1-4-1,Jakob Semler,,False,7,1759.95,41,1486.03,0,0,0,0,0,0,,,,,,,,,,273.9200000000001,1,64.0,11.0,24.0,2.4,0.6,0.6666666666666666,0.75,
Netherlands,2026-06-08,14:45,Friendlies (M),Friendlies (M),Mon,Neutral,W,2.0,1.0,Uzbekistan,,,Virgil van Dijk,4-1-4-1,5-4-1,Alyssa Pennington,,False,7,1759.95,60,1413.06,0,0,0,0,0,0,,,,,,,,,,346.8900000000001,1,5.0,8.0,21.0,1.6,0.8,0.5714285714285714,0.75,
Netherlands,2026-06-14,15:00,World Cup,Group stage,Sun,Neutral,,,,Japan,,,,,,,,True,7,1759.95,16,1639.6,3,2,1,0,4,3,,,,,,,,,,120.35000000000014,1,6.0,10.0,21.0,1.8,0.8,0.5714285714285714,0.75,1.0
Netherlands,2026-06-20,12:00,World Cup,Group stage,Sat,Neutral,,,,Sweden,,,,,,,,True,7,1759.95,28,1528.18,2,1,0,1,1,0,,,,,,,,,,231.76999999999998,1,6.0,7.0,20.0,1.25,1.0,0.5714285714285714,0.75,1.0
Netherlands,2026-06-25,18:00,World Cup,Group stage,Thu,Neutral,,,,Tunisia,,,,,,,,True,7,1759.95,36,1504.86,0,0,0,0,0,0,,,,,,,,,,255.09000000000015,1,5.0,4.0,17.0,1.0,1.0,0.5714285714285714,0.75,1.0
New Zealand,2024-10-11,13:00,WCQ,Second round,Fri,Neutral,W,3.0,0.0,Tahiti,,1000.0,Chris Wood,4-2-3-1,5-3-2,Médéric Lacour,,False,103,1199.04,158,1016.83,0,0,0,0,0,0,,,,,,,,,,182.20999999999992,1,,,,,,,,
New Zealand,2024-11-15,19:30,WCQ,Second round,Fri,Neutral,W,8.0,1.0,Vanuatu,,10113.0,Chris Wood,4-2-3-1,4-3-3,Ben Aukwai,,False,103,1199.04,162,1005.49,0,0,0,0,0,0,,,,,,,,,,193.54999999999995,1,35.0,3.0,3.0,3.0,0.0,,,1.0
New Zealand,2024-11-18,19:30,WCQ,Second round,Mon,Neutral,W,8.0,0.0,Samoa,,5327.0,Chris Wood,4-2-3-1,5-4-1,Veer Singh,,False,103,1199.04,185,900.79,0,0,0,0,0,0,,,,,,,,,,298.25,1,3.0,6.0,6.0,5.5,0.5,,,1.0
New Zealand,2025-03-21,19:10,WCQ,Third round — Semi-finals,Fri,Neutral,W,7.0,0.0,Fiji,,20947.0,Chris Wood,4-2-3-1,4-2-2-2,Norbert Hauata,,False,103,1199.04,150,1038.29,0,0,0,0,0,0,,,,,,,,,,160.75,1,123.0,9.0,9.0,6.333333333333333,0.3333333333333333,,,1.0
New Zealand,2025-03-24,19:00,WCQ,Third round — Final,Mon,Neutral,W,3.0,0.0,New Caledonia,,25132.0,Chris Wood,4-2-3-1,5-4-1,Ben Aukwai,,False,103,1199.04,160,1008.92,0,0,0,0,0,0,,,,,,,,,,190.12,1,3.0,12.0,12.0,6.5,0.25,,,1.0
New Zealand,2026-06-02,20:36,Friendlies (M),Friendlies (M),Tue,Neutral,L,0.0,4.0,Haiti,,,Chris Wood,4-2-3-1,4-2-2-2,Rubiel Vázquez,,False,103,1199.04,86,1278.56,0,0,0,0,0,0,,,,,,,,,,-79.51999999999998,0,435.0,15.0,15.0,5.8,0.2,,,1.0
New Zealand,2026-06-06,16:00,Friendlies (M),Friendlies (M),Sat,Neutral,L,0.0,1.0,eng England,,25889.0,Chris Wood,4-2-3-1,4-2-3-1,Natalie Simon,,False,103,1199.04,4,1817.28,1,0,1,0,1,2,,,,,,,,,,-618.24,0,4.0,12.0,15.0,5.2,1.0,,,0.8333333333333334
New Zealand,2026-06-15,18:00,World Cup,Group stage,Mon,Neutral,,,,IR Iran,,,,,,,,True,103,1199.04,19,1622.92,0,0,0,0,0,0,,,,,,,,,,-423.8800000000001,0,9.0,9.0,15.0,3.6,1.0,,,0.7142857142857143
New Zealand,2026-06-21,18:00,World Cup,Group stage,Sun,Neutral,,,,Egypt,,,,,,,,True,103,1199.04,31,1515.64,0,0,0,0,0,0,,,,,,,,,,-316.60000000000014,0,6.0,6.0,15.0,2.5,1.25,,,0.7142857142857143
New Zealand,2026-06-26,20:00,World Cup,Group stage,Fri,Neutral,,,,Belgium,,,,,,,,True,103,1199.04,6,1768.14,0,0,0,0,0,0,,,,,,,,,,-569.1000000000001,0,5.0,3.0,15.0,1.0,1.6666666666666667,,,0.7142857142857143
Norway,2025-03-22,19:00,WCQ,First round,Sat,Away,W,5.0,0.0,Moldova,70.0,9342.0,Martin Ødegaard,4-4-2,3-4-3,Matej Jug,,False,47,1472.16,149,1042.81,0,0,0,0,0,0,,,,,,,,,,429.35000000000014,1,,,,,,,,
Norway,2025-03-25,21:45,WCQ,First round,Tue,Away,W,4.0,2.0,Israel,56.0,1200.0,Martin Ødegaard,4-4-2,4-3-3,Chris Kavanagh,,False,47,1472.16,79,1307.8,0,0,0,0,0,0,,,,,,,,,,164.36000000000013,1,3.0,3.0,3.0,5.0,0.0,,1.0,
Norway,2025-06-06,20:45,WCQ,First round,Fri,Home,W,3.0,0.0,Italy,38.0,25796.0,Martin Ødegaard,4-4-2,3-5-1-1,Jose Maria Sánchez,,False,47,1472.16,10,1726.31,4,1,3,0,4,6,,,,,,,,,,-254.14999999999986,0,73.0,6.0,6.0,4.5,1.0,,1.0,
Norway,2025-06-09,21:45,WCQ,First round,Mon,Away,W,1.0,0.0,Estonia,62.0,11577.0,Martin Ødegaard,4-4-2,4-2-3-1,Srđan Jovanović,,False,47,1472.16,122,1140.39,0,0,0,0,0,0,,,,,,,,,,331.77,1,3.0,9.0,9.0,4.0,0.6666666666666666,1.0,1.0,
Norway,2025-09-09,20:45,WCQ,First round,Tue,Home,W,11.0,1.0,Moldova,71.0,24605.0,Martin Ødegaard,3-4-3,5-3-2,Balázs Berke,,False,47,1472.16,149,1042.81,0,0,0,0,0,0,,,,,,,,,,429.35000000000014,1,92.0,12.0,12.0,3.25,0.5,1.0,1.0,
Norway,2025-10-11,18:00,WCQ,First round,Sat,Home,W,5.0,0.0,Israel,54.0,19363.0,Erling Haaland,4-4-2,4-4-2,Szymon Marciniak,,False,47,1472.16,79,1307.8,0,0,0,0,0,0,,,,,,,,,,164.36000000000013,1,32.0,15.0,15.0,4.8,0.6,1.0,1.0,
Norway,2025-11-13,18:00,WCQ,First round,Thu,Home,W,4.0,1.0,Estonia,68.0,25493.0,Erling Haaland,4-4-2,5-4-1,Matej Jug,,False,47,1472.16,122,1140.39,0,0,0,0,0,0,,,,,,,,,,331.77,1,33.0,15.0,18.0,4.8,0.6,1.0,1.0,
Norway,2025-11-16,20:45,WCQ,First round,Sun,Away,W,4.0,1.0,Italy,42.0,69020.0,Erling Haaland,4-5-1,3-5-2,Alejandro Hernández,,False,47,1472.16,10,1726.31,4,1,3,0,4,6,,,,,,,,,,-254.14999999999986,0,3.0,15.0,21.0,4.8,0.4,1.0,1.0,
Norway,2026-03-27,20:45,Friendlies (M),Friendlies (M),Fri,Away,L,1.0,2.0,Netherlands,,50327.0,Sander Berge,4-2-2-2,4-2-3-1,Lawrence Visser,,False,47,1472.16,7,1759.95,0,0,0,0,0,0,,,,,,,,,,-287.78999999999996,0,131.0,15.0,24.0,5.0,0.6,1.0,1.0,
Norway,2026-03-31,18:00,Friendlies (M),Friendlies (M),Tue,Home,D,0.0,0.0,Switzerland,,23913.0,Erling Haaland,4-1-4-1,3-4-3,Jasper Vergoote,,False,47,1472.16,15,1641.0,0,0,0,0,0,0,,,,,,,,,,-168.83999999999992,0,4.0,12.0,24.0,5.0,1.0,1.0,0.8,
Norway,2026-06-01,19:00,Friendlies (M),Friendlies (M),Mon,Home,W,3.0,1.0,Sweden,,25178.0,Sander Berge,4-2-2-2,3-1-4-2,Balázs Berke,,False,47,1472.16,28,1528.18,2,2,0,0,7,2,,,,,,,,,,-56.01999999999998,0,62.0,10.0,25.0,2.8,0.8,0.8,0.8,
Norway,2026-06-07,15:00,Friendlies (M),Friendlies (M),Sun,Neutral,D,1.0,1.0,Morocco,,,Martin Ødegaard,4-1-4-1,4-2-3-1,Pierre-Luc Lauzière,,False,47,1472.16,14,1676.14,1,0,0,1,2,2,,,,,,,,,,-203.98000000000002,0,6.0,10.0,25.0,2.4,1.0,0.8333333333333334,0.8,
Norway,2026-06-16,18:00,World Cup,Group stage,Tue,Neutral,,,,Iraq,,,,,,,,True,47,1472.16,55,1435.9,0,0,0,0,0,0,,,,,,,,,,36.25999999999999,1,9.0,8.0,23.0,1.8,1.0,0.8333333333333334,0.8,0.0
Norway,2026-06-22,20:00,World Cup,Group stage,Mon,Neutral,,,,Senegal,,,,,,,,True,47,1472.16,21,1620.87,0,0,0,0,0,0,,,,,,,,,,-148.7099999999998,0,6.0,5.0,20.0,1.25,1.0,0.8333333333333334,0.8,0.0
Norway,2026-06-26,15:00,World Cup,Group stage,Fri,Neutral,,,,France,,,,,,,,True,47,1472.16,2,1851.92,2,1,1,0,3,2,,,,,,,,,,-379.76,0,4.0,5.0,17.0,1.3333333333333333,0.6666666666666666,0.8333333333333334,0.8,0.0
Panama,2024-06-06,19:30,WCQ,Second round,Thu,Home,W,2.0,0.0,Guyana,,8575.0,Aníbal Godoy,3-4-3,5-4-1,Filiberto Martínez,,False,45,1475.62,154,1020.31,0,0,0,0,0,0,,,,,,,,,,455.30999999999995,1,,,,,,,,
Panama,2024-06-09,19:00,WCQ,Second round,Sun,Away,W,3.0,1.0,Montserrat,,155.0,Aníbal Godoy,4-1-4-1,4-3-3,Ismael Cornejo,,False,45,1475.62,175,946.08,0,0,0,0,0,0,,,,,,,,,,529.5399999999998,1,3.0,3.0,3.0,2.0,0.0,1.0,,
Panama,2025-06-07,19:00,WCQ,Second round,Sat,Away,W,2.0,0.0,Belize,,,Aníbal Godoy,3-4-1-2,4-3-3,Julio César Luna,,False,37,1502.55,182,913.42,0,0,0,0,0,0,,,,,,,,,,589.13,1,363.0,6.0,6.0,2.5,0.5,1.0,1.0,
Panama,2025-06-10,19:00,WCQ,Second round,Tue,Home,W,3.0,0.0,Nicaragua,,,Luis Mejía,4-2-3-1,4-1-4-1,Ismael Lopez,,False,37,1502.55,131,1118.04,0,0,0,0,0,0,,,,,,,,,,384.51,1,3.0,9.0,9.0,2.333333333333333,0.3333333333333333,1.0,1.0,
Panama,2025-09-04,18:30,WCQ,Third round,Thu,Away,D,0.0,0.0,Suriname,,,Aníbal Godoy,4-2-3-1,5-4-1,Kwinsi Williams,,False,37,1502.55,138,1094.39,0,0,0,0,0,0,,,,,,,,,,408.15999999999985,1,86.0,12.0,12.0,2.5,0.25,1.0,1.0,
Panama,2025-09-08,20:30,WCQ,Third round,Mon,Home,D,1.0,1.0,Guatemala,,,Aníbal Godoy,4-2-3-1,4-4-2,Said Martínez,,False,37,1502.55,107,1200.43,0,0,0,0,0,0,,,,,,,,,,302.1199999999999,1,4.0,13.0,13.0,2.0,0.2,1.0,0.6666666666666666,
Panama,2025-10-10,19:00,WCQ,Third round,Fri,Away,W,1.0,0.0,El Salvador,,,Erick Davis,5-4-1,5-3-2,Drew Fischer,,False,37,1502.55,80,1307.04,0,0,0,0,0,0,,,,,,,,,,195.51,1,32.0,11.0,14.0,1.8,0.4,0.6666666666666666,0.6666666666666666,
Panama,2025-10-14,20:00,WCQ,Third round,Tue,Home,D,1.0,1.0,Suriname,,,Erick Davis,5-4-1,3-4-3,Selvin Brown,,False,37,1502.55,138,1094.39,0,0,0,0,0,0,,,,,,,,,,408.15999999999985,1,4.0,11.0,17.0,1.4,0.2,0.6666666666666666,0.75,
Panama,2025-11-13,20:00,WCQ,Third round,Thu,Away,W,3.0,2.0,Guatemala,,,Aníbal Godoy,5-4-1,4-3-3,César Arturo Ramos,,False,37,1502.55,107,1200.43,0,0,0,0,0,0,,,,,,,,,,302.1199999999999,1,30.0,9.0,18.0,1.2,0.4,0.5,0.75,
Panama,2025-11-18,20:00,WCQ,Third round,Tue,Home,W,3.0,0.0,El Salvador,,,Aníbal Godoy,3-4-3,4-3-3,Said Martínez,,False,37,1502.55,80,1307.04,0,0,0,0,0,0,,,,,,,,,,195.51,1,5.0,9.0,21.0,1.2,0.8,0.5,0.8,
Panama,2026-03-27,19:00,Friendlies (M),Friendlies (M),Fri,Away,D,1.0,1.0,South Africa,,,Erick Davis,5-4-1,4-2-3-1,Thabang Ketshabile,,False,37,1502.55,59,1415.07,0,0,0,0,0,0,,,,,,,,,,87.48000000000002,1,129.0,11.0,24.0,1.8,0.8,0.6,0.8,
Panama,2026-03-31,19:30,Friendlies (M),Friendlies (M),Tue,Away,W,2.0,1.0,South Africa,,,Aníbal Godoy,3-4-3,4-2-3-1,Thabang Ketshabile,,False,37,1502.55,59,1415.07,0,0,0,0,0,0,,,,,,,,,,87.48000000000002,1,4.0,11.0,22.0,1.8,0.8,0.6,0.6666666666666666,
Panama,2026-05-31,18:30,Friendlies (M),Friendlies (M),Sun,Away,L,2.0,6.0,Brazil,,72140.0,Yoel Bárcenas,5-4-1,4-2-3-1,Daniel Schlager,,False,37,1502.55,5,1772.02,0,0,0,0,0,0,,,,,,,,,,-269.47,0,61.0,11.0,22.0,2.0,1.0,0.6,0.7142857142857143,
Panama,2026-06-03,19:45,Friendlies (M),Friendlies (M),Wed,Home,W,4.0,2.0,Dominican Rep.,,,José Fajardo,3-5-2,5-4-1,Nelson Salgado,,False,37,1502.55,146,1057.75,0,0,0,0,0,0,,,,,,,,,,444.79999999999995,1,3.0,10.0,19.0,2.2,2.0,0.6,0.625,
Panama,2026-06-06,14:00,Friendlies (M),Friendlies (M),Sat,Neutral,D,1.0,1.0,Bosnia and Herzegovina,,,Michael Amir Murillo,5-4-1,4-2-2-2,Luis Enrique Santander,,False,37,1502.55,75,1332.39,0,0,0,0,0,0,,,,,,,,,,170.15999999999985,1,3.0,10.0,19.0,2.4,2.0,0.6666666666666666,0.625,
Panama,2026-06-17,19:00,World Cup,Group stage,Wed,Neutral,,,,Ghana,,,,,,,,True,37,1502.55,70,1360.43,0,0,0,0,0,0,,,,,,,,,,142.1199999999999,1,11.0,8.0,19.0,2.0,2.2,0.6666666666666666,0.625,0.0
Panama,2026-06-23,19:00,World Cup,Group stage,Tue,Neutral,,,,Croatia,,,,,,,,True,37,1502.55,12,1699.6,0,0,0,0,0,0,,,,,,,,,,-197.04999999999995,0,6.0,7.0,18.0,2.25,2.5,0.6666666666666666,0.625,0.0
Panama,2026-06-27,17:00,World Cup,Group stage,Sat,Neutral,,,,eng England,,,,,,,,True,37,1502.55,4,1817.28,1,0,1,0,1,6,,,,,,,,,,-314.73,0,4.0,4.0,15.0,2.333333333333333,3.0,0.6666666666666666,0.625,0.0
Paraguay,2023-09-07,18:30,WCQ,World Cup qualification,Thu,Home,D,0.0,0.0,Peru,60.0,16211.0,Gustavo Gómez,4-3-3,4-2-3-1,Andrés Matonte,,False,49,1442.64,21,1561.2,0,0,0,0,0,0,,,,,,,,,,-118.55999999999995,0,,,,,,,,
Paraguay,2023-09-12,18:00,WCQ,World Cup qualification,Tue,Away,L,0.0,1.0,Venezuela,46.0,48523.0,Gustavo Gómez,4-3-3,4-4-2,Andrés Rojas,,False,49,1442.64,57,1417.23,0,0,0,0,0,0,,,,,,,,,,25.410000000000082,1,5.0,1.0,1.0,0.0,0.0,0.0,,
Paraguay,2023-10-12,20:00,WCQ,World Cup qualification,Thu,Away,L,0.0,1.0,Argentina,25.0,80000.0,Gustavo Gómez,3-4-3,4-3-3,Raphael Claus,,False,52,1432.08,1,1851.41,0,0,0,0,0,0,,,,,,,,,,-419.33000000000015,0,30.0,1.0,1.0,0.0,0.5,0.0,0.0,
Paraguay,2023-10-17,19:30,WCQ,World Cup qualification,Tue,Home,W,1.0,0.0,Bolivia,62.0,,Gustavo Gómez,4-2-3-1,5-3-2,Gustavo Tejera,,False,52,1432.08,83,1287.86,0,0,0,0,0,0,,,,,,,,,,144.22000000000003,1,5.0,1.0,1.0,0.0,0.6666666666666666,0.0,0.0,
Paraguay,2023-11-16,21:30,WCQ,World Cup qualification,Thu,Away,D,0.0,0.0,Chile,29.0,,Gustavo Gómez,4-2-3-1,4-2-3-1,Fernando Rapallini,,False,53,1436.96,37,1503.81,0,0,0,0,0,0,,,,,,,,,,-66.84999999999991,0,30.0,4.0,4.0,0.25,0.5,0.5,0.0,
Paraguay,2023-11-21,20:00,WCQ,World Cup qualification,Tue,Home,L,0.0,1.0,Colombia,41.0,25298.0,Gustavo Gómez,4-2-2-2,4-2-3-1,Jesús Valenzuela,,False,53,1436.96,17,1626.6,0,0,0,0,0,0,,,,,,,,,,-189.63999999999987,0,5.0,5.0,5.0,0.2,0.4,0.5,0.0,
Paraguay,2024-09-06,20:30,WCQ,World Cup qualification,Fri,Away,D,0.0,0.0,Uruguay,35.0,47741.0,Gustavo Gómez,4-2-3-1,4-3-3,Darío Herrera,,False,62,1396.8,11,1713.15,0,0,0,0,0,0,,,,,,,,,,-316.35000000000014,0,290.0,4.0,5.0,0.2,0.6,0.3333333333333333,0.0,
Paraguay,2024-09-10,20:30,WCQ,World Cup qualification,Tue,Home,W,1.0,0.0,Brazil,29.0,31962.0,Fabián Balbuena,4-2-3-1,4-3-3,Andrés Matonte,,False,62,1396.8,5,1785.61,0,0,0,0,0,0,,,,,,,,,,-388.80999999999995,0,4.0,5.0,6.0,0.2,0.4,0.3333333333333333,0.0,
Paraguay,2024-10-10,16:00,WCQ,World Cup qualification,Thu,Away,D,0.0,0.0,Ecuador,23.0,,Gustavo Gómez,3-4-3,3-4-3,Raphael Claus,,False,57,1423.98,27,1535.43,0,0,0,0,0,0,,,,,,,,,,-111.45000000000005,0,30.0,8.0,9.0,0.4,0.2,0.5,0.0,
Paraguay,2024-10-15,20:00,WCQ,World Cup qualification,Tue,Home,W,2.0,1.0,Venezuela,61.0,,Gustavo Gómez,4-2-3-1,4-2-3-1,Piero Maza,,False,57,1423.98,40,1488.56,0,0,0,0,0,0,,,,,,,,,,-64.57999999999993,0,5.0,6.0,10.0,0.2,0.2,0.5,0.0,
Paraguay,2024-11-14,20:30,WCQ,World Cup qualification,Thu,Home,W,2.0,1.0,Argentina,23.0,32200.0,Gustavo Gómez,4-4-2,4-2-3-1,Anderson Daronco,,False,57,1423.98,1,1889.02,0,0,0,0,0,0,,,,,,,,,,-465.03999999999996,0,30.0,8.0,13.0,0.6,0.4,0.6,0.0,
Paraguay,2024-11-19,16:00,WCQ,World Cup qualification,Tue,Away,D,2.0,2.0,Bolivia,35.0,18655.0,Gustavo Gómez,5-4-1,4-3-3,Andrés Matonte,,False,57,1423.98,83,1293.76,0,0,0,0,0,0,,,,,,,,,,130.22000000000003,1,5.0,11.0,15.0,1.0,0.4,0.6666666666666666,0.0,
Paraguay,2025-03-20,20:00,WCQ,World Cup qualification,Thu,Home,W,1.0,0.0,Chile,36.0,31193.0,Fabián Balbuena,4-4-2,4-2-3-1,Raphael Claus,,False,57,1423.98,49,1467.98,0,0,0,0,0,0,,,,,,,,,,-44.0,0,121.0,11.0,16.0,1.4,0.8,0.6666666666666666,0.0,
Paraguay,2025-03-25,19:00,WCQ,World Cup qualification,Tue,Away,D,2.0,2.0,Colombia,39.0,42262.0,Fabián Balbuena,4-2-3-1,4-2-3-1,Facundo Tello,,False,57,1423.98,9,1738.72,0,0,0,0,0,0,,,,,,,,,,-314.74,0,5.0,11.0,19.0,1.4,0.8,0.7142857142857143,0.0,
Paraguay,2025-06-05,19:00,WCQ,World Cup qualification,Thu,Home,W,2.0,0.0,Uruguay,29.0,,Gustavo Gómez,4-4-1-1,4-3-3,Darío Herrera,,False,57,1423.98,11,1701.34,0,0,0,0,0,0,,,,,,,,,,-277.3599999999999,0,72.0,11.0,17.0,1.8,1.2,0.7142857142857143,0.0,
Paraguay,2025-06-10,21:45,WCQ,World Cup qualification,Tue,Away,L,0.0,1.0,Brazil,27.0,,Gustavo Gómez,4-2-3-1,4-2-3-1,Facundo Tello,,False,57,1423.98,5,1772.02,0,0,0,0,0,0,,,,,,,,,,-348.03999999999996,0,5.0,11.0,19.0,1.8,1.0,0.75,0.0,
Paraguay,2025-09-04,19:30,WCQ,World Cup qualification,Thu,Home,D,0.0,0.0,Ecuador,38.0,,Gustavo Gómez,4-4-2,4-4-1-1,Raphael Claus,,False,57,1423.98,27,1535.43,0,0,0,0,0,0,,,,,,,,,,-111.45000000000005,0,86.0,8.0,19.0,1.4,1.0,0.75,0.0,
Paraguay,2025-09-09,18:30,WCQ,World Cup qualification,Tue,Away,W,1.0,0.0,Peru,46.0,,Gustavo Gómez,4-4-2,4-5-1,Maximiliano Ramírez,,False,57,1423.98,43,1483.2,0,0,0,0,0,0,,,,,,,,,,-59.22000000000003,0,5.0,8.0,19.0,1.0,0.6,0.6666666666666666,0.0,
Paraguay,2026-03-27,21:00,Friendlies (M),Friendlies (M),Fri,Away,W,1.0,0.0,Greece,,33296.0,Gustavo Gómez,4-2-2-2,4-2-3-1,Daniele Chiffi,,False,57,1423.98,48,1469.18,0,0,0,0,0,0,,,,,,,,,,-45.200000000000045,0,199.0,8.0,19.0,1.0,0.6,0.6666666666666666,0.1111111111111111,
Paraguay,2026-03-31,20:00,Friendlies (M),Friendlies (M),Tue,Neutral,L,1.0,2.0,Morocco,,38000.0,Gustavo Gómez,4-2-2-2,4-2-3-1,Eric Wattellier,,False,57,1423.98,14,1676.14,0,0,0,0,0,0,,,,,,,,,,-252.16000000000008,0,4.0,10.0,21.0,0.8,0.2,0.6666666666666666,0.2,
Paraguay,2026-06-05,18:45,Friendlies (M),Friendlies (M),Fri,Home,W,4.0,0.0,Nicaragua,,35000.0,Gustavo Gómez,4-2-3-1,5-4-1,Maximiliano Ramírez,,False,57,1423.98,131,1118.04,0,0,0,0,0,0,,,,,,,,,,305.94000000000005,1,66.0,7.0,18.0,0.6,0.6,0.6666666666666666,0.2,0.0
Paraguay,2026-06-12,18:00,World Cup,Group stage,Fri,Neutral,L,1.0,4.0,USA,35.0,70492.0,Gustavo Gómez,4-2-2-2,4-2-3-1,Danny Makkelie,,False,57,1423.98,18,1632.19,1,0,1,0,0,3,,,,,,,,,,-208.21000000000004,0,7.0,10.0,18.0,1.4,0.4,0.7,0.2,0.0
Paraguay,2026-06-19,20:00,World Cup,Group stage,Fri,Neutral,,,,Türkiye,,,,,,,,True,57,1423.98,26,1538.52,0,0,0,0,0,0,,,,,,,,,,-114.53999999999996,0,7.0,9.0,17.0,1.6,1.2,0.7,0.2,0.0
Paraguay,2026-06-25,19:00,World Cup,Group stage,Thu,Neutral,,,,Australia,,,,,,,,True,57,1423.98,25,1544.3,0,0,0,0,0,0,,,,,,,,,,-120.31999999999994,0,6.0,6.0,14.0,1.75,1.5,0.7,0.2,0.0
Portugal,2025-09-06,20:00,WCQ,First round,Sat,Away,W,5.0,0.0,Armenia,71.0,14403.0,Cristiano Ronaldo,4-3-3,4-4-2,Anthony Taylor,,False,8,1752.14,96,1230.43,0,0,0,0,0,0,,,,,,,,,,521.71,1,,,,,,,,
Portugal,2025-09-09,20:45,WCQ,First round,Tue,Away,W,3.0,2.0,Hungary,69.0,61473.0,Cristiano Ronaldo,4-2-3-1,4-1-4-1,Erik Lambrechts,,False,8,1752.14,32,1511.06,1,1,0,0,3,1,,,,,,,,,,241.08000000000015,1,3.0,3.0,3.0,5.0,0.0,,1.0,
Portugal,2025-10-11,19:45,WCQ,First round,Sat,Home,W,1.0,0.0,Rep. of Ireland,70.0,48821.0,Cristiano Ronaldo,4-2-3-1,3-4-3,Ivan Kružliak,,False,8,1752.14,62,1394.63,0,0,0,0,0,0,,,,,,,,,,357.51,1,32.0,6.0,6.0,4.0,1.0,,1.0,
Portugal,2025-10-14,19:45,WCQ,First round,Tue,Home,D,2.0,2.0,Hungary,65.0,47854.0,Cristiano Ronaldo,4-2-3-1,4-3-3,Srđan Jovanović,,False,8,1752.14,32,1511.06,1,1,0,0,3,1,,,,,,,,,,241.08000000000015,1,3.0,9.0,9.0,3.0,0.6666666666666666,1.0,1.0,
Portugal,2025-11-13,19:45,WCQ,First round,Thu,Away,L,0.0,2.0,Rep. of Ireland,77.0,50717.0,Cristiano Ronaldo,4-3-3,3-4-3,Glenn Nyberg,,False,8,1752.14,62,1394.63,0,0,0,0,0,0,,,,,,,,,,357.51,1,30.0,10.0,10.0,2.75,1.0,0.5,1.0,
Portugal,2025-11-16,14:00,WCQ,First round,Sun,Home,W,9.0,1.0,Armenia,76.0,46702.0,Bernardo Silva,4-2-3-1,4-3-3,Irfan Peljto,,False,8,1752.14,96,1230.43,0,0,0,0,0,0,,,,,,,,,,521.71,1,3.0,10.0,10.0,2.2,1.2,0.5,0.6666666666666666,
Portugal,2026-03-28,19:00,Friendlies (M),Friendlies (M),Sat,Away,D,0.0,0.0,Mexico,,84130.0,Bruno Fernandes,4-2-3-1,4-1-4-1,Walter López,,False,8,1752.14,17,1635.66,1,1,0,0,2,1,,,,,,,,,,116.48000000000002,1,132.0,10.0,13.0,3.0,1.4,0.6666666666666666,0.6666666666666666,
Portugal,2026-03-31,19:07,Friendlies (M),Friendlies (M),Tue,Away,W,2.0,0.0,USA,,72297.0,Bruno Fernandes,4-2-3-1,4-2-3-1,Sven Jablonski,,False,8,1752.14,18,1632.19,2,0,1,1,4,5,,,,,,,,,,119.95000000000005,1,3.0,8.0,14.0,2.4,1.0,0.6666666666666666,0.5,
Portugal,2026-06-06,18:45,Friendlies (M),Friendlies (M),Sat,Home,W,2.0,1.0,Chile,,,Cristiano Ronaldo,4-2-3-1,4-2-2-2,Luca Zufferli,,False,8,1752.14,49,1467.98,0,0,0,0,0,0,,,,,,,,,,284.1600000000001,1,67.0,8.0,17.0,2.6,1.0,0.6666666666666666,0.6,
Portugal,2026-06-10,20:45,Friendlies (M),Friendlies (M),Wed,Home,W,2.0,1.0,Nigeria,,21049.0,Cristiano Ronaldo,4-2-3-1,4-1-4-1,Mateo Busquets,,False,8,1752.14,39,1498.02,0,0,0,0,0,0,,,,,,,,,,254.12000000000012,1,4.0,10.0,20.0,2.6,0.8,0.75,0.6,
Portugal,2026-06-17,12:00,World Cup,Group stage,Wed,Neutral,,,,Congo DR,,,,,,,,True,8,1752.14,58,1416.91,0,0,0,0,0,0,,,,,,,,,,335.23,1,7.0,13.0,23.0,3.0,0.6,0.8,0.6,
Portugal,2026-06-23,12:00,World Cup,Group stage,Tue,Neutral,,,,Uzbekistan,,,,,,,,True,8,1752.14,60,1413.06,0,0,0,0,0,0,,,,,,,,,,339.08000000000015,1,6.0,10.0,20.0,1.5,0.5,0.8,0.6,
Portugal,2026-06-27,19:30,World Cup,Group stage,Sat,Neutral,,,,Colombia,,,,,,,,True,8,1752.14,9,1738.72,0,0,0,0,0,0,,,,,,,,,,13.420000000000073,1,4.0,9.0,17.0,2.0,0.6666666666666666,0.8,0.6,
Qatar,2023-11-16,18:45,WCQ,Second round,Thu,Home,W,8.0,1.0,Afghanistan,,19374.0,Hassan Al-Haydos,4-1-4-1,4-2-2-2,Nasrullo Kabirov,,False,61,1394.16,154,1033.8,0,0,0,0,0,0,,,,,,,,,,360.3600000000001,1,,,,,,,,
Qatar,2023-11-21,19:00,WCQ,Second round,Tue,Away,W,3.0,0.0,India,,11389.0,Hassan Al-Haydos,4-1-4-1,4-2-2-2,Sivakorn Pu-udom,,False,61,1394.16,102,1198.84,0,0,0,0,0,0,,,,,,,,,,195.32000000000016,1,5.0,3.0,3.0,8.0,1.0,1.0,,
Qatar,2024-03-21,21:30,WCQ,Second round,Thu,Home,W,3.0,0.0,Kuwait,,9826.0,Akram Afif,4-2-3-1,4-1-4-1,Jumpei Iida,,False,37,1499.34,137,1094.05,0,0,0,0,0,0,,,,,,,,,,405.28999999999996,1,121.0,6.0,6.0,5.5,0.5,1.0,1.0,
Qatar,2024-03-26,22:00,WCQ,Second round,Tue,Away,W,2.0,1.0,Kuwait,,8460.0,Akram Afif,4-3-1-2,4-1-4-1,Sadullo Gulmurodi,,False,37,1499.34,137,1094.05,0,0,0,0,0,0,,,,,,,,,,405.28999999999996,1,5.0,9.0,9.0,4.666666666666667,0.3333333333333333,1.0,1.0,
Qatar,2024-06-06,19:00,WCQ,Second round,Thu,Neutral,D,0.0,0.0,Afghanistan,,651.0,Saad Al Sheeb,3-4-3,4-2-2-2,Sivakorn Pu-udom,,False,34,1507.94,151,1036.92,0,0,0,0,0,0,,,,,,,,,,471.02,1,72.0,12.0,12.0,4.0,0.5,1.0,1.0,
Qatar,2024-06-11,18:45,WCQ,Second round,Tue,Home,W,2.0,1.0,India,,2816.0,Abdullah Al Ahrak,3-4-3,3-4-3,Kim Woosung,,False,34,1507.94,121,1145.94,0,0,0,0,0,0,,,,,,,,,,362.0,1,5.0,13.0,13.0,3.2,0.4,1.0,1.0,0.0
Qatar,2024-09-05,19:00,WCQ,Third round,Thu,Home,L,1.0,3.0,UAE,69.0,33952.0,Akram Afif,4-2-3-1,4-1-4-1,Shaun Evans,,False,34,1504.06,69,1368.84,0,0,0,0,0,0,,,,,,,,,,135.22000000000003,1,86.0,13.0,16.0,2.0,0.4,1.0,1.0,0.0
Qatar,2024-09-10,19:00,WCQ,Third round,Tue,Neutral,D,2.0,2.0,Korea DPR,73.0,140.0,Akram Afif,3-5-2,4-2-2-2,Nazmi Nasaruddin,,False,34,1504.06,110,1183.96,0,0,0,0,0,0,,,,,,,,,,320.0999999999999,1,5.0,10.0,16.0,1.6,1.0,0.75,1.0,0.0
Qatar,2024-10-10,19:00,WCQ,Third round,Thu,Home,W,3.0,1.0,Kyrgyz Republic,63.0,25195.0,Abdulaziz Hatem,4-2-3-1,5-3-2,Taqi Aljaafari,,False,44,1481.69,106,1201.11,0,0,0,0,0,0,,,,,,,,,,280.58000000000015,1,30.0,8.0,17.0,1.4,1.4,0.75,1.0,0.0
Qatar,2024-10-15,19:30,WCQ,Third round,Tue,Neutral,L,1.0,4.0,IR Iran,54.0,7890.0,Abdulaziz Hatem,4-4-1-1,4-2-3-1,Yūsuke Araki,,False,44,1481.69,19,1622.92,0,0,0,0,0,0,,,,,,,,,,-141.23000000000002,0,5.0,8.0,20.0,1.6,1.4,0.8,1.0,0.0
Qatar,2024-11-14,19:15,WCQ,Third round,Thu,Home,W,3.0,2.0,Uzbekistan,46.0,10759.0,Akram Afif,3-4-1-2,3-4-3,Kim Jonghyeok,,False,44,1481.69,60,1413.06,0,0,0,0,0,0,,,,,,,,,,68.63000000000011,1,30.0,7.0,20.0,1.8,2.2,0.8,1.0,0.0
Qatar,2024-11-19,20:00,WCQ,Third round,Tue,Away,L,0.0,5.0,UAE,68.0,13825.0,Akram Afif,3-5-2,4-2-3-1,Khalid Saleh Al Turais,,False,44,1481.69,69,1377.22,0,0,0,0,0,0,,,,,,,,,,104.47000000000003,1,5.0,7.0,20.0,2.0,2.4,0.8333333333333334,1.0,0.0
Qatar,2025-03-20,21:15,WCQ,Third round,Thu,Home,W,5.0,1.0,Korea DPR,53.0,10375.0,Akram Afif,3-4-3,4-2-2-2,Mohanad Qasim Sarray,,False,44,1481.69,111,1183.02,0,0,0,0,0,0,,,,,,,,,,298.6700000000001,1,121.0,7.0,17.0,1.8,2.8,0.8333333333333334,0.6666666666666666,0.0
Qatar,2025-03-25,19:45,WCQ,Third round,Tue,Away,L,1.0,3.0,Kyrgyz Republic,55.0,12325.0,Abdulaziz Hatem,3-4-3,5-3-2,Nazmi Nasaruddin,,False,44,1481.69,106,1201.11,0,0,0,0,0,0,,,,,,,,,,280.58000000000015,1,5.0,9.0,17.0,2.4,2.6,0.8571428571428571,0.6666666666666666,0.0
Qatar,2025-06-05,21:15,WCQ,Third round,Thu,Home,W,1.0,0.0,IR Iran,52.0,8925.0,Akram Afif,4-2-3-1,4-2-3-1,Mohammed Khaled Al Hoish,,False,44,1481.69,19,1622.92,0,0,0,0,0,0,,,,,,,,,,-141.23000000000002,0,72.0,6.0,14.0,2.0,3.0,0.8571428571428571,0.5,0.0
Qatar,2025-06-10,18:45,WCQ,Third round,Tue,Away,L,0.0,3.0,Uzbekistan,39.0,32931.0,Akram Afif,4-2-3-1,4-2-3-1,Ma Ning,,False,44,1481.69,60,1413.06,0,0,0,0,0,0,,,,,,,,,,68.63000000000011,1,5.0,9.0,16.0,2.0,2.2,0.875,0.5,0.0
Qatar,2025-10-08,18:00,WCQ,Fourth round,Wed,Away,D,0.0,0.0,Oman,70.0,12975.0,Boualem Khoukhi,4-2-3-1,4-1-4-1,Yūsuke Araki,,False,44,1481.69,78,1309.27,0,0,0,0,0,0,,,,,,,,,,172.42000000000007,1,120.0,6.0,13.0,1.4,2.4,0.875,0.4,0.0
Qatar,2025-10-14,20:00,WCQ,Fourth round,Tue,Home,W,2.0,1.0,UAE,41.0,13038.0,Boualem Khoukhi,4-2-2-2,4-2-3-1,Ilgiz Tantashev,,False,44,1481.69,69,1377.22,0,0,0,0,0,0,,,,,,,,,,104.47000000000003,1,6.0,7.0,14.0,1.4,1.4,0.875,0.3333333333333333,0.0
Qatar,2026-05-28,19:45,Friendlies (M),Friendlies (M),Thu,Away,L,0.0,1.0,Rep. of Ireland,,28981.0,Boualem Khoukhi,4-3-2-1,3-4-3,Jamie Robinson,,False,44,1481.69,62,1394.63,0,0,0,0,0,0,,,,,,,,,,87.05999999999995,1,226.0,7.0,16.0,0.8,1.4,0.8888888888888888,0.3333333333333333,0.0
Qatar,2026-06-06,13:00,Friendlies (M),Friendlies (M),Sat,Neutral,D,0.0,0.0,El Salvador,,,Boualem Khoukhi,4-1-4-1,5-3-2,Rubiel Vázquez,,False,44,1481.69,80,1307.04,0,0,0,0,0,0,,,,,,,,,,174.6500000000001,1,9.0,7.0,13.0,0.6,1.0,0.8888888888888888,0.2857142857142857,0.0
Qatar,2026-06-13,12:00,World Cup,Group stage,Sat,Neutral,D,1.0,1.0,Switzerland,32.0,67966.0,Boualem Khoukhi,4-1-4-1,4-2-3-1,Said Martínez,,False,44,1481.69,15,1641.0,0,0,0,0,0,0,,,,,,,,,,-159.30999999999995,0,7.0,5.0,14.0,0.4,1.0,0.8888888888888888,0.2857142857142857,0.0
Qatar,2026-06-18,15:00,World Cup,Group stage,Thu,Neutral,,,,Canada,,,,,,,,True,44,1481.69,38,1502.31,0,0,0,0,0,0,,,,,,,,,,-20.61999999999989,0,5.0,6.0,12.0,0.6,0.6,0.8888888888888888,0.2857142857142857,0.0
Qatar,2026-06-24,12:00,World Cup,Group stage,Wed,Neutral,,,,Bosnia and Herzegovina,,,,,,,,True,44,1481.69,75,1332.39,0,0,0,0,0,0,,,,,,,,,,149.29999999999995,1,6.0,5.0,12.0,0.75,0.75,0.8888888888888888,0.2857142857142857,0.0
Saudi Arabia,2023-11-16,19:30,WCQ,Second round,Thu,Home,W,4.0,0.0,Pakistan,,11150.0,Mohammed Al-Owais,3-1-4-2,4-2-2-2,Hanna Hattab,,False,57,1408.85,193,864.84,0,0,0,0,0,0,,,,,,,,,,544.0099999999999,1,,,,,,,,
Saudi Arabia,2023-11-21,18:00,WCQ,Second round,Tue,Away,W,2.0,0.0,Jordan,,13845.0,Mohammed Al-Owais,3-5-2,4-1-4-1,Ahmed Abu Bakar Al Kaf,,False,57,1408.85,82,1284.39,0,0,0,0,0,0,,,,,,,,,,124.45999999999981,1,5.0,3.0,3.0,4.0,0.0,1.0,,
Saudi Arabia,2024-03-21,22:00,WCQ,Second round,Thu,Home,W,1.0,0.0,Tajikistan,,18756.0,Salem Al-Dawsari,3-1-4-2,4-2-2-2,Taqi Aljaafari,,False,53,1441.4,99,1218.89,0,0,0,0,0,0,,,,,,,,,,222.51,1,121.0,6.0,6.0,3.0,0.0,1.0,1.0,
Saudi Arabia,2024-03-26,20:00,WCQ,Second round,Tue,Away,D,1.0,1.0,Tajikistan,,13300.0,Salem Al-Dawsari,3-3-2-2,4-2-2-2,Kim Jonghyeok,,False,53,1441.4,99,1218.89,0,0,0,0,0,0,,,,,,,,,,222.51,1,5.0,9.0,9.0,2.333333333333333,0.0,1.0,1.0,
Saudi Arabia,2024-06-06,20:30,WCQ,Second round,Thu,Away,W,3.0,0.0,Pakistan,,20124.0,Salem Al-Dawsari,3-4-3,5-3-2,Ammar Ebrahim Mahfoodh,,False,53,1443.53,195,849.94,0,0,0,0,0,0,,,,,,,,,,593.5899999999999,1,72.0,10.0,10.0,2.0,0.25,1.0,0.5,
Saudi Arabia,2024-06-11,21:00,WCQ,Second round,Tue,Home,L,1.0,2.0,Jordan,,17871.0,Salem Al-Dawsari,3-1-4-2,5-4-1,Adel Ali Al Naqbi,,False,53,1443.53,71,1350.21,0,0,0,0,0,0,,,,,,,,,,93.31999999999994,1,5.0,13.0,13.0,2.2,0.2,1.0,0.6666666666666666,
Saudi Arabia,2024-09-05,21:00,WCQ,Third round,Thu,Home,D,1.0,1.0,Indonesia,66.0,42386.0,Salem Al-Dawsari,3-5-1-1,5-4-1,Adham Makhadmeh,,False,56,1431.3,133,1108.73,0,0,0,0,0,0,,,,,,,,,,322.56999999999994,1,86.0,10.0,13.0,1.6,0.6,0.6666666666666666,0.6666666666666666,
Saudi Arabia,2024-09-10,20:00,WCQ,Third round,Tue,Away,W,2.0,1.0,China PR,57.0,48628.0,Salem Al-Dawsari,3-4-3,4-2-2-2,Sadullo Gulmurodi,,False,56,1431.3,87,1267.51,0,0,0,0,0,0,,,,,,,,,,163.78999999999996,1,5.0,8.0,14.0,1.4,0.8,0.5,0.6666666666666666,
Saudi Arabia,2024-10-10,21:00,WCQ,Third round,Thu,Home,L,0.0,2.0,Japan,57.0,56283.0,Salem Al-Dawsari,4-1-4-1,3-4-3,Kim Jonghyeok,,False,56,1433.16,16,1639.6,0,0,0,0,0,0,,,,,,,,,,-206.43999999999983,0,30.0,8.0,17.0,1.6,1.0,0.5,0.75,
Saudi Arabia,2024-10-15,21:00,WCQ,Third round,Tue,Home,D,0.0,0.0,Bahrain,67.0,35437.0,Salem Al-Dawsari,4-1-4-1,4-2-2-2,Salman Ahmad Falahi,,False,56,1433.16,76,1315.49,0,0,0,0,0,0,,,,,,,,,,117.67000000000007,1,5.0,7.0,17.0,1.4,1.2,0.4,0.75,
Saudi Arabia,2024-11-14,20:10,WCQ,Third round,Thu,Away,D,0.0,0.0,Australia,58.0,27491.0,Yasser Al-Shahrani,4-1-4-1,5-4-1,Adel Ali Al Naqbi,,False,56,1433.16,25,1544.3,0,0,0,0,0,0,,,,,,,,,,-111.13999999999987,0,30.0,5.0,18.0,0.8,1.2,0.3333333333333333,0.75,
Saudi Arabia,2024-11-19,19:00,WCQ,Third round,Tue,Away,L,0.0,2.0,Indonesia,77.0,55970.0,Yasser Al-Shahrani,4-1-4-1,3-5-2,Rustam Lutfullin,,False,56,1433.16,129,1124.17,0,0,0,0,0,0,,,,,,,,,,308.99,1,5.0,6.0,16.0,0.6,0.8,0.3333333333333333,0.6,
Saudi Arabia,2025-03-20,21:15,WCQ,Third round,Thu,Home,W,1.0,0.0,China PR,80.0,24742.0,Salem Al-Dawsari,4-2-2-2,4-2-3-1,Omar Mohamed Al Ali,,False,56,1433.16,91,1253.77,0,0,0,0,0,0,,,,,,,,,,179.3900000000001,1,121.0,5.0,13.0,0.4,1.0,0.3333333333333333,0.5,
Saudi Arabia,2025-03-25,19:35,WCQ,Third round,Tue,Away,D,0.0,0.0,Japan,22.0,58003.0,Salem Al-Dawsari,5-4-1,3-4-3,Ahmad Al Ali,,False,56,1433.16,16,1639.6,0,0,0,0,0,0,,,,,,,,,,-206.43999999999983,0,5.0,5.0,13.0,0.2,0.8,0.4285714285714285,0.5,
Saudi Arabia,2025-06-05,19:00,WCQ,Third round,Thu,Away,W,2.0,0.0,Bahrain,46.0,15075.0,Salem Al-Dawsari,4-1-4-1,4-2-2-2,Ilgiz Tantashev,,False,56,1433.16,76,1315.49,0,0,0,0,0,0,,,,,,,,,,117.67000000000007,1,72.0,6.0,13.0,0.2,0.4,0.4285714285714285,0.4285714285714285,
Saudi Arabia,2025-06-10,21:15,WCQ,Third round,Tue,Home,L,1.0,2.0,Australia,70.0,24620.0,Salem Al-Dawsari,4-1-4-1,3-4-3,Abdulrahman Ibrahim Al Jassim,,False,56,1433.16,25,1544.3,0,0,0,0,0,0,,,,,,,,,,-111.13999999999987,0,5.0,8.0,13.0,0.6,0.4,0.4285714285714285,0.5,
Saudi Arabia,2025-10-08,20:15,WCQ,Fourth round,Wed,Away,W,3.0,2.0,Indonesia,55.0,40634.0,Salem Al-Dawsari,4-2-3-1,4-2-2-2,Ahmad Al Ali,,False,56,1433.16,129,1124.17,0,0,0,0,0,0,,,,,,,,,,308.99,1,120.0,7.0,13.0,0.8,0.8,0.375,0.5,
Saudi Arabia,2025-10-14,21:45,WCQ,Fourth round,Tue,Home,D,0.0,0.0,Iraq,62.0,60816.0,Salem Al-Dawsari,4-2-3-1,4-2-3-1,Adham Makhadmeh,,False,56,1433.16,55,1435.9,0,0,0,0,0,0,,,,,,,,,,-2.740000000000009,0,6.0,10.0,15.0,1.4,0.8,0.375,0.5555555555555556,
Saudi Arabia,2026-03-27,20:30,Friendlies (M),Friendlies (M),Fri,Home,L,0.0,4.0,Egypt,,,Salman Al-Faraj,3-4-1-2,4-1-4-1,Abdulla Ali Al Athba,,False,56,1433.16,31,1515.64,1,1,0,0,2,1,,,,,,,,,,-82.48000000000002,0,164.0,8.0,13.0,1.2,0.8,0.3333333333333333,0.5555555555555556,
Saudi Arabia,2026-03-31,18:00,Friendlies (M),Friendlies (M),Tue,Away,L,1.0,2.0,Serbia,,4101.0,Mohamed Kanno,4-2-3-1,4-2-3-1,Balázs Berke,,False,56,1433.16,35,1505.08,0,0,0,0,0,0,,,,,,,,,,-71.91999999999985,0,4.0,7.0,13.0,1.2,1.6,0.3,0.5555555555555556,
Saudi Arabia,2026-05-30,20:00,Friendlies (M),Friendlies (M),Sat,Neutral,L,1.0,2.0,Ecuador,,,Salem Al-Dawsari,4-1-4-1,4-2-2-2,Filip Dujic,,False,56,1433.16,27,1535.43,0,0,0,0,0,0,,,,,,,,,,-102.26999999999998,0,60.0,4.0,12.0,1.0,2.0,0.3,0.5,
Saudi Arabia,2026-06-05,18:00,Friendlies (M),Friendlies (M),Fri,Neutral,W,3.0,0.0,Puerto Rico,,,Mohamed Kanno,4-2-3-1,4-2-2-2,Reon Radix,,False,56,1433.16,154,1021.62,0,0,0,0,0,0,,,,,,,,,,411.5400000000001,1,6.0,4.0,11.0,1.0,2.0,0.3,0.5,0.0
Saudi Arabia,2026-06-09,18:00,Friendlies (M),Friendlies (M),Tue,Neutral,D,0.0,0.0,Senegal,,,Salem Al-Dawsari,4-2-3-1,4-1-4-1,Víctor Rivas,,False,56,1433.16,21,1620.87,0,0,0,0,0,0,,,,,,,,,,-187.7099999999998,0,4.0,4.0,14.0,1.0,1.6,0.3,0.5,0.5
Saudi Arabia,2026-06-15,18:00,World Cup,Group stage,Mon,Neutral,,,,Uruguay,,,,,,,,True,56,1433.16,11,1701.34,1,0,1,0,0,1,,,,,,,,,,-268.17999999999984,0,6.0,4.0,12.0,1.0,1.6,0.3,0.5,0.3333333333333333
Saudi Arabia,2026-06-21,12:00,World Cup,Group stage,Sun,Neutral,,,,Spain,,,,,,,,True,56,1433.16,3,1836.42,1,0,1,0,0,1,,,,,,,,,,-403.26,0,6.0,4.0,11.0,1.25,1.0,0.3,0.5,0.3333333333333333
Saudi Arabia,2026-06-26,19:00,World Cup,Group stage,Fri,Neutral,,,,Cabo Verde,,,,,,,,True,56,1433.16,65,1379.17,0,0,0,0,0,0,,,,,,,,,,53.99000000000001,1,5.0,4.0,8.0,1.3333333333333333,0.6666666666666666,0.3,0.5,0.3333333333333333
Scotland,2025-09-05,20:45,WCQ,First round,Fri,Away,D,0.0,0.0,Denmark,27.0,35369.0,Andy Robertson,4-2-3-1,4-4-1-1,Daniel Siebert,,False,52,1461.75,20,1621.7,1,0,1,0,0,1,,,,,,,,,,-159.95000000000005,0,,,,,,,,
Scotland,2025-09-08,21:45,WCQ,First round,Mon,Away,W,2.0,0.0,Belarus,73.0,,Andy Robertson,4-3-1-2,5-3-2,Nikola Dabanović,,False,52,1461.75,97,1229.07,0,0,0,0,0,0,,,,,,,,,,232.68000000000006,1,3.0,1.0,1.0,0.0,0.0,,0.0,
Scotland,2025-10-09,19:45,WCQ,First round,Thu,Home,W,3.0,1.0,Greece,33.0,46006.0,Andy Robertson,4-3-3,4-2-3-1,Espen Eskås,,False,52,1461.75,48,1469.18,0,0,0,0,0,0,,,,,,,,,,-7.430000000000064,0,31.0,4.0,4.0,1.0,0.0,,0.5,
Scotland,2025-10-12,17:00,WCQ,First round,Sun,Home,W,2.0,1.0,Belarus,55.0,49346.0,Andy Robertson,4-2-3-1,4-4-1-1,Marian Barbu,,False,52,1461.75,97,1229.07,0,0,0,0,0,0,,,,,,,,,,232.68000000000006,1,3.0,7.0,7.0,1.6666666666666667,0.3333333333333333,1.0,0.5,
Scotland,2025-11-15,21:45,WCQ,First round,Sat,Away,L,2.0,3.0,Greece,51.0,18405.0,Andy Robertson,4-2-3-1,4-2-3-1,Jesús Gil,,False,52,1461.75,48,1469.18,0,0,0,0,0,0,,,,,,,,,,-7.430000000000064,0,34.0,10.0,10.0,1.75,0.5,1.0,0.5,
Scotland,2025-11-18,19:45,WCQ,First round,Tue,Home,W,4.0,2.0,Denmark,30.0,49587.0,Andy Robertson,4-1-4-1,4-2-3-1,Szymon Marciniak,,False,52,1461.75,20,1621.7,1,0,1,0,0,1,,,,,,,,,,-159.95000000000005,0,3.0,10.0,10.0,1.8,1.0,1.0,0.3333333333333333,
Scotland,2026-03-28,17:00,Friendlies (M),Friendlies (M),Sat,Home,L,0.0,1.0,Japan,,44644.0,Andy Robertson,4-2-3-1,3-4-3,Shaun Evans,,False,52,1461.75,16,1639.6,1,0,1,0,1,2,,,,,,,,,,-177.8499999999999,0,130.0,12.0,13.0,2.6,1.4,1.0,0.3333333333333333,
Scotland,2026-03-31,19:30,Friendlies (M),Friendlies (M),Tue,Neutral,L,0.0,1.0,Côte d'Ivoire,,33034.0,Andy Robertson,3-4-1-2,4-2-3-1,Daniel Elder,,False,52,1461.75,33,1509.12,0,0,0,0,0,0,,,,,,,,,,-47.36999999999989,0,3.0,9.0,13.0,2.2,1.6,0.75,0.3333333333333333,
Scotland,2026-05-30,13:00,Friendlies (M),Friendlies (M),Sat,Home,W,4.0,1.0,Curaçao,,44433.0,Andy Robertson,4-2-2-2,5-4-1,Goga Kikacheishvili,,False,52,1461.75,88,1261.38,0,0,0,0,0,0,,,,,,,,,,200.3699999999999,1,60.0,6.0,13.0,1.6,1.6,0.75,0.3333333333333333,0.0
Scotland,2026-06-06,16:00,Friendlies (M),Friendlies (M),Sat,Neutral,W,4.0,0.0,Bolivia,,,Andy Robertson,4-2-2-2,4-1-4-1,Rosendo Mendoza,,False,52,1461.75,83,1293.76,0,0,0,0,0,0,,,,,,,,,,167.99,1,7.0,6.0,16.0,2.0,1.6,0.8,0.3333333333333333,0.0
Scotland,2026-06-13,21:00,World Cup,Group stage,Sat,Neutral,W,1.0,0.0,Haiti,46.0,64146.0,Andy Robertson,4-2-2-2,4-2-2-2,Mustapha Ghorbal,,False,52,1461.75,86,1278.56,0,0,0,0,0,0,,,,,,,,,,183.19000000000005,1,7.0,9.0,19.0,2.4,1.0,0.8,0.3333333333333333,0.5
Scotland,2026-06-19,18:00,World Cup,Group stage,Fri,Neutral,,,,Morocco,,,,,,,,True,52,1461.75,14,1676.14,1,0,1,0,0,3,,,,,,,,,,-214.3900000000001,0,6.0,9.0,21.0,1.8,0.6,0.8,0.3333333333333333,0.6666666666666666
Scotland,2026-06-24,18:00,World Cup,Group stage,Wed,Neutral,,,,Brazil,,,,,,,,True,52,1461.75,5,1772.02,4,0,3,1,2,7,,,,,,,,,,-310.27,0,5.0,9.0,18.0,2.25,0.5,0.8,0.3333333333333333,0.6666666666666666
Senegal,2023-11-18,19:00,WCQ,First round,Sat,Home,W,4.0,0.0,South Sudan,,,Kalidou Koulibaly,4-1-4-1,4-1-4-1,Retṧelisitsoe Molise,,False,20,1600.82,167,986.56,0,0,0,0,0,0,,,,,,,,,,614.26,1,,,,,,,,
Senegal,2023-11-21,16:00,WCQ,First round,Tue,Away,D,0.0,0.0,Togo,,,Kalidou Koulibaly,4-1-4-1,4-1-4-1,Mustapha Ghorbal,,False,20,1600.82,119,1158.24,0,0,0,0,0,0,,,,,,,,,,442.5799999999999,1,3.0,3.0,3.0,4.0,0.0,1.0,,
Senegal,2024-06-06,19:00,WCQ,First round,Thu,Home,D,1.0,1.0,Congo DR,,,Kalidou Koulibaly,3-4-1-2,4-2-3-1,Mutaz Al Shalmani,,False,17,1624.73,63,1388.25,0,0,0,0,0,0,,,,,,,,,,236.48000000000002,1,198.0,4.0,4.0,2.0,0.0,1.0,0.0,
Senegal,2024-06-09,16:00,WCQ,First round,Sun,Away,W,1.0,0.0,Mauritania,,,Kalidou Koulibaly,3-4-1-2,4-2-3-1,Samir Guezzaz,,False,17,1624.73,105,1195.5,0,0,0,0,0,0,,,,,,,,,,429.23,1,3.0,5.0,5.0,1.6666666666666667,0.3333333333333333,0.5,0.0,
Senegal,2025-03-22,21:00,WCQ,First round,Sat,Neutral,D,0.0,0.0,Sudan,,,Kalidou Koulibaly,4-1-4-1,4-2-3-1,Tanguy Mebiame,,False,21,1620.87,120,1154.5,0,0,0,0,0,0,,,,,,,,,,466.3699999999999,1,286.0,8.0,8.0,1.5,0.25,0.5,0.5,
Senegal,2025-03-25,21:00,WCQ,First round,Tue,Home,W,2.0,0.0,Togo,,,Kalidou Koulibaly,4-1-4-1,5-4-1,Peter Waweru,,False,21,1620.87,119,1158.81,0,0,0,0,0,0,,,,,,,,,,462.05999999999995,1,3.0,9.0,9.0,1.2,0.2,0.5,0.5,0.0
Senegal,2025-09-05,19:00,WCQ,First round,Fri,Home,W,2.0,0.0,Sudan,,,Kalidou Koulibaly,4-1-4-1,4-2-3-1,Imtehaz Heeralall,,False,21,1620.87,120,1154.5,0,0,0,0,0,0,,,,,,,,,,466.3699999999999,1,164.0,9.0,12.0,0.8,0.2,0.6666666666666666,0.5,0.0
Senegal,2025-09-09,17:00,WCQ,First round,Tue,Away,W,3.0,2.0,Congo DR,,,Kalidou Koulibaly,4-1-4-1,4-1-4-1,Cumar Cabdiqaadir Cartan,,False,21,1620.87,58,1416.91,0,0,0,0,0,0,,,,,,,,,,203.9599999999998,1,4.0,11.0,15.0,1.2,0.2,0.75,0.5,0.0
Senegal,2025-10-10,15:00,WCQ,First round,Fri,Away,W,5.0,0.0,South Sudan,,,Kalidou Koulibaly,4-2-3-1,4-2-3-1,Abdou Abdel Mefire,,False,21,1620.87,172,967.83,0,0,0,0,0,0,,,,,,,,,,653.0399999999998,1,31.0,13.0,18.0,1.6,0.4,0.75,0.6666666666666666,0.0
Senegal,2025-10-14,19:00,WCQ,First round,Tue,Home,W,4.0,0.0,Mauritania,,,Kalidou Koulibaly,4-2-2-2,4-2-2-2,Mohamed Ali Moussa,,False,21,1620.87,112,1179.04,0,0,0,0,0,0,,,,,,,,,,441.8299999999999,1,4.0,13.0,21.0,2.4,0.4,0.75,0.75,0.0
Senegal,2026-03-28,17:00,Friendlies (M),Friendlies (M),Sat,Neutral,W,2.0,0.0,Peru,,,Idrissa Gueye,4-1-4-1,4-2-3-1,Jérémie Pignard,,False,21,1620.87,43,1483.2,0,0,0,0,0,0,,,,,,,,,,137.66999999999985,1,165.0,15.0,24.0,3.2,0.4,0.8,0.75,0.0
Senegal,2026-03-31,19:00,Friendlies (M),Friendlies (M),Tue,Home,W,3.0,1.0,Gambia,,,Abdoulaye Seck,3-4-3,3-4-3,Abdel Aziz Mohamed Bouh,,False,21,1620.87,124,1137.47,0,0,0,0,0,0,,,,,,,,,,483.39999999999986,1,3.0,15.0,24.0,3.2,0.4,0.8,0.75,0.5
Senegal,2026-05-31,15:30,Friendlies (M),Friendlies (M),Sun,Away,L,2.0,3.0,USA,,57741.0,Sadio Mané,4-2-3-1,4-2-3-1,Nick Walsh,,False,21,1620.87,18,1632.19,0,0,0,0,0,0,,,,,,,,,,-11.320000000000164,0,61.0,15.0,26.0,3.4,0.6,0.8333333333333334,0.75,0.5
Senegal,2026-06-09,18:00,Friendlies (M),Friendlies (M),Tue,Neutral,D,0.0,0.0,Saudi Arabia,,,Sadio Mané,4-1-4-1,4-2-3-1,Víctor Rivas,,False,21,1620.87,56,1433.16,0,0,0,0,0,0,,,,,,,,,,187.7099999999998,1,9.0,12.0,25.0,3.2,0.8,0.8333333333333334,0.6,0.5
Senegal,2026-06-16,15:00,World Cup,Group stage,Tue,Neutral,,,,France,,,,,,,,True,21,1620.87,2,1851.92,1,1,0,0,1,0,,,,,,,,,,-231.05000000000018,0,7.0,10.0,23.0,2.2,0.8,0.8333333333333334,0.6,0.3333333333333333
Senegal,2026-06-22,20:00,World Cup,Group stage,Mon,Neutral,,,,Norway,,,,,,,,True,21,1620.87,47,1472.16,0,0,0,0,0,0,,,,,,,,,,148.7099999999998,1,6.0,7.0,22.0,1.75,1.0,0.8333333333333334,0.6,0.3333333333333333
Senegal,2026-06-26,15:00,World Cup,Group stage,Fri,Neutral,,,,Iraq,,,,,,,,True,21,1620.87,55,1435.9,0,0,0,0,0,0,,,,,,,,,,184.9699999999998,1,4.0,4.0,19.0,1.6666666666666667,1.3333333333333333,0.8333333333333334,0.6,0.3333333333333333
South Africa,2023-11-18,15:00,WCQ,First round,Sat,Home,W,2.0,1.0,Benin,,,Ronwen Williams,4-2-3-1,4-1-4-1,Mahmood Ali Mahmood Ismail,,False,64,1366.35,93,1238.89,0,0,0,0,0,0,,,,,,,,,,127.45999999999981,1,,,,,,,,
South Africa,2023-11-21,15:00,WCQ,First round,Tue,Away,L,0.0,2.0,Rwanda,,,Ronwen Williams,4-2-3-1,4-2-3-1,Amin Omar,,False,64,1366.35,140,1087.03,0,0,0,0,0,0,,,,,,,,,,279.31999999999994,1,3.0,3.0,3.0,2.0,1.0,1.0,,
South Africa,2024-06-07,20:00,WCQ,First round,Fri,Away,D,1.0,1.0,Nigeria,,,Ronwen Williams,4-2-2-2,4-2-3-1,Alhadj Allaou Mahamat,,False,59,1407.67,30,1520.27,0,0,0,0,0,0,,,,,,,,,,-112.59999999999991,0,199.0,3.0,3.0,1.0,1.5,1.0,0.0,
South Africa,2024-06-11,18:00,WCQ,First round,Tue,Home,W,3.0,1.0,Zimbabwe,,,Ronwen Williams,4-2-2-2,3-4-3,Mohamed Maarouf,,False,59,1407.67,122,1143.66,0,0,0,0,0,0,,,,,,,,,,264.01,1,4.0,4.0,4.0,1.0,1.3333333333333333,1.0,0.0,
South Africa,2025-03-21,18:00,WCQ,First round,Fri,Home,L,0.0,3.0,Lesotho,,,Ronwen Williams,4-2-3-1,4-2-3-1,Mohamed Diraneh Guedi,Match awarded to Lesotho,False,59,1415.07,153,1034.02,0,0,0,0,0,0,,,,,,,,,,381.04999999999995,1,283.0,7.0,7.0,1.5,1.25,1.0,0.0,
South Africa,2025-03-25,16:00,WCQ,First round,Tue,Neutral,W,2.0,0.0,Benin,,,Ronwen Williams,4-2-3-1,4-2-3-1,Dahane Beida,,False,59,1415.07,89,1257.69,0,0,0,0,0,0,,,,,,,,,,157.37999999999988,1,4.0,7.0,7.0,1.2,1.6,0.6666666666666666,0.0,
South Africa,2025-09-05,18:00,WCQ,First round,Fri,Neutral,W,3.0,0.0,Lesotho,,,Ronwen Williams,4-2-3-1,4-1-4-1,Dickens Mimisa,,False,59,1415.07,153,1034.02,0,0,0,0,0,0,,,,,,,,,,381.04999999999995,1,164.0,7.0,10.0,1.2,1.4,0.6666666666666666,0.0,1.0
South Africa,2025-09-09,18:00,WCQ,First round,Tue,Home,D,1.0,1.0,Nigeria,,,Ronwen Williams,4-2-3-1,4-3-1-2,Pierre Ghislain Atcho,,False,59,1415.07,39,1498.02,0,0,0,0,0,0,,,,,,,,,,-82.95000000000005,0,4.0,10.0,13.0,1.8,1.0,0.6666666666666666,0.0,1.0
South Africa,2025-10-10,18:00,WCQ,First round,Fri,Neutral,D,0.0,0.0,Zimbabwe,,,Ronwen Williams,4-2-3-1,4-2-3-1,Mustapha Ghorbal,,False,59,1415.07,124,1134.99,0,0,0,0,0,0,,,,,,,,,,280.0799999999999,1,31.0,10.0,14.0,1.8,1.0,0.5,0.0,1.0
South Africa,2025-10-14,18:00,WCQ,First round,Tue,Home,W,3.0,0.0,Rwanda,,,Ronwen Williams,4-2-3-1,4-1-4-1,Mehrez Melki,,False,59,1415.07,130,1123.32,0,0,0,0,0,0,,,,,,,,,,291.75,1,4.0,8.0,15.0,1.2,0.8,0.5,0.0,0.6666666666666666
South Africa,2026-03-27,19:00,Friendlies (M),Friendlies (M),Fri,Home,D,1.0,1.0,Panama,,,Ronwen Williams,4-2-3-1,5-4-1,Thabang Ketshabile,,False,59,1415.07,37,1502.55,0,0,0,0,0,0,,,,,,,,,,-87.48000000000002,0,164.0,11.0,18.0,1.8,0.2,0.6,0.0,0.6666666666666666
South Africa,2026-03-31,19:30,Friendlies (M),Friendlies (M),Tue,Home,L,1.0,2.0,Panama,,,Ronwen Williams,4-2-3-1,3-4-3,Thabang Ketshabile,,False,59,1415.07,37,1502.55,0,0,0,0,0,0,,,,,,,,,,-87.48000000000002,0,4.0,9.0,16.0,1.6,0.4,0.5,0.0,0.6666666666666666
South Africa,2026-05-29,18:00,Friendlies (M),Friendlies (M),Fri,Home,D,0.0,0.0,Nicaragua,,,Themba Zwane,4-2-3-1,5-4-1,Lebalang Mokete,,False,59,1415.07,131,1118.04,0,0,0,0,0,0,,,,,,,,,,297.03,1,59.0,6.0,16.0,1.2,0.8,0.4285714285714285,0.0,0.6666666666666666
South Africa,2026-06-11,13:00,World Cup,Group stage,Thu,Neutral,L,0.0,2.0,Mexico,40.0,80824.0,Ronwen Williams,5-3-2,4-1-4-1,Wilton Sampaio,,False,59,1415.07,17,1635.66,1,0,0,1,1,1,,,,,,,,,,-220.59000000000015,0,13.0,6.0,16.0,1.0,0.6,0.375,0.0,0.6666666666666666
South Africa,2026-06-18,12:00,World Cup,Group stage,Thu,Neutral,,,,Czechia,,,,,,,,True,59,1415.07,46,1473.19,0,0,0,0,0,0,,,,,,,,,,-58.12000000000012,0,7.0,5.0,13.0,1.0,1.0,0.375,0.0,0.5
South Africa,2026-06-24,19:00,World Cup,Group stage,Wed,Neutral,,,,Korea Republic,,,,,,,,True,59,1415.07,23,1572.61,0,0,0,0,0,0,,,,,,,,,,-157.53999999999996,0,6.0,2.0,13.0,0.5,1.25,0.375,0.0,0.5
Spain,2025-09-04,21:45,WCQ,First round,Thu,Away,W,3.0,0.0,Bulgaria,78.0,40582.0,Unai Simón,4-3-3,4-3-3,Srđan Jovanović,,False,3,1836.42,81,1302.68,1,1,0,0,6,1,,,,,,,,,,533.74,1,,,,,,,,
Spain,2025-09-07,21:45,WCQ,First round,Sun,Away,W,6.0,0.0,Türkiye,50.0,32059.0,Unai Simón,4-3-3,4-2-3-1,Michael Oliver,,False,3,1836.42,26,1538.52,0,0,0,0,0,0,,,,,,,,,,297.9000000000001,1,3.0,3.0,3.0,3.0,0.0,,1.0,
Spain,2025-10-11,20:45,WCQ,First round,Sat,Home,W,2.0,0.0,Georgia,83.0,28661.0,Unai Simón,4-3-3,5-3-2,Manfredas Lukjančukas,,False,3,1836.42,66,1378.22,0,0,0,0,0,0,,,,,,,,,,458.20000000000005,1,34.0,6.0,6.0,4.5,0.0,,1.0,
Spain,2025-10-14,20:45,WCQ,First round,Tue,Home,W,4.0,0.0,Bulgaria,78.0,24526.0,Unai Simón,4-2-3-1,4-5-1,Willy Delajod,,False,3,1836.42,81,1302.68,1,1,0,0,6,1,,,,,,,,,,533.74,1,3.0,9.0,9.0,3.6666666666666665,0.0,1.0,1.0,
Spain,2025-11-15,21:00,WCQ,First round,Sat,Away,W,4.0,0.0,Georgia,61.0,44314.0,Unai Simón,4-3-3,4-1-4-1,Benoît Bastien,,False,3,1836.42,66,1378.22,0,0,0,0,0,0,,,,,,,,,,458.20000000000005,1,32.0,12.0,12.0,3.75,0.0,1.0,1.0,
Spain,2025-11-18,20:45,WCQ,First round,Tue,Home,D,2.0,2.0,Türkiye,73.0,30812.0,Unai Simón,4-3-3,5-4-1,Felix Zwayer,,False,3,1836.42,26,1538.52,0,0,0,0,0,0,,,,,,,,,,297.9000000000001,1,3.0,15.0,15.0,3.8,0.0,1.0,1.0,
Spain,2026-03-27,21:00,Friendlies (M),Friendlies (M),Fri,Home,W,3.0,0.0,Serbia,,20482.0,Rodri,4-1-4-1,4-4-1-1,Luís Godinho,,False,3,1836.42,35,1505.08,0,0,0,0,0,0,,,,,,,,,,331.34000000000015,1,129.0,13.0,16.0,3.6,0.4,0.6666666666666666,1.0,
Spain,2026-03-31,21:00,Friendlies (M),Friendlies (M),Tue,Home,D,0.0,0.0,Egypt,,35895.0,Ferrán Torres,4-1-4-1,4-2-3-1,Georgi Kabakov,,False,3,1836.42,31,1515.64,0,0,0,0,0,0,,,,,,,,,,320.78,1,4.0,13.0,19.0,3.0,0.4,0.75,1.0,
Spain,2026-06-04,21:00,Friendlies (M),Friendlies (M),Thu,Home,D,1.0,1.0,Iraq,,30423.0,Ferrán Torres,4-1-4-1,4-2-2-2,Florian Badstübner,,False,3,1836.42,55,1435.9,0,0,0,0,0,0,,,,,,,,,,400.52,1,65.0,11.0,20.0,2.6,0.4,0.6,1.0,
Spain,2026-06-08,20:00,Friendlies (M),Friendlies (M),Mon,Neutral,W,3.0,1.0,Peru,,,Rodri,4-2-3-1,4-2-2-2,Fernando Hernández,,False,3,1836.42,43,1483.2,0,0,0,0,0,0,,,,,,,,,,353.22,1,4.0,9.0,21.0,2.0,0.6,0.5,1.0,
Spain,2026-06-15,12:00,World Cup,Group stage,Mon,Neutral,,,,Cabo Verde,,,,,,,,True,3,1836.42,65,1379.17,0,0,0,0,0,0,,,,,,,,,,457.25,1,7.0,9.0,24.0,1.8,0.8,0.5,1.0,1.0
Spain,2026-06-21,12:00,World Cup,Group stage,Sun,Neutral,,,,Saudi Arabia,,,,,,,,True,3,1836.42,56,1433.16,1,1,0,0,1,0,,,,,,,,,,403.26,1,6.0,8.0,21.0,1.75,0.5,0.5,1.0,1.0
Spain,2026-06-26,18:00,World Cup,Group stage,Fri,Neutral,,,,Uruguay,,,,,,,,True,3,1836.42,11,1701.34,2,0,0,2,2,2,,,,,,,,,,135.08000000000015,1,5.0,5.0,18.0,1.3333333333333333,0.6666666666666666,0.5,1.0,1.0
Sweden,2025-09-05,20:45,WCQ,First round,Fri,Away,D,2.0,2.0,Slovenia,59.0,15679.0,Isak Hien,3-5-2,4-4-2,Jose Maria Sánchez,,False,28,1528.18,51,1462.98,0,0,0,0,0,0,,,,,,,,,,65.20000000000005,1,,,,,,,,
Sweden,2025-09-08,20:45,WCQ,First round,Mon,Away,L,0.0,2.0,Kosovo,69.0,12887.0,Isak Hien,3-5-2,4-4-2,Allard Lindhout,,False,28,1528.18,104,1205.96,0,0,0,0,0,0,,,,,,,,,,322.22,1,3.0,1.0,1.0,2.0,2.0,,0.0,
Sweden,2025-10-10,20:45,WCQ,First round,Fri,Home,L,0.0,2.0,Switzerland,41.0,50151.0,Alexander Isak,3-5-2,4-3-3,Anthony Taylor,,False,28,1528.18,15,1641.0,1,1,0,0,1,0,,,,,,,,,,-112.81999999999994,0,32.0,1.0,1.0,1.0,2.0,,0.0,
Sweden,2025-10-13,20:45,WCQ,First round,Mon,Home,L,0.0,1.0,Kosovo,68.0,36571.0,Victor Lindelöf,3-5-2,3-1-4-2,Danny Makkelie,,False,28,1528.18,104,1205.96,0,0,0,0,0,0,,,,,,,,,,322.22,1,3.0,1.0,1.0,0.6666666666666666,2.0,0.0,0.0,
Sweden,2025-11-15,20:45,WCQ,First round,Sat,Away,L,1.0,4.0,Switzerland,41.0,26458.0,Isak Hien,4-4-2,4-2-3-1,Erik Lambrechts,,False,28,1528.18,15,1641.0,1,1,0,0,1,0,,,,,,,,,,-112.81999999999994,0,33.0,1.0,1.0,0.5,1.75,0.0,0.0,
Sweden,2025-11-18,20:45,WCQ,First round,Tue,Home,D,1.0,1.0,Slovenia,61.0,25724.0,Victor Lindelöf,4-4-2,5-4-1,Maurizio Mariani,,False,28,1528.18,51,1462.98,0,0,0,0,0,0,,,,,,,,,,65.20000000000005,1,3.0,1.0,1.0,0.6,2.2,0.0,0.0,
Sweden,2026-03-26,20:45,WCQ,Second round — Semi-finals,Thu,Neutral,W,3.0,1.0,Ukraine,32.0,18846.0,Victor Lindelöf,3-4-3,4-1-4-1,João Pinheiro,,False,28,1528.18,24,1548.29,0,0,0,0,0,0,,,,,,,,,,-20.1099999999999,0,128.0,1.0,2.0,0.4,2.0,0.0,0.0,
Sweden,2026-03-31,20:45,WCQ,Second round — Finals,Tue,Home,W,3.0,2.0,Poland,33.0,49627.0,Victor Lindelöf,3-4-3,3-4-3,Slavko Vinčič,,False,28,1528.18,30,1525.08,1,0,1,0,0,1,,,,,,,,,,3.1000000000001364,1,5.0,4.0,5.0,1.0,1.8,0.0,0.0,1.0
Sweden,2026-06-01,19:00,Friendlies (M),Friendlies (M),Mon,Away,L,1.0,3.0,Norway,,25178.0,Isak Hien,3-1-4-2,4-2-2-2,Balázs Berke,,False,28,1528.18,47,1472.16,2,0,2,0,2,7,,,,,,,,,,56.01999999999998,1,62.0,7.0,8.0,1.6,1.8,0.25,0.0,1.0
Sweden,2026-06-04,19:00,Friendlies (M),Friendlies (M),Thu,Home,D,2.0,2.0,Greece,,39139.0,Isak Hien,3-4-1-2,3-4-3,Aaron Wyn Jones,,False,28,1528.18,48,1469.18,0,0,0,0,0,0,,,,,,,,,,59.0,1,3.0,7.0,8.0,1.8,2.2,0.25,0.0,1.0
Sweden,2026-06-14,20:00,World Cup,Group stage,Sun,Neutral,,,,Tunisia,,,,,,,,True,28,1528.18,36,1504.86,0,0,0,0,0,0,,,,,,,,,,23.320000000000164,1,10.0,8.0,9.0,2.0,1.8,0.2,0.0,1.0
Sweden,2026-06-20,12:00,World Cup,Group stage,Sat,Neutral,,,,Netherlands,,,,,,,,True,28,1528.18,7,1759.95,2,0,1,1,0,1,,,,,,,,,,-231.76999999999998,0,6.0,7.0,8.0,2.25,2.0,0.2,0.0,1.0
Sweden,2026-06-25,18:00,World Cup,Group stage,Thu,Neutral,,,,Japan,,,,,,,,True,28,1528.18,16,1639.6,3,2,1,0,11,3,,,,,,,,,,-111.41999999999985,0,5.0,4.0,8.0,2.0,2.333333333333333,0.2,0.0,1.0
Switzerland,2025-09-05,20:45,WCQ,First round,Fri,Home,W,4.0,0.0,Kosovo,63.0,33996.0,Granit Xhaka,4-3-3,4-3-3,Szymon Marciniak,,False,15,1641.0,104,1205.96,0,0,0,0,0,0,,,,,,,,,,435.03999999999996,1,,,,,,,,
Switzerland,2025-09-08,20:45,WCQ,First round,Mon,Home,W,3.0,0.0,Slovenia,65.0,12757.0,Granit Xhaka,4-3-3,4-4-2,François Letexier,,False,15,1641.0,51,1462.98,0,0,0,0,0,0,,,,,,,,,,178.01999999999998,1,3.0,3.0,3.0,4.0,0.0,1.0,,
Switzerland,2025-10-10,20:45,WCQ,First round,Fri,Away,W,2.0,0.0,Sweden,60.0,50151.0,Granit Xhaka,4-3-3,3-5-2,Anthony Taylor,,False,15,1641.0,28,1528.18,1,0,1,0,0,1,,,,,,,,,,112.81999999999994,1,32.0,6.0,6.0,3.5,0.0,1.0,,
Switzerland,2025-10-13,20:45,WCQ,First round,Mon,Away,D,0.0,0.0,Slovenia,65.0,14637.0,Granit Xhaka,4-3-3,5-4-1,Felix Zwayer,,False,15,1641.0,51,1462.98,0,0,0,0,0,0,,,,,,,,,,178.01999999999998,1,3.0,9.0,9.0,3.0,0.0,1.0,1.0,
Switzerland,2025-11-15,20:45,WCQ,First round,Sat,Home,W,4.0,1.0,Sweden,59.0,26458.0,Granit Xhaka,4-2-3-1,4-4-2,Erik Lambrechts,,False,15,1641.0,28,1528.18,1,0,1,0,0,1,,,,,,,,,,112.81999999999994,1,33.0,10.0,10.0,2.25,0.0,1.0,0.5,
Switzerland,2025-11-18,20:45,WCQ,First round,Tue,Away,D,1.0,1.0,Kosovo,53.0,11215.0,Granit Xhaka,4-3-3,5-3-2,Davide Massa,,False,15,1641.0,104,1205.96,0,0,0,0,0,0,,,,,,,,,,435.03999999999996,1,3.0,13.0,13.0,2.6,0.2,1.0,0.5,
Switzerland,2026-03-27,20:45,Friendlies (M),Friendlies (M),Fri,Home,L,3.0,4.0,Germany,,37994.0,Granit Xhaka,4-1-4-1,4-1-4-1,Chris Kavanagh,,False,15,1641.0,13,1692.19,2,1,0,1,5,3,,,,,,,,,,-51.190000000000055,0,129.0,11.0,14.0,2.0,0.4,1.0,0.3333333333333333,
Switzerland,2026-03-31,18:00,Friendlies (M),Friendlies (M),Tue,Away,D,0.0,0.0,Norway,,23913.0,Manuel Akanji,3-4-3,4-1-4-1,Jasper Vergoote,,False,15,1641.0,47,1472.16,0,0,0,0,0,0,,,,,,,,,,168.83999999999992,1,4.0,8.0,14.0,2.0,1.2,0.75,0.3333333333333333,
Switzerland,2026-05-31,15:00,Friendlies (M),Friendlies (M),Sun,Home,W,4.0,1.0,Jordan,,13380.0,Granit Xhaka,3-4-3,5-3-2,Rohit Saggi,,False,15,1641.0,68,1377.52,0,0,0,0,0,0,,,,,,,,,,263.48,1,61.0,6.0,15.0,1.6,1.2,0.75,0.25,
Switzerland,2026-06-06,12:00,Friendlies (M),Friendlies (M),Sat,Neutral,D,1.0,1.0,Australia,,6500.0,Granit Xhaka,4-2-2-2,5-4-1,Katja Koroleva,,False,15,1641.0,25,1544.3,0,0,0,0,0,0,,,,,,,,,,96.70000000000005,1,6.0,8.0,18.0,2.4,1.4,0.8,0.25,
Switzerland,2026-06-13,12:00,World Cup,Group stage,Sat,Neutral,D,1.0,1.0,Qatar,68.0,67966.0,Granit Xhaka,4-2-3-1,4-1-4-1,Said Martínez,,False,15,1641.0,44,1481.69,0,0,0,0,0,0,,,,,,,,,,159.30999999999995,1,7.0,6.0,19.0,1.8,1.4,0.8,0.25,0.0
Switzerland,2026-06-18,12:00,World Cup,Group stage,Thu,Neutral,,,,Bosnia and Herzegovina,,,,,,,,True,15,1641.0,75,1332.39,0,0,0,0,0,0,,,,,,,,,,308.6099999999999,1,5.0,6.0,17.0,1.8,1.4,0.8,0.25,0.0
Switzerland,2026-06-24,12:00,World Cup,Group stage,Wed,Neutral,,,,Canada,,,,,,,,True,15,1641.0,38,1502.31,1,0,1,0,0,1,,,,,,,,,,138.69000000000005,1,6.0,6.0,14.0,1.5,0.75,0.8,0.25,0.0
Tunisia,2023-11-17,20:00,WCQ,First round,Fri,Home,W,4.0,0.0,São Tomé,,,Youssef Msakni,4-1-4-1,4-2-2-2,Joseph Odey Ogabor,,False,32,1516.14,187,908.18,0,0,0,0,0,0,,,,,,,,,,607.9600000000002,1,,,,,,,,
Tunisia,2023-11-21,15:00,WCQ,First round,Tue,Away,W,1.0,0.0,Malawi,,,Youssef Msakni,4-1-4-1,4-2-2-2,Aklésso Gnama,,False,32,1516.14,123,1144.29,0,0,0,0,0,0,,,,,,,,,,371.85000000000014,1,4.0,3.0,3.0,4.0,0.0,1.0,,
Tunisia,2024-06-05,20:00,WCQ,First round,Wed,Home,W,1.0,0.0,Equ. Guinea,,,Yassine Meriah,4-1-4-1,4-1-4-1,Abongile Tom,,False,41,1493.12,79,1308.03,0,0,0,0,0,0,,,,,,,,,,185.08999999999992,1,197.0,6.0,6.0,2.5,0.0,1.0,1.0,
Tunisia,2024-06-09,18:00,WCQ,First round,Sun,Neutral,D,0.0,0.0,Namibia,,,Yassine Meriah,4-2-3-1,4-2-3-1,Dahane Beida,,False,41,1493.12,106,1192.13,0,0,0,0,0,0,,,,,,,,,,300.9899999999998,1,4.0,9.0,9.0,2.0,0.0,1.0,1.0,
Tunisia,2025-03-19,16:00,WCQ,First round,Wed,Away,W,1.0,0.0,Liberia,,,Naïm Sliti,4-2-3-1,4-2-3-1,Clément Franklin Kpan,,False,36,1504.86,143,1064.97,0,0,0,0,0,0,,,,,,,,,,439.8899999999999,1,283.0,10.0,10.0,1.5,0.0,1.0,1.0,0.0
Tunisia,2025-03-24,22:00,WCQ,First round,Mon,Home,W,2.0,0.0,Malawi,,,Naïm Sliti,4-2-3-1,4-2-3-1,Louis Houngnandande,,False,36,1504.86,133,1117.42,0,0,0,0,0,0,,,,,,,,,,387.4399999999998,1,5.0,13.0,13.0,1.4,0.0,1.0,1.0,0.0
Tunisia,2025-09-04,20:00,WCQ,First round,Thu,Home,W,3.0,0.0,Liberia,,,Ferjani Sassi,4-1-4-1,4-2-3-1,Raphiou Ligali,,False,36,1504.86,143,1064.97,0,0,0,0,0,0,,,,,,,,,,439.8899999999999,1,164.0,13.0,16.0,1.0,0.0,1.0,1.0,0.0
Tunisia,2025-09-08,14:00,WCQ,First round,Mon,Away,W,1.0,0.0,Equ. Guinea,,,Ferjani Sassi,4-2-3-1,4-1-4-1,Patrice Milazar,,False,36,1504.86,94,1250.57,0,0,0,0,0,0,,,,,,,,,,254.28999999999996,1,4.0,13.0,19.0,1.4,0.0,1.0,1.0,0.0
Tunisia,2025-10-10,17:00,WCQ,First round,Fri,Neutral,W,6.0,0.0,São Tomé,,,Naïm Sliti,4-1-4-1,4-2-3-1,Andofetra Rakotojaona,,False,36,1504.86,187,908.18,0,0,0,0,0,0,,,,,,,,,,596.68,1,32.0,13.0,22.0,1.4,0.0,1.0,1.0,0.0
Tunisia,2025-10-13,14:00,WCQ,First round,Mon,Home,W,3.0,0.0,Namibia,,,Ferjani Sassi,4-2-3-1,4-1-4-1,Issa Sy,,False,36,1504.86,105,1201.3,0,0,0,0,0,0,,,,,,,,,,303.55999999999995,1,3.0,15.0,25.0,2.6,0.0,1.0,1.0,0.5
Tunisia,2026-03-28,20:00,Friendlies (M),Friendlies (M),Sat,Neutral,W,1.0,0.0,Haiti,,13408.0,Ellyes Skhiri,4-2-3-1,4-2-3-1,Pierre-Luc Lauzière,,False,36,1504.86,86,1278.56,0,0,0,0,0,0,,,,,,,,,,226.29999999999995,1,166.0,15.0,28.0,3.0,0.0,1.0,1.0,0.5
Tunisia,2026-03-31,21:00,Friendlies (M),Friendlies (M),Tue,Away,D,0.0,0.0,Canada,,22624.0,Ellyes Skhiri,4-2-3-1,4-2-2-2,Keylor Herrera,,False,36,1504.86,38,1502.31,0,0,0,0,0,0,,,,,,,,,,2.5499999999999545,1,3.0,15.0,28.0,2.8,0.0,1.0,1.0,0.6666666666666666
Tunisia,2026-06-01,20:45,Friendlies (M),Friendlies (M),Mon,Away,L,0.0,1.0,Austria,,35100.0,Ellyes Skhiri,4-2-3-1,4-2-3-1,Jérémie Pignard,,False,36,1504.86,22,1580.37,0,0,0,0,0,0,,,,,,,,,,-75.50999999999999,0,62.0,13.0,26.0,2.2,0.0,1.0,0.75,0.6666666666666666
Tunisia,2026-06-06,15:00,Friendlies (M),Friendlies (M),Sat,Away,L,0.0,5.0,Belgium,,40236.0,Ellyes Skhiri,4-1-4-1,4-2-3-1,Tasos Sidiropoulos,,False,36,1504.86,6,1768.14,2,0,1,1,3,6,,,,,,,,,,-263.2800000000002,0,5.0,10.0,23.0,2.0,0.2,1.0,0.6,0.6666666666666666
Tunisia,2026-06-14,20:00,World Cup,Group stage,Sun,Neutral,,,,Sweden,,,,,,,,True,36,1504.86,28,1528.18,0,0,0,0,0,0,,,,,,,,,,-23.320000000000164,0,8.0,7.0,22.0,0.8,1.2,1.0,0.5,0.6666666666666666
Tunisia,2026-06-20,22:00,World Cup,Group stage,Sat,Neutral,,,,Japan,,,,,,,,True,36,1504.86,16,1639.6,1,0,1,0,0,2,,,,,,,,,,-134.74,0,6.0,4.0,19.0,0.25,1.5,1.0,0.5,0.6666666666666666
Tunisia,2026-06-25,18:00,World Cup,Group stage,Thu,Neutral,,,,Netherlands,,,,,,,,True,36,1504.86,7,1759.95,0,0,0,0,0,0,,,,,,,,,,-255.09000000000015,0,5.0,1.0,16.0,0.0,2.0,1.0,0.5,0.6666666666666666
Türkiye,2025-09-04,20:00,WCQ,First round,Thu,Away,W,3.0,2.0,Georgia,46.0,44238.0,Hakan Çalhanoğlu,4-2-3-1,4-4-2,Davide Massa,,False,26,1538.52,66,1378.22,0,0,0,0,0,0,,,,,,,,,,160.29999999999995,1,,,,,,,,
Türkiye,2025-09-07,21:45,WCQ,First round,Sun,Home,L,0.0,6.0,Spain,50.0,32059.0,Hakan Çalhanoğlu,4-2-3-1,4-3-3,Michael Oliver,,False,26,1538.52,3,1836.42,0,0,0,0,0,0,,,,,,,,,,-297.9000000000001,0,3.0,3.0,3.0,3.0,2.0,,1.0,
Türkiye,2025-10-11,21:45,WCQ,First round,Sat,Away,W,6.0,1.0,Bulgaria,78.0,10059.0,Hakan Çalhanoğlu,4-2-3-1,4-4-1-1,Luís Godinho,,False,26,1538.52,81,1302.68,0,0,0,0,0,0,,,,,,,,,,235.83999999999992,1,34.0,3.0,3.0,1.5,4.0,0.0,1.0,
Türkiye,2025-10-14,21:45,WCQ,First round,Tue,Home,W,4.0,1.0,Georgia,45.0,26633.0,Hakan Çalhanoğlu,4-2-3-1,4-3-3,Radu Petrescu,,False,26,1538.52,66,1378.22,0,0,0,0,0,0,,,,,,,,,,160.29999999999995,1,3.0,6.0,6.0,3.0,3.0,0.0,1.0,
Türkiye,2025-11-15,20:00,WCQ,First round,Sat,Home,W,2.0,0.0,Bulgaria,67.0,42756.0,Hakan Çalhanoğlu,4-2-3-1,4-5-1,Nick Walsh,,False,26,1538.52,81,1302.68,0,0,0,0,0,0,,,,,,,,,,235.83999999999992,1,32.0,9.0,9.0,3.25,2.5,0.5,1.0,
Türkiye,2025-11-18,20:45,WCQ,First round,Tue,Away,D,2.0,2.0,Spain,27.0,30812.0,Merih Demiral,5-4-1,4-3-3,Felix Zwayer,,False,26,1538.52,3,1836.42,0,0,0,0,0,0,,,,,,,,,,-297.9000000000001,0,3.0,12.0,12.0,3.0,2.0,0.6666666666666666,1.0,
Türkiye,2026-03-26,20:00,WCQ,Second round — Semi-finals,Thu,Neutral,W,1.0,0.0,Romania,68.0,38979.0,Hakan Çalhanoğlu,4-2-3-1,4-2-3-1,François Letexier,,False,26,1538.52,45,1481.4,0,0,0,0,0,0,,,,,,,,,,57.11999999999989,1,128.0,10.0,13.0,2.8,2.0,0.6666666666666666,0.6666666666666666,
Türkiye,2026-03-31,20:45,WCQ,Second round — Finals,Tue,Away,W,1.0,0.0,Kosovo,57.0,12887.0,Hakan Çalhanoğlu,3-4-3,3-4-3,Michael Oliver,,False,26,1538.52,104,1205.96,0,0,0,0,0,0,,,,,,,,,,332.55999999999995,1,5.0,13.0,16.0,3.0,0.8,0.6666666666666666,0.6666666666666666,1.0
Türkiye,2026-06-01,20:30,Friendlies (M),Friendlies (M),Mon,Home,W,4.0,0.0,N. Macedonia,,33994.0,Çağlar Söyüncü,4-2-3-1,3-4-1-2,José Luis Munuera,,False,26,1538.52,72,1351.18,0,0,0,0,0,0,,,,,,,,,,187.33999999999992,1,62.0,13.0,19.0,2.0,0.6,0.6666666666666666,0.75,1.0
Türkiye,2026-06-06,18:00,Friendlies (M),Friendlies (M),Sat,Neutral,W,2.0,1.0,Venezuela,,,Zeki Çelik,4-2-3-1,4-2-2-2,Daniel Quintero,,False,26,1538.52,40,1488.56,0,0,0,0,0,0,,,,,,,,,,49.960000000000036,1,5.0,13.0,22.0,2.0,0.4,0.75,0.75,1.0
Türkiye,2026-06-13,21:00,World Cup,Group stage,Sat,Neutral,L,0.0,2.0,Australia,72.0,52497.0,Hakan Çalhanoğlu,4-2-3-1,5-4-1,Jesús Valenzuela,,False,26,1538.52,25,1544.3,0,0,0,0,0,0,,,,,,,,,,-5.779999999999973,0,7.0,13.0,25.0,2.0,0.6,0.75,0.75,1.0
Türkiye,2026-06-19,20:00,World Cup,Group stage,Fri,Neutral,,,,Paraguay,,,,,,,,True,26,1538.52,57,1423.98,0,0,0,0,0,0,,,,,,,,,,114.53999999999996,1,6.0,12.0,22.0,1.6,0.6,0.75,0.75,0.6666666666666666
Türkiye,2026-06-25,19:00,World Cup,Group stage,Thu,Neutral,,,,USA,,,,,,,,True,26,1538.52,18,1632.19,0,0,0,0,0,0,,,,,,,,,,-93.67000000000007,0,6.0,9.0,22.0,1.75,0.75,0.75,0.75,0.6666666666666666
USA,2026-03-28,15:37,Friendlies (M),Friendlies (M),Sat,Home,L,2.0,5.0,Belgium,,66867.0,Tim Ream,4-2-3-1,4-2-3-1,Esteban Ostojich,,False,18,1632.19,6,1768.14,2,1,1,0,4,2,,,,,,,,,,-135.95000000000005,0,,,,,,,,
USA,2026-03-31,19:07,Friendlies (M),Friendlies (M),Tue,Home,L,0.0,2.0,Portugal,,72297.0,Chris Richards,4-2-3-1,4-2-3-1,Sven Jablonski,,False,18,1632.19,8,1752.14,2,1,0,1,5,4,,,,,,,,,,-119.95000000000005,0,3.0,0.0,0.0,2.0,5.0,0.0,,
USA,2026-05-31,15:30,Friendlies (M),Friendlies (M),Sun,Home,W,3.0,2.0,Senegal,,57741.0,Tim Ream,4-2-3-1,4-2-3-1,Nick Walsh,,False,18,1632.19,21,1620.87,0,0,0,0,0,0,,,,,,,,,,11.320000000000164,1,61.0,0.0,0.0,1.0,3.5,0.0,,
USA,2026-06-06,13:30,Friendlies (M),Friendlies (M),Sat,Home,L,1.0,2.0,Germany,,63636.0,Tim Ream,4-2-3-1,4-2-3-1,Piero Maza,,False,18,1632.19,13,1692.19,7,3,4,0,10,11,,,,,,,,,,-60.0,0,6.0,3.0,3.0,1.6666666666666667,3.0,0.3333333333333333,,
USA,2026-06-12,18:00,World Cup,Group stage,Fri,Neutral,W,4.0,1.0,Paraguay,65.0,70492.0,Tim Ream,4-2-3-1,4-2-2-2,Danny Makkelie,,False,18,1632.19,57,1423.98,1,1,0,0,3,0,,,,,,,,,,208.21000000000004,1,6.0,3.0,3.0,1.5,2.75,0.25,,
USA,2026-06-19,12:00,World Cup,Group stage,Fri,Neutral,,,,Australia,,,,,,,,True,18,1632.19,25,1544.3,2,2,0,0,7,2,,,,,,,,,,87.8900000000001,1,7.0,6.0,6.0,2.0,2.4,0.25,,1.0
USA,2026-06-25,19:00,World Cup,Group stage,Thu,Neutral,,,,Türkiye,,,,,,,,True,18,1632.19,26,1538.52,0,0,0,0,0,0,,,,,,,,,,93.67000000000007,1,6.0,6.0,6.0,2.0,1.75,0.25,,1.0
Uruguay,2023-09-08,20:00,WCQ,World Cup qualification,Fri,Home,W,3.0,1.0,Chile,50.0,49713.0,Federico Valverde,4-3-3,4-4-2,Darío Herrera,,False,16,1633.13,32,1511.31,0,0,0,0,0,0,,,,,,,,,,121.82000000000016,1,,,,,,,,
Uruguay,2023-09-12,16:00,WCQ,World Cup qualification,Tue,Away,L,1.0,2.0,Ecuador,50.0,35613.0,Federico Valverde,4-2-3-1,5-3-2,Wilton Sampaio,,False,16,1633.13,40,1486.47,0,0,0,0,0,0,,,,,,,,,,146.66000000000008,1,4.0,3.0,3.0,3.0,1.0,1.0,,
Uruguay,2023-10-12,15:30,WCQ,World Cup qualification,Thu,Away,D,2.0,2.0,Colombia,51.0,43915.0,Federico Valverde,4-2-3-1,4-2-3-1,Piero Maza,,False,17,1626.51,16,1629.6,2,1,1,0,2,3,,,,,,,,,,-3.089999999999918,0,30.0,3.0,3.0,2.0,1.5,1.0,0.0,
Uruguay,2023-10-17,21:00,WCQ,World Cup qualification,Tue,Home,W,2.0,0.0,Brazil,39.0,52477.0,Federico Valverde,4-2-3-1,4-2-3-1,Alexis Herrera,,False,17,1626.51,3,1837.61,2,1,1,0,3,4,,,,,,,,,,-211.0999999999999,0,5.0,4.0,4.0,2.0,1.6666666666666667,1.0,0.0,
Uruguay,2023-11-16,21:00,WCQ,World Cup qualification,Thu,Away,W,2.0,0.0,Argentina,37.0,,Federico Valverde,4-2-3-1,4-3-3,Wilmar Roldán,,False,15,1643.72,1,1861.29,2,1,1,0,4,3,,,,,,,,,,-217.56999999999994,0,30.0,7.0,7.0,2.0,1.25,1.0,0.0,
Uruguay,2023-11-21,20:30,WCQ,World Cup qualification,Tue,Home,W,3.0,0.0,Bolivia,69.0,60235.0,José María Giménez,4-3-3,4-5-1,Kevin Ortega,,False,15,1643.72,85,1271.09,1,1,0,0,8,0,,,,,,,,,,372.6300000000001,1,5.0,10.0,10.0,2.0,1.0,1.0,0.3333333333333333,
Uruguay,2024-09-06,20:30,WCQ,World Cup qualification,Fri,Home,D,0.0,0.0,Paraguay,65.0,47741.0,Luis Suárez,4-3-3,4-2-3-1,Darío Herrera,,False,11,1713.15,62,1396.8,0,0,0,0,0,0,,,,,,,,,,316.35000000000014,1,290.0,10.0,13.0,2.0,0.8,1.0,0.3333333333333333,
Uruguay,2024-09-10,18:00,WCQ,World Cup qualification,Tue,Away,D,0.0,0.0,Venezuela,55.0,,Sergio Rochet,4-3-3,4-1-4-1,Raphael Claus,,False,11,1713.15,37,1501.46,0,0,0,0,0,0,,,,,,,,,,211.69000000000005,1,4.0,11.0,14.0,1.8,0.4,0.75,0.3333333333333333,
Uruguay,2024-10-11,20:30,WCQ,World Cup qualification,Fri,Away,L,0.0,1.0,Peru,62.0,,Federico Valverde,3-5-2,3-5-2,Facundo Tello,,False,11,1701.34,43,1483.2,1,1,0,0,1,0,,,,,,,,,,218.13999999999987,1,31.0,11.0,15.0,1.4,0.0,0.75,0.25,
Uruguay,2024-10-15,20:30,WCQ,World Cup qualification,Tue,Home,D,0.0,0.0,Ecuador,55.0,27112.0,José María Giménez,4-2-3-1,5-3-2,Cristián Garay,,False,11,1701.34,27,1535.43,0,0,0,0,0,0,,,,,,,,,,165.90999999999985,1,4.0,8.0,15.0,1.0,0.2,0.75,0.2,
Uruguay,2024-11-15,21:00,WCQ,World Cup qualification,Fri,Home,W,3.0,2.0,Colombia,45.0,,José María Giménez,4-2-3-1,4-3-1-2,Kevin Ortega,,False,11,1701.34,9,1738.72,2,1,1,0,2,3,,,,,,,,,,-37.38000000000011,0,31.0,6.0,16.0,0.6,0.2,0.6,0.2,
Uruguay,2024-11-19,21:45,WCQ,World Cup qualification,Tue,Away,D,1.0,1.0,Brazil,39.0,,José María Giménez,4-3-3,4-2-2-2,Piero Maza,,False,11,1701.34,5,1772.02,2,1,1,0,3,4,,,,,,,,,,-70.68000000000006,0,4.0,6.0,16.0,0.6,0.6,0.6666666666666666,0.2,
Uruguay,2025-03-21,20:30,WCQ,World Cup qualification,Fri,Home,L,0.0,1.0,Argentina,55.0,,José María Giménez,4-3-3,4-2-3-1,Juan Gabriel Benítez,,False,11,1701.34,1,1889.02,2,1,1,0,4,3,,,,,,,,,,-187.68000000000006,0,122.0,6.0,17.0,0.8,0.8,0.6666666666666666,0.1666666666666666,
Uruguay,2025-03-25,16:00,WCQ,World Cup qualification,Tue,Away,D,0.0,0.0,Bolivia,34.0,10723.0,José María Giménez,4-4-2,4-5-1,Augusto Aragón,,False,11,1701.34,83,1293.76,1,1,0,0,8,0,,,,,,,,,,407.5799999999999,1,4.0,5.0,16.0,0.8,1.0,0.5714285714285714,0.1666666666666666,
Uruguay,2025-06-05,19:00,WCQ,World Cup qualification,Thu,Away,L,0.0,2.0,Paraguay,71.0,,José María Giménez,4-3-3,4-4-1-1,Darío Herrera,,False,11,1701.34,57,1423.98,0,0,0,0,0,0,,,,,,,,,,277.3599999999999,1,72.0,6.0,14.0,0.8,0.8,0.5714285714285714,0.1428571428571428,
Uruguay,2025-06-10,20:00,WCQ,World Cup qualification,Tue,Home,W,2.0,0.0,Venezuela,59.0,,José María Giménez,4-2-3-1,4-2-3-1,Raphael Claus,,False,11,1701.34,40,1488.56,0,0,0,0,0,0,,,,,,,,,,212.77999999999997,1,5.0,5.0,11.0,0.8,1.2,0.5714285714285714,0.125,
Uruguay,2025-09-04,20:30,WCQ,World Cup qualification,Thu,Home,W,3.0,0.0,Peru,63.0,,Federico Valverde,4-3-3,4-5-1,Facundo Tello,,False,11,1701.34,43,1483.2,1,1,0,0,1,0,,,,,,,,,,218.13999999999987,1,86.0,5.0,11.0,0.6,0.8,0.625,0.125,
Uruguay,2025-09-09,20:30,WCQ,World Cup qualification,Tue,Away,D,0.0,0.0,Chile,51.0,,Federico Valverde,4-3-3,4-2-3-1,Anderson Daronco,,False,11,1701.34,49,1467.98,0,0,0,0,0,0,,,,,,,,,,233.3599999999999,1,5.0,7.0,13.0,1.0,0.6,0.6666666666666666,0.125,
Uruguay,2026-03-27,19:45,Friendlies (M),Friendlies (M),Fri,Away,D,1.0,1.0,eng England,,80581.0,Federico Valverde,4-2-3-1,4-2-3-1,Sven Jablonski,,False,11,1701.34,4,1817.28,3,2,0,1,6,3,,,,,,,,,,-115.94000000000005,0,199.0,8.0,13.0,1.0,0.4,0.6666666666666666,0.1111111111111111,
Uruguay,2026-03-31,20:30,Friendlies (M),Friendlies (M),Tue,Neutral,D,0.0,0.0,Algeria,,,José María Giménez,4-1-4-1,5-4-1,Luca Pairetto,,False,11,1701.34,41,1486.03,0,0,0,0,0,0,,,,,,,,,,215.30999999999995,1,4.0,8.0,14.0,1.2,0.6,0.6666666666666666,0.1,
Uruguay,2026-06-15,18:00,World Cup,Group stage,Mon,Neutral,,,,Saudi Arabia,,,,,,,,True,11,1701.34,56,1433.16,1,1,0,0,1,0,,,,,,,,,,268.17999999999984,1,76.0,9.0,14.0,1.2,0.2,0.6666666666666666,0.1,0.0
Uruguay,2026-06-21,18:00,World Cup,Group stage,Sun,Neutral,,,,Cabo Verde,,,,,,,,True,11,1701.34,65,1379.17,0,0,0,0,0,0,,,,,,,,,,322.16999999999985,1,6.0,6.0,11.0,1.0,0.25,0.6666666666666666,0.1,0.0
Uruguay,2026-06-26,18:00,World Cup,Group stage,Fri,Neutral,,,,Spain,,,,,,,,True,11,1701.34,3,1836.42,2,0,0,2,2,2,,,,,,,,,,-135.08000000000015,0,5.0,3.0,10.0,0.3333333333333333,0.3333333333333333,0.6666666666666666,0.1,0.0
Uzbekistan,2023-11-16,19:00,WCQ,Second round,Thu,Away,W,3.0,1.0,Turkmenistan,,19500.0,Eldor Shomurodov,3-4-3,3-4-3,Hiroyuki Kimura,,False,73,1333.09,141,1086.12,0,0,0,0,0,0,,,,,,,,,,246.97000000000003,1,,,,,,,,
Uzbekistan,2023-11-21,18:00,WCQ,Second round,Tue,Home,D,2.0,2.0,IR Iran,,32551.0,Eldor Shomurodov,3-4-3,4-1-4-1,Mohammed Abdulla Hassan,,False,73,1333.09,21,1567.3,0,0,0,0,0,0,,,,,,,,,,-234.21000000000004,0,5.0,3.0,3.0,3.0,1.0,,1.0,
Uzbekistan,2024-03-21,20:00,WCQ,Second round,Thu,Away,W,2.0,0.0,Hong Kong,,6263.0,Eldor Shomurodov,3-4-3,4-2-3-1,Kim Woosung,,False,66,1376.5,146,1062.39,0,0,0,0,0,0,,,,,,,,,,314.1099999999999,1,121.0,4.0,4.0,2.5,1.5,0.0,1.0,
Uzbekistan,2024-03-26,19:30,WCQ,Second round,Tue,Home,W,3.0,0.0,Hong Kong,,29584.0,Eldor Shomurodov,3-4-3,3-5-2,Ahmed Al Ali,,False,66,1376.5,146,1062.39,0,0,0,0,0,0,,,,,,,,,,314.1099999999999,1,5.0,7.0,7.0,2.333333333333333,1.0,0.0,1.0,
Uzbekistan,2024-06-06,19:30,WCQ,Second round,Thu,Home,W,3.0,1.0,Turkmenistan,,27306.0,Eldor Shomurodov,3-4-3,3-4-3,Yūsuke Araki,,False,64,1386.58,143,1072.52,0,0,0,0,0,0,,,,,,,,,,314.05999999999995,1,72.0,10.0,10.0,2.5,0.75,0.5,1.0,
Uzbekistan,2024-06-11,21:30,WCQ,Second round,Tue,Away,D,0.0,0.0,IR Iran,,15468.0,Eldor Shomurodov,3-4-3,4-2-3-1,Kim Jonghyeok,,False,64,1386.58,20,1613.96,0,0,0,0,0,0,,,,,,,,,,-227.3800000000001,0,5.0,13.0,13.0,2.6,0.8,0.6666666666666666,1.0,
Uzbekistan,2024-09-05,19:00,WCQ,Third round,Thu,Home,W,1.0,0.0,Korea DPR,47.0,24205.0,Eldor Shomurodov,3-4-3,4-2-2-2,Ahmed Abu Bakar Al Kaf,,False,61,1397.41,110,1183.96,0,0,0,0,0,0,,,,,,,,,,213.45000000000005,1,86.0,11.0,14.0,2.0,0.6,0.6666666666666666,0.6666666666666666,
Uzbekistan,2024-09-10,20:00,WCQ,Third round,Tue,Away,W,3.0,2.0,Kyrgyz Republic,63.0,13282.0,Eldor Shomurodov,5-3-2,5-3-2,Ahmad Al Ali,,False,61,1397.41,102,1213.58,0,0,0,0,0,0,,,,,,,,,,183.83000000000015,1,5.0,13.0,17.0,1.8,0.2,0.75,0.6666666666666666,
Uzbekistan,2024-10-10,19:00,WCQ,Third round,Thu,Home,D,0.0,0.0,IR Iran,45.0,33829.0,Eldor Shomurodov,5-4-1,4-2-3-1,Shaun Evans,,False,60,1413.06,19,1622.92,0,0,0,0,0,0,,,,,,,,,,-209.86000000000013,0,30.0,13.0,20.0,2.0,0.6,0.75,0.75,
Uzbekistan,2024-10-15,19:00,WCQ,Third round,Tue,Home,W,1.0,0.0,UAE,60.0,32773.0,Eldor Shomurodov,5-3-2,4-2-3-1,Ma Ning,,False,60,1413.06,69,1377.22,0,0,0,0,0,0,,,,,,,,,,35.83999999999992,1,5.0,11.0,21.0,1.4,0.6,0.6,0.75,
Uzbekistan,2024-11-14,19:15,WCQ,Third round,Thu,Away,L,2.0,3.0,Qatar,54.0,10759.0,Eldor Shomurodov,3-4-3,3-4-1-2,Kim Jonghyeok,,False,60,1413.06,44,1481.69,0,0,0,0,0,0,,,,,,,,,,-68.63000000000011,0,30.0,11.0,24.0,1.0,0.4,0.6666666666666666,0.75,
Uzbekistan,2024-11-19,19:00,WCQ,Third round,Tue,Neutral,W,1.0,0.0,Korea DPR,41.0,166.0,Jaloliddin Masharipov,3-4-3,4-2-2-2,Ahmad Al Ali,,False,60,1413.06,111,1183.02,0,0,0,0,0,0,,,,,,,,,,230.03999999999996,1,5.0,10.0,21.0,1.4,1.0,0.6666666666666666,0.6,
Uzbekistan,2025-03-20,21:00,WCQ,Third round,Thu,Home,W,1.0,0.0,Kyrgyz Republic,74.0,32458.0,Eldor Shomurodov,3-4-3,5-3-2,Yūsuke Araki,,False,60,1413.06,106,1201.11,0,0,0,0,0,0,,,,,,,,,,211.95000000000005,1,121.0,10.0,23.0,1.4,1.0,0.6666666666666666,0.6,1.0
Uzbekistan,2025-03-25,19:30,WCQ,Third round,Tue,Away,D,2.0,2.0,IR Iran,39.0,36702.0,Eldor Shomurodov,3-4-3,4-2-3-1,Ahmed Abu Bakar Al Kaf,,False,60,1413.06,19,1622.92,0,0,0,0,0,0,,,,,,,,,,-209.86000000000013,0,5.0,10.0,23.0,1.0,0.6,0.7142857142857143,0.6,1.0
Uzbekistan,2025-06-05,20:00,WCQ,Third round,Thu,Away,D,0.0,0.0,UAE,39.0,9820.0,Eldor Shomurodov,3-4-3,4-2-3-1,Shaun Evans,,False,60,1413.06,69,1377.22,0,0,0,0,0,0,,,,,,,,,,35.83999999999992,1,72.0,10.0,21.0,1.4,1.0,0.7142857142857143,0.5,1.0
Uzbekistan,2025-06-10,18:45,WCQ,Third round,Tue,Home,W,3.0,0.0,Qatar,61.0,32931.0,Eldor Shomurodov,4-2-3-1,4-2-3-1,Ma Ning,,False,60,1413.06,44,1481.69,0,0,0,0,0,0,,,,,,,,,,-68.63000000000011,0,5.0,8.0,19.0,1.2,1.0,0.7142857142857143,0.4285714285714285,1.0
Uzbekistan,2026-06-01,19:00,Friendlies (M),Friendlies (M),Mon,Away,L,0.0,2.0,Canada,,46164.0,Eldor Shomurodov,5-4-1,4-2-2-2,Marco Antonio Ortíz,,False,60,1413.06,38,1502.31,0,0,0,0,0,0,,,,,,,,,,-89.25,0,356.0,11.0,21.0,1.4,0.4,0.75,0.4285714285714285,1.0
Uzbekistan,2026-06-08,14:45,Friendlies (M),Friendlies (M),Mon,Neutral,L,1.0,2.0,Netherlands,,,Eldor Shomurodov,5-4-1,4-1-4-1,Alyssa Pennington,,False,60,1413.06,7,1759.95,0,0,0,0,0,0,,,,,,,,,,-346.8900000000001,0,7.0,8.0,18.0,1.2,0.8,0.75,0.375,1.0
Uzbekistan,2026-06-17,20:00,World Cup,Group stage,Wed,Neutral,,,,Colombia,,,,,,,,True,60,1413.06,9,1738.72,0,0,0,0,0,0,,,,,,,,,,-325.6600000000001,0,9.0,5.0,15.0,1.2,1.2,0.75,0.375,0.5
Uzbekistan,2026-06-23,12:00,World Cup,Group stage,Tue,Neutral,,,,Portugal,,,,,,,,True,60,1413.06,8,1752.14,0,0,0,0,0,0,,,,,,,,,,-339.08000000000015,0,6.0,4.0,14.0,1.0,1.0,0.75,0.375,0.5
Uzbekistan,2026-06-27,19:30,World Cup,Group stage,Sat,Neutral,,,,Congo DR,,,,,,,,True,60,1413.06,58,1416.91,0,0,0,0,0,0,,,,,,,,,,-3.8500000000001364,0,4.0,3.0,11.0,1.3333333333333333,1.3333333333333333,0.75,0.375,0.5
