Player,Pos,Country,Age,impact_score_raw,overall,potential,value_eur,wage_eur,pace,shooting,passing,dribbling,defending,physic,attacking_crossing,attacking_finishing,attacking_heading_accuracy,skill_dribbling,skill_fk_accuracy,skill_ball_control,movement_acceleration,movement_sprint_speed,movement_agility,movement_reactions,movement_balance,power_shot_power,power_jumping,power_stamina,power_strength,power_long_shots,mentality_aggression,mentality_interceptions,mentality_positioning,mentality_vision,mentality_composure,defending_marking_awareness,defending_standing_tackle,defending_sliding_tackle,goalkeeping_diving,goalkeeping_handling,goalkeeping_kicking,goalkeeping_positioning,goalkeeping_reflexes
Achref Abada,DF,Algeria,26.9884,1.7185422613694794,73.0,79.0,4350000.0,14000.0,74.0,61.0,64.0,70.0,60.0,71.0,60.0,57.0,60.0,68.0,46.0,69.0,73.0,73.0,70.0,69.0,68.0,66.0,69.0,72.0,70.0,59.0,65.0,57.0,62.0,63.0,67.0,56.0,58.0,54.0,10.0,11.0,11.0,11.0,11.0
Rayan Aït-Nouri,"DF,MF",Algeria,25.0137,0.1149372704048512,73.0,79.0,4350000.0,14000.0,74.0,61.0,64.0,70.0,60.0,71.0,60.0,57.0,60.0,68.0,46.0,69.0,73.0,73.0,70.0,69.0,68.0,66.0,69.0,72.0,70.0,59.0,65.0,57.0,62.0,63.0,67.0,56.0,58.0,54.0,10.0,11.0,11.0,11.0,11.0
Mohamed Amine Tougai,DF,Algeria,26.3833,0.0692935586446692,73.0,79.0,4350000.0,14000.0,74.0,61.0,64.0,70.0,60.0,71.0,60.0,57.0,60.0,68.0,46.0,69.0,73.0,73.0,70.0,69.0,68.0,66.0,69.0,72.0,70.0,59.0,65.0,57.0,62.0,63.0,67.0,56.0,58.0,54.0,10.0,11.0,11.0,11.0,11.0
Mohamed Amoura,"FW,MF",Algeria,26.0903,2.479138690301073,73.0,79.0,4350000.0,14000.0,74.0,61.0,64.0,70.0,60.0,71.0,60.0,57.0,60.0,68.0,46.0,69.0,73.0,73.0,70.0,69.0,68.0,66.0,69.0,72.0,70.0,59.0,65.0,57.0,62.0,63.0,67.0,56.0,58.0,54.0,10.0,11.0,11.0,11.0,11.0
Houssem Aouar,MF,Algeria,27.9473,1.3001120128103114,73.0,79.0,4350000.0,14000.0,74.0,61.0,64.0,70.0,60.0,71.0,60.0,57.0,60.0,68.0,46.0,69.0,73.0,73.0,70.0,69.0,68.0,66.0,69.0,72.0,70.0,59.0,65.0,57.0,62.0,63.0,67.0,56.0,58.0,54.0,10.0,11.0,11.0,11.0,11.0
Zineddine Belaïd,DF,Algeria,27.2272,0.6169347566435008,77.0,77.0,10500000.0,9000.0,81.0,64.0,76.0,76.0,31.0,70.0,81.0,63.0,60.0,78.0,68.0,76.0,82.0,81.0,74.0,71.0,68.0,69.0,71.0,88.0,74.0,60.0,38.0,24.0,73.0,76.0,74.0,29.0,30.0,27.0,13.0,10.0,14.0,15.0,8.0
Rafik Belghali,"DF,MF",Algeria,24.011,0.4097836044032679,73.0,79.0,4350000.0,14000.0,74.0,61.0,64.0,70.0,60.0,71.0,60.0,57.0,60.0,68.0,46.0,69.0,73.0,73.0,70.0,69.0,68.0,66.0,69.0,72.0,70.0,59.0,65.0,57.0,62.0,63.0,67.0,56.0,58.0,54.0,10.0,11.0,11.0,11.0,11.0
Oussama Benbot,GK,Algeria,31.6653,0.4145420664138824,73.0,79.0,4350000.0,14000.0,74.0,61.0,64.0,70.0,60.0,71.0,60.0,57.0,60.0,68.0,46.0,69.0,73.0,73.0,70.0,69.0,68.0,66.0,69.0,72.0,70.0,59.0,65.0,57.0,62.0,63.0,67.0,56.0,58.0,54.0,10.0,11.0,11.0,11.0,11.0
Nadhir Benbouali,FW,Algeria,26.1506,3.0943841328416832,73.0,79.0,4350000.0,14000.0,74.0,61.0,64.0,70.0,60.0,71.0,60.0,57.0,60.0,68.0,46.0,69.0,73.0,73.0,70.0,69.0,68.0,66.0,69.0,72.0,70.0,59.0,65.0,57.0,62.0,63.0,67.0,56.0,58.0,54.0,10.0,11.0,11.0,11.0,11.0
Ramy Bensebaini,"DF,MF",Algeria,31.1533,0.679631025570679,79.0,82.0,21000000.0,31000.0,73.0,59.0,72.0,75.0,77.0,80.0,80.0,62.0,81.0,77.0,62.0,78.0,67.0,77.0,60.0,76.0,63.0,61.0,84.0,79.0,78.0,48.0,83.0,78.0,65.0,63.0,73.0,74.0,77.0,80.0,6.0,13.0,14.0,7.0,14.0
Nabil Bentaleb,MF,Algeria,31.5448,0.9501871121828228,73.0,79.0,4350000.0,14000.0,74.0,61.0,64.0,70.0,60.0,71.0,60.0,57.0,60.0,68.0,46.0,69.0,73.0,73.0,70.0,69.0,68.0,66.0,69.0,72.0,70.0,59.0,65.0,57.0,62.0,63.0,67.0,56.0,58.0,54.0,10.0,11.0,11.0,11.0,11.0
Hicham Boudaoui,MF,Algeria,26.7146,-0.1642740659780772,75.0,82.0,11500000.0,21000.0,74.0,65.0,71.0,79.0,72.0,72.0,62.0,68.0,71.0,79.0,58.0,79.0,76.0,73.0,80.0,74.0,78.0,65.0,71.0,85.0,66.0,62.0,73.0,70.0,72.0,74.0,77.0,71.0,74.0,69.0,7.0,6.0,7.0,13.0,8.0
Adil Boulbina,FW,Algeria,23.1095,3.908301024762651,73.0,79.0,4350000.0,14000.0,74.0,61.0,64.0,70.0,60.0,71.0,60.0,57.0,60.0,68.0,46.0,69.0,73.0,73.0,70.0,69.0,68.0,66.0,69.0,72.0,70.0,59.0,65.0,57.0,62.0,63.0,67.0,56.0,58.0,54.0,10.0,11.0,11.0,11.0,11.0
Fares Chaïbi,"FW,MF",Algeria,23.5339,0.9955875456296226,73.0,79.0,4350000.0,14000.0,74.0,61.0,64.0,70.0,60.0,71.0,60.0,57.0,60.0,68.0,46.0,69.0,73.0,73.0,70.0,69.0,68.0,66.0,69.0,72.0,70.0,59.0,65.0,57.0,62.0,63.0,67.0,56.0,58.0,54.0,10.0,11.0,11.0,11.0,11.0
Samir Chergui,DF,Algeria,27.3422,1.7842290691256313,73.0,79.0,4350000.0,14000.0,74.0,61.0,64.0,70.0,60.0,71.0,60.0,57.0,60.0,68.0,46.0,69.0,73.0,73.0,70.0,69.0,68.0,66.0,69.0,72.0,70.0,59.0,65.0,57.0,62.0,63.0,67.0,56.0,58.0,54.0,10.0,11.0,11.0,11.0,11.0
Farés Ghedjemis,"FW,MF",Algeria,23.7611,7.484446919099783,73.0,79.0,4350000.0,14000.0,74.0,61.0,64.0,70.0,60.0,71.0,60.0,57.0,60.0,68.0,46.0,69.0,73.0,73.0,70.0,69.0,68.0,66.0,69.0,72.0,70.0,59.0,65.0,57.0,62.0,63.0,67.0,56.0,58.0,54.0,10.0,11.0,11.0,11.0,11.0
Amine Gouiri,"FW,MF",Algeria,26.3149,1.3457199551543462,73.0,79.0,4350000.0,14000.0,74.0,61.0,64.0,70.0,60.0,71.0,60.0,57.0,60.0,68.0,46.0,69.0,73.0,73.0,70.0,69.0,68.0,66.0,69.0,72.0,70.0,59.0,65.0,57.0,62.0,63.0,67.0,56.0,58.0,54.0,10.0,11.0,11.0,11.0,11.0
Anis Hadj Moussa,"FW,MF",Algeria,24.3285,2.741571455525947,73.0,79.0,4350000.0,14000.0,74.0,61.0,64.0,70.0,60.0,71.0,60.0,57.0,60.0,68.0,46.0,69.0,73.0,73.0,70.0,69.0,68.0,66.0,69.0,72.0,70.0,59.0,65.0,57.0,62.0,63.0,67.0,56.0,58.0,54.0,10.0,11.0,11.0,11.0,11.0
Jaouen Hadjam,DF,Algeria,23.2108,0.6267413425350128,73.0,79.0,4350000.0,14000.0,74.0,61.0,64.0,70.0,60.0,71.0,60.0,57.0,60.0,68.0,46.0,69.0,73.0,73.0,70.0,69.0,68.0,66.0,69.0,72.0,70.0,59.0,65.0,57.0,62.0,63.0,67.0,56.0,58.0,54.0,10.0,11.0,11.0,11.0,11.0
Riyad Mahrez,"FW,MF",Algeria,35.3012,1.7664942562013892,86.0,86.0,65500000.0,220000.0,81.0,79.0,81.0,90.0,38.0,60.0,81.0,81.0,48.0,91.0,78.0,91.0,84.0,79.0,92.0,81.0,88.0,79.0,56.0,75.0,57.0,79.0,48.0,39.0,80.0,84.0,84.0,45.0,31.0,22.0,15.0,9.0,13.0,11.0,6.0
Aïssa Mandi,DF,Algeria,34.6352,-0.5795058096082735,80.0,81.0,19500000.0,37000.0,66.0,46.0,74.0,70.0,81.0,74.0,73.0,41.0,81.0,64.0,49.0,76.0,67.0,65.0,73.0,79.0,64.0,52.0,80.0,65.0,78.0,49.0,76.0,83.0,67.0,71.0,78.0,80.0,80.0,81.0,15.0,16.0,9.0,10.0,14.0
Melvin Mastil,GK,Algeria,26.3066,3.1949009145826164,73.0,79.0,4350000.0,14000.0,74.0,61.0,64.0,70.0,60.0,71.0,60.0,57.0,60.0,68.0,46.0,69.0,73.0,73.0,70.0,69.0,68.0,66.0,69.0,72.0,70.0,59.0,65.0,57.0,62.0,63.0,67.0,56.0,58.0,54.0,10.0,11.0,11.0,11.0,11.0
Ibrahim Maza,MF,Algeria,20.5448,-0.3084403745675038,73.0,79.0,4350000.0,14000.0,74.0,61.0,64.0,70.0,60.0,71.0,60.0,57.0,60.0,68.0,46.0,69.0,73.0,73.0,70.0,69.0,68.0,66.0,69.0,72.0,70.0,59.0,65.0,57.0,62.0,63.0,67.0,56.0,58.0,54.0,10.0,11.0,11.0,11.0,11.0
Yassine Titraoui,MF,Algeria,22.8761,1.2482760685882022,73.0,79.0,4350000.0,14000.0,74.0,61.0,64.0,70.0,60.0,71.0,60.0,57.0,60.0,68.0,46.0,69.0,73.0,73.0,70.0,69.0,68.0,66.0,69.0,72.0,70.0,59.0,65.0,57.0,62.0,63.0,67.0,56.0,58.0,54.0,10.0,11.0,11.0,11.0,11.0
Ramiz Zerrouki,MF,Algeria,28.0438,1.2557854481058737,67.0,76.0,2300000.0,3000.0,74.0,54.0,65.0,69.0,62.0,74.0,54.0,51.0,45.0,70.0,67.0,69.0,73.0,74.0,71.0,62.0,75.0,66.0,62.0,77.0,73.0,48.0,78.0,63.0,59.0,67.0,66.0,64.0,64.0,63.0,6.0,11.0,14.0,12.0,6.0
Luca Zidane,GK,Algeria,28.0794,-0.8115476996055868,73.0,79.0,4350000.0,14000.0,74.0,61.0,64.0,70.0,60.0,71.0,60.0,57.0,60.0,68.0,46.0,69.0,73.0,73.0,70.0,69.0,68.0,66.0,69.0,72.0,70.0,59.0,65.0,57.0,62.0,63.0,67.0,56.0,58.0,54.0,10.0,11.0,11.0,11.0,11.0
Thiago Almada,"FW,MF",Argentina,25.1259,2.800579036549568,74.0,86.0,10000000.0,10000.0,85.0,71.0,69.0,82.0,52.0,62.0,64.0,70.0,39.0,82.0,65.0,78.0,90.0,81.0,92.0,68.0,93.0,75.0,55.0,74.0,57.0,71.0,63.0,58.0,66.0,69.0,81.0,47.0,57.0,53.0,12.0,8.0,9.0,8.0,10.0
Julián Álvarez,"FW,MF",Argentina,26.3587,1.568365455080796,75.0,85.0,12500000.0,14000.0,84.0,74.0,72.0,75.0,46.0,62.0,71.0,75.0,66.0,72.0,73.0,76.0,81.0,86.0,84.0,70.0,79.0,80.0,72.0,70.0,52.0,70.0,76.0,37.0,73.0,72.0,78.0,57.0,37.0,33.0,6.0,10.0,8.0,15.0,6.0
Leonardo Balerdi,DF,Argentina,27.3723,-1.5244735171298651,72.0,75.0,3100000.0,9000.0,66.0,70.0,68.0,73.0,35.0,67.0,68.0,72.0,58.0,77.0,45.0,75.0,65.0,66.0,66.0,67.0,55.0,74.0,61.0,66.0,72.0,64.0,56.0,33.0,73.0,74.0,65.0,32.0,31.0,36.0,11.0,8.0,13.0,8.0,8.0
Valentín Barco,"DF,MF",Argentina,21.8843,3.436760369653379,63.0,83.0,1300000.0,500.0,64.0,32.0,54.0,64.0,58.0,51.0,64.0,27.0,53.0,66.0,41.0,65.0,66.0,62.0,62.0,58.0,75.0,32.0,63.0,62.0,43.0,34.0,55.0,57.0,55.0,37.0,43.0,53.0,63.0,65.0,12.0,10.0,9.0,6.0,12.0
Rodrigo De Paul,"FW,MF",Argentina,32.0493,0.1587693374328812,82.0,83.0,35000000.0,68000.0,78.0,76.0,80.0,82.0,71.0,79.0,69.0,76.0,50.0,81.0,73.0,85.0,81.0,76.0,78.0,81.0,79.0,80.0,67.0,86.0,81.0,78.0,69.0,74.0,78.0,80.0,80.0,68.0,79.0,69.0,13.0,12.0,10.0,7.0,14.0
Enzo Fernández,MF,Argentina,25.397,1.2201449411275798,73.0,84.0,6500000.0,10000.0,72.0,60.0,73.0,73.0,70.0,74.0,66.0,54.0,52.0,72.0,67.0,74.0,71.0,73.0,75.0,73.0,73.0,69.0,63.0,79.0,69.0,61.0,82.0,70.0,67.0,74.0,78.0,70.0,76.0,74.0,8.0,6.0,7.0,8.0,10.0
Nicolás González,"FW,MF",Argentina,28.1807,1.5378545419568166,77.0,83.0,17000000.0,47000.0,87.0,71.0,64.0,82.0,45.0,60.0,66.0,79.0,80.0,84.0,42.0,83.0,85.0,88.0,81.0,75.0,78.0,69.0,79.0,62.0,55.0,54.0,67.0,39.0,79.0,68.0,75.0,38.0,46.0,39.0,10.0,6.0,9.0,5.0,8.0
Giovani Lo Celso,"FW,MF",Argentina,30.1725,0.5081754963942601,81.0,85.0,35500000.0,95000.0,75.0,76.0,82.0,83.0,69.0,73.0,79.0,75.0,60.0,83.0,79.0,85.0,76.0,75.0,83.0,82.0,80.0,82.0,57.0,76.0,70.0,75.0,82.0,70.0,76.0,83.0,80.0,64.0,75.0,68.0,10.0,7.0,10.0,15.0,14.0
Flaco López,FW,Argentina,25.512,-0.5809929847849082,73.0,79.0,4350000.0,14000.0,74.0,61.0,64.0,70.0,60.0,71.0,60.0,57.0,60.0,68.0,46.0,69.0,73.0,73.0,70.0,69.0,68.0,66.0,69.0,72.0,70.0,59.0,65.0,57.0,62.0,63.0,67.0,56.0,58.0,54.0,10.0,11.0,11.0,11.0,11.0
Alexis Mac Allister,MF,Argentina,27.4627,0.820247372978651,75.0,82.0,11500000.0,42000.0,70.0,76.0,77.0,74.0,56.0,62.0,79.0,77.0,61.0,74.0,81.0,77.0,73.0,68.0,71.0,70.0,72.0,74.0,64.0,68.0,63.0,80.0,51.0,45.0,73.0,77.0,72.0,65.0,54.0,51.0,7.0,10.0,14.0,15.0,10.0
Emiliano Martínez,GK,Argentina,33.7721,-0.3242725235013134,84.0,85.0,33500000.0,81000.0,74.0,61.0,64.0,70.0,60.0,71.0,22.0,16.0,26.0,13.0,20.0,35.0,59.0,57.0,49.0,80.0,49.0,62.0,60.0,40.0,70.0,16.0,37.0,13.0,12.0,66.0,60.0,11.0,20.0,20.0,85.0,83.0,82.0,83.0,85.0
Lautaro Martínez,FW,Argentina,28.8022,1.740925906310728,85.0,89.0,78000000.0,145000.0,84.0,81.0,72.0,85.0,48.0,84.0,56.0,85.0,87.0,83.0,43.0,85.0,86.0,83.0,86.0,89.0,89.0,80.0,88.0,80.0,84.0,74.0,86.0,45.0,86.0,81.0,83.0,55.0,31.0,44.0,11.0,8.0,8.0,8.0,13.0
Lisandro Martínez,"DF,MF",Argentina,28.3943,0.1804383213776909,79.0,85.0,25000000.0,16000.0,71.0,58.0,73.0,76.0,79.0,80.0,70.0,52.0,74.0,74.0,53.0,78.0,74.0,68.0,72.0,77.0,79.0,68.0,88.0,83.0,76.0,63.0,84.0,79.0,62.0,73.0,81.0,81.0,81.0,76.0,6.0,14.0,13.0,14.0,8.0
Facundo Medina,DF,Argentina,27.0383,0.1651966396333126,75.0,80.0,8000000.0,21000.0,78.0,33.0,60.0,68.0,76.0,75.0,57.0,33.0,69.0,66.0,32.0,71.0,72.0,82.0,64.0,74.0,69.0,27.0,71.0,70.0,78.0,32.0,75.0,77.0,63.0,57.0,71.0,76.0,77.0,74.0,13.0,5.0,12.0,13.0,13.0
Lionel Messi,"FW,MF",Argentina,38.9637,2.2215311289799047,93.0,93.0,78000000.0,320000.0,85.0,92.0,91.0,95.0,34.0,65.0,85.0,95.0,70.0,96.0,94.0,96.0,91.0,80.0,91.0,94.0,95.0,86.0,68.0,72.0,69.0,94.0,44.0,40.0,93.0,95.0,96.0,20.0,35.0,24.0,6.0,11.0,15.0,14.0,8.0
Nahuel Molina,"DF,MF",Argentina,28.1807,1.0224379031037731,73.0,81.0,6500000.0,11000.0,78.0,64.0,67.0,72.0,68.0,66.0,72.0,68.0,60.0,74.0,32.0,71.0,79.0,77.0,74.0,65.0,69.0,69.0,75.0,79.0,57.0,58.0,70.0,70.0,70.0,66.0,68.0,68.0,70.0,63.0,12.0,13.0,8.0,5.0,10.0
Gonzalo Montiel,DF,Argentina,29.4408,-0.1670464762933678,78.0,84.0,21000000.0,23000.0,86.0,53.0,70.0,74.0,73.0,81.0,72.0,41.0,71.0,71.0,39.0,75.0,87.0,85.0,82.0,75.0,71.0,65.0,80.0,93.0,73.0,59.0,87.0,73.0,77.0,70.0,75.0,73.0,73.0,73.0,6.0,10.0,11.0,5.0,6.0
Juan Musso,GK,Argentina,32.0986,0.8865288038348229,81.0,83.0,23500000.0,44000.0,74.0,61.0,64.0,70.0,60.0,71.0,20.0,18.0,15.0,16.0,12.0,20.0,46.0,42.0,32.0,71.0,39.0,55.0,51.0,35.0,70.0,14.0,27.0,18.0,19.0,48.0,67.0,12.0,14.0,16.0,82.0,78.0,73.0,82.0,86.0
Nicolás Otamendi,DF,Argentina,38.3258,0.6854643764646757,63.0,63.0,400000.0,3000.0,56.0,65.0,56.0,60.0,37.0,59.0,55.0,65.0,66.0,62.0,54.0,59.0,60.0,52.0,56.0,62.0,53.0,68.0,62.0,46.0,70.0,59.0,49.0,43.0,66.0,45.0,64.0,33.0,30.0,27.0,13.0,10.0,15.0,15.0,15.0
Exequiel Palacios,"DF,MF",Argentina,27.6817,1.7706754906743922,77.0,83.0,17000000.0,41000.0,55.0,73.0,74.0,77.0,72.0,71.0,67.0,70.0,59.0,76.0,47.0,80.0,74.0,39.0,78.0,69.0,79.0,81.0,70.0,83.0,63.0,76.0,78.0,72.0,67.0,78.0,78.0,73.0,76.0,74.0,10.0,5.0,8.0,9.0,6.0
Leandro Paredes,MF,Argentina,31.95,0.4729394210908038,81.0,83.0,28000000.0,81000.0,66.0,71.0,83.0,79.0,76.0,79.0,79.0,61.0,60.0,79.0,78.0,81.0,67.0,66.0,71.0,78.0,75.0,88.0,66.0,79.0,77.0,77.0,89.0,75.0,76.0,84.0,84.0,79.0,78.0,80.0,9.0,14.0,6.0,9.0,10.0
Nicolás Paz,MF,Argentina,21.7556,2.831220933243081,67.0,74.0,1900000.0,4000.0,50.0,40.0,47.0,51.0,67.0,70.0,39.0,36.0,63.0,41.0,32.0,58.0,69.0,35.0,62.0,66.0,64.0,56.0,74.0,61.0,75.0,34.0,67.0,66.0,36.0,31.0,55.0,67.0,69.0,68.0,15.0,9.0,6.0,13.0,13.0
Cristian Romero,DF,Argentina,28.1232,0.7825854100513938,82.0,87.0,41500000.0,51000.0,76.0,46.0,52.0,61.0,83.0,84.0,39.0,48.0,83.0,50.0,38.0,68.0,80.0,73.0,72.0,81.0,68.0,51.0,86.0,83.0,82.0,37.0,89.0,80.0,39.0,43.0,78.0,83.0,84.0,83.0,5.0,7.0,11.0,10.0,14.0
Gerónimo Rulli,GK,Argentina,34.0602,0.7154682155798091,80.0,80.0,14500000.0,31000.0,74.0,61.0,64.0,70.0,60.0,71.0,12.0,15.0,12.0,14.0,20.0,15.0,56.0,52.0,58.0,76.0,50.0,59.0,65.0,42.0,73.0,17.0,26.0,21.0,12.0,58.0,61.0,15.0,13.0,17.0,80.0,79.0,78.0,79.0,80.0
Giuliano Simeone,"FW,MF",Argentina,23.4791,0.6048843830533671,65.0,81.0,1800000.0,5000.0,74.0,66.0,49.0,64.0,25.0,69.0,35.0,68.0,66.0,64.0,46.0,65.0,75.0,74.0,70.0,51.0,71.0,67.0,73.0,57.0,74.0,63.0,70.0,23.0,64.0,55.0,57.0,18.0,20.0,23.0,8.0,14.0,7.0,14.0,12.0
Nicolás Tagliafico,DF,Argentina,33.7775,0.7701680465782523,82.0,82.0,27500000.0,24000.0,80.0,55.0,73.0,76.0,81.0,81.0,76.0,55.0,82.0,73.0,40.0,77.0,79.0,81.0,77.0,81.0,81.0,65.0,90.0,89.0,75.0,46.0,84.0,80.0,69.0,69.0,77.0,81.0,80.0,80.0,13.0,9.0,10.0,15.0,16.0
Patrick Beach,GK,Australia,22.846,0.1972131659281243,73.0,79.0,4350000.0,14000.0,74.0,61.0,64.0,70.0,60.0,71.0,60.0,57.0,60.0,68.0,46.0,69.0,73.0,73.0,70.0,69.0,68.0,66.0,69.0,72.0,70.0,59.0,65.0,57.0,62.0,63.0,67.0,56.0,58.0,54.0,10.0,11.0,11.0,11.0,11.0
Aziz Behich,"DF,MF",Australia,35.4846,-0.650935786556906,69.0,69.0,1200000.0,7000.0,77.0,62.0,64.0,70.0,65.0,68.0,69.0,61.0,54.0,70.0,55.0,66.0,80.0,74.0,84.0,63.0,87.0,72.0,75.0,72.0,60.0,59.0,80.0,65.0,61.0,50.0,64.0,64.0,69.0,66.0,14.0,11.0,11.0,14.0,15.0
Jordy Bos,DF,Australia,23.616,0.0676412388145725,52.0,69.0,190000.0,500.0,63.0,27.0,33.0,46.0,48.0,54.0,43.0,27.0,40.0,47.0,25.0,35.0,66.0,61.0,55.0,53.0,82.0,23.0,62.0,65.0,48.0,27.0,53.0,50.0,48.0,36.0,34.0,42.0,55.0,52.0,5.0,5.0,6.0,5.0,8.0
Cameron Burgess,DF,Australia,30.6379,0.3353058193293358,67.0,70.0,1200000.0,4000.0,50.0,38.0,48.0,48.0,66.0,77.0,41.0,39.0,66.0,44.0,31.0,54.0,44.0,54.0,39.0,64.0,42.0,46.0,79.0,71.0,82.0,26.0,69.0,65.0,47.0,38.0,61.0,66.0,67.0,65.0,9.0,13.0,14.0,15.0,7.0
Alessandro Circati,DF,Australia,22.668,-1.516393350123752,73.0,79.0,4350000.0,14000.0,74.0,61.0,64.0,70.0,60.0,71.0,60.0,57.0,60.0,68.0,46.0,69.0,73.0,73.0,70.0,69.0,68.0,66.0,69.0,72.0,70.0,59.0,65.0,57.0,62.0,63.0,67.0,56.0,58.0,54.0,10.0,11.0,11.0,11.0,11.0
Miloš Degenek,"DF,MF",Australia,32.1205,-0.135588352210017,73.0,76.0,4350000.0,14000.0,78.0,62.0,68.0,64.0,71.0,83.0,67.0,59.0,70.0,58.0,44.0,65.0,79.0,78.0,78.0,72.0,66.0,70.0,81.0,83.0,84.0,61.0,81.0,71.0,55.0,67.0,76.0,67.0,73.0,76.0,14.0,12.0,7.0,10.0,12.0
Cammy Devlin,MF,Australia,28.011,0.2675512055368054,70.0,77.0,3000000.0,4000.0,69.0,54.0,62.0,68.0,65.0,71.0,53.0,56.0,45.0,64.0,53.0,68.0,73.0,66.0,78.0,68.0,86.0,52.0,60.0,82.0,60.0,52.0,86.0,65.0,62.0,66.0,71.0,62.0,73.0,74.0,14.0,7.0,6.0,12.0,6.0
Jason Geria,DF,Australia,33.0876,0.3959804580701695,63.0,63.0,425000.0,2000.0,72.0,36.0,52.0,59.0,59.0,72.0,53.0,30.0,54.0,57.0,26.0,60.0,73.0,72.0,62.0,59.0,58.0,48.0,80.0,66.0,75.0,34.0,68.0,61.0,49.0,50.0,57.0,56.0,60.0,62.0,9.0,10.0,13.0,11.0,11.0
Lucas Herrington,DF,Australia,18.7639,-3.603237176235336,73.0,79.0,4350000.0,14000.0,74.0,61.0,64.0,70.0,60.0,71.0,60.0,57.0,60.0,68.0,46.0,69.0,73.0,73.0,70.0,69.0,68.0,66.0,69.0,72.0,70.0,59.0,65.0,57.0,62.0,63.0,67.0,56.0,58.0,54.0,10.0,11.0,11.0,11.0,11.0
Ajdin Hrustic,MF,Australia,29.9336,-1.054789460291249,70.0,73.0,2200000.0,13000.0,69.0,65.0,68.0,72.0,57.0,67.0,68.0,63.0,51.0,71.0,69.0,74.0,71.0,68.0,75.0,67.0,72.0,67.0,65.0,76.0,64.0,68.0,66.0,60.0,67.0,68.0,70.0,58.0,59.0,48.0,9.0,7.0,8.0,7.0,6.0
Nestory Irankunda,MF,Australia,20.334,0.12738684955798,73.0,79.0,4350000.0,14000.0,74.0,61.0,64.0,70.0,60.0,71.0,60.0,57.0,60.0,68.0,46.0,69.0,73.0,73.0,70.0,69.0,68.0,66.0,69.0,72.0,70.0,59.0,65.0,57.0,62.0,63.0,67.0,56.0,58.0,54.0,10.0,11.0,11.0,11.0,11.0
Jackson Irvine,"DF,MF",Australia,33.2628,-0.3803690705488526,68.0,68.0,1200000.0,8000.0,59.0,65.0,65.0,67.0,67.0,76.0,61.0,64.0,73.0,67.0,58.0,70.0,64.0,55.0,58.0,70.0,58.0,72.0,80.0,80.0,75.0,65.0,72.0,66.0,69.0,70.0,69.0,65.0,67.0,64.0,7.0,13.0,11.0,9.0,11.0
Jacob Italiano,DF,Australia,24.8652,-1.1909688718959344,61.0,73.0,775000.0,3000.0,74.0,55.0,56.0,67.0,46.0,46.0,55.0,53.0,36.0,68.0,48.0,66.0,77.0,72.0,79.0,50.0,77.0,68.0,64.0,55.0,42.0,51.0,40.0,41.0,51.0,49.0,56.0,39.0,57.0,49.0,7.0,7.0,9.0,10.0,5.0
Paul Izzo,GK,Australia,31.4271,-2.92657915581144,73.0,79.0,4350000.0,14000.0,74.0,61.0,64.0,70.0,60.0,71.0,60.0,57.0,60.0,68.0,46.0,69.0,73.0,73.0,70.0,69.0,68.0,66.0,69.0,72.0,70.0,59.0,65.0,57.0,62.0,63.0,67.0,56.0,58.0,54.0,10.0,11.0,11.0,11.0,11.0
Mathew Leckie,"FW,MF",Australia,35.3477,-0.695184483848728,71.0,71.0,1800000.0,10000.0,81.0,65.0,64.0,73.0,51.0,70.0,70.0,65.0,71.0,73.0,36.0,72.0,80.0,82.0,74.0,69.0,79.0,70.0,76.0,68.0,72.0,60.0,67.0,50.0,70.0,65.0,67.0,51.0,48.0,40.0,8.0,10.0,8.0,6.0,10.0
Awer Mabil,"FW,MF",Australia,30.7365,-3.58947700303773,69.0,70.0,1700000.0,13000.0,89.0,60.0,64.0,69.0,34.0,55.0,65.0,63.0,44.0,67.0,59.0,68.0,91.0,87.0,85.0,60.0,72.0,69.0,66.0,70.0,49.0,47.0,47.0,35.0,66.0,67.0,64.0,34.0,33.0,20.0,16.0,12.0,18.0,13.0,12.0
Connor Metcalfe,MF,Australia,26.5969,1.3181745920997543,66.0,75.0,1800000.0,3000.0,57.0,54.0,59.0,67.0,56.0,76.0,42.0,60.0,49.0,68.0,20.0,64.0,59.0,55.0,69.0,65.0,76.0,60.0,80.0,79.0,77.0,46.0,69.0,68.0,60.0,65.0,61.0,55.0,54.0,52.0,6.0,14.0,12.0,12.0,11.0
Aiden O'Neill,MF,Australia,27.9363,-1.194541502207358,65.0,72.0,1400000.0,3000.0,75.0,63.0,61.0,67.0,57.0,65.0,53.0,64.0,45.0,63.0,42.0,68.0,73.0,76.0,79.0,61.0,73.0,61.0,78.0,77.0,62.0,70.0,56.0,62.0,59.0,61.0,68.0,59.0,58.0,52.0,10.0,15.0,7.0,12.0,9.0
Paul Okon-Engstler,MF,Australia,21.3778,0.7392818430894654,73.0,79.0,4350000.0,14000.0,74.0,61.0,64.0,70.0,60.0,71.0,60.0,57.0,60.0,68.0,46.0,69.0,73.0,73.0,70.0,69.0,68.0,66.0,69.0,72.0,70.0,59.0,65.0,57.0,62.0,63.0,67.0,56.0,58.0,54.0,10.0,11.0,11.0,11.0,11.0
Mathew Ryan,GK,Australia,34.1752,-1.0942264038092333,77.0,79.0,8500000.0,25000.0,74.0,61.0,64.0,70.0,60.0,71.0,23.0,11.0,14.0,13.0,12.0,24.0,53.0,52.0,53.0,71.0,50.0,62.0,78.0,34.0,65.0,18.0,36.0,23.0,10.0,68.0,64.0,10.0,20.0,17.0,77.0,75.0,82.0,76.0,79.0
Harry Souttar,DF,Australia,27.6352,-0.8111472676606248,71.0,79.0,3900000.0,14000.0,41.0,28.0,48.0,57.0,72.0,75.0,24.0,25.0,71.0,56.0,31.0,62.0,43.0,40.0,58.0,70.0,33.0,33.0,70.0,66.0,84.0,26.0,63.0,72.0,26.0,47.0,52.0,73.0,70.0,71.0,12.0,12.0,12.0,15.0,13.0
Mo Touré,FW,Australia,22.2108,-1.196239871069488,73.0,79.0,4350000.0,14000.0,74.0,61.0,64.0,70.0,60.0,71.0,60.0,57.0,60.0,68.0,46.0,69.0,73.0,73.0,70.0,69.0,68.0,66.0,69.0,72.0,70.0,59.0,65.0,57.0,62.0,63.0,67.0,56.0,58.0,54.0,10.0,11.0,11.0,11.0,11.0
Kai Trewin,"DF,MF",Australia,25.0657,-1.8184133792653927,59.0,71.0,500000.0,700.0,73.0,26.0,47.0,53.0,57.0,70.0,46.0,25.0,58.0,51.0,25.0,52.0,72.0,73.0,69.0,52.0,67.0,23.0,57.0,78.0,77.0,24.0,47.0,51.0,46.0,35.0,41.0,57.0,61.0,60.0,14.0,15.0,8.0,12.0,13.0
Nishan Velupillay,MF,Australia,25.0958,0.7632106856477636,51.0,65.0,140000.0,1000.0,77.0,44.0,45.0,49.0,25.0,50.0,51.0,46.0,37.0,47.0,34.0,51.0,75.0,79.0,57.0,35.0,66.0,48.0,42.0,49.0,58.0,37.0,32.0,23.0,40.0,44.0,40.0,23.0,26.0,21.0,8.0,10.0,5.0,11.0,15.0
Cristian Volpato,MF,Australia,22.5695,-2.455408648645512,73.0,79.0,4350000.0,14000.0,74.0,61.0,64.0,70.0,60.0,71.0,60.0,57.0,60.0,68.0,46.0,69.0,73.0,73.0,70.0,69.0,68.0,66.0,69.0,72.0,70.0,59.0,65.0,57.0,62.0,63.0,67.0,56.0,58.0,54.0,10.0,11.0,11.0,11.0,11.0
Tete Yengi,FW,Australia,25.5339,1.7374703788884032,73.0,79.0,4350000.0,14000.0,74.0,61.0,64.0,70.0,60.0,71.0,60.0,57.0,60.0,68.0,46.0,69.0,73.0,73.0,70.0,69.0,68.0,66.0,69.0,72.0,70.0,59.0,65.0,57.0,62.0,63.0,67.0,56.0,58.0,54.0,10.0,11.0,11.0,11.0,11.0
David Affengruber,DF,Austria,25.23,3.420978595532143,64.0,76.0,1300000.0,3000.0,73.0,42.0,51.0,53.0,62.0,67.0,30.0,38.0,66.0,43.0,33.0,58.0,72.0,74.0,68.0,55.0,68.0,51.0,74.0,63.0,70.0,42.0,65.0,59.0,58.0,51.0,56.0,57.0,67.0,68.0,8.0,15.0,5.0,11.0,12.0
David Alaba,"DF,MF",Austria,33.9637,0.2809818835776454,84.0,84.0,35500000.0,195000.0,77.0,70.0,81.0,80.0,83.0,76.0,80.0,60.0,74.0,77.0,85.0,84.0,78.0,77.0,76.0,88.0,77.0,82.0,81.0,75.0,76.0,78.0,74.0,85.0,73.0,78.0,85.0,86.0,83.0,82.0,5.0,7.0,14.0,15.0,9.0
Marko Arnautović,"FW,MF",Austria,37.1451,3.040656406161797,81.0,81.0,21000000.0,48000.0,79.0,81.0,79.0,78.0,44.0,82.0,77.0,80.0,79.0,77.0,72.0,82.0,78.0,80.0,70.0,78.0,80.0,84.0,78.0,77.0,87.0,82.0,77.0,38.0,79.0,81.0,79.0,40.0,42.0,39.0,14.0,15.0,10.0,10.0,15.0
Christoph Baumgartner,"FW,MF",Austria,26.8597,0.1369003061469473,78.0,84.0,22500000.0,27000.0,80.0,72.0,73.0,80.0,44.0,56.0,62.0,75.0,65.0,82.0,52.0,79.0,82.0,78.0,79.0,77.0,79.0,73.0,63.0,67.0,49.0,63.0,58.0,34.0,75.0,78.0,75.0,31.0,54.0,49.0,10.0,11.0,9.0,14.0,11.0
Carney Chukwuemeka,MF,Austria,22.6407,2.703525714806399,73.0,79.0,4350000.0,14000.0,74.0,61.0,64.0,70.0,60.0,71.0,60.0,57.0,60.0,68.0,46.0,69.0,73.0,73.0,70.0,69.0,68.0,66.0,69.0,72.0,70.0,59.0,65.0,57.0,62.0,63.0,67.0,56.0,58.0,54.0,10.0,11.0,11.0,11.0,11.0
Kevin Danso,"DF,MF",Austria,27.7255,1.5321383050366395,73.0,79.0,4400000.0,18000.0,78.0,32.0,45.0,56.0,72.0,76.0,39.0,26.0,78.0,52.0,31.0,58.0,70.0,84.0,59.0,66.0,51.0,49.0,81.0,56.0,85.0,25.0,79.0,65.0,33.0,35.0,65.0,70.0,76.0,73.0,12.0,13.0,6.0,11.0,15.0
Marco Friedl,DF,Austria,28.2382,1.851655745900052,73.0,78.0,4200000.0,9000.0,70.0,40.0,58.0,65.0,74.0,75.0,63.0,32.0,66.0,62.0,42.0,70.0,67.0,72.0,63.0,72.0,62.0,46.0,66.0,71.0,77.0,44.0,78.0,72.0,55.0,44.0,60.0,74.0,79.0,72.0,11.0,15.0,6.0,6.0,7.0
Michael Gregoritsch,"FW,MF",Austria,32.1478,2.8140618733778417,72.0,72.0,2500000.0,19000.0,60.0,73.0,72.0,70.0,41.0,71.0,65.0,71.0,73.0,71.0,76.0,73.0,53.0,65.0,59.0,75.0,52.0,79.0,34.0,69.0,81.0,73.0,58.0,33.0,72.0,73.0,68.0,36.0,40.0,38.0,10.0,6.0,9.0,16.0,6.0
Florian Grillitsch,"DF,MF",Austria,30.8433,1.291560057608196,78.0,81.0,18500000.0,35000.0,69.0,60.0,77.0,78.0,72.0,66.0,68.0,58.0,61.0,78.0,68.0,81.0,61.0,75.0,68.0,81.0,65.0,65.0,48.0,70.0,72.0,60.0,50.0,80.0,70.0,82.0,81.0,73.0,72.0,59.0,13.0,12.0,7.0,14.0,7.0
Saša Kalajdžić,"FW,MF",Austria,28.9281,1.1919319868719025,77.0,82.0,16000000.0,27000.0,61.0,73.0,66.0,73.0,45.0,70.0,59.0,82.0,86.0,74.0,47.0,78.0,64.0,58.0,63.0,78.0,54.0,74.0,55.0,68.0,82.0,61.0,44.0,32.0,80.0,70.0,72.0,39.0,46.0,47.0,7.0,6.0,13.0,14.0,15.0
Konrad Laimer,"DF,MF",Austria,29.0411,0.8678278597196292,81.0,85.0,33500000.0,65000.0,81.0,68.0,77.0,78.0,80.0,77.0,78.0,69.0,69.0,78.0,47.0,78.0,82.0,81.0,76.0,79.0,74.0,72.0,73.0,88.0,69.0,68.0,85.0,84.0,71.0,76.0,79.0,83.0,79.0,75.0,9.0,12.0,12.0,13.0,12.0
Philipp Lienhart,DF,Austria,29.9172,-0.6097365684304747,76.0,79.0,9000000.0,21000.0,64.0,28.0,56.0,61.0,78.0,73.0,41.0,24.0,81.0,59.0,40.0,62.0,59.0,68.0,53.0,75.0,61.0,29.0,69.0,67.0,76.0,34.0,73.0,74.0,29.0,53.0,69.0,76.0,81.0,79.0,14.0,8.0,11.0,12.0,14.0
Phillipp Mwene,"DF,MF",Austria,32.3641,-0.9200389275478992,72.0,72.0,2300000.0,12000.0,78.0,43.0,61.0,71.0,66.0,60.0,72.0,42.0,38.0,69.0,46.0,68.0,83.0,73.0,82.0,67.0,88.0,48.0,71.0,75.0,52.0,39.0,59.0,70.0,59.0,49.0,64.0,68.0,69.0,71.0,12.0,9.0,11.0,9.0,7.0
Patrick Pentz,GK,Austria,29.4381,1.851655745900052,72.0,80.0,4500000.0,9000.0,74.0,61.0,64.0,70.0,60.0,71.0,19.0,13.0,16.0,15.0,13.0,25.0,52.0,55.0,62.0,68.0,54.0,55.0,68.0,42.0,63.0,14.0,26.0,19.0,20.0,58.0,37.0,17.0,19.0,18.0,70.0,68.0,73.0,72.0,74.0
Stefan Posch,DF,Austria,29.0767,2.23679645814558,75.0,79.0,7000000.0,24000.0,71.0,29.0,50.0,45.0,79.0,71.0,35.0,23.0,77.0,34.0,24.0,50.0,70.0,71.0,46.0,69.0,59.0,42.0,72.0,63.0,76.0,25.0,66.0,77.0,36.0,36.0,68.0,78.0,81.0,77.0,6.0,8.0,7.0,6.0,8.0
Alexander Prass,"DF,MF",Austria,25.0438,2.640639179228856,64.0,76.0,1400000.0,4000.0,65.0,59.0,62.0,62.0,55.0,64.0,61.0,57.0,53.0,60.0,44.0,63.0,64.0,66.0,71.0,58.0,69.0,65.0,63.0,70.0,62.0,62.0,62.0,48.0,63.0,64.0,59.0,57.0,59.0,53.0,7.0,15.0,12.0,8.0,13.0
Marcel Sabitzer,"FW,MF",Austria,32.2355,-0.0401854159687196,84.0,85.0,48000000.0,110000.0,78.0,84.0,81.0,80.0,67.0,78.0,74.0,81.0,60.0,79.0,78.0,82.0,75.0,81.0,75.0,86.0,80.0,88.0,71.0,85.0,76.0,88.0,77.0,66.0,83.0,83.0,80.0,71.0,70.0,59.0,11.0,13.0,14.0,15.0,13.0
Alexander Schlager,GK,Austria,30.3559,-1.0677053046102576,74.0,78.0,4600000.0,17000.0,74.0,61.0,64.0,70.0,60.0,71.0,20.0,14.0,17.0,13.0,16.0,23.0,32.0,37.0,34.0,72.0,45.0,50.0,59.0,24.0,55.0,18.0,26.0,13.0,6.0,34.0,33.0,24.0,18.0,16.0,75.0,69.0,66.0,73.0,77.0
Xaver Schlager,MF,Austria,28.7009,-0.0626425787490203,80.0,84.0,27500000.0,53000.0,69.0,70.0,73.0,77.0,73.0,81.0,59.0,66.0,44.0,76.0,60.0,77.0,74.0,64.0,78.0,81.0,77.0,78.0,63.0,85.0,80.0,76.0,85.0,83.0,75.0,78.0,74.0,75.0,74.0,69.0,6.0,8.0,8.0,12.0,7.0
Romano Schmid,"FW,MF",Austria,26.3696,1.0870902295406613,70.0,79.0,3600000.0,6000.0,75.0,62.0,66.0,77.0,48.0,60.0,69.0,58.0,39.0,78.0,44.0,75.0,77.0,74.0,85.0,69.0,85.0,69.0,75.0,70.0,61.0,67.0,43.0,60.0,66.0,67.0,65.0,56.0,37.0,37.0,7.0,9.0,7.0,9.0,6.0
Alessandro Schöpf,MF,Austria,32.3395,-0.8482656930785352,71.0,72.0,2100000.0,15000.0,70.0,66.0,69.0,71.0,63.0,71.0,67.0,64.0,44.0,71.0,61.0,69.0,74.0,66.0,74.0,72.0,76.0,68.0,62.0,91.0,65.0,69.0,64.0,65.0,70.0,68.0,68.0,68.0,59.0,74.0,13.0,6.0,13.0,11.0,10.0
Nicolas Seiwald,MF,Austria,25.104,-0.6910728399662323,68.0,79.0,2600000.0,8000.0,65.0,60.0,67.0,68.0,64.0,66.0,64.0,57.0,63.0,67.0,60.0,71.0,64.0,65.0,67.0,63.0,72.0,67.0,73.0,72.0,61.0,65.0,71.0,61.0,59.0,67.0,62.0,60.0,69.0,64.0,5.0,8.0,7.0,14.0,7.0
Michael Svoboda,DF,Austria,27.6543,0.624754646945898,66.0,74.0,1800000.0,5000.0,58.0,41.0,53.0,58.0,65.0,77.0,40.0,36.0,62.0,60.0,26.0,64.0,52.0,62.0,40.0,60.0,31.0,59.0,52.0,68.0,86.0,38.0,70.0,64.0,45.0,55.0,62.0,65.0,66.0,62.0,5.0,9.0,6.0,14.0,11.0
Paul Wanner,MF,Austria,20.4654,1.937591706494901,73.0,79.0,4350000.0,14000.0,74.0,61.0,64.0,70.0,60.0,71.0,60.0,57.0,60.0,68.0,46.0,69.0,73.0,73.0,70.0,69.0,68.0,66.0,69.0,72.0,70.0,59.0,65.0,57.0,62.0,63.0,67.0,56.0,58.0,54.0,10.0,11.0,11.0,11.0,11.0
Florian Wiegele,GK,Austria,25.2245,2.7705094784142075,56.0,76.0,400000.0,550.0,66.0,46.0,50.0,64.0,33.0,52.0,43.0,46.0,37.0,63.0,42.0,63.0,65.0,66.0,73.0,55.0,79.0,52.0,56.0,59.0,51.0,42.0,44.0,26.0,42.0,56.0,57.0,35.0,32.0,35.0,10.0,6.0,9.0,5.0,11.0
Patrick Wimmer,"FW,MF",Austria,25.0329,0.3617007012270061,67.0,82.0,2500000.0,6000.0,87.0,54.0,59.0,69.0,44.0,71.0,62.0,57.0,44.0,70.0,50.0,67.0,85.0,88.0,82.0,56.0,72.0,55.0,75.0,80.0,71.0,48.0,60.0,44.0,58.0,58.0,63.0,48.0,39.0,45.0,12.0,13.0,9.0,14.0,13.0
Timothy Castagne,"DF,MF",Belgium,30.5147,0.6182387894631682,79.0,82.0,21500000.0,84000.0,78.0,57.0,71.0,76.0,75.0,70.0,79.0,59.0,69.0,77.0,33.0,78.0,77.0,78.0,71.0,78.0,66.0,62.0,72.0,84.0,64.0,52.0,68.0,78.0,77.0,69.0,68.0,77.0,75.0,72.0,14.0,9.0,15.0,10.0,15.0
Thibaut Courtois,GK,Belgium,34.0849,1.20039444187588,89.0,91.0,85500000.0,250000.0,74.0,61.0,64.0,70.0,60.0,71.0,14.0,14.0,13.0,13.0,20.0,23.0,42.0,52.0,62.0,84.0,45.0,56.0,68.0,38.0,70.0,17.0,23.0,15.0,13.0,44.0,66.0,20.0,18.0,16.0,84.0,89.0,74.0,86.0,88.0
Kevin De Bruyne,"FW,MF",Belgium,34.9528,1.3033295494367092,91.0,91.0,125500000.0,350000.0,76.0,86.0,93.0,88.0,64.0,78.0,94.0,82.0,55.0,88.0,83.0,91.0,76.0,76.0,79.0,91.0,78.0,91.0,63.0,89.0,74.0,91.0,76.0,66.0,88.0,94.0,89.0,68.0,65.0,53.0,15.0,13.0,5.0,10.0,13.0
Maxim De Cuyper,"DF,MF",Belgium,25.4682,0.9005231855544771,73.0,79.0,4350000.0,14000.0,74.0,61.0,64.0,70.0,60.0,71.0,60.0,57.0,60.0,68.0,46.0,69.0,73.0,73.0,70.0,69.0,68.0,66.0,69.0,72.0,70.0,59.0,65.0,57.0,62.0,63.0,67.0,56.0,58.0,54.0,10.0,11.0,11.0,11.0,11.0
Charles De Ketelaere,"FW,MF",Belgium,25.2546,3.0811254674041857,75.0,85.0,12500000.0,19000.0,72.0,72.0,75.0,77.0,62.0,71.0,74.0,74.0,71.0,79.0,68.0,81.0,69.0,75.0,76.0,71.0,55.0,72.0,61.0,83.0,72.0,71.0,57.0,59.0,73.0,75.0,74.0,68.0,59.0,54.0,11.0,8.0,14.0,8.0,8.0
Koni De Winter,DF,Belgium,23.9966,-1.2142084883384237,73.0,79.0,4350000.0,14000.0,74.0,61.0,64.0,70.0,60.0,71.0,60.0,57.0,60.0,68.0,46.0,69.0,73.0,73.0,70.0,69.0,68.0,66.0,69.0,72.0,70.0,59.0,65.0,57.0,62.0,63.0,67.0,56.0,58.0,54.0,10.0,11.0,11.0,11.0,11.0
Zeno Debast,DF,Belgium,22.6297,0.3668058923003867,61.0,81.0,850000.0,500.0,62.0,26.0,47.0,56.0,59.0,65.0,35.0,21.0,59.0,52.0,29.0,62.0,58.0,66.0,52.0,56.0,48.0,35.0,63.0,51.0,73.0,26.0,62.0,63.0,23.0,35.0,62.0,56.0,61.0,56.0,6.0,6.0,15.0,6.0,5.0
Jeremy Doku,"FW,MF",Belgium,24.0411,1.1916144688686514,77.0,88.0,23000000.0,29000.0,92.0,66.0,67.0,83.0,25.0,67.0,68.0,67.0,37.0,86.0,44.0,78.0,94.0,90.0,95.0,75.0,88.0,73.0,76.0,70.0,68.0,59.0,58.0,18.0,74.0,73.0,72.0,22.0,28.0,25.0,11.0,10.0,8.0,9.0,12.0
Matias Fernandez-Pardo,"FW,MF",Belgium,21.3504,3.1592044386432176,73.0,79.0,4350000.0,14000.0,74.0,61.0,64.0,70.0,60.0,71.0,60.0,57.0,60.0,68.0,46.0,69.0,73.0,73.0,70.0,69.0,68.0,66.0,69.0,72.0,70.0,59.0,65.0,57.0,62.0,63.0,67.0,56.0,58.0,54.0,10.0,11.0,11.0,11.0,11.0
Senne Lammens,GK,Belgium,23.9281,1.9679998156284628,64.0,81.0,1300000.0,500.0,74.0,61.0,64.0,70.0,60.0,71.0,14.0,10.0,14.0,15.0,11.0,19.0,19.0,25.0,40.0,58.0,27.0,44.0,31.0,29.0,63.0,8.0,29.0,15.0,6.0,30.0,36.0,7.0,15.0,12.0,70.0,60.0,58.0,58.0,67.0
Romelu Lukaku,FW,Belgium,33.0794,3.949650206723884,88.0,88.0,93500000.0,260000.0,84.0,87.0,74.0,78.0,39.0,83.0,73.0,92.0,89.0,83.0,66.0,77.0,81.0,87.0,60.0,91.0,52.0,89.0,76.0,71.0,95.0,74.0,71.0,27.0,89.0,75.0,86.0,30.0,41.0,30.0,8.0,15.0,14.0,7.0,10.0
Dodi Lukebakio,"FW,MF",Belgium,28.7118,2.2397211164312494,76.0,81.0,11500000.0,35000.0,84.0,75.0,69.0,79.0,31.0,60.0,67.0,74.0,56.0,82.0,65.0,79.0,82.0,85.0,76.0,76.0,70.0,83.0,68.0,69.0,68.0,71.0,28.0,26.0,75.0,69.0,74.0,31.0,29.0,24.0,9.0,7.0,14.0,11.0,12.0
Brandon Mechele,DF,Belgium,33.3669,2.958268993545079,76.0,77.0,7000000.0,24000.0,62.0,38.0,50.0,54.0,80.0,76.0,42.0,38.0,77.0,43.0,33.0,63.0,58.0,66.0,59.0,68.0,55.0,56.0,63.0,77.0,77.0,24.0,73.0,81.0,30.0,31.0,68.0,82.0,81.0,76.0,11.0,7.0,13.0,13.0,12.0
Thomas Meunier,"DF,MF",Belgium,34.7447,2.6042279224863023,77.0,77.0,9500000.0,48000.0,73.0,74.0,72.0,72.0,73.0,80.0,77.0,70.0,72.0,75.0,56.0,73.0,67.0,77.0,63.0,72.0,47.0,80.0,72.0,83.0,83.0,77.0,73.0,75.0,75.0,71.0,74.0,69.0,75.0,80.0,8.0,13.0,15.0,6.0,9.0
Diego Moreira,MF,Belgium,21.846,3.4051134951146325,73.0,79.0,4350000.0,14000.0,74.0,61.0,64.0,70.0,60.0,71.0,60.0,57.0,60.0,68.0,46.0,69.0,73.0,73.0,70.0,69.0,68.0,66.0,69.0,72.0,70.0,59.0,65.0,57.0,62.0,63.0,67.0,56.0,58.0,54.0,10.0,11.0,11.0,11.0,11.0
Nathan Ngoy,DF,Belgium,23.0027,0.1670579875177855,57.0,73.0,400000.0,700.0,73.0,30.0,35.0,46.0,56.0,62.0,24.0,32.0,51.0,41.0,16.0,47.0,71.0,74.0,57.0,58.0,59.0,41.0,69.0,55.0,68.0,22.0,52.0,55.0,14.0,22.0,46.0,55.0,58.0,56.0,12.0,15.0,8.0,6.0,13.0
Amadou Onana,MF,Belgium,24.8186,-0.6322783284795578,68.0,83.0,2700000.0,6000.0,71.0,53.0,61.0,66.0,66.0,74.0,45.0,54.0,62.0,69.0,42.0,67.0,68.0,74.0,64.0,58.0,52.0,59.0,68.0,68.0,79.0,49.0,70.0,65.0,53.0,62.0,59.0,64.0,68.0,71.0,7.0,12.0,12.0,9.0,10.0
Mike Penders,GK,Belgium,20.8624,-2.92657915581144,73.0,79.0,4350000.0,14000.0,74.0,61.0,64.0,70.0,60.0,71.0,60.0,57.0,60.0,68.0,46.0,69.0,73.0,73.0,70.0,69.0,68.0,66.0,69.0,72.0,70.0,59.0,65.0,57.0,62.0,63.0,67.0,56.0,58.0,54.0,10.0,11.0,11.0,11.0,11.0
Nicolas Raskin,MF,Belgium,25.2957,0.365851517941777,71.0,83.0,4500000.0,8000.0,69.0,62.0,72.0,72.0,66.0,73.0,68.0,57.0,66.0,71.0,67.0,74.0,71.0,68.0,77.0,67.0,77.0,71.0,80.0,78.0,68.0,68.0,78.0,69.0,54.0,73.0,68.0,61.0,69.0,63.0,14.0,14.0,13.0,11.0,7.0
Alexis Saelemaekers,MF,Belgium,26.9555,2.0955399682956504,76.0,81.0,11500000.0,34000.0,81.0,66.0,74.0,78.0,62.0,68.0,80.0,68.0,45.0,78.0,68.0,78.0,81.0,81.0,87.0,75.0,73.0,62.0,77.0,83.0,59.0,72.0,67.0,64.0,72.0,70.0,70.0,65.0,65.0,61.0,9.0,6.0,9.0,12.0,12.0
Joaquin Seys,DF,Belgium,21.2053,-1.3990155195609708,73.0,79.0,4350000.0,14000.0,74.0,61.0,64.0,70.0,60.0,71.0,60.0,57.0,60.0,68.0,46.0,69.0,73.0,73.0,70.0,69.0,68.0,66.0,69.0,72.0,70.0,59.0,65.0,57.0,62.0,63.0,67.0,56.0,58.0,54.0,10.0,11.0,11.0,11.0,11.0
Arthur Theate,DF,Belgium,26.0465,-0.0729370786710336,69.0,80.0,2900000.0,4000.0,73.0,40.0,52.0,53.0,67.0,79.0,53.0,23.0,69.0,48.0,27.0,59.0,70.0,75.0,49.0,64.0,46.0,70.0,68.0,70.0,84.0,58.0,78.0,61.0,23.0,43.0,65.0,65.0,71.0,70.0,7.0,6.0,12.0,11.0,10.0
Youri Tielemans,MF,Belgium,29.0958,2.3621495891512474,84.0,87.0,57000000.0,125000.0,63.0,79.0,86.0,80.0,71.0,72.0,82.0,74.0,67.0,79.0,78.0,85.0,67.0,59.0,67.0,83.0,77.0,87.0,66.0,81.0,69.0,86.0,68.0,74.0,80.0,87.0,86.0,70.0,73.0,69.0,6.0,8.0,10.0,14.0,12.0
Leandro Trossard,"FW,MF",Belgium,31.5175,1.5259979553747158,77.0,78.0,12500000.0,55000.0,82.0,76.0,74.0,80.0,30.0,61.0,74.0,76.0,62.0,79.0,69.0,77.0,89.0,76.0,92.0,72.0,85.0,76.0,78.0,71.0,60.0,79.0,47.0,18.0,75.0,74.0,80.0,30.0,31.0,18.0,14.0,8.0,11.0,7.0,7.0
Hans Vanaken,MF,Belgium,33.7967,3.1421100135167244,78.0,78.0,14000000.0,29000.0,47.0,78.0,79.0,75.0,59.0,73.0,74.0,80.0,78.0,77.0,75.0,82.0,38.0,54.0,57.0,78.0,40.0,75.0,36.0,88.0,76.0,75.0,57.0,61.0,82.0,84.0,86.0,58.0,55.0,50.0,13.0,6.0,9.0,15.0,11.0
Axel Witsel,"DF,MF",Belgium,37.4107,-0.0251845653768144,83.0,83.0,24000000.0,72000.0,61.0,72.0,81.0,79.0,82.0,79.0,69.0,71.0,84.0,78.0,68.0,81.0,60.0,61.0,71.0,85.0,70.0,75.0,78.0,76.0,82.0,71.0,75.0,83.0,73.0,79.0,90.0,82.0,80.0,80.0,5.0,7.0,7.0,10.0,7.0
Kerim Alajbegović,MF,Bosnia-Herzegovina,18.7201,-1.1685379696610187,73.0,79.0,4350000.0,14000.0,74.0,61.0,64.0,70.0,60.0,71.0,60.0,57.0,60.0,68.0,46.0,69.0,73.0,73.0,70.0,69.0,68.0,66.0,69.0,72.0,70.0,59.0,65.0,57.0,62.0,63.0,67.0,56.0,58.0,54.0,10.0,11.0,11.0,11.0,11.0
Esmir Bajraktarevic,MF,Bosnia-Herzegovina,21.2546,-0.4460020234791965,73.0,79.0,4350000.0,14000.0,74.0,61.0,64.0,70.0,60.0,71.0,60.0,57.0,60.0,68.0,46.0,69.0,73.0,73.0,70.0,69.0,68.0,66.0,69.0,72.0,70.0,59.0,65.0,57.0,62.0,63.0,67.0,56.0,58.0,54.0,10.0,11.0,11.0,11.0,11.0
Ivan Bašić,MF,Bosnia-Herzegovina,24.115,-0.5141738103925537,73.0,79.0,4350000.0,14000.0,74.0,61.0,64.0,70.0,60.0,71.0,60.0,57.0,60.0,68.0,46.0,69.0,73.0,73.0,70.0,69.0,68.0,66.0,69.0,72.0,70.0,59.0,65.0,57.0,62.0,63.0,67.0,56.0,58.0,54.0,10.0,11.0,11.0,11.0,11.0
Samed Baždar,FW,Bosnia-Herzegovina,22.3587,-1.1125927360637768,73.0,79.0,4350000.0,14000.0,74.0,61.0,64.0,70.0,60.0,71.0,60.0,57.0,60.0,68.0,46.0,69.0,73.0,73.0,70.0,69.0,68.0,66.0,69.0,72.0,70.0,59.0,65.0,57.0,62.0,63.0,67.0,56.0,58.0,54.0,10.0,11.0,11.0,11.0,11.0
Dženis Burnić,MF,Bosnia-Herzegovina,28.0548,-0.7311355022977106,73.0,79.0,4350000.0,14000.0,74.0,61.0,64.0,70.0,60.0,71.0,60.0,57.0,60.0,68.0,46.0,69.0,73.0,73.0,70.0,69.0,68.0,66.0,69.0,72.0,70.0,59.0,65.0,57.0,62.0,63.0,67.0,56.0,58.0,54.0,10.0,11.0,11.0,11.0,11.0
Nidal Čelik,DF,Bosnia-Herzegovina,19.9008,-1.6621536277699818,73.0,79.0,4350000.0,14000.0,74.0,61.0,64.0,70.0,60.0,71.0,60.0,57.0,60.0,68.0,46.0,69.0,73.0,73.0,70.0,69.0,68.0,66.0,69.0,72.0,70.0,59.0,65.0,57.0,62.0,63.0,67.0,56.0,58.0,54.0,10.0,11.0,11.0,11.0,11.0
Amar Dedić,DF,Bosnia-Herzegovina,23.8131,-1.2086071299841337,73.0,79.0,4350000.0,14000.0,74.0,61.0,64.0,70.0,60.0,71.0,60.0,57.0,60.0,68.0,46.0,69.0,73.0,73.0,70.0,69.0,68.0,66.0,69.0,72.0,70.0,59.0,65.0,57.0,62.0,63.0,67.0,56.0,58.0,54.0,10.0,11.0,11.0,11.0,11.0
Ermedin Demirović,FW,Bosnia-Herzegovina,28.2136,-1.433494021977449,73.0,79.0,4350000.0,14000.0,74.0,61.0,64.0,70.0,60.0,71.0,60.0,57.0,60.0,68.0,46.0,69.0,73.0,73.0,70.0,69.0,68.0,66.0,69.0,72.0,70.0,59.0,65.0,57.0,62.0,63.0,67.0,56.0,58.0,54.0,10.0,11.0,11.0,11.0,11.0
Edin Džeko,FW,Bosnia-Herzegovina,40.2355,0.1921093044920164,73.0,79.0,4350000.0,14000.0,74.0,61.0,64.0,70.0,60.0,71.0,60.0,57.0,60.0,68.0,46.0,69.0,73.0,73.0,70.0,69.0,68.0,66.0,69.0,72.0,70.0,59.0,65.0,57.0,62.0,63.0,67.0,56.0,58.0,54.0,10.0,11.0,11.0,11.0,11.0
Armin Gigovic,MF,Bosnia-Herzegovina,24.1807,-1.6287579245548909,73.0,79.0,4350000.0,14000.0,74.0,61.0,64.0,70.0,60.0,71.0,60.0,57.0,60.0,68.0,46.0,69.0,73.0,73.0,70.0,69.0,68.0,66.0,69.0,72.0,70.0,59.0,65.0,57.0,62.0,63.0,67.0,56.0,58.0,54.0,10.0,11.0,11.0,11.0,11.0
Amir Hadžiahmetović,MF,Bosnia-Herzegovina,29.2601,-1.2078839872632336,73.0,79.0,4350000.0,14000.0,74.0,61.0,64.0,70.0,60.0,71.0,60.0,57.0,60.0,68.0,46.0,69.0,73.0,73.0,70.0,69.0,68.0,66.0,69.0,72.0,70.0,59.0,65.0,57.0,62.0,63.0,67.0,56.0,58.0,54.0,10.0,11.0,11.0,11.0,11.0
Dennis Hadžikadunić,DF,Bosnia-Herzegovina,27.9227,-1.9173173261516108,73.0,79.0,4350000.0,14000.0,74.0,61.0,64.0,70.0,60.0,71.0,60.0,57.0,60.0,68.0,46.0,69.0,73.0,73.0,70.0,69.0,68.0,66.0,69.0,72.0,70.0,59.0,65.0,57.0,62.0,63.0,67.0,56.0,58.0,54.0,10.0,11.0,11.0,11.0,11.0
Osman Hadžikić,GK,Bosnia-Herzegovina,30.2491,-2.92657915581144,73.0,79.0,4350000.0,14000.0,74.0,61.0,64.0,70.0,60.0,71.0,60.0,57.0,60.0,68.0,46.0,69.0,73.0,73.0,70.0,69.0,68.0,66.0,69.0,72.0,70.0,59.0,65.0,57.0,62.0,63.0,67.0,56.0,58.0,54.0,10.0,11.0,11.0,11.0,11.0
Mladen Jurkas,GK,Bosnia-Herzegovina,18.6762,-2.92657915581144,73.0,79.0,4350000.0,14000.0,74.0,61.0,64.0,70.0,60.0,71.0,60.0,57.0,60.0,68.0,46.0,69.0,73.0,73.0,70.0,69.0,68.0,66.0,69.0,72.0,70.0,59.0,65.0,57.0,62.0,63.0,67.0,56.0,58.0,54.0,10.0,11.0,11.0,11.0,11.0
Nikola Katić,DF,Bosnia-Herzegovina,29.668,-1.1683989927933918,73.0,79.0,4350000.0,14000.0,74.0,61.0,64.0,70.0,60.0,71.0,60.0,57.0,60.0,68.0,46.0,69.0,73.0,73.0,70.0,69.0,68.0,66.0,69.0,72.0,70.0,59.0,65.0,57.0,62.0,63.0,67.0,56.0,58.0,54.0,10.0,11.0,11.0,11.0,11.0
Sead Kolašinac,DF,Bosnia-Herzegovina,32.9747,-0.6949501164717818,73.0,79.0,4350000.0,14000.0,74.0,61.0,64.0,70.0,60.0,71.0,60.0,57.0,60.0,68.0,46.0,69.0,73.0,73.0,70.0,69.0,68.0,66.0,69.0,72.0,70.0,59.0,65.0,57.0,62.0,63.0,67.0,56.0,58.0,54.0,10.0,11.0,11.0,11.0,11.0
Jovo Lukić,FW,Bosnia-Herzegovina,27.5339,0.3239982585089581,73.0,79.0,4350000.0,14000.0,74.0,61.0,64.0,70.0,60.0,71.0,60.0,57.0,60.0,68.0,46.0,69.0,73.0,73.0,70.0,69.0,68.0,66.0,69.0,72.0,70.0,59.0,65.0,57.0,62.0,63.0,67.0,56.0,58.0,54.0,10.0,11.0,11.0,11.0,11.0
Ermin Mahmić,MF,Bosnia-Herzegovina,21.2437,-1.6621536277699818,73.0,79.0,4350000.0,14000.0,74.0,61.0,64.0,70.0,60.0,71.0,60.0,57.0,60.0,68.0,46.0,69.0,73.0,73.0,70.0,69.0,68.0,66.0,69.0,72.0,70.0,59.0,65.0,57.0,62.0,63.0,67.0,56.0,58.0,54.0,10.0,11.0,11.0,11.0,11.0
Amar Memić,MF,Bosnia-Herzegovina,25.3888,-0.3015603213138594,73.0,79.0,4350000.0,14000.0,74.0,61.0,64.0,70.0,60.0,71.0,60.0,57.0,60.0,68.0,46.0,69.0,73.0,73.0,70.0,69.0,68.0,66.0,69.0,72.0,70.0,59.0,65.0,57.0,62.0,63.0,67.0,56.0,58.0,54.0,10.0,11.0,11.0,11.0,11.0
Tarik Muharemovic,DF,Bosnia-Herzegovina,23.282,-1.933790815456918,73.0,79.0,4350000.0,14000.0,74.0,61.0,64.0,70.0,60.0,71.0,60.0,57.0,60.0,68.0,46.0,69.0,73.0,73.0,70.0,69.0,68.0,66.0,69.0,72.0,70.0,59.0,65.0,57.0,62.0,63.0,67.0,56.0,58.0,54.0,10.0,11.0,11.0,11.0,11.0
Nihad Mujakić,DF,Bosnia-Herzegovina,28.1561,-0.8957324997721356,73.0,79.0,4350000.0,14000.0,74.0,61.0,64.0,70.0,60.0,71.0,60.0,57.0,60.0,68.0,46.0,69.0,73.0,73.0,70.0,69.0,68.0,66.0,69.0,72.0,70.0,59.0,65.0,57.0,62.0,63.0,67.0,56.0,58.0,54.0,10.0,11.0,11.0,11.0,11.0
Stjepan Radeljić,DF,Bosnia-Herzegovina,28.7639,0.4053065705321155,73.0,79.0,4350000.0,14000.0,74.0,61.0,64.0,70.0,60.0,71.0,60.0,57.0,60.0,68.0,46.0,69.0,73.0,73.0,70.0,69.0,68.0,66.0,69.0,72.0,70.0,59.0,65.0,57.0,62.0,63.0,67.0,56.0,58.0,54.0,10.0,11.0,11.0,11.0,11.0
Ivan Šunjić,MF,Bosnia-Herzegovina,29.6708,-2.77751631919816,73.0,79.0,4350000.0,14000.0,74.0,61.0,64.0,70.0,60.0,71.0,60.0,57.0,60.0,68.0,46.0,69.0,73.0,73.0,70.0,69.0,68.0,66.0,69.0,72.0,70.0,59.0,65.0,57.0,62.0,63.0,67.0,56.0,58.0,54.0,10.0,11.0,11.0,11.0,11.0
Haris Tabaković,FW,Bosnia-Herzegovina,31.9747,2.248888373771874,73.0,79.0,4350000.0,14000.0,74.0,61.0,64.0,70.0,60.0,71.0,60.0,57.0,60.0,68.0,46.0,69.0,73.0,73.0,70.0,69.0,68.0,66.0,69.0,72.0,70.0,59.0,65.0,57.0,62.0,63.0,67.0,56.0,58.0,54.0,10.0,11.0,11.0,11.0,11.0
Benjamin Tahirovic,MF,Bosnia-Herzegovina,23.2738,-1.198927241543089,73.0,79.0,4350000.0,14000.0,74.0,61.0,64.0,70.0,60.0,71.0,60.0,57.0,60.0,68.0,46.0,69.0,73.0,73.0,70.0,69.0,68.0,66.0,69.0,72.0,70.0,59.0,65.0,57.0,62.0,63.0,67.0,56.0,58.0,54.0,10.0,11.0,11.0,11.0,11.0
Nikola Vasilj,GK,Bosnia-Herzegovina,30.5229,-0.9839102308299628,73.0,79.0,4350000.0,14000.0,74.0,61.0,64.0,70.0,60.0,71.0,60.0,57.0,60.0,68.0,46.0,69.0,73.0,73.0,70.0,69.0,68.0,66.0,69.0,72.0,70.0,59.0,65.0,57.0,62.0,63.0,67.0,56.0,58.0,54.0,10.0,11.0,11.0,11.0,11.0
Martin Zlomislić,GK,Bosnia-Herzegovina,27.8186,-1.6621536277699818,73.0,79.0,4350000.0,14000.0,74.0,61.0,64.0,70.0,60.0,71.0,60.0,57.0,60.0,68.0,46.0,69.0,73.0,73.0,70.0,69.0,68.0,66.0,69.0,72.0,70.0,59.0,65.0,57.0,62.0,63.0,67.0,56.0,58.0,54.0,10.0,11.0,11.0,11.0,11.0
Alisson,GK,Brazil,33.6899,-0.9373875419194808,89.0,90.0,82000000.0,190000.0,74.0,61.0,64.0,70.0,60.0,71.0,17.0,13.0,29.0,27.0,18.0,30.0,56.0,47.0,40.0,87.0,37.0,63.0,52.0,32.0,78.0,14.0,27.0,11.0,13.0,66.0,65.0,15.0,19.0,16.0,86.0,86.0,84.0,90.0,89.0
Gleison Bremer,DF,Brazil,29.2327,-0.3041868653281613,73.0,79.0,4350000.0,14000.0,74.0,61.0,64.0,70.0,60.0,71.0,60.0,57.0,60.0,68.0,46.0,69.0,73.0,73.0,70.0,69.0,68.0,66.0,69.0,72.0,70.0,59.0,65.0,57.0,62.0,63.0,67.0,56.0,58.0,54.0,10.0,11.0,11.0,11.0,11.0
Casemiro,MF,Brazil,34.2957,-0.405532457802653,89.0,89.0,88000000.0,310000.0,65.0,73.0,76.0,73.0,86.0,90.0,58.0,64.0,79.0,69.0,74.0,79.0,60.0,69.0,61.0,87.0,66.0,88.0,87.0,89.0,90.0,81.0,91.0,87.0,75.0,80.0,84.0,85.0,88.0,87.0,13.0,14.0,16.0,12.0,12.0
Matheus Cunha,"FW,MF",Brazil,27.0411,-0.8483586920598681,79.0,86.0,35500000.0,48000.0,85.0,78.0,74.0,84.0,31.0,69.0,75.0,78.0,64.0,86.0,64.0,83.0,84.0,86.0,85.0,78.0,78.0,77.0,74.0,75.0,66.0,79.0,67.0,20.0,79.0,75.0,82.0,29.0,28.0,32.0,8.0,7.0,13.0,13.0,11.0
Danilo,"DF,MF",Brazil,34.9062,0.1348849362906911,81.0,81.0,22500000.0,83000.0,73.0,67.0,73.0,74.0,82.0,79.0,76.0,59.0,76.0,73.0,73.0,79.0,67.0,77.0,62.0,80.0,65.0,84.0,75.0,77.0,80.0,69.0,78.0,84.0,69.0,64.0,78.0,82.0,84.0,82.0,14.0,5.0,15.0,14.0,5.0
Ederson,GK,Brazil,32.8159,-0.5265147050205439,89.0,91.0,94000000.0,200000.0,74.0,61.0,64.0,70.0,60.0,71.0,20.0,14.0,14.0,23.0,20.0,40.0,64.0,63.0,60.0,88.0,48.0,70.0,66.0,41.0,78.0,18.0,38.0,27.0,20.0,70.0,70.0,29.0,15.0,8.0,87.0,82.0,93.0,88.0,88.0
Éderson,MF,Brazil,26.9281,-3.0812638848821683,89.0,91.0,94000000.0,200000.0,74.0,61.0,64.0,70.0,60.0,71.0,20.0,14.0,14.0,23.0,20.0,40.0,64.0,63.0,60.0,88.0,48.0,70.0,66.0,41.0,78.0,18.0,38.0,27.0,20.0,70.0,70.0,29.0,15.0,8.0,87.0,82.0,93.0,88.0,88.0
Endrick,FW,Brazil,19.8898,1.4021898722883643,72.0,73.0,2800000.0,9000.0,83.0,72.0,65.0,74.0,23.0,56.0,62.0,72.0,64.0,75.0,43.0,72.0,85.0,81.0,85.0,69.0,80.0,73.0,81.0,70.0,59.0,70.0,26.0,17.0,73.0,65.0,62.0,22.0,16.0,21.0,14.0,9.0,13.0,9.0,11.0
Fabinho,"DF,MF",Brazil,32.6324,0.5785005834232728,86.0,88.0,73500000.0,165000.0,67.0,69.0,78.0,78.0,85.0,83.0,75.0,63.0,75.0,78.0,53.0,81.0,65.0,68.0,64.0,86.0,64.0,81.0,75.0,88.0,81.0,70.0,85.0,87.0,70.0,75.0,84.0,86.0,87.0,85.0,13.0,12.0,6.0,8.0,8.0
Bruno Guimarães,MF,Brazil,28.5667,0.6550397860802355,79.0,84.0,24500000.0,52000.0,68.0,63.0,78.0,78.0,73.0,75.0,66.0,60.0,60.0,78.0,62.0,80.0,66.0,69.0,71.0,77.0,73.0,66.0,59.0,84.0,72.0,67.0,74.0,75.0,66.0,82.0,80.0,75.0,76.0,71.0,7.0,11.0,15.0,11.0,11.0
Luiz Henrique,"FW,MF",Brazil,25.4381,0.6055204680109719,74.0,82.0,9000000.0,20000.0,84.0,69.0,71.0,74.0,37.0,69.0,78.0,69.0,67.0,78.0,41.0,75.0,86.0,83.0,73.0,60.0,64.0,76.0,54.0,72.0,77.0,68.0,49.0,24.0,69.0,75.0,67.0,40.0,34.0,31.0,9.0,5.0,7.0,10.0,15.0
Roger Ibanez,DF,Brazil,27.5476,1.398888987002255,73.0,79.0,4350000.0,14000.0,74.0,61.0,64.0,70.0,60.0,71.0,60.0,57.0,60.0,68.0,46.0,69.0,73.0,73.0,70.0,69.0,68.0,66.0,69.0,72.0,70.0,59.0,65.0,57.0,62.0,63.0,67.0,56.0,58.0,54.0,10.0,11.0,11.0,11.0,11.0
Vinicius Júnior,FW,Brazil,25.9144,-0.6361394728282899,80.0,90.0,46500000.0,120000.0,95.0,70.0,71.0,87.0,29.0,66.0,71.0,69.0,50.0,89.0,62.0,85.0,95.0,95.0,94.0,75.0,81.0,73.0,75.0,80.0,62.0,68.0,58.0,26.0,76.0,73.0,75.0,32.0,25.0,18.0,5.0,7.0,7.0,7.0,10.0
Gabriel Magalhães,DF,Brazil,28.4764,-0.5676578622092796,79.0,84.0,24000000.0,65000.0,68.0,36.0,60.0,58.0,80.0,80.0,38.0,31.0,82.0,52.0,27.0,66.0,62.0,72.0,51.0,78.0,37.0,51.0,70.0,67.0,86.0,30.0,82.0,78.0,44.0,59.0,74.0,80.0,81.0,78.0,12.0,8.0,13.0,10.0,7.0
Marquinhos,DF,Brazil,32.0767,-0.3279378795444865,87.0,90.0,90500000.0,135000.0,81.0,53.0,75.0,74.0,89.0,81.0,68.0,51.0,88.0,69.0,32.0,79.0,81.0,81.0,69.0,87.0,67.0,65.0,92.0,83.0,78.0,45.0,81.0,88.0,68.0,74.0,86.0,89.0,89.0,89.0,6.0,6.0,12.0,10.0,13.0
Gabriel Martinelli,"FW,MF",Brazil,24.9802,-0.0413582365568101,76.0,88.0,18000000.0,49000.0,87.0,69.0,67.0,78.0,44.0,67.0,72.0,74.0,72.0,78.0,49.0,77.0,88.0,86.0,83.0,74.0,79.0,68.0,55.0,76.0,61.0,60.0,75.0,37.0,74.0,72.0,73.0,44.0,40.0,43.0,10.0,6.0,7.0,6.0,6.0
Neymar,"FW,MF",Brazil,34.345,2.212968593267182,91.0,91.0,129000000.0,270000.0,91.0,83.0,86.0,94.0,37.0,63.0,85.0,83.0,63.0,95.0,87.0,95.0,93.0,89.0,96.0,89.0,84.0,80.0,64.0,81.0,53.0,81.0,63.0,37.0,86.0,90.0,93.0,35.0,32.0,29.0,9.0,9.0,15.0,15.0,11.0
Lucas Paquetá,MF,Brazil,28.7885,1.0637170436850487,81.0,86.0,38500000.0,65000.0,74.0,75.0,79.0,83.0,69.0,78.0,71.0,74.0,60.0,85.0,73.0,84.0,72.0,76.0,76.0,82.0,79.0,77.0,79.0,84.0,74.0,74.0,78.0,72.0,80.0,82.0,84.0,69.0,72.0,63.0,14.0,9.0,12.0,11.0,11.0
Léo Pereira,DF,Brazil,30.3587,0.5966113251304197,68.0,68.0,1200000.0,6000.0,63.0,67.0,56.0,67.0,40.0,77.0,44.0,68.0,73.0,68.0,39.0,70.0,62.0,64.0,65.0,64.0,39.0,70.0,75.0,67.0,85.0,62.0,69.0,31.0,66.0,57.0,71.0,36.0,42.0,30.0,11.0,9.0,10.0,10.0,14.0
Raphinha,MF,Brazil,29.4901,-0.1354070034407072,82.0,87.0,46000000.0,89000.0,91.0,76.0,76.0,84.0,49.0,72.0,78.0,74.0,45.0,86.0,75.0,83.0,90.0,91.0,88.0,82.0,79.0,81.0,74.0,84.0,64.0,76.0,76.0,55.0,81.0,77.0,78.0,45.0,54.0,38.0,8.0,7.0,13.0,8.0,14.0
Rayan,MF,Brazil,19.8542,5.6688747505045445,73.0,79.0,4350000.0,14000.0,74.0,61.0,64.0,70.0,60.0,71.0,60.0,57.0,60.0,68.0,46.0,69.0,73.0,73.0,70.0,69.0,68.0,66.0,69.0,72.0,70.0,59.0,65.0,57.0,62.0,63.0,67.0,56.0,58.0,54.0,10.0,11.0,11.0,11.0,11.0
Alex Sandro,"DF,MF",Brazil,35.3723,0.2688590485301452,83.0,83.0,31500000.0,95000.0,81.0,65.0,77.0,79.0,78.0,79.0,84.0,55.0,76.0,79.0,59.0,80.0,78.0,83.0,78.0,80.0,77.0,78.0,79.0,83.0,77.0,72.0,80.0,76.0,70.0,70.0,80.0,76.0,80.0,80.0,7.0,7.0,9.0,12.0,5.0
Danilo Santos,MF,Brazil,25.1177,1.7161145146789707,61.0,68.0,675000.0,550.0,67.0,47.0,62.0,66.0,33.0,52.0,51.0,51.0,38.0,66.0,72.0,67.0,68.0,66.0,70.0,51.0,75.0,42.0,50.0,60.0,49.0,39.0,48.0,28.0,46.0,62.0,56.0,30.0,36.0,34.0,6.0,8.0,7.0,12.0,12.0
Douglas Santos,DF,Brazil,32.2218,0.1091885322287882,58.0,70.0,475000.0,500.0,81.0,60.0,47.0,60.0,22.0,58.0,45.0,61.0,38.0,61.0,35.0,57.0,77.0,84.0,70.0,45.0,75.0,65.0,51.0,59.0,65.0,58.0,39.0,21.0,54.0,46.0,55.0,16.0,21.0,27.0,7.0,10.0,11.0,12.0,11.0
Igor Thiago,FW,Brazil,24.9582,1.9394720806011048,64.0,67.0,800000.0,2000.0,76.0,49.0,60.0,65.0,48.0,60.0,56.0,47.0,47.0,63.0,39.0,66.0,77.0,76.0,73.0,58.0,80.0,57.0,63.0,65.0,57.0,49.0,61.0,52.0,56.0,60.0,60.0,46.0,47.0,45.0,13.0,13.0,13.0,5.0,13.0
Wesley,"DF,MF",Brazil,22.7611,-0.9344973305209656,76.0,80.0,11000000.0,54000.0,66.0,76.0,67.0,70.0,38.0,82.0,58.0,74.0,76.0,71.0,49.0,77.0,54.0,76.0,53.0,73.0,45.0,84.0,70.0,64.0,91.0,72.0,83.0,37.0,77.0,71.0,76.0,35.0,37.0,15.0,12.0,13.0,14.0,8.0,6.0
Wéverton,GK,Brazil,38.4928,1.092775109262461,80.0,83.0,28000000.0,17000.0,86.0,75.0,73.0,85.0,32.0,62.0,74.0,75.0,45.0,86.0,56.0,85.0,87.0,86.0,89.0,79.0,84.0,77.0,61.0,80.0,60.0,76.0,43.0,36.0,74.0,75.0,79.0,25.0,33.0,29.0,13.0,16.0,15.0,14.0,15.0
Ali Ahmed,MF,Canada,25.668,-1.7599884136779638,73.0,79.0,4350000.0,14000.0,74.0,61.0,64.0,70.0,60.0,71.0,60.0,57.0,60.0,68.0,46.0,69.0,73.0,73.0,70.0,69.0,68.0,66.0,69.0,72.0,70.0,59.0,65.0,57.0,62.0,63.0,67.0,56.0,58.0,54.0,10.0,11.0,11.0,11.0,11.0
Moïse Bombito,DF,Canada,26.1999,0.6485522975721638,73.0,79.0,4350000.0,14000.0,74.0,61.0,64.0,70.0,60.0,71.0,60.0,57.0,60.0,68.0,46.0,69.0,73.0,73.0,70.0,69.0,68.0,66.0,69.0,72.0,70.0,59.0,65.0,57.0,62.0,63.0,67.0,56.0,58.0,54.0,10.0,11.0,11.0,11.0,11.0
Tajon Buchanan,MF,Canada,27.3368,-2.164562723032604,68.0,76.0,2700000.0,9000.0,86.0,61.0,57.0,71.0,54.0,64.0,60.0,64.0,60.0,73.0,25.0,68.0,87.0,86.0,79.0,62.0,64.0,66.0,71.0,69.0,62.0,55.0,59.0,46.0,63.0,60.0,62.0,50.0,62.0,50.0,13.0,9.0,7.0,8.0,7.0
Mathieu Choinière,MF,Canada,27.3395,-0.6793336321393367,62.0,67.0,575000.0,1000.0,66.0,52.0,59.0,66.0,55.0,39.0,60.0,50.0,34.0,66.0,38.0,64.0,69.0,64.0,73.0,58.0,71.0,60.0,30.0,58.0,34.0,50.0,31.0,61.0,55.0,55.0,64.0,60.0,53.0,51.0,14.0,11.0,7.0,13.0,14.0
Derek Cornelius,DF,Canada,28.5421,-1.3720671592060414,65.0,71.0,4350000.0,14000.0,57.0,30.0,42.0,43.0,63.0,79.0,34.0,27.0,66.0,35.0,23.0,50.0,54.0,60.0,50.0,55.0,43.0,40.0,80.0,68.0,87.0,22.0,74.0,63.0,44.0,31.0,55.0,62.0,64.0,62.0,13.0,10.0,13.0,7.0,6.0
Maxime Crépeau,GK,Canada,32.0849,-1.6965422607160408,73.0,76.0,3000000.0,6000.0,74.0,61.0,64.0,70.0,60.0,71.0,19.0,17.0,14.0,19.0,14.0,24.0,50.0,48.0,43.0,70.0,40.0,53.0,67.0,40.0,69.0,14.0,34.0,20.0,7.0,52.0,51.0,10.0,17.0,17.0,71.0,70.0,70.0,73.0,74.0
Jonathan David,FW,Canada,26.4052,-1.8690634388538967,78.0,86.0,32000000.0,31000.0,85.0,76.0,71.0,78.0,25.0,70.0,67.0,80.0,72.0,79.0,48.0,78.0,83.0,87.0,77.0,74.0,71.0,75.0,86.0,85.0,75.0,70.0,33.0,17.0,80.0,73.0,81.0,21.0,21.0,19.0,7.0,7.0,11.0,7.0,7.0
Promise David,FW,Canada,24.9391,2.7922509964310467,73.0,79.0,4350000.0,14000.0,74.0,61.0,64.0,70.0,60.0,71.0,60.0,57.0,60.0,68.0,46.0,69.0,73.0,73.0,70.0,69.0,68.0,66.0,69.0,72.0,70.0,59.0,65.0,57.0,62.0,63.0,67.0,56.0,58.0,54.0,10.0,11.0,11.0,11.0,11.0
Alphonso Davies,"DF,FW",Canada,25.6051,-2.92657915581144,82.0,89.0,57000000.0,59000.0,96.0,67.0,71.0,82.0,75.0,75.0,74.0,67.0,64.0,85.0,44.0,79.0,96.0,96.0,85.0,81.0,82.0,71.0,77.0,79.0,72.0,63.0,77.0,78.0,75.0,68.0,74.0,74.0,77.0,79.0,11.0,11.0,6.0,5.0,14.0
Luc De Fougerolles,DF,Canada,20.6626,-0.5695951235978934,73.0,79.0,4350000.0,14000.0,74.0,61.0,64.0,70.0,60.0,71.0,60.0,57.0,60.0,68.0,46.0,69.0,73.0,73.0,70.0,69.0,68.0,66.0,69.0,72.0,70.0,59.0,65.0,57.0,62.0,63.0,67.0,56.0,58.0,54.0,10.0,11.0,11.0,11.0,11.0
Stephen Eustáquio,MF,Canada,29.4709,-1.1658584809560004,76.0,82.0,11000000.0,9000.0,66.0,61.0,75.0,72.0,72.0,72.0,72.0,55.0,55.0,70.0,65.0,75.0,68.0,65.0,71.0,76.0,72.0,69.0,76.0,81.0,69.0,67.0,68.0,75.0,62.0,75.0,76.0,70.0,76.0,73.0,6.0,5.0,13.0,7.0,11.0
Marcelo Flores,MF,Canada,22.6927,-0.9680554845038928,73.0,79.0,4350000.0,14000.0,74.0,61.0,64.0,70.0,60.0,71.0,60.0,57.0,60.0,68.0,46.0,69.0,73.0,73.0,70.0,69.0,68.0,66.0,69.0,72.0,70.0,59.0,65.0,57.0,62.0,63.0,67.0,56.0,58.0,54.0,10.0,11.0,11.0,11.0,11.0
Owen Goodman,GK,Canada,22.5366,-2.92657915581144,73.0,79.0,4350000.0,14000.0,74.0,61.0,64.0,70.0,60.0,71.0,60.0,57.0,60.0,68.0,46.0,69.0,73.0,73.0,70.0,69.0,68.0,66.0,69.0,72.0,70.0,59.0,65.0,57.0,62.0,63.0,67.0,56.0,58.0,54.0,10.0,11.0,11.0,11.0,11.0
Alistair Johnston,DF,Canada,27.6735,-0.7917065294430419,66.0,72.0,1300000.0,2000.0,74.0,43.0,53.0,61.0,63.0,68.0,51.0,39.0,54.0,58.0,37.0,62.0,75.0,74.0,70.0,62.0,63.0,55.0,73.0,74.0,66.0,37.0,63.0,60.0,55.0,47.0,55.0,64.0,66.0,62.0,8.0,9.0,14.0,11.0,11.0
Alfie Jones,"DF,MF",Canada,28.6762,2.461140020272751,73.0,79.0,4350000.0,14000.0,74.0,61.0,64.0,70.0,60.0,71.0,60.0,57.0,60.0,68.0,46.0,69.0,73.0,73.0,70.0,69.0,68.0,66.0,69.0,72.0,70.0,59.0,65.0,57.0,62.0,63.0,67.0,56.0,58.0,54.0,10.0,11.0,11.0,11.0,11.0
Ismaël Koné,MF,Canada,23.9856,-1.6965422607160408,73.0,79.0,4350000.0,14000.0,74.0,61.0,64.0,70.0,60.0,71.0,60.0,57.0,60.0,68.0,46.0,69.0,73.0,73.0,70.0,69.0,68.0,66.0,69.0,72.0,70.0,59.0,65.0,57.0,62.0,63.0,67.0,56.0,58.0,54.0,10.0,11.0,11.0,11.0,11.0
Cyle Larin,"FW,MF",Canada,31.1506,3.004428776878768,75.0,76.0,6500000.0,41000.0,71.0,74.0,59.0,70.0,26.0,80.0,55.0,75.0,75.0,73.0,22.0,72.0,70.0,71.0,63.0,73.0,48.0,80.0,68.0,77.0,91.0,69.0,59.0,22.0,75.0,67.0,68.0,21.0,18.0,20.0,12.0,9.0,8.0,12.0,7.0
Richie Laryea,DF,Canada,31.4244,-1.9689915624148784,71.0,73.0,2100000.0,5000.0,81.0,60.0,64.0,71.0,63.0,71.0,65.0,60.0,46.0,71.0,49.0,71.0,80.0,81.0,79.0,68.0,68.0,66.0,70.0,86.0,65.0,57.0,69.0,62.0,68.0,62.0,69.0,63.0,69.0,65.0,8.0,8.0,9.0,12.0,12.0
Liam Millar,MF,Canada,26.7036,-2.2783610205563347,66.0,77.0,1900000.0,3000.0,81.0,61.0,59.0,68.0,22.0,58.0,63.0,61.0,54.0,69.0,35.0,68.0,81.0,81.0,73.0,58.0,69.0,66.0,72.0,59.0,68.0,60.0,29.0,15.0,60.0,60.0,63.0,14.0,22.0,23.0,14.0,9.0,13.0,7.0,8.0
Tani Oluwaseyi,FW,Canada,26.0739,-0.2847033559516014,73.0,79.0,4350000.0,14000.0,74.0,61.0,64.0,70.0,60.0,71.0,60.0,57.0,60.0,68.0,46.0,69.0,73.0,73.0,70.0,69.0,68.0,66.0,69.0,72.0,70.0,59.0,65.0,57.0,62.0,63.0,67.0,56.0,58.0,54.0,10.0,11.0,11.0,11.0,11.0
Jonathan Osorio,MF,Canada,33.9966,0.9062038788553742,72.0,72.0,2300000.0,7000.0,60.0,68.0,70.0,74.0,64.0,67.0,60.0,69.0,55.0,73.0,65.0,73.0,62.0,59.0,83.0,74.0,78.0,71.0,43.0,86.0,64.0,66.0,58.0,66.0,71.0,70.0,74.0,66.0,65.0,55.0,8.0,11.0,7.0,15.0,13.0
Nathan Saliba,MF,Canada,22.3395,-0.6571110039377533,47.0,69.0,150000.0,500.0,61.0,36.0,46.0,49.0,43.0,49.0,33.0,28.0,43.0,45.0,39.0,48.0,62.0,61.0,65.0,45.0,78.0,48.0,55.0,40.0,51.0,39.0,55.0,36.0,48.0,51.0,39.0,43.0,47.0,41.0,13.0,14.0,10.0,7.0,13.0
Jacob Shaffelburg,MF,Canada,26.5394,0.1226701691999616,61.0,69.0,725000.0,1000.0,80.0,53.0,56.0,60.0,47.0,54.0,62.0,51.0,46.0,62.0,42.0,55.0,82.0,79.0,79.0,50.0,58.0,60.0,49.0,65.0,45.0,50.0,62.0,42.0,56.0,58.0,50.0,50.0,51.0,35.0,11.0,9.0,7.0,9.0,11.0
Niko Sigur,"DF,MF",Canada,22.7529,-1.378973072934486,73.0,79.0,4350000.0,14000.0,74.0,61.0,64.0,70.0,60.0,71.0,60.0,57.0,60.0,68.0,46.0,69.0,73.0,73.0,70.0,69.0,68.0,66.0,69.0,72.0,70.0,59.0,65.0,57.0,62.0,63.0,67.0,56.0,58.0,54.0,10.0,11.0,11.0,11.0,11.0
Dayne St. Clair,GK,Canada,29.0903,0.1297864891537042,68.0,76.0,2300000.0,2000.0,74.0,61.0,64.0,70.0,60.0,71.0,14.0,5.0,11.0,9.0,13.0,19.0,27.0,26.0,39.0,62.0,21.0,40.0,30.0,26.0,47.0,8.0,27.0,9.0,5.0,38.0,39.0,8.0,10.0,12.0,68.0,62.0,53.0,66.0,76.0
Joel Waterman,DF,Canada,30.3778,-1.9992870116420824,62.0,65.0,475000.0,1000.0,43.0,25.0,50.0,45.0,61.0,69.0,29.0,20.0,62.0,40.0,24.0,52.0,42.0,44.0,41.0,59.0,37.0,38.0,67.0,61.0,74.0,17.0,68.0,59.0,32.0,50.0,49.0,64.0,60.0,58.0,6.0,7.0,10.0,11.0,11.0
Telmo Arcanjo,MF,Cape Verde,24.9719,0.4383060882871671,73.0,79.0,4350000.0,14000.0,74.0,61.0,64.0,70.0,60.0,71.0,60.0,57.0,60.0,68.0,46.0,69.0,73.0,73.0,70.0,69.0,68.0,66.0,69.0,72.0,70.0,59.0,65.0,57.0,62.0,63.0,67.0,56.0,58.0,54.0,10.0,11.0,11.0,11.0,11.0
Gilson Benchimol,FW,Cape Verde,24.449,5.057840589556966,73.0,79.0,4350000.0,14000.0,74.0,61.0,64.0,70.0,60.0,71.0,60.0,57.0,60.0,68.0,46.0,69.0,73.0,73.0,70.0,69.0,68.0,66.0,69.0,72.0,70.0,59.0,65.0,57.0,62.0,63.0,67.0,56.0,58.0,54.0,10.0,11.0,11.0,11.0,11.0
Jovane Cabral,"FW,MF",Cape Verde,27.9911,0.4765137627624246,73.0,79.0,4350000.0,14000.0,74.0,61.0,64.0,70.0,60.0,71.0,60.0,57.0,60.0,68.0,46.0,69.0,73.0,73.0,70.0,69.0,68.0,66.0,69.0,72.0,70.0,59.0,65.0,57.0,62.0,63.0,67.0,56.0,58.0,54.0,10.0,11.0,11.0,11.0,11.0
Logan Costa,DF,Cape Verde,25.1944,0.1180608861411379,73.0,79.0,4350000.0,14000.0,74.0,61.0,64.0,70.0,60.0,71.0,60.0,57.0,60.0,68.0,46.0,69.0,73.0,73.0,70.0,69.0,68.0,66.0,69.0,72.0,70.0,59.0,65.0,57.0,62.0,63.0,67.0,56.0,58.0,54.0,10.0,11.0,11.0,11.0,11.0
Nuno da Costa,"FW,MF",Cape Verde,35.3313,2.001507684095219,73.0,79.0,4350000.0,14000.0,74.0,61.0,64.0,70.0,60.0,71.0,60.0,57.0,60.0,68.0,46.0,69.0,73.0,73.0,70.0,69.0,68.0,66.0,69.0,72.0,70.0,59.0,65.0,57.0,62.0,63.0,67.0,56.0,58.0,54.0,10.0,11.0,11.0,11.0,11.0
Diney,DF,Cape Verde,31.397,1.5078023431432006,73.0,79.0,4350000.0,14000.0,74.0,61.0,64.0,70.0,60.0,71.0,60.0,57.0,60.0,68.0,46.0,69.0,73.0,73.0,70.0,69.0,68.0,66.0,69.0,72.0,70.0,59.0,65.0,57.0,62.0,63.0,67.0,56.0,58.0,54.0,10.0,11.0,11.0,11.0,11.0
C.J. dos Santos,GK,Cape Verde,25.7967,1.421975942925806,73.0,79.0,4350000.0,14000.0,74.0,61.0,64.0,70.0,60.0,71.0,60.0,57.0,60.0,68.0,46.0,69.0,73.0,73.0,70.0,69.0,68.0,66.0,69.0,72.0,70.0,59.0,65.0,57.0,62.0,63.0,67.0,56.0,58.0,54.0,10.0,11.0,11.0,11.0,11.0
Deroy Duarte,MF,Cape Verde,26.9363,-0.0207262816066304,73.0,79.0,4350000.0,14000.0,74.0,61.0,64.0,70.0,60.0,71.0,60.0,57.0,60.0,68.0,46.0,69.0,73.0,73.0,70.0,69.0,68.0,66.0,69.0,72.0,70.0,59.0,65.0,57.0,62.0,63.0,67.0,56.0,58.0,54.0,10.0,11.0,11.0,11.0,11.0
Laros Duarte,MF,Cape Verde,29.282,2.664478355076211,73.0,79.0,4350000.0,14000.0,74.0,61.0,64.0,70.0,60.0,71.0,60.0,57.0,60.0,68.0,46.0,69.0,73.0,73.0,70.0,69.0,68.0,66.0,69.0,72.0,70.0,59.0,65.0,57.0,62.0,63.0,67.0,56.0,58.0,54.0,10.0,11.0,11.0,11.0,11.0
Dailon Livramento,FW,Cape Verde,25.104,1.4376729329539,73.0,79.0,4350000.0,14000.0,74.0,61.0,64.0,70.0,60.0,71.0,60.0,57.0,60.0,68.0,46.0,69.0,73.0,73.0,70.0,69.0,68.0,66.0,69.0,72.0,70.0,59.0,65.0,57.0,62.0,63.0,67.0,56.0,58.0,54.0,10.0,11.0,11.0,11.0,11.0
Sidny Lopes Cabral,"DF,MF",Cape Verde,23.7283,2.508203270591199,73.0,79.0,4350000.0,14000.0,74.0,61.0,64.0,70.0,60.0,71.0,60.0,57.0,60.0,68.0,46.0,69.0,73.0,73.0,70.0,69.0,68.0,66.0,69.0,72.0,70.0,59.0,65.0,57.0,62.0,63.0,67.0,56.0,58.0,54.0,10.0,11.0,11.0,11.0,11.0
Ryan Mendes,"FW,MF",Cape Verde,36.4216,1.0285765943399134,73.0,79.0,4350000.0,14000.0,74.0,61.0,64.0,70.0,60.0,71.0,60.0,57.0,60.0,68.0,46.0,69.0,73.0,73.0,70.0,69.0,68.0,66.0,69.0,72.0,70.0,59.0,65.0,57.0,62.0,63.0,67.0,56.0,58.0,54.0,10.0,11.0,11.0,11.0,11.0
Jamiro Monteiro,"FW,MF",Cape Verde,32.5476,1.2205174916502983,73.0,79.0,4350000.0,14000.0,74.0,61.0,64.0,70.0,60.0,71.0,60.0,57.0,60.0,68.0,46.0,69.0,73.0,73.0,70.0,69.0,68.0,66.0,69.0,72.0,70.0,59.0,65.0,57.0,62.0,63.0,67.0,56.0,58.0,54.0,10.0,11.0,11.0,11.0,11.0
Steven Moreira,"DF,MF",Cape Verde,31.8268,0.1590457288863737,73.0,79.0,4350000.0,14000.0,74.0,61.0,64.0,70.0,60.0,71.0,60.0,57.0,60.0,68.0,46.0,69.0,73.0,73.0,70.0,69.0,68.0,66.0,69.0,72.0,70.0,59.0,65.0,57.0,62.0,63.0,67.0,56.0,58.0,54.0,10.0,11.0,11.0,11.0,11.0
João Paulo Fernandes,"DF,MF",Cape Verde,28.0438,0.960714109266687,73.0,79.0,4350000.0,14000.0,74.0,61.0,64.0,70.0,60.0,71.0,60.0,57.0,60.0,68.0,46.0,69.0,73.0,73.0,70.0,69.0,68.0,66.0,69.0,72.0,70.0,59.0,65.0,57.0,62.0,63.0,67.0,56.0,58.0,54.0,10.0,11.0,11.0,11.0,11.0
Pico,DF,Cape Verde,33.9829,-0.1775109932515494,73.0,79.0,4350000.0,14000.0,74.0,61.0,64.0,70.0,60.0,71.0,60.0,57.0,60.0,68.0,46.0,69.0,73.0,73.0,70.0,69.0,68.0,66.0,69.0,72.0,70.0,59.0,65.0,57.0,62.0,63.0,67.0,56.0,58.0,54.0,10.0,11.0,11.0,11.0,11.0
Kevin Pina,MF,Cape Verde,29.3696,1.470470418885375,73.0,79.0,4350000.0,14000.0,74.0,61.0,64.0,70.0,60.0,71.0,60.0,57.0,60.0,68.0,46.0,69.0,73.0,73.0,70.0,69.0,68.0,66.0,69.0,72.0,70.0,59.0,65.0,57.0,62.0,63.0,67.0,56.0,58.0,54.0,10.0,11.0,11.0,11.0,11.0
Wagner Pina,"DF,MF",Cape Verde,23.6023,2.2606517138679667,73.0,79.0,4350000.0,14000.0,74.0,61.0,64.0,70.0,60.0,71.0,60.0,57.0,60.0,68.0,46.0,69.0,73.0,73.0,70.0,69.0,68.0,66.0,69.0,72.0,70.0,59.0,65.0,57.0,62.0,63.0,67.0,56.0,58.0,54.0,10.0,11.0,11.0,11.0,11.0
Kelvin Pires,DF,Cape Verde,26.0164,1.3148865151076097,73.0,79.0,4350000.0,14000.0,74.0,61.0,64.0,70.0,60.0,71.0,60.0,57.0,60.0,68.0,46.0,69.0,73.0,73.0,70.0,69.0,68.0,66.0,69.0,72.0,70.0,59.0,65.0,57.0,62.0,63.0,67.0,56.0,58.0,54.0,10.0,11.0,11.0,11.0,11.0
Garry Rodrigues,"FW,MF",Cape Verde,35.5366,2.1355041574676443,73.0,79.0,4350000.0,14000.0,74.0,61.0,64.0,70.0,60.0,71.0,60.0,57.0,60.0,68.0,46.0,69.0,73.0,73.0,70.0,69.0,68.0,66.0,69.0,72.0,70.0,59.0,65.0,57.0,62.0,63.0,67.0,56.0,58.0,54.0,10.0,11.0,11.0,11.0,11.0
Márcio Rosa,GK,Cape Verde,29.2957,0.3193514639088188,73.0,79.0,4350000.0,14000.0,74.0,61.0,64.0,70.0,60.0,71.0,60.0,57.0,60.0,68.0,46.0,69.0,73.0,73.0,70.0,69.0,68.0,66.0,69.0,72.0,70.0,59.0,65.0,57.0,62.0,63.0,67.0,56.0,58.0,54.0,10.0,11.0,11.0,11.0,11.0
Willy Semedo,"FW,MF",Cape Verde,32.1232,1.941018201462524,73.0,79.0,4350000.0,14000.0,74.0,61.0,64.0,70.0,60.0,71.0,60.0,57.0,60.0,68.0,46.0,69.0,73.0,73.0,70.0,69.0,68.0,66.0,69.0,72.0,70.0,59.0,65.0,57.0,62.0,63.0,67.0,56.0,58.0,54.0,10.0,11.0,11.0,11.0,11.0
Stopira,DF,Cape Verde,38.0602,14.67169065681231,73.0,79.0,4350000.0,14000.0,74.0,61.0,64.0,70.0,60.0,71.0,60.0,57.0,60.0,68.0,46.0,69.0,73.0,73.0,70.0,69.0,68.0,66.0,69.0,72.0,70.0,59.0,65.0,57.0,62.0,63.0,67.0,56.0,58.0,54.0,10.0,11.0,11.0,11.0,11.0
Hélio Varela,FW,Cape Verde,24.1068,1.7184056251199809,73.0,79.0,4350000.0,14000.0,74.0,61.0,64.0,70.0,60.0,71.0,60.0,57.0,60.0,68.0,46.0,69.0,73.0,73.0,70.0,69.0,68.0,66.0,69.0,72.0,70.0,59.0,65.0,57.0,62.0,63.0,67.0,56.0,58.0,54.0,10.0,11.0,11.0,11.0,11.0
Vozinha,GK,Cape Verde,40.0219,-0.0971822331531628,73.0,79.0,4350000.0,14000.0,74.0,61.0,64.0,70.0,60.0,71.0,60.0,57.0,60.0,68.0,46.0,69.0,73.0,73.0,70.0,69.0,68.0,66.0,69.0,72.0,70.0,59.0,65.0,57.0,62.0,63.0,67.0,56.0,58.0,54.0,10.0,11.0,11.0,11.0,11.0
Yannick,MF,Cape Verde,30.449,1.0623508784041733,73.0,79.0,4350000.0,14000.0,74.0,61.0,64.0,70.0,60.0,71.0,60.0,57.0,60.0,68.0,46.0,69.0,73.0,73.0,70.0,69.0,68.0,66.0,69.0,72.0,70.0,59.0,65.0,57.0,62.0,63.0,67.0,56.0,58.0,54.0,10.0,11.0,11.0,11.0,11.0
Jhon Arias,"FW,MF",Colombia,28.7201,-0.4148424512777204,67.0,68.0,975000.0,950.0,73.0,43.0,57.0,60.0,65.0,76.0,57.0,33.0,60.0,54.0,46.0,63.0,69.0,76.0,71.0,70.0,63.0,56.0,64.0,76.0,79.0,53.0,70.0,70.0,46.0,48.0,61.0,59.0,70.0,67.0,10.0,12.0,11.0,14.0,10.0
Santiago Arias,"DF,MF",Colombia,34.4079,1.2336180503208316,79.0,79.0,15500000.0,53000.0,77.0,53.0,70.0,76.0,77.0,74.0,77.0,51.0,69.0,74.0,54.0,77.0,76.0,78.0,78.0,80.0,74.0,56.0,81.0,80.0,67.0,50.0,80.0,78.0,70.0,64.0,76.0,77.0,78.0,77.0,14.0,7.0,14.0,15.0,16.0
Juan Camilo Portilla,MF,Colombia,27.7447,0.0830724346178563,52.0,72.0,210000.0,500.0,58.0,48.0,47.0,57.0,46.0,45.0,41.0,51.0,44.0,55.0,33.0,60.0,56.0,60.0,57.0,50.0,78.0,46.0,65.0,66.0,30.0,49.0,50.0,45.0,54.0,58.0,52.0,48.0,45.0,45.0,9.0,9.0,12.0,8.0,9.0
Jaminton Campaz,"FW,MF",Colombia,26.0493,1.1504591465301135,73.0,79.0,4350000.0,14000.0,74.0,61.0,64.0,70.0,60.0,71.0,60.0,57.0,60.0,68.0,46.0,69.0,73.0,73.0,70.0,69.0,68.0,66.0,69.0,72.0,70.0,59.0,65.0,57.0,62.0,63.0,67.0,56.0,58.0,54.0,10.0,11.0,11.0,11.0,11.0
Jorge Carrascal,"FW,MF",Colombia,28.0465,0.2841942107769442,73.0,80.0,6000000.0,12000.0,72.0,67.0,70.0,81.0,41.0,55.0,67.0,67.0,46.0,82.0,70.0,76.0,73.0,72.0,88.0,71.0,90.0,68.0,66.0,65.0,44.0,67.0,65.0,35.0,70.0,70.0,79.0,39.0,47.0,35.0,8.0,12.0,12.0,8.0,9.0
Kevin Castaño,MF,Colombia,25.6982,-0.4780358268319584,73.0,79.0,4350000.0,14000.0,74.0,61.0,64.0,70.0,60.0,71.0,60.0,57.0,60.0,68.0,46.0,69.0,73.0,73.0,70.0,69.0,68.0,66.0,69.0,72.0,70.0,59.0,65.0,57.0,62.0,63.0,67.0,56.0,58.0,54.0,10.0,11.0,11.0,11.0,11.0
Jhon Córdoba,FW,Colombia,33.0849,-1.1873213523918265,59.0,70.0,475000.0,500.0,60.0,26.0,37.0,43.0,59.0,66.0,28.0,25.0,56.0,30.0,27.0,54.0,58.0,62.0,60.0,43.0,65.0,33.0,69.0,59.0,75.0,16.0,52.0,60.0,29.0,33.0,42.0,59.0,60.0,57.0,7.0,9.0,14.0,12.0,11.0
Cucho,"FW,MF",Colombia,27.1424,-0.343648805330307,73.0,79.0,4350000.0,14000.0,74.0,61.0,64.0,70.0,60.0,71.0,60.0,57.0,60.0,68.0,46.0,69.0,73.0,73.0,70.0,69.0,68.0,66.0,69.0,72.0,70.0,59.0,65.0,57.0,62.0,63.0,67.0,56.0,58.0,54.0,10.0,11.0,11.0,11.0,11.0
Álvaro David Montero,GK,Colombia,31.2026,-1.96610825374399,72.0,77.0,2700000.0,1000.0,74.0,61.0,64.0,70.0,60.0,71.0,20.0,18.0,14.0,16.0,14.0,24.0,42.0,44.0,32.0,61.0,48.0,50.0,51.0,45.0,77.0,17.0,26.0,21.0,19.0,30.0,41.0,20.0,18.0,14.0,73.0,69.0,66.0,75.0,72.0
Luis Díaz,"FW,MF",Colombia,29.4079,-0.5547058151220436,80.0,86.0,33500000.0,16000.0,92.0,77.0,70.0,82.0,32.0,71.0,75.0,76.0,50.0,85.0,47.0,79.0,92.0,92.0,86.0,79.0,71.0,82.0,72.0,83.0,66.0,82.0,66.0,21.0,79.0,72.0,81.0,28.0,36.0,34.0,10.0,13.0,13.0,14.0,14.0
Willer Ditta,DF,Colombia,28.3806,-0.6596287219790602,66.0,73.0,1600000.0,850.0,56.0,24.0,46.0,53.0,62.0,78.0,25.0,22.0,66.0,46.0,22.0,60.0,53.0,58.0,49.0,62.0,60.0,32.0,79.0,69.0,83.0,20.0,74.0,65.0,25.0,40.0,68.0,57.0,65.0,61.0,14.0,6.0,7.0,15.0,8.0
Andrés Gómez,MF,Colombia,23.7447,3.9501549618527374,66.0,74.0,1800000.0,3000.0,69.0,51.0,67.0,69.0,58.0,66.0,59.0,49.0,57.0,69.0,44.0,70.0,71.0,68.0,63.0,66.0,67.0,58.0,70.0,55.0,69.0,49.0,69.0,55.0,66.0,68.0,73.0,59.0,59.0,57.0,9.0,15.0,15.0,8.0,6.0
Jefferson Lerma,"DF,MF",Colombia,31.627,-0.7305822002267152,73.0,79.0,4350000.0,14000.0,74.0,61.0,64.0,70.0,60.0,71.0,60.0,57.0,60.0,68.0,46.0,69.0,73.0,73.0,70.0,69.0,68.0,66.0,69.0,72.0,70.0,59.0,65.0,57.0,62.0,63.0,67.0,56.0,58.0,54.0,10.0,11.0,11.0,11.0,11.0
Jhon Lucumí,DF,Colombia,27.9582,-0.5347754403077162,74.0,82.0,8500000.0,12000.0,68.0,28.0,59.0,63.0,73.0,80.0,63.0,23.0,71.0,58.0,31.0,68.0,67.0,69.0,63.0,72.0,60.0,38.0,72.0,76.0,85.0,28.0,73.0,74.0,33.0,36.0,71.0,72.0,75.0,74.0,6.0,11.0,10.0,8.0,7.0
Deiver Machado,"DF,MF",Colombia,32.7721,-0.8656826590776839,71.0,71.0,1800000.0,16000.0,86.0,56.0,63.0,71.0,65.0,70.0,70.0,57.0,63.0,72.0,32.0,68.0,83.0,88.0,77.0,62.0,80.0,57.0,82.0,76.0,66.0,56.0,67.0,64.0,60.0,63.0,58.0,66.0,65.0,67.0,13.0,12.0,8.0,12.0,11.0
Yerry Mina,DF,Colombia,31.7146,0.8124572231652047,79.0,81.0,19000000.0,76000.0,45.0,54.0,60.0,60.0,80.0,81.0,43.0,51.0,86.0,62.0,30.0,61.0,33.0,54.0,49.0,74.0,32.0,68.0,70.0,66.0,89.0,50.0,80.0,77.0,48.0,56.0,75.0,79.0,81.0,79.0,10.0,8.0,12.0,9.0,12.0
Johan Mojica,"DF,MF",Colombia,33.8049,-1.4178185262568426,74.0,74.0,3800000.0,17000.0,91.0,65.0,70.0,71.0,68.0,72.0,75.0,62.0,55.0,72.0,64.0,73.0,90.0,91.0,72.0,66.0,59.0,80.0,75.0,71.0,71.0,61.0,73.0,71.0,69.0,65.0,70.0,64.0,72.0,70.0,13.0,8.0,14.0,9.0,15.0
Daniel Muñoz,"DF,MF",Colombia,30.0438,-1.6522288102476792,76.0,80.0,9500000.0,15000.0,78.0,50.0,67.0,71.0,75.0,76.0,66.0,46.0,68.0,70.0,34.0,70.0,74.0,82.0,78.0,72.0,64.0,64.0,74.0,81.0,72.0,48.0,80.0,76.0,61.0,66.0,73.0,73.0,78.0,74.0,7.0,14.0,12.0,7.0,6.0
David Ospina,GK,Colombia,37.7775,2.964856958528713,79.0,79.0,8500000.0,48000.0,74.0,61.0,64.0,70.0,60.0,71.0,11.0,10.0,15.0,12.0,13.0,32.0,34.0,34.0,44.0,73.0,50.0,58.0,75.0,29.0,38.0,12.0,20.0,25.0,16.0,50.0,57.0,11.0,13.0,12.0,82.0,72.0,77.0,77.0,84.0
Gustavo Puerta,MF,Colombia,22.8843,-0.4151682225707165,73.0,79.0,4350000.0,14000.0,74.0,61.0,64.0,70.0,60.0,71.0,60.0,57.0,60.0,68.0,46.0,69.0,73.0,73.0,70.0,69.0,68.0,66.0,69.0,72.0,70.0,59.0,65.0,57.0,62.0,63.0,67.0,56.0,58.0,54.0,10.0,11.0,11.0,11.0,11.0
Juan Quintero,"FW,MF",Colombia,33.3943,1.6169285265244704,79.0,79.0,17500000.0,17000.0,73.0,76.0,81.0,83.0,39.0,51.0,79.0,71.0,49.0,83.0,83.0,83.0,75.0,71.0,89.0,69.0,87.0,83.0,49.0,53.0,47.0,81.0,60.0,37.0,69.0,85.0,83.0,51.0,30.0,22.0,14.0,16.0,10.0,7.0,12.0
Richard Ríos,MF,Colombia,26.0246,-1.180442532655758,67.0,76.0,2200000.0,3000.0,71.0,46.0,65.0,66.0,64.0,67.0,60.0,32.0,52.0,69.0,39.0,68.0,74.0,68.0,60.0,53.0,45.0,63.0,49.0,64.0,68.0,55.0,75.0,59.0,62.0,67.0,73.0,65.0,70.0,67.0,9.0,10.0,14.0,6.0,10.0
James Rodríguez,"FW,MF",Colombia,34.9144,0.2045283682406345,81.0,81.0,25500000.0,105000.0,53.0,86.0,86.0,86.0,50.0,60.0,89.0,84.0,62.0,86.0,86.0,90.0,55.0,51.0,78.0,83.0,76.0,86.0,46.0,55.0,64.0,91.0,60.0,55.0,80.0,84.0,87.0,52.0,41.0,44.0,15.0,15.0,15.0,5.0,14.0
Davinson Sánchez,DF,Colombia,29.9966,-1.0103963014002315,79.0,81.0,19500000.0,77000.0,75.0,45.0,55.0,65.0,80.0,80.0,36.0,40.0,79.0,62.0,27.0,70.0,68.0,80.0,60.0,77.0,55.0,66.0,75.0,70.0,83.0,44.0,84.0,80.0,34.0,49.0,75.0,78.0,80.0,83.0,9.0,7.0,10.0,6.0,15.0
Luis Suárez,FW,Colombia,28.5229,2.2816239230903324,77.0,86.0,23500000.0,23000.0,86.0,78.0,65.0,74.0,40.0,79.0,71.0,83.0,65.0,74.0,60.0,72.0,87.0,86.0,79.0,75.0,76.0,78.0,62.0,79.0,81.0,71.0,80.0,44.0,79.0,60.0,63.0,26.0,48.0,28.0,6.0,8.0,13.0,11.0,6.0
Camilo Vargas,GK,Colombia,37.2574,-0.6326102262156983,77.0,77.0,5000000.0,12000.0,74.0,61.0,64.0,70.0,60.0,71.0,16.0,16.0,27.0,16.0,23.0,19.0,42.0,48.0,55.0,72.0,45.0,52.0,75.0,35.0,67.0,13.0,22.0,23.0,12.0,50.0,32.0,23.0,19.0,15.0,76.0,72.0,69.0,75.0,78.0
Cédric Bakambu,FW,Congo DR,35.167,-0.2204112873896707,80.0,80.0,20500000.0,30000.0,90.0,80.0,71.0,76.0,36.0,77.0,74.0,83.0,74.0,76.0,57.0,75.0,91.0,90.0,83.0,81.0,72.0,81.0,84.0,80.0,77.0,72.0,72.0,39.0,83.0,73.0,75.0,32.0,29.0,21.0,6.0,13.0,6.0,14.0,6.0
Simon Banza,"FW,MF",Congo DR,29.8268,-1.453793043734648,73.0,79.0,4350000.0,14000.0,74.0,61.0,64.0,70.0,60.0,71.0,60.0,57.0,60.0,68.0,46.0,69.0,73.0,73.0,70.0,69.0,68.0,66.0,69.0,72.0,70.0,59.0,65.0,57.0,62.0,63.0,67.0,56.0,58.0,54.0,10.0,11.0,11.0,11.0,11.0
Dylan Batubinsika,DF,Congo DR,30.3176,0.1761861640663885,73.0,79.0,4350000.0,14000.0,74.0,61.0,64.0,70.0,60.0,71.0,60.0,57.0,60.0,68.0,46.0,69.0,73.0,73.0,70.0,69.0,68.0,66.0,69.0,72.0,70.0,59.0,65.0,57.0,62.0,63.0,67.0,56.0,58.0,54.0,10.0,11.0,11.0,11.0,11.0
Theo Bongonda,"FW,MF",Congo DR,30.5558,0.1761379870158265,73.0,79.0,4350000.0,14000.0,74.0,61.0,64.0,70.0,60.0,71.0,60.0,57.0,60.0,68.0,46.0,69.0,73.0,73.0,70.0,69.0,68.0,66.0,69.0,72.0,70.0,59.0,65.0,57.0,62.0,63.0,67.0,56.0,58.0,54.0,10.0,11.0,11.0,11.0,11.0
Rocky Bushiri,DF,Congo DR,26.5284,0.9579217557136208,73.0,79.0,4350000.0,14000.0,74.0,61.0,64.0,70.0,60.0,71.0,60.0,57.0,60.0,68.0,46.0,69.0,73.0,73.0,70.0,69.0,68.0,66.0,69.0,72.0,70.0,59.0,65.0,57.0,62.0,63.0,67.0,56.0,58.0,54.0,10.0,11.0,11.0,11.0,11.0
Brian Cipenga,MF,Congo DR,28.2519,1.562663743578467,73.0,79.0,4350000.0,14000.0,74.0,61.0,64.0,70.0,60.0,71.0,60.0,57.0,60.0,68.0,46.0,69.0,73.0,73.0,70.0,69.0,68.0,66.0,69.0,72.0,70.0,59.0,65.0,57.0,62.0,63.0,67.0,56.0,58.0,54.0,10.0,11.0,11.0,11.0,11.0
Meschak Elia,"FW,MF",Congo DR,28.846,-1.2969902948157446,71.0,77.0,3000000.0,11000.0,90.0,69.0,65.0,76.0,26.0,68.0,64.0,72.0,51.0,74.0,52.0,77.0,90.0,90.0,86.0,62.0,88.0,71.0,74.0,73.0,69.0,61.0,58.0,21.0,74.0,73.0,69.0,22.0,26.0,22.0,6.0,15.0,7.0,11.0,8.0
Matthieu Epolo,GK,Congo DR,21.4025,-2.92657915581144,73.0,79.0,4350000.0,14000.0,74.0,61.0,64.0,70.0,60.0,71.0,60.0,57.0,60.0,68.0,46.0,69.0,73.0,73.0,70.0,69.0,68.0,66.0,69.0,72.0,70.0,59.0,65.0,57.0,62.0,63.0,67.0,56.0,58.0,54.0,10.0,11.0,11.0,11.0,11.0
Timothy Fayulu,GK,Congo DR,26.8816,-1.983421911224572,73.0,79.0,4350000.0,14000.0,74.0,61.0,64.0,70.0,60.0,71.0,60.0,57.0,60.0,68.0,46.0,69.0,73.0,73.0,70.0,69.0,68.0,66.0,69.0,72.0,70.0,59.0,65.0,57.0,62.0,63.0,67.0,56.0,58.0,54.0,10.0,11.0,11.0,11.0,11.0
Gaël Kakuta,"FW,MF",Congo DR,34.9719,-1.830298399123272,78.0,78.0,13500000.0,32000.0,73.0,72.0,76.0,83.0,42.0,66.0,74.0,70.0,67.0,84.0,78.0,82.0,75.0,71.0,89.0,75.0,85.0,78.0,87.0,70.0,67.0,72.0,51.0,46.0,73.0,80.0,78.0,36.0,41.0,25.0,7.0,12.0,7.0,14.0,13.0
Gédéon Kalulu,DF,Congo DR,28.783,-0.8288377569902576,68.0,74.0,1700000.0,2000.0,82.0,40.0,55.0,65.0,66.0,76.0,56.0,35.0,66.0,63.0,38.0,62.0,81.0,83.0,80.0,64.0,76.0,49.0,89.0,73.0,79.0,42.0,69.0,61.0,45.0,49.0,69.0,67.0,69.0,68.0,10.0,15.0,7.0,14.0,8.0
Steve Kapuadi,DF,Congo DR,28.115,-2.058781138207747,73.0,79.0,4350000.0,14000.0,74.0,61.0,64.0,70.0,60.0,71.0,60.0,57.0,60.0,68.0,46.0,69.0,73.0,73.0,70.0,69.0,68.0,66.0,69.0,72.0,70.0,59.0,65.0,57.0,62.0,63.0,67.0,56.0,58.0,54.0,10.0,11.0,11.0,11.0,11.0
Edo Kayembe,MF,Congo DR,28.0219,-0.422690236952258,69.0,77.0,2900000.0,5000.0,72.0,59.0,64.0,66.0,66.0,78.0,53.0,52.0,64.0,65.0,55.0,69.0,70.0,74.0,63.0,66.0,67.0,73.0,80.0,80.0,79.0,63.0,71.0,68.0,55.0,66.0,66.0,64.0,67.0,65.0,10.0,9.0,12.0,10.0,5.0
Joris Kayembe,"DF,FW",Congo DR,31.8405,-0.4132674142201796,69.0,77.0,2900000.0,5000.0,72.0,59.0,64.0,66.0,66.0,78.0,53.0,52.0,64.0,65.0,55.0,69.0,70.0,74.0,63.0,66.0,67.0,73.0,80.0,80.0,79.0,63.0,71.0,68.0,55.0,66.0,66.0,64.0,67.0,65.0,10.0,9.0,12.0,10.0,5.0
Arthur Masuaku,"DF,MF",Congo DR,32.5914,-0.7137080163772763,77.0,78.0,11000000.0,56000.0,80.0,63.0,72.0,79.0,70.0,70.0,78.0,55.0,63.0,82.0,48.0,78.0,77.0,82.0,77.0,74.0,79.0,75.0,70.0,78.0,67.0,71.0,65.0,69.0,65.0,71.0,75.0,66.0,75.0,74.0,8.0,7.0,10.0,7.0,7.0
Fiston Mayele,FW,Congo DR,31.9637,1.8828470139982083,73.0,79.0,4350000.0,14000.0,74.0,61.0,64.0,70.0,60.0,71.0,60.0,57.0,60.0,68.0,46.0,69.0,73.0,73.0,70.0,69.0,68.0,66.0,69.0,72.0,70.0,59.0,65.0,57.0,62.0,63.0,67.0,56.0,58.0,54.0,10.0,11.0,11.0,11.0,11.0
Chancel Mbemba,DF,Congo DR,31.8405,-0.3734577487769394,79.0,82.0,20500000.0,16000.0,72.0,53.0,56.0,65.0,80.0,78.0,55.0,52.0,79.0,63.0,28.0,65.0,70.0,74.0,67.0,79.0,63.0,76.0,90.0,70.0,80.0,42.0,81.0,78.0,52.0,43.0,70.0,78.0,82.0,80.0,9.0,14.0,16.0,7.0,7.0
Nathanaël Mbuku,MF,Congo DR,24.2382,-0.8137064690733284,73.0,79.0,4350000.0,14000.0,74.0,61.0,64.0,70.0,60.0,71.0,60.0,57.0,60.0,68.0,46.0,69.0,73.0,73.0,70.0,69.0,68.0,66.0,69.0,72.0,70.0,59.0,65.0,57.0,62.0,63.0,67.0,56.0,58.0,54.0,10.0,11.0,11.0,11.0,11.0
Samuel Moutoussamy,MF,Congo DR,29.8296,-1.471266561313408,68.0,72.0,1700000.0,9000.0,71.0,58.0,67.0,72.0,66.0,58.0,64.0,57.0,48.0,71.0,47.0,73.0,73.0,69.0,77.0,61.0,80.0,55.0,34.0,65.0,59.0,63.0,51.0,64.0,65.0,65.0,66.0,66.0,72.0,68.0,6.0,9.0,14.0,8.0,5.0
Lionel Mpasi,GK,Congo DR,31.8597,-0.6773561388595766,73.0,79.0,4350000.0,14000.0,74.0,61.0,64.0,70.0,60.0,71.0,60.0,57.0,60.0,68.0,46.0,69.0,73.0,73.0,70.0,69.0,68.0,66.0,69.0,72.0,70.0,59.0,65.0,57.0,62.0,63.0,67.0,56.0,58.0,54.0,10.0,11.0,11.0,11.0,11.0
Ngal'Ayel Mukau,MF,Congo DR,21.6023,-0.1849411158463045,73.0,79.0,4350000.0,14000.0,74.0,61.0,64.0,70.0,60.0,71.0,60.0,57.0,60.0,68.0,46.0,69.0,73.0,73.0,70.0,69.0,68.0,66.0,69.0,72.0,70.0,59.0,65.0,57.0,62.0,63.0,67.0,56.0,58.0,54.0,10.0,11.0,11.0,11.0,11.0
Charles Pickel,"DF,MF",Congo DR,29.0739,-0.3282991701051039,73.0,79.0,4350000.0,14000.0,74.0,61.0,64.0,70.0,60.0,71.0,60.0,57.0,60.0,68.0,46.0,69.0,73.0,73.0,70.0,69.0,68.0,66.0,69.0,72.0,70.0,59.0,65.0,57.0,62.0,63.0,67.0,56.0,58.0,54.0,10.0,11.0,11.0,11.0,11.0
Noah Sadiki,MF,Congo DR,21.4819,-0.9501211336534046,73.0,79.0,4350000.0,14000.0,74.0,61.0,64.0,70.0,60.0,71.0,60.0,57.0,60.0,68.0,46.0,69.0,73.0,73.0,70.0,69.0,68.0,66.0,69.0,72.0,70.0,59.0,65.0,57.0,62.0,63.0,67.0,56.0,58.0,54.0,10.0,11.0,11.0,11.0,11.0
Aaron Tshibola,MF,Congo DR,31.4381,-2.015949196286157,73.0,79.0,4350000.0,14000.0,74.0,61.0,64.0,70.0,60.0,71.0,60.0,57.0,60.0,68.0,46.0,69.0,73.0,73.0,70.0,69.0,68.0,66.0,69.0,72.0,70.0,59.0,65.0,57.0,62.0,63.0,67.0,56.0,58.0,54.0,10.0,11.0,11.0,11.0,11.0
Axel Tuanzebe,DF,Congo DR,28.5722,-0.4184093913299213,73.0,79.0,4350000.0,14000.0,74.0,61.0,64.0,70.0,60.0,71.0,60.0,57.0,60.0,68.0,46.0,69.0,73.0,73.0,70.0,69.0,68.0,66.0,69.0,72.0,70.0,59.0,65.0,57.0,62.0,63.0,67.0,56.0,58.0,54.0,10.0,11.0,11.0,11.0,11.0
Aaron Wan-Bissaka,"DF,MF",Congo DR,28.5394,-0.9876481780106772,73.0,79.0,4350000.0,14000.0,74.0,61.0,64.0,70.0,60.0,71.0,60.0,57.0,60.0,68.0,46.0,69.0,73.0,73.0,70.0,69.0,68.0,66.0,69.0,72.0,70.0,59.0,65.0,57.0,62.0,63.0,67.0,56.0,58.0,54.0,10.0,11.0,11.0,11.0,11.0
Yoane Wissa,"FW,MF",Congo DR,29.7693,-0.1303560100982088,75.0,78.0,7500000.0,37000.0,88.0,74.0,65.0,76.0,28.0,68.0,71.0,75.0,58.0,77.0,46.0,76.0,85.0,91.0,82.0,70.0,73.0,75.0,76.0,71.0,68.0,72.0,61.0,31.0,75.0,68.0,73.0,25.0,23.0,18.0,14.0,7.0,6.0,8.0,15.0
Martin Baturina,MF,Croatia,23.3149,0.0439769939204667,64.0,83.0,1500000.0,500.0,73.0,54.0,63.0,71.0,51.0,54.0,53.0,42.0,47.0,71.0,59.0,73.0,74.0,73.0,75.0,58.0,75.0,67.0,60.0,72.0,41.0,68.0,61.0,48.0,50.0,66.0,66.0,54.0,52.0,49.0,7.0,5.0,7.0,10.0,6.0
Ante Budimir,FW,Croatia,34.8871,0.3355195578886868,78.0,78.0,14000000.0,34000.0,65.0,78.0,48.0,73.0,35.0,77.0,41.0,84.0,82.0,78.0,31.0,79.0,61.0,68.0,56.0,72.0,33.0,78.0,65.0,68.0,83.0,71.0,77.0,24.0,80.0,39.0,72.0,29.0,35.0,27.0,11.0,14.0,8.0,16.0,15.0
Duje Ćaleta-Car,DF,Croatia,29.731,-0.8307739159770591,78.0,83.0,19000000.0,31000.0,59.0,39.0,60.0,62.0,79.0,82.0,28.0,32.0,77.0,59.0,31.0,67.0,57.0,60.0,46.0,76.0,58.0,67.0,83.0,77.0,86.0,27.0,78.0,79.0,54.0,64.0,81.0,80.0,78.0,78.0,8.0,9.0,9.0,10.0,8.0
Martin Erlić,DF,Croatia,28.3778,2.1189151198910854,71.0,75.0,2400000.0,15000.0,56.0,33.0,49.0,51.0,71.0,73.0,31.0,29.0,72.0,48.0,28.0,54.0,55.0,56.0,42.0,68.0,45.0,48.0,60.0,57.0,82.0,21.0,75.0,69.0,31.0,33.0,60.0,70.0,74.0,72.0,9.0,9.0,7.0,13.0,8.0
Toni Fruk,"FW,MF",Croatia,25.2574,3.0059581739713632,73.0,79.0,4350000.0,14000.0,74.0,61.0,64.0,70.0,60.0,71.0,60.0,57.0,60.0,68.0,46.0,69.0,73.0,73.0,70.0,69.0,68.0,66.0,69.0,72.0,70.0,59.0,65.0,57.0,62.0,63.0,67.0,56.0,58.0,54.0,10.0,11.0,11.0,11.0,11.0
Joško Gvardiol,DF,Croatia,24.3806,0.0674337995698266,75.0,87.0,12500000.0,27000.0,83.0,54.0,67.0,71.0,71.0,83.0,57.0,42.0,72.0,73.0,59.0,72.0,78.0,87.0,66.0,72.0,60.0,76.0,83.0,79.0,84.0,56.0,83.0,69.0,56.0,65.0,75.0,67.0,75.0,76.0,5.0,8.0,6.0,9.0,11.0
Kristijan Jakić,"DF,MF",Croatia,29.0767,-0.4392268230602044,73.0,78.0,4200000.0,600.0,75.0,57.0,63.0,67.0,70.0,82.0,51.0,44.0,69.0,64.0,39.0,72.0,76.0,74.0,62.0,71.0,72.0,79.0,64.0,86.0,81.0,68.0,83.0,70.0,53.0,65.0,65.0,69.0,72.0,70.0,10.0,10.0,5.0,9.0,10.0
Dominik Kotarski,GK,Croatia,26.3313,-1.356497514009679,63.0,65.0,500000.0,2000.0,60.0,22.0,35.0,42.0,62.0,71.0,27.0,17.0,56.0,28.0,19.0,52.0,55.0,64.0,46.0,58.0,63.0,31.0,67.0,62.0,80.0,22.0,62.0,64.0,23.0,18.0,60.0,62.0,64.0,61.0,11.0,7.0,8.0,11.0,11.0
Mateo Kovačić,MF,Croatia,32.0986,-0.7277260176184338,83.0,84.0,41500000.0,135000.0,70.0,69.0,83.0,88.0,69.0,70.0,73.0,61.0,42.0,89.0,70.0,89.0,77.0,65.0,87.0,81.0,84.0,79.0,75.0,79.0,63.0,75.0,77.0,74.0,72.0,84.0,81.0,70.0,73.0,66.0,9.0,5.0,6.0,7.0,7.0
Andrej Kramarić,"FW,MF",Croatia,34.9774,1.3041421895845664,83.0,83.0,35500000.0,59000.0,71.0,86.0,76.0,86.0,30.0,71.0,76.0,87.0,69.0,87.0,78.0,86.0,76.0,67.0,84.0,84.0,86.0,84.0,72.0,76.0,68.0,85.0,73.0,21.0,86.0,74.0,83.0,35.0,20.0,26.0,8.0,14.0,14.0,7.0,15.0
Dominik Livaković,GK,Croatia,31.4189,0.1311366350185367,82.0,87.0,35000000.0,1000.0,74.0,61.0,64.0,70.0,60.0,71.0,13.0,12.0,13.0,19.0,11.0,28.0,57.0,54.0,65.0,80.0,30.0,56.0,61.0,32.0,75.0,9.0,26.0,21.0,11.0,60.0,64.0,24.0,20.0,21.0,81.0,78.0,74.0,80.0,85.0
Igor Matanović,FW,Croatia,23.1971,1.4657515504144782,73.0,79.0,4350000.0,14000.0,74.0,61.0,64.0,70.0,60.0,71.0,60.0,57.0,60.0,68.0,46.0,69.0,73.0,73.0,70.0,69.0,68.0,66.0,69.0,72.0,70.0,59.0,65.0,57.0,62.0,63.0,67.0,56.0,58.0,54.0,10.0,11.0,11.0,11.0,11.0
Luka Modrić,MF,Croatia,40.7529,1.0160267365779645,87.0,87.0,32000000.0,190000.0,73.0,76.0,89.0,88.0,72.0,66.0,86.0,72.0,55.0,85.0,78.0,90.0,76.0,70.0,91.0,88.0,92.0,79.0,67.0,83.0,58.0,82.0,62.0,80.0,78.0,90.0,92.0,70.0,75.0,71.0,13.0,9.0,7.0,14.0,9.0
Nikola Moro,MF,Croatia,28.2491,-0.5780201730507069,66.0,71.0,1200000.0,4000.0,65.0,52.0,65.0,67.0,63.0,69.0,62.0,40.0,57.0,68.0,45.0,70.0,59.0,69.0,62.0,63.0,54.0,67.0,62.0,69.0,71.0,66.0,66.0,65.0,47.0,62.0,67.0,66.0,63.0,58.0,7.0,5.0,13.0,13.0,15.0
Petar Musa,FW,Croatia,28.271,0.0223399050776721,71.0,78.0,3800000.0,650.0,72.0,72.0,58.0,69.0,35.0,72.0,51.0,74.0,70.0,72.0,62.0,71.0,75.0,70.0,59.0,70.0,51.0,73.0,65.0,68.0,76.0,67.0,67.0,31.0,69.0,62.0,69.0,29.0,32.0,31.0,15.0,11.0,10.0,10.0,6.0
Ivor Pandur,GK,Croatia,26.2136,-2.92657915581144,72.0,79.0,4100000.0,9000.0,74.0,61.0,64.0,70.0,60.0,71.0,14.0,6.0,11.0,10.0,10.0,16.0,37.0,41.0,37.0,72.0,31.0,47.0,50.0,28.0,44.0,7.0,21.0,6.0,7.0,37.0,48.0,9.0,10.0,14.0,71.0,69.0,62.0,69.0,77.0
Marco Pašalić,MF,Croatia,25.7392,1.021559817191276,64.0,73.0,1300000.0,950.0,75.0,59.0,59.0,64.0,32.0,57.0,60.0,58.0,41.0,63.0,60.0,60.0,78.0,73.0,77.0,59.0,82.0,62.0,57.0,70.0,57.0,64.0,42.0,32.0,60.0,62.0,62.0,31.0,30.0,34.0,9.0,8.0,13.0,14.0,9.0
Mario Pašalić,"FW,MF",Croatia,31.334,0.6348996167035093,78.0,81.0,18000000.0,48000.0,64.0,75.0,75.0,77.0,67.0,76.0,68.0,74.0,65.0,78.0,59.0,81.0,63.0,65.0,72.0,76.0,54.0,78.0,70.0,78.0,75.0,75.0,76.0,72.0,81.0,77.0,74.0,61.0,72.0,64.0,11.0,13.0,13.0,13.0,14.0
Ivan Perišić,"FW,MF",Croatia,37.3532,2.075693953868516,81.0,81.0,20500000.0,105000.0,81.0,79.0,76.0,79.0,64.0,74.0,80.0,78.0,80.0,78.0,75.0,80.0,82.0,81.0,81.0,79.0,78.0,84.0,85.0,75.0,76.0,77.0,65.0,69.0,83.0,74.0,80.0,64.0,58.0,54.0,6.0,7.0,10.0,9.0,6.0
Marin Pongračić,DF,Croatia,28.7474,0.337481351644413,75.0,81.0,8000000.0,38000.0,72.0,26.0,51.0,63.0,74.0,78.0,27.0,21.0,76.0,63.0,25.0,65.0,64.0,78.0,63.0,70.0,50.0,40.0,77.0,55.0,90.0,22.0,77.0,71.0,28.0,54.0,65.0,72.0,77.0,79.0,6.0,6.0,14.0,8.0,5.0
Josip Stanišić,DF,Croatia,26.1916,0.9510713832032291,64.0,75.0,1300000.0,9000.0,65.0,28.0,49.0,58.0,64.0,60.0,57.0,25.0,65.0,57.0,23.0,59.0,67.0,64.0,64.0,58.0,59.0,36.0,54.0,59.0,63.0,24.0,57.0,63.0,38.0,38.0,48.0,63.0,66.0,63.0,11.0,6.0,10.0,9.0,12.0
Luka Sučić,"FW,MF",Croatia,23.7556,1.3159129607264577,69.0,83.0,3200000.0,5000.0,75.0,65.0,69.0,71.0,50.0,62.0,65.0,62.0,47.0,74.0,72.0,72.0,74.0,76.0,69.0,61.0,61.0,72.0,60.0,69.0,62.0,67.0,54.0,56.0,61.0,65.0,70.0,47.0,52.0,44.0,15.0,12.0,10.0,11.0,7.0
Petar Sučić,MF,Croatia,22.627,-0.3951449219726798,73.0,79.0,4350000.0,14000.0,74.0,61.0,64.0,70.0,60.0,71.0,60.0,57.0,60.0,68.0,46.0,69.0,73.0,73.0,70.0,69.0,68.0,66.0,69.0,72.0,70.0,59.0,65.0,57.0,62.0,63.0,67.0,56.0,58.0,54.0,10.0,11.0,11.0,11.0,11.0
Josip Šutalo,DF,Croatia,26.282,-1.0488816411666655,67.0,79.0,2400000.0,500.0,66.0,27.0,46.0,57.0,67.0,73.0,43.0,22.0,70.0,51.0,22.0,65.0,69.0,64.0,57.0,65.0,43.0,38.0,70.0,69.0,77.0,23.0,69.0,66.0,28.0,29.0,63.0,67.0,65.0,67.0,8.0,15.0,7.0,11.0,14.0
Nikola Vlašić,"FW,MF",Croatia,28.6845,1.312094323344284,80.0,86.0,33500000.0,66000.0,83.0,77.0,78.0,82.0,48.0,71.0,71.0,76.0,65.0,85.0,72.0,80.0,82.0,83.0,78.0,78.0,88.0,80.0,55.0,80.0,69.0,81.0,68.0,26.0,77.0,82.0,77.0,54.0,55.0,37.0,6.0,14.0,15.0,9.0,14.0
Luka Vušković,DF,Croatia,19.293,-0.6805625722602192,72.0,85.0,5000000.0,500.0,65.0,29.0,40.0,46.0,72.0,73.0,25.0,25.0,69.0,32.0,22.0,63.0,62.0,67.0,48.0,65.0,47.0,41.0,76.0,60.0,77.0,27.0,78.0,76.0,20.0,27.0,52.0,68.0,74.0,72.0,12.0,5.0,13.0,10.0,6.0
Jeremy Antonisse,"FW,MF",Curaçao,24.2026,1.326184696867729,73.0,79.0,4350000.0,14000.0,74.0,61.0,64.0,70.0,60.0,71.0,60.0,57.0,60.0,68.0,46.0,69.0,73.0,73.0,70.0,69.0,68.0,66.0,69.0,72.0,70.0,59.0,65.0,57.0,62.0,63.0,67.0,56.0,58.0,54.0,10.0,11.0,11.0,11.0,11.0
Juninho Bacuna,"FW,MF",Curaçao,28.8433,1.2549159582215312,73.0,79.0,4350000.0,14000.0,74.0,61.0,64.0,70.0,60.0,71.0,60.0,57.0,60.0,68.0,46.0,69.0,73.0,73.0,70.0,69.0,68.0,66.0,69.0,72.0,70.0,59.0,65.0,57.0,62.0,63.0,67.0,56.0,58.0,54.0,10.0,11.0,11.0,11.0,11.0
Leandro Bacuna,"DF,MF",Curaçao,34.8049,0.9788659943386646,73.0,79.0,4350000.0,14000.0,74.0,61.0,64.0,70.0,60.0,71.0,60.0,57.0,60.0,68.0,46.0,69.0,73.0,73.0,70.0,69.0,68.0,66.0,69.0,72.0,70.0,59.0,65.0,57.0,62.0,63.0,67.0,56.0,58.0,54.0,10.0,11.0,11.0,11.0,11.0
Riechedly Bazoer,"DF,MF",Curaçao,29.6626,-0.0633653646209531,73.0,79.0,4350000.0,14000.0,74.0,61.0,64.0,70.0,60.0,71.0,60.0,57.0,60.0,68.0,46.0,69.0,73.0,73.0,70.0,69.0,68.0,66.0,69.0,72.0,70.0,59.0,65.0,57.0,62.0,63.0,67.0,56.0,58.0,54.0,10.0,11.0,11.0,11.0,11.0
Tyrick Bodak,GK,Curaçao,24.0739,-2.92657915581144,73.0,79.0,4350000.0,14000.0,74.0,61.0,64.0,70.0,60.0,71.0,60.0,57.0,60.0,68.0,46.0,69.0,73.0,73.0,70.0,69.0,68.0,66.0,69.0,72.0,70.0,59.0,65.0,57.0,62.0,63.0,67.0,56.0,58.0,54.0,10.0,11.0,11.0,11.0,11.0
Joshua Brenet,DF,Curaçao,32.2272,3.005562681063088,73.0,79.0,4350000.0,14000.0,74.0,61.0,64.0,70.0,60.0,71.0,60.0,57.0,60.0,68.0,46.0,69.0,73.0,73.0,70.0,69.0,68.0,66.0,69.0,72.0,70.0,59.0,65.0,57.0,62.0,63.0,67.0,56.0,58.0,54.0,10.0,11.0,11.0,11.0,11.0
Tahith Chong,"FW,MF",Curaçao,26.5175,1.5415952409412967,73.0,79.0,4350000.0,14000.0,74.0,61.0,64.0,70.0,60.0,71.0,60.0,57.0,60.0,68.0,46.0,69.0,73.0,73.0,70.0,69.0,68.0,66.0,69.0,72.0,70.0,59.0,65.0,57.0,62.0,63.0,67.0,56.0,58.0,54.0,10.0,11.0,11.0,11.0,11.0
Livano Comenencia,DF,Curaçao,22.3504,1.8085280603799028,73.0,79.0,4350000.0,14000.0,74.0,61.0,64.0,70.0,60.0,71.0,60.0,57.0,60.0,68.0,46.0,69.0,73.0,73.0,70.0,69.0,68.0,66.0,69.0,72.0,70.0,59.0,65.0,57.0,62.0,63.0,67.0,56.0,58.0,54.0,10.0,11.0,11.0,11.0,11.0
Trevor Doornbusch,GK,Curaçao,26.9309,0.6009569963196322,73.0,79.0,4350000.0,14000.0,74.0,61.0,64.0,70.0,60.0,71.0,60.0,57.0,60.0,68.0,46.0,69.0,73.0,73.0,70.0,69.0,68.0,66.0,69.0,72.0,70.0,59.0,65.0,57.0,62.0,63.0,67.0,56.0,58.0,54.0,10.0,11.0,11.0,11.0,11.0
Roshon van Eijma,DF,Curaçao,28.0055,0.7688415620846143,73.0,79.0,4350000.0,14000.0,74.0,61.0,64.0,70.0,60.0,71.0,60.0,57.0,60.0,68.0,46.0,69.0,73.0,73.0,70.0,69.0,68.0,66.0,69.0,72.0,70.0,59.0,65.0,57.0,62.0,63.0,67.0,56.0,58.0,54.0,10.0,11.0,11.0,11.0,11.0
Kevin Felida,MF,Curaçao,26.5804,4.597383583143648,73.0,79.0,4350000.0,14000.0,74.0,61.0,64.0,70.0,60.0,71.0,60.0,57.0,60.0,68.0,46.0,69.0,73.0,73.0,70.0,69.0,68.0,66.0,69.0,72.0,70.0,59.0,65.0,57.0,62.0,63.0,67.0,56.0,58.0,54.0,10.0,11.0,11.0,11.0,11.0
Sherel Floranus,DF,Curaçao,27.7995,-2.242716198876219,73.0,79.0,4350000.0,14000.0,74.0,61.0,64.0,70.0,60.0,71.0,60.0,57.0,60.0,68.0,46.0,69.0,73.0,73.0,70.0,69.0,68.0,66.0,69.0,72.0,70.0,59.0,65.0,57.0,62.0,63.0,67.0,56.0,58.0,54.0,10.0,11.0,11.0,11.0,11.0
Deveron Fonville,DF,Curaçao,23.0712,-0.7642004317559499,73.0,79.0,4350000.0,14000.0,74.0,61.0,64.0,70.0,60.0,71.0,60.0,57.0,60.0,68.0,46.0,69.0,73.0,73.0,70.0,69.0,68.0,66.0,69.0,72.0,70.0,59.0,65.0,57.0,62.0,63.0,67.0,56.0,58.0,54.0,10.0,11.0,11.0,11.0,11.0
Juriën Gaari,DF,Curaçao,32.4654,-2.0937232760449387,73.0,79.0,4350000.0,14000.0,74.0,61.0,64.0,70.0,60.0,71.0,60.0,57.0,60.0,68.0,46.0,69.0,73.0,73.0,70.0,69.0,68.0,66.0,69.0,72.0,70.0,59.0,65.0,57.0,62.0,63.0,67.0,56.0,58.0,54.0,10.0,11.0,11.0,11.0,11.0
Kenji Gorré,"FW,MF",Curaçao,31.6982,1.7335041511094127,73.0,79.0,4350000.0,14000.0,74.0,61.0,64.0,70.0,60.0,71.0,60.0,57.0,60.0,68.0,46.0,69.0,73.0,73.0,70.0,69.0,68.0,66.0,69.0,72.0,70.0,59.0,65.0,57.0,62.0,63.0,67.0,56.0,58.0,54.0,10.0,11.0,11.0,11.0,11.0
Sontje Hansen,"FW,MF",Curaçao,24.0657,4.092210107790456,73.0,79.0,4350000.0,14000.0,74.0,61.0,64.0,70.0,60.0,71.0,60.0,57.0,60.0,68.0,46.0,69.0,73.0,73.0,70.0,69.0,68.0,66.0,69.0,72.0,70.0,59.0,65.0,57.0,62.0,63.0,67.0,56.0,58.0,54.0,10.0,11.0,11.0,11.0,11.0
Gervane Kastaneer,"FW,MF",Curaçao,30.0055,1.1208208478539992,73.0,79.0,4350000.0,14000.0,74.0,61.0,64.0,70.0,60.0,71.0,60.0,57.0,60.0,68.0,46.0,69.0,73.0,73.0,70.0,69.0,68.0,66.0,69.0,72.0,70.0,59.0,65.0,57.0,62.0,63.0,67.0,56.0,58.0,54.0,10.0,11.0,11.0,11.0,11.0
Brandley Kuwas,"FW,MF",Curaçao,33.7255,0.8177800353589437,73.0,79.0,4350000.0,14000.0,74.0,61.0,64.0,70.0,60.0,71.0,60.0,57.0,60.0,68.0,46.0,69.0,73.0,73.0,70.0,69.0,68.0,66.0,69.0,72.0,70.0,59.0,65.0,57.0,62.0,63.0,67.0,56.0,58.0,54.0,10.0,11.0,11.0,11.0,11.0
Jürgen Locadia,FW,Curaçao,32.5914,-0.8523104669083452,73.0,79.0,4350000.0,14000.0,74.0,61.0,64.0,70.0,60.0,71.0,60.0,57.0,60.0,68.0,46.0,69.0,73.0,73.0,70.0,69.0,68.0,66.0,69.0,72.0,70.0,59.0,65.0,57.0,62.0,63.0,67.0,56.0,58.0,54.0,10.0,11.0,11.0,11.0,11.0
Jearl Margaritha,"FW,MF",Curaçao,26.1697,0.9103405415128004,73.0,79.0,4350000.0,14000.0,74.0,61.0,64.0,70.0,60.0,71.0,60.0,57.0,60.0,68.0,46.0,69.0,73.0,73.0,70.0,69.0,68.0,66.0,69.0,72.0,70.0,59.0,65.0,57.0,62.0,63.0,67.0,56.0,58.0,54.0,10.0,11.0,11.0,11.0,11.0
Ar'jany Martha,"DF,FW",Curaçao,22.7666,1.823849637237965,73.0,79.0,4350000.0,14000.0,74.0,61.0,64.0,70.0,60.0,71.0,60.0,57.0,60.0,68.0,46.0,69.0,73.0,73.0,70.0,69.0,68.0,66.0,69.0,72.0,70.0,59.0,65.0,57.0,62.0,63.0,67.0,56.0,58.0,54.0,10.0,11.0,11.0,11.0,11.0
Tyrese Noslin,MF,Curaçao,23.7474,2.404390776811253,73.0,79.0,4350000.0,14000.0,74.0,61.0,64.0,70.0,60.0,71.0,60.0,57.0,60.0,68.0,46.0,69.0,73.0,73.0,70.0,69.0,68.0,66.0,69.0,72.0,70.0,59.0,65.0,57.0,62.0,63.0,67.0,56.0,58.0,54.0,10.0,11.0,11.0,11.0,11.0
Armando Obispo,DF,Curaçao,27.2683,-0.2972853262715631,73.0,79.0,4350000.0,14000.0,74.0,61.0,64.0,70.0,60.0,71.0,60.0,57.0,60.0,68.0,46.0,69.0,73.0,73.0,70.0,69.0,68.0,66.0,69.0,72.0,70.0,59.0,65.0,57.0,62.0,63.0,67.0,56.0,58.0,54.0,10.0,11.0,11.0,11.0,11.0
Godfried Roemeratoe,MF,Curaçao,26.8104,-1.3631035184495124,73.0,79.0,4350000.0,14000.0,74.0,61.0,64.0,70.0,60.0,71.0,60.0,57.0,60.0,68.0,46.0,69.0,73.0,73.0,70.0,69.0,68.0,66.0,69.0,72.0,70.0,59.0,65.0,57.0,62.0,63.0,67.0,56.0,58.0,54.0,10.0,11.0,11.0,11.0,11.0
Eloy Room,GK,Curaçao,37.3422,0.2128391410776657,73.0,79.0,4350000.0,14000.0,74.0,61.0,64.0,70.0,60.0,71.0,60.0,57.0,60.0,68.0,46.0,69.0,73.0,73.0,70.0,69.0,68.0,66.0,69.0,72.0,70.0,59.0,65.0,57.0,62.0,63.0,67.0,56.0,58.0,54.0,10.0,11.0,11.0,11.0,11.0
Shurandy Sambo,DF,Curaçao,24.8104,-0.3482482937484739,73.0,79.0,4350000.0,14000.0,74.0,61.0,64.0,70.0,60.0,71.0,60.0,57.0,60.0,68.0,46.0,69.0,73.0,73.0,70.0,69.0,68.0,66.0,69.0,72.0,70.0,59.0,65.0,57.0,62.0,63.0,67.0,56.0,58.0,54.0,10.0,11.0,11.0,11.0,11.0
Lukáš Červ,MF,Czechia,25.1697,1.5754396506345267,73.0,79.0,4350000.0,14000.0,74.0,61.0,64.0,70.0,60.0,71.0,60.0,57.0,60.0,68.0,46.0,69.0,73.0,73.0,70.0,69.0,68.0,66.0,69.0,72.0,70.0,59.0,65.0,57.0,62.0,63.0,67.0,56.0,58.0,54.0,10.0,11.0,11.0,11.0,11.0
Štěpán Chaloupek,DF,Czechia,23.2601,-1.0419206218151242,73.0,79.0,4350000.0,14000.0,74.0,61.0,64.0,70.0,60.0,71.0,60.0,57.0,60.0,68.0,46.0,69.0,73.0,73.0,70.0,69.0,68.0,66.0,69.0,72.0,70.0,59.0,65.0,57.0,62.0,63.0,67.0,56.0,58.0,54.0,10.0,11.0,11.0,11.0,11.0
Tomáš Chorý,FW,Czechia,31.3723,1.1374113180898058,73.0,79.0,4350000.0,14000.0,74.0,61.0,64.0,70.0,60.0,71.0,60.0,57.0,60.0,68.0,46.0,69.0,73.0,73.0,70.0,69.0,68.0,66.0,69.0,72.0,70.0,59.0,65.0,57.0,62.0,63.0,67.0,56.0,58.0,54.0,10.0,11.0,11.0,11.0,11.0
Mojmír Chytil,FW,Czechia,27.1177,-0.4865836010585347,73.0,79.0,4350000.0,14000.0,74.0,61.0,64.0,70.0,60.0,71.0,60.0,57.0,60.0,68.0,46.0,69.0,73.0,73.0,70.0,69.0,68.0,66.0,69.0,72.0,70.0,59.0,65.0,57.0,62.0,63.0,67.0,56.0,58.0,54.0,10.0,11.0,11.0,11.0,11.0
Vladimír Coufal,MF,Czechia,33.8022,-0.9265744528972698,73.0,79.0,4350000.0,14000.0,74.0,61.0,64.0,70.0,60.0,71.0,60.0,57.0,60.0,68.0,46.0,69.0,73.0,73.0,70.0,69.0,68.0,66.0,69.0,72.0,70.0,59.0,65.0,57.0,62.0,63.0,67.0,56.0,58.0,54.0,10.0,11.0,11.0,11.0,11.0
Vladimír Darida,MF,Czechia,35.8405,-0.2076140741497388,73.0,79.0,4350000.0,14000.0,74.0,61.0,64.0,70.0,60.0,71.0,60.0,57.0,60.0,68.0,46.0,69.0,73.0,73.0,70.0,69.0,68.0,66.0,69.0,72.0,70.0,59.0,65.0,57.0,62.0,63.0,67.0,56.0,58.0,54.0,10.0,11.0,11.0,11.0,11.0
David Doudera,"DF,MF",Czechia,28.0301,5.252960282829617,73.0,79.0,4350000.0,14000.0,74.0,61.0,64.0,70.0,60.0,71.0,60.0,57.0,60.0,68.0,46.0,69.0,73.0,73.0,70.0,69.0,68.0,66.0,69.0,72.0,70.0,59.0,65.0,57.0,62.0,63.0,67.0,56.0,58.0,54.0,10.0,11.0,11.0,11.0,11.0
Adam Hložek,"FW,MF",Czechia,23.8789,2.2050384867985287,73.0,79.0,4350000.0,14000.0,74.0,61.0,64.0,70.0,60.0,71.0,60.0,57.0,60.0,68.0,46.0,69.0,73.0,73.0,70.0,69.0,68.0,66.0,69.0,72.0,70.0,59.0,65.0,57.0,62.0,63.0,67.0,56.0,58.0,54.0,10.0,11.0,11.0,11.0,11.0
Tomáš Holeš,"DF,MF",Czechia,33.1971,-0.448966388327344,73.0,79.0,4350000.0,14000.0,74.0,61.0,64.0,70.0,60.0,71.0,60.0,57.0,60.0,68.0,46.0,69.0,73.0,73.0,70.0,69.0,68.0,66.0,69.0,72.0,70.0,59.0,65.0,57.0,62.0,63.0,67.0,56.0,58.0,54.0,10.0,11.0,11.0,11.0,11.0
Lukáš Horníček,GK,Czechia,23.9117,0.4700699178751695,73.0,79.0,4350000.0,14000.0,74.0,61.0,64.0,70.0,60.0,71.0,60.0,57.0,60.0,68.0,46.0,69.0,73.0,73.0,70.0,69.0,68.0,66.0,69.0,72.0,70.0,59.0,65.0,57.0,62.0,63.0,67.0,56.0,58.0,54.0,10.0,11.0,11.0,11.0,11.0
Robin Hranáč,DF,Czechia,26.3641,-1.0803226261554495,73.0,79.0,4350000.0,14000.0,74.0,61.0,64.0,70.0,60.0,71.0,60.0,57.0,60.0,68.0,46.0,69.0,73.0,73.0,70.0,69.0,68.0,66.0,69.0,72.0,70.0,59.0,65.0,57.0,62.0,63.0,67.0,56.0,58.0,54.0,10.0,11.0,11.0,11.0,11.0
David Jurásek,"DF,MF",Czechia,25.8433,0.2319482434753166,73.0,79.0,4350000.0,14000.0,74.0,61.0,64.0,70.0,60.0,71.0,60.0,57.0,60.0,68.0,46.0,69.0,73.0,73.0,70.0,69.0,68.0,66.0,69.0,72.0,70.0,59.0,65.0,57.0,62.0,63.0,67.0,56.0,58.0,54.0,10.0,11.0,11.0,11.0,11.0
Matej Kovar,GK,Czechia,26.0684,-1.0509361384573692,73.0,79.0,4350000.0,14000.0,74.0,61.0,64.0,70.0,60.0,71.0,60.0,57.0,60.0,68.0,46.0,69.0,73.0,73.0,70.0,69.0,68.0,66.0,69.0,72.0,70.0,59.0,65.0,57.0,62.0,63.0,67.0,56.0,58.0,54.0,10.0,11.0,11.0,11.0,11.0
Ladislav Krejčí,DF,Czechia,27.1424,-1.1782915160200484,73.0,79.0,4350000.0,14000.0,74.0,61.0,64.0,70.0,60.0,71.0,60.0,57.0,60.0,68.0,46.0,69.0,73.0,73.0,70.0,69.0,68.0,66.0,69.0,72.0,70.0,59.0,65.0,57.0,62.0,63.0,67.0,56.0,58.0,54.0,10.0,11.0,11.0,11.0,11.0
Jan Kuchta,FW,Czechia,29.4216,7.351169114794542,73.0,79.0,4350000.0,14000.0,74.0,61.0,64.0,70.0,60.0,71.0,60.0,57.0,60.0,68.0,46.0,69.0,73.0,73.0,70.0,69.0,68.0,66.0,69.0,72.0,70.0,59.0,65.0,57.0,62.0,63.0,67.0,56.0,58.0,54.0,10.0,11.0,11.0,11.0,11.0
Lukáš Provod,FW,Czechia,29.6324,-0.4319356870155414,73.0,79.0,4350000.0,14000.0,74.0,61.0,64.0,70.0,60.0,71.0,60.0,57.0,60.0,68.0,46.0,69.0,73.0,73.0,70.0,69.0,68.0,66.0,69.0,72.0,70.0,59.0,65.0,57.0,62.0,63.0,67.0,56.0,58.0,54.0,10.0,11.0,11.0,11.0,11.0
Michal Sadílek,"DF,FW",Czechia,27.0301,-2.042575135708481,73.0,79.0,4350000.0,14000.0,74.0,61.0,64.0,70.0,60.0,71.0,60.0,57.0,60.0,68.0,46.0,69.0,73.0,73.0,70.0,69.0,68.0,66.0,69.0,72.0,70.0,59.0,65.0,57.0,62.0,63.0,67.0,56.0,58.0,54.0,10.0,11.0,11.0,11.0,11.0
Patrik Schick,FW,Czechia,30.3778,1.229158910187588,73.0,79.0,4350000.0,14000.0,74.0,61.0,64.0,70.0,60.0,71.0,60.0,57.0,60.0,68.0,46.0,69.0,73.0,73.0,70.0,69.0,68.0,66.0,69.0,72.0,70.0,59.0,65.0,57.0,62.0,63.0,67.0,56.0,58.0,54.0,10.0,11.0,11.0,11.0,11.0
Hugo Sochůrek,MF,Czechia,18.011,-0.9855530454314289,73.0,79.0,4350000.0,14000.0,74.0,61.0,64.0,70.0,60.0,71.0,60.0,57.0,60.0,68.0,46.0,69.0,73.0,73.0,70.0,69.0,68.0,66.0,69.0,72.0,70.0,59.0,65.0,57.0,62.0,63.0,67.0,56.0,58.0,54.0,10.0,11.0,11.0,11.0,11.0
Alexandr Sojka,MF,Czechia,23.1916,-0.5402419267344479,73.0,79.0,4350000.0,14000.0,74.0,61.0,64.0,70.0,60.0,71.0,60.0,57.0,60.0,68.0,46.0,69.0,73.0,73.0,70.0,69.0,68.0,66.0,69.0,72.0,70.0,59.0,65.0,57.0,62.0,63.0,67.0,56.0,58.0,54.0,10.0,11.0,11.0,11.0,11.0
Tomáš Souček,MF,Czechia,31.2847,-0.5998468519575468,73.0,79.0,4350000.0,14000.0,74.0,61.0,64.0,70.0,60.0,71.0,60.0,57.0,60.0,68.0,46.0,69.0,73.0,73.0,70.0,69.0,68.0,66.0,69.0,72.0,70.0,59.0,65.0,57.0,62.0,63.0,67.0,56.0,58.0,54.0,10.0,11.0,11.0,11.0,11.0
Jindřich Staněk,GK,Czechia,30.1232,1.33075161552512,73.0,79.0,4350000.0,14000.0,74.0,61.0,64.0,70.0,60.0,71.0,60.0,57.0,60.0,68.0,46.0,69.0,73.0,73.0,70.0,69.0,68.0,66.0,69.0,72.0,70.0,59.0,65.0,57.0,62.0,63.0,67.0,56.0,58.0,54.0,10.0,11.0,11.0,11.0,11.0
Pavel Šulc,FW,Czechia,25.449,0.3622323300573952,73.0,79.0,4350000.0,14000.0,74.0,61.0,64.0,70.0,60.0,71.0,60.0,57.0,60.0,68.0,46.0,69.0,73.0,73.0,70.0,69.0,68.0,66.0,69.0,72.0,70.0,59.0,65.0,57.0,62.0,63.0,67.0,56.0,58.0,54.0,10.0,11.0,11.0,11.0,11.0
Denis Višinský,"FW,MF",Czechia,23.2245,2.8697338365946363,73.0,79.0,4350000.0,14000.0,74.0,61.0,64.0,70.0,60.0,71.0,60.0,57.0,60.0,68.0,46.0,69.0,73.0,73.0,70.0,69.0,68.0,66.0,69.0,72.0,70.0,59.0,65.0,57.0,62.0,63.0,67.0,56.0,58.0,54.0,10.0,11.0,11.0,11.0,11.0
Jaroslav Zelený,MF,Czechia,33.8077,-0.2867037664549693,73.0,79.0,4350000.0,14000.0,74.0,61.0,64.0,70.0,60.0,71.0,60.0,57.0,60.0,68.0,46.0,69.0,73.0,73.0,70.0,69.0,68.0,66.0,69.0,72.0,70.0,59.0,65.0,57.0,62.0,63.0,67.0,56.0,58.0,54.0,10.0,11.0,11.0,11.0,11.0
David Zima,DF,Czechia,25.5886,2.281335548874297,73.0,79.0,4350000.0,14000.0,74.0,61.0,64.0,70.0,60.0,71.0,60.0,57.0,60.0,68.0,46.0,69.0,73.0,73.0,70.0,69.0,68.0,66.0,69.0,72.0,70.0,59.0,65.0,57.0,62.0,63.0,67.0,56.0,58.0,54.0,10.0,11.0,11.0,11.0,11.0
Simon Adingra,"FW,MF",Côte d'Ivoire,24.4408,1.6676999617328794,57.0,69.0,400000.0,1000.0,83.0,49.0,47.0,60.0,25.0,40.0,48.0,51.0,22.0,59.0,35.0,56.0,84.0,82.0,76.0,48.0,71.0,52.0,54.0,33.0,42.0,44.0,42.0,24.0,55.0,48.0,52.0,24.0,26.0,26.0,8.0,13.0,6.0,14.0,10.0
Emmanuel Agbadou,DF,Côte d'Ivoire,28.9829,1.572443052113388,68.0,75.0,2200000.0,4000.0,65.0,30.0,50.0,57.0,66.0,79.0,36.0,21.0,66.0,58.0,25.0,58.0,58.0,70.0,53.0,59.0,43.0,53.0,62.0,68.0,86.0,23.0,78.0,64.0,55.0,51.0,67.0,68.0,67.0,63.0,9.0,7.0,12.0,9.0,14.0
Clément Akpa,DF,Côte d'Ivoire,24.5448,0.7014359656305325,73.0,79.0,4350000.0,14000.0,74.0,61.0,64.0,70.0,60.0,71.0,60.0,57.0,60.0,68.0,46.0,69.0,73.0,73.0,70.0,69.0,68.0,66.0,69.0,72.0,70.0,59.0,65.0,57.0,62.0,63.0,67.0,56.0,58.0,54.0,10.0,11.0,11.0,11.0,11.0
Ange-Yoan Bonny,FW,Côte d'Ivoire,22.627,1.6282222483534436,73.0,79.0,4350000.0,14000.0,74.0,61.0,64.0,70.0,60.0,71.0,60.0,57.0,60.0,68.0,46.0,69.0,73.0,73.0,70.0,69.0,68.0,66.0,69.0,72.0,70.0,59.0,65.0,57.0,62.0,63.0,67.0,56.0,58.0,54.0,10.0,11.0,11.0,11.0,11.0
Oumar Diakité,FW,Côte d'Ivoire,22.4736,0.5272707152463013,73.0,79.0,4350000.0,14000.0,74.0,61.0,64.0,70.0,60.0,71.0,60.0,57.0,60.0,68.0,46.0,69.0,73.0,73.0,70.0,69.0,68.0,66.0,69.0,72.0,70.0,59.0,65.0,57.0,62.0,63.0,67.0,56.0,58.0,54.0,10.0,11.0,11.0,11.0,11.0
Amad Diallo,"FW,MF",Côte d'Ivoire,23.9172,2.659892814344113,68.0,85.0,3100000.0,12000.0,81.0,63.0,57.0,74.0,25.0,43.0,54.0,67.0,48.0,74.0,60.0,72.0,83.0,79.0,84.0,64.0,82.0,60.0,58.0,57.0,35.0,59.0,40.0,22.0,74.0,57.0,64.0,19.0,25.0,22.0,13.0,15.0,8.0,11.0,6.0
Ousmane Diomande,DF,Côte d'Ivoire,22.5175,0.8138137602545661,66.0,66.0,725000.0,5000.0,67.0,36.0,59.0,59.0,62.0,77.0,56.0,28.0,55.0,54.0,33.0,60.0,65.0,68.0,66.0,62.0,69.0,56.0,84.0,83.0,75.0,29.0,75.0,66.0,50.0,60.0,65.0,60.0,65.0,62.0,12.0,14.0,13.0,11.0,12.0
Yan Diomandé,FW,Côte d'Ivoire,19.5722,2.226277329630028,72.0,81.0,4800000.0,25000.0,63.0,46.0,60.0,60.0,71.0,74.0,49.0,39.0,75.0,57.0,53.0,64.0,58.0,67.0,51.0,69.0,58.0,68.0,91.0,67.0,78.0,47.0,70.0,73.0,39.0,56.0,72.0,72.0,70.0,65.0,13.0,7.0,12.0,10.0,8.0
Guéla Doué,DF,Côte d'Ivoire,23.6489,1.9719372589190631,73.0,79.0,4350000.0,14000.0,74.0,61.0,64.0,70.0,60.0,71.0,60.0,57.0,60.0,68.0,46.0,69.0,73.0,73.0,70.0,69.0,68.0,66.0,69.0,72.0,70.0,59.0,65.0,57.0,62.0,63.0,67.0,56.0,58.0,54.0,10.0,11.0,11.0,11.0,11.0
Seko Fofana,MF,Côte d'Ivoire,31.0958,1.0277544634386238,78.0,80.0,17500000.0,32000.0,76.0,71.0,72.0,78.0,72.0,79.0,62.0,68.0,58.0,78.0,42.0,80.0,74.0,77.0,74.0,80.0,69.0,77.0,63.0,80.0,81.0,79.0,76.0,78.0,77.0,74.0,78.0,68.0,78.0,70.0,9.0,8.0,9.0,11.0,10.0
Yahia Fofana,GK,Côte d'Ivoire,25.8049,-0.1857343229875577,62.0,69.0,800000.0,850.0,84.0,47.0,55.0,63.0,53.0,54.0,58.0,48.0,47.0,60.0,32.0,61.0,85.0,83.0,81.0,55.0,79.0,50.0,59.0,63.0,48.0,43.0,56.0,54.0,57.0,55.0,53.0,56.0,52.0,47.0,7.0,7.0,11.0,6.0,8.0
Evann Guessand,"FW,MF",Côte d'Ivoire,24.9446,1.9086360232628463,58.0,74.0,525000.0,2000.0,70.0,53.0,61.0,61.0,38.0,57.0,54.0,53.0,47.0,62.0,53.0,62.0,69.0,70.0,62.0,53.0,60.0,62.0,52.0,60.0,62.0,47.0,44.0,30.0,53.0,63.0,62.0,36.0,40.0,43.0,14.0,5.0,13.0,9.0,6.0
Parfait Guiagon,MF,Côte d'Ivoire,25.2984,2.478372199439045,73.0,79.0,4350000.0,14000.0,74.0,61.0,64.0,70.0,60.0,71.0,60.0,57.0,60.0,68.0,46.0,69.0,73.0,73.0,70.0,69.0,68.0,66.0,69.0,72.0,70.0,59.0,65.0,57.0,62.0,63.0,67.0,56.0,58.0,54.0,10.0,11.0,11.0,11.0,11.0
Christ Inao Oulaï,MF,Côte d'Ivoire,20.1807,0.795304476434137,73.0,79.0,4350000.0,14000.0,74.0,61.0,64.0,70.0,60.0,71.0,60.0,57.0,60.0,68.0,46.0,69.0,73.0,73.0,70.0,69.0,68.0,66.0,69.0,72.0,70.0,59.0,65.0,57.0,62.0,63.0,67.0,56.0,58.0,54.0,10.0,11.0,11.0,11.0,11.0
Franck Kessié,"DF,MF",Côte d'Ivoire,29.4764,-0.7239089773867607,84.0,86.0,49500000.0,51000.0,78.0,74.0,74.0,80.0,82.0,87.0,66.0,67.0,68.0,78.0,48.0,84.0,76.0,79.0,72.0,81.0,79.0,84.0,72.0,94.0,86.0,78.0,84.0,84.0,74.0,76.0,84.0,85.0,84.0,78.0,9.0,11.0,12.0,12.0,10.0
Ghislain Konan,"DF,MF",Côte d'Ivoire,30.4545,-0.3839002648779301,75.0,78.0,7000000.0,21000.0,79.0,48.0,68.0,75.0,70.0,71.0,72.0,43.0,60.0,75.0,32.0,75.0,82.0,76.0,75.0,73.0,74.0,57.0,70.0,82.0,67.0,46.0,68.0,72.0,67.0,68.0,74.0,67.0,74.0,69.0,8.0,5.0,5.0,11.0,8.0
Mohamed Koné,GK,Côte d'Ivoire,24.2628,-2.92657915581144,65.0,65.0,725000.0,4000.0,76.0,64.0,58.0,69.0,30.0,65.0,60.0,64.0,56.0,69.0,56.0,68.0,77.0,76.0,76.0,63.0,74.0,68.0,78.0,65.0,64.0,63.0,66.0,26.0,65.0,57.0,63.0,31.0,30.0,12.0,10.0,11.0,13.0,10.0,11.0
Odilon Kossounou,DF,Côte d'Ivoire,25.4326,-0.4831439501688069,73.0,84.0,6000000.0,23000.0,75.0,32.0,58.0,65.0,73.0,78.0,58.0,26.0,74.0,65.0,23.0,68.0,66.0,83.0,63.0,65.0,56.0,52.0,74.0,76.0,80.0,24.0,74.0,71.0,35.0,55.0,62.0,72.0,74.0,72.0,5.0,8.0,6.0,10.0,6.0
Alban Lafont,GK,Côte d'Ivoire,27.3806,1.5819490388023714,73.0,79.0,4350000.0,14000.0,74.0,61.0,64.0,70.0,60.0,71.0,60.0,57.0,60.0,68.0,46.0,69.0,73.0,73.0,70.0,69.0,68.0,66.0,69.0,72.0,70.0,59.0,65.0,57.0,62.0,63.0,67.0,56.0,58.0,54.0,10.0,11.0,11.0,11.0,11.0
Obite N'Dicka,DF,Côte d'Ivoire,26.8077,0.5875909111678459,73.0,79.0,4350000.0,14000.0,74.0,61.0,64.0,70.0,60.0,71.0,60.0,57.0,60.0,68.0,46.0,69.0,73.0,73.0,70.0,69.0,68.0,66.0,69.0,72.0,70.0,59.0,65.0,57.0,62.0,63.0,67.0,56.0,58.0,54.0,10.0,11.0,11.0,11.0,11.0
Christopher Opéri,"DF,MF",Côte d'Ivoire,29.1177,2.223163514010092,65.0,70.0,1000000.0,5000.0,77.0,51.0,58.0,62.0,59.0,67.0,63.0,41.0,57.0,62.0,40.0,62.0,73.0,80.0,66.0,60.0,63.0,64.0,54.0,77.0,68.0,58.0,56.0,57.0,51.0,53.0,59.0,58.0,60.0,61.0,12.0,11.0,9.0,14.0,15.0
Nicolas Pépé,"FW,MF",Côte d'Ivoire,31.0356,1.442304188193164,81.0,82.0,30500000.0,95000.0,88.0,79.0,75.0,83.0,36.0,65.0,77.0,79.0,57.0,85.0,79.0,81.0,88.0,88.0,88.0,77.0,79.0,81.0,66.0,77.0,68.0,78.0,43.0,33.0,77.0,76.0,77.0,36.0,34.0,30.0,11.0,14.0,11.0,6.0,8.0
Ibrahim Sangaré,MF,Côte d'Ivoire,28.5229,1.5370969760447868,77.0,84.0,20000000.0,15000.0,66.0,65.0,70.0,70.0,77.0,84.0,65.0,61.0,71.0,70.0,62.0,70.0,69.0,63.0,64.0,72.0,70.0,74.0,74.0,82.0,90.0,64.0,76.0,81.0,68.0,73.0,75.0,76.0,77.0,76.0,7.0,13.0,11.0,6.0,7.0
Jean Seri,MF,Côte d'Ivoire,34.8953,2.048084079375372,74.0,74.0,3600000.0,43000.0,64.0,67.0,77.0,78.0,67.0,66.0,72.0,64.0,57.0,74.0,78.0,81.0,75.0,55.0,86.0,70.0,80.0,74.0,66.0,75.0,61.0,71.0,68.0,67.0,67.0,74.0,79.0,67.0,70.0,66.0,14.0,13.0,9.0,10.0,12.0
Wilfried Singo,"DF,MF",Côte d'Ivoire,25.46,-0.3945450894455602,66.0,81.0,2000000.0,8000.0,77.0,40.0,57.0,67.0,62.0,59.0,67.0,38.0,63.0,72.0,40.0,67.0,72.0,81.0,67.0,60.0,54.0,43.0,64.0,51.0,65.0,34.0,54.0,61.0,50.0,50.0,46.0,52.0,70.0,68.0,11.0,6.0,7.0,13.0,7.0
Bazoumana Touré,MF,Côte d'Ivoire,20.2765,2.2855232805619807,73.0,79.0,4350000.0,14000.0,74.0,61.0,64.0,70.0,60.0,71.0,60.0,57.0,60.0,68.0,46.0,69.0,73.0,73.0,70.0,69.0,68.0,66.0,69.0,72.0,70.0,59.0,65.0,57.0,62.0,63.0,67.0,56.0,58.0,54.0,10.0,11.0,11.0,11.0,11.0
Elye Wahi,FW,Côte d'Ivoire,23.4381,-0.2755898017478291,73.0,79.0,4350000.0,14000.0,74.0,61.0,64.0,70.0,60.0,71.0,60.0,57.0,60.0,68.0,46.0,69.0,73.0,73.0,70.0,69.0,68.0,66.0,69.0,72.0,70.0,59.0,65.0,57.0,62.0,63.0,67.0,56.0,58.0,54.0,10.0,11.0,11.0,11.0,11.0
Jordy Alcivar,MF,Ecuador,26.8487,-0.4995291607408831,73.0,79.0,4350000.0,14000.0,74.0,61.0,64.0,70.0,60.0,71.0,60.0,57.0,60.0,68.0,46.0,69.0,73.0,73.0,70.0,69.0,68.0,66.0,69.0,72.0,70.0,59.0,65.0,57.0,62.0,63.0,67.0,56.0,58.0,54.0,10.0,11.0,11.0,11.0,11.0
Nilson Angulo,"FW,MF",Ecuador,22.9774,1.0784234905840948,53.0,74.0,300000.0,500.0,65.0,46.0,48.0,56.0,34.0,47.0,42.0,53.0,46.0,60.0,34.0,54.0,63.0,66.0,55.0,49.0,59.0,46.0,64.0,55.0,41.0,30.0,46.0,38.0,57.0,45.0,39.0,28.0,32.0,37.0,11.0,14.0,12.0,15.0,11.0
Jeremy Arévalo,FW,Ecuador,21.23,-0.128822930924871,73.0,79.0,4350000.0,14000.0,74.0,61.0,64.0,70.0,60.0,71.0,60.0,57.0,60.0,68.0,46.0,69.0,73.0,73.0,70.0,69.0,68.0,66.0,69.0,72.0,70.0,59.0,65.0,57.0,62.0,63.0,67.0,56.0,58.0,54.0,10.0,11.0,11.0,11.0,11.0
Jordy Caicedo,FW,Ecuador,28.5613,1.0856542348601312,64.0,65.0,700000.0,500.0,75.0,55.0,57.0,63.0,23.0,52.0,65.0,62.0,37.0,67.0,37.0,62.0,77.0,73.0,63.0,61.0,58.0,42.0,54.0,38.0,64.0,57.0,40.0,22.0,61.0,62.0,47.0,19.0,23.0,21.0,9.0,14.0,12.0,11.0,9.0
Moisés Caicedo,MF,Ecuador,24.6051,-0.9315973816473052,66.0,66.0,850000.0,500.0,77.0,59.0,61.0,63.0,35.0,56.0,64.0,63.0,34.0,63.0,38.0,62.0,80.0,75.0,73.0,61.0,57.0,60.0,48.0,68.0,56.0,55.0,44.0,46.0,65.0,64.0,58.0,41.0,25.0,24.0,6.0,10.0,14.0,14.0,8.0
Denil Castillo,MF,Ecuador,22.2163,1.269935397257996,68.0,69.0,1400000.0,9000.0,78.0,66.0,58.0,70.0,33.0,71.0,68.0,68.0,58.0,70.0,40.0,70.0,80.0,77.0,81.0,57.0,71.0,68.0,67.0,71.0,82.0,62.0,44.0,32.0,68.0,51.0,63.0,21.0,41.0,24.0,9.0,13.0,13.0,12.0,14.0
Pervis Estupiñán,"DF,MF",Ecuador,28.386,-0.6297282888984428,79.0,85.0,26000000.0,29000.0,82.0,34.0,68.0,72.0,75.0,75.0,79.0,20.0,75.0,73.0,36.0,71.0,81.0,83.0,76.0,71.0,70.0,41.0,69.0,79.0,74.0,42.0,74.0,75.0,52.0,56.0,62.0,69.0,80.0,79.0,14.0,7.0,14.0,7.0,7.0
Alan Franco,MF,Ecuador,27.8049,-0.5845533006801027,73.0,79.0,4350000.0,14000.0,74.0,61.0,64.0,70.0,60.0,71.0,60.0,57.0,60.0,68.0,46.0,69.0,73.0,73.0,70.0,69.0,68.0,66.0,69.0,72.0,70.0,59.0,65.0,57.0,62.0,63.0,67.0,56.0,58.0,54.0,10.0,11.0,11.0,11.0,11.0
Hernán Galíndez,GK,Ecuador,39.1999,-0.4572409290697706,73.0,79.0,4350000.0,14000.0,74.0,61.0,64.0,70.0,60.0,71.0,60.0,57.0,60.0,68.0,46.0,69.0,73.0,73.0,70.0,69.0,68.0,66.0,69.0,72.0,70.0,59.0,65.0,57.0,62.0,63.0,67.0,56.0,58.0,54.0,10.0,11.0,11.0,11.0,11.0
Piero Hincapié,DF,Ecuador,24.4189,-0.3733911929192441,70.0,80.0,3200000.0,12000.0,75.0,27.0,58.0,60.0,70.0,69.0,47.0,23.0,67.0,54.0,32.0,64.0,74.0,75.0,66.0,68.0,64.0,35.0,76.0,68.0,69.0,20.0,68.0,67.0,48.0,44.0,69.0,70.0,73.0,70.0,9.0,15.0,10.0,6.0,9.0
Yaimar Medina,"DF,MF",Ecuador,21.5969,-0.7349879489622355,73.0,79.0,4350000.0,14000.0,74.0,61.0,64.0,70.0,60.0,71.0,60.0,57.0,60.0,68.0,46.0,69.0,73.0,73.0,70.0,69.0,68.0,66.0,69.0,72.0,70.0,59.0,65.0,57.0,62.0,63.0,67.0,56.0,58.0,54.0,10.0,11.0,11.0,11.0,11.0
Alan Minda,"FW,MF",Ecuador,23.0767,0.118055250276246,54.0,74.0,300000.0,500.0,73.0,46.0,45.0,58.0,22.0,48.0,49.0,43.0,39.0,60.0,37.0,55.0,70.0,75.0,70.0,38.0,70.0,58.0,44.0,60.0,50.0,39.0,31.0,19.0,53.0,40.0,50.0,17.0,22.0,26.0,7.0,12.0,11.0,10.0,13.0
Joel Ordóñez,DF,Ecuador,22.1396,-0.4227071279865175,64.0,66.0,625000.0,500.0,65.0,34.0,40.0,51.0,63.0,71.0,22.0,35.0,63.0,43.0,20.0,51.0,66.0,65.0,67.0,63.0,67.0,44.0,77.0,62.0,76.0,24.0,68.0,62.0,28.0,30.0,58.0,63.0,65.0,60.0,6.0,9.0,11.0,8.0,5.0
Willian Pacho,DF,Ecuador,24.6516,-1.7423841982965622,73.0,79.0,4350000.0,14000.0,74.0,61.0,64.0,70.0,60.0,71.0,60.0,57.0,60.0,68.0,46.0,69.0,73.0,73.0,70.0,69.0,68.0,66.0,69.0,72.0,70.0,59.0,65.0,57.0,62.0,63.0,67.0,56.0,58.0,54.0,10.0,11.0,11.0,11.0,11.0
Kendry Páez,MF,Ecuador,19.104,-0.3690416807913895,73.0,79.0,4350000.0,14000.0,74.0,61.0,64.0,70.0,60.0,71.0,60.0,57.0,60.0,68.0,46.0,69.0,73.0,73.0,70.0,69.0,68.0,66.0,69.0,72.0,70.0,59.0,65.0,57.0,62.0,63.0,67.0,56.0,58.0,54.0,10.0,11.0,11.0,11.0,11.0
Gonzalo Plata,"FW,MF",Ecuador,25.6078,-0.0335781433002295,73.0,79.0,4350000.0,14000.0,74.0,61.0,64.0,70.0,60.0,71.0,60.0,57.0,60.0,68.0,46.0,69.0,73.0,73.0,70.0,69.0,68.0,66.0,69.0,72.0,70.0,59.0,65.0,57.0,62.0,63.0,67.0,56.0,58.0,54.0,10.0,11.0,11.0,11.0,11.0
Jackson Porozo,DF,Ecuador,25.8515,2.546748704464358,73.0,79.0,4350000.0,14000.0,74.0,61.0,64.0,70.0,60.0,71.0,60.0,57.0,60.0,68.0,46.0,69.0,73.0,73.0,70.0,69.0,68.0,66.0,69.0,72.0,70.0,59.0,65.0,57.0,62.0,63.0,67.0,56.0,58.0,54.0,10.0,11.0,11.0,11.0,11.0
Ángelo Preciado,"DF,MF",Ecuador,28.3094,-0.7300184158470244,69.0,75.0,2100000.0,6000.0,84.0,59.0,59.0,69.0,63.0,63.0,70.0,56.0,44.0,71.0,42.0,67.0,83.0,85.0,79.0,58.0,63.0,58.0,58.0,82.0,65.0,68.0,33.0,61.0,60.0,50.0,64.0,66.0,67.0,62.0,14.0,12.0,11.0,13.0,7.0
Moisés Ramírez,GK,Ecuador,25.7529,0.1747327096829893,73.0,79.0,4350000.0,14000.0,74.0,61.0,64.0,70.0,60.0,71.0,60.0,57.0,60.0,68.0,46.0,69.0,73.0,73.0,70.0,69.0,68.0,66.0,69.0,72.0,70.0,59.0,65.0,57.0,62.0,63.0,67.0,56.0,58.0,54.0,10.0,11.0,11.0,11.0,11.0
Kevin Rodríguez,FW,Ecuador,26.271,-1.0729209841618603,62.0,69.0,775000.0,500.0,74.0,53.0,56.0,62.0,57.0,56.0,59.0,57.0,41.0,62.0,38.0,60.0,71.0,76.0,70.0,58.0,65.0,48.0,60.0,62.0,60.0,54.0,38.0,57.0,58.0,52.0,61.0,58.0,61.0,55.0,10.0,14.0,5.0,14.0,6.0
Félix Torres Caicedo,DF,Ecuador,29.4134,-0.5253265431019835,68.0,75.0,2200000.0,7000.0,58.0,35.0,47.0,58.0,68.0,74.0,39.0,34.0,63.0,54.0,46.0,64.0,55.0,60.0,53.0,62.0,53.0,43.0,77.0,67.0,77.0,26.0,72.0,64.0,33.0,31.0,67.0,70.0,70.0,68.0,6.0,6.0,12.0,11.0,5.0
Anthony Valencia,MF,Ecuador,22.8898,0.7719244777089367,73.0,79.0,4350000.0,14000.0,74.0,61.0,64.0,70.0,60.0,71.0,60.0,57.0,60.0,68.0,46.0,69.0,73.0,73.0,70.0,69.0,68.0,66.0,69.0,72.0,70.0,59.0,65.0,57.0,62.0,63.0,67.0,56.0,58.0,54.0,10.0,11.0,11.0,11.0,11.0
Enner Valencia,"FW,MF",Ecuador,36.5996,0.1339441041052049,75.0,75.0,4800000.0,45000.0,88.0,74.0,66.0,73.0,46.0,75.0,67.0,75.0,74.0,72.0,67.0,72.0,89.0,88.0,84.0,73.0,72.0,80.0,91.0,81.0,76.0,70.0,61.0,40.0,74.0,65.0,63.0,50.0,40.0,38.0,9.0,12.0,16.0,9.0,8.0
Gonzalo Valle,GK,Ecuador,30.282,-1.098689632225132,73.0,79.0,4350000.0,14000.0,74.0,61.0,64.0,70.0,60.0,71.0,60.0,57.0,60.0,68.0,46.0,69.0,73.0,73.0,70.0,69.0,68.0,66.0,69.0,72.0,70.0,59.0,65.0,57.0,62.0,63.0,67.0,56.0,58.0,54.0,10.0,11.0,11.0,11.0,11.0
Pedro Vite,MF,Ecuador,24.2574,-0.0624949660614362,64.0,80.0,1500000.0,1000.0,67.0,56.0,56.0,63.0,52.0,50.0,33.0,63.0,49.0,60.0,39.0,66.0,70.0,65.0,64.0,66.0,74.0,47.0,61.0,65.0,42.0,59.0,49.0,60.0,59.0,57.0,55.0,37.0,65.0,48.0,11.0,14.0,7.0,8.0,9.0
John Yeboah,"FW,MF",Ecuador,25.9665,0.8197269618020355,73.0,79.0,4350000.0,14000.0,74.0,61.0,64.0,70.0,60.0,71.0,60.0,57.0,60.0,68.0,46.0,69.0,73.0,73.0,70.0,69.0,68.0,66.0,69.0,72.0,70.0,59.0,65.0,57.0,62.0,63.0,67.0,56.0,58.0,54.0,10.0,11.0,11.0,11.0,11.0
Hamza Abdelkarim,FW,Egypt,18.4408,-1.4384671995001508,73.0,79.0,4350000.0,14000.0,74.0,61.0,64.0,70.0,60.0,71.0,60.0,57.0,60.0,68.0,46.0,69.0,73.0,73.0,70.0,69.0,68.0,66.0,69.0,72.0,70.0,59.0,65.0,57.0,62.0,63.0,67.0,56.0,58.0,54.0,10.0,11.0,11.0,11.0,11.0
Hossam Abdelmaguid,DF,Egypt,25.115,-0.7679654303963876,73.0,79.0,4350000.0,14000.0,74.0,61.0,64.0,70.0,60.0,71.0,60.0,57.0,60.0,68.0,46.0,69.0,73.0,73.0,70.0,69.0,68.0,66.0,69.0,72.0,70.0,59.0,65.0,57.0,62.0,63.0,67.0,56.0,58.0,54.0,10.0,11.0,11.0,11.0,11.0
Mohamed Abdelmonem,DF,Egypt,27.3559,-0.5021078844292648,73.0,79.0,4350000.0,14000.0,74.0,61.0,64.0,70.0,60.0,71.0,60.0,57.0,60.0,68.0,46.0,69.0,73.0,73.0,70.0,69.0,68.0,66.0,69.0,72.0,70.0,59.0,65.0,57.0,62.0,63.0,67.0,56.0,58.0,54.0,10.0,11.0,11.0,11.0,11.0
Ibrahim Adel,MF,Egypt,25.1342,0.3221412726516938,73.0,79.0,4350000.0,14000.0,74.0,61.0,64.0,70.0,60.0,71.0,60.0,57.0,60.0,68.0,46.0,69.0,73.0,73.0,70.0,69.0,68.0,66.0,69.0,72.0,70.0,59.0,65.0,57.0,62.0,63.0,67.0,56.0,58.0,54.0,10.0,11.0,11.0,11.0,11.0
Mohamed Alaa,GK,Egypt,27.4408,-2.92657915581144,89.0,89.0,101000000.0,270000.0,90.0,87.0,81.0,90.0,45.0,75.0,79.0,91.0,59.0,90.0,69.0,89.0,89.0,91.0,91.0,92.0,91.0,82.0,69.0,85.0,75.0,84.0,63.0,55.0,91.0,83.0,90.0,38.0,43.0,41.0,14.0,14.0,9.0,11.0,14.0
Tarek Alaa,DF,Egypt,24.4298,-0.8379846363144429,73.0,79.0,4350000.0,14000.0,74.0,61.0,64.0,70.0,60.0,71.0,60.0,57.0,60.0,68.0,46.0,69.0,73.0,73.0,70.0,69.0,68.0,66.0,69.0,72.0,70.0,59.0,65.0,57.0,62.0,63.0,67.0,56.0,58.0,54.0,10.0,11.0,11.0,11.0,11.0
Emam Ashour,MF,Egypt,28.3039,0.2755049281061531,73.0,79.0,4350000.0,14000.0,74.0,61.0,64.0,70.0,60.0,71.0,60.0,57.0,60.0,68.0,46.0,69.0,73.0,73.0,70.0,69.0,68.0,66.0,69.0,72.0,70.0,59.0,65.0,57.0,62.0,63.0,67.0,56.0,58.0,54.0,10.0,11.0,11.0,11.0,11.0
Marwan Attia,MF,Egypt,27.8296,-0.0486457971938422,73.0,79.0,4350000.0,14000.0,74.0,61.0,64.0,70.0,60.0,71.0,60.0,57.0,60.0,68.0,46.0,69.0,73.0,73.0,70.0,69.0,68.0,66.0,69.0,72.0,70.0,59.0,65.0,57.0,62.0,63.0,67.0,56.0,58.0,54.0,10.0,11.0,11.0,11.0,11.0
Nabil Dunga,MF,Egypt,30.1807,0.2757224377606645,73.0,79.0,4350000.0,14000.0,74.0,61.0,64.0,70.0,60.0,71.0,60.0,57.0,60.0,68.0,46.0,69.0,73.0,73.0,70.0,69.0,68.0,66.0,69.0,72.0,70.0,59.0,65.0,57.0,62.0,63.0,67.0,56.0,58.0,54.0,10.0,11.0,11.0,11.0,11.0
Hamdy Fathy,MF,Egypt,31.6982,0.0650104650970878,73.0,79.0,4350000.0,14000.0,74.0,61.0,64.0,70.0,60.0,71.0,60.0,57.0,60.0,68.0,46.0,69.0,73.0,73.0,70.0,69.0,68.0,66.0,69.0,72.0,70.0,59.0,65.0,57.0,62.0,63.0,67.0,56.0,58.0,54.0,10.0,11.0,11.0,11.0,11.0
Ahmed Fatouh,DF,Egypt,28.2218,2.3567734224227497,73.0,79.0,4350000.0,14000.0,74.0,61.0,64.0,70.0,60.0,71.0,60.0,57.0,60.0,68.0,46.0,69.0,73.0,73.0,70.0,69.0,68.0,66.0,69.0,72.0,70.0,59.0,65.0,57.0,62.0,63.0,67.0,56.0,58.0,54.0,10.0,11.0,11.0,11.0,11.0
Karim Hafez,DF,Egypt,30.2491,-1.1132326409411832,71.0,76.0,2600000.0,9000.0,79.0,45.0,66.0,69.0,66.0,71.0,71.0,33.0,59.0,70.0,68.0,69.0,77.0,80.0,66.0,63.0,77.0,59.0,66.0,75.0,68.0,58.0,73.0,65.0,68.0,63.0,55.0,67.0,68.0,68.0,7.0,13.0,16.0,11.0,7.0
Mohamed Hany,"DF,MF",Egypt,30.3751,-0.2990820952168789,73.0,79.0,4350000.0,14000.0,74.0,61.0,64.0,70.0,60.0,71.0,60.0,57.0,60.0,68.0,46.0,69.0,73.0,73.0,70.0,69.0,68.0,66.0,69.0,72.0,70.0,59.0,65.0,57.0,62.0,63.0,67.0,56.0,58.0,54.0,10.0,11.0,11.0,11.0,11.0
Haissem Hassan,MF,Egypt,24.3368,-0.6464078049644679,73.0,79.0,4350000.0,14000.0,74.0,61.0,64.0,70.0,60.0,71.0,60.0,57.0,60.0,68.0,46.0,69.0,73.0,73.0,70.0,69.0,68.0,66.0,69.0,72.0,70.0,59.0,65.0,57.0,62.0,63.0,67.0,56.0,58.0,54.0,10.0,11.0,11.0,11.0,11.0
Yasser Ibrahim,DF,Egypt,33.3313,-0.1450821193882012,73.0,79.0,4350000.0,14000.0,74.0,61.0,64.0,70.0,60.0,71.0,60.0,57.0,60.0,68.0,46.0,69.0,73.0,73.0,70.0,69.0,68.0,66.0,69.0,72.0,70.0,59.0,65.0,57.0,62.0,63.0,67.0,56.0,58.0,54.0,10.0,11.0,11.0,11.0,11.0
El Mahdy Soliman,GK,Egypt,39.5284,-2.92657915581144,73.0,79.0,4350000.0,14000.0,74.0,61.0,64.0,70.0,60.0,71.0,60.0,57.0,60.0,68.0,46.0,69.0,73.0,73.0,70.0,69.0,68.0,66.0,69.0,72.0,70.0,59.0,65.0,57.0,62.0,63.0,67.0,56.0,58.0,54.0,10.0,11.0,11.0,11.0,11.0
Omar Marmoush,"FW,MF",Egypt,27.3395,0.8604072668901516,70.0,79.0,3600000.0,27000.0,86.0,68.0,59.0,76.0,29.0,54.0,41.0,71.0,65.0,77.0,48.0,74.0,82.0,89.0,90.0,71.0,76.0,63.0,70.0,68.0,49.0,68.0,44.0,30.0,70.0,68.0,65.0,26.0,22.0,21.0,11.0,13.0,15.0,8.0,11.0
Mohanad Mostafa,,Egypt,30.0356,-2.92657915581144,73.0,79.0,4350000.0,14000.0,74.0,61.0,64.0,70.0,60.0,71.0,60.0,57.0,60.0,68.0,46.0,69.0,73.0,73.0,70.0,69.0,68.0,66.0,69.0,72.0,70.0,59.0,65.0,57.0,62.0,63.0,67.0,56.0,58.0,54.0,10.0,11.0,11.0,11.0,11.0
Ramy Rabia,"DF,MF",Egypt,33.0602,0.0312481328970675,73.0,79.0,4350000.0,14000.0,74.0,61.0,64.0,70.0,60.0,71.0,60.0,57.0,60.0,68.0,46.0,69.0,73.0,73.0,70.0,69.0,68.0,66.0,69.0,72.0,70.0,59.0,65.0,57.0,62.0,63.0,67.0,56.0,58.0,54.0,10.0,11.0,11.0,11.0,11.0
Mahmoud Saber,MF,Egypt,24.8652,0.2320373032857645,73.0,79.0,4350000.0,14000.0,74.0,61.0,64.0,70.0,60.0,71.0,60.0,57.0,60.0,68.0,46.0,69.0,73.0,73.0,70.0,69.0,68.0,66.0,69.0,72.0,70.0,59.0,65.0,57.0,62.0,63.0,67.0,56.0,58.0,54.0,10.0,11.0,11.0,11.0,11.0
Mohamed Salah,"FW,MF",Egypt,33.9884,0.3845322430864217,89.0,89.0,101000000.0,270000.0,90.0,87.0,81.0,90.0,45.0,75.0,79.0,91.0,59.0,90.0,69.0,89.0,89.0,91.0,91.0,92.0,91.0,82.0,69.0,85.0,75.0,84.0,63.0,55.0,91.0,83.0,90.0,38.0,43.0,41.0,14.0,14.0,9.0,11.0,14.0
Mohamed El-Shenawy,GK,Egypt,37.4791,0.6868461999755255,73.0,79.0,4350000.0,14000.0,74.0,61.0,64.0,70.0,60.0,71.0,60.0,57.0,60.0,68.0,46.0,69.0,73.0,73.0,70.0,69.0,68.0,66.0,69.0,72.0,70.0,59.0,65.0,57.0,62.0,63.0,67.0,56.0,58.0,54.0,10.0,11.0,11.0,11.0,11.0
Mostafa Shobeir,GK,Egypt,26.0739,-0.0141950409437388,73.0,79.0,4350000.0,14000.0,74.0,61.0,64.0,70.0,60.0,71.0,60.0,57.0,60.0,68.0,46.0,69.0,73.0,73.0,70.0,69.0,68.0,66.0,69.0,72.0,70.0,59.0,65.0,57.0,62.0,63.0,67.0,56.0,58.0,54.0,10.0,11.0,11.0,11.0,11.0
Trézéguet,"FW,MF",Egypt,31.6927,1.2059457013110326,75.0,76.0,6500000.0,53000.0,77.0,73.0,71.0,78.0,36.0,66.0,75.0,72.0,42.0,80.0,63.0,78.0,78.0,77.0,78.0,66.0,70.0,76.0,63.0,81.0,67.0,76.0,45.0,22.0,69.0,64.0,74.0,39.0,43.0,27.0,8.0,10.0,15.0,10.0,7.0
Mostafa Ziko,FW,Egypt,29.1232,0.7554734841095061,73.0,79.0,4350000.0,14000.0,74.0,61.0,64.0,70.0,60.0,71.0,60.0,57.0,60.0,68.0,46.0,69.0,73.0,73.0,70.0,69.0,68.0,66.0,69.0,72.0,70.0,59.0,65.0,57.0,62.0,63.0,67.0,56.0,58.0,54.0,10.0,11.0,11.0,11.0,11.0
Zizo,MF,Egypt,30.4162,1.5065097689990012,73.0,79.0,4350000.0,14000.0,74.0,61.0,64.0,70.0,60.0,71.0,60.0,57.0,60.0,68.0,46.0,69.0,73.0,73.0,70.0,69.0,68.0,66.0,69.0,72.0,70.0,59.0,65.0,57.0,62.0,63.0,67.0,56.0,58.0,54.0,10.0,11.0,11.0,11.0,11.0
Elliot Anderson,MF,England,23.5941,0.449249533050567,73.0,79.0,4350000.0,14000.0,74.0,61.0,64.0,70.0,60.0,71.0,60.0,57.0,60.0,68.0,46.0,69.0,73.0,73.0,70.0,69.0,68.0,66.0,69.0,72.0,70.0,59.0,65.0,57.0,62.0,63.0,67.0,56.0,58.0,54.0,10.0,11.0,11.0,11.0,11.0
Jude Bellingham,MF,England,22.95,0.9615628671781276,79.0,89.0,37000000.0,21000.0,75.0,69.0,73.0,80.0,75.0,77.0,62.0,69.0,57.0,80.0,45.0,80.0,78.0,73.0,81.0,82.0,77.0,74.0,75.0,87.0,71.0,69.0,82.0,77.0,72.0,78.0,76.0,78.0,78.0,69.0,14.0,11.0,10.0,5.0,8.0
Dan Burn,DF,England,34.0903,0.0764196732390677,75.0,75.0,4700000.0,46000.0,48.0,33.0,63.0,58.0,75.0,80.0,67.0,25.0,78.0,59.0,46.0,64.0,40.0,55.0,33.0,72.0,30.0,53.0,54.0,70.0,89.0,29.0,78.0,73.0,37.0,52.0,68.0,75.0,77.0,73.0,15.0,13.0,7.0,8.0,10.0
Eberechi Eze,"FW,MF",England,27.95,2.841574097508077,77.0,83.0,16500000.0,45000.0,77.0,69.0,73.0,81.0,47.0,68.0,70.0,71.0,49.0,83.0,68.0,79.0,77.0,77.0,81.0,70.0,80.0,68.0,67.0,77.0,68.0,69.0,58.0,49.0,71.0,76.0,77.0,36.0,57.0,40.0,10.0,12.0,9.0,14.0,10.0
Anthony Gordon,"FW,MF",England,25.293,1.7399309154062048,67.0,81.0,2500000.0,16000.0,79.0,61.0,60.0,70.0,31.0,55.0,62.0,62.0,45.0,73.0,59.0,69.0,78.0,79.0,68.0,59.0,66.0,61.0,55.0,63.0,51.0,62.0,54.0,28.0,62.0,63.0,62.0,32.0,28.0,25.0,5.0,6.0,14.0,7.0,8.0
Marc Guéhi,DF,England,25.9117,1.2832253780441782,73.0,84.0,6000000.0,26000.0,71.0,31.0,49.0,64.0,74.0,72.0,35.0,24.0,68.0,61.0,32.0,66.0,65.0,76.0,62.0,73.0,65.0,49.0,73.0,67.0,77.0,26.0,67.0,74.0,33.0,38.0,63.0,76.0,75.0,72.0,8.0,9.0,11.0,12.0,12.0
Dean Henderson,GK,England,29.2491,1.7075477504409973,80.0,87.0,36000000.0,70000.0,74.0,61.0,64.0,70.0,60.0,71.0,14.0,9.0,13.0,13.0,10.0,32.0,51.0,48.0,61.0,79.0,56.0,59.0,63.0,34.0,60.0,6.0,20.0,11.0,8.0,48.0,56.0,15.0,14.0,14.0,80.0,79.0,78.0,76.0,83.0
Jordan Henderson,MF,England,35.9829,0.2790372400285361,84.0,84.0,29500000.0,140000.0,66.0,74.0,83.0,79.0,78.0,81.0,82.0,73.0,65.0,78.0,74.0,83.0,67.0,66.0,69.0,85.0,68.0,77.0,78.0,86.0,78.0,75.0,83.0,81.0,78.0,80.0,82.0,79.0,81.0,76.0,7.0,13.0,7.0,9.0,13.0
Reece James,"DF,MF",England,26.5065,1.2702830544215291,81.0,86.0,37000000.0,76000.0,80.0,58.0,77.0,77.0,76.0,80.0,86.0,48.0,69.0,77.0,76.0,80.0,78.0,81.0,72.0,75.0,85.0,75.0,73.0,79.0,83.0,66.0,74.0,75.0,66.0,70.0,72.0,77.0,80.0,74.0,8.0,12.0,7.0,13.0,11.0
Harry Kane,FW,England,32.8706,2.752268750987781,90.0,90.0,129500000.0,240000.0,70.0,91.0,83.0,83.0,47.0,83.0,80.0,94.0,86.0,83.0,65.0,85.0,65.0,74.0,71.0,92.0,70.0,91.0,79.0,83.0,85.0,86.0,80.0,44.0,94.0,87.0,91.0,50.0,36.0,38.0,8.0,10.0,11.0,14.0,11.0
Ezri Konsa,"DF,FW",England,28.6324,0.5821497863877851,78.0,84.0,20000000.0,50000.0,77.0,39.0,62.0,71.0,79.0,75.0,51.0,34.0,78.0,70.0,38.0,73.0,73.0,81.0,64.0,80.0,71.0,58.0,78.0,71.0,77.0,32.0,75.0,78.0,50.0,58.0,77.0,81.0,77.0,78.0,14.0,8.0,11.0,13.0,9.0
Tino Livramento,"DF,MF",England,23.5777,-0.3247458767169241,62.0,80.0,975000.0,2000.0,79.0,46.0,56.0,58.0,56.0,58.0,62.0,46.0,50.0,58.0,42.0,55.0,81.0,78.0,60.0,51.0,81.0,47.0,62.0,66.0,52.0,46.0,64.0,58.0,54.0,53.0,61.0,53.0,58.0,57.0,10.0,12.0,8.0,13.0,13.0
Noni Madueke,"FW,MF",England,24.2546,0.9555862017379518,77.0,88.0,23000000.0,11000.0,90.0,71.0,68.0,83.0,36.0,62.0,65.0,72.0,42.0,86.0,63.0,82.0,92.0,89.0,84.0,74.0,79.0,73.0,76.0,64.0,64.0,72.0,53.0,31.0,67.0,69.0,72.0,42.0,32.0,37.0,5.0,13.0,6.0,12.0,15.0
Kobbie Mainoo,MF,England,21.1451,-0.8486878352877282,73.0,79.0,4350000.0,14000.0,74.0,61.0,64.0,70.0,60.0,71.0,60.0,57.0,60.0,68.0,46.0,69.0,73.0,73.0,70.0,69.0,68.0,66.0,69.0,72.0,70.0,59.0,65.0,57.0,62.0,63.0,67.0,56.0,58.0,54.0,10.0,11.0,11.0,11.0,11.0
Nico O’Reilly,"DF,MF",England,21.2245,-0.1540508790914911,73.0,79.0,4350000.0,14000.0,74.0,61.0,64.0,70.0,60.0,71.0,60.0,57.0,60.0,68.0,46.0,69.0,73.0,73.0,70.0,69.0,68.0,66.0,69.0,72.0,70.0,59.0,65.0,57.0,62.0,63.0,67.0,56.0,58.0,54.0,10.0,11.0,11.0,11.0,11.0
Jordan Pickford,GK,England,32.2628,0.4509888696408914,83.0,85.0,33000000.0,83000.0,74.0,61.0,64.0,70.0,60.0,71.0,17.0,19.0,15.0,14.0,16.0,40.0,53.0,44.0,55.0,80.0,55.0,65.0,77.0,45.0,70.0,13.0,45.0,24.0,18.0,69.0,65.0,21.0,20.0,12.0,83.0,78.0,87.0,80.0,86.0
Jarell Quansah,DF,England,23.3641,1.1139285764858085,73.0,79.0,4350000.0,14000.0,74.0,61.0,64.0,70.0,60.0,71.0,60.0,57.0,60.0,68.0,46.0,69.0,73.0,73.0,70.0,69.0,68.0,66.0,69.0,72.0,70.0,59.0,65.0,57.0,62.0,63.0,67.0,56.0,58.0,54.0,10.0,11.0,11.0,11.0,11.0
Marcus Rashford,"FW,MF",England,28.6105,0.8871915959811557,85.0,89.0,77500000.0,150000.0,90.0,84.0,79.0,84.0,43.0,77.0,80.0,83.0,68.0,86.0,76.0,84.0,86.0,93.0,84.0,84.0,75.0,92.0,74.0,86.0,75.0,81.0,73.0,42.0,83.0,81.0,80.0,45.0,38.0,33.0,11.0,6.0,15.0,7.0,14.0
Declan Rice,"DF,MF",England,27.4052,3.158050365424253,82.0,87.0,43000000.0,69000.0,66.0,53.0,71.0,74.0,81.0,79.0,50.0,42.0,71.0,75.0,53.0,79.0,64.0,68.0,53.0,77.0,61.0,70.0,74.0,84.0,76.0,60.0,82.0,83.0,54.0,75.0,80.0,80.0,83.0,80.0,8.0,11.0,14.0,5.0,9.0
Morgan Rogers,"FW,MF",England,23.8761,0.9051860905399646,66.0,84.0,2200000.0,4000.0,80.0,65.0,60.0,65.0,39.0,64.0,62.0,65.0,49.0,70.0,47.0,64.0,76.0,83.0,58.0,59.0,55.0,70.0,45.0,66.0,74.0,63.0,43.0,32.0,62.0,64.0,60.0,40.0,39.0,39.0,7.0,8.0,13.0,11.0,14.0
Bukayo Saka,"FW,MF",England,24.7639,3.3901426720838304,80.0,88.0,45500000.0,50000.0,84.0,68.0,76.0,82.0,65.0,64.0,79.0,69.0,45.0,84.0,69.0,80.0,86.0,82.0,83.0,76.0,83.0,68.0,54.0,77.0,58.0,65.0,66.0,68.0,78.0,79.0,73.0,65.0,69.0,67.0,7.0,8.0,13.0,9.0,13.0
Djed Spence,"DF,MF",England,25.8378,1.9476221767050363,65.0,79.0,1600000.0,5000.0,80.0,33.0,50.0,64.0,60.0,57.0,59.0,31.0,46.0,67.0,28.0,61.0,79.0,80.0,69.0,64.0,61.0,37.0,60.0,64.0,57.0,29.0,46.0,62.0,50.0,44.0,48.0,60.0,64.0,57.0,13.0,8.0,7.0,11.0,6.0
John Stones,DF,England,32.0383,1.5128997129736552,83.0,86.0,41000000.0,140000.0,70.0,51.0,71.0,74.0,84.0,78.0,62.0,52.0,84.0,72.0,37.0,83.0,67.0,73.0,61.0,82.0,59.0,55.0,83.0,77.0,78.0,44.0,80.0,83.0,52.0,67.0,80.0,84.0,85.0,82.0,7.0,15.0,11.0,10.0,8.0
Ivan Toney,FW,England,30.2382,0.5255977693364566,76.0,80.0,10500000.0,46000.0,80.0,75.0,58.0,72.0,46.0,80.0,52.0,80.0,78.0,68.0,56.0,72.0,80.0,80.0,82.0,77.0,70.0,71.0,89.0,78.0,81.0,65.0,78.0,49.0,79.0,62.0,77.0,35.0,46.0,41.0,16.0,8.0,8.0,7.0,8.0
James Trafford,GK,England,23.668,-0.8776473873582193,59.0,77.0,500000.0,500.0,74.0,61.0,64.0,70.0,60.0,71.0,12.0,8.0,10.0,10.0,12.0,12.0,33.0,17.0,27.0,52.0,27.0,44.0,33.0,17.0,58.0,9.0,28.0,7.0,7.0,22.0,26.0,5.0,13.0,13.0,60.0,57.0,59.0,57.0,59.0
Ollie Watkins,"FW,MF",England,30.4463,3.297220820386061,78.0,83.0,21000000.0,67000.0,85.0,75.0,68.0,75.0,46.0,71.0,67.0,80.0,81.0,75.0,56.0,76.0,79.0,89.0,79.0,77.0,73.0,75.0,92.0,88.0,76.0,71.0,34.0,44.0,79.0,74.0,66.0,40.0,46.0,36.0,14.0,14.0,14.0,6.0,10.0
Maghnes Akliouche,MF,France,24.2902,2.521692451318615,73.0,79.0,4350000.0,14000.0,74.0,61.0,64.0,70.0,60.0,71.0,60.0,57.0,60.0,68.0,46.0,69.0,73.0,73.0,70.0,69.0,68.0,66.0,69.0,72.0,70.0,59.0,65.0,57.0,62.0,63.0,67.0,56.0,58.0,54.0,10.0,11.0,11.0,11.0,11.0
Bradley Barcola,"FW,MF",France,23.7721,0.5526554629667129,73.0,79.0,4350000.0,14000.0,74.0,61.0,64.0,70.0,60.0,71.0,60.0,57.0,60.0,68.0,46.0,69.0,73.0,73.0,70.0,69.0,68.0,66.0,69.0,72.0,70.0,59.0,65.0,57.0,62.0,63.0,67.0,56.0,58.0,54.0,10.0,11.0,11.0,11.0,11.0
Rayan Cherki,"FW,MF",France,22.8159,0.3750585834129411,73.0,88.0,7000000.0,9000.0,72.0,67.0,68.0,81.0,21.0,58.0,70.0,64.0,28.0,84.0,72.0,79.0,75.0,70.0,84.0,67.0,83.0,76.0,34.0,55.0,63.0,66.0,57.0,22.0,69.0,68.0,73.0,19.0,23.0,15.0,7.0,14.0,6.0,8.0,8.0
Ousmane Dembélé,"FW,MF",France,29.0739,2.101802803014903,83.0,88.0,55000000.0,165000.0,93.0,77.0,77.0,86.0,36.0,56.0,81.0,75.0,43.0,89.0,64.0,84.0,94.0,93.0,89.0,78.0,80.0,83.0,58.0,68.0,51.0,76.0,54.0,36.0,77.0,76.0,80.0,42.0,30.0,33.0,6.0,6.0,14.0,10.0,13.0
Lucas Digne,"DF,MF",France,32.8925,-0.2022330602914746,84.0,84.0,40500000.0,110000.0,79.0,69.0,80.0,80.0,80.0,76.0,88.0,60.0,71.0,78.0,83.0,84.0,81.0,77.0,74.0,83.0,78.0,83.0,94.0,86.0,69.0,76.0,76.0,82.0,73.0,75.0,81.0,78.0,83.0,84.0,6.0,12.0,9.0,6.0,13.0
Désiré Doué,"FW,MF",France,21.0219,2.5819948725653443,73.0,79.0,4350000.0,14000.0,74.0,61.0,64.0,70.0,60.0,71.0,60.0,57.0,60.0,68.0,46.0,69.0,73.0,73.0,70.0,69.0,68.0,66.0,69.0,72.0,70.0,59.0,65.0,57.0,62.0,63.0,67.0,56.0,58.0,54.0,10.0,11.0,11.0,11.0,11.0
Malo Gusto,"DF,MF",France,23.063,1.4572279170222957,66.0,80.0,1900000.0,4000.0,78.0,49.0,60.0,65.0,59.0,66.0,64.0,44.0,50.0,64.0,36.0,66.0,76.0,79.0,69.0,62.0,67.0,60.0,69.0,68.0,66.0,46.0,64.0,58.0,57.0,60.0,66.0,56.0,63.0,64.0,10.0,6.0,14.0,8.0,11.0
Lucas Hernández,DF,France,30.3203,-0.2755706557193815,83.0,86.0,44500000.0,85000.0,77.0,54.0,68.0,71.0,84.0,79.0,78.0,53.0,82.0,65.0,39.0,76.0,77.0,77.0,70.0,85.0,68.0,62.0,86.0,76.0,77.0,51.0,88.0,83.0,62.0,63.0,76.0,85.0,85.0,86.0,10.0,7.0,8.0,14.0,10.0
Theo Hernández,"DF,MF",France,28.679,0.8763965665903636,84.0,90.0,62500000.0,51000.0,93.0,71.0,76.0,81.0,77.0,82.0,84.0,68.0,74.0,83.0,64.0,79.0,92.0,94.0,78.0,84.0,75.0,80.0,68.0,90.0,79.0,72.0,82.0,78.0,80.0,74.0,80.0,74.0,79.0,80.0,12.0,10.0,7.0,7.0,7.0
N'Golo Kanté,MF,France,35.2026,1.1262306795761443,90.0,90.0,100000000.0,230000.0,78.0,66.0,75.0,82.0,87.0,83.0,68.0,65.0,54.0,79.0,49.0,81.0,82.0,75.0,82.0,93.0,92.0,71.0,77.0,97.0,72.0,65.0,93.0,91.0,72.0,78.0,84.0,90.0,93.0,86.0,15.0,12.0,10.0,7.0,10.0
Ibrahima Konaté,DF,France,27.0465,0.1776167876634115,78.0,86.0,29500000.0,73000.0,71.0,34.0,57.0,67.0,80.0,76.0,38.0,29.0,77.0,67.0,27.0,69.0,67.0,75.0,60.0,71.0,54.0,45.0,74.0,61.0,83.0,31.0,77.0,78.0,37.0,51.0,74.0,76.0,85.0,79.0,9.0,7.0,9.0,9.0,15.0
Manu Koné,MF,France,25.0684,-1.2845938033641071,56.0,68.0,300000.0,500.0,74.0,61.0,64.0,70.0,60.0,71.0,13.0,7.0,14.0,14.0,12.0,13.0,17.0,28.0,22.0,55.0,21.0,41.0,33.0,17.0,60.0,6.0,17.0,13.0,7.0,22.0,30.0,5.0,11.0,14.0,56.0,53.0,54.0,54.0,58.0
Jules Koundé,DF,France,27.5777,-0.3816051712674619,83.0,89.0,53000000.0,33000.0,81.0,45.0,64.0,72.0,84.0,78.0,45.0,47.0,79.0,69.0,26.0,74.0,81.0,81.0,71.0,85.0,74.0,48.0,88.0,76.0,79.0,40.0,75.0,86.0,47.0,62.0,82.0,85.0,85.0,83.0,11.0,10.0,8.0,14.0,13.0
Maxence Lacroix,DF,France,26.1807,-0.6408665074354079,79.0,86.0,33000000.0,42000.0,88.0,33.0,56.0,65.0,80.0,77.0,35.0,29.0,74.0,60.0,26.0,69.0,81.0,93.0,64.0,78.0,55.0,46.0,80.0,67.0,83.0,27.0,74.0,83.0,32.0,51.0,80.0,83.0,78.0,74.0,14.0,7.0,12.0,12.0,11.0
Mike Maignan,GK,France,30.9391,-0.2266252086020171,84.0,89.0,49500000.0,45000.0,74.0,61.0,64.0,70.0,60.0,71.0,18.0,15.0,17.0,32.0,16.0,40.0,49.0,51.0,39.0,82.0,55.0,64.0,74.0,39.0,78.0,20.0,30.0,25.0,15.0,60.0,65.0,23.0,16.0,19.0,83.0,81.0,85.0,84.0,86.0
Jean-Philippe Mateta,FW,France,28.9528,-1.1912985258439326,75.0,80.0,8500000.0,22000.0,69.0,73.0,53.0,71.0,32.0,77.0,39.0,77.0,78.0,74.0,32.0,73.0,59.0,77.0,61.0,75.0,51.0,75.0,77.0,65.0,86.0,63.0,71.0,22.0,75.0,59.0,69.0,29.0,31.0,22.0,8.0,8.0,7.0,13.0,11.0
Kylian Mbappé,"FW,MF",France,27.4736,3.3970578215637843,91.0,95.0,194000000.0,230000.0,97.0,88.0,80.0,92.0,36.0,77.0,78.0,93.0,72.0,93.0,69.0,91.0,97.0,97.0,92.0,93.0,83.0,86.0,78.0,88.0,77.0,82.0,62.0,38.0,92.0,82.0,88.0,26.0,34.0,32.0,13.0,5.0,7.0,11.0,6.0
Michael Olise,"FW,MF",France,24.4956,2.0623286853516505,73.0,85.0,7000000.0,22000.0,78.0,64.0,74.0,77.0,50.0,54.0,70.0,61.0,36.0,74.0,65.0,77.0,80.0,77.0,91.0,69.0,87.0,74.0,51.0,69.0,41.0,64.0,66.0,48.0,65.0,77.0,69.0,52.0,56.0,46.0,9.0,11.0,9.0,10.0,10.0
Adrien Rabiot,MF,France,31.1889,1.020902488168705,81.0,82.0,30000000.0,87000.0,76.0,74.0,76.0,80.0,76.0,79.0,70.0,69.0,69.0,80.0,59.0,84.0,70.0,81.0,69.0,82.0,69.0,86.0,73.0,86.0,80.0,76.0,69.0,80.0,76.0,75.0,80.0,70.0,81.0,75.0,9.0,12.0,9.0,7.0,15.0
Robin Risser,GK,France,21.5229,-2.92657915581144,73.0,79.0,4350000.0,14000.0,74.0,61.0,64.0,70.0,60.0,71.0,60.0,57.0,60.0,68.0,46.0,69.0,73.0,73.0,70.0,69.0,68.0,66.0,69.0,72.0,70.0,59.0,65.0,57.0,62.0,63.0,67.0,56.0,58.0,54.0,10.0,11.0,11.0,11.0,11.0
William Saliba,DF,France,25.2163,0.751689698994102,73.0,79.0,4350000.0,14000.0,74.0,61.0,64.0,70.0,60.0,71.0,60.0,57.0,60.0,68.0,46.0,69.0,73.0,73.0,70.0,69.0,68.0,66.0,69.0,72.0,70.0,59.0,65.0,57.0,62.0,63.0,67.0,56.0,58.0,54.0,10.0,11.0,11.0,11.0,11.0
Brice Samba,GK,France,32.1287,1.3942120171951626,73.0,79.0,4350000.0,14000.0,74.0,61.0,64.0,70.0,60.0,71.0,60.0,57.0,60.0,68.0,46.0,69.0,73.0,73.0,70.0,69.0,68.0,66.0,69.0,72.0,70.0,59.0,65.0,57.0,62.0,63.0,67.0,56.0,58.0,54.0,10.0,11.0,11.0,11.0,11.0
Aurélien Tchouaméni,"DF,MF",France,26.3696,0.944805231499076,79.0,85.0,28000000.0,41000.0,72.0,69.0,75.0,77.0,77.0,82.0,65.0,67.0,73.0,77.0,53.0,79.0,70.0,73.0,75.0,79.0,69.0,76.0,74.0,85.0,82.0,72.0,78.0,78.0,79.0,78.0,78.0,77.0,79.0,71.0,9.0,8.0,12.0,12.0,7.0
Marcus Thuram,"FW,MF",France,28.846,0.4799408597741461,79.0,85.0,27500000.0,29000.0,82.0,78.0,70.0,79.0,48.0,77.0,74.0,80.0,80.0,84.0,30.0,79.0,79.0,84.0,73.0,81.0,57.0,82.0,71.0,79.0,87.0,75.0,50.0,45.0,80.0,76.0,74.0,43.0,49.0,37.0,11.0,13.0,14.0,9.0,15.0
Dayot Upamecano,DF,France,27.6215,0.4357427338290506,82.0,90.0,64000000.0,70000.0,81.0,43.0,62.0,68.0,81.0,81.0,48.0,39.0,82.0,69.0,28.0,69.0,70.0,90.0,60.0,77.0,66.0,60.0,87.0,65.0,88.0,40.0,83.0,77.0,47.0,58.0,71.0,78.0,84.0,90.0,6.0,7.0,8.0,15.0,9.0
Warren Zaïre-Emery,"DF,MF",France,20.2601,0.6402403512785739,73.0,79.0,4350000.0,14000.0,74.0,61.0,64.0,70.0,60.0,71.0,60.0,57.0,60.0,68.0,46.0,69.0,73.0,73.0,70.0,69.0,68.0,66.0,69.0,72.0,70.0,59.0,65.0,57.0,62.0,63.0,67.0,56.0,58.0,54.0,10.0,11.0,11.0,11.0,11.0
Nadiem Amiri,MF,Germany,29.6215,1.381379780902218,77.0,81.0,15000000.0,41000.0,68.0,73.0,78.0,82.0,50.0,67.0,79.0,69.0,37.0,85.0,71.0,82.0,76.0,61.0,82.0,75.0,78.0,82.0,67.0,80.0,65.0,77.0,57.0,63.0,70.0,78.0,72.0,56.0,44.0,34.0,12.0,12.0,14.0,12.0,10.0
Waldemar Anton,"DF,MF",Germany,29.8925,0.6763162233028075,75.0,78.0,7000000.0,20000.0,66.0,46.0,57.0,64.0,76.0,79.0,42.0,42.0,74.0,63.0,39.0,67.0,55.0,75.0,62.0,67.0,57.0,58.0,74.0,76.0,82.0,45.0,76.0,73.0,52.0,52.0,69.0,77.0,78.0,74.0,11.0,12.0,12.0,13.0,13.0
Oliver Baumann,GK,Germany,36.0246,0.935315055733307,82.0,82.0,16000000.0,37000.0,74.0,61.0,64.0,70.0,60.0,71.0,14.0,11.0,16.0,19.0,11.0,17.0,47.0,51.0,45.0,82.0,43.0,59.0,73.0,39.0,69.0,13.0,32.0,21.0,10.0,41.0,52.0,15.0,18.0,14.0,81.0,80.0,79.0,79.0,82.0
Maximilian Beier,"FW,MF",Germany,23.6489,0.9883298648471828,64.0,78.0,1400000.0,3000.0,64.0,66.0,45.0,62.0,25.0,42.0,34.0,71.0,61.0,60.0,35.0,63.0,66.0,62.0,66.0,68.0,74.0,66.0,61.0,48.0,40.0,58.0,35.0,19.0,71.0,55.0,52.0,22.0,21.0,17.0,6.0,8.0,8.0,6.0,13.0
Nathaniel Brown,"DF,MF",Germany,22.9856,1.3889236503893256,73.0,79.0,4350000.0,14000.0,74.0,61.0,64.0,70.0,60.0,71.0,60.0,57.0,60.0,68.0,46.0,69.0,73.0,73.0,70.0,69.0,68.0,66.0,69.0,72.0,70.0,59.0,65.0,57.0,62.0,63.0,67.0,56.0,58.0,54.0,10.0,11.0,11.0,11.0,11.0
Leon Goretzka,MF,Germany,31.3422,0.5756430126462859,87.0,88.0,93000000.0,140000.0,81.0,82.0,82.0,84.0,81.0,86.0,75.0,82.0,86.0,84.0,75.0,87.0,78.0,83.0,76.0,88.0,71.0,85.0,79.0,88.0,88.0,86.0,81.0,86.0,85.0,84.0,82.0,74.0,85.0,77.0,13.0,8.0,15.0,11.0,9.0
Pascal Groß,"DF,MF",Germany,34.9884,1.7062717021685485,76.0,76.0,7000000.0,51000.0,50.0,74.0,80.0,75.0,58.0,71.0,82.0,72.0,53.0,76.0,77.0,77.0,55.0,45.0,66.0,77.0,73.0,76.0,71.0,79.0,68.0,80.0,69.0,58.0,75.0,80.0,79.0,56.0,60.0,59.0,8.0,15.0,15.0,16.0,11.0
Kai Havertz,"FW,MF",Germany,27.0,3.640760417797386,84.0,92.0,94500000.0,130000.0,82.0,78.0,79.0,84.0,45.0,66.0,72.0,81.0,78.0,86.0,53.0,85.0,77.0,86.0,78.0,83.0,75.0,74.0,75.0,77.0,69.0,77.0,42.0,38.0,82.0,81.0,84.0,39.0,46.0,38.0,6.0,8.0,11.0,10.0,12.0
Lennart Karl,MF,Germany,18.2984,2.4541766226934927,69.0,76.0,2400000.0,13000.0,74.0,61.0,64.0,70.0,60.0,71.0,8.0,5.0,14.0,10.0,8.0,17.0,38.0,43.0,40.0,62.0,29.0,46.0,56.0,31.0,60.0,5.0,20.0,8.0,6.0,38.0,38.0,10.0,14.0,11.0,70.0,67.0,61.0,67.0,72.0
Joshua Kimmich,"DF,MF",Germany,31.3368,1.5508547215070745,89.0,90.0,108000000.0,160000.0,70.0,73.0,86.0,84.0,83.0,79.0,91.0,68.0,72.0,83.0,61.0,85.0,77.0,65.0,84.0,88.0,84.0,78.0,79.0,94.0,68.0,84.0,89.0,84.0,80.0,85.0,85.0,85.0,85.0,79.0,8.0,15.0,7.0,15.0,15.0
Jamie Leweling,"FW,MF",Germany,25.2875,0.4806466514868432,68.0,82.0,2900000.0,8000.0,84.0,59.0,58.0,72.0,31.0,68.0,64.0,62.0,52.0,74.0,43.0,71.0,85.0,83.0,77.0,63.0,76.0,61.0,61.0,71.0,73.0,53.0,52.0,23.0,59.0,55.0,53.0,31.0,31.0,23.0,6.0,11.0,10.0,14.0,9.0
Jamal Musiala,MF,Germany,23.2875,2.488900776858337,75.0,88.0,13000000.0,19000.0,76.0,70.0,67.0,84.0,31.0,49.0,65.0,75.0,42.0,86.0,38.0,84.0,80.0,73.0,87.0,68.0,90.0,68.0,47.0,58.0,43.0,72.0,52.0,27.0,69.0,69.0,77.0,33.0,28.0,29.0,6.0,9.0,8.0,8.0,11.0
Manuel Neuer,GK,Germany,40.2081,-2.92657915581144,90.0,90.0,13500000.0,86000.0,74.0,61.0,64.0,70.0,60.0,71.0,15.0,13.0,25.0,30.0,11.0,46.0,54.0,60.0,51.0,87.0,35.0,68.0,77.0,43.0,80.0,16.0,29.0,30.0,12.0,70.0,70.0,17.0,10.0,11.0,88.0,88.0,91.0,89.0,88.0
Felix Nmecha,MF,Germany,25.668,1.4616386939695825,73.0,79.0,4350000.0,14000.0,74.0,61.0,64.0,70.0,60.0,71.0,60.0,57.0,60.0,68.0,46.0,69.0,73.0,73.0,70.0,69.0,68.0,66.0,69.0,72.0,70.0,59.0,65.0,57.0,62.0,63.0,67.0,56.0,58.0,54.0,10.0,11.0,11.0,11.0,11.0
Alexander Nübel,GK,Germany,29.6954,0.4700699178751695,75.0,80.0,7000000.0,34000.0,74.0,61.0,64.0,70.0,60.0,71.0,15.0,18.0,13.0,18.0,20.0,20.0,49.0,46.0,34.0,70.0,58.0,53.0,61.0,39.0,70.0,18.0,23.0,20.0,10.0,22.0,32.0,23.0,14.0,13.0,75.0,65.0,71.0,76.0,85.0
Assan Ouédraogo,MF,Germany,20.0903,14.008125766878324,73.0,79.0,4350000.0,14000.0,74.0,61.0,64.0,70.0,60.0,71.0,60.0,57.0,60.0,68.0,46.0,69.0,73.0,73.0,70.0,69.0,68.0,66.0,69.0,72.0,70.0,59.0,65.0,57.0,62.0,63.0,67.0,56.0,58.0,54.0,10.0,11.0,11.0,11.0,11.0
Aleksandar Pavlovic,MF,Germany,22.1068,2.119989035958833,73.0,79.0,4350000.0,14000.0,74.0,61.0,64.0,70.0,60.0,71.0,60.0,57.0,60.0,68.0,46.0,69.0,73.0,73.0,70.0,69.0,68.0,66.0,69.0,72.0,70.0,59.0,65.0,57.0,62.0,63.0,67.0,56.0,58.0,54.0,10.0,11.0,11.0,11.0,11.0
David Raum,"DF,MF",Germany,28.1369,1.2084746298068392,73.0,80.0,6000000.0,20000.0,86.0,59.0,66.0,74.0,64.0,70.0,76.0,57.0,57.0,72.0,37.0,76.0,87.0,85.0,77.0,70.0,76.0,64.0,63.0,82.0,67.0,65.0,62.0,68.0,59.0,63.0,68.0,59.0,68.0,66.0,11.0,8.0,14.0,12.0,6.0
Antonio Rüdiger,DF,Germany,33.2738,-1.2182220388598035,83.0,84.0,34500000.0,130000.0,75.0,43.0,68.0,64.0,84.0,84.0,68.0,32.0,81.0,60.0,56.0,69.0,64.0,84.0,56.0,82.0,50.0,72.0,84.0,69.0,88.0,44.0,92.0,81.0,39.0,59.0,72.0,85.0,86.0,82.0,14.0,15.0,10.0,12.0,8.0
Leroy Sané,"FW,MF",Germany,30.4134,4.317047760715168,84.0,87.0,56000000.0,105000.0,90.0,81.0,79.0,85.0,38.0,68.0,83.0,81.0,72.0,87.0,82.0,84.0,91.0,89.0,84.0,79.0,79.0,87.0,64.0,68.0,70.0,78.0,63.0,34.0,84.0,82.0,80.0,36.0,32.0,35.0,8.0,12.0,9.0,9.0,14.0
Nico Schlotterbeck,DF,Germany,26.5257,1.318852790211987,73.0,83.0,6500000.0,14000.0,69.0,29.0,47.0,53.0,75.0,75.0,29.0,21.0,71.0,47.0,35.0,58.0,62.0,75.0,53.0,73.0,52.0,51.0,67.0,68.0,82.0,26.0,68.0,75.0,25.0,42.0,59.0,76.0,77.0,74.0,8.0,10.0,8.0,14.0,13.0
Angelo Stiller,MF,Germany,25.1862,-2.168135353344028,67.0,79.0,2300000.0,7000.0,64.0,53.0,72.0,67.0,60.0,63.0,64.0,47.0,63.0,65.0,66.0,72.0,64.0,64.0,70.0,58.0,67.0,64.0,70.0,77.0,57.0,61.0,61.0,55.0,59.0,72.0,67.0,57.0,66.0,62.0,7.0,14.0,5.0,9.0,9.0
Jonathan Tah,DF,Germany,30.3285,1.1817566913963136,78.0,82.0,17500000.0,43000.0,67.0,27.0,55.0,57.0,79.0,81.0,35.0,20.0,79.0,52.0,27.0,64.0,63.0,71.0,48.0,75.0,38.0,44.0,70.0,64.0,92.0,25.0,77.0,76.0,27.0,56.0,74.0,80.0,82.0,76.0,11.0,8.0,7.0,9.0,14.0
Malick Thiaw,"DF,MF",Germany,24.8405,1.9137940558686355,68.0,81.0,2700000.0,3000.0,65.0,43.0,54.0,58.0,68.0,69.0,41.0,43.0,72.0,57.0,44.0,60.0,63.0,66.0,54.0,63.0,60.0,50.0,76.0,65.0,74.0,35.0,62.0,66.0,40.0,52.0,55.0,66.0,70.0,66.0,10.0,6.0,15.0,11.0,9.0
Deniz Undav,"FW,MF",Germany,29.8953,5.760840435661307,69.0,73.0,2000000.0,8000.0,61.0,73.0,53.0,68.0,31.0,73.0,42.0,75.0,59.0,68.0,55.0,70.0,64.0,59.0,66.0,57.0,82.0,75.0,66.0,59.0,83.0,75.0,68.0,18.0,69.0,51.0,61.0,25.0,37.0,29.0,9.0,12.0,9.0,11.0,13.0
Florian Wirtz,"FW,MF",Germany,23.1068,2.09995692748567,78.0,89.0,29500000.0,18000.0,72.0,68.0,76.0,83.0,51.0,59.0,71.0,70.0,39.0,85.0,54.0,83.0,76.0,68.0,85.0,68.0,81.0,66.0,52.0,78.0,50.0,65.0,60.0,45.0,74.0,83.0,80.0,54.0,54.0,52.0,14.0,14.0,13.0,6.0,10.0
Nick Woltemade,"FW,MF",Germany,24.3203,0.9065125387929376,63.0,76.0,1100000.0,2000.0,61.0,61.0,53.0,62.0,31.0,60.0,43.0,65.0,63.0,67.0,42.0,68.0,53.0,68.0,34.0,63.0,33.0,60.0,49.0,55.0,66.0,55.0,53.0,25.0,59.0,56.0,58.0,25.0,30.0,27.0,11.0,8.0,13.0,9.0,8.0
Jonas Adjetey,DF,Ghana,22.4928,-1.3841020228950098,73.0,79.0,4350000.0,14000.0,74.0,61.0,64.0,70.0,60.0,71.0,60.0,57.0,60.0,68.0,46.0,69.0,73.0,73.0,70.0,69.0,68.0,66.0,69.0,72.0,70.0,59.0,65.0,57.0,62.0,63.0,67.0,56.0,58.0,54.0,10.0,11.0,11.0,11.0,11.0
Joseph Anang,GK,Ghana,26.0082,-2.92657915581144,66.0,67.0,975000.0,3000.0,69.0,51.0,64.0,73.0,57.0,64.0,46.0,54.0,44.0,74.0,43.0,73.0,68.0,69.0,73.0,65.0,72.0,49.0,74.0,50.0,71.0,46.0,59.0,62.0,64.0,72.0,74.0,60.0,58.0,45.0,16.0,9.0,12.0,10.0,6.0
Benjamin Asare,GK,Ghana,33.9117,-0.2150964279859282,73.0,79.0,4350000.0,14000.0,74.0,61.0,64.0,70.0,60.0,71.0,60.0,57.0,60.0,68.0,46.0,69.0,73.0,73.0,70.0,69.0,68.0,66.0,69.0,72.0,70.0,59.0,65.0,57.0,62.0,63.0,67.0,56.0,58.0,54.0,10.0,11.0,11.0,11.0,11.0
Lawrence Ati-Zigi,GK,Ghana,29.5311,-1.2492816208298712,70.0,78.0,3100000.0,4000.0,74.0,61.0,64.0,70.0,60.0,71.0,14.0,18.0,20.0,11.0,23.0,24.0,45.0,33.0,38.0,65.0,57.0,47.0,59.0,32.0,71.0,20.0,22.0,21.0,17.0,42.0,48.0,11.0,15.0,23.0,75.0,64.0,63.0,66.0,74.0
Jordan Ayew,"FW,MF",Ghana,34.7474,2.006490738458708,75.0,75.0,5500000.0,52000.0,76.0,74.0,70.0,78.0,46.0,72.0,71.0,74.0,75.0,79.0,69.0,77.0,74.0,78.0,79.0,75.0,74.0,76.0,71.0,75.0,72.0,73.0,69.0,40.0,76.0,71.0,70.0,37.0,52.0,36.0,6.0,8.0,7.0,16.0,8.0
Augustine Boakye,"FW,MF",Ghana,25.6023,-2.92657915581144,56.0,67.0,325000.0,2000.0,84.0,47.0,50.0,61.0,26.0,49.0,47.0,48.0,38.0,62.0,45.0,60.0,82.0,85.0,70.0,55.0,68.0,53.0,52.0,64.0,48.0,42.0,33.0,18.0,50.0,53.0,45.0,32.0,22.0,28.0,10.0,10.0,11.0,14.0,6.0
Christopher Bonsu-Baah,MF,Ghana,21.4901,-3.036861817856225,73.0,79.0,4350000.0,14000.0,74.0,61.0,64.0,70.0,60.0,71.0,60.0,57.0,60.0,68.0,46.0,69.0,73.0,73.0,70.0,69.0,68.0,66.0,69.0,72.0,70.0,59.0,65.0,57.0,62.0,63.0,67.0,56.0,58.0,54.0,10.0,11.0,11.0,11.0,11.0
Abdul Fatawu Issahaku,"FW,MF",Ghana,22.2601,0.7189046445537297,73.0,79.0,4350000.0,14000.0,74.0,61.0,64.0,70.0,60.0,71.0,60.0,57.0,60.0,68.0,46.0,69.0,73.0,73.0,70.0,69.0,68.0,66.0,69.0,72.0,70.0,59.0,65.0,57.0,62.0,63.0,67.0,56.0,58.0,54.0,10.0,11.0,11.0,11.0,11.0
Prince Kwabena Adu,FW,Ghana,22.7146,-2.7195313120897744,73.0,79.0,4350000.0,14000.0,74.0,61.0,64.0,70.0,60.0,71.0,60.0,57.0,60.0,68.0,46.0,69.0,73.0,73.0,70.0,69.0,68.0,66.0,69.0,72.0,70.0,59.0,65.0,57.0,62.0,63.0,67.0,56.0,58.0,54.0,10.0,11.0,11.0,11.0,11.0
Derrick Luckassen,"DF,MF",Ghana,30.9391,-2.157121785562176,73.0,79.0,4350000.0,14000.0,74.0,61.0,64.0,70.0,60.0,71.0,60.0,57.0,60.0,68.0,46.0,69.0,73.0,73.0,70.0,69.0,68.0,66.0,69.0,72.0,70.0,59.0,65.0,57.0,62.0,63.0,67.0,56.0,58.0,54.0,10.0,11.0,11.0,11.0,11.0
Gideon Mensah,"DF,MF",Ghana,27.898,0.3096596954019035,71.0,78.0,3600000.0,13000.0,75.0,56.0,64.0,71.0,65.0,65.0,71.0,53.0,62.0,71.0,49.0,71.0,77.0,74.0,71.0,68.0,77.0,65.0,73.0,71.0,57.0,53.0,77.0,64.0,66.0,54.0,63.0,60.0,70.0,71.0,8.0,14.0,8.0,11.0,7.0
Abdul Mumin,DF,Ghana,28.0137,-1.467033106777688,68.0,77.0,2500000.0,4000.0,79.0,36.0,58.0,61.0,65.0,74.0,47.0,32.0,69.0,58.0,26.0,63.0,77.0,80.0,64.0,64.0,66.0,52.0,80.0,69.0,76.0,28.0,73.0,63.0,43.0,48.0,62.0,64.0,66.0,65.0,13.0,6.0,10.0,9.0,11.0
Ernest Nuamah,"FW,MF",Ghana,22.6078,1.593129476644778,73.0,79.0,4350000.0,14000.0,74.0,61.0,64.0,70.0,60.0,71.0,60.0,57.0,60.0,68.0,46.0,69.0,73.0,73.0,70.0,69.0,68.0,66.0,69.0,72.0,70.0,59.0,65.0,57.0,62.0,63.0,67.0,56.0,58.0,54.0,10.0,11.0,11.0,11.0,11.0
Jerome Opoku,DF,Ghana,27.6571,-0.3434096800623376,73.0,79.0,4350000.0,14000.0,74.0,61.0,64.0,70.0,60.0,71.0,60.0,57.0,60.0,68.0,46.0,69.0,73.0,73.0,70.0,69.0,68.0,66.0,69.0,72.0,70.0,59.0,65.0,57.0,62.0,63.0,67.0,56.0,58.0,54.0,10.0,11.0,11.0,11.0,11.0
Elisha Owusu,MF,Ghana,28.5914,-1.1778557174673718,73.0,79.0,4350000.0,14000.0,74.0,61.0,64.0,70.0,60.0,71.0,60.0,57.0,60.0,68.0,46.0,69.0,73.0,73.0,70.0,69.0,68.0,66.0,69.0,72.0,70.0,59.0,65.0,57.0,62.0,63.0,67.0,56.0,58.0,54.0,10.0,11.0,11.0,11.0,11.0
Thomas Partey,"DF,MF",Ghana,32.9938,0.7029689696453554,83.0,83.0,36500000.0,115000.0,69.0,71.0,82.0,81.0,80.0,84.0,74.0,66.0,68.0,84.0,70.0,83.0,63.0,74.0,75.0,82.0,50.0,86.0,83.0,83.0,84.0,78.0,84.0,81.0,70.0,85.0,86.0,80.0,84.0,80.0,11.0,13.0,9.0,9.0,7.0
Kojo Peprah Oppong,DF,Ghana,22.0192,-1.5204368849906222,73.0,79.0,4350000.0,14000.0,74.0,61.0,64.0,70.0,60.0,71.0,60.0,57.0,60.0,68.0,46.0,69.0,73.0,73.0,70.0,69.0,68.0,66.0,69.0,72.0,70.0,59.0,65.0,57.0,62.0,63.0,67.0,56.0,58.0,54.0,10.0,11.0,11.0,11.0,11.0
Abdul Rahman Baba,"DF,MF",Ghana,31.9418,-7.00472619336668,74.0,75.0,4500000.0,66000.0,77.0,53.0,66.0,73.0,70.0,72.0,74.0,52.0,67.0,73.0,23.0,74.0,75.0,78.0,74.0,73.0,72.0,61.0,74.0,68.0,73.0,48.0,74.0,72.0,63.0,59.0,69.0,68.0,71.0,71.0,12.0,11.0,6.0,11.0,10.0
Alidu Seidu,DF,Ghana,26.0192,-0.961895665622028,73.0,79.0,4350000.0,14000.0,74.0,61.0,64.0,70.0,60.0,71.0,60.0,57.0,60.0,68.0,46.0,69.0,73.0,73.0,70.0,69.0,68.0,66.0,69.0,72.0,70.0,59.0,65.0,57.0,62.0,63.0,67.0,56.0,58.0,54.0,10.0,11.0,11.0,11.0,11.0
Antoine Semenyo,"FW,MF",Ghana,26.4244,-0.726716162011796,73.0,79.0,4350000.0,14000.0,74.0,61.0,64.0,70.0,60.0,71.0,60.0,57.0,60.0,68.0,46.0,69.0,73.0,73.0,70.0,69.0,68.0,66.0,69.0,72.0,70.0,59.0,65.0,57.0,62.0,63.0,67.0,56.0,58.0,54.0,10.0,11.0,11.0,11.0,11.0
Marvin Senaya,"DF,MF",Ghana,25.3669,-1.3424603667400743,73.0,79.0,4350000.0,14000.0,74.0,61.0,64.0,70.0,60.0,71.0,60.0,57.0,60.0,68.0,46.0,69.0,73.0,73.0,70.0,69.0,68.0,66.0,69.0,72.0,70.0,59.0,65.0,57.0,62.0,63.0,67.0,56.0,58.0,54.0,10.0,11.0,11.0,11.0,11.0
Kwasi Sibo,MF,Ghana,27.9637,-0.8112707255335875,73.0,79.0,4350000.0,14000.0,74.0,61.0,64.0,70.0,60.0,71.0,60.0,57.0,60.0,68.0,46.0,69.0,73.0,73.0,70.0,69.0,68.0,66.0,69.0,72.0,70.0,59.0,65.0,57.0,62.0,63.0,67.0,56.0,58.0,54.0,10.0,11.0,11.0,11.0,11.0
Kamaldeen Sulemana,"FW,MF",Ghana,24.3176,-0.4844107835539299,72.0,84.0,5500000.0,19000.0,93.0,66.0,60.0,76.0,28.0,63.0,57.0,70.0,42.0,75.0,50.0,73.0,92.0,93.0,89.0,62.0,89.0,64.0,78.0,71.0,61.0,61.0,52.0,26.0,67.0,64.0,71.0,30.0,25.0,25.0,6.0,13.0,7.0,12.0,14.0
Brandon Thomas-Asante,"FW,MF",Ghana,27.449,-2.269542769563433,73.0,79.0,4350000.0,14000.0,74.0,61.0,64.0,70.0,60.0,71.0,60.0,57.0,60.0,68.0,46.0,69.0,73.0,73.0,70.0,69.0,68.0,66.0,69.0,72.0,70.0,59.0,65.0,57.0,62.0,63.0,67.0,56.0,58.0,54.0,10.0,11.0,11.0,11.0,11.0
Iñaki Williams,"FW,MF",Ghana,31.9884,-0.7047984226799439,73.0,79.0,4350000.0,14000.0,74.0,61.0,64.0,70.0,60.0,71.0,60.0,57.0,60.0,68.0,46.0,69.0,73.0,73.0,70.0,69.0,68.0,66.0,69.0,72.0,70.0,59.0,65.0,57.0,62.0,63.0,67.0,56.0,58.0,54.0,10.0,11.0,11.0,11.0,11.0
Caleb Yirenkyi,MF,Ghana,20.4025,-0.7553115560816223,73.0,79.0,4350000.0,14000.0,74.0,61.0,64.0,70.0,60.0,71.0,60.0,57.0,60.0,68.0,46.0,69.0,73.0,73.0,70.0,69.0,68.0,66.0,69.0,72.0,70.0,59.0,65.0,57.0,62.0,63.0,67.0,56.0,58.0,54.0,10.0,11.0,11.0,11.0,11.0
Ricardo Adé,DF,Haiti,36.0575,10.458065715404214,73.0,79.0,4350000.0,14000.0,74.0,61.0,64.0,70.0,60.0,71.0,60.0,57.0,60.0,68.0,46.0,69.0,73.0,73.0,70.0,69.0,68.0,66.0,69.0,72.0,70.0,59.0,65.0,57.0,62.0,63.0,67.0,56.0,58.0,54.0,10.0,11.0,11.0,11.0,11.0
Carlens Arcus,DF,Haiti,29.9528,0.6716844999367207,73.0,79.0,4350000.0,14000.0,74.0,61.0,64.0,70.0,60.0,71.0,60.0,57.0,60.0,68.0,46.0,69.0,73.0,73.0,70.0,69.0,68.0,66.0,69.0,72.0,70.0,59.0,65.0,57.0,62.0,63.0,67.0,56.0,58.0,54.0,10.0,11.0,11.0,11.0,11.0
Jean-Ricner Bellegarde,MF,Haiti,27.9555,-2.169502588795824,73.0,79.0,4350000.0,14000.0,74.0,61.0,64.0,70.0,60.0,71.0,60.0,57.0,60.0,68.0,46.0,69.0,73.0,73.0,70.0,69.0,68.0,66.0,69.0,72.0,70.0,59.0,65.0,57.0,62.0,63.0,67.0,56.0,58.0,54.0,10.0,11.0,11.0,11.0,11.0
Josué Casimir,"FW,MF",Haiti,24.7118,-1.4828848594376782,73.0,79.0,4350000.0,14000.0,74.0,61.0,64.0,70.0,60.0,71.0,60.0,57.0,60.0,68.0,46.0,69.0,73.0,73.0,70.0,69.0,68.0,66.0,69.0,72.0,70.0,59.0,65.0,57.0,62.0,63.0,67.0,56.0,58.0,54.0,10.0,11.0,11.0,11.0,11.0
Louicius Deedson,MF,Haiti,25.3285,-0.0446339301328658,73.0,79.0,4350000.0,14000.0,74.0,61.0,64.0,70.0,60.0,71.0,60.0,57.0,60.0,68.0,46.0,69.0,73.0,73.0,70.0,69.0,68.0,66.0,69.0,72.0,70.0,59.0,65.0,57.0,62.0,63.0,67.0,56.0,58.0,54.0,10.0,11.0,11.0,11.0,11.0
Hannes Delcroix,DF,Haiti,27.282,-1.7510326783527113,73.0,79.0,4350000.0,14000.0,74.0,61.0,64.0,70.0,60.0,71.0,60.0,57.0,60.0,68.0,46.0,69.0,73.0,73.0,70.0,69.0,68.0,66.0,69.0,72.0,70.0,59.0,65.0,57.0,62.0,63.0,67.0,56.0,58.0,54.0,10.0,11.0,11.0,11.0,11.0
Josué Duverger,GK,Haiti,26.1232,-1.9715230859114383,73.0,79.0,4350000.0,14000.0,74.0,61.0,64.0,70.0,60.0,71.0,60.0,57.0,60.0,68.0,46.0,69.0,73.0,73.0,70.0,69.0,68.0,66.0,69.0,72.0,70.0,59.0,65.0,57.0,62.0,63.0,67.0,56.0,58.0,54.0,10.0,11.0,11.0,11.0,11.0
Jean-Kevin Duverne,DF,Haiti,28.9144,-1.6994098740999957,73.0,79.0,4350000.0,14000.0,74.0,61.0,64.0,70.0,60.0,71.0,60.0,57.0,60.0,68.0,46.0,69.0,73.0,73.0,70.0,69.0,68.0,66.0,69.0,72.0,70.0,59.0,65.0,57.0,62.0,63.0,67.0,56.0,58.0,54.0,10.0,11.0,11.0,11.0,11.0
Derrick Etienne,"FW,MF",Haiti,29.5421,-0.7438440487591674,66.0,69.0,1200000.0,2000.0,79.0,58.0,59.0,69.0,39.0,63.0,58.0,59.0,40.0,69.0,40.0,66.0,82.0,77.0,80.0,60.0,77.0,67.0,69.0,67.0,61.0,50.0,63.0,42.0,59.0,64.0,65.0,50.0,29.0,25.0,7.0,10.0,6.0,6.0,5.0
Martin Expérience,DF,Haiti,27.2574,-0.798859473870732,73.0,79.0,4350000.0,14000.0,74.0,61.0,64.0,70.0,60.0,71.0,60.0,57.0,60.0,68.0,46.0,69.0,73.0,73.0,70.0,69.0,68.0,66.0,69.0,72.0,70.0,59.0,65.0,57.0,62.0,63.0,67.0,56.0,58.0,54.0,10.0,11.0,11.0,11.0,11.0
Yassin Fortuné,"FW,MF",Haiti,27.3614,-1.910439577399756,73.0,79.0,4350000.0,14000.0,74.0,61.0,64.0,70.0,60.0,71.0,60.0,57.0,60.0,68.0,46.0,69.0,73.0,73.0,70.0,69.0,68.0,66.0,69.0,72.0,70.0,59.0,65.0,57.0,62.0,63.0,67.0,56.0,58.0,54.0,10.0,11.0,11.0,11.0,11.0
Carl Fred Sainté,MF,Haiti,23.8378,1.2950649342263776,73.0,79.0,4350000.0,14000.0,74.0,61.0,64.0,70.0,60.0,71.0,60.0,57.0,60.0,68.0,46.0,69.0,73.0,73.0,70.0,69.0,68.0,66.0,69.0,72.0,70.0,59.0,65.0,57.0,62.0,63.0,67.0,56.0,58.0,54.0,10.0,11.0,11.0,11.0,11.0
Wilson Isidor,FW,Haiti,25.7885,-1.0125942742105625,73.0,79.0,4350000.0,14000.0,74.0,61.0,64.0,70.0,60.0,71.0,60.0,57.0,60.0,68.0,46.0,69.0,73.0,73.0,70.0,69.0,68.0,66.0,69.0,72.0,70.0,59.0,65.0,57.0,62.0,63.0,67.0,56.0,58.0,54.0,10.0,11.0,11.0,11.0,11.0
Danley Jean-Jacques,MF,Haiti,26.0602,-1.3229827393611544,73.0,79.0,4350000.0,14000.0,74.0,61.0,64.0,70.0,60.0,71.0,60.0,57.0,60.0,68.0,46.0,69.0,73.0,73.0,70.0,69.0,68.0,66.0,69.0,72.0,70.0,59.0,65.0,57.0,62.0,63.0,67.0,56.0,58.0,54.0,10.0,11.0,11.0,11.0,11.0
Lenny Joseph,"FW,MF",Haiti,25.6626,0.1098420720025327,73.0,79.0,4350000.0,14000.0,74.0,61.0,64.0,70.0,60.0,71.0,60.0,57.0,60.0,68.0,46.0,69.0,73.0,73.0,70.0,69.0,68.0,66.0,69.0,72.0,70.0,59.0,65.0,57.0,62.0,63.0,67.0,56.0,58.0,54.0,10.0,11.0,11.0,11.0,11.0
Duke Lacroix,"DF,FW",Haiti,32.6571,-0.3856806778274498,73.0,79.0,4350000.0,14000.0,74.0,61.0,64.0,70.0,60.0,71.0,60.0,57.0,60.0,68.0,46.0,69.0,73.0,73.0,70.0,69.0,68.0,66.0,69.0,72.0,70.0,59.0,65.0,57.0,62.0,63.0,67.0,56.0,58.0,54.0,10.0,11.0,11.0,11.0,11.0
Duckens Nazon,"FW,MF",Haiti,32.178,-0.2705860766867226,66.0,67.0,1000000.0,2000.0,75.0,65.0,47.0,66.0,24.0,63.0,35.0,66.0,58.0,67.0,32.0,66.0,73.0,77.0,67.0,63.0,70.0,68.0,65.0,50.0,78.0,61.0,40.0,20.0,62.0,45.0,56.0,21.0,20.0,16.0,14.0,8.0,9.0,16.0,13.0
Wilguens Paugain,DF,Haiti,24.7967,-3.259971584391879,73.0,79.0,4350000.0,14000.0,74.0,61.0,64.0,70.0,60.0,71.0,60.0,57.0,60.0,68.0,46.0,69.0,73.0,73.0,70.0,69.0,68.0,66.0,69.0,72.0,70.0,59.0,65.0,57.0,62.0,63.0,67.0,56.0,58.0,54.0,10.0,11.0,11.0,11.0,11.0
Alexandre Pierre,GK,Haiti,25.2902,-1.4176980256819665,73.0,79.0,4350000.0,14000.0,74.0,61.0,64.0,70.0,60.0,71.0,60.0,57.0,60.0,68.0,46.0,69.0,73.0,73.0,70.0,69.0,68.0,66.0,69.0,72.0,70.0,59.0,65.0,57.0,62.0,63.0,67.0,56.0,58.0,54.0,10.0,11.0,11.0,11.0,11.0
Leverton Pierre,MF,Haiti,28.2574,-1.0462232090556278,64.0,71.0,1100000.0,1000.0,68.0,53.0,59.0,64.0,61.0,69.0,51.0,54.0,60.0,64.0,32.0,67.0,65.0,70.0,63.0,55.0,65.0,52.0,68.0,69.0,75.0,55.0,56.0,60.0,52.0,62.0,65.0,57.0,66.0,60.0,6.0,5.0,8.0,7.0,7.0
Woodensky Pierre,MF,Haiti,21.4463,-1.908062684241396,73.0,79.0,4350000.0,14000.0,74.0,61.0,64.0,70.0,60.0,71.0,60.0,57.0,60.0,68.0,46.0,69.0,73.0,73.0,70.0,69.0,68.0,66.0,69.0,72.0,70.0,59.0,65.0,57.0,62.0,63.0,67.0,56.0,58.0,54.0,10.0,11.0,11.0,11.0,11.0
Frantzdy Pierrot,FW,Haiti,31.2026,0.235461794278676,67.0,70.0,1300000.0,4000.0,64.0,69.0,50.0,58.0,27.0,79.0,52.0,71.0,65.0,59.0,33.0,63.0,59.0,68.0,51.0,57.0,32.0,80.0,69.0,71.0,92.0,60.0,61.0,18.0,67.0,54.0,65.0,26.0,24.0,21.0,9.0,7.0,13.0,15.0,15.0
Johny Placide,GK,Haiti,38.3641,-1.1202298415138068,66.0,66.0,275000.0,1000.0,74.0,61.0,64.0,70.0,60.0,71.0,11.0,12.0,15.0,10.0,10.0,17.0,53.0,56.0,38.0,68.0,38.0,47.0,55.0,27.0,70.0,11.0,29.0,20.0,11.0,26.0,57.0,18.0,13.0,12.0,62.0,63.0,63.0,65.0,70.0
Ruben Providence,MF,Haiti,24.9281,-0.1861394408978452,73.0,79.0,4350000.0,14000.0,74.0,61.0,64.0,70.0,60.0,71.0,60.0,57.0,60.0,68.0,46.0,69.0,73.0,73.0,70.0,69.0,68.0,66.0,69.0,72.0,70.0,59.0,65.0,57.0,62.0,63.0,67.0,56.0,58.0,54.0,10.0,11.0,11.0,11.0,11.0
Dominique Simon,MF,Haiti,25.8679,-0.7959306325909712,73.0,79.0,4350000.0,14000.0,74.0,61.0,64.0,70.0,60.0,71.0,60.0,57.0,60.0,68.0,46.0,69.0,73.0,73.0,70.0,69.0,68.0,66.0,69.0,72.0,70.0,59.0,65.0,57.0,62.0,63.0,67.0,56.0,58.0,54.0,10.0,11.0,11.0,11.0,11.0
Keeto Thermoncy,DF,Haiti,20.2026,0.589058171006499,73.0,79.0,4350000.0,14000.0,74.0,61.0,64.0,70.0,60.0,71.0,60.0,57.0,60.0,68.0,46.0,69.0,73.0,73.0,70.0,69.0,68.0,66.0,69.0,72.0,70.0,59.0,65.0,57.0,62.0,63.0,67.0,56.0,58.0,54.0,10.0,11.0,11.0,11.0,11.0
Ali Alipour,FW,IR Iran,30.5804,4.026553333204435,73.0,79.0,4350000.0,14000.0,74.0,61.0,64.0,70.0,60.0,71.0,60.0,57.0,60.0,68.0,46.0,69.0,73.0,73.0,70.0,69.0,68.0,66.0,69.0,72.0,70.0,59.0,65.0,57.0,62.0,63.0,67.0,56.0,58.0,54.0,10.0,11.0,11.0,11.0,11.0
Alireza Beiranvand,GK,IR Iran,33.7201,-0.2211493707874944,73.0,79.0,4350000.0,14000.0,74.0,61.0,64.0,70.0,60.0,71.0,60.0,57.0,60.0,68.0,46.0,69.0,73.0,73.0,70.0,69.0,68.0,66.0,69.0,72.0,70.0,59.0,65.0,57.0,62.0,63.0,67.0,56.0,58.0,54.0,10.0,11.0,11.0,11.0,11.0
Rouzbeh Cheshmi,"DF,MF",IR Iran,32.8816,-1.1382259179072969,73.0,79.0,4350000.0,14000.0,74.0,61.0,64.0,70.0,60.0,71.0,60.0,57.0,60.0,68.0,46.0,69.0,73.0,73.0,70.0,69.0,68.0,66.0,69.0,72.0,70.0,59.0,65.0,57.0,62.0,63.0,67.0,56.0,58.0,54.0,10.0,11.0,11.0,11.0,11.0
Dennis Eckert,FW,IR Iran,29.4189,-2.92657915581144,73.0,79.0,4350000.0,14000.0,74.0,61.0,64.0,70.0,60.0,71.0,60.0,57.0,60.0,68.0,46.0,69.0,73.0,73.0,70.0,69.0,68.0,66.0,69.0,72.0,70.0,59.0,65.0,57.0,62.0,63.0,67.0,56.0,58.0,54.0,10.0,11.0,11.0,11.0,11.0
Danial Eiri,DF,IR Iran,22.6242,-2.92657915581144,73.0,79.0,4350000.0,14000.0,74.0,61.0,64.0,70.0,60.0,71.0,60.0,57.0,60.0,68.0,46.0,69.0,73.0,73.0,70.0,69.0,68.0,66.0,69.0,72.0,70.0,59.0,65.0,57.0,62.0,63.0,67.0,56.0,58.0,54.0,10.0,11.0,11.0,11.0,11.0
Saeid Ezatolahi,MF,IR Iran,29.6927,-0.5029846770784867,73.0,79.0,4350000.0,14000.0,74.0,61.0,64.0,70.0,60.0,71.0,60.0,57.0,60.0,68.0,46.0,69.0,73.0,73.0,70.0,69.0,68.0,66.0,69.0,72.0,70.0,59.0,65.0,57.0,62.0,63.0,67.0,56.0,58.0,54.0,10.0,11.0,11.0,11.0,11.0
Mehdi Ghayedi,FW,IR Iran,27.5147,1.6487542759104168,73.0,79.0,4350000.0,14000.0,74.0,61.0,64.0,70.0,60.0,71.0,60.0,57.0,60.0,68.0,46.0,69.0,73.0,73.0,70.0,69.0,68.0,66.0,69.0,72.0,70.0,59.0,65.0,57.0,62.0,63.0,67.0,56.0,58.0,54.0,10.0,11.0,11.0,11.0,11.0
Saman Ghoddos,"FW,MF",IR Iran,32.7611,0.4700179654590124,73.0,79.0,4350000.0,14000.0,74.0,61.0,64.0,70.0,60.0,71.0,60.0,57.0,60.0,68.0,46.0,69.0,73.0,73.0,70.0,69.0,68.0,66.0,69.0,72.0,70.0,59.0,65.0,57.0,62.0,63.0,67.0,56.0,58.0,54.0,10.0,11.0,11.0,11.0,11.0
Mohammad Ghorbani,MF,IR Iran,25.0575,-0.0880496025370969,73.0,79.0,4350000.0,14000.0,74.0,61.0,64.0,70.0,60.0,71.0,60.0,57.0,60.0,68.0,46.0,69.0,73.0,73.0,70.0,69.0,68.0,66.0,69.0,72.0,70.0,59.0,65.0,57.0,62.0,63.0,67.0,56.0,58.0,54.0,10.0,11.0,11.0,11.0,11.0
Ehsan Hajsafi,"DF,MF",IR Iran,36.2902,-1.0098614548244695,73.0,79.0,4350000.0,14000.0,74.0,61.0,64.0,70.0,60.0,71.0,60.0,57.0,60.0,68.0,46.0,69.0,73.0,73.0,70.0,69.0,68.0,66.0,69.0,72.0,70.0,59.0,65.0,57.0,62.0,63.0,67.0,56.0,58.0,54.0,10.0,11.0,11.0,11.0,11.0
Saleh Hardani,DF,IR Iran,27.4572,0.0770483181543732,73.0,79.0,4350000.0,14000.0,74.0,61.0,64.0,70.0,60.0,71.0,60.0,57.0,60.0,68.0,46.0,69.0,73.0,73.0,70.0,69.0,68.0,66.0,69.0,72.0,70.0,59.0,65.0,57.0,62.0,63.0,67.0,56.0,58.0,54.0,10.0,11.0,11.0,11.0,11.0
Hossein Hosseini,GK,IR Iran,33.9473,1.1205390349931044,73.0,79.0,4350000.0,14000.0,74.0,61.0,64.0,70.0,60.0,71.0,60.0,57.0,60.0,68.0,46.0,69.0,73.0,73.0,70.0,69.0,68.0,66.0,69.0,72.0,70.0,59.0,65.0,57.0,62.0,63.0,67.0,56.0,58.0,54.0,10.0,11.0,11.0,11.0,11.0
Amirhossein Hosseinzadeh,FW,IR Iran,25.6133,0.0243292903183143,73.0,79.0,4350000.0,14000.0,74.0,61.0,64.0,70.0,60.0,71.0,60.0,57.0,60.0,68.0,46.0,69.0,73.0,73.0,70.0,69.0,68.0,66.0,69.0,72.0,70.0,59.0,65.0,57.0,62.0,63.0,67.0,56.0,58.0,54.0,10.0,11.0,11.0,11.0,11.0
Alireza Jahanbakhsh,"FW,MF",IR Iran,32.8323,-0.225124997279663,73.0,79.0,4350000.0,14000.0,74.0,61.0,64.0,70.0,60.0,71.0,60.0,57.0,60.0,68.0,46.0,69.0,73.0,73.0,70.0,69.0,68.0,66.0,69.0,72.0,70.0,59.0,65.0,57.0,62.0,63.0,67.0,56.0,58.0,54.0,10.0,11.0,11.0,11.0,11.0
Hossein Kanaanizadegan,DF,IR Iran,32.219,0.5403514227193118,73.0,79.0,4350000.0,14000.0,74.0,61.0,64.0,70.0,60.0,71.0,60.0,57.0,60.0,68.0,46.0,69.0,73.0,73.0,70.0,69.0,68.0,66.0,69.0,72.0,70.0,59.0,65.0,57.0,62.0,63.0,67.0,56.0,58.0,54.0,10.0,11.0,11.0,11.0,11.0
Shoja' Khalilzadeh,DF,IR Iran,37.0767,0.5258324405369632,73.0,79.0,4350000.0,14000.0,74.0,61.0,64.0,70.0,60.0,71.0,60.0,57.0,60.0,68.0,46.0,69.0,73.0,73.0,70.0,69.0,68.0,66.0,69.0,72.0,70.0,59.0,65.0,57.0,62.0,63.0,67.0,56.0,58.0,54.0,10.0,11.0,11.0,11.0,11.0
Shahriar Moghanlou,MF,IR Iran,31.4709,0.4782371392844315,73.0,79.0,4350000.0,14000.0,74.0,61.0,64.0,70.0,60.0,71.0,60.0,57.0,60.0,68.0,46.0,69.0,73.0,73.0,70.0,69.0,68.0,66.0,69.0,72.0,70.0,59.0,65.0,57.0,62.0,63.0,67.0,56.0,58.0,54.0,10.0,11.0,11.0,11.0,11.0
Milad Mohammadi,"DF,MF",IR Iran,32.6982,-0.577320053443567,73.0,79.0,4350000.0,14000.0,74.0,61.0,64.0,70.0,60.0,71.0,60.0,57.0,60.0,68.0,46.0,69.0,73.0,73.0,70.0,69.0,68.0,66.0,69.0,72.0,70.0,59.0,65.0,57.0,62.0,63.0,67.0,56.0,58.0,54.0,10.0,11.0,11.0,11.0,11.0
Mohammad Mohebi,"FW,MF",IR Iran,27.4736,-3.237398068727744,73.0,79.0,4350000.0,14000.0,74.0,61.0,64.0,70.0,60.0,71.0,60.0,57.0,60.0,68.0,46.0,69.0,73.0,73.0,70.0,69.0,68.0,66.0,69.0,72.0,70.0,59.0,65.0,57.0,62.0,63.0,67.0,56.0,58.0,54.0,10.0,11.0,11.0,11.0,11.0
Ali Nemati,DF,IR Iran,30.3368,0.0445910612058082,73.0,79.0,4350000.0,14000.0,74.0,61.0,64.0,70.0,60.0,71.0,60.0,57.0,60.0,68.0,46.0,69.0,73.0,73.0,70.0,69.0,68.0,66.0,69.0,72.0,70.0,59.0,65.0,57.0,62.0,63.0,67.0,56.0,58.0,54.0,10.0,11.0,11.0,11.0,11.0
Payam Niazmand,GK,IR Iran,31.1807,1.1046739345755938,73.0,79.0,4350000.0,14000.0,74.0,61.0,64.0,70.0,60.0,71.0,60.0,57.0,60.0,68.0,46.0,69.0,73.0,73.0,70.0,69.0,68.0,66.0,69.0,72.0,70.0,59.0,65.0,57.0,62.0,63.0,67.0,56.0,58.0,54.0,10.0,11.0,11.0,11.0,11.0
Amirmohammad Razzaghinia,MF,IR Iran,20.167,-1.2962445952743449,73.0,79.0,4350000.0,14000.0,74.0,61.0,64.0,70.0,60.0,71.0,60.0,57.0,60.0,68.0,46.0,69.0,73.0,73.0,70.0,69.0,68.0,66.0,69.0,72.0,70.0,59.0,65.0,57.0,62.0,63.0,67.0,56.0,58.0,54.0,10.0,11.0,11.0,11.0,11.0
Ramin Rezaeian,DF,IR Iran,36.2245,3.142697977745656,73.0,79.0,4350000.0,14000.0,74.0,61.0,64.0,70.0,60.0,71.0,60.0,57.0,60.0,68.0,46.0,69.0,73.0,73.0,70.0,69.0,68.0,66.0,69.0,72.0,70.0,59.0,65.0,57.0,62.0,63.0,67.0,56.0,58.0,54.0,10.0,11.0,11.0,11.0,11.0
Mehdi Taremi,"FW,MF",IR Iran,33.898,-4.358153048609147,73.0,79.0,4350000.0,14000.0,74.0,61.0,64.0,70.0,60.0,71.0,60.0,57.0,60.0,68.0,46.0,69.0,73.0,73.0,70.0,69.0,68.0,66.0,69.0,72.0,70.0,59.0,65.0,57.0,62.0,63.0,67.0,56.0,58.0,54.0,10.0,11.0,11.0,11.0,11.0
Mehdi Torabi,MF,IR Iran,31.7502,-0.1484436785950283,73.0,79.0,4350000.0,14000.0,74.0,61.0,64.0,70.0,60.0,71.0,60.0,57.0,60.0,68.0,46.0,69.0,73.0,73.0,70.0,69.0,68.0,66.0,69.0,72.0,70.0,59.0,65.0,57.0,62.0,63.0,67.0,56.0,58.0,54.0,10.0,11.0,11.0,11.0,11.0
Aria Yousefi,DF,IR Iran,24.1369,0.3096159068457568,73.0,79.0,4350000.0,14000.0,74.0,61.0,64.0,70.0,60.0,71.0,60.0,57.0,60.0,68.0,46.0,69.0,73.0,73.0,70.0,69.0,68.0,66.0,69.0,72.0,70.0,59.0,65.0,57.0,62.0,63.0,67.0,56.0,58.0,54.0,10.0,11.0,11.0,11.0,11.0
Hussein Ali,DF,Iraq,24.2793,-2.92657915581144,73.0,79.0,4350000.0,14000.0,74.0,61.0,64.0,70.0,60.0,71.0,60.0,57.0,60.0,68.0,46.0,69.0,73.0,73.0,70.0,69.0,68.0,66.0,69.0,72.0,70.0,59.0,65.0,57.0,62.0,63.0,67.0,56.0,58.0,54.0,10.0,11.0,11.0,11.0,11.0
Mohanad Ali,FW,Iraq,25.9747,-2.92657915581144,73.0,79.0,4350000.0,14000.0,74.0,61.0,64.0,70.0,60.0,71.0,60.0,57.0,60.0,68.0,46.0,69.0,73.0,73.0,70.0,69.0,68.0,66.0,69.0,72.0,70.0,59.0,65.0,57.0,62.0,63.0,67.0,56.0,58.0,54.0,10.0,11.0,11.0,11.0,11.0
Amir Al Ammari,MF,Iraq,28.8734,-2.92657915581144,73.0,79.0,4350000.0,14000.0,74.0,61.0,64.0,70.0,60.0,71.0,60.0,57.0,60.0,68.0,46.0,69.0,73.0,73.0,70.0,69.0,68.0,66.0,69.0,72.0,70.0,59.0,65.0,57.0,62.0,63.0,67.0,56.0,58.0,54.0,10.0,11.0,11.0,11.0,11.0
Youssef Amyn,MF,Iraq,22.8049,-2.92657915581144,73.0,79.0,4350000.0,14000.0,74.0,61.0,64.0,70.0,60.0,71.0,60.0,57.0,60.0,68.0,46.0,69.0,73.0,73.0,70.0,69.0,68.0,66.0,69.0,72.0,70.0,59.0,65.0,57.0,62.0,63.0,67.0,56.0,58.0,54.0,10.0,11.0,11.0,11.0,11.0
Ahmed Basil,GK,Iraq,29.8104,-2.92657915581144,68.0,68.0,1200000.0,3000.0,79.0,64.0,59.0,71.0,40.0,69.0,61.0,62.0,34.0,71.0,39.0,70.0,77.0,80.0,81.0,66.0,68.0,70.0,49.0,71.0,71.0,65.0,68.0,43.0,63.0,56.0,70.0,55.0,30.0,25.0,8.0,13.0,6.0,9.0,15.0
Ibrahim Bayesh,MF,Iraq,26.1123,-2.92657915581144,73.0,79.0,4350000.0,14000.0,74.0,61.0,64.0,70.0,60.0,71.0,60.0,57.0,60.0,68.0,46.0,69.0,73.0,73.0,70.0,69.0,68.0,66.0,69.0,72.0,70.0,59.0,65.0,57.0,62.0,63.0,67.0,56.0,58.0,54.0,10.0,11.0,11.0,11.0,11.0
Frans Dhia Putros,DF,Iraq,32.909,-2.92657915581144,63.0,63.0,475000.0,2000.0,68.0,55.0,58.0,60.0,59.0,70.0,61.0,54.0,60.0,54.0,58.0,62.0,70.0,67.0,72.0,58.0,73.0,65.0,74.0,74.0,68.0,54.0,70.0,55.0,54.0,52.0,60.0,62.0,60.0,58.0,15.0,15.0,10.0,7.0,7.0
Merchas Doski,"DF,MF",Iraq,26.5092,-2.92657915581144,73.0,79.0,4350000.0,14000.0,74.0,61.0,64.0,70.0,60.0,71.0,60.0,57.0,60.0,68.0,46.0,69.0,73.0,73.0,70.0,69.0,68.0,66.0,69.0,72.0,70.0,59.0,65.0,57.0,62.0,63.0,67.0,56.0,58.0,54.0,10.0,11.0,11.0,11.0,11.0
Marko Farji,MF,Iraq,22.2382,-2.92657915581144,73.0,79.0,4350000.0,14000.0,74.0,61.0,64.0,70.0,60.0,71.0,60.0,57.0,60.0,68.0,46.0,69.0,73.0,73.0,70.0,69.0,68.0,66.0,69.0,72.0,70.0,59.0,65.0,57.0,62.0,63.0,67.0,56.0,58.0,54.0,10.0,11.0,11.0,11.0,11.0
Ali Al Hamadi,FW,Iraq,24.2793,-2.92657915581144,73.0,79.0,4350000.0,14000.0,74.0,61.0,64.0,70.0,60.0,71.0,60.0,57.0,60.0,68.0,46.0,69.0,73.0,73.0,70.0,69.0,68.0,66.0,69.0,72.0,70.0,59.0,65.0,57.0,62.0,63.0,67.0,56.0,58.0,54.0,10.0,11.0,11.0,11.0,11.0
Akam Hashim,DF,Iraq,27.8186,-2.92657915581144,73.0,79.0,4350000.0,14000.0,74.0,61.0,64.0,70.0,60.0,71.0,60.0,57.0,60.0,68.0,46.0,69.0,73.0,73.0,70.0,69.0,68.0,66.0,69.0,72.0,70.0,59.0,65.0,57.0,62.0,63.0,67.0,56.0,58.0,54.0,10.0,11.0,11.0,11.0,11.0
Jalal Hassan,GK,Iraq,35.0657,-2.92657915581144,73.0,79.0,4350000.0,14000.0,74.0,61.0,64.0,70.0,60.0,71.0,60.0,57.0,60.0,68.0,46.0,69.0,73.0,73.0,70.0,69.0,68.0,66.0,69.0,72.0,70.0,59.0,65.0,57.0,62.0,63.0,67.0,56.0,58.0,54.0,10.0,11.0,11.0,11.0,11.0
Ayman Hussein,FW,Iraq,30.2218,-2.92657915581144,73.0,79.0,4350000.0,14000.0,74.0,61.0,64.0,70.0,60.0,71.0,60.0,57.0,60.0,68.0,46.0,69.0,73.0,73.0,70.0,69.0,68.0,66.0,69.0,72.0,70.0,59.0,65.0,57.0,62.0,63.0,67.0,56.0,58.0,54.0,10.0,11.0,11.0,11.0,11.0
Zidane Iqbal,MF,Iraq,23.1232,-2.92657915581144,73.0,79.0,4350000.0,14000.0,74.0,61.0,64.0,70.0,60.0,71.0,60.0,57.0,60.0,68.0,46.0,69.0,73.0,73.0,70.0,69.0,68.0,66.0,69.0,72.0,70.0,59.0,65.0,57.0,62.0,63.0,67.0,56.0,58.0,54.0,10.0,11.0,11.0,11.0,11.0
Zaid Ismail,MF,Iraq,24.4353,-2.92657915581144,73.0,79.0,4350000.0,14000.0,74.0,61.0,64.0,70.0,60.0,71.0,60.0,57.0,60.0,68.0,46.0,69.0,73.0,73.0,70.0,69.0,68.0,66.0,69.0,72.0,70.0,59.0,65.0,57.0,62.0,63.0,67.0,56.0,58.0,54.0,10.0,11.0,11.0,11.0,11.0
Ali Jasim,MF,Iraq,22.3888,-2.92657915581144,73.0,79.0,4350000.0,14000.0,74.0,61.0,64.0,70.0,60.0,71.0,60.0,57.0,60.0,68.0,46.0,69.0,73.0,73.0,70.0,69.0,68.0,66.0,69.0,72.0,70.0,59.0,65.0,57.0,62.0,63.0,67.0,56.0,58.0,54.0,10.0,11.0,11.0,11.0,11.0
Ahmed Maknzi,DF,Iraq,24.7118,-2.92657915581144,73.0,79.0,4350000.0,14000.0,74.0,61.0,64.0,70.0,60.0,71.0,60.0,57.0,60.0,68.0,46.0,69.0,73.0,73.0,70.0,69.0,68.0,66.0,69.0,72.0,70.0,59.0,65.0,57.0,62.0,63.0,67.0,56.0,58.0,54.0,10.0,11.0,11.0,11.0,11.0
Ahmed Qasem,"FW,MF",Iraq,22.9144,-2.92657915581144,68.0,68.0,1200000.0,3000.0,79.0,64.0,59.0,71.0,40.0,69.0,61.0,62.0,34.0,71.0,39.0,70.0,77.0,80.0,81.0,66.0,68.0,70.0,49.0,71.0,71.0,65.0,68.0,43.0,63.0,56.0,70.0,55.0,30.0,25.0,8.0,13.0,6.0,9.0,15.0
Mustafa Saadoon,DF,Iraq,25.0465,-2.92657915581144,73.0,79.0,4350000.0,14000.0,74.0,61.0,64.0,70.0,60.0,71.0,60.0,57.0,60.0,68.0,46.0,69.0,73.0,73.0,70.0,69.0,68.0,66.0,69.0,72.0,70.0,59.0,65.0,57.0,62.0,63.0,67.0,56.0,58.0,54.0,10.0,11.0,11.0,11.0,11.0
Aimar Sher,MF,Iraq,23.4736,-2.92657915581144,73.0,79.0,4350000.0,14000.0,74.0,61.0,64.0,70.0,60.0,71.0,60.0,57.0,60.0,68.0,46.0,69.0,73.0,73.0,70.0,69.0,68.0,66.0,69.0,72.0,70.0,59.0,65.0,57.0,62.0,63.0,67.0,56.0,58.0,54.0,10.0,11.0,11.0,11.0,11.0
Rebin Sulaka,DF,Iraq,34.1643,-2.92657915581144,73.0,79.0,4350000.0,14000.0,74.0,61.0,64.0,70.0,60.0,71.0,60.0,57.0,60.0,68.0,46.0,69.0,73.0,73.0,70.0,69.0,68.0,66.0,69.0,72.0,70.0,59.0,65.0,57.0,62.0,63.0,67.0,56.0,58.0,54.0,10.0,11.0,11.0,11.0,11.0
Zaid Tahseen,DF,Iraq,25.3641,-2.92657915581144,73.0,79.0,4350000.0,14000.0,74.0,61.0,64.0,70.0,60.0,71.0,60.0,57.0,60.0,68.0,46.0,69.0,73.0,73.0,70.0,69.0,68.0,66.0,69.0,72.0,70.0,59.0,65.0,57.0,62.0,63.0,67.0,56.0,58.0,54.0,10.0,11.0,11.0,11.0,11.0
Fahad Talib,GK,Iraq,31.6379,-2.92657915581144,73.0,79.0,4350000.0,14000.0,74.0,61.0,64.0,70.0,60.0,71.0,60.0,57.0,60.0,68.0,46.0,69.0,73.0,73.0,70.0,69.0,68.0,66.0,69.0,72.0,70.0,59.0,65.0,57.0,62.0,63.0,67.0,56.0,58.0,54.0,10.0,11.0,11.0,11.0,11.0
Ahmed Yahya,DF,Iraq,30.9446,-2.92657915581144,68.0,68.0,1200000.0,3000.0,79.0,64.0,59.0,71.0,40.0,69.0,61.0,62.0,34.0,71.0,39.0,70.0,77.0,80.0,81.0,66.0,68.0,70.0,49.0,71.0,71.0,65.0,68.0,43.0,63.0,56.0,70.0,55.0,30.0,25.0,8.0,13.0,6.0,9.0,15.0
Kevin Yakob,MF,Iraq,25.668,-2.92657915581144,73.0,79.0,4350000.0,14000.0,74.0,61.0,64.0,70.0,60.0,71.0,60.0,57.0,60.0,68.0,46.0,69.0,73.0,73.0,70.0,69.0,68.0,66.0,69.0,72.0,70.0,59.0,65.0,57.0,62.0,63.0,67.0,56.0,58.0,54.0,10.0,11.0,11.0,11.0,11.0
Manaf Younis,DF,Iraq,29.5667,-2.92657915581144,73.0,79.0,4350000.0,14000.0,74.0,61.0,64.0,70.0,60.0,71.0,60.0,57.0,60.0,68.0,46.0,69.0,73.0,73.0,70.0,69.0,68.0,66.0,69.0,72.0,70.0,59.0,65.0,57.0,62.0,63.0,67.0,56.0,58.0,54.0,10.0,11.0,11.0,11.0,11.0
Ali Yousif,FW,Iraq,30.3915,-2.92657915581144,73.0,79.0,4350000.0,14000.0,74.0,61.0,64.0,70.0,60.0,71.0,60.0,57.0,60.0,68.0,46.0,69.0,73.0,73.0,70.0,69.0,68.0,66.0,69.0,72.0,70.0,59.0,65.0,57.0,62.0,63.0,67.0,56.0,58.0,54.0,10.0,11.0,11.0,11.0,11.0
Ritsu Doan,"FW,MF",Japan,27.9856,1.237586449273302,76.0,82.0,12000000.0,15000.0,79.0,70.0,72.0,80.0,39.0,57.0,70.0,68.0,45.0,80.0,67.0,79.0,78.0,79.0,86.0,74.0,92.0,76.0,34.0,77.0,55.0,74.0,41.0,41.0,71.0,76.0,73.0,39.0,36.0,42.0,8.0,5.0,6.0,13.0,14.0
Wataru Endo,"DF,MF",Japan,33.334,0.790073792814779,73.0,79.0,4350000.0,14000.0,74.0,61.0,64.0,70.0,60.0,71.0,60.0,57.0,60.0,68.0,46.0,69.0,73.0,73.0,70.0,69.0,68.0,66.0,69.0,72.0,70.0,59.0,65.0,57.0,62.0,63.0,67.0,56.0,58.0,54.0,10.0,11.0,11.0,11.0,11.0
Keisuke Gotō,FW,Japan,21.0219,0.9380903801917324,73.0,79.0,4350000.0,14000.0,74.0,61.0,64.0,70.0,60.0,71.0,60.0,57.0,60.0,68.0,46.0,69.0,73.0,73.0,70.0,69.0,68.0,66.0,69.0,72.0,70.0,59.0,65.0,57.0,62.0,63.0,67.0,56.0,58.0,54.0,10.0,11.0,11.0,11.0,11.0
Tomoki Hayakawa,GK,Japan,27.2738,4.559299550488529,56.0,63.0,250000.0,1000.0,74.0,61.0,64.0,70.0,60.0,71.0,9.0,8.0,12.0,12.0,12.0,14.0,25.0,41.0,38.0,49.0,37.0,41.0,62.0,29.0,71.0,7.0,20.0,19.0,3.0,28.0,25.0,18.0,13.0,11.0,60.0,52.0,54.0,49.0,62.0
Ko Itakura,"DF,MF",Japan,29.3696,0.0906216334721128,74.0,80.0,6000000.0,64000.0,77.0,32.0,53.0,65.0,76.0,76.0,30.0,20.0,72.0,63.0,40.0,65.0,74.0,79.0,71.0,67.0,69.0,64.0,84.0,85.0,75.0,24.0,67.0,78.0,38.0,48.0,64.0,74.0,79.0,73.0,13.0,6.0,9.0,10.0,12.0
Hiroki Ito,DF,Japan,27.0821,0.4889564739323397,73.0,79.0,4350000.0,14000.0,74.0,61.0,64.0,70.0,60.0,71.0,60.0,57.0,60.0,68.0,46.0,69.0,73.0,73.0,70.0,69.0,68.0,66.0,69.0,72.0,70.0,59.0,65.0,57.0,62.0,63.0,67.0,56.0,58.0,54.0,10.0,11.0,11.0,11.0,11.0
Junya Itō,"FW,MF",Japan,33.2574,3.8212881685111992,73.0,79.0,4350000.0,14000.0,74.0,61.0,64.0,70.0,60.0,71.0,60.0,57.0,60.0,68.0,46.0,69.0,73.0,73.0,70.0,69.0,68.0,66.0,69.0,72.0,70.0,59.0,65.0,57.0,62.0,63.0,67.0,56.0,58.0,54.0,10.0,11.0,11.0,11.0,11.0
Daichi Kamada,"FW,MF",Japan,29.8487,1.384086703603176,79.0,82.0,24000000.0,29000.0,75.0,68.0,79.0,83.0,41.0,59.0,75.0,69.0,53.0,85.0,68.0,83.0,83.0,69.0,82.0,72.0,80.0,65.0,68.0,73.0,57.0,67.0,44.0,35.0,79.0,83.0,80.0,38.0,46.0,34.0,6.0,10.0,11.0,6.0,11.0
Takefusa Kubo,"FW,MF",Japan,25.0192,1.8345323216943448,73.0,79.0,4350000.0,14000.0,74.0,61.0,64.0,70.0,60.0,71.0,60.0,57.0,60.0,68.0,46.0,69.0,73.0,73.0,70.0,69.0,68.0,66.0,69.0,72.0,70.0,59.0,65.0,57.0,62.0,63.0,67.0,56.0,58.0,54.0,10.0,11.0,11.0,11.0,11.0
Daizen Maeda,"FW,MF",Japan,28.6407,0.6429911767453766,70.0,75.0,2400000.0,7000.0,89.0,72.0,60.0,70.0,39.0,65.0,57.0,71.0,74.0,66.0,57.0,72.0,91.0,87.0,89.0,64.0,74.0,73.0,73.0,78.0,58.0,74.0,65.0,31.0,73.0,64.0,65.0,28.0,44.0,41.0,5.0,9.0,5.0,9.0,12.0
Yūto Nagatomo,"DF,MF",Japan,39.7447,1.342650440838253,73.0,73.0,1100000.0,9000.0,70.0,49.0,65.0,69.0,72.0,65.0,66.0,46.0,61.0,65.0,36.0,69.0,71.0,70.0,82.0,70.0,88.0,51.0,78.0,75.0,58.0,53.0,67.0,74.0,67.0,59.0,66.0,70.0,75.0,73.0,12.0,13.0,8.0,13.0,15.0
Keito Nakamura,"FW,MF",Japan,25.8706,1.259675588079677,68.0,72.0,1300000.0,3000.0,74.0,61.0,64.0,70.0,60.0,71.0,12.0,9.0,12.0,12.0,11.0,18.0,43.0,35.0,60.0,70.0,53.0,52.0,65.0,25.0,61.0,9.0,31.0,9.0,6.0,37.0,40.0,8.0,13.0,14.0,71.0,62.0,69.0,64.0,71.0
Kōki Ogawa,FW,Japan,28.8405,4.05090157588396,64.0,64.0,600000.0,1000.0,72.0,62.0,60.0,64.0,46.0,59.0,59.0,62.0,45.0,63.0,64.0,62.0,73.0,71.0,77.0,59.0,80.0,65.0,66.0,73.0,56.0,61.0,48.0,49.0,61.0,57.0,56.0,47.0,44.0,46.0,12.0,11.0,9.0,11.0,11.0
Keisuke Ōsako,GK,Japan,26.8706,1.7115140255453745,73.0,79.0,4350000.0,14000.0,74.0,61.0,64.0,70.0,60.0,71.0,60.0,57.0,60.0,68.0,46.0,69.0,73.0,73.0,70.0,69.0,68.0,66.0,69.0,72.0,70.0,59.0,65.0,57.0,62.0,63.0,67.0,56.0,58.0,54.0,10.0,11.0,11.0,11.0,11.0
Kaishū Sano,MF,Japan,25.4463,0.4091601857301354,73.0,79.0,4350000.0,14000.0,74.0,61.0,64.0,70.0,60.0,71.0,60.0,57.0,60.0,68.0,46.0,69.0,73.0,73.0,70.0,69.0,68.0,66.0,69.0,72.0,70.0,59.0,65.0,57.0,62.0,63.0,67.0,56.0,58.0,54.0,10.0,11.0,11.0,11.0,11.0
Ayumu Seko,"DF,MF",Japan,26.011,-0.0801544578795058,67.0,75.0,2100000.0,2000.0,60.0,35.0,50.0,56.0,68.0,70.0,38.0,28.0,67.0,49.0,23.0,61.0,57.0,63.0,60.0,67.0,60.0,53.0,72.0,79.0,71.0,34.0,58.0,71.0,31.0,42.0,56.0,68.0,67.0,64.0,12.0,7.0,10.0,14.0,6.0
Kento Shiogai,FW,Japan,21.2108,8.163803090590177,73.0,79.0,4350000.0,14000.0,74.0,61.0,64.0,70.0,60.0,71.0,60.0,57.0,60.0,68.0,46.0,69.0,73.0,73.0,70.0,69.0,68.0,66.0,69.0,72.0,70.0,59.0,65.0,57.0,62.0,63.0,67.0,56.0,58.0,54.0,10.0,11.0,11.0,11.0,11.0
Yukinari Sugawara,"DF,FW",Japan,25.9528,1.3833205695627866,72.0,80.0,5000000.0,6000.0,78.0,47.0,65.0,70.0,64.0,71.0,70.0,40.0,58.0,68.0,50.0,69.0,79.0,77.0,79.0,69.0,75.0,62.0,79.0,86.0,64.0,49.0,67.0,67.0,61.0,59.0,67.0,60.0,68.0,66.0,8.0,12.0,9.0,8.0,12.0
Junnosuke Suzuki,DF,Japan,22.9144,1.4589945105666642,73.0,79.0,4350000.0,14000.0,74.0,61.0,64.0,70.0,60.0,71.0,60.0,57.0,60.0,68.0,46.0,69.0,73.0,73.0,70.0,69.0,68.0,66.0,69.0,72.0,70.0,59.0,65.0,57.0,62.0,63.0,67.0,56.0,58.0,54.0,10.0,11.0,11.0,11.0,11.0
Yuito Suzuki,"FW,MF",Japan,24.627,-0.8880976556082814,72.0,76.0,3300000.0,12000.0,70.0,71.0,65.0,68.0,44.0,71.0,67.0,74.0,78.0,68.0,45.0,68.0,71.0,70.0,68.0,70.0,68.0,69.0,77.0,82.0,65.0,64.0,71.0,38.0,77.0,68.0,74.0,40.0,48.0,25.0,14.0,5.0,8.0,8.0,8.0
Zion Suzuki,GK,Japan,23.8049,-1.2160516519253617,60.0,74.0,500000.0,500.0,74.0,61.0,64.0,70.0,60.0,71.0,12.0,6.0,12.0,14.0,11.0,11.0,48.0,53.0,39.0,53.0,33.0,46.0,68.0,23.0,83.0,8.0,24.0,7.0,7.0,29.0,27.0,8.0,12.0,11.0,65.0,56.0,61.0,50.0,67.0
Ao Tanaka,MF,Japan,27.7502,0.0628648070002481,72.0,78.0,3500000.0,8000.0,71.0,66.0,69.0,70.0,68.0,70.0,61.0,66.0,52.0,66.0,65.0,70.0,72.0,71.0,84.0,69.0,75.0,71.0,63.0,78.0,67.0,67.0,71.0,67.0,64.0,67.0,68.0,70.0,73.0,67.0,10.0,14.0,12.0,12.0,6.0
Shogo Taniguchi,"DF,MF",Japan,34.9062,1.240741617239864,72.0,72.0,2000000.0,9000.0,64.0,45.0,59.0,60.0,73.0,72.0,50.0,35.0,72.0,56.0,32.0,64.0,52.0,73.0,58.0,72.0,59.0,63.0,71.0,82.0,72.0,48.0,62.0,76.0,55.0,47.0,61.0,72.0,74.0,69.0,8.0,13.0,11.0,14.0,14.0
Takehiro Tomiyasu,DF,Japan,27.5969,0.947345022101947,75.0,85.0,12000000.0,49000.0,68.0,32.0,63.0,69.0,76.0,77.0,62.0,29.0,69.0,68.0,37.0,71.0,68.0,68.0,70.0,71.0,70.0,42.0,70.0,80.0,77.0,28.0,73.0,76.0,38.0,59.0,60.0,77.0,77.0,77.0,9.0,14.0,6.0,5.0,11.0
Ayase Ueda,FW,Japan,27.7502,2.1637515292114284,68.0,75.0,2500000.0,4000.0,83.0,67.0,53.0,64.0,27.0,71.0,48.0,72.0,67.0,63.0,22.0,65.0,82.0,84.0,71.0,55.0,59.0,65.0,80.0,74.0,75.0,62.0,53.0,23.0,75.0,57.0,58.0,22.0,22.0,22.0,7.0,12.0,14.0,15.0,6.0
Tsuyoshi Watanabe,DF,Japan,29.345,-0.489065087035567,68.0,73.0,1600000.0,4000.0,61.0,29.0,46.0,53.0,67.0,75.0,25.0,23.0,72.0,45.0,37.0,60.0,68.0,56.0,61.0,61.0,46.0,45.0,87.0,68.0,81.0,26.0,67.0,67.0,31.0,31.0,60.0,66.0,68.0,64.0,10.0,14.0,7.0,15.0,12.0
Husam Abu Dahab,DF,Jordan,26.0794,-1.9799196379480133,73.0,79.0,4350000.0,14000.0,74.0,61.0,64.0,70.0,60.0,71.0,60.0,57.0,60.0,68.0,46.0,69.0,73.0,73.0,70.0,69.0,68.0,66.0,69.0,72.0,70.0,59.0,65.0,57.0,62.0,63.0,67.0,56.0,58.0,54.0,10.0,11.0,11.0,11.0,11.0
Mohammad Abu Hasheesh,DF,Jordan,31.0903,-2.2478589542919973,73.0,79.0,4350000.0,14000.0,74.0,61.0,64.0,70.0,60.0,71.0,60.0,57.0,60.0,68.0,46.0,69.0,73.0,73.0,70.0,69.0,68.0,66.0,69.0,72.0,70.0,59.0,65.0,57.0,62.0,63.0,67.0,56.0,58.0,54.0,10.0,11.0,11.0,11.0,11.0
Mohannad Abu Taha,MF,Jordan,23.3532,-1.3171393479484097,73.0,79.0,4350000.0,14000.0,74.0,61.0,64.0,70.0,60.0,71.0,60.0,57.0,60.0,68.0,46.0,69.0,73.0,73.0,70.0,69.0,68.0,66.0,69.0,72.0,70.0,59.0,65.0,57.0,62.0,63.0,67.0,56.0,58.0,54.0,10.0,11.0,11.0,11.0,11.0
Mo Abualnadi,DF,Jordan,25.3368,-2.265355628713801,73.0,79.0,4350000.0,14000.0,74.0,61.0,64.0,70.0,60.0,71.0,60.0,57.0,60.0,68.0,46.0,69.0,73.0,73.0,70.0,69.0,68.0,66.0,69.0,72.0,70.0,59.0,65.0,57.0,62.0,63.0,67.0,56.0,58.0,54.0,10.0,11.0,11.0,11.0,11.0
Yazeed Abulaila,GK,Jordan,33.4216,-0.4459699764972329,73.0,79.0,4350000.0,14000.0,74.0,61.0,64.0,70.0,60.0,71.0,60.0,57.0,60.0,68.0,46.0,69.0,73.0,73.0,70.0,69.0,68.0,66.0,69.0,72.0,70.0,59.0,65.0,57.0,62.0,63.0,67.0,56.0,58.0,54.0,10.0,11.0,11.0,11.0,11.0
Yazan Al-Arab,DF,Jordan,30.3587,-1.2149858105425455,73.0,79.0,4350000.0,14000.0,74.0,61.0,64.0,70.0,60.0,71.0,60.0,57.0,60.0,68.0,46.0,69.0,73.0,73.0,70.0,69.0,68.0,66.0,69.0,72.0,70.0,59.0,65.0,57.0,62.0,63.0,67.0,56.0,58.0,54.0,10.0,11.0,11.0,11.0,11.0
Rajaei Ayed,MF,Jordan,32.8789,-1.1761306295851677,73.0,79.0,4350000.0,14000.0,74.0,61.0,64.0,70.0,60.0,71.0,60.0,57.0,60.0,68.0,46.0,69.0,73.0,73.0,70.0,69.0,68.0,66.0,69.0,72.0,70.0,59.0,65.0,57.0,62.0,63.0,67.0,56.0,58.0,54.0,10.0,11.0,11.0,11.0,11.0
Ali Azaizeh,MF,Jordan,22.1615,-2.986073282377105,73.0,79.0,4350000.0,14000.0,74.0,61.0,64.0,70.0,60.0,71.0,60.0,57.0,60.0,68.0,46.0,69.0,73.0,73.0,70.0,69.0,68.0,66.0,69.0,72.0,70.0,59.0,65.0,57.0,62.0,63.0,67.0,56.0,58.0,54.0,10.0,11.0,11.0,11.0,11.0
Anas Badawi,DF,Jordan,28.742,-1.4630236422960865,73.0,79.0,4350000.0,14000.0,74.0,61.0,64.0,70.0,60.0,71.0,60.0,57.0,60.0,68.0,46.0,69.0,73.0,73.0,70.0,69.0,68.0,66.0,69.0,72.0,70.0,59.0,65.0,57.0,62.0,63.0,67.0,56.0,58.0,54.0,10.0,11.0,11.0,11.0,11.0
Nour Bani Attiah,GK,Jordan,33.3751,-2.9424442562289506,73.0,79.0,4350000.0,14000.0,74.0,61.0,64.0,70.0,60.0,71.0,60.0,57.0,60.0,68.0,46.0,69.0,73.0,73.0,70.0,69.0,68.0,66.0,69.0,72.0,70.0,59.0,65.0,57.0,62.0,63.0,67.0,56.0,58.0,54.0,10.0,11.0,11.0,11.0,11.0
Mohammad Al-Dawud,"FW,MF",Jordan,34.1643,-1.8779266518595048,73.0,79.0,4350000.0,14000.0,74.0,61.0,64.0,70.0,60.0,71.0,60.0,57.0,60.0,68.0,46.0,69.0,73.0,73.0,70.0,69.0,68.0,66.0,69.0,72.0,70.0,59.0,65.0,57.0,62.0,63.0,67.0,56.0,58.0,54.0,10.0,11.0,11.0,11.0,11.0
Abdallah Al-Fakhouri,GK,Jordan,26.3833,-3.244697394416665,73.0,79.0,4350000.0,14000.0,74.0,61.0,64.0,70.0,60.0,71.0,60.0,57.0,60.0,68.0,46.0,69.0,73.0,73.0,70.0,69.0,68.0,66.0,69.0,72.0,70.0,59.0,65.0,57.0,62.0,63.0,67.0,56.0,58.0,54.0,10.0,11.0,11.0,11.0,11.0
Odeh Al-Fakhouri,MF,Jordan,20.5503,0.3066025931513212,73.0,79.0,4350000.0,14000.0,74.0,61.0,64.0,70.0,60.0,71.0,60.0,57.0,60.0,68.0,46.0,69.0,73.0,73.0,70.0,69.0,68.0,66.0,69.0,72.0,70.0,59.0,65.0,57.0,62.0,63.0,67.0,56.0,58.0,54.0,10.0,11.0,11.0,11.0,11.0
Ihsan Haddad,"DF,MF",Jordan,32.345,-1.0988749625706518,73.0,79.0,4350000.0,14000.0,74.0,61.0,64.0,70.0,60.0,71.0,60.0,57.0,60.0,68.0,46.0,69.0,73.0,73.0,70.0,69.0,68.0,66.0,69.0,72.0,70.0,59.0,65.0,57.0,62.0,63.0,67.0,56.0,58.0,54.0,10.0,11.0,11.0,11.0,11.0
Amer Jamous,MF,Jordan,23.9391,-1.1190130637382127,73.0,79.0,4350000.0,14000.0,74.0,61.0,64.0,70.0,60.0,71.0,60.0,57.0,60.0,68.0,46.0,69.0,73.0,73.0,70.0,69.0,68.0,66.0,69.0,72.0,70.0,59.0,65.0,57.0,62.0,63.0,67.0,56.0,58.0,54.0,10.0,11.0,11.0,11.0,11.0
Mahmoud Al-Mardi,"FW,MF",Jordan,32.679,-1.0642069529732183,73.0,79.0,4350000.0,14000.0,74.0,61.0,64.0,70.0,60.0,71.0,60.0,57.0,60.0,68.0,46.0,69.0,73.0,73.0,70.0,69.0,68.0,66.0,69.0,72.0,70.0,59.0,65.0,57.0,62.0,63.0,67.0,56.0,58.0,54.0,10.0,11.0,11.0,11.0,11.0
Abdallah Nasib,DF,Jordan,32.2902,-2.224308899546112,73.0,79.0,4350000.0,14000.0,74.0,61.0,64.0,70.0,60.0,71.0,60.0,57.0,60.0,68.0,46.0,69.0,73.0,73.0,70.0,69.0,68.0,66.0,69.0,72.0,70.0,59.0,65.0,57.0,62.0,63.0,67.0,56.0,58.0,54.0,10.0,11.0,11.0,11.0,11.0
Salim Obaid,DF,Jordan,34.397,-1.7852346213673007,73.0,79.0,4350000.0,14000.0,74.0,61.0,64.0,70.0,60.0,71.0,60.0,57.0,60.0,68.0,46.0,69.0,73.0,73.0,70.0,69.0,68.0,66.0,69.0,72.0,70.0,59.0,65.0,57.0,62.0,63.0,67.0,56.0,58.0,54.0,10.0,11.0,11.0,11.0,11.0
Ali Olwan,FW,Jordan,26.2108,-1.0061187043519018,73.0,79.0,4350000.0,14000.0,74.0,61.0,64.0,70.0,60.0,71.0,60.0,57.0,60.0,68.0,46.0,69.0,73.0,73.0,70.0,69.0,68.0,66.0,69.0,72.0,70.0,59.0,65.0,57.0,62.0,63.0,67.0,56.0,58.0,54.0,10.0,11.0,11.0,11.0,11.0
Nizar Al Rashdan,MF,Jordan,27.219,-2.318567481850588,73.0,79.0,4350000.0,14000.0,74.0,61.0,64.0,70.0,60.0,71.0,60.0,57.0,60.0,68.0,46.0,69.0,73.0,73.0,70.0,69.0,68.0,66.0,69.0,72.0,70.0,59.0,65.0,57.0,62.0,63.0,67.0,56.0,58.0,54.0,10.0,11.0,11.0,11.0,11.0
Noor Al Rawabdeh,MF,Jordan,29.293,-0.9096910060854916,73.0,79.0,4350000.0,14000.0,74.0,61.0,64.0,70.0,60.0,71.0,60.0,57.0,60.0,68.0,46.0,69.0,73.0,73.0,70.0,69.0,68.0,66.0,69.0,72.0,70.0,59.0,65.0,57.0,62.0,63.0,67.0,56.0,58.0,54.0,10.0,11.0,11.0,11.0,11.0
Saed Al-Rosan,DF,Jordan,29.3559,0.5817606264272637,73.0,79.0,4350000.0,14000.0,74.0,61.0,64.0,70.0,60.0,71.0,60.0,57.0,60.0,68.0,46.0,69.0,73.0,73.0,70.0,69.0,68.0,66.0,69.0,72.0,70.0,59.0,65.0,57.0,62.0,63.0,67.0,56.0,58.0,54.0,10.0,11.0,11.0,11.0,11.0
Ibrahim Sabra,FW,Jordan,20.3559,1.6599524491884652,73.0,79.0,4350000.0,14000.0,74.0,61.0,64.0,70.0,60.0,71.0,60.0,57.0,60.0,68.0,46.0,69.0,73.0,73.0,70.0,69.0,68.0,66.0,69.0,72.0,70.0,59.0,65.0,57.0,62.0,63.0,67.0,56.0,58.0,54.0,10.0,11.0,11.0,11.0,11.0
Ibrahim Sadeh,MF,Jordan,26.1232,-0.0207428408538709,73.0,79.0,4350000.0,14000.0,74.0,61.0,64.0,70.0,60.0,71.0,60.0,57.0,60.0,68.0,46.0,69.0,73.0,73.0,70.0,69.0,68.0,66.0,69.0,72.0,70.0,59.0,65.0,57.0,62.0,63.0,67.0,56.0,58.0,54.0,10.0,11.0,11.0,11.0,11.0
Sharara,FW,Jordan,28.4463,0.5359607367163126,73.0,79.0,4350000.0,14000.0,74.0,61.0,64.0,70.0,60.0,71.0,60.0,57.0,60.0,68.0,46.0,69.0,73.0,73.0,70.0,69.0,68.0,66.0,69.0,72.0,70.0,59.0,65.0,57.0,62.0,63.0,67.0,56.0,58.0,54.0,10.0,11.0,11.0,11.0,11.0
Musa Al-Taamari,"FW,MF",Jordan,29.0027,0.0919036718205732,69.0,75.0,2200000.0,7000.0,83.0,61.0,62.0,76.0,37.0,57.0,59.0,59.0,39.0,76.0,58.0,71.0,87.0,79.0,91.0,64.0,88.0,59.0,83.0,61.0,50.0,64.0,63.0,54.0,65.0,65.0,68.0,23.0,41.0,34.0,11.0,6.0,12.0,7.0,7.0
Song Bum-keun,GK,Korea Republic,28.6543,1.6599524491884652,73.0,79.0,4350000.0,14000.0,74.0,61.0,64.0,70.0,60.0,71.0,60.0,57.0,60.0,68.0,46.0,69.0,73.0,73.0,70.0,69.0,68.0,66.0,69.0,72.0,70.0,59.0,65.0,57.0,62.0,63.0,67.0,56.0,58.0,54.0,10.0,11.0,11.0,11.0,11.0
Jens Castrop,MF,Korea Republic,22.8679,1.798772077841683,73.0,79.0,4350000.0,14000.0,74.0,61.0,64.0,70.0,60.0,71.0,60.0,57.0,60.0,68.0,46.0,69.0,73.0,73.0,70.0,69.0,68.0,66.0,69.0,72.0,70.0,59.0,65.0,57.0,62.0,63.0,67.0,56.0,58.0,54.0,10.0,11.0,11.0,11.0,11.0
Lee Dong-gyeong,"FW,MF",Korea Republic,28.7228,1.4764449744273556,73.0,79.0,4350000.0,14000.0,74.0,61.0,64.0,70.0,60.0,71.0,60.0,57.0,60.0,68.0,46.0,69.0,73.0,73.0,70.0,69.0,68.0,66.0,69.0,72.0,70.0,59.0,65.0,57.0,62.0,63.0,67.0,56.0,58.0,54.0,10.0,11.0,11.0,11.0,11.0
Lee Gi-hyuk,DF,Korea Republic,25.9281,2.948991858111202,73.0,79.0,4350000.0,14000.0,74.0,61.0,64.0,70.0,60.0,71.0,60.0,57.0,60.0,68.0,46.0,69.0,73.0,73.0,70.0,69.0,68.0,66.0,69.0,72.0,70.0,59.0,65.0,57.0,62.0,63.0,67.0,56.0,58.0,54.0,10.0,11.0,11.0,11.0,11.0
Cho Gue-sung,FW,Korea Republic,28.3751,2.4925798904424115,73.0,79.0,4350000.0,14000.0,74.0,61.0,64.0,70.0,60.0,71.0,60.0,57.0,60.0,68.0,46.0,69.0,73.0,73.0,70.0,69.0,68.0,66.0,69.0,72.0,70.0,59.0,65.0,57.0,62.0,63.0,67.0,56.0,58.0,54.0,10.0,11.0,11.0,11.0,11.0
Lee Han-beom,DF,Korea Republic,23.9829,-0.0187591292180402,73.0,79.0,4350000.0,14000.0,74.0,61.0,64.0,70.0,60.0,71.0,60.0,57.0,60.0,68.0,46.0,69.0,73.0,73.0,70.0,69.0,68.0,66.0,69.0,72.0,70.0,59.0,65.0,57.0,62.0,63.0,67.0,56.0,58.0,54.0,10.0,11.0,11.0,11.0,11.0
Hwang Hee-chan,"FW,MF",Korea Republic,30.3723,1.5807729919370457,73.0,79.0,4350000.0,14000.0,74.0,61.0,64.0,70.0,60.0,71.0,60.0,57.0,60.0,68.0,46.0,69.0,73.0,73.0,70.0,69.0,68.0,66.0,69.0,72.0,70.0,59.0,65.0,57.0,62.0,63.0,67.0,56.0,58.0,54.0,10.0,11.0,11.0,11.0,11.0
Son Heung-min,FW,Korea Republic,33.9254,0.5803229077145686,73.0,79.0,4350000.0,14000.0,74.0,61.0,64.0,70.0,60.0,71.0,60.0,57.0,60.0,68.0,46.0,69.0,73.0,73.0,70.0,69.0,68.0,66.0,69.0,72.0,70.0,59.0,65.0,57.0,62.0,63.0,67.0,56.0,58.0,54.0,10.0,11.0,11.0,11.0,11.0
Oh Hyeon-gyu,FW,Korea Republic,25.1643,3.0951924610588994,73.0,79.0,4350000.0,14000.0,74.0,61.0,64.0,70.0,60.0,71.0,60.0,57.0,60.0,68.0,46.0,69.0,73.0,73.0,70.0,69.0,68.0,66.0,69.0,72.0,70.0,59.0,65.0,57.0,62.0,63.0,67.0,56.0,58.0,54.0,10.0,11.0,11.0,11.0,11.0
Jo Hyeon-woo,GK,Korea Republic,34.7091,-1.313450046916032,73.0,79.0,4350000.0,14000.0,74.0,61.0,64.0,70.0,60.0,71.0,60.0,57.0,60.0,68.0,46.0,69.0,73.0,73.0,70.0,69.0,68.0,66.0,69.0,72.0,70.0,59.0,65.0,57.0,62.0,63.0,67.0,56.0,58.0,54.0,10.0,11.0,11.0,11.0,11.0
Yang Hyun-jun,"FW,MF",Korea Republic,24.0465,-2.152237301442815,73.0,79.0,4350000.0,14000.0,74.0,61.0,64.0,70.0,60.0,71.0,60.0,57.0,60.0,68.0,46.0,69.0,73.0,73.0,70.0,69.0,68.0,66.0,69.0,72.0,70.0,59.0,65.0,57.0,62.0,63.0,67.0,56.0,58.0,54.0,10.0,11.0,11.0,11.0,11.0
Hwang In-beom,MF,Korea Republic,29.7228,2.6232818189403946,73.0,79.0,4350000.0,14000.0,74.0,61.0,64.0,70.0,60.0,71.0,60.0,57.0,60.0,68.0,46.0,69.0,73.0,73.0,70.0,69.0,68.0,66.0,69.0,72.0,70.0,59.0,65.0,57.0,62.0,63.0,67.0,56.0,58.0,54.0,10.0,11.0,11.0,11.0,11.0
Lee Jae-sung,FW,Korea Republic,33.835,0.2170471942385759,73.0,79.0,4350000.0,14000.0,74.0,61.0,64.0,70.0,60.0,71.0,60.0,57.0,60.0,68.0,46.0,69.0,73.0,73.0,70.0,69.0,68.0,66.0,69.0,72.0,70.0,59.0,65.0,57.0,62.0,63.0,67.0,56.0,58.0,54.0,10.0,11.0,11.0,11.0,11.0
Eom Ji-sung,MF,Korea Republic,24.0903,1.4315122346019151,73.0,79.0,4350000.0,14000.0,74.0,61.0,64.0,70.0,60.0,71.0,60.0,57.0,60.0,68.0,46.0,69.0,73.0,73.0,70.0,69.0,68.0,66.0,69.0,72.0,70.0,59.0,65.0,57.0,62.0,63.0,67.0,56.0,58.0,54.0,10.0,11.0,11.0,11.0,11.0
Kim Jin-gyu,MF,Korea Republic,29.293,0.7683932952748693,73.0,79.0,4350000.0,14000.0,74.0,61.0,64.0,70.0,60.0,71.0,60.0,57.0,60.0,68.0,46.0,69.0,73.0,73.0,70.0,69.0,68.0,66.0,69.0,72.0,70.0,59.0,65.0,57.0,62.0,63.0,67.0,56.0,58.0,54.0,10.0,11.0,11.0,11.0,11.0
Park Jinseob,"DF,MF",Korea Republic,30.6324,1.6780001227090608,73.0,79.0,4350000.0,14000.0,74.0,61.0,64.0,70.0,60.0,71.0,60.0,57.0,60.0,68.0,46.0,69.0,73.0,73.0,70.0,69.0,68.0,66.0,69.0,72.0,70.0,59.0,65.0,57.0,62.0,63.0,67.0,56.0,58.0,54.0,10.0,11.0,11.0,11.0,11.0
Bae Jun-ho,"FW,MF",Korea Republic,22.8049,1.7080783549295993,73.0,79.0,4350000.0,14000.0,74.0,61.0,64.0,70.0,60.0,71.0,60.0,57.0,60.0,68.0,46.0,69.0,73.0,73.0,70.0,69.0,68.0,66.0,69.0,72.0,70.0,59.0,65.0,57.0,62.0,63.0,67.0,56.0,58.0,54.0,10.0,11.0,11.0,11.0,11.0
Lee Kang-in,FW,Korea Republic,25.3066,0.7013584968862454,73.0,79.0,4350000.0,14000.0,74.0,61.0,64.0,70.0,60.0,71.0,60.0,57.0,60.0,68.0,46.0,69.0,73.0,73.0,70.0,69.0,68.0,66.0,69.0,72.0,70.0,59.0,65.0,57.0,62.0,63.0,67.0,56.0,58.0,54.0,10.0,11.0,11.0,11.0,11.0
Kim Min-jae,DF,Korea Republic,29.5695,-0.487604977984848,73.0,79.0,4350000.0,14000.0,74.0,61.0,64.0,70.0,60.0,71.0,60.0,57.0,60.0,68.0,46.0,69.0,73.0,73.0,70.0,69.0,68.0,66.0,69.0,72.0,70.0,59.0,65.0,57.0,62.0,63.0,67.0,56.0,58.0,54.0,10.0,11.0,11.0,11.0,11.0
Kim Moon-hwan,"DF,MF",Korea Republic,30.8597,0.1154636158578884,73.0,79.0,4350000.0,14000.0,74.0,61.0,64.0,70.0,60.0,71.0,60.0,57.0,60.0,68.0,46.0,69.0,73.0,73.0,70.0,69.0,68.0,66.0,69.0,72.0,70.0,59.0,65.0,57.0,62.0,63.0,67.0,56.0,58.0,54.0,10.0,11.0,11.0,11.0,11.0
Kim Seung-gyu,GK,Korea Republic,35.6954,0.9940895794613318,73.0,79.0,4350000.0,14000.0,74.0,61.0,64.0,70.0,60.0,71.0,60.0,57.0,60.0,68.0,46.0,69.0,73.0,73.0,70.0,69.0,68.0,66.0,69.0,72.0,70.0,59.0,65.0,57.0,62.0,63.0,67.0,56.0,58.0,54.0,10.0,11.0,11.0,11.0,11.0
Paik Seung-ho,MF,Korea Republic,29.2355,-0.608644028982761,73.0,79.0,4350000.0,14000.0,74.0,61.0,64.0,70.0,60.0,71.0,60.0,57.0,60.0,68.0,46.0,69.0,73.0,73.0,70.0,69.0,68.0,66.0,69.0,72.0,70.0,59.0,65.0,57.0,62.0,63.0,67.0,56.0,58.0,54.0,10.0,11.0,11.0,11.0,11.0
Kim Tae-hyeon,DF,Korea Republic,25.731,-5.123895563636659,73.0,79.0,4350000.0,14000.0,74.0,61.0,64.0,70.0,60.0,71.0,60.0,57.0,60.0,68.0,46.0,69.0,73.0,73.0,70.0,69.0,68.0,66.0,69.0,72.0,70.0,59.0,65.0,57.0,62.0,63.0,67.0,56.0,58.0,54.0,10.0,11.0,11.0,11.0,11.0
Lee Tae-seok,MF,Korea Republic,23.8706,-0.7055118489142084,73.0,79.0,4350000.0,14000.0,74.0,61.0,64.0,70.0,60.0,71.0,60.0,57.0,60.0,68.0,46.0,69.0,73.0,73.0,70.0,69.0,68.0,66.0,69.0,72.0,70.0,59.0,65.0,57.0,62.0,63.0,67.0,56.0,58.0,54.0,10.0,11.0,11.0,11.0,11.0
Cho Wi-je,DF,Korea Republic,24.794,1.6599524491884652,73.0,79.0,4350000.0,14000.0,74.0,61.0,64.0,70.0,60.0,71.0,60.0,57.0,60.0,68.0,46.0,69.0,73.0,73.0,70.0,69.0,68.0,66.0,69.0,72.0,70.0,59.0,65.0,57.0,62.0,63.0,67.0,56.0,58.0,54.0,10.0,11.0,11.0,11.0,11.0
Seol Young-woo,MF,Korea Republic,27.5147,-0.3056949738015837,73.0,79.0,4350000.0,14000.0,74.0,61.0,64.0,70.0,60.0,71.0,60.0,57.0,60.0,68.0,46.0,69.0,73.0,73.0,70.0,69.0,68.0,66.0,69.0,72.0,70.0,59.0,65.0,57.0,62.0,63.0,67.0,56.0,58.0,54.0,10.0,11.0,11.0,11.0,11.0
Cho Yumin,DF,Korea Republic,29.564,-0.4584209855384283,73.0,79.0,4350000.0,14000.0,74.0,61.0,64.0,70.0,60.0,71.0,60.0,57.0,60.0,68.0,46.0,69.0,73.0,73.0,70.0,69.0,68.0,66.0,69.0,72.0,70.0,59.0,65.0,57.0,62.0,63.0,67.0,56.0,58.0,54.0,10.0,11.0,11.0,11.0,11.0
Carlos Acevedo,GK,Mexico,30.1451,1.12847158520186,76.0,82.0,9500000.0,15000.0,74.0,61.0,64.0,70.0,60.0,71.0,10.0,9.0,11.0,11.0,13.0,19.0,41.0,41.0,54.0,72.0,54.0,52.0,81.0,40.0,45.0,9.0,16.0,14.0,6.0,36.0,51.0,26.0,11.0,12.0,77.0,72.0,69.0,75.0,80.0
Roberto Alvarado,MF,Mexico,27.7584,1.4021303173905388,76.0,83.0,15000000.0,48000.0,76.0,71.0,75.0,77.0,53.0,70.0,74.0,68.0,51.0,75.0,65.0,78.0,81.0,72.0,90.0,70.0,77.0,77.0,59.0,84.0,71.0,76.0,55.0,55.0,71.0,79.0,68.0,55.0,49.0,60.0,8.0,14.0,13.0,13.0,14.0
Edson Álvarez,"DF,MF",Mexico,28.6297,1.1046739345755938,65.0,79.0,1700000.0,1000.0,67.0,61.0,64.0,70.0,28.0,43.0,60.0,62.0,32.0,70.0,58.0,67.0,69.0,65.0,83.0,59.0,79.0,61.0,53.0,59.0,37.0,62.0,37.0,20.0,59.0,67.0,62.0,30.0,31.0,20.0,14.0,8.0,7.0,5.0,11.0
Luis Chávez,MF,Mexico,30.4025,2.300665291220334,69.0,74.0,2000000.0,8000.0,68.0,65.0,70.0,71.0,62.0,57.0,68.0,65.0,48.0,75.0,71.0,71.0,62.0,72.0,66.0,66.0,63.0,62.0,35.0,70.0,61.0,71.0,38.0,63.0,60.0,65.0,65.0,64.0,65.0,60.0,7.0,10.0,14.0,9.0,12.0
Mateo Chávez,DF,Mexico,22.0821,1.3069539648988542,73.0,79.0,4350000.0,14000.0,74.0,61.0,64.0,70.0,60.0,71.0,60.0,57.0,60.0,68.0,46.0,69.0,73.0,73.0,70.0,69.0,68.0,66.0,69.0,72.0,70.0,59.0,65.0,57.0,62.0,63.0,67.0,56.0,58.0,54.0,10.0,11.0,11.0,11.0,11.0
Álvaro Fidalgo,MF,Mexico,29.1725,-0.3758434512460137,73.0,79.0,4350000.0,14000.0,74.0,61.0,64.0,70.0,60.0,71.0,60.0,57.0,60.0,68.0,46.0,69.0,73.0,73.0,70.0,69.0,68.0,66.0,69.0,72.0,70.0,59.0,65.0,57.0,62.0,63.0,67.0,56.0,58.0,54.0,10.0,11.0,11.0,11.0,11.0
Jesús Gallardo,DF,Mexico,31.8214,-0.060257401016648,75.0,76.0,6000000.0,38000.0,82.0,67.0,71.0,74.0,69.0,73.0,77.0,69.0,64.0,76.0,47.0,74.0,83.0,82.0,76.0,67.0,71.0,75.0,77.0,90.0,71.0,59.0,58.0,65.0,74.0,69.0,68.0,72.0,69.0,69.0,9.0,7.0,8.0,12.0,11.0
Santiago Giménez,FW,Mexico,25.1478,0.2479585120300209,71.0,86.0,4500000.0,29000.0,76.0,69.0,60.0,64.0,39.0,75.0,50.0,72.0,73.0,60.0,36.0,72.0,75.0,77.0,65.0,62.0,63.0,67.0,63.0,62.0,83.0,65.0,72.0,31.0,73.0,65.0,57.0,29.0,45.0,32.0,6.0,14.0,12.0,6.0,10.0
Armando González,FW,Mexico,23.1424,-0.5661730019968578,54.0,64.0,240000.0,1000.0,58.0,42.0,54.0,58.0,53.0,46.0,40.0,39.0,57.0,57.0,43.0,56.0,61.0,55.0,59.0,59.0,90.0,55.0,59.0,41.0,41.0,37.0,59.0,50.0,32.0,51.0,48.0,47.0,56.0,64.0,6.0,8.0,9.0,6.0,8.0
Brian Gutiérrez,MF,Mexico,22.9829,0.527716407360842,73.0,76.0,4000000.0,14000.0,71.0,70.0,73.0,73.0,63.0,64.0,69.0,67.0,52.0,72.0,67.0,76.0,72.0,70.0,72.0,67.0,73.0,76.0,46.0,75.0,63.0,72.0,58.0,65.0,67.0,76.0,75.0,63.0,66.0,60.0,7.0,14.0,10.0,8.0,16.0
César Huerta,"FW,MF",Mexico,25.5202,0.2479585120300209,65.0,76.0,1600000.0,9000.0,70.0,66.0,63.0,66.0,37.0,56.0,60.0,68.0,63.0,67.0,53.0,64.0,70.0,70.0,73.0,56.0,75.0,67.0,55.0,53.0,64.0,64.0,41.0,24.0,65.0,60.0,57.0,38.0,35.0,41.0,7.0,12.0,6.0,11.0,12.0
Raúl Jiménez,FW,Mexico,35.1013,1.484735714984864,83.0,83.0,35500000.0,120000.0,72.0,82.0,76.0,81.0,47.0,82.0,73.0,84.0,85.0,84.0,51.0,82.0,63.0,80.0,75.0,82.0,65.0,84.0,74.0,82.0,84.0,74.0,81.0,53.0,84.0,78.0,81.0,45.0,38.0,30.0,7.0,11.0,13.0,14.0,10.0
Erik Lira,MF,Mexico,26.0931,1.013215847514751,69.0,83.0,3400000.0,5000.0,75.0,57.0,66.0,66.0,60.0,61.0,50.0,53.0,60.0,66.0,52.0,68.0,80.0,71.0,60.0,65.0,78.0,64.0,61.0,79.0,50.0,61.0,64.0,64.0,58.0,63.0,49.0,51.0,66.0,63.0,11.0,13.0,12.0,10.0,14.0
Guillermo Martínez Ayala,FW,Mexico,31.2409,2.994337732935045,61.0,64.0,425000.0,2000.0,53.0,58.0,50.0,59.0,33.0,66.0,45.0,59.0,64.0,58.0,30.0,63.0,34.0,69.0,62.0,59.0,41.0,66.0,66.0,63.0,71.0,47.0,55.0,25.0,62.0,56.0,55.0,42.0,20.0,26.0,11.0,9.0,11.0,14.0,16.0
César Montes,DF,Mexico,29.293,-0.0625077180001792,75.0,83.0,11500000.0,33000.0,60.0,44.0,62.0,65.0,75.0,76.0,41.0,43.0,77.0,59.0,37.0,69.0,55.0,64.0,80.0,72.0,51.0,55.0,84.0,77.0,75.0,35.0,74.0,75.0,59.0,65.0,75.0,77.0,74.0,73.0,9.0,10.0,5.0,5.0,13.0
Gilberto Mora,MF,Mexico,17.6571,1.5621176632804832,73.0,79.0,4350000.0,14000.0,74.0,61.0,64.0,70.0,60.0,71.0,60.0,57.0,60.0,68.0,46.0,69.0,73.0,73.0,70.0,69.0,68.0,66.0,69.0,72.0,70.0,59.0,65.0,57.0,62.0,63.0,67.0,56.0,58.0,54.0,10.0,11.0,11.0,11.0,11.0
Guillermo Ochoa,GK,Mexico,40.9117,0.2479585120300209,73.0,79.0,4350000.0,14000.0,74.0,61.0,64.0,70.0,60.0,71.0,60.0,57.0,60.0,68.0,46.0,69.0,73.0,73.0,70.0,69.0,68.0,66.0,69.0,72.0,70.0,59.0,65.0,57.0,62.0,63.0,67.0,56.0,58.0,54.0,10.0,11.0,11.0,11.0,11.0
Orbelín Pineda,"FW,MF",Mexico,30.2163,0.0036672241076473,77.0,80.0,14000000.0,56000.0,86.0,73.0,72.0,79.0,62.0,66.0,70.0,75.0,41.0,80.0,56.0,75.0,84.0,87.0,91.0,70.0,83.0,72.0,64.0,85.0,57.0,73.0,67.0,66.0,70.0,73.0,69.0,63.0,65.0,65.0,15.0,14.0,7.0,10.0,10.0
Julián Quiñones,MF,Mexico,29.2163,1.10270115329706,73.0,79.0,4350000.0,14000.0,74.0,61.0,64.0,70.0,60.0,71.0,60.0,57.0,60.0,68.0,46.0,69.0,73.0,73.0,70.0,69.0,68.0,66.0,69.0,72.0,70.0,59.0,65.0,57.0,62.0,63.0,67.0,56.0,58.0,54.0,10.0,11.0,11.0,11.0,11.0
Raúl Rangel,GK,Mexico,26.2902,0.4613077752090131,73.0,79.0,4350000.0,14000.0,74.0,61.0,64.0,70.0,60.0,71.0,60.0,57.0,60.0,68.0,46.0,69.0,73.0,73.0,70.0,69.0,68.0,66.0,69.0,72.0,70.0,59.0,65.0,57.0,62.0,63.0,67.0,56.0,58.0,54.0,10.0,11.0,11.0,11.0,11.0
Israel Reyes,DF,Mexico,26.052,0.0864947778453251,65.0,78.0,1700000.0,2000.0,66.0,51.0,58.0,62.0,66.0,57.0,49.0,45.0,66.0,60.0,46.0,64.0,62.0,69.0,62.0,66.0,67.0,60.0,60.0,53.0,58.0,47.0,57.0,67.0,58.0,57.0,54.0,65.0,68.0,65.0,8.0,9.0,11.0,12.0,5.0
Luis Romo,"DF,MF",Mexico,31.0164,2.492193174777625,77.0,82.0,14000000.0,53000.0,72.0,61.0,65.0,65.0,75.0,85.0,34.0,60.0,75.0,64.0,66.0,70.0,76.0,69.0,58.0,72.0,54.0,73.0,88.0,80.0,90.0,61.0,76.0,76.0,65.0,64.0,69.0,74.0,77.0,73.0,11.0,9.0,13.0,9.0,12.0
Jorge Sánchez,"DF,MF",Mexico,28.501,1.559143561148182,76.0,79.0,9500000.0,33000.0,92.0,45.0,61.0,72.0,72.0,77.0,70.0,35.0,63.0,70.0,36.0,72.0,90.0,93.0,77.0,69.0,79.0,66.0,75.0,84.0,78.0,45.0,64.0,73.0,49.0,58.0,68.0,72.0,73.0,72.0,10.0,10.0,12.0,12.0,7.0
Obed Vargas,MF,Mexico,20.8487,-1.5011541170395386,64.0,74.0,1200000.0,3000.0,67.0,46.0,55.0,56.0,65.0,64.0,59.0,39.0,64.0,51.0,44.0,59.0,67.0,67.0,64.0,58.0,70.0,59.0,71.0,63.0,63.0,48.0,67.0,67.0,45.0,52.0,56.0,64.0,64.0,67.0,6.0,13.0,12.0,6.0,8.0
Johan Vásquez,DF,Mexico,27.6352,0.300703842258155,71.0,82.0,3900000.0,7000.0,66.0,32.0,57.0,56.0,73.0,72.0,62.0,30.0,73.0,50.0,40.0,60.0,63.0,68.0,51.0,67.0,64.0,38.0,65.0,75.0,73.0,25.0,66.0,75.0,40.0,47.0,68.0,71.0,74.0,72.0,9.0,12.0,7.0,12.0,10.0
Alexis Vega,"FW,MF",Mexico,28.5421,1.20222028512559,73.0,79.0,4350000.0,14000.0,74.0,61.0,64.0,70.0,60.0,71.0,60.0,57.0,60.0,68.0,46.0,69.0,73.0,73.0,70.0,69.0,68.0,66.0,69.0,72.0,70.0,59.0,65.0,57.0,62.0,63.0,67.0,56.0,58.0,54.0,10.0,11.0,11.0,11.0,11.0
Nayef Aguerd,DF,Morocco,30.1999,1.8554198887997284,76.0,80.0,9500000.0,36000.0,60.0,45.0,60.0,61.0,76.0,77.0,43.0,38.0,79.0,56.0,41.0,68.0,57.0,62.0,59.0,74.0,56.0,62.0,86.0,78.0,75.0,46.0,76.0,76.0,42.0,57.0,65.0,75.0,78.0,74.0,7.0,15.0,9.0,14.0,6.0
Ayoube Amaimouni,MF,Morocco,21.5284,-0.9397808000064742,73.0,79.0,4350000.0,14000.0,74.0,61.0,64.0,70.0,60.0,71.0,60.0,57.0,60.0,68.0,46.0,69.0,73.0,73.0,70.0,69.0,68.0,66.0,69.0,72.0,70.0,59.0,65.0,57.0,62.0,63.0,67.0,56.0,58.0,54.0,10.0,11.0,11.0,11.0,11.0
Sofyan Amrabat,"DF,MF",Morocco,29.8049,0.8871994226997761,76.0,79.0,9500000.0,36000.0,69.0,71.0,70.0,75.0,73.0,78.0,59.0,70.0,61.0,71.0,58.0,82.0,69.0,69.0,64.0,74.0,82.0,72.0,69.0,78.0,80.0,75.0,75.0,74.0,68.0,68.0,82.0,77.0,73.0,67.0,13.0,13.0,6.0,16.0,12.0
Neil El Aynaoui,MF,Morocco,24.9418,-0.2861923421865973,73.0,79.0,4350000.0,14000.0,74.0,61.0,64.0,70.0,60.0,71.0,60.0,57.0,60.0,68.0,46.0,69.0,73.0,73.0,70.0,69.0,68.0,66.0,69.0,72.0,70.0,59.0,65.0,57.0,62.0,63.0,67.0,56.0,58.0,54.0,10.0,11.0,11.0,11.0,11.0
Youssef Belammari,DF,Morocco,27.7228,0.6444218505329611,73.0,79.0,4350000.0,14000.0,74.0,61.0,64.0,70.0,60.0,71.0,60.0,57.0,60.0,68.0,46.0,69.0,73.0,73.0,70.0,69.0,68.0,66.0,69.0,72.0,70.0,59.0,65.0,57.0,62.0,63.0,67.0,56.0,58.0,54.0,10.0,11.0,11.0,11.0,11.0
Ayyoub Bouaddi,MF,Morocco,18.6899,-0.3316186173352343,73.0,79.0,4350000.0,14000.0,74.0,61.0,64.0,70.0,60.0,71.0,60.0,57.0,60.0,68.0,46.0,69.0,73.0,73.0,70.0,69.0,68.0,66.0,69.0,72.0,70.0,59.0,65.0,57.0,62.0,63.0,67.0,56.0,58.0,54.0,10.0,11.0,11.0,11.0,11.0
Yassine Bounou,GK,Morocco,35.1834,-1.5180074456825463,82.0,82.0,20500000.0,29000.0,74.0,61.0,64.0,70.0,60.0,71.0,15.0,14.0,14.0,20.0,19.0,12.0,37.0,34.0,47.0,80.0,29.0,57.0,48.0,43.0,69.0,19.0,25.0,12.0,10.0,60.0,57.0,20.0,18.0,15.0,82.0,79.0,76.0,81.0,84.0
Brahim Díaz,MF,Morocco,26.8542,0.9035843065655568,73.0,79.0,4350000.0,14000.0,74.0,61.0,64.0,70.0,60.0,71.0,60.0,57.0,60.0,68.0,46.0,69.0,73.0,73.0,70.0,69.0,68.0,66.0,69.0,72.0,70.0,59.0,65.0,57.0,62.0,63.0,67.0,56.0,58.0,54.0,10.0,11.0,11.0,11.0,11.0
Issa Diop,DF,Morocco,29.4189,-1.1791544306993536,73.0,79.0,4350000.0,14000.0,74.0,61.0,64.0,70.0,60.0,71.0,60.0,57.0,60.0,68.0,46.0,69.0,73.0,73.0,70.0,69.0,68.0,66.0,69.0,72.0,70.0,59.0,65.0,57.0,62.0,63.0,67.0,56.0,58.0,54.0,10.0,11.0,11.0,11.0,11.0
Abde Ezzalzouli,"FW,MF",Morocco,24.4819,0.3394273163565922,73.0,79.0,4350000.0,14000.0,74.0,61.0,64.0,70.0,60.0,71.0,60.0,57.0,60.0,68.0,46.0,69.0,73.0,73.0,70.0,69.0,68.0,66.0,69.0,72.0,70.0,59.0,65.0,57.0,62.0,63.0,67.0,56.0,58.0,54.0,10.0,11.0,11.0,11.0,11.0
Achraf Hakimi,DF,Morocco,27.5996,0.8021737128542197,85.0,88.0,69500000.0,100000.0,95.0,71.0,78.0,83.0,76.0,78.0,86.0,73.0,68.0,84.0,55.0,83.0,95.0,95.0,86.0,84.0,79.0,77.0,80.0,91.0,73.0,70.0,75.0,78.0,78.0,75.0,80.0,75.0,78.0,76.0,10.0,8.0,14.0,6.0,8.0
Redouane Halhal,DF,Morocco,23.2683,-0.0796245530842834,73.0,79.0,4350000.0,14000.0,74.0,61.0,64.0,70.0,60.0,71.0,60.0,57.0,60.0,68.0,46.0,69.0,73.0,73.0,70.0,69.0,68.0,66.0,69.0,72.0,70.0,59.0,65.0,57.0,62.0,63.0,67.0,56.0,58.0,54.0,10.0,11.0,11.0,11.0,11.0
Ayoub El Kaabi,"FW,MF",Morocco,32.9582,2.86081466857782,68.0,68.0,1200000.0,7000.0,71.0,68.0,56.0,64.0,33.0,66.0,54.0,71.0,70.0,64.0,47.0,62.0,72.0,70.0,72.0,65.0,69.0,70.0,73.0,68.0,73.0,58.0,46.0,29.0,73.0,61.0,61.0,35.0,22.0,27.0,15.0,10.0,13.0,13.0,7.0
Bilal El Khannouss,MF,Morocco,22.0876,0.8090278392163948,73.0,79.0,4350000.0,14000.0,74.0,61.0,64.0,70.0,60.0,71.0,60.0,57.0,60.0,68.0,46.0,69.0,73.0,73.0,70.0,69.0,68.0,66.0,69.0,72.0,70.0,59.0,65.0,57.0,62.0,63.0,67.0,56.0,58.0,54.0,10.0,11.0,11.0,11.0,11.0
Noussair Mazraoui,DF,Morocco,28.5722,-0.5385177252003157,80.0,85.0,29500000.0,17000.0,82.0,61.0,74.0,81.0,75.0,71.0,74.0,63.0,65.0,82.0,33.0,81.0,81.0,83.0,86.0,77.0,67.0,67.0,69.0,82.0,66.0,54.0,69.0,78.0,73.0,76.0,76.0,74.0,75.0,78.0,12.0,7.0,13.0,12.0,12.0
Samir El Mourabet,MF,Morocco,20.679,-0.4658859577621057,73.0,79.0,4350000.0,14000.0,74.0,61.0,64.0,70.0,60.0,71.0,60.0,57.0,60.0,68.0,46.0,69.0,73.0,73.0,70.0,69.0,68.0,66.0,69.0,72.0,70.0,59.0,65.0,57.0,62.0,63.0,67.0,56.0,58.0,54.0,10.0,11.0,11.0,11.0,11.0
Munir,GK,Morocco,37.0876,2.3223203916195327,79.0,80.0,21000000.0,33000.0,79.0,78.0,75.0,82.0,35.0,66.0,73.0,79.0,77.0,82.0,67.0,83.0,82.0,76.0,83.0,78.0,79.0,78.0,66.0,72.0,66.0,77.0,58.0,25.0,78.0,76.0,80.0,38.0,27.0,25.0,9.0,12.0,6.0,13.0,16.0
Zakaria El Ouahdi,"DF,MF",Morocco,24.4435,-2.606943332866876,73.0,79.0,4350000.0,14000.0,74.0,61.0,64.0,70.0,60.0,71.0,60.0,57.0,60.0,68.0,46.0,69.0,73.0,73.0,70.0,69.0,68.0,66.0,69.0,72.0,70.0,59.0,65.0,57.0,62.0,63.0,67.0,56.0,58.0,54.0,10.0,11.0,11.0,11.0,11.0
Azzedine Ounahi,MF,Morocco,26.1451,0.6612264822784368,60.0,73.0,575000.0,2000.0,60.0,44.0,57.0,57.0,59.0,50.0,47.0,44.0,51.0,54.0,51.0,59.0,58.0,61.0,60.0,59.0,65.0,52.0,63.0,55.0,41.0,36.0,64.0,56.0,44.0,55.0,47.0,58.0,64.0,60.0,14.0,13.0,6.0,8.0,7.0
Soufiane Rahimi,FW,Morocco,30.0246,0.2543605983354063,73.0,76.0,4000000.0,1000.0,85.0,74.0,67.0,71.0,38.0,64.0,65.0,76.0,61.0,74.0,66.0,67.0,87.0,84.0,75.0,65.0,76.0,70.0,65.0,79.0,62.0,74.0,49.0,41.0,73.0,73.0,68.0,35.0,34.0,30.0,8.0,9.0,5.0,8.0,14.0
Ahmed Reda Tagnaouti,GK,Morocco,30.1834,-2.92657915581144,73.0,79.0,4350000.0,14000.0,74.0,61.0,64.0,70.0,60.0,71.0,60.0,57.0,60.0,68.0,46.0,69.0,73.0,73.0,70.0,69.0,68.0,66.0,69.0,72.0,70.0,59.0,65.0,57.0,62.0,63.0,67.0,56.0,58.0,54.0,10.0,11.0,11.0,11.0,11.0
Chadi Riad,DF,Morocco,22.9829,0.5887451036438989,73.0,79.0,4350000.0,14000.0,74.0,61.0,64.0,70.0,60.0,71.0,60.0,57.0,60.0,68.0,46.0,69.0,73.0,73.0,70.0,69.0,68.0,66.0,69.0,72.0,70.0,59.0,65.0,57.0,62.0,63.0,67.0,56.0,58.0,54.0,10.0,11.0,11.0,11.0,11.0
Ismael Saibari,FW,Morocco,25.3669,1.254195930315022,73.0,79.0,4350000.0,14000.0,74.0,61.0,64.0,70.0,60.0,71.0,60.0,57.0,60.0,68.0,46.0,69.0,73.0,73.0,70.0,69.0,68.0,66.0,69.0,72.0,70.0,59.0,65.0,57.0,62.0,63.0,67.0,56.0,58.0,54.0,10.0,11.0,11.0,11.0,11.0
Anass Salah-Eddine,DF,Morocco,24.3943,0.0668653436666752,73.0,79.0,4350000.0,14000.0,74.0,61.0,64.0,70.0,60.0,71.0,60.0,57.0,60.0,68.0,46.0,69.0,73.0,73.0,70.0,69.0,68.0,66.0,69.0,72.0,70.0,59.0,65.0,57.0,62.0,63.0,67.0,56.0,58.0,54.0,10.0,11.0,11.0,11.0,11.0
Chemsdine Talbi,MF,Morocco,21.0903,0.3201676941638315,73.0,79.0,4350000.0,14000.0,74.0,61.0,64.0,70.0,60.0,71.0,60.0,57.0,60.0,68.0,46.0,69.0,73.0,73.0,70.0,69.0,68.0,66.0,69.0,72.0,70.0,59.0,65.0,57.0,62.0,63.0,67.0,56.0,58.0,54.0,10.0,11.0,11.0,11.0,11.0
Gessime Yassine,MF,Morocco,20.5503,1.1380219039596555,73.0,79.0,4350000.0,14000.0,74.0,61.0,64.0,70.0,60.0,71.0,60.0,57.0,60.0,68.0,46.0,69.0,73.0,73.0,70.0,69.0,68.0,66.0,69.0,72.0,70.0,59.0,65.0,57.0,62.0,63.0,67.0,56.0,58.0,54.0,10.0,11.0,11.0,11.0,11.0
Nathan Aké,"DF,MF",Netherlands,31.3094,-0.8594052829691331,78.0,81.0,16500000.0,95000.0,76.0,53.0,70.0,71.0,80.0,75.0,63.0,48.0,76.0,67.0,59.0,74.0,80.0,73.0,72.0,76.0,68.0,63.0,89.0,74.0,76.0,56.0,72.0,81.0,51.0,66.0,76.0,80.0,81.0,80.0,10.0,7.0,7.0,16.0,10.0
Brian Brobbey,FW,Netherlands,24.3559,-0.8685192108096165,73.0,85.0,7500000.0,31000.0,83.0,71.0,54.0,68.0,30.0,81.0,35.0,75.0,69.0,64.0,39.0,72.0,81.0,85.0,59.0,67.0,84.0,72.0,89.0,66.0,92.0,63.0,69.0,26.0,74.0,52.0,74.0,28.0,23.0,24.0,10.0,11.0,15.0,8.0,13.0
Denzel Dumfries,"DF,MF",Netherlands,30.1478,2.022965421329128,82.0,84.0,35000000.0,100000.0,80.0,61.0,66.0,72.0,78.0,89.0,73.0,64.0,84.0,71.0,35.0,74.0,76.0,84.0,68.0,80.0,60.0,66.0,92.0,94.0,89.0,54.0,83.0,77.0,74.0,58.0,73.0,75.0,79.0,77.0,10.0,10.0,7.0,13.0,14.0
Mark Flekken,GK,Netherlands,32.9938,0.7527446112642189,75.0,77.0,4800000.0,20000.0,74.0,61.0,64.0,70.0,60.0,71.0,14.0,16.0,11.0,12.0,12.0,34.0,28.0,36.0,34.0,73.0,38.0,56.0,54.0,28.0,72.0,11.0,32.0,12.0,14.0,35.0,24.0,15.0,13.0,20.0,76.0,69.0,75.0,73.0,77.0
Cody Gakpo,"FW,MF",Netherlands,27.0958,0.7436818889544583,79.0,85.0,28000000.0,19000.0,85.0,78.0,74.0,79.0,41.0,72.0,79.0,79.0,60.0,79.0,73.0,80.0,84.0,86.0,80.0,74.0,74.0,83.0,74.0,76.0,76.0,76.0,58.0,39.0,77.0,76.0,76.0,43.0,38.0,28.0,15.0,11.0,7.0,9.0,5.0
Ryan Gravenberch,MF,Netherlands,24.0712,-0.1712051197267593,78.0,90.0,33000000.0,11000.0,77.0,74.0,77.0,82.0,68.0,71.0,74.0,74.0,58.0,83.0,56.0,84.0,76.0,78.0,80.0,73.0,75.0,77.0,72.0,81.0,74.0,78.0,52.0,74.0,72.0,80.0,79.0,71.0,67.0,59.0,12.0,8.0,6.0,11.0,12.0
Jorrel Hato,DF,Netherlands,20.2628,-3.135216713918773,73.0,79.0,4350000.0,14000.0,74.0,61.0,64.0,70.0,60.0,71.0,60.0,57.0,60.0,68.0,46.0,69.0,73.0,73.0,70.0,69.0,68.0,66.0,69.0,72.0,70.0,59.0,65.0,57.0,62.0,63.0,67.0,56.0,58.0,54.0,10.0,11.0,11.0,11.0,11.0
Jan Paul van Hecke,DF,Netherlands,26.0082,-1.0362373858862508,69.0,79.0,2900000.0,16000.0,52.0,46.0,54.0,58.0,70.0,72.0,32.0,33.0,70.0,57.0,66.0,63.0,54.0,50.0,46.0,62.0,49.0,72.0,76.0,62.0,76.0,50.0,73.0,69.0,34.0,45.0,63.0,71.0,69.0,69.0,11.0,9.0,8.0,7.0,5.0
Frenkie de Jong,"DF,MF",Netherlands,29.0821,0.8409557307059637,87.0,92.0,119500000.0,210000.0,81.0,69.0,85.0,88.0,77.0,78.0,78.0,72.0,72.0,88.0,64.0,89.0,80.0,82.0,88.0,88.0,79.0,68.0,76.0,90.0,74.0,66.0,75.0,82.0,77.0,86.0,90.0,76.0,76.0,77.0,7.0,13.0,10.0,10.0,9.0
Justin Kluivert,"FW,MF",Netherlands,27.1013,-1.3924518179926295,76.0,83.0,15000000.0,39000.0,89.0,72.0,67.0,81.0,37.0,58.0,71.0,69.0,52.0,83.0,58.0,79.0,90.0,89.0,87.0,71.0,84.0,77.0,62.0,65.0,52.0,76.0,63.0,25.0,68.0,73.0,74.0,47.0,32.0,27.0,5.0,6.0,14.0,7.0,12.0
Teun Koopmeiners,"DF,MF",Netherlands,28.282,-0.1363609749908838,79.0,84.0,24500000.0,41000.0,65.0,72.0,79.0,72.0,76.0,77.0,76.0,67.0,73.0,70.0,77.0,76.0,66.0,64.0,66.0,80.0,71.0,78.0,78.0,84.0,75.0,76.0,71.0,79.0,68.0,76.0,79.0,77.0,75.0,75.0,14.0,8.0,14.0,12.0,10.0
Noa Lang,"FW,MF",Netherlands,26.9829,5.830593526870576,78.0,85.0,28500000.0,27000.0,82.0,74.0,72.0,82.0,51.0,67.0,66.0,76.0,48.0,84.0,57.0,80.0,85.0,80.0,85.0,76.0,82.0,72.0,67.0,76.0,63.0,69.0,65.0,57.0,75.0,76.0,82.0,47.0,53.0,43.0,13.0,7.0,13.0,12.0,12.0
Donyell Malen,"FW,MF",Netherlands,27.4189,1.1822075456125678,80.0,85.0,33000000.0,59000.0,90.0,79.0,72.0,83.0,30.0,74.0,71.0,82.0,69.0,83.0,61.0,83.0,90.0,90.0,84.0,81.0,83.0,79.0,77.0,79.0,75.0,72.0,62.0,31.0,80.0,77.0,76.0,27.0,24.0,16.0,7.0,9.0,9.0,10.0,14.0
Memphis,"FW,MF",Netherlands,32.3231,1.0352868299233862,85.0,86.0,63000000.0,220000.0,82.0,83.0,82.0,84.0,30.0,79.0,84.0,83.0,65.0,86.0,83.0,85.0,81.0,83.0,80.0,83.0,81.0,87.0,69.0,79.0,83.0,83.0,72.0,28.0,85.0,85.0,80.0,23.0,31.0,20.0,8.0,14.0,6.0,12.0,10.0
Tijjani Reijnders,MF,Netherlands,27.8679,0.6637625051766247,67.0,74.0,2100000.0,3000.0,76.0,61.0,67.0,70.0,58.0,66.0,64.0,59.0,55.0,69.0,56.0,70.0,77.0,75.0,79.0,70.0,68.0,67.0,69.0,73.0,63.0,64.0,63.0,58.0,56.0,67.0,70.0,62.0,56.0,55.0,6.0,10.0,9.0,14.0,9.0
Robin Roefs,GK,Netherlands,23.397,-3.9459118576364967,57.0,71.0,325000.0,500.0,74.0,61.0,64.0,70.0,60.0,71.0,11.0,5.0,14.0,10.0,14.0,16.0,17.0,19.0,31.0,51.0,25.0,43.0,36.0,23.0,60.0,5.0,24.0,7.0,6.0,33.0,31.0,8.0,13.0,13.0,56.0,54.0,57.0,55.0,60.0
Marten de Roon,"DF,MF",Netherlands,35.2026,-4.758998254033916,82.0,82.0,25500000.0,59000.0,66.0,68.0,71.0,73.0,82.0,83.0,68.0,60.0,75.0,71.0,48.0,76.0,64.0,68.0,61.0,82.0,73.0,76.0,80.0,92.0,77.0,77.0,85.0,84.0,67.0,69.0,81.0,82.0,84.0,81.0,14.0,15.0,7.0,12.0,12.0
Crysencio Summerville,"FW,MF",Netherlands,24.6133,-0.7642004317559499,68.0,80.0,2900000.0,15000.0,88.0,61.0,59.0,70.0,24.0,49.0,59.0,63.0,41.0,70.0,61.0,68.0,89.0,88.0,87.0,63.0,76.0,64.0,37.0,67.0,48.0,58.0,34.0,17.0,62.0,60.0,57.0,21.0,24.0,26.0,9.0,9.0,15.0,11.0,10.0
Guus Til,"FW,MF",Netherlands,28.4682,0.7635742755991157,73.0,79.0,4800000.0,35000.0,67.0,71.0,69.0,73.0,59.0,71.0,53.0,75.0,69.0,72.0,63.0,75.0,64.0,69.0,68.0,75.0,73.0,70.0,52.0,87.0,68.0,66.0,65.0,66.0,77.0,73.0,69.0,52.0,59.0,57.0,12.0,6.0,12.0,11.0,14.0
Jurriën Timber,DF,Netherlands,24.9829,0.6346001992984096,73.0,79.0,4350000.0,14000.0,74.0,61.0,64.0,70.0,60.0,71.0,60.0,57.0,60.0,68.0,46.0,69.0,73.0,73.0,70.0,69.0,68.0,66.0,69.0,72.0,70.0,59.0,65.0,57.0,62.0,63.0,67.0,56.0,58.0,54.0,10.0,11.0,11.0,11.0,11.0
Quinten Timber,MF,Netherlands,24.9829,-0.8613106673760635,73.0,79.0,4350000.0,14000.0,74.0,61.0,64.0,70.0,60.0,71.0,60.0,57.0,60.0,68.0,46.0,69.0,73.0,73.0,70.0,69.0,68.0,66.0,69.0,72.0,70.0,59.0,65.0,57.0,62.0,63.0,67.0,56.0,58.0,54.0,10.0,11.0,11.0,11.0,11.0
Virgil van Dijk,DF,Netherlands,34.9254,1.2951973170493387,89.0,89.0,86000000.0,230000.0,78.0,60.0,71.0,72.0,91.0,84.0,53.0,52.0,87.0,70.0,70.0,76.0,66.0,88.0,61.0,87.0,53.0,81.0,90.0,69.0,92.0,64.0,83.0,90.0,47.0,65.0,90.0,92.0,92.0,86.0,13.0,10.0,13.0,11.0,11.0
Micky van de Ven,DF,Netherlands,25.1451,0.3235239296125375,68.0,84.0,3000000.0,13000.0,72.0,43.0,56.0,60.0,67.0,73.0,58.0,37.0,69.0,60.0,34.0,61.0,67.0,76.0,56.0,66.0,49.0,48.0,66.0,63.0,81.0,51.0,68.0,66.0,48.0,46.0,67.0,65.0,68.0,70.0,7.0,13.0,13.0,11.0,7.0
Bart Verbruggen,GK,Netherlands,23.8131,-0.4224025430040106,65.0,83.0,1600000.0,500.0,74.0,61.0,64.0,70.0,60.0,71.0,10.0,8.0,15.0,15.0,15.0,18.0,42.0,52.0,32.0,58.0,35.0,49.0,65.0,21.0,62.0,7.0,17.0,19.0,4.0,27.0,22.0,12.0,17.0,14.0,71.0,63.0,65.0,57.0,69.0
Wout Weghorst,FW,Netherlands,33.8433,-0.4702650236878849,83.0,83.0,37000000.0,95000.0,63.0,83.0,59.0,70.0,52.0,86.0,42.0,87.0,92.0,65.0,37.0,79.0,59.0,66.0,62.0,85.0,44.0,86.0,79.0,83.0,89.0,74.0,85.0,34.0,88.0,67.0,83.0,44.0,67.0,30.0,11.0,9.0,14.0,16.0,12.0
Mats Wieffer,"DF,MF",Netherlands,26.5667,0.2313346194428407,73.0,79.0,4350000.0,14000.0,74.0,61.0,64.0,70.0,60.0,71.0,60.0,57.0,60.0,68.0,46.0,69.0,73.0,73.0,70.0,69.0,68.0,66.0,69.0,72.0,70.0,59.0,65.0,57.0,62.0,63.0,67.0,56.0,58.0,54.0,10.0,11.0,11.0,11.0,11.0
Kosta Barbarouses,"FW,MF",New Zealand,36.3066,2.22286995292439,69.0,69.0,1200000.0,6000.0,85.0,69.0,62.0,72.0,32.0,71.0,62.0,71.0,51.0,71.0,42.0,69.0,84.0,85.0,93.0,70.0,72.0,69.0,63.0,92.0,67.0,67.0,56.0,38.0,73.0,71.0,68.0,28.0,29.0,22.0,8.0,11.0,12.0,13.0,9.0
Lachlan Bayliss,MF,New Zealand,23.8816,-4.168023263481645,73.0,79.0,4350000.0,14000.0,74.0,61.0,64.0,70.0,60.0,71.0,60.0,57.0,60.0,68.0,46.0,69.0,73.0,73.0,70.0,69.0,68.0,66.0,69.0,72.0,70.0,59.0,65.0,57.0,62.0,63.0,67.0,56.0,58.0,54.0,10.0,11.0,11.0,11.0,11.0
Joe Bell,MF,New Zealand,27.1232,0.3409555707575979,68.0,75.0,2400000.0,2000.0,67.0,59.0,68.0,68.0,60.0,75.0,66.0,56.0,50.0,66.0,63.0,70.0,68.0,66.0,66.0,68.0,72.0,64.0,54.0,82.0,76.0,63.0,71.0,64.0,65.0,70.0,71.0,63.0,60.0,54.0,8.0,10.0,5.0,8.0,6.0
Tyler Bindon,DF,New Zealand,21.3696,0.214794409852249,73.0,79.0,4350000.0,14000.0,74.0,61.0,64.0,70.0,60.0,71.0,60.0,57.0,60.0,68.0,46.0,69.0,73.0,73.0,70.0,69.0,68.0,66.0,69.0,72.0,70.0,59.0,65.0,57.0,62.0,63.0,67.0,56.0,58.0,54.0,10.0,11.0,11.0,11.0,11.0
Michael Boxall,DF,New Zealand,37.8131,-0.8209809488497731,69.0,69.0,900000.0,4000.0,56.0,42.0,58.0,57.0,67.0,80.0,58.0,35.0,65.0,56.0,43.0,60.0,43.0,66.0,47.0,66.0,50.0,61.0,78.0,67.0,91.0,33.0,69.0,67.0,59.0,52.0,60.0,66.0,69.0,66.0,13.0,9.0,14.0,7.0,8.0
Liberato Cacace,"DF,MF",New Zealand,25.7036,0.3654253007775286,72.0,83.0,4900000.0,8000.0,82.0,62.0,65.0,69.0,66.0,77.0,62.0,61.0,56.0,70.0,62.0,68.0,80.0,83.0,65.0,65.0,76.0,67.0,77.0,85.0,77.0,62.0,69.0,72.0,71.0,65.0,72.0,65.0,67.0,65.0,12.0,11.0,10.0,9.0,12.0
Max Crocombe,GK,New Zealand,32.8296,-1.5780839123799335,73.0,79.0,4350000.0,14000.0,74.0,61.0,64.0,70.0,60.0,71.0,60.0,57.0,60.0,68.0,46.0,69.0,73.0,73.0,70.0,69.0,68.0,66.0,69.0,72.0,70.0,59.0,65.0,57.0,62.0,63.0,67.0,56.0,58.0,54.0,10.0,11.0,11.0,11.0,11.0
Callan Elliot,DF,New Zealand,26.9281,-5.607781126370733,61.0,71.0,700000.0,650.0,72.0,49.0,56.0,62.0,54.0,60.0,55.0,50.0,46.0,58.0,48.0,61.0,73.0,72.0,75.0,63.0,76.0,48.0,53.0,64.0,59.0,47.0,59.0,55.0,54.0,58.0,60.0,54.0,54.0,55.0,7.0,5.0,9.0,6.0,8.0
Matt Garbett,MF,New Zealand,24.1615,1.0684251468818702,73.0,79.0,4350000.0,14000.0,74.0,61.0,64.0,70.0,60.0,71.0,60.0,57.0,60.0,68.0,46.0,69.0,73.0,73.0,70.0,69.0,68.0,66.0,69.0,72.0,70.0,59.0,65.0,57.0,62.0,63.0,67.0,56.0,58.0,54.0,10.0,11.0,11.0,11.0,11.0
Eli Just,MF,New Zealand,26.1123,0.3226413394420158,64.0,75.0,4350000.0,14000.0,76.0,60.0,61.0,66.0,30.0,52.0,62.0,60.0,43.0,65.0,56.0,64.0,77.0,75.0,74.0,61.0,81.0,63.0,53.0,59.0,51.0,61.0,44.0,19.0,60.0,62.0,64.0,31.0,31.0,30.0,13.0,9.0,10.0,15.0,12.0
Callum McCowatt,"FW,MF",New Zealand,27.115,-0.6682387589056522,64.0,73.0,4350000.0,14000.0,75.0,63.0,61.0,63.0,53.0,70.0,59.0,64.0,58.0,63.0,58.0,64.0,76.0,75.0,62.0,61.0,61.0,65.0,64.0,75.0,67.0,63.0,72.0,53.0,63.0,62.0,63.0,50.0,56.0,44.0,7.0,10.0,5.0,10.0,13.0
Ben Old,MF,New Zealand,23.8268,-2.059053214959418,57.0,72.0,375000.0,500.0,74.0,49.0,53.0,66.0,41.0,49.0,47.0,47.0,40.0,67.0,53.0,60.0,76.0,73.0,82.0,51.0,87.0,52.0,49.0,53.0,41.0,52.0,66.0,42.0,44.0,53.0,55.0,33.0,51.0,38.0,10.0,9.0,9.0,6.0,5.0
Alex Paulsen,GK,New Zealand,23.9363,-0.4751873566112755,58.0,75.0,450000.0,500.0,74.0,61.0,64.0,70.0,60.0,71.0,25.0,19.0,16.0,22.0,23.0,41.0,45.0,49.0,55.0,63.0,52.0,44.0,64.0,45.0,52.0,16.0,21.0,14.0,18.0,53.0,43.0,13.0,18.0,16.0,57.0,52.0,58.0,53.0,64.0
Tim Payne,"DF,FW",New Zealand,32.4162,0.8529316137747425,66.0,67.0,850000.0,2000.0,69.0,56.0,59.0,57.0,62.0,79.0,64.0,53.0,68.0,54.0,51.0,61.0,63.0,73.0,56.0,59.0,57.0,66.0,72.0,71.0,82.0,56.0,84.0,58.0,56.0,56.0,57.0,61.0,63.0,63.0,13.0,9.0,7.0,9.0,12.0
Nando Pijnaker,DF,New Zealand,27.2902,-0.7122665919484734,64.0,74.0,4350000.0,14000.0,61.0,39.0,52.0,57.0,63.0,74.0,42.0,35.0,62.0,51.0,36.0,60.0,61.0,61.0,64.0,64.0,65.0,55.0,65.0,71.0,82.0,35.0,62.0,63.0,42.0,54.0,57.0,65.0,62.0,61.0,11.0,12.0,13.0,12.0,13.0
Jesse Randall,MF,New Zealand,23.8104,-3.152656836760966,73.0,79.0,4350000.0,14000.0,74.0,61.0,64.0,70.0,60.0,71.0,60.0,57.0,60.0,68.0,46.0,69.0,73.0,73.0,70.0,69.0,68.0,66.0,69.0,72.0,70.0,59.0,65.0,57.0,62.0,63.0,67.0,56.0,58.0,54.0,10.0,11.0,11.0,11.0,11.0
Alex Rufer,MF,New Zealand,29.9966,0.1532477154950373,61.0,64.0,425000.0,900.0,66.0,54.0,61.0,60.0,53.0,73.0,56.0,52.0,50.0,57.0,52.0,60.0,65.0,66.0,70.0,56.0,67.0,66.0,56.0,74.0,73.0,51.0,74.0,52.0,56.0,65.0,57.0,50.0,57.0,55.0,13.0,10.0,10.0,15.0,11.0
Sarpreet Singh,MF,New Zealand,27.3039,2.195783073523893,66.0,75.0,1900000.0,3000.0,75.0,63.0,68.0,67.0,48.0,57.0,67.0,62.0,44.0,65.0,64.0,67.0,80.0,70.0,71.0,62.0,81.0,66.0,53.0,64.0,51.0,65.0,63.0,51.0,58.0,72.0,64.0,51.0,47.0,41.0,14.0,6.0,12.0,8.0,8.0
Tommy Smith,DF,New Zealand,36.1971,-2.92657915581144,63.0,63.0,325000.0,3000.0,48.0,37.0,50.0,52.0,62.0,75.0,49.0,32.0,62.0,50.0,32.0,52.0,53.0,44.0,51.0,56.0,52.0,45.0,64.0,73.0,80.0,38.0,69.0,62.0,48.0,50.0,59.0,62.0,63.0,62.0,11.0,16.0,9.0,15.0,10.0
Marko Stamenic,MF,New Zealand,24.3066,-0.4304985097879542,62.0,80.0,4350000.0,14000.0,68.0,51.0,62.0,68.0,52.0,65.0,53.0,50.0,53.0,67.0,51.0,73.0,67.0,69.0,66.0,50.0,65.0,55.0,53.0,64.0,63.0,50.0,73.0,52.0,53.0,65.0,71.0,50.0,53.0,52.0,13.0,10.0,8.0,10.0,10.0
Finn Surman,DF,New Zealand,22.7146,-0.6589581031141067,73.0,79.0,4350000.0,14000.0,74.0,61.0,64.0,70.0,60.0,71.0,60.0,57.0,60.0,68.0,46.0,69.0,73.0,73.0,70.0,69.0,68.0,66.0,69.0,72.0,70.0,59.0,65.0,57.0,62.0,63.0,67.0,56.0,58.0,54.0,10.0,11.0,11.0,11.0,11.0
Ryan Thomas,"FW,MF",New Zealand,31.4736,-2.92657915581144,74.0,76.0,5000000.0,16000.0,72.0,66.0,73.0,77.0,61.0,68.0,66.0,65.0,42.0,78.0,63.0,79.0,75.0,70.0,76.0,74.0,75.0,70.0,79.0,78.0,60.0,63.0,73.0,74.0,69.0,75.0,72.0,62.0,58.0,59.0,10.0,12.0,6.0,8.0,9.0
Francis de Vries,DF,New Zealand,31.5339,0.6950539683145477,73.0,79.0,4350000.0,14000.0,74.0,61.0,64.0,70.0,60.0,71.0,60.0,57.0,60.0,68.0,46.0,69.0,73.0,73.0,70.0,69.0,68.0,66.0,69.0,72.0,70.0,59.0,65.0,57.0,62.0,63.0,67.0,56.0,58.0,54.0,10.0,11.0,11.0,11.0,11.0
Ben Waine,FW,New Zealand,25.0,-8.001279272494312,64.0,76.0,1400000.0,1000.0,80.0,63.0,56.0,63.0,40.0,68.0,59.0,65.0,61.0,59.0,53.0,61.0,84.0,77.0,80.0,60.0,79.0,61.0,76.0,66.0,74.0,62.0,54.0,38.0,63.0,57.0,57.0,36.0,38.0,36.0,13.0,7.0,11.0,13.0,12.0
Chris Wood,FW,New Zealand,34.5092,1.301010635663813,79.0,79.0,17500000.0,48000.0,64.0,79.0,60.0,70.0,40.0,81.0,46.0,81.0,87.0,69.0,64.0,77.0,60.0,68.0,55.0,77.0,59.0,81.0,79.0,76.0,86.0,72.0,77.0,40.0,80.0,64.0,77.0,39.0,30.0,29.0,14.0,16.0,16.0,7.0,16.0
Michael Woud,GK,New Zealand,27.3997,-2.92657915581144,65.0,75.0,4350000.0,14000.0,74.0,61.0,64.0,70.0,60.0,71.0,14.0,10.0,14.0,11.0,12.0,13.0,41.0,35.0,48.0,65.0,32.0,45.0,60.0,34.0,57.0,10.0,25.0,13.0,10.0,36.0,38.0,10.0,13.0,13.0,71.0,56.0,60.0,61.0,68.0
Thelo Aasgaard,MF,Norway,24.1095,6.009124734553537,62.0,74.0,950000.0,700.0,74.0,53.0,56.0,65.0,37.0,42.0,42.0,52.0,36.0,63.0,38.0,61.0,77.0,71.0,83.0,58.0,85.0,56.0,66.0,56.0,36.0,57.0,35.0,37.0,59.0,62.0,58.0,35.0,39.0,35.0,8.0,11.0,7.0,11.0,6.0
Kristoffer Ajer,"DF,MF",Norway,28.1506,-1.5202247464196186,66.0,75.0,1900000.0,1000.0,81.0,62.0,57.0,69.0,33.0,63.0,62.0,62.0,52.0,69.0,51.0,66.0,79.0,82.0,76.0,62.0,82.0,65.0,62.0,69.0,61.0,64.0,60.0,27.0,61.0,59.0,66.0,33.0,35.0,22.0,8.0,5.0,12.0,9.0,11.0
Fredrik André Bjørkan,DF,Norway,27.8049,-1.3754102372637191,72.0,78.0,3500000.0,4000.0,83.0,49.0,61.0,67.0,67.0,72.0,64.0,53.0,56.0,68.0,32.0,64.0,83.0,83.0,70.0,67.0,74.0,45.0,71.0,90.0,67.0,47.0,63.0,68.0,61.0,57.0,67.0,68.0,68.0,66.0,9.0,13.0,10.0,12.0,9.0
Fredrik Aursnes,"DF,MF",Norway,30.501,0.2963700435375656,71.0,75.0,2400000.0,7000.0,74.0,65.0,70.0,71.0,67.0,72.0,68.0,64.0,58.0,68.0,63.0,71.0,72.0,76.0,80.0,68.0,79.0,68.0,71.0,91.0,62.0,66.0,71.0,68.0,66.0,66.0,67.0,67.0,69.0,65.0,12.0,14.0,14.0,8.0,13.0
Patrick Berg,"DF,MF",Norway,28.5448,-0.8743891366699595,73.0,81.0,6500000.0,5000.0,77.0,61.0,72.0,72.0,63.0,77.0,64.0,59.0,45.0,70.0,63.0,73.0,76.0,77.0,72.0,72.0,78.0,67.0,58.0,92.0,76.0,63.0,63.0,69.0,67.0,74.0,74.0,61.0,66.0,62.0,14.0,11.0,16.0,10.0,8.0
Sander Berge,MF,Norway,28.3203,0.9842897375062136,76.0,82.0,11000000.0,23000.0,64.0,58.0,72.0,73.0,74.0,84.0,65.0,52.0,79.0,76.0,50.0,76.0,55.0,72.0,56.0,73.0,54.0,75.0,73.0,83.0,91.0,58.0,72.0,73.0,68.0,74.0,83.0,74.0,74.0,67.0,14.0,9.0,10.0,8.0,10.0
Oscar Bobb,"FW,MF",Norway,22.9144,1.534240793436505,73.0,79.0,4350000.0,14000.0,74.0,61.0,64.0,70.0,60.0,71.0,60.0,57.0,60.0,68.0,46.0,69.0,73.0,73.0,70.0,69.0,68.0,66.0,69.0,72.0,70.0,59.0,65.0,57.0,62.0,63.0,67.0,56.0,58.0,54.0,10.0,11.0,11.0,11.0,11.0
Henrik Falchener,DF,Norway,23.0931,-1.7652767804838008,52.0,70.0,200000.0,500.0,64.0,46.0,49.0,56.0,42.0,48.0,41.0,45.0,45.0,55.0,40.0,56.0,58.0,68.0,58.0,51.0,65.0,55.0,56.0,47.0,51.0,40.0,39.0,31.0,48.0,46.0,56.0,40.0,48.0,46.0,5.0,5.0,9.0,12.0,12.0
Erling Haaland,"FW,MF",Norway,25.8898,1.5406154547454554,88.0,93.0,137500000.0,110000.0,89.0,91.0,65.0,80.0,45.0,88.0,47.0,94.0,69.0,78.0,62.0,85.0,82.0,94.0,75.0,88.0,72.0,94.0,74.0,82.0,93.0,87.0,85.0,43.0,89.0,71.0,84.0,44.0,43.0,30.0,7.0,14.0,13.0,11.0,7.0
Torbjørn Heggem,DF,Norway,27.4107,0.5470282106318032,73.0,79.0,4350000.0,14000.0,74.0,61.0,64.0,70.0,60.0,71.0,60.0,57.0,60.0,68.0,46.0,69.0,73.0,73.0,70.0,69.0,68.0,66.0,69.0,72.0,70.0,59.0,65.0,57.0,62.0,63.0,67.0,56.0,58.0,54.0,10.0,11.0,11.0,11.0,11.0
Sondre Langås,DF,Norway,25.3532,-0.6246220109330625,73.0,79.0,4350000.0,14000.0,74.0,61.0,64.0,70.0,60.0,71.0,60.0,57.0,60.0,68.0,46.0,69.0,73.0,73.0,70.0,69.0,68.0,66.0,69.0,72.0,70.0,59.0,65.0,57.0,62.0,63.0,67.0,56.0,58.0,54.0,10.0,11.0,11.0,11.0,11.0
David Møller Wolfe,DF,Norway,24.1342,1.6767406254309725,58.0,71.0,475000.0,500.0,64.0,43.0,49.0,57.0,53.0,55.0,55.0,40.0,46.0,57.0,36.0,58.0,65.0,63.0,62.0,50.0,55.0,49.0,56.0,63.0,53.0,46.0,50.0,52.0,44.0,40.0,43.0,49.0,59.0,57.0,8.0,9.0,14.0,10.0,11.0
Antonio Nusa,"FW,MF",Norway,21.1506,1.5841540580703986,73.0,79.0,4350000.0,14000.0,74.0,61.0,64.0,70.0,60.0,71.0,60.0,57.0,60.0,68.0,46.0,69.0,73.0,73.0,70.0,69.0,68.0,66.0,69.0,72.0,70.0,59.0,65.0,57.0,62.0,63.0,67.0,56.0,58.0,54.0,10.0,11.0,11.0,11.0,11.0
Ørjan Nyland,GK,Norway,35.7502,-0.111373456694887,71.0,71.0,1200000.0,16000.0,74.0,61.0,64.0,70.0,60.0,71.0,12.0,11.0,13.0,21.0,14.0,23.0,47.0,48.0,45.0,64.0,53.0,57.0,71.0,33.0,71.0,13.0,26.0,21.0,13.0,28.0,41.0,17.0,11.0,12.0,70.0,70.0,76.0,71.0,72.0
Marcus Pedersen,"DF,MF",Norway,25.9035,-1.9548991933242583,67.0,81.0,2400000.0,2000.0,89.0,48.0,56.0,65.0,58.0,65.0,66.0,48.0,38.0,65.0,44.0,63.0,88.0,89.0,78.0,57.0,71.0,51.0,65.0,83.0,64.0,42.0,43.0,62.0,57.0,58.0,54.0,58.0,63.0,58.0,10.0,7.0,9.0,15.0,11.0
Jens Petter Hauge,"DF,FW",Norway,26.6626,-1.067902127006735,76.0,83.0,15000000.0,26000.0,88.0,68.0,67.0,78.0,42.0,66.0,69.0,69.0,49.0,78.0,54.0,78.0,89.0,88.0,81.0,70.0,76.0,68.0,55.0,83.0,67.0,68.0,45.0,39.0,71.0,70.0,74.0,43.0,43.0,37.0,9.0,7.0,14.0,9.0,8.0
Julian Ryerson,"DF,MF",Norway,28.564,2.211774894304938,68.0,73.0,1700000.0,9000.0,66.0,57.0,61.0,66.0,65.0,74.0,64.0,55.0,58.0,64.0,28.0,66.0,69.0,63.0,73.0,66.0,72.0,65.0,82.0,76.0,70.0,56.0,80.0,63.0,58.0,58.0,65.0,64.0,66.0,71.0,7.0,13.0,8.0,7.0,7.0
Andreas Schjelderup,"FW,MF",Norway,22.0274,0.4625802557984067,65.0,84.0,1800000.0,500.0,72.0,58.0,60.0,68.0,35.0,47.0,52.0,60.0,39.0,65.0,59.0,66.0,74.0,71.0,82.0,63.0,87.0,58.0,51.0,59.0,40.0,53.0,47.0,35.0,63.0,66.0,64.0,35.0,35.0,35.0,13.0,10.0,10.0,15.0,11.0
Egil Selvik,GK,Norway,28.8652,-1.1029088380527328,63.0,71.0,925000.0,650.0,74.0,61.0,64.0,70.0,60.0,71.0,10.0,5.0,11.0,7.0,13.0,13.0,18.0,18.0,35.0,51.0,34.0,44.0,42.0,22.0,45.0,6.0,24.0,7.0,6.0,26.0,33.0,6.0,11.0,13.0,64.0,63.0,59.0,63.0,63.0
Jørgen Strand Larsen,FW,Norway,26.3422,2.4821902153515283,69.0,79.0,3200000.0,5000.0,61.0,68.0,55.0,65.0,31.0,76.0,45.0,71.0,71.0,67.0,42.0,66.0,59.0,63.0,54.0,67.0,51.0,70.0,71.0,72.0,83.0,63.0,64.0,26.0,71.0,63.0,70.0,29.0,27.0,23.0,7.0,14.0,14.0,8.0,9.0
Alexander Sørloth,FW,Norway,30.5147,0.7411725021599216,76.0,79.0,10000000.0,61000.0,80.0,74.0,66.0,70.0,36.0,83.0,66.0,75.0,77.0,70.0,60.0,75.0,72.0,87.0,55.0,74.0,56.0,80.0,65.0,83.0,88.0,68.0,74.0,36.0,78.0,69.0,79.0,39.0,23.0,21.0,15.0,12.0,8.0,15.0,8.0
Sander Tangvik,GK,Norway,23.5311,-2.92657915581144,53.0,71.0,210000.0,500.0,74.0,61.0,64.0,70.0,60.0,71.0,13.0,9.0,10.0,13.0,11.0,20.0,60.0,62.0,34.0,40.0,41.0,44.0,64.0,30.0,60.0,6.0,20.0,8.0,7.0,52.0,30.0,8.0,14.0,13.0,56.0,49.0,58.0,49.0,57.0
Morten Thorsby,MF,Norway,30.1013,1.201262175818489,73.0,78.0,4400000.0,15000.0,68.0,62.0,68.0,71.0,73.0,80.0,62.0,62.0,84.0,70.0,48.0,73.0,69.0,67.0,65.0,75.0,68.0,65.0,82.0,91.0,74.0,60.0,81.0,72.0,73.0,69.0,73.0,71.0,75.0,66.0,13.0,14.0,10.0,7.0,13.0
Kristian Thorstvedt,MF,Norway,27.2464,-1.6927122456139312,72.0,79.0,4800000.0,11000.0,65.0,71.0,69.0,71.0,65.0,79.0,58.0,70.0,70.0,74.0,57.0,74.0,62.0,67.0,65.0,68.0,42.0,78.0,70.0,74.0,85.0,75.0,73.0,67.0,70.0,69.0,71.0,62.0,67.0,57.0,13.0,8.0,10.0,6.0,12.0
Martin Ødegaard,"FW,MF",Norway,27.4819,2.7700046427178084,82.0,88.0,49000000.0,89000.0,77.0,74.0,83.0,84.0,58.0,62.0,84.0,73.0,52.0,85.0,83.0,85.0,80.0,75.0,85.0,74.0,83.0,76.0,46.0,78.0,56.0,77.0,63.0,65.0,76.0,86.0,76.0,65.0,49.0,51.0,14.0,15.0,15.0,8.0,10.0
Leo Østigård,"DF,FW",Norway,26.5339,0.1176672413481838,70.0,80.0,3300000.0,18000.0,70.0,37.0,48.0,57.0,68.0,77.0,41.0,33.0,69.0,49.0,24.0,61.0,68.0,71.0,70.0,68.0,61.0,52.0,90.0,69.0,79.0,32.0,79.0,65.0,35.0,34.0,58.0,66.0,71.0,68.0,13.0,10.0,13.0,8.0,6.0
Michael Amir Murillo,"DF,MF",Panama,30.3285,-0.3176384509482093,75.0,78.0,7000000.0,19000.0,83.0,57.0,68.0,71.0,71.0,75.0,71.0,56.0,68.0,70.0,48.0,72.0,81.0,84.0,73.0,73.0,68.0,68.0,84.0,75.0,74.0,51.0,76.0,71.0,67.0,68.0,71.0,70.0,72.0,71.0,5.0,15.0,12.0,11.0,14.0
Andrés Andrade Cedeño,DF,Panama,27.6516,-0.9180079779803292,69.0,76.0,2600000.0,10000.0,74.0,51.0,59.0,64.0,68.0,76.0,61.0,48.0,68.0,64.0,36.0,66.0,73.0,75.0,59.0,71.0,58.0,62.0,71.0,80.0,76.0,52.0,70.0,72.0,59.0,56.0,67.0,67.0,67.0,66.0,8.0,5.0,7.0,10.0,8.0
Yoel Bárcenas,"FW,MF",Panama,32.6324,-0.905630776715514,70.0,70.0,1700000.0,12000.0,77.0,67.0,64.0,71.0,36.0,61.0,67.0,70.0,40.0,72.0,71.0,68.0,78.0,77.0,83.0,65.0,76.0,66.0,55.0,79.0,62.0,68.0,36.0,32.0,67.0,61.0,60.0,35.0,36.0,38.0,8.0,13.0,12.0,14.0,14.0
César Blackman,"DF,MF",Panama,28.1916,-0.0142105968650307,73.0,79.0,4350000.0,14000.0,74.0,61.0,64.0,70.0,60.0,71.0,60.0,57.0,60.0,68.0,46.0,69.0,73.0,73.0,70.0,69.0,68.0,66.0,69.0,72.0,70.0,59.0,65.0,57.0,62.0,63.0,67.0,56.0,58.0,54.0,10.0,11.0,11.0,11.0,11.0
Adalberto Carrasquilla,MF,Panama,27.5339,0.0514144165089204,69.0,77.0,3100000.0,4000.0,73.0,61.0,64.0,72.0,57.0,66.0,55.0,61.0,48.0,70.0,47.0,71.0,75.0,72.0,83.0,71.0,82.0,62.0,77.0,77.0,61.0,64.0,62.0,62.0,67.0,68.0,68.0,51.0,63.0,57.0,14.0,7.0,13.0,11.0,8.0
José Córdoba,DF,Panama,25.2656,0.1611310865052136,73.0,79.0,4350000.0,14000.0,74.0,61.0,64.0,70.0,60.0,71.0,60.0,57.0,60.0,68.0,46.0,69.0,73.0,73.0,70.0,69.0,68.0,66.0,69.0,72.0,70.0,59.0,65.0,57.0,62.0,63.0,67.0,56.0,58.0,54.0,10.0,11.0,11.0,11.0,11.0
Erick Davis,DF,Panama,35.1971,0.8869081833592416,73.0,79.0,4350000.0,14000.0,74.0,61.0,64.0,70.0,60.0,71.0,60.0,57.0,60.0,68.0,46.0,69.0,73.0,73.0,70.0,69.0,68.0,66.0,69.0,72.0,70.0,59.0,65.0,57.0,62.0,63.0,67.0,56.0,58.0,54.0,10.0,11.0,11.0,11.0,11.0
Ismael Díaz,"FW,MF",Panama,29.0821,-0.2214581450560795,73.0,79.0,4350000.0,14000.0,74.0,61.0,64.0,70.0,60.0,71.0,60.0,57.0,60.0,68.0,46.0,69.0,73.0,73.0,70.0,69.0,68.0,66.0,69.0,72.0,70.0,59.0,65.0,57.0,62.0,63.0,67.0,56.0,58.0,54.0,10.0,11.0,11.0,11.0,11.0
Fidel Escobar,DF,Panama,31.4189,-1.5447393937373863,66.0,71.0,1100000.0,3000.0,77.0,41.0,40.0,46.0,64.0,79.0,30.0,25.0,68.0,41.0,45.0,40.0,74.0,79.0,62.0,63.0,68.0,64.0,80.0,83.0,79.0,55.0,75.0,64.0,35.0,33.0,61.0,65.0,63.0,64.0,10.0,14.0,15.0,9.0,11.0
José Fajardo,FW,Panama,32.8131,0.0180446895352412,73.0,79.0,4350000.0,14000.0,74.0,61.0,64.0,70.0,60.0,71.0,60.0,57.0,60.0,68.0,46.0,69.0,73.0,73.0,70.0,69.0,68.0,66.0,69.0,72.0,70.0,59.0,65.0,57.0,62.0,63.0,67.0,56.0,58.0,54.0,10.0,11.0,11.0,11.0,11.0
Edgardo Fariña,DF,Panama,24.6434,0.5967520392001504,73.0,79.0,4350000.0,14000.0,74.0,61.0,64.0,70.0,60.0,71.0,60.0,57.0,60.0,68.0,46.0,69.0,73.0,73.0,70.0,69.0,68.0,66.0,69.0,72.0,70.0,59.0,65.0,57.0,62.0,63.0,67.0,56.0,58.0,54.0,10.0,11.0,11.0,11.0,11.0
Aníbal Godoy,MF,Panama,36.3313,0.0510657029637018,71.0,71.0,1300000.0,5000.0,32.0,55.0,64.0,66.0,64.0,75.0,42.0,53.0,51.0,65.0,47.0,67.0,33.0,32.0,61.0,65.0,63.0,73.0,66.0,74.0,73.0,54.0,84.0,68.0,56.0,64.0,73.0,67.0,63.0,62.0,8.0,15.0,14.0,9.0,6.0
Jorge Gutiérrez,DF,Panama,27.7748,0.0698421662154732,73.0,79.0,4350000.0,14000.0,74.0,61.0,64.0,70.0,60.0,71.0,60.0,57.0,60.0,68.0,46.0,69.0,73.0,73.0,70.0,69.0,68.0,66.0,69.0,72.0,70.0,59.0,65.0,57.0,62.0,63.0,67.0,56.0,58.0,54.0,10.0,11.0,11.0,11.0,11.0
Carlos Harvey,"DF,MF",Panama,26.3504,-0.4091231734934063,51.0,63.0,140000.0,950.0,54.0,42.0,51.0,52.0,47.0,50.0,42.0,40.0,46.0,50.0,30.0,50.0,58.0,50.0,60.0,50.0,70.0,48.0,67.0,36.0,54.0,40.0,52.0,52.0,48.0,57.0,40.0,45.0,45.0,52.0,15.0,12.0,10.0,5.0,9.0
Azarías Londoño,MF,Panama,24.9719,1.3577360087723214,73.0,79.0,4350000.0,14000.0,74.0,61.0,64.0,70.0,60.0,71.0,60.0,57.0,60.0,68.0,46.0,69.0,73.0,73.0,70.0,69.0,68.0,66.0,69.0,72.0,70.0,59.0,65.0,57.0,62.0,63.0,67.0,56.0,58.0,54.0,10.0,11.0,11.0,11.0,11.0
José Luis Rodríguez,"FW,MF",Panama,27.9774,0.2639155349052929,65.0,74.0,1600000.0,5000.0,79.0,67.0,56.0,71.0,28.0,62.0,61.0,69.0,31.0,74.0,56.0,69.0,79.0,79.0,80.0,54.0,72.0,70.0,70.0,59.0,71.0,68.0,42.0,22.0,51.0,46.0,54.0,21.0,36.0,32.0,11.0,9.0,8.0,11.0,9.0
Cristian Martínez,MF,Panama,29.3422,-0.2531960750937726,73.0,79.0,4350000.0,14000.0,74.0,61.0,64.0,70.0,60.0,71.0,60.0,57.0,60.0,68.0,46.0,69.0,73.0,73.0,70.0,69.0,68.0,66.0,69.0,72.0,70.0,59.0,65.0,57.0,62.0,63.0,67.0,56.0,58.0,54.0,10.0,11.0,11.0,11.0,11.0
Luis Mejía,GK,Panama,35.2382,0.6510562101582171,75.0,75.0,3700000.0,600.0,74.0,61.0,64.0,70.0,60.0,71.0,21.0,14.0,13.0,13.0,19.0,16.0,57.0,52.0,62.0,75.0,58.0,50.0,78.0,40.0,82.0,17.0,45.0,19.0,13.0,42.0,31.0,30.0,13.0,13.0,79.0,69.0,67.0,71.0,76.0
Roderick Miller,DF,Panama,34.1889,0.17354198066347,73.0,79.0,4350000.0,14000.0,74.0,61.0,64.0,70.0,60.0,71.0,60.0,57.0,60.0,68.0,46.0,69.0,73.0,73.0,70.0,69.0,68.0,66.0,69.0,72.0,70.0,59.0,65.0,57.0,62.0,63.0,67.0,56.0,58.0,54.0,10.0,11.0,11.0,11.0,11.0
Orlando Mosquera,GK,Panama,31.46,-1.7260784745207094,73.0,79.0,4350000.0,14000.0,74.0,61.0,64.0,70.0,60.0,71.0,60.0,57.0,60.0,68.0,46.0,69.0,73.0,73.0,70.0,69.0,68.0,66.0,69.0,72.0,70.0,59.0,65.0,57.0,62.0,63.0,67.0,56.0,58.0,54.0,10.0,11.0,11.0,11.0,11.0
Alberto Quintero,"FW,MF",Panama,38.4791,1.146980869022289,72.0,72.0,1500000.0,950.0,80.0,65.0,64.0,75.0,20.0,61.0,68.0,68.0,42.0,75.0,54.0,74.0,81.0,80.0,81.0,64.0,77.0,70.0,67.0,70.0,55.0,62.0,61.0,23.0,67.0,63.0,69.0,17.0,14.0,16.0,13.0,16.0,7.0,9.0,14.0
Jiovany Ramos,DF,Panama,29.3723,0.2385858419951164,73.0,79.0,4350000.0,14000.0,74.0,61.0,64.0,70.0,60.0,71.0,60.0,57.0,60.0,68.0,46.0,69.0,73.0,73.0,70.0,69.0,68.0,66.0,69.0,72.0,70.0,59.0,65.0,57.0,62.0,63.0,67.0,56.0,58.0,54.0,10.0,11.0,11.0,11.0,11.0
Tomás Rodríguez,FW,Panama,27.2574,1.0179208463899356,65.0,74.0,1600000.0,5000.0,79.0,67.0,56.0,71.0,28.0,62.0,61.0,69.0,31.0,74.0,56.0,69.0,79.0,79.0,80.0,54.0,72.0,70.0,70.0,59.0,71.0,68.0,42.0,22.0,51.0,46.0,54.0,21.0,36.0,32.0,11.0,9.0,8.0,11.0,9.0
César Samudio,GK,Panama,32.2957,2.24299488953198,73.0,79.0,4350000.0,14000.0,74.0,61.0,64.0,70.0,60.0,71.0,60.0,57.0,60.0,68.0,46.0,69.0,73.0,73.0,70.0,69.0,68.0,66.0,69.0,72.0,70.0,59.0,65.0,57.0,62.0,63.0,67.0,56.0,58.0,54.0,10.0,11.0,11.0,11.0,11.0
Cecilio Waterman,"FW,MF",Panama,35.1615,0.8107488646608522,73.0,79.0,4350000.0,14000.0,74.0,61.0,64.0,70.0,60.0,71.0,60.0,57.0,60.0,68.0,46.0,69.0,73.0,73.0,70.0,69.0,68.0,66.0,69.0,72.0,70.0,59.0,65.0,57.0,62.0,63.0,67.0,56.0,58.0,54.0,10.0,11.0,11.0,11.0,11.0
César Yanis,MF,Panama,30.3669,1.3312110518196307,65.0,68.0,950000.0,3000.0,78.0,51.0,58.0,68.0,24.0,45.0,64.0,59.0,31.0,71.0,37.0,64.0,79.0,77.0,78.0,57.0,81.0,46.0,43.0,60.0,42.0,37.0,32.0,18.0,58.0,56.0,49.0,28.0,22.0,21.0,14.0,10.0,9.0,10.0,14.0
Omar Alderete,DF,Paraguay,29.4572,-1.063684417854515,74.0,80.0,6000000.0,28000.0,66.0,56.0,59.0,63.0,74.0,77.0,56.0,54.0,75.0,62.0,41.0,67.0,63.0,68.0,57.0,68.0,58.0,63.0,80.0,74.0,77.0,57.0,82.0,76.0,62.0,47.0,59.0,70.0,77.0,74.0,7.0,13.0,14.0,13.0,15.0
Miguel Almirón,MF,Paraguay,32.3313,-0.6578380627891443,77.0,78.0,12000000.0,40000.0,86.0,72.0,74.0,79.0,53.0,63.0,71.0,71.0,43.0,82.0,68.0,77.0,88.0,85.0,86.0,78.0,64.0,78.0,48.0,81.0,53.0,65.0,69.0,54.0,75.0,76.0,74.0,53.0,55.0,50.0,6.0,9.0,13.0,13.0,12.0
Júnior Alonso,DF,Paraguay,33.334,-1.622250367587294,73.0,79.0,4350000.0,14000.0,74.0,61.0,64.0,70.0,60.0,71.0,60.0,57.0,60.0,68.0,46.0,69.0,73.0,73.0,70.0,69.0,68.0,66.0,69.0,72.0,70.0,59.0,65.0,57.0,62.0,63.0,67.0,56.0,58.0,54.0,10.0,11.0,11.0,11.0,11.0
Álex Arce,FW,Paraguay,30.9856,-0.4195669939757276,73.0,79.0,4350000.0,14000.0,74.0,61.0,64.0,70.0,60.0,71.0,60.0,57.0,60.0,68.0,46.0,69.0,73.0,73.0,70.0,69.0,68.0,66.0,69.0,72.0,70.0,59.0,65.0,57.0,62.0,63.0,67.0,56.0,58.0,54.0,10.0,11.0,11.0,11.0,11.0
Gabriel Ávalos,FW,Paraguay,35.6626,-1.340482348134647,71.0,71.0,1800000.0,10000.0,67.0,69.0,48.0,69.0,34.0,75.0,33.0,74.0,74.0,71.0,29.0,68.0,65.0,68.0,63.0,66.0,68.0,72.0,73.0,72.0,87.0,58.0,48.0,22.0,73.0,61.0,70.0,42.0,26.0,14.0,13.0,15.0,15.0,9.0,13.0
Fabián Balbuena,DF,Paraguay,34.7995,-0.0437357088158704,73.0,79.0,4350000.0,14000.0,74.0,61.0,64.0,70.0,60.0,71.0,60.0,57.0,60.0,68.0,46.0,69.0,73.0,73.0,70.0,69.0,68.0,66.0,69.0,72.0,70.0,59.0,65.0,57.0,62.0,63.0,67.0,56.0,58.0,54.0,10.0,11.0,11.0,11.0,11.0
Damián Bobadilla,MF,Paraguay,24.9172,-2.1495168609810538,73.0,79.0,4350000.0,14000.0,74.0,61.0,64.0,70.0,60.0,71.0,60.0,57.0,60.0,68.0,46.0,69.0,73.0,73.0,70.0,69.0,68.0,66.0,69.0,72.0,70.0,59.0,65.0,57.0,62.0,63.0,67.0,56.0,58.0,54.0,10.0,11.0,11.0,11.0,11.0
Gustavo Caballero,"FW,MF",Paraguay,24.7201,4.62018830843671,73.0,79.0,4350000.0,14000.0,74.0,61.0,64.0,70.0,60.0,71.0,60.0,57.0,60.0,68.0,46.0,69.0,73.0,73.0,70.0,69.0,68.0,66.0,69.0,72.0,70.0,59.0,65.0,57.0,62.0,63.0,67.0,56.0,58.0,54.0,10.0,11.0,11.0,11.0,11.0
Juan Cáceres,DF,Paraguay,26.0274,-0.6426122902668895,64.0,67.0,700000.0,500.0,62.0,30.0,41.0,40.0,65.0,64.0,29.0,27.0,68.0,23.0,44.0,55.0,58.0,65.0,49.0,60.0,62.0,39.0,70.0,63.0,68.0,20.0,55.0,65.0,28.0,33.0,44.0,62.0,68.0,65.0,9.0,9.0,6.0,13.0,6.0
José Canale,DF,Paraguay,29.8925,1.4537061437608272,68.0,74.0,1700000.0,5000.0,66.0,31.0,48.0,48.0,68.0,71.0,32.0,34.0,75.0,37.0,31.0,56.0,67.0,65.0,46.0,60.0,66.0,38.0,75.0,59.0,80.0,21.0,62.0,65.0,27.0,42.0,65.0,65.0,72.0,63.0,11.0,11.0,11.0,12.0,11.0
Andrés Cubas,MF,Paraguay,30.0548,-0.7597067005165141,75.0,79.0,7000000.0,7000.0,69.0,52.0,68.0,73.0,74.0,59.0,59.0,45.0,55.0,67.0,40.0,73.0,70.0,68.0,90.0,76.0,90.0,59.0,82.0,89.0,32.0,61.0,82.0,74.0,65.0,69.0,75.0,76.0,78.0,75.0,9.0,12.0,11.0,13.0,7.0
Julio Enciso,FW,Paraguay,22.3806,-0.4878384567981739,61.0,81.0,900000.0,500.0,68.0,55.0,53.0,63.0,31.0,43.0,61.0,57.0,39.0,67.0,42.0,65.0,71.0,66.0,62.0,50.0,56.0,49.0,49.0,52.0,42.0,57.0,35.0,30.0,60.0,60.0,41.0,28.0,33.0,32.0,10.0,7.0,9.0,13.0,11.0
Gatito Fernández,GK,Paraguay,38.2026,0.4826629621491662,66.0,75.0,1900000.0,4000.0,76.0,59.0,63.0,65.0,43.0,55.0,65.0,65.0,40.0,70.0,44.0,61.0,75.0,76.0,70.0,51.0,64.0,60.0,56.0,70.0,51.0,50.0,48.0,50.0,60.0,60.0,54.0,40.0,40.0,49.0,11.0,8.0,8.0,9.0,13.0
Matías Galarza,MF,Paraguay,24.3285,2.0611376413601845,73.0,79.0,4350000.0,14000.0,74.0,61.0,64.0,70.0,60.0,71.0,60.0,57.0,60.0,68.0,46.0,69.0,73.0,73.0,70.0,69.0,68.0,66.0,69.0,72.0,70.0,59.0,65.0,57.0,62.0,63.0,67.0,56.0,58.0,54.0,10.0,11.0,11.0,11.0,11.0
Orlando Gill,GK,Paraguay,26.0,-1.178015134312685,73.0,79.0,4350000.0,14000.0,74.0,61.0,64.0,70.0,60.0,71.0,60.0,57.0,60.0,68.0,46.0,69.0,73.0,73.0,70.0,69.0,68.0,66.0,69.0,72.0,70.0,59.0,65.0,57.0,62.0,63.0,67.0,56.0,58.0,54.0,10.0,11.0,11.0,11.0,11.0
Diego Gómez,MF,Paraguay,23.2081,-0.1845638038480906,73.0,79.0,4350000.0,14000.0,74.0,61.0,64.0,70.0,60.0,71.0,60.0,57.0,60.0,68.0,46.0,69.0,73.0,73.0,70.0,69.0,68.0,66.0,69.0,72.0,70.0,59.0,65.0,57.0,62.0,63.0,67.0,56.0,58.0,54.0,10.0,11.0,11.0,11.0,11.0
Gustavo Gómez,DF,Paraguay,33.0986,-2.040194594624825,73.0,79.0,4350000.0,14000.0,74.0,61.0,64.0,70.0,60.0,71.0,60.0,57.0,60.0,68.0,46.0,69.0,73.0,73.0,70.0,69.0,68.0,66.0,69.0,72.0,70.0,59.0,65.0,57.0,62.0,63.0,67.0,56.0,58.0,54.0,10.0,11.0,11.0,11.0,11.0
Kaku,MF,Paraguay,31.4134,-0.0900166642240259,75.0,77.0,7000000.0,24000.0,82.0,68.0,73.0,77.0,52.0,65.0,67.0,67.0,30.0,77.0,70.0,76.0,85.0,80.0,85.0,69.0,81.0,69.0,52.0,75.0,58.0,73.0,72.0,42.0,70.0,75.0,67.0,65.0,53.0,55.0,12.0,14.0,7.0,7.0,11.0
Alexandro Maidana,DF,Paraguay,20.8761,4.585183144095993,73.0,79.0,4350000.0,14000.0,74.0,61.0,64.0,70.0,60.0,71.0,60.0,57.0,60.0,68.0,46.0,69.0,73.0,73.0,70.0,69.0,68.0,66.0,69.0,72.0,70.0,59.0,65.0,57.0,62.0,63.0,67.0,56.0,58.0,54.0,10.0,11.0,11.0,11.0,11.0
Mauricio,MF,Paraguay,25.0548,2.362811124274969,73.0,79.0,4350000.0,14000.0,74.0,61.0,64.0,70.0,60.0,71.0,60.0,57.0,60.0,68.0,46.0,69.0,73.0,73.0,70.0,69.0,68.0,66.0,69.0,72.0,70.0,59.0,65.0,57.0,62.0,63.0,67.0,56.0,58.0,54.0,10.0,11.0,11.0,11.0,11.0
Braian Ojeda,MF,Paraguay,25.9555,-0.6636747055060943,68.0,80.0,3000000.0,14000.0,73.0,54.0,64.0,69.0,65.0,70.0,55.0,47.0,59.0,67.0,39.0,71.0,74.0,73.0,75.0,63.0,79.0,69.0,79.0,80.0,59.0,57.0,81.0,65.0,60.0,68.0,61.0,63.0,69.0,67.0,7.0,6.0,9.0,9.0,14.0
Gastón Olveira,GK,Paraguay,33.1396,0.6683836730940522,73.0,79.0,4350000.0,14000.0,74.0,61.0,64.0,70.0,60.0,71.0,60.0,57.0,60.0,68.0,46.0,69.0,73.0,73.0,70.0,69.0,68.0,66.0,69.0,72.0,70.0,59.0,65.0,57.0,62.0,63.0,67.0,56.0,58.0,54.0,10.0,11.0,11.0,11.0,11.0
Isidro Pitta,FW,Paraguay,26.8241,-0.2479661468340505,68.0,78.0,2700000.0,4000.0,66.0,70.0,45.0,63.0,24.0,66.0,36.0,73.0,70.0,63.0,30.0,67.0,62.0,70.0,60.0,60.0,54.0,75.0,55.0,51.0,83.0,67.0,44.0,17.0,62.0,43.0,51.0,18.0,20.0,21.0,9.0,11.0,13.0,14.0,12.0
Antonio Sanabria,FW,Paraguay,30.271,-0.7629565865158484,74.0,79.0,6500000.0,36000.0,73.0,72.0,70.0,75.0,32.0,62.0,67.0,75.0,74.0,73.0,64.0,77.0,72.0,74.0,82.0,73.0,75.0,74.0,77.0,65.0,71.0,65.0,32.0,21.0,78.0,72.0,75.0,42.0,20.0,15.0,8.0,14.0,9.0,14.0,13.0
Ramón Sosa,"FW,MF",Paraguay,26.7775,-1.326838397020429,64.0,74.0,1300000.0,500.0,77.0,52.0,57.0,66.0,48.0,59.0,60.0,63.0,41.0,69.0,30.0,64.0,76.0,77.0,75.0,53.0,67.0,46.0,59.0,66.0,55.0,39.0,58.0,49.0,60.0,55.0,53.0,40.0,59.0,40.0,6.0,8.0,9.0,14.0,6.0
Gustavo Velásquez,DF,Paraguay,35.1506,-1.1666342492858974,73.0,79.0,4350000.0,14000.0,74.0,61.0,64.0,70.0,60.0,71.0,60.0,57.0,60.0,68.0,46.0,69.0,73.0,73.0,70.0,69.0,68.0,66.0,69.0,72.0,70.0,59.0,65.0,57.0,62.0,63.0,67.0,56.0,58.0,54.0,10.0,11.0,11.0,11.0,11.0
Tomás Araújo,DF,Portugal,24.0712,0.0084069833426794,67.0,83.0,2700000.0,3000.0,86.0,61.0,61.0,69.0,37.0,65.0,63.0,56.0,38.0,68.0,58.0,70.0,87.0,85.0,78.0,64.0,72.0,73.0,44.0,77.0,63.0,64.0,58.0,38.0,51.0,60.0,56.0,32.0,41.0,37.0,6.0,10.0,6.0,12.0,7.0
João Cancelo,"DF,MF",Portugal,32.0411,2.109017188684624,86.0,87.0,71500000.0,185000.0,85.0,71.0,83.0,84.0,80.0,72.0,86.0,68.0,72.0,85.0,69.0,85.0,86.0,84.0,80.0,85.0,78.0,80.0,72.0,90.0,62.0,75.0,73.0,80.0,80.0,83.0,85.0,79.0,82.0,80.0,6.0,9.0,15.0,14.0,14.0
Francisco Conceição,MF,Portugal,23.4901,2.253552109342179,70.0,86.0,4000000.0,3000.0,78.0,61.0,63.0,76.0,31.0,44.0,60.0,62.0,36.0,77.0,48.0,76.0,81.0,75.0,75.0,64.0,85.0,62.0,40.0,64.0,36.0,56.0,38.0,23.0,61.0,67.0,65.0,27.0,37.0,33.0,9.0,6.0,7.0,15.0,14.0
Diogo Costa,GK,Portugal,26.7255,0.4159394124705357,73.0,85.0,6500000.0,5000.0,74.0,61.0,64.0,70.0,60.0,71.0,13.0,6.0,11.0,18.0,10.0,25.0,29.0,36.0,34.0,71.0,35.0,49.0,53.0,23.0,62.0,9.0,23.0,18.0,18.0,44.0,44.0,19.0,13.0,11.0,73.0,71.0,65.0,73.0,75.0
Samu Costa,MF,Portugal,25.5366,0.2344846642922056,69.0,82.0,3200000.0,4000.0,65.0,63.0,63.0,67.0,67.0,69.0,55.0,57.0,57.0,66.0,31.0,68.0,67.0,63.0,67.0,67.0,67.0,77.0,67.0,74.0,65.0,70.0,71.0,68.0,61.0,67.0,65.0,70.0,66.0,65.0,6.0,7.0,12.0,14.0,9.0
Diogo Dalot,"DF,MF",Portugal,27.2327,-0.8425926426704082,76.0,82.0,11500000.0,68000.0,79.0,60.0,70.0,77.0,72.0,75.0,78.0,52.0,69.0,78.0,44.0,75.0,78.0,80.0,79.0,74.0,72.0,78.0,84.0,74.0,74.0,64.0,78.0,74.0,70.0,64.0,76.0,70.0,74.0,70.0,10.0,6.0,10.0,6.0,8.0
Rúben Dias,"DF,MF",Portugal,29.0767,-0.6937034185548214,87.0,91.0,102500000.0,170000.0,61.0,38.0,65.0,68.0,88.0,88.0,54.0,29.0,87.0,64.0,48.0,74.0,57.0,65.0,59.0,87.0,56.0,74.0,78.0,88.0,88.0,22.0,92.0,85.0,39.0,51.0,81.0,90.0,89.0,85.0,7.0,8.0,13.0,7.0,12.0
João Félix,"FW,MF",Portugal,26.5832,1.632828702273776,83.0,91.0,82000000.0,61000.0,82.0,79.0,76.0,86.0,40.0,68.0,73.0,79.0,69.0,86.0,64.0,87.0,81.0,83.0,86.0,83.0,79.0,80.0,73.0,75.0,64.0,80.0,68.0,38.0,84.0,82.0,84.0,30.0,42.0,35.0,13.0,12.0,14.0,13.0,14.0
Bruno Fernandes,"FW,MF",Portugal,31.7556,2.6113357746928085,88.0,89.0,107500000.0,250000.0,75.0,86.0,89.0,84.0,70.0,77.0,87.0,83.0,64.0,83.0,87.0,87.0,77.0,73.0,80.0,91.0,79.0,89.0,73.0,91.0,70.0,89.0,78.0,66.0,87.0,90.0,87.0,72.0,73.0,65.0,12.0,14.0,15.0,8.0,14.0
Gonçalo Guedes,"FW,MF",Portugal,29.5311,1.3758644108232616,81.0,86.0,39000000.0,39000.0,86.0,79.0,76.0,82.0,36.0,68.0,81.0,76.0,58.0,83.0,70.0,81.0,85.0,87.0,84.0,79.0,75.0,84.0,63.0,74.0,68.0,84.0,64.0,50.0,77.0,76.0,78.0,24.0,34.0,30.0,9.0,12.0,11.0,9.0,9.0
Gonçalo Inácio,DF,Portugal,24.794,0.2450613979038793,76.0,86.0,15000000.0,7000.0,79.0,30.0,60.0,59.0,77.0,74.0,30.0,23.0,71.0,49.0,27.0,69.0,78.0,80.0,59.0,76.0,54.0,44.0,70.0,74.0,73.0,28.0,75.0,75.0,24.0,67.0,68.0,79.0,79.0,78.0,6.0,6.0,7.0,10.0,7.0
Rafael Leão,"FW,MF",Portugal,27.0027,0.6936490268118365,77.0,82.0,16000000.0,36000.0,88.0,73.0,68.0,79.0,27.0,70.0,70.0,74.0,58.0,84.0,58.0,80.0,86.0,90.0,74.0,70.0,59.0,78.0,62.0,68.0,76.0,69.0,60.0,24.0,74.0,68.0,76.0,22.0,24.0,21.0,10.0,12.0,15.0,11.0,9.0
Nuno Mendes,"DF,MF",Portugal,23.9774,0.6140970872545979,78.0,88.0,29000000.0,8000.0,85.0,57.0,68.0,74.0,74.0,72.0,74.0,45.0,67.0,72.0,59.0,75.0,82.0,88.0,82.0,76.0,76.0,80.0,71.0,81.0,69.0,63.0,67.0,75.0,72.0,59.0,75.0,73.0,76.0,73.0,7.0,8.0,8.0,12.0,15.0
Pedro Neto,"FW,MF",Portugal,26.2574,1.0077061774411469,78.0,85.0,28500000.0,62000.0,87.0,74.0,69.0,81.0,31.0,59.0,70.0,76.0,49.0,83.0,51.0,80.0,86.0,87.0,86.0,75.0,86.0,76.0,52.0,72.0,56.0,74.0,53.0,41.0,76.0,73.0,64.0,32.0,23.0,17.0,6.0,13.0,7.0,12.0,6.0
João Neves,MF,Portugal,21.7036,1.0384437315409123,73.0,73.0,3200000.0,13000.0,66.0,76.0,76.0,75.0,50.0,68.0,76.0,72.0,45.0,75.0,81.0,77.0,68.0,64.0,73.0,71.0,76.0,86.0,70.0,76.0,71.0,80.0,50.0,50.0,73.0,76.0,76.0,46.0,56.0,48.0,5.0,12.0,8.0,11.0,10.0
Rúben Neves,MF,Portugal,29.2464,-0.050788810099366,82.0,87.0,46000000.0,89000.0,59.0,75.0,85.0,77.0,74.0,73.0,78.0,66.0,53.0,76.0,84.0,82.0,64.0,54.0,68.0,80.0,73.0,86.0,67.0,79.0,67.0,84.0,83.0,78.0,65.0,86.0,84.0,76.0,77.0,70.0,16.0,12.0,10.0,8.0,10.0
Matheus Nunes,"DF,MF",Portugal,27.7885,1.511892427333152,73.0,79.0,4350000.0,14000.0,74.0,61.0,64.0,70.0,60.0,71.0,60.0,57.0,60.0,68.0,46.0,69.0,73.0,73.0,70.0,69.0,68.0,66.0,69.0,72.0,70.0,59.0,65.0,57.0,62.0,63.0,67.0,56.0,58.0,54.0,10.0,11.0,11.0,11.0,11.0
Gonçalo Ramos,FW,Portugal,24.9747,2.0074074117197984,72.0,86.0,5500000.0,8000.0,81.0,70.0,63.0,71.0,33.0,83.0,60.0,73.0,74.0,69.0,41.0,70.0,83.0,79.0,79.0,74.0,76.0,70.0,82.0,87.0,85.0,67.0,71.0,31.0,74.0,63.0,66.0,29.0,31.0,17.0,15.0,9.0,7.0,7.0,15.0
Cristiano Ronaldo,"FW,MF",Portugal,41.345,0.6468187809272408,91.0,91.0,45000000.0,270000.0,87.0,94.0,80.0,88.0,34.0,75.0,87.0,95.0,90.0,88.0,84.0,88.0,85.0,88.0,86.0,94.0,74.0,94.0,95.0,77.0,77.0,93.0,63.0,29.0,95.0,76.0,95.0,24.0,32.0,24.0,7.0,11.0,15.0,14.0,11.0
José Sá,GK,Portugal,33.397,1.112606484784349,79.0,81.0,15000000.0,65000.0,74.0,61.0,64.0,70.0,60.0,71.0,18.0,15.0,14.0,17.0,21.0,19.0,42.0,48.0,62.0,76.0,40.0,47.0,70.0,34.0,72.0,18.0,20.0,18.0,17.0,43.0,32.0,14.0,19.0,15.0,80.0,77.0,62.0,76.0,83.0
Nélson Semedo,"DF,MF",Portugal,32.5667,0.9327029388682742,80.0,81.0,22000000.0,81000.0,82.0,57.0,68.0,81.0,75.0,75.0,76.0,50.0,58.0,81.0,30.0,79.0,81.0,83.0,87.0,79.0,79.0,74.0,81.0,84.0,67.0,60.0,81.0,76.0,72.0,62.0,79.0,75.0,79.0,77.0,16.0,12.0,10.0,14.0,12.0
Bernardo Silva,"FW,MF",Portugal,31.835,0.020499197125848,86.0,87.0,80000000.0,200000.0,80.0,76.0,83.0,91.0,54.0,67.0,85.0,77.0,51.0,92.0,67.0,90.0,83.0,77.0,94.0,84.0,92.0,76.0,51.0,93.0,54.0,76.0,70.0,54.0,83.0,84.0,87.0,49.0,63.0,45.0,9.0,10.0,14.0,12.0,9.0
Rui Silva,GK,Portugal,32.3395,-0.607940680260539,81.0,84.0,25500000.0,24000.0,74.0,61.0,64.0,70.0,60.0,71.0,13.0,20.0,14.0,18.0,20.0,24.0,31.0,30.0,34.0,71.0,24.0,56.0,62.0,27.0,66.0,14.0,19.0,27.0,20.0,50.0,49.0,25.0,10.0,19.0,82.0,76.0,75.0,83.0,84.0
Francisco Trincão,"FW,MF",Portugal,26.449,1.1456380538221294,70.0,86.0,4000000.0,3000.0,78.0,61.0,63.0,76.0,31.0,44.0,60.0,62.0,36.0,77.0,48.0,76.0,81.0,75.0,75.0,64.0,85.0,62.0,40.0,64.0,36.0,56.0,38.0,23.0,61.0,67.0,65.0,27.0,37.0,33.0,9.0,6.0,7.0,15.0,14.0
Renato Veiga,"DF,MF",Portugal,22.8679,0.1835550553111964,73.0,79.0,4350000.0,14000.0,74.0,61.0,64.0,70.0,60.0,71.0,60.0,57.0,60.0,68.0,46.0,69.0,73.0,73.0,70.0,69.0,68.0,66.0,69.0,72.0,70.0,59.0,65.0,57.0,62.0,63.0,67.0,56.0,58.0,54.0,10.0,11.0,11.0,11.0,11.0
Vitinha,MF,Portugal,26.3231,-0.8650454349492969,67.0,81.0,2500000.0,3000.0,72.0,57.0,67.0,72.0,51.0,49.0,60.0,51.0,39.0,70.0,61.0,70.0,76.0,68.0,90.0,65.0,80.0,62.0,56.0,63.0,39.0,58.0,53.0,53.0,60.0,70.0,73.0,51.0,53.0,52.0,12.0,13.0,8.0,5.0,5.0
Yusuf Abdurisag,FW,Qatar,26.846,-1.3570178039743193,73.0,79.0,4350000.0,14000.0,74.0,61.0,64.0,70.0,60.0,71.0,60.0,57.0,60.0,68.0,46.0,69.0,73.0,73.0,70.0,69.0,68.0,66.0,69.0,72.0,70.0,59.0,65.0,57.0,62.0,63.0,67.0,56.0,58.0,54.0,10.0,11.0,11.0,11.0,11.0
Mahmoud Abunada,GK,Qatar,26.345,-1.5400360379721678,73.0,79.0,4350000.0,14000.0,74.0,61.0,64.0,70.0,60.0,71.0,60.0,57.0,60.0,68.0,46.0,69.0,73.0,73.0,70.0,69.0,68.0,66.0,69.0,72.0,70.0,59.0,65.0,57.0,62.0,63.0,67.0,56.0,58.0,54.0,10.0,11.0,11.0,11.0,11.0
Akram Afif,FW,Qatar,29.5613,-0.5091116434251859,73.0,79.0,4350000.0,14000.0,74.0,61.0,64.0,70.0,60.0,71.0,60.0,57.0,60.0,68.0,46.0,69.0,73.0,73.0,70.0,69.0,68.0,66.0,69.0,72.0,70.0,59.0,65.0,57.0,62.0,63.0,67.0,56.0,58.0,54.0,10.0,11.0,11.0,11.0,11.0
Homam Ahmed,DF,Qatar,26.794,-0.3741068746729981,73.0,79.0,4350000.0,14000.0,74.0,61.0,64.0,70.0,60.0,71.0,60.0,57.0,60.0,68.0,46.0,69.0,73.0,73.0,70.0,69.0,68.0,66.0,69.0,72.0,70.0,59.0,65.0,57.0,62.0,63.0,67.0,56.0,58.0,54.0,10.0,11.0,11.0,11.0,11.0
Ahmed Alaaeldin,FW,Qatar,33.3587,1.1833404354558867,73.0,79.0,4350000.0,14000.0,74.0,61.0,64.0,70.0,60.0,71.0,60.0,57.0,60.0,68.0,46.0,69.0,73.0,73.0,70.0,69.0,68.0,66.0,69.0,72.0,70.0,59.0,65.0,57.0,62.0,63.0,67.0,56.0,58.0,54.0,10.0,11.0,11.0,11.0,11.0
Almoez Ali,FW,Qatar,29.8104,-0.0554508453941948,73.0,79.0,4350000.0,14000.0,74.0,61.0,64.0,70.0,60.0,71.0,60.0,57.0,60.0,68.0,46.0,69.0,73.0,73.0,70.0,69.0,68.0,66.0,69.0,72.0,70.0,59.0,65.0,57.0,62.0,63.0,67.0,56.0,58.0,54.0,10.0,11.0,11.0,11.0,11.0
Meshaal Barsham,GK,Qatar,28.3203,-0.114153456847208,73.0,79.0,4350000.0,14000.0,74.0,61.0,64.0,70.0,60.0,71.0,60.0,57.0,60.0,68.0,46.0,69.0,73.0,73.0,70.0,69.0,68.0,66.0,69.0,72.0,70.0,59.0,65.0,57.0,62.0,63.0,67.0,56.0,58.0,54.0,10.0,11.0,11.0,11.0,11.0
Karim Boudiaf,"DF,MF",Qatar,35.7337,-1.040292388361427,73.0,79.0,4350000.0,14000.0,74.0,61.0,64.0,70.0,60.0,71.0,60.0,57.0,60.0,68.0,46.0,69.0,73.0,73.0,70.0,69.0,68.0,66.0,69.0,72.0,70.0,59.0,65.0,57.0,62.0,63.0,67.0,56.0,58.0,54.0,10.0,11.0,11.0,11.0,11.0
Sultan Al-Brake,DF,Qatar,30.178,-0.7229577609671626,73.0,79.0,4350000.0,14000.0,74.0,61.0,64.0,70.0,60.0,71.0,60.0,57.0,60.0,68.0,46.0,69.0,73.0,73.0,70.0,69.0,68.0,66.0,69.0,72.0,70.0,59.0,65.0,57.0,62.0,63.0,67.0,56.0,58.0,54.0,10.0,11.0,11.0,11.0,11.0
Ahmed Fathy,MF,Qatar,33.3751,-0.7044354527686962,73.0,79.0,4350000.0,14000.0,74.0,61.0,64.0,70.0,60.0,71.0,60.0,57.0,60.0,68.0,46.0,69.0,73.0,73.0,70.0,69.0,68.0,66.0,69.0,72.0,70.0,59.0,65.0,57.0,62.0,63.0,67.0,56.0,58.0,54.0,10.0,11.0,11.0,11.0,11.0
Jassem Gaber,MF,Qatar,24.3039,-1.9443766928101789,73.0,79.0,4350000.0,14000.0,74.0,61.0,64.0,70.0,60.0,71.0,60.0,57.0,60.0,68.0,46.0,69.0,73.0,73.0,70.0,69.0,68.0,66.0,69.0,72.0,70.0,59.0,65.0,57.0,62.0,63.0,67.0,56.0,58.0,54.0,10.0,11.0,11.0,11.0,11.0
Ahmed Al-Ganehi,FW,Qatar,25.7173,0.8628761486046207,73.0,79.0,4350000.0,14000.0,74.0,61.0,64.0,70.0,60.0,71.0,60.0,57.0,60.0,68.0,46.0,69.0,73.0,73.0,70.0,69.0,68.0,66.0,69.0,72.0,70.0,59.0,65.0,57.0,62.0,63.0,67.0,56.0,58.0,54.0,10.0,11.0,11.0,11.0,11.0
Abdulaziz Hatem,MF,Qatar,36.4408,-2.772443477564382,73.0,79.0,4350000.0,14000.0,74.0,61.0,64.0,70.0,60.0,71.0,60.0,57.0,60.0,68.0,46.0,69.0,73.0,73.0,70.0,69.0,68.0,66.0,69.0,72.0,70.0,59.0,65.0,57.0,62.0,63.0,67.0,56.0,58.0,54.0,10.0,11.0,11.0,11.0,11.0
Hassan Al-Haydos,"FW,MF",Qatar,35.4983,3.730421981356696,73.0,79.0,4350000.0,14000.0,74.0,61.0,64.0,70.0,60.0,71.0,60.0,57.0,60.0,68.0,46.0,69.0,73.0,73.0,70.0,69.0,68.0,66.0,69.0,72.0,70.0,59.0,65.0,57.0,62.0,63.0,67.0,56.0,58.0,54.0,10.0,11.0,11.0,11.0,11.0
Al-Hashmi Al-Hussain,MF,Qatar,22.8214,0.3624354392178349,73.0,79.0,4350000.0,14000.0,74.0,61.0,64.0,70.0,60.0,71.0,60.0,57.0,60.0,68.0,46.0,69.0,73.0,73.0,70.0,69.0,68.0,66.0,69.0,72.0,70.0,59.0,65.0,57.0,62.0,63.0,67.0,56.0,58.0,54.0,10.0,11.0,11.0,11.0,11.0
Tahsin Jamshid,FW,Qatar,19.9856,-2.059573325113984,73.0,79.0,4350000.0,14000.0,74.0,61.0,64.0,70.0,60.0,71.0,60.0,57.0,60.0,68.0,46.0,69.0,73.0,73.0,70.0,69.0,68.0,66.0,69.0,72.0,70.0,59.0,65.0,57.0,62.0,63.0,67.0,56.0,58.0,54.0,10.0,11.0,11.0,11.0,11.0
Edmilson Junior,FW,Qatar,31.8104,-4.806896467301304,73.0,79.0,4350000.0,14000.0,74.0,61.0,64.0,70.0,60.0,71.0,60.0,57.0,60.0,68.0,46.0,69.0,73.0,73.0,70.0,69.0,68.0,66.0,69.0,72.0,70.0,59.0,65.0,57.0,62.0,63.0,67.0,56.0,58.0,54.0,10.0,11.0,11.0,11.0,11.0
Boualem Khoukhi,DF,Qatar,35.9227,-0.3788660021852095,73.0,79.0,4350000.0,14000.0,74.0,61.0,64.0,70.0,60.0,71.0,60.0,57.0,60.0,68.0,46.0,69.0,73.0,73.0,70.0,69.0,68.0,66.0,69.0,72.0,70.0,59.0,65.0,57.0,62.0,63.0,67.0,56.0,58.0,54.0,10.0,11.0,11.0,11.0,11.0
Issa Laye,MF,Qatar,28.4682,-2.20037609131939,73.0,79.0,4350000.0,14000.0,74.0,61.0,64.0,70.0,60.0,71.0,60.0,57.0,60.0,68.0,46.0,69.0,73.0,73.0,70.0,69.0,68.0,66.0,69.0,72.0,70.0,59.0,65.0,57.0,62.0,63.0,67.0,56.0,58.0,54.0,10.0,11.0,11.0,11.0,11.0
Assim Madibo,MF,Qatar,29.6352,-2.459227306952532,73.0,79.0,4350000.0,14000.0,74.0,61.0,64.0,70.0,60.0,71.0,60.0,57.0,60.0,68.0,46.0,69.0,73.0,73.0,70.0,69.0,68.0,66.0,69.0,72.0,70.0,59.0,65.0,57.0,62.0,63.0,67.0,56.0,58.0,54.0,10.0,11.0,11.0,11.0,11.0
Mohamed Manai,DF,Qatar,23.627,-0.948417480014668,73.0,79.0,4350000.0,14000.0,74.0,61.0,64.0,70.0,60.0,71.0,60.0,57.0,60.0,68.0,46.0,69.0,73.0,73.0,70.0,69.0,68.0,66.0,69.0,72.0,70.0,59.0,65.0,57.0,62.0,63.0,67.0,56.0,58.0,54.0,10.0,11.0,11.0,11.0,11.0
Lucas Mendes,DF,Qatar,35.9391,-1.2606526039205908,73.0,79.0,4350000.0,14000.0,74.0,61.0,64.0,70.0,60.0,71.0,60.0,57.0,60.0,68.0,46.0,69.0,73.0,73.0,70.0,69.0,68.0,66.0,69.0,72.0,70.0,59.0,65.0,57.0,62.0,63.0,67.0,56.0,58.0,54.0,10.0,11.0,11.0,11.0,11.0
Mohammed Muntari,FW,Qatar,32.4736,-1.2988740867162782,73.0,79.0,4350000.0,14000.0,74.0,61.0,64.0,70.0,60.0,71.0,60.0,57.0,60.0,68.0,46.0,69.0,73.0,73.0,70.0,69.0,68.0,66.0,69.0,72.0,70.0,59.0,65.0,57.0,62.0,63.0,67.0,56.0,58.0,54.0,10.0,11.0,11.0,11.0,11.0
Ayoub Al-Oui,DF,Qatar,21.2519,-2.019955325601864,73.0,79.0,4350000.0,14000.0,74.0,61.0,64.0,70.0,60.0,71.0,60.0,57.0,60.0,68.0,46.0,69.0,73.0,73.0,70.0,69.0,68.0,66.0,69.0,72.0,70.0,59.0,65.0,57.0,62.0,63.0,67.0,56.0,58.0,54.0,10.0,11.0,11.0,11.0,11.0
Ró-Ró,DF,Qatar,35.846,-0.672471110356599,73.0,79.0,4350000.0,14000.0,74.0,61.0,64.0,70.0,60.0,71.0,60.0,57.0,60.0,68.0,46.0,69.0,73.0,73.0,70.0,69.0,68.0,66.0,69.0,72.0,70.0,59.0,65.0,57.0,62.0,63.0,67.0,56.0,58.0,54.0,10.0,11.0,11.0,11.0,11.0
Salah Zakaria,GK,Qatar,27.1314,-2.2793175216282133,73.0,79.0,4350000.0,14000.0,74.0,61.0,64.0,70.0,60.0,71.0,60.0,57.0,60.0,68.0,46.0,69.0,73.0,73.0,70.0,69.0,68.0,66.0,69.0,72.0,70.0,59.0,65.0,57.0,62.0,63.0,67.0,56.0,58.0,54.0,10.0,11.0,11.0,11.0,11.0
Saud Abdulhamid,"DF,MF",Saudi Arabia,26.898,-1.1679893858165715,69.0,77.0,3000000.0,11000.0,84.0,44.0,58.0,66.0,61.0,65.0,67.0,41.0,49.0,67.0,43.0,61.0,83.0,85.0,80.0,62.0,84.0,50.0,64.0,85.0,59.0,43.0,55.0,65.0,65.0,46.0,49.0,60.0,64.0,62.0,5.0,9.0,6.0,12.0,14.0
Abdulelah Al-Amri,,Saudi Arabia,29.4025,-2.7391191082762303,72.0,79.0,4400000.0,21000.0,71.0,28.0,47.0,45.0,69.0,83.0,33.0,20.0,79.0,37.0,32.0,48.0,65.0,76.0,55.0,67.0,52.0,45.0,92.0,78.0,82.0,22.0,87.0,70.0,38.0,41.0,52.0,66.0,69.0,69.0,11.0,8.0,13.0,9.0,12.0
Nawaf Al Aqidi,GK,Saudi Arabia,26.0876,-2.132133849169256,52.0,65.0,190000.0,2000.0,65.0,43.0,49.0,58.0,28.0,40.0,43.0,44.0,30.0,56.0,50.0,56.0,64.0,65.0,71.0,48.0,72.0,44.0,55.0,43.0,35.0,38.0,43.0,27.0,48.0,51.0,51.0,31.0,25.0,26.0,11.0,12.0,14.0,5.0,11.0
Nawaf Boushal,DF,Saudi Arabia,26.7337,-1.278470503527675,62.0,73.0,850000.0,3000.0,75.0,33.0,47.0,56.0,58.0,71.0,52.0,24.0,43.0,55.0,33.0,53.0,73.0,77.0,67.0,50.0,76.0,40.0,77.0,77.0,67.0,38.0,73.0,63.0,49.0,41.0,49.0,56.0,61.0,63.0,12.0,12.0,12.0,9.0,7.0
Firas Al-Buraikan,"FW,MF",Saudi Arabia,26.0767,-2.388164470334269,58.0,72.0,500000.0,4000.0,70.0,57.0,40.0,55.0,22.0,56.0,33.0,60.0,58.0,51.0,30.0,60.0,64.0,74.0,61.0,48.0,63.0,60.0,71.0,44.0,68.0,45.0,39.0,16.0,54.0,43.0,45.0,17.0,20.0,15.0,8.0,10.0,7.0,5.0,6.0
Nasser Al-Dawsari,"DF,MF",Saudi Arabia,27.4764,-0.7269881746230076,65.0,76.0,1500000.0,7000.0,70.0,51.0,67.0,68.0,58.0,60.0,68.0,50.0,55.0,66.0,42.0,68.0,66.0,73.0,82.0,58.0,67.0,55.0,62.0,68.0,57.0,51.0,55.0,58.0,58.0,65.0,63.0,60.0,58.0,58.0,14.0,13.0,12.0,14.0,15.0
Salem Al-Dawsari,"DF,FW",Saudi Arabia,34.8104,-0.4363047848099067,76.0,76.0,7500000.0,38000.0,83.0,70.0,69.0,80.0,48.0,78.0,69.0,68.0,58.0,82.0,60.0,78.0,82.0,83.0,82.0,72.0,76.0,72.0,44.0,85.0,76.0,74.0,81.0,47.0,72.0,71.0,76.0,55.0,39.0,49.0,7.0,12.0,13.0,14.0,10.0
Khalid Al Ghannam,MF,Saudi Arabia,25.5886,-1.61455832651745,63.0,79.0,1300000.0,6000.0,73.0,54.0,54.0,73.0,29.0,44.0,52.0,55.0,43.0,76.0,39.0,69.0,76.0,71.0,87.0,55.0,79.0,56.0,40.0,62.0,39.0,51.0,34.0,24.0,55.0,54.0,57.0,29.0,26.0,31.0,8.0,13.0,14.0,8.0,5.0
Abdullah Al-Hamdan,FW,Saudi Arabia,26.742,-0.0332714789298405,64.0,75.0,1300000.0,7000.0,79.0,62.0,57.0,60.0,27.0,68.0,58.0,64.0,60.0,59.0,31.0,62.0,75.0,82.0,68.0,62.0,54.0,62.0,74.0,67.0,74.0,59.0,55.0,31.0,63.0,57.0,53.0,28.0,17.0,12.0,10.0,6.0,10.0,8.0,10.0
Moteb Al-Harbi,DF,Saudi Arabia,26.3039,-0.7300651727859797,59.0,70.0,475000.0,3000.0,84.0,49.0,55.0,62.0,50.0,54.0,61.0,49.0,41.0,61.0,38.0,64.0,81.0,87.0,73.0,48.0,68.0,57.0,51.0,67.0,54.0,43.0,37.0,49.0,61.0,59.0,48.0,52.0,51.0,50.0,6.0,9.0,9.0,15.0,14.0
Alaa Al Hejji,MF,Saudi Arabia,30.5202,2.358647522245965,73.0,79.0,4350000.0,14000.0,74.0,61.0,64.0,70.0,60.0,71.0,60.0,57.0,60.0,68.0,46.0,69.0,73.0,73.0,70.0,69.0,68.0,66.0,69.0,72.0,70.0,59.0,65.0,57.0,62.0,63.0,67.0,56.0,58.0,54.0,10.0,11.0,11.0,11.0,11.0
Ziyad Al Johani,MF,Saudi Arabia,24.5804,-0.8977503963789133,53.0,70.0,240000.0,3000.0,62.0,41.0,53.0,56.0,43.0,49.0,49.0,39.0,37.0,56.0,42.0,55.0,61.0,62.0,54.0,48.0,69.0,43.0,49.0,48.0,49.0,40.0,50.0,44.0,51.0,54.0,55.0,40.0,47.0,39.0,12.0,11.0,9.0,11.0,13.0
Musab Al Juwayr,MF,Saudi Arabia,22.9747,-1.1518513139221132,51.0,68.0,150000.0,2000.0,64.0,43.0,51.0,51.0,42.0,64.0,43.0,46.0,29.0,45.0,46.0,53.0,63.0,64.0,62.0,49.0,70.0,39.0,52.0,56.0,68.0,45.0,65.0,45.0,42.0,55.0,50.0,46.0,43.0,30.0,12.0,5.0,10.0,15.0,7.0
Hassan Kadesh,DF,Saudi Arabia,33.7611,-0.3178462608674944,67.0,67.0,925000.0,8000.0,73.0,42.0,59.0,61.0,63.0,75.0,65.0,30.0,61.0,60.0,55.0,62.0,74.0,72.0,72.0,60.0,60.0,58.0,84.0,78.0,78.0,53.0,61.0,60.0,60.0,57.0,49.0,65.0,64.0,63.0,15.0,11.0,7.0,15.0,10.0
Mohamed Kanno,MF,Saudi Arabia,31.7173,-2.006210149497065,73.0,79.0,4350000.0,14000.0,74.0,61.0,64.0,70.0,60.0,71.0,60.0,57.0,60.0,68.0,46.0,69.0,73.0,73.0,70.0,69.0,68.0,66.0,69.0,72.0,70.0,59.0,65.0,57.0,62.0,63.0,67.0,56.0,58.0,54.0,10.0,11.0,11.0,11.0,11.0
Ahmed Al-Kassar,GK,Saudi Arabia,35.0931,-1.040616008559165,62.0,62.0,275000.0,2000.0,74.0,61.0,64.0,70.0,60.0,71.0,15.0,15.0,18.0,19.0,15.0,17.0,40.0,41.0,36.0,58.0,62.0,41.0,67.0,35.0,56.0,20.0,16.0,20.0,18.0,46.0,48.0,12.0,14.0,17.0,62.0,60.0,54.0,60.0,67.0
Abdullah Al-Khaibari,MF,Saudi Arabia,29.8186,-1.9609463522997648,57.0,68.0,375000.0,5000.0,76.0,49.0,55.0,62.0,26.0,39.0,54.0,51.0,26.0,60.0,52.0,58.0,74.0,77.0,75.0,48.0,87.0,49.0,33.0,49.0,33.0,47.0,45.0,26.0,52.0,51.0,57.0,30.0,21.0,27.0,13.0,14.0,8.0,13.0,8.0
Ali Lajami,DF,Saudi Arabia,30.1314,-1.2221724903963287,62.0,76.0,950000.0,4000.0,80.0,45.0,48.0,62.0,54.0,73.0,60.0,36.0,50.0,60.0,29.0,59.0,77.0,83.0,79.0,58.0,83.0,60.0,76.0,69.0,78.0,48.0,66.0,63.0,58.0,38.0,46.0,50.0,53.0,51.0,10.0,13.0,11.0,15.0,11.0
Ali Majrashi,DF,Saudi Arabia,26.6899,-0.8838910426735348,62.0,76.0,950000.0,4000.0,80.0,45.0,48.0,62.0,54.0,73.0,60.0,36.0,50.0,60.0,29.0,59.0,77.0,83.0,79.0,58.0,83.0,60.0,76.0,69.0,78.0,48.0,66.0,63.0,58.0,38.0,46.0,50.0,53.0,51.0,10.0,13.0,11.0,15.0,11.0
Sultan Mendash,"FW,MF",Saudi Arabia,31.6489,1.8545782971527016,73.0,79.0,4350000.0,14000.0,74.0,61.0,64.0,70.0,60.0,71.0,60.0,57.0,60.0,68.0,46.0,69.0,73.0,73.0,70.0,69.0,68.0,66.0,69.0,72.0,70.0,59.0,65.0,57.0,62.0,63.0,67.0,56.0,58.0,54.0,10.0,11.0,11.0,11.0,11.0
Mohammed Al-Owais,GK,Saudi Arabia,34.668,-0.8534650000739248,70.0,70.0,1100000.0,16000.0,74.0,61.0,64.0,70.0,60.0,71.0,14.0,20.0,20.0,14.0,16.0,17.0,44.0,49.0,37.0,67.0,61.0,42.0,74.0,35.0,62.0,12.0,17.0,24.0,10.0,65.0,57.0,13.0,20.0,13.0,74.0,64.0,56.0,68.0,74.0
Mohammed Abu Al-Shamat,"DF,MF",Saudi Arabia,23.8323,-1.2528257537250558,65.0,66.0,725000.0,9000.0,52.0,24.0,37.0,45.0,65.0,71.0,23.0,24.0,64.0,34.0,21.0,52.0,53.0,51.0,51.0,62.0,63.0,31.0,79.0,64.0,75.0,16.0,69.0,67.0,25.0,29.0,50.0,64.0,66.0,59.0,9.0,9.0,11.0,12.0,13.0
Saleh Al-Shehri,FW,Saudi Arabia,32.6078,0.1850182680945873,68.0,69.0,1400000.0,16000.0,65.0,67.0,48.0,63.0,27.0,74.0,38.0,73.0,70.0,61.0,37.0,65.0,66.0,65.0,67.0,70.0,48.0,66.0,84.0,64.0,83.0,55.0,61.0,20.0,69.0,51.0,66.0,26.0,19.0,23.0,12.0,13.0,16.0,10.0,13.0
Hassan Al Tambakti,DF,Saudi Arabia,27.334,-1.3368816636598504,68.0,68.0,1300000.0,10000.0,73.0,62.0,66.0,68.0,46.0,58.0,68.0,65.0,38.0,69.0,50.0,67.0,74.0,73.0,75.0,63.0,65.0,62.0,64.0,61.0,51.0,53.0,68.0,52.0,65.0,68.0,63.0,41.0,48.0,46.0,12.0,12.0,7.0,14.0,6.0
Jehad Thakri,DF,Saudi Arabia,24.8898,-0.1821754981313876,73.0,79.0,4350000.0,14000.0,74.0,61.0,64.0,70.0,60.0,71.0,60.0,57.0,60.0,68.0,46.0,69.0,73.0,73.0,70.0,69.0,68.0,66.0,69.0,72.0,70.0,59.0,65.0,57.0,62.0,63.0,67.0,56.0,58.0,54.0,10.0,11.0,11.0,11.0,11.0
Ayman Yahya,MF,Saudi Arabia,25.0767,-0.9069297087087524,59.0,75.0,600000.0,4000.0,83.0,54.0,49.0,61.0,29.0,51.0,48.0,56.0,47.0,61.0,51.0,57.0,82.0,83.0,73.0,53.0,77.0,55.0,57.0,61.0,46.0,51.0,51.0,24.0,55.0,50.0,49.0,32.0,25.0,21.0,14.0,12.0,5.0,11.0,14.0
Ché Adams,FW,Scotland,29.9117,1.2965967333397126,76.0,81.0,11500000.0,46000.0,84.0,77.0,62.0,74.0,40.0,77.0,55.0,76.0,63.0,73.0,59.0,75.0,83.0,84.0,78.0,74.0,74.0,86.0,76.0,77.0,79.0,75.0,74.0,36.0,77.0,62.0,71.0,33.0,42.0,36.0,16.0,13.0,12.0,15.0,9.0
Ryan Christie,"FW,MF",Scotland,31.2984,0.3498825892223938,74.0,77.0,5500000.0,30000.0,80.0,71.0,72.0,76.0,65.0,77.0,72.0,71.0,53.0,76.0,71.0,74.0,78.0,81.0,82.0,70.0,81.0,76.0,66.0,74.0,78.0,70.0,79.0,61.0,74.0,72.0,77.0,65.0,69.0,70.0,13.0,9.0,12.0,7.0,8.0
Findlay Curtis,MF,Scotland,19.6927,1.7110071968923206,73.0,79.0,4350000.0,14000.0,74.0,61.0,64.0,70.0,60.0,71.0,60.0,57.0,60.0,68.0,46.0,69.0,73.0,73.0,70.0,69.0,68.0,66.0,69.0,72.0,70.0,59.0,65.0,57.0,62.0,63.0,67.0,56.0,58.0,54.0,10.0,11.0,11.0,11.0,11.0
Lyndon Dykes,"FW,MF",Scotland,30.6762,0.2885418791235779,70.0,74.0,2200000.0,11000.0,68.0,68.0,50.0,66.0,29.0,81.0,34.0,69.0,77.0,64.0,22.0,68.0,67.0,68.0,62.0,68.0,68.0,72.0,80.0,76.0,83.0,61.0,81.0,18.0,71.0,54.0,66.0,24.0,27.0,23.0,10.0,5.0,9.0,11.0,10.0
Lewis Ferguson,MF,Scotland,26.7967,-0.1887850688883548,71.0,82.0,4200000.0,5000.0,73.0,71.0,69.0,70.0,68.0,81.0,58.0,68.0,68.0,67.0,68.0,70.0,72.0,73.0,79.0,62.0,76.0,77.0,74.0,91.0,75.0,74.0,84.0,69.0,70.0,69.0,75.0,64.0,70.0,68.0,6.0,11.0,6.0,14.0,14.0
Tyler Fletcher,MF,Scotland,19.23,2.5444317974646817,70.0,70.0,775000.0,17000.0,51.0,71.0,59.0,68.0,33.0,69.0,55.0,71.0,79.0,66.0,31.0,70.0,49.0,52.0,65.0,70.0,65.0,76.0,83.0,57.0,79.0,64.0,57.0,36.0,71.0,66.0,73.0,34.0,22.0,14.0,13.0,10.0,13.0,16.0,9.0
Ben Gannon-Doak,MF,Scotland,20.5804,1.8187575966746583,73.0,79.0,4350000.0,14000.0,74.0,61.0,64.0,70.0,60.0,71.0,60.0,57.0,60.0,68.0,46.0,69.0,73.0,73.0,70.0,69.0,68.0,66.0,69.0,72.0,70.0,59.0,65.0,57.0,62.0,63.0,67.0,56.0,58.0,54.0,10.0,11.0,11.0,11.0,11.0
Billy Gilmour,MF,Scotland,25.0,-0.790389335061911,72.0,86.0,5500000.0,43000.0,67.0,54.0,70.0,73.0,68.0,55.0,60.0,53.0,50.0,72.0,54.0,74.0,71.0,64.0,76.0,75.0,77.0,49.0,58.0,65.0,44.0,58.0,68.0,70.0,58.0,74.0,69.0,68.0,73.0,64.0,9.0,7.0,9.0,13.0,12.0
Craig Gordon,GK,Scotland,43.4435,-0.1063429179326017,65.0,72.0,1300000.0,2000.0,53.0,27.0,39.0,44.0,66.0,75.0,31.0,24.0,64.0,32.0,25.0,51.0,52.0,54.0,56.0,59.0,62.0,35.0,88.0,80.0,74.0,26.0,66.0,61.0,31.0,31.0,55.0,66.0,68.0,71.0,9.0,11.0,7.0,11.0,10.0
Angus Gunn,GK,Scotland,30.3833,0.2467035476260465,73.0,79.0,4350000.0,14000.0,74.0,61.0,64.0,70.0,60.0,71.0,60.0,57.0,60.0,68.0,46.0,69.0,73.0,73.0,70.0,69.0,68.0,66.0,69.0,72.0,70.0,59.0,65.0,57.0,62.0,63.0,67.0,56.0,58.0,54.0,10.0,11.0,11.0,11.0,11.0
Grant Hanley,DF,Scotland,34.5558,1.148795459967806,75.0,75.0,4700000.0,31000.0,52.0,32.0,45.0,51.0,76.0,74.0,29.0,30.0,72.0,43.0,35.0,58.0,52.0,52.0,48.0,71.0,51.0,40.0,85.0,50.0,82.0,29.0,81.0,74.0,33.0,39.0,66.0,78.0,75.0,77.0,9.0,9.0,11.0,12.0,8.0
Jack Hendry,DF,Scotland,31.0958,1.0207398401534238,69.0,73.0,1700000.0,11000.0,70.0,59.0,52.0,62.0,67.0,78.0,48.0,55.0,69.0,59.0,28.0,65.0,63.0,76.0,62.0,62.0,60.0,77.0,79.0,72.0,84.0,66.0,68.0,65.0,42.0,45.0,65.0,67.0,68.0,67.0,13.0,11.0,13.0,8.0,13.0
Aaron Hickey,DF,Scotland,24.0027,0.4369052978719807,69.0,82.0,3200000.0,7000.0,69.0,50.0,65.0,67.0,66.0,56.0,68.0,45.0,62.0,66.0,40.0,68.0,70.0,68.0,68.0,61.0,64.0,56.0,64.0,73.0,51.0,52.0,43.0,60.0,50.0,66.0,70.0,65.0,72.0,71.0,13.0,14.0,8.0,13.0,5.0
George Hirst,FW,Scotland,27.3176,-2.6600750343281394,73.0,79.0,4350000.0,14000.0,74.0,61.0,64.0,70.0,60.0,71.0,60.0,57.0,60.0,68.0,46.0,69.0,73.0,73.0,70.0,69.0,68.0,66.0,69.0,72.0,70.0,59.0,65.0,57.0,62.0,63.0,67.0,56.0,58.0,54.0,10.0,11.0,11.0,11.0,11.0
Dominic Hyam,DF,Scotland,30.4736,-0.4096269250416564,69.0,74.0,1800000.0,10000.0,50.0,32.0,53.0,57.0,70.0,72.0,41.0,23.0,68.0,52.0,26.0,63.0,48.0,51.0,56.0,68.0,48.0,54.0,77.0,70.0,75.0,28.0,67.0,72.0,31.0,48.0,65.0,71.0,69.0,67.0,10.0,11.0,10.0,15.0,8.0
Liam Kelly,GK,Scotland,30.3806,-1.6248821294059006,68.0,68.0,850000.0,9000.0,46.0,53.0,63.0,60.0,67.0,74.0,59.0,44.0,59.0,59.0,59.0,65.0,43.0,48.0,54.0,64.0,41.0,64.0,67.0,74.0,76.0,57.0,70.0,68.0,55.0,61.0,65.0,68.0,68.0,64.0,13.0,7.0,9.0,14.0,14.0
John McGinn,MF,Scotland,31.6461,0.0440551881697089,78.0,81.0,16500000.0,58000.0,70.0,73.0,75.0,78.0,71.0,80.0,64.0,71.0,59.0,80.0,61.0,78.0,73.0,67.0,77.0,76.0,80.0,83.0,75.0,90.0,75.0,73.0,79.0,73.0,72.0,76.0,68.0,69.0,75.0,69.0,9.0,13.0,12.0,10.0,12.0
Scott McKenna,DF,Scotland,29.5777,-0.546130555370373,70.0,77.0,3000000.0,20000.0,60.0,33.0,44.0,46.0,68.0,83.0,41.0,22.0,69.0,40.0,31.0,52.0,54.0,64.0,34.0,66.0,61.0,62.0,77.0,71.0,89.0,32.0,85.0,66.0,16.0,31.0,58.0,68.0,70.0,68.0,11.0,7.0,11.0,6.0,9.0
Kenny McLean,"DF,MF",Scotland,34.4216,0.3013382624343237,73.0,73.0,3000000.0,29000.0,65.0,70.0,70.0,72.0,65.0,74.0,56.0,68.0,59.0,70.0,70.0,75.0,69.0,62.0,74.0,71.0,61.0,78.0,77.0,81.0,71.0,69.0,70.0,66.0,68.0,73.0,70.0,66.0,67.0,62.0,8.0,14.0,15.0,14.0,9.0
Scott McTominay,MF,Scotland,29.5065,0.4607386998577255,80.0,84.0,27500000.0,90000.0,66.0,75.0,75.0,75.0,78.0,84.0,68.0,71.0,78.0,78.0,53.0,76.0,62.0,69.0,66.0,79.0,60.0,85.0,73.0,84.0,84.0,81.0,88.0,76.0,71.0,75.0,78.0,76.0,81.0,74.0,9.0,6.0,6.0,10.0,11.0
Nathan Patterson,DF,Scotland,24.6516,-0.5714471200945752,66.0,80.0,1900000.0,7000.0,81.0,44.0,57.0,63.0,62.0,69.0,62.0,38.0,57.0,62.0,31.0,62.0,80.0,82.0,72.0,53.0,74.0,60.0,73.0,73.0,68.0,41.0,66.0,62.0,55.0,54.0,58.0,62.0,63.0,63.0,7.0,13.0,9.0,7.0,8.0
Anthony Ralston,DF,Scotland,27.5667,-0.2998933138205414,64.0,70.0,875000.0,9000.0,70.0,44.0,58.0,62.0,61.0,67.0,61.0,39.0,54.0,62.0,41.0,64.0,69.0,70.0,55.0,56.0,69.0,55.0,76.0,63.0,68.0,43.0,68.0,59.0,53.0,55.0,58.0,62.0,64.0,63.0,11.0,14.0,5.0,7.0,11.0
Andy Robertson,DF,Scotland,32.2519,-11.347553999009737,87.0,88.0,83500000.0,175000.0,84.0,61.0,81.0,81.0,82.0,76.0,88.0,55.0,67.0,81.0,71.0,83.0,83.0,85.0,78.0,85.0,74.0,76.0,62.0,95.0,65.0,65.0,85.0,83.0,77.0,80.0,83.0,83.0,84.0,81.0,11.0,8.0,10.0,7.0,14.0
Lawrence Shankland,FW,Scotland,30.835,4.502305939515107,67.0,69.0,1300000.0,5000.0,72.0,68.0,58.0,66.0,27.0,72.0,50.0,70.0,67.0,64.0,47.0,66.0,74.0,70.0,70.0,65.0,72.0,67.0,69.0,80.0,70.0,63.0,70.0,19.0,67.0,64.0,67.0,26.0,23.0,20.0,13.0,15.0,14.0,10.0,11.0
John Souttar,DF,Scotland,29.7091,-1.18040638699238,68.0,72.0,1600000.0,3000.0,66.0,44.0,56.0,61.0,66.0,72.0,33.0,42.0,66.0,57.0,41.0,65.0,65.0,67.0,58.0,63.0,61.0,52.0,72.0,58.0,81.0,47.0,67.0,64.0,33.0,59.0,71.0,65.0,69.0,67.0,13.0,11.0,15.0,10.0,9.0
Ross Stewart,FW,Scotland,29.9172,0.327284014117574,61.0,65.0,350000.0,1000.0,74.0,61.0,64.0,70.0,60.0,71.0,16.0,15.0,20.0,14.0,16.0,26.0,41.0,47.0,54.0,49.0,60.0,46.0,58.0,20.0,62.0,19.0,42.0,22.0,14.0,32.0,35.0,16.0,14.0,17.0,62.0,60.0,61.0,60.0,63.0
Kieran Tierney,"DF,MF",Scotland,29.0164,1.0601101762845575,80.0,86.0,31000000.0,69000.0,84.0,60.0,75.0,77.0,75.0,79.0,82.0,52.0,59.0,78.0,56.0,77.0,86.0,83.0,76.0,76.0,77.0,79.0,80.0,86.0,74.0,66.0,84.0,77.0,73.0,73.0,74.0,78.0,76.0,76.0,13.0,16.0,8.0,12.0,13.0
Lamine Camara,MF,Senegal,22.4408,0.0447890320242257,73.0,79.0,4350000.0,14000.0,74.0,61.0,64.0,70.0,60.0,71.0,60.0,57.0,60.0,68.0,46.0,69.0,73.0,73.0,70.0,69.0,68.0,66.0,69.0,72.0,70.0,59.0,65.0,57.0,62.0,63.0,67.0,56.0,58.0,54.0,10.0,11.0,11.0,11.0,11.0
Pathé Ciss,"DF,MF",Senegal,32.2382,-0.6313633888694327,70.0,73.0,1800000.0,10000.0,66.0,51.0,57.0,55.0,70.0,83.0,48.0,45.0,74.0,48.0,30.0,62.0,67.0,65.0,58.0,69.0,59.0,70.0,83.0,89.0,81.0,51.0,78.0,70.0,60.0,60.0,55.0,67.0,71.0,68.0,13.0,5.0,11.0,14.0,13.0
Assane Diao,MF,Senegal,20.7584,-0.6621464400203669,73.0,78.0,4600000.0,26000.0,82.0,65.0,67.0,74.0,31.0,47.0,72.0,70.0,45.0,76.0,44.0,72.0,83.0,81.0,79.0,70.0,79.0,70.0,38.0,67.0,46.0,48.0,28.0,25.0,70.0,65.0,53.0,32.0,27.0,35.0,8.0,12.0,9.0,10.0,11.0
Habib Diarra,MF,Senegal,22.4353,-0.395745735656304,73.0,79.0,4350000.0,14000.0,74.0,61.0,64.0,70.0,60.0,71.0,60.0,57.0,60.0,68.0,46.0,69.0,73.0,73.0,70.0,69.0,68.0,66.0,69.0,72.0,70.0,59.0,65.0,57.0,62.0,63.0,67.0,56.0,58.0,54.0,10.0,11.0,11.0,11.0,11.0
Krépin Diatta,"DF,FW",Senegal,27.2902,0.3309442716105286,76.0,83.0,15000000.0,38000.0,93.0,69.0,66.0,78.0,47.0,69.0,67.0,68.0,62.0,79.0,42.0,74.0,92.0,94.0,91.0,70.0,78.0,73.0,94.0,89.0,62.0,73.0,57.0,48.0,65.0,69.0,71.0,55.0,32.0,50.0,10.0,8.0,11.0,11.0,12.0
Mory Diaw,GK,Senegal,32.9692,0.0708173700629335,73.0,79.0,4350000.0,14000.0,74.0,61.0,64.0,70.0,60.0,71.0,60.0,57.0,60.0,68.0,46.0,69.0,73.0,73.0,70.0,69.0,68.0,66.0,69.0,72.0,70.0,59.0,65.0,57.0,62.0,63.0,67.0,56.0,58.0,54.0,10.0,11.0,11.0,11.0,11.0
Bamba Dieng,FW,Senegal,26.219,-0.9910515968361306,73.0,79.0,4350000.0,14000.0,74.0,61.0,64.0,70.0,60.0,71.0,60.0,57.0,60.0,68.0,46.0,69.0,73.0,73.0,70.0,69.0,68.0,66.0,69.0,72.0,70.0,59.0,65.0,57.0,62.0,63.0,67.0,56.0,58.0,54.0,10.0,11.0,11.0,11.0,11.0
El Hadji Malick Diouf,"DF,MF",Senegal,21.4517,0.739359647730545,73.0,79.0,4350000.0,14000.0,74.0,61.0,64.0,70.0,60.0,71.0,60.0,57.0,60.0,68.0,46.0,69.0,73.0,73.0,70.0,69.0,68.0,66.0,69.0,72.0,70.0,59.0,65.0,57.0,62.0,63.0,67.0,56.0,58.0,54.0,10.0,11.0,11.0,11.0,11.0
Yehvann Diouf,GK,Senegal,26.5667,1.5290653707440027,73.0,79.0,4350000.0,14000.0,74.0,61.0,64.0,70.0,60.0,71.0,60.0,57.0,60.0,68.0,46.0,69.0,73.0,73.0,70.0,69.0,68.0,66.0,69.0,72.0,70.0,59.0,65.0,57.0,62.0,63.0,67.0,56.0,58.0,54.0,10.0,11.0,11.0,11.0,11.0
Idrissa Gueye,MF,Senegal,36.7064,0.810641626028564,82.0,82.0,21500000.0,88000.0,69.0,62.0,71.0,78.0,83.0,77.0,60.0,54.0,69.0,76.0,66.0,79.0,70.0,69.0,79.0,81.0,82.0,80.0,86.0,85.0,69.0,68.0,83.0,86.0,69.0,68.0,79.0,82.0,87.0,83.0,8.0,6.0,8.0,12.0,13.0
Pape Gueye,MF,Senegal,27.3778,-0.2900117272704983,66.0,74.0,1900000.0,4000.0,75.0,64.0,54.0,67.0,21.0,73.0,53.0,65.0,62.0,68.0,45.0,66.0,73.0,76.0,68.0,64.0,61.0,69.0,75.0,72.0,75.0,59.0,71.0,19.0,63.0,52.0,63.0,12.0,19.0,12.0,7.0,9.0,13.0,12.0,11.0
Nicolas Jackson,FW,Senegal,24.9747,0.906961302536587,73.0,79.0,4350000.0,14000.0,74.0,61.0,64.0,70.0,60.0,71.0,60.0,57.0,60.0,68.0,46.0,69.0,73.0,73.0,70.0,69.0,68.0,66.0,69.0,72.0,70.0,59.0,65.0,57.0,62.0,63.0,67.0,56.0,58.0,54.0,10.0,11.0,11.0,11.0,11.0
Ismail Jakobs,"DF,MF",Senegal,26.8159,-0.9571180575829664,73.0,79.0,4350000.0,14000.0,74.0,61.0,64.0,70.0,60.0,71.0,60.0,57.0,60.0,68.0,46.0,69.0,73.0,73.0,70.0,69.0,68.0,66.0,69.0,72.0,70.0,59.0,65.0,57.0,62.0,63.0,67.0,56.0,58.0,54.0,10.0,11.0,11.0,11.0,11.0
Kalidou Koulibaly,DF,Senegal,34.9747,-0.2329092296317592,86.0,86.0,55500000.0,105000.0,81.0,28.0,51.0,65.0,87.0,85.0,30.0,22.0,84.0,69.0,28.0,64.0,74.0,87.0,51.0,83.0,34.0,55.0,82.0,70.0,94.0,15.0,83.0,85.0,35.0,52.0,82.0,90.0,88.0,86.0,7.0,11.0,7.0,13.0,5.0
Sadio Mané,"FW,MF",Senegal,34.1697,1.016841985676473,89.0,89.0,101000000.0,270000.0,91.0,83.0,80.0,89.0,44.0,77.0,78.0,86.0,84.0,90.0,64.0,88.0,93.0,90.0,93.0,91.0,88.0,83.0,87.0,85.0,72.0,80.0,75.0,35.0,90.0,84.0,84.0,42.0,42.0,38.0,10.0,10.0,15.0,7.0,14.0
Pape Matar Sarr,MF,Senegal,23.7392,0.5026254132808424,70.0,82.0,3700000.0,14000.0,67.0,63.0,68.0,71.0,65.0,58.0,58.0,62.0,58.0,73.0,46.0,74.0,69.0,66.0,61.0,64.0,68.0,68.0,58.0,63.0,51.0,66.0,67.0,64.0,68.0,65.0,68.0,64.0,70.0,66.0,14.0,8.0,14.0,8.0,8.0
Ibrahim Mbaye,FW,Senegal,18.3778,3.5723329888378075,72.0,73.0,2500000.0,20000.0,68.0,49.0,64.0,68.0,71.0,67.0,70.0,35.0,66.0,68.0,55.0,68.0,67.0,68.0,70.0,67.0,65.0,69.0,52.0,71.0,64.0,56.0,75.0,71.0,60.0,50.0,65.0,72.0,72.0,72.0,15.0,7.0,6.0,10.0,9.0
Antoine Mendy,DF,Senegal,22.0411,-0.5259709947700675,73.0,79.0,4350000.0,14000.0,74.0,61.0,64.0,70.0,60.0,71.0,60.0,57.0,60.0,68.0,46.0,69.0,73.0,73.0,70.0,69.0,68.0,66.0,69.0,72.0,70.0,59.0,65.0,57.0,62.0,63.0,67.0,56.0,58.0,54.0,10.0,11.0,11.0,11.0,11.0
Édouard Mendy,GK,Senegal,34.2793,-1.0691302615774183,83.0,85.0,30000000.0,105000.0,74.0,61.0,64.0,70.0,60.0,71.0,10.0,5.0,10.0,13.0,14.0,31.0,36.0,33.0,48.0,80.0,27.0,59.0,39.0,35.0,72.0,9.0,22.0,13.0,6.0,44.0,57.0,10.0,11.0,13.0,83.0,82.0,78.0,81.0,84.0
Cherif Ndiaye,"FW,MF",Senegal,30.3806,0.2181190651708858,69.0,74.0,2100000.0,8000.0,77.0,66.0,53.0,67.0,32.0,76.0,55.0,69.0,70.0,69.0,29.0,67.0,74.0,79.0,70.0,65.0,52.0,72.0,70.0,75.0,78.0,55.0,72.0,21.0,70.0,50.0,63.0,44.0,22.0,14.0,13.0,6.0,13.0,7.0,7.0
Iliman Ndiaye,"FW,MF",Senegal,26.2656,-0.4802846651664464,71.0,80.0,4200000.0,9000.0,91.0,66.0,63.0,75.0,57.0,61.0,64.0,71.0,74.0,77.0,58.0,70.0,91.0,91.0,91.0,56.0,89.0,69.0,94.0,74.0,59.0,62.0,43.0,57.0,59.0,57.0,62.0,66.0,48.0,40.0,12.0,6.0,9.0,6.0,9.0
Moussa Niakhaté,"DF,FW",Senegal,30.2601,-0.1913410802311544,73.0,79.0,4350000.0,14000.0,74.0,61.0,64.0,70.0,60.0,71.0,60.0,57.0,60.0,68.0,46.0,69.0,73.0,73.0,70.0,69.0,68.0,66.0,69.0,72.0,70.0,59.0,65.0,57.0,62.0,63.0,67.0,56.0,58.0,54.0,10.0,11.0,11.0,11.0,11.0
Bara Sapoko Ndiaye,MF,Senegal,18.4435,-3.850721255131433,73.0,79.0,4350000.0,14000.0,74.0,61.0,64.0,70.0,60.0,71.0,60.0,57.0,60.0,68.0,46.0,69.0,73.0,73.0,70.0,69.0,68.0,66.0,69.0,72.0,70.0,59.0,65.0,57.0,62.0,63.0,67.0,56.0,58.0,54.0,10.0,11.0,11.0,11.0,11.0
Ismaila Sarr,"FW,MF",Senegal,28.2902,1.486157288216145,78.0,86.0,31000000.0,53000.0,94.0,76.0,67.0,80.0,22.0,67.0,68.0,75.0,44.0,82.0,55.0,79.0,94.0,94.0,78.0,76.0,74.0,82.0,48.0,73.0,71.0,78.0,53.0,17.0,73.0,68.0,78.0,25.0,16.0,21.0,14.0,13.0,7.0,6.0,9.0
Mamadou Sarr,DF,Senegal,20.783,-0.3885999231799205,65.0,68.0,875000.0,3000.0,56.0,32.0,48.0,50.0,67.0,64.0,38.0,24.0,68.0,43.0,31.0,57.0,53.0,59.0,49.0,64.0,52.0,47.0,70.0,60.0,65.0,35.0,64.0,63.0,32.0,35.0,60.0,67.0,69.0,65.0,8.0,7.0,14.0,7.0,10.0
Abdoulaye Seck,DF,Senegal,34.0192,-0.2751660707290066,73.0,74.0,2800000.0,17000.0,74.0,47.0,57.0,58.0,70.0,86.0,61.0,41.0,75.0,58.0,29.0,62.0,68.0,78.0,48.0,64.0,36.0,68.0,71.0,73.0,95.0,48.0,84.0,70.0,28.0,45.0,65.0,65.0,72.0,72.0,14.0,15.0,11.0,15.0,13.0
Jayden Adams,MF,South Africa,25.1013,-0.3480693134000898,73.0,79.0,4350000.0,14000.0,74.0,61.0,64.0,70.0,60.0,71.0,60.0,57.0,60.0,68.0,46.0,69.0,73.0,73.0,70.0,69.0,68.0,66.0,69.0,72.0,70.0,59.0,65.0,57.0,62.0,63.0,67.0,56.0,58.0,54.0,10.0,11.0,11.0,11.0,11.0
Oswin Appollis,MF,South Africa,24.794,0.2328636013400236,73.0,79.0,4350000.0,14000.0,74.0,61.0,64.0,70.0,60.0,71.0,60.0,57.0,60.0,68.0,46.0,69.0,73.0,73.0,70.0,69.0,68.0,66.0,69.0,72.0,70.0,59.0,65.0,57.0,62.0,63.0,67.0,56.0,58.0,54.0,10.0,11.0,11.0,11.0,11.0
Sipho Chaine,GK,South Africa,29.4901,-1.5035026235948756,73.0,79.0,4350000.0,14000.0,74.0,61.0,64.0,70.0,60.0,71.0,60.0,57.0,60.0,68.0,46.0,69.0,73.0,73.0,70.0,69.0,68.0,66.0,69.0,72.0,70.0,59.0,65.0,57.0,62.0,63.0,67.0,56.0,58.0,54.0,10.0,11.0,11.0,11.0,11.0
Bradley Cross,DF,South Africa,25.3614,-1.5154014489080088,73.0,79.0,4350000.0,14000.0,74.0,61.0,64.0,70.0,60.0,71.0,60.0,57.0,60.0,68.0,46.0,69.0,73.0,73.0,70.0,69.0,68.0,66.0,69.0,72.0,70.0,59.0,65.0,57.0,62.0,63.0,67.0,56.0,58.0,54.0,10.0,11.0,11.0,11.0,11.0
Lyle Foster,FW,South Africa,25.7693,-0.978574146786846,73.0,79.0,4350000.0,14000.0,74.0,61.0,64.0,70.0,60.0,71.0,60.0,57.0,60.0,68.0,46.0,69.0,73.0,73.0,70.0,69.0,68.0,66.0,69.0,72.0,70.0,59.0,65.0,57.0,62.0,63.0,67.0,56.0,58.0,54.0,10.0,11.0,11.0,11.0,11.0
Ricardo Goss,GK,South Africa,32.1916,-1.5035026235948756,73.0,79.0,4350000.0,14000.0,74.0,61.0,64.0,70.0,60.0,71.0,60.0,57.0,60.0,68.0,46.0,69.0,73.0,73.0,70.0,69.0,68.0,66.0,69.0,72.0,70.0,59.0,65.0,57.0,62.0,63.0,67.0,56.0,58.0,54.0,10.0,11.0,11.0,11.0,11.0
Samukele Kabini,DF,South Africa,22.2409,-1.7494116800662902,73.0,79.0,4350000.0,14000.0,74.0,61.0,64.0,70.0,60.0,71.0,60.0,57.0,60.0,68.0,46.0,69.0,73.0,73.0,70.0,69.0,68.0,66.0,69.0,72.0,70.0,59.0,65.0,57.0,62.0,63.0,67.0,56.0,58.0,54.0,10.0,11.0,11.0,11.0,11.0
Evidence Makgopa,FW,South Africa,26.0164,-0.1181648861310132,73.0,79.0,4350000.0,14000.0,74.0,61.0,64.0,70.0,60.0,71.0,60.0,57.0,60.0,68.0,46.0,69.0,73.0,73.0,70.0,69.0,68.0,66.0,69.0,72.0,70.0,59.0,65.0,57.0,62.0,63.0,67.0,56.0,58.0,54.0,10.0,11.0,11.0,11.0,11.0
Olwethu Makhanya,DF,South Africa,22.115,-1.463839872551099,73.0,79.0,4350000.0,14000.0,74.0,61.0,64.0,70.0,60.0,71.0,60.0,57.0,60.0,68.0,46.0,69.0,73.0,73.0,70.0,69.0,68.0,66.0,69.0,72.0,70.0,59.0,65.0,57.0,62.0,63.0,67.0,56.0,58.0,54.0,10.0,11.0,11.0,11.0,11.0
Thapelo Maseko,MF,South Africa,22.5804,-2.111917736989339,73.0,79.0,4350000.0,14000.0,74.0,61.0,64.0,70.0,60.0,71.0,60.0,57.0,60.0,68.0,46.0,69.0,73.0,73.0,70.0,69.0,68.0,66.0,69.0,72.0,70.0,59.0,65.0,57.0,62.0,63.0,67.0,56.0,58.0,54.0,10.0,11.0,11.0,11.0,11.0
Thabang Matuludi,DF,South Africa,27.4052,-1.4559073223423438,73.0,79.0,4350000.0,14000.0,74.0,61.0,64.0,70.0,60.0,71.0,60.0,57.0,60.0,68.0,46.0,69.0,73.0,73.0,70.0,69.0,68.0,66.0,69.0,72.0,70.0,59.0,65.0,57.0,62.0,63.0,67.0,56.0,58.0,54.0,10.0,11.0,11.0,11.0,11.0
Thalente Mbatha,MF,South Africa,26.2382,-0.9913862212444212,73.0,79.0,4350000.0,14000.0,74.0,61.0,64.0,70.0,60.0,71.0,60.0,57.0,60.0,68.0,46.0,69.0,73.0,73.0,70.0,69.0,68.0,66.0,69.0,72.0,70.0,59.0,65.0,57.0,62.0,63.0,67.0,56.0,58.0,54.0,10.0,11.0,11.0,11.0,11.0
Mbekezeli Mbokazi,DF,South Africa,20.7255,-1.6496542402876726,73.0,79.0,4350000.0,14000.0,74.0,61.0,64.0,70.0,60.0,71.0,60.0,57.0,60.0,68.0,46.0,69.0,73.0,73.0,70.0,69.0,68.0,66.0,69.0,72.0,70.0,59.0,65.0,57.0,62.0,63.0,67.0,56.0,58.0,54.0,10.0,11.0,11.0,11.0,11.0
Aubrey Modiba,DF,South Africa,30.8871,-1.6459708357614664,73.0,79.0,4350000.0,14000.0,74.0,61.0,64.0,70.0,60.0,71.0,60.0,57.0,60.0,68.0,46.0,69.0,73.0,73.0,70.0,69.0,68.0,66.0,69.0,72.0,70.0,59.0,65.0,57.0,62.0,63.0,67.0,56.0,58.0,54.0,10.0,11.0,11.0,11.0,11.0
Relebohile Mofokeng,MF,South Africa,21.6324,-0.5866449101578304,73.0,79.0,4350000.0,14000.0,74.0,61.0,64.0,70.0,60.0,71.0,60.0,57.0,60.0,68.0,46.0,69.0,73.0,73.0,70.0,69.0,68.0,66.0,69.0,72.0,70.0,59.0,65.0,57.0,62.0,63.0,67.0,56.0,58.0,54.0,10.0,11.0,11.0,11.0,11.0
Teboho Mokoena,MF,South Africa,29.3778,-1.1639324544342071,73.0,79.0,4350000.0,14000.0,74.0,61.0,64.0,70.0,60.0,71.0,60.0,57.0,60.0,68.0,46.0,69.0,73.0,73.0,70.0,69.0,68.0,66.0,69.0,72.0,70.0,59.0,65.0,57.0,62.0,63.0,67.0,56.0,58.0,54.0,10.0,11.0,11.0,11.0,11.0
Tshepang Moremi,MF,South Africa,25.6899,-2.180282212060055,73.0,79.0,4350000.0,14000.0,74.0,61.0,64.0,70.0,60.0,71.0,60.0,57.0,60.0,68.0,46.0,69.0,73.0,73.0,70.0,69.0,68.0,66.0,69.0,72.0,70.0,59.0,65.0,57.0,62.0,63.0,67.0,56.0,58.0,54.0,10.0,11.0,11.0,11.0,11.0
Khuliso Mudau,DF,South Africa,31.1259,-1.0794269014129707,73.0,79.0,4350000.0,14000.0,74.0,61.0,64.0,70.0,60.0,71.0,60.0,57.0,60.0,68.0,46.0,69.0,73.0,73.0,70.0,69.0,68.0,66.0,69.0,72.0,70.0,59.0,65.0,57.0,62.0,63.0,67.0,56.0,58.0,54.0,10.0,11.0,11.0,11.0,11.0
Khulumani Ndamane,DF,South Africa,22.345,0.5293253624257301,73.0,79.0,4350000.0,14000.0,74.0,61.0,64.0,70.0,60.0,71.0,60.0,57.0,60.0,68.0,46.0,69.0,73.0,73.0,70.0,69.0,68.0,66.0,69.0,72.0,70.0,59.0,65.0,57.0,62.0,63.0,67.0,56.0,58.0,54.0,10.0,11.0,11.0,11.0,11.0
Ime Okon,DF,South Africa,22.3039,-2.665480293481364,73.0,79.0,4350000.0,14000.0,74.0,61.0,64.0,70.0,60.0,71.0,60.0,57.0,60.0,68.0,46.0,69.0,73.0,73.0,70.0,69.0,68.0,66.0,69.0,72.0,70.0,59.0,65.0,57.0,62.0,63.0,67.0,56.0,58.0,54.0,10.0,11.0,11.0,11.0,11.0
Iqraam Rayners,FW,South Africa,30.4764,-1.39787904945062,73.0,79.0,4350000.0,14000.0,74.0,61.0,64.0,70.0,60.0,71.0,60.0,57.0,60.0,68.0,46.0,69.0,73.0,73.0,70.0,69.0,68.0,66.0,69.0,72.0,70.0,59.0,65.0,57.0,62.0,63.0,67.0,56.0,58.0,54.0,10.0,11.0,11.0,11.0,11.0
Kamogelo Sebelebele,"DF,MF",South Africa,23.8898,-1.041581861018834,73.0,79.0,4350000.0,14000.0,74.0,61.0,64.0,70.0,60.0,71.0,60.0,57.0,60.0,68.0,46.0,69.0,73.0,73.0,70.0,69.0,68.0,66.0,69.0,72.0,70.0,59.0,65.0,57.0,62.0,63.0,67.0,56.0,58.0,54.0,10.0,11.0,11.0,11.0,11.0
Nkosinathi Sibisi,DF,South Africa,30.7173,-1.532648422343971,73.0,79.0,4350000.0,14000.0,74.0,61.0,64.0,70.0,60.0,71.0,60.0,57.0,60.0,68.0,46.0,69.0,73.0,73.0,70.0,69.0,68.0,66.0,69.0,72.0,70.0,59.0,65.0,57.0,62.0,63.0,67.0,56.0,58.0,54.0,10.0,11.0,11.0,11.0,11.0
Sphephelo Sithole,MF,South Africa,27.2738,-1.6718754615779197,70.0,78.0,3400000.0,4000.0,65.0,60.0,64.0,67.0,67.0,75.0,52.0,59.0,68.0,69.0,48.0,68.0,63.0,66.0,56.0,73.0,51.0,69.0,58.0,74.0,78.0,60.0,75.0,67.0,66.0,68.0,70.0,64.0,69.0,65.0,12.0,14.0,14.0,10.0,9.0
Ronwen Williams,GK,South Africa,34.386,-0.6691080188226923,73.0,79.0,4350000.0,14000.0,74.0,61.0,64.0,70.0,60.0,71.0,60.0,57.0,60.0,68.0,46.0,69.0,73.0,73.0,70.0,69.0,68.0,66.0,69.0,72.0,70.0,59.0,65.0,57.0,62.0,63.0,67.0,56.0,58.0,54.0,10.0,11.0,11.0,11.0,11.0
Themba Zwane,"FW,MF",South Africa,36.8542,-1.511048741104225,73.0,79.0,4350000.0,14000.0,74.0,61.0,64.0,70.0,60.0,71.0,60.0,57.0,60.0,68.0,46.0,69.0,73.0,73.0,70.0,69.0,68.0,66.0,69.0,72.0,70.0,59.0,65.0,57.0,62.0,63.0,67.0,56.0,58.0,54.0,10.0,11.0,11.0,11.0,11.0
Álex Baena,"FW,MF",Spain,24.8925,0.4929395648457961,67.0,82.0,2400000.0,6000.0,66.0,70.0,63.0,71.0,39.0,46.0,65.0,70.0,41.0,74.0,58.0,73.0,65.0,66.0,65.0,52.0,67.0,73.0,40.0,55.0,46.0,71.0,34.0,37.0,71.0,58.0,64.0,40.0,39.0,38.0,6.0,11.0,8.0,12.0,11.0
Pau Cubarsí,DF,Spain,19.3833,1.5855189403564272,73.0,79.0,4350000.0,14000.0,74.0,61.0,64.0,70.0,60.0,71.0,60.0,57.0,60.0,68.0,46.0,69.0,73.0,73.0,70.0,69.0,68.0,66.0,69.0,72.0,70.0,59.0,65.0,57.0,62.0,63.0,67.0,56.0,58.0,54.0,10.0,11.0,11.0,11.0,11.0
Marc Cucurella,"DF,MF",Spain,27.8871,1.4630266384478825,81.0,87.0,41500000.0,63000.0,79.0,67.0,78.0,80.0,73.0,74.0,81.0,68.0,57.0,80.0,48.0,81.0,78.0,80.0,78.0,82.0,83.0,73.0,77.0,88.0,66.0,65.0,76.0,73.0,79.0,78.0,74.0,71.0,78.0,77.0,13.0,7.0,9.0,10.0,11.0
Eric García,"DF,MF",Spain,25.4189,-1.0600960421595915,77.0,86.0,21500000.0,71000.0,65.0,44.0,65.0,66.0,79.0,72.0,46.0,42.0,77.0,62.0,31.0,72.0,60.0,69.0,60.0,78.0,57.0,51.0,73.0,68.0,73.0,44.0,76.0,80.0,42.0,62.0,79.0,79.0,78.0,77.0,11.0,9.0,12.0,11.0,7.0
Joan García,GK,Spain,25.104,-2.352285495931693,67.0,83.0,2400000.0,3000.0,74.0,61.0,64.0,70.0,60.0,71.0,13.0,6.0,12.0,12.0,12.0,20.0,45.0,40.0,43.0,65.0,42.0,50.0,67.0,35.0,55.0,9.0,24.0,13.0,6.0,45.0,50.0,7.0,13.0,14.0,66.0,67.0,66.0,65.0,67.0
Gavi,"FW,MF",Spain,21.8487,-1.5915769061461966,66.0,85.0,2100000.0,4000.0,66.0,53.0,67.0,69.0,50.0,48.0,59.0,55.0,38.0,67.0,47.0,70.0,68.0,64.0,77.0,64.0,78.0,49.0,48.0,52.0,44.0,53.0,54.0,58.0,59.0,70.0,68.0,49.0,53.0,44.0,8.0,10.0,11.0,7.0,13.0
Álex Grimaldo,"DF,MF",Spain,30.7228,0.3555217642164883,82.0,85.0,37000000.0,18000.0,87.0,65.0,81.0,83.0,74.0,71.0,82.0,52.0,66.0,83.0,81.0,83.0,86.0,87.0,84.0,83.0,86.0,79.0,64.0,90.0,63.0,79.0,69.0,79.0,77.0,78.0,83.0,71.0,76.0,74.0,7.0,13.0,10.0,7.0,13.0
Borja Iglesias,FW,Spain,33.397,-0.3884970579142195,80.0,80.0,21500000.0,34000.0,65.0,80.0,64.0,74.0,35.0,80.0,50.0,82.0,80.0,74.0,36.0,79.0,61.0,69.0,60.0,76.0,73.0,83.0,70.0,71.0,90.0,74.0,69.0,30.0,83.0,71.0,80.0,32.0,31.0,18.0,14.0,12.0,16.0,13.0,16.0
Aymeric Laporte,DF,Spain,32.0411,0.2707297478024091,86.0,89.0,77000000.0,185000.0,63.0,50.0,72.0,69.0,86.0,80.0,58.0,45.0,84.0,63.0,69.0,78.0,59.0,67.0,57.0,87.0,60.0,68.0,80.0,72.0,84.0,47.0,81.0,87.0,54.0,65.0,84.0,86.0,87.0,86.0,10.0,11.0,5.0,14.0,5.0
Marcos Llorente,"DF,MF",Spain,31.3614,0.1896413090286215,86.0,89.0,88000000.0,95000.0,88.0,80.0,81.0,82.0,78.0,82.0,74.0,81.0,67.0,82.0,58.0,84.0,86.0,90.0,82.0,86.0,69.0,84.0,69.0,90.0,79.0,79.0,83.0,82.0,87.0,86.0,83.0,79.0,80.0,74.0,13.0,6.0,6.0,11.0,15.0
Mikel Merino,MF,Spain,29.9692,1.407931189258754,83.0,87.0,50000000.0,47000.0,74.0,78.0,81.0,82.0,82.0,81.0,77.0,79.0,81.0,83.0,69.0,84.0,73.0,75.0,76.0,84.0,72.0,84.0,81.0,84.0,79.0,78.0,81.0,84.0,78.0,83.0,80.0,80.0,84.0,76.0,9.0,12.0,9.0,13.0,14.0
Víctor Muñoz,MF,Spain,22.9117,1.775858138041417,78.0,78.0,9000000.0,24000.0,50.0,42.0,65.0,60.0,79.0,78.0,55.0,37.0,79.0,53.0,46.0,70.0,51.0,50.0,47.0,76.0,53.0,59.0,77.0,73.0,80.0,38.0,79.0,77.0,39.0,60.0,70.0,78.0,80.0,81.0,12.0,8.0,6.0,6.0,14.0
Dani Olmo,"FW,MF",Spain,28.0958,-0.2358135294479066,82.0,87.0,46000000.0,78000.0,67.0,76.0,81.0,86.0,50.0,60.0,78.0,74.0,43.0,86.0,75.0,86.0,77.0,58.0,86.0,83.0,86.0,79.0,55.0,80.0,54.0,77.0,51.0,57.0,82.0,83.0,82.0,50.0,50.0,44.0,15.0,15.0,13.0,12.0,11.0
Mikel Oyarzabal,"FW,MF",Spain,29.1396,5.73226332627014,85.0,89.0,77500000.0,57000.0,82.0,82.0,81.0,84.0,41.0,63.0,82.0,84.0,60.0,85.0,71.0,85.0,83.0,81.0,83.0,81.0,80.0,80.0,72.0,82.0,57.0,81.0,52.0,29.0,85.0,85.0,83.0,55.0,32.0,30.0,10.0,6.0,10.0,13.0,11.0
Pedri,MF,Spain,23.5421,2.778955034043056,81.0,91.0,54000000.0,51000.0,78.0,65.0,79.0,84.0,66.0,63.0,68.0,68.0,50.0,84.0,51.0,83.0,81.0,76.0,88.0,81.0,89.0,62.0,65.0,86.0,53.0,65.0,59.0,68.0,77.0,86.0,84.0,65.0,73.0,63.0,12.0,7.0,11.0,8.0,8.0
Yeremi Pino,"FW,MF",Spain,23.6407,-0.2177490067760761,73.0,84.0,6500000.0,8000.0,71.0,66.0,70.0,73.0,31.0,46.0,69.0,70.0,46.0,75.0,60.0,73.0,73.0,70.0,73.0,68.0,77.0,63.0,38.0,70.0,32.0,64.0,51.0,29.0,70.0,74.0,56.0,31.0,28.0,28.0,9.0,7.0,14.0,6.0,9.0
Pedro Porro,"DF,MF",Spain,26.742,0.4788044496308186,80.0,87.0,40500000.0,80000.0,80.0,67.0,73.0,79.0,75.0,75.0,80.0,61.0,66.0,79.0,67.0,82.0,76.0,83.0,78.0,78.0,71.0,81.0,59.0,83.0,73.0,74.0,74.0,76.0,75.0,68.0,78.0,74.0,78.0,75.0,15.0,7.0,14.0,5.0,7.0
Marc Pubill,DF,Spain,22.9747,-1.690733783755638,68.0,72.0,1700000.0,5000.0,77.0,66.0,55.0,68.0,21.0,64.0,48.0,68.0,64.0,70.0,51.0,68.0,73.0,80.0,65.0,61.0,66.0,68.0,72.0,73.0,70.0,64.0,36.0,19.0,68.0,58.0,63.0,18.0,14.0,15.0,6.0,8.0,8.0,10.0,12.0
David Raya,GK,Spain,30.7365,-1.099758793203368,74.0,78.0,4600000.0,27000.0,74.0,61.0,64.0,70.0,60.0,71.0,12.0,19.0,20.0,17.0,15.0,40.0,58.0,46.0,70.0,72.0,45.0,57.0,70.0,29.0,38.0,14.0,29.0,11.0,15.0,64.0,46.0,28.0,14.0,13.0,73.0,73.0,76.0,70.0,74.0
Rodri,"DF,MF",Spain,29.9692,0.4130748065752293,86.0,89.0,81000000.0,175000.0,61.0,70.0,77.0,78.0,82.0,82.0,63.0,64.0,78.0,78.0,54.0,82.0,60.0,62.0,65.0,80.0,65.0,83.0,72.0,87.0,82.0,76.0,76.0,83.0,75.0,81.0,83.0,83.0,84.0,78.0,10.0,10.0,7.0,14.0,8.0
Fabián Ruiz Peña,MF,Spain,30.1889,1.0028338597768478,82.0,86.0,42000000.0,77000.0,63.0,78.0,79.0,82.0,74.0,71.0,72.0,79.0,67.0,83.0,59.0,86.0,67.0,60.0,71.0,82.0,67.0,77.0,46.0,87.0,67.0,83.0,68.0,76.0,81.0,82.0,77.0,70.0,78.0,75.0,16.0,11.0,7.0,13.0,13.0
Unai Simón,GK,Spain,29.0,1.9172306478042227,82.0,86.0,34500000.0,24000.0,74.0,61.0,64.0,70.0,60.0,71.0,16.0,14.0,18.0,12.0,14.0,16.0,46.0,48.0,32.0,72.0,47.0,57.0,63.0,45.0,76.0,13.0,27.0,26.0,14.0,44.0,42.0,11.0,18.0,12.0,82.0,77.0,76.0,85.0,84.0
Ferrán Torres,"FW,MF",Spain,26.2793,2.1447487065803283,82.0,90.0,68500000.0,120000.0,82.0,79.0,78.0,82.0,35.0,66.0,77.0,81.0,73.0,84.0,60.0,81.0,87.0,78.0,82.0,81.0,76.0,79.0,75.0,73.0,70.0,76.0,45.0,34.0,84.0,84.0,82.0,35.0,24.0,28.0,12.0,9.0,11.0,15.0,12.0
Nico Williams,MF,Spain,23.9144,2.694097772505261,67.0,81.0,2400000.0,4000.0,82.0,64.0,59.0,70.0,21.0,54.0,64.0,66.0,70.0,70.0,57.0,69.0,86.0,79.0,84.0,51.0,74.0,65.0,66.0,55.0,62.0,60.0,29.0,12.0,64.0,57.0,68.0,16.0,16.0,17.0,9.0,13.0,12.0,12.0,14.0
Lamine Yamal,"FW,MF",Spain,18.9117,2.6782781859539924,73.0,79.0,4350000.0,14000.0,74.0,61.0,64.0,70.0,60.0,71.0,60.0,57.0,60.0,68.0,46.0,69.0,73.0,73.0,70.0,69.0,68.0,66.0,69.0,72.0,70.0,59.0,65.0,57.0,62.0,63.0,67.0,56.0,58.0,54.0,10.0,11.0,11.0,11.0,11.0
Martín Zubimendi,MF,Spain,27.3532,1.609536494997034,74.0,84.0,9500000.0,23000.0,62.0,61.0,71.0,71.0,74.0,69.0,65.0,64.0,63.0,67.0,44.0,74.0,65.0,59.0,72.0,78.0,72.0,58.0,77.0,76.0,65.0,66.0,66.0,76.0,72.0,74.0,80.0,75.0,76.0,71.0,7.0,6.0,12.0,14.0,13.0
Taha Ali,"FW,MF",Sweden,27.9446,4.711929894684026,73.0,79.0,4350000.0,14000.0,74.0,61.0,64.0,70.0,60.0,71.0,60.0,57.0,60.0,68.0,46.0,69.0,73.0,73.0,70.0,69.0,68.0,66.0,69.0,72.0,70.0,59.0,65.0,57.0,62.0,63.0,67.0,56.0,58.0,54.0,10.0,11.0,11.0,11.0,11.0
Yasin Ayari,MF,Sweden,22.679,-1.7111630740731725,55.0,74.0,325000.0,500.0,68.0,46.0,55.0,58.0,45.0,54.0,48.0,44.0,42.0,55.0,38.0,57.0,71.0,66.0,64.0,56.0,75.0,55.0,51.0,62.0,51.0,40.0,52.0,35.0,55.0,58.0,56.0,51.0,47.0,46.0,9.0,11.0,7.0,7.0,15.0
Lucas Bergvall,MF,Sweden,20.3532,-2.484236838034064,73.0,79.0,4350000.0,14000.0,74.0,61.0,64.0,70.0,60.0,71.0,60.0,57.0,60.0,68.0,46.0,69.0,73.0,73.0,70.0,69.0,68.0,66.0,69.0,72.0,70.0,59.0,65.0,57.0,62.0,63.0,67.0,56.0,58.0,54.0,10.0,11.0,11.0,11.0,11.0
Alexander Bernhardsson,"FW,MF",Sweden,27.7556,-2.0162488839483363,57.0,65.0,375000.0,950.0,77.0,51.0,53.0,57.0,42.0,53.0,53.0,49.0,42.0,61.0,36.0,52.0,76.0,78.0,65.0,51.0,58.0,59.0,48.0,55.0,61.0,46.0,31.0,39.0,56.0,52.0,49.0,43.0,42.0,46.0,12.0,9.0,6.0,5.0,11.0
Hjalmar Ekdal,DF,Sweden,27.6379,-2.219007164807536,64.0,72.0,1200000.0,2000.0,61.0,33.0,47.0,51.0,64.0,66.0,29.0,30.0,60.0,43.0,26.0,58.0,59.0,63.0,56.0,60.0,55.0,43.0,73.0,63.0,70.0,28.0,59.0,62.0,37.0,34.0,55.0,66.0,65.0,62.0,5.0,12.0,12.0,6.0,12.0
Anthony Elanga,"FW,MF",Sweden,24.1232,-1.9292105489753408,73.0,79.0,4350000.0,14000.0,74.0,61.0,64.0,70.0,60.0,71.0,60.0,57.0,60.0,68.0,46.0,69.0,73.0,73.0,70.0,69.0,68.0,66.0,69.0,72.0,70.0,59.0,65.0,57.0,62.0,63.0,67.0,56.0,58.0,54.0,10.0,11.0,11.0,11.0,11.0
Gabriel Gudmundsson,"DF,MF",Sweden,27.1177,-1.2113203575723883,73.0,82.0,6500000.0,21000.0,87.0,64.0,67.0,72.0,66.0,70.0,77.0,59.0,51.0,75.0,43.0,70.0,86.0,88.0,76.0,67.0,68.0,75.0,70.0,76.0,64.0,71.0,78.0,66.0,66.0,62.0,63.0,67.0,70.0,65.0,12.0,10.0,7.0,6.0,8.0
Viktor Gyökeres,"FW,MF",Sweden,28.0192,0.8696643450098869,69.0,76.0,2800000.0,11000.0,73.0,66.0,61.0,70.0,26.0,69.0,61.0,70.0,63.0,72.0,49.0,70.0,68.0,77.0,67.0,66.0,64.0,68.0,65.0,69.0,74.0,62.0,55.0,23.0,69.0,58.0,60.0,28.0,17.0,16.0,10.0,13.0,11.0,14.0,8.0
Isak Hien,DF,Sweden,27.4079,-3.2546832175860416,73.0,79.0,4350000.0,14000.0,74.0,61.0,64.0,70.0,60.0,71.0,60.0,57.0,60.0,68.0,46.0,69.0,73.0,73.0,70.0,69.0,68.0,66.0,69.0,72.0,70.0,59.0,65.0,57.0,62.0,63.0,67.0,56.0,58.0,54.0,10.0,11.0,11.0,11.0,11.0
Emil Holm,"DF,MF",Sweden,26.0794,-3.23198233884852,64.0,72.0,1300000.0,3000.0,78.0,58.0,54.0,59.0,58.0,76.0,57.0,57.0,57.0,59.0,37.0,62.0,75.0,80.0,57.0,57.0,59.0,68.0,78.0,75.0,81.0,60.0,64.0,55.0,56.0,45.0,49.0,58.0,60.0,55.0,7.0,12.0,11.0,5.0,9.0
Alexander Isak,FW,Sweden,26.7201,-1.7095992119124277,82.0,86.0,45000000.0,37000.0,84.0,82.0,68.0,79.0,29.0,69.0,61.0,83.0,77.0,79.0,57.0,82.0,82.0,85.0,79.0,81.0,66.0,84.0,71.0,70.0,75.0,77.0,52.0,29.0,86.0,76.0,77.0,25.0,21.0,18.0,7.0,6.0,9.0,7.0,11.0
Herman Johansson,MF,Sweden,28.6516,-1.607680688578811,54.0,60.0,170000.0,650.0,55.0,53.0,39.0,46.0,24.0,69.0,27.0,55.0,66.0,44.0,29.0,42.0,54.0,55.0,57.0,49.0,60.0,52.0,71.0,70.0,74.0,49.0,53.0,17.0,54.0,48.0,49.0,18.0,21.0,21.0,8.0,8.0,6.0,8.0,11.0
Viktor Johansson,GK,Sweden,27.7392,-3.799159678774524,65.0,67.0,800000.0,1000.0,81.0,52.0,56.0,61.0,55.0,74.0,60.0,50.0,41.0,61.0,39.0,62.0,77.0,84.0,70.0,60.0,61.0,68.0,69.0,85.0,75.0,46.0,59.0,56.0,56.0,48.0,45.0,60.0,53.0,54.0,8.0,13.0,16.0,6.0,9.0
Jesper Karlström,MF,Sweden,30.9719,-2.293855633023936,69.0,72.0,1600000.0,5000.0,67.0,54.0,64.0,66.0,66.0,81.0,62.0,51.0,62.0,66.0,59.0,65.0,71.0,63.0,65.0,66.0,67.0,58.0,70.0,85.0,80.0,59.0,80.0,66.0,56.0,61.0,64.0,66.0,67.0,67.0,11.0,8.0,10.0,11.0,16.0
Gustaf Lagerbielke,DF,Sweden,26.1697,-1.8283572034505016,55.0,66.0,275000.0,600.0,62.0,24.0,41.0,49.0,54.0,57.0,34.0,18.0,56.0,48.0,28.0,50.0,61.0,62.0,48.0,52.0,58.0,40.0,69.0,57.0,57.0,18.0,55.0,54.0,29.0,29.0,46.0,55.0,54.0,53.0,9.0,11.0,11.0,14.0,12.0
Victor Lindelöf,DF,Sweden,31.9008,-0.4275591038750421,80.0,82.0,23000000.0,105000.0,63.0,51.0,73.0,72.0,81.0,78.0,62.0,42.0,76.0,70.0,59.0,77.0,61.0,65.0,62.0,83.0,60.0,72.0,77.0,77.0,76.0,52.0,83.0,82.0,51.0,72.0,83.0,82.0,81.0,78.0,12.0,16.0,8.0,7.0,9.0
Gustaf Nilsson,FW,Sweden,29.052,-2.0818400734040767,64.0,70.0,925000.0,2000.0,77.0,62.0,48.0,59.0,27.0,71.0,35.0,63.0,68.0,61.0,38.0,62.0,73.0,80.0,44.0,59.0,48.0,67.0,50.0,69.0,79.0,56.0,59.0,20.0,60.0,53.0,55.0,23.0,25.0,19.0,6.0,7.0,8.0,16.0,14.0
Kristoffer Nordfeldt,GK,Sweden,36.9665,1.1918912115347555,75.0,75.0,2800000.0,7000.0,74.0,61.0,64.0,70.0,60.0,71.0,11.0,13.0,13.0,14.0,11.0,24.0,52.0,49.0,58.0,75.0,46.0,52.0,83.0,33.0,74.0,12.0,24.0,23.0,15.0,34.0,50.0,17.0,13.0,15.0,74.0,71.0,69.0,75.0,76.0
Benjamin Nygren,"FW,MF",Sweden,24.9254,0.1042039073699968,67.0,76.0,2200000.0,4000.0,64.0,65.0,65.0,67.0,20.0,59.0,65.0,68.0,52.0,68.0,51.0,71.0,60.0,68.0,62.0,60.0,64.0,58.0,69.0,65.0,66.0,65.0,32.0,14.0,67.0,64.0,62.0,18.0,16.0,18.0,6.0,10.0,6.0,12.0,8.0
Ken Sema,"FW,MF",Sweden,32.6954,-2.0758694758756127,73.0,73.0,3200000.0,43000.0,78.0,66.0,71.0,74.0,60.0,68.0,74.0,63.0,37.0,76.0,72.0,74.0,76.0,79.0,72.0,70.0,77.0,77.0,49.0,72.0,70.0,68.0,64.0,64.0,70.0,72.0,62.0,60.0,66.0,59.0,7.0,11.0,10.0,16.0,7.0
Eric Smith,"DF,MF",Sweden,29.4216,-4.110920389595676,67.0,72.0,1400000.0,5000.0,63.0,56.0,61.0,62.0,61.0,75.0,43.0,50.0,51.0,61.0,58.0,64.0,61.0,65.0,64.0,62.0,56.0,74.0,61.0,74.0,80.0,61.0,69.0,63.0,55.0,64.0,60.0,65.0,60.0,56.0,12.0,12.0,13.0,7.0,11.0
Carl Starfelt,DF,Sweden,31.0274,0.0086933088024695,69.0,73.0,1700000.0,21000.0,70.0,28.0,52.0,63.0,69.0,76.0,27.0,25.0,68.0,63.0,24.0,64.0,68.0,71.0,55.0,66.0,63.0,38.0,66.0,74.0,81.0,23.0,67.0,67.0,32.0,52.0,68.0,69.0,70.0,69.0,8.0,15.0,13.0,7.0,8.0
Elliot Stroud,MF,Sweden,23.9692,-1.1941331654534189,73.0,79.0,4350000.0,14000.0,74.0,61.0,64.0,70.0,60.0,71.0,60.0,57.0,60.0,68.0,46.0,69.0,73.0,73.0,70.0,69.0,68.0,66.0,69.0,72.0,70.0,59.0,65.0,57.0,62.0,63.0,67.0,56.0,58.0,54.0,10.0,11.0,11.0,11.0,11.0
Mattias Svanberg,MF,Sweden,27.4298,-0.1655798156336375,73.0,80.0,6000000.0,22000.0,77.0,66.0,74.0,76.0,62.0,68.0,68.0,64.0,32.0,76.0,63.0,78.0,74.0,79.0,76.0,66.0,67.0,71.0,63.0,72.0,68.0,72.0,65.0,70.0,58.0,75.0,73.0,62.0,67.0,61.0,7.0,6.0,13.0,8.0,12.0
Daniel Svensson,"DF,MF",Sweden,24.3258,-1.3809136859887494,58.0,70.0,475000.0,1000.0,75.0,42.0,52.0,59.0,51.0,57.0,55.0,38.0,44.0,57.0,42.0,59.0,76.0,74.0,74.0,52.0,60.0,52.0,66.0,55.0,60.0,40.0,50.0,51.0,51.0,49.0,52.0,52.0,53.0,52.0,15.0,12.0,12.0,9.0,9.0
Jacob Widell Zetterström,GK,Sweden,27.9172,-2.5151557059344,58.0,66.0,400000.0,850.0,74.0,61.0,64.0,70.0,60.0,71.0,13.0,17.0,13.0,12.0,14.0,13.0,16.0,27.0,19.0,45.0,26.0,42.0,33.0,17.0,60.0,9.0,18.0,13.0,6.0,25.0,36.0,6.0,13.0,11.0,60.0,58.0,56.0,57.0,58.0
Besfort Zeneli,MF,Sweden,23.553,-1.119031766513795,73.0,79.0,4350000.0,14000.0,74.0,61.0,64.0,70.0,60.0,71.0,60.0,57.0,60.0,68.0,46.0,69.0,73.0,73.0,70.0,69.0,68.0,66.0,69.0,72.0,70.0,59.0,65.0,57.0,62.0,63.0,67.0,56.0,58.0,54.0,10.0,11.0,11.0,11.0,11.0
Michel Aebischer,MF,Switzerland,29.4271,-0.0278974591231636,75.0,80.0,8500000.0,15000.0,72.0,65.0,75.0,75.0,65.0,75.0,69.0,66.0,62.0,75.0,65.0,76.0,73.0,71.0,75.0,71.0,72.0,68.0,68.0,89.0,72.0,69.0,65.0,69.0,68.0,74.0,70.0,65.0,64.0,61.0,10.0,9.0,15.0,9.0,15.0
Manuel Akanji,DF,Switzerland,30.8953,-0.7540337532000287,80.0,83.0,25000000.0,54000.0,81.0,48.0,67.0,74.0,81.0,77.0,53.0,38.0,78.0,74.0,59.0,75.0,77.0,84.0,69.0,81.0,65.0,75.0,83.0,72.0,80.0,48.0,74.0,81.0,37.0,65.0,76.0,82.0,82.0,76.0,10.0,9.0,13.0,6.0,9.0
Zeki Amdouni,"FW,MF",Switzerland,25.5175,-2.4020142218203686,64.0,75.0,1300000.0,3000.0,69.0,66.0,61.0,64.0,46.0,67.0,57.0,65.0,63.0,65.0,60.0,66.0,68.0,70.0,63.0,52.0,67.0,68.0,70.0,67.0,69.0,72.0,59.0,47.0,63.0,68.0,62.0,43.0,42.0,45.0,6.0,9.0,8.0,14.0,14.0
Aurèle Amenda,DF,Switzerland,22.8624,-2.349120759121343,73.0,79.0,4350000.0,14000.0,74.0,61.0,64.0,70.0,60.0,71.0,60.0,57.0,60.0,68.0,46.0,69.0,73.0,73.0,70.0,69.0,68.0,66.0,69.0,72.0,70.0,59.0,65.0,57.0,62.0,63.0,67.0,56.0,58.0,54.0,10.0,11.0,11.0,11.0,11.0
Eray Cömert,DF,Switzerland,28.3477,-1.1279021150188462,71.0,82.0,3900000.0,8000.0,78.0,44.0,54.0,56.0,70.0,76.0,36.0,23.0,67.0,41.0,54.0,68.0,74.0,81.0,70.0,67.0,67.0,76.0,85.0,73.0,80.0,64.0,69.0,68.0,33.0,43.0,60.0,70.0,72.0,73.0,6.0,8.0,5.0,7.0,6.0
Nico Elvedi,DF,Switzerland,29.6954,-0.3455074174491306,79.0,83.0,22500000.0,26000.0,74.0,39.0,63.0,68.0,80.0,77.0,65.0,30.0,79.0,67.0,29.0,72.0,66.0,81.0,64.0,77.0,55.0,50.0,80.0,75.0,80.0,45.0,72.0,82.0,53.0,59.0,65.0,77.0,84.0,78.0,9.0,15.0,10.0,12.0,9.0
Breel Embolo,FW,Switzerland,29.3203,1.1255400703086889,77.0,82.0,16000000.0,27000.0,85.0,73.0,70.0,74.0,51.0,82.0,63.0,69.0,71.0,77.0,51.0,74.0,83.0,86.0,67.0,76.0,67.0,84.0,73.0,79.0,85.0,71.0,78.0,44.0,82.0,72.0,74.0,40.0,63.0,38.0,13.0,6.0,7.0,7.0,12.0
Christian Fassnacht,"FW,MF",Switzerland,32.5804,2.5130130245637643,75.0,75.0,6000000.0,17000.0,82.0,70.0,69.0,74.0,37.0,71.0,68.0,73.0,78.0,74.0,68.0,76.0,79.0,84.0,74.0,72.0,68.0,68.0,91.0,75.0,78.0,66.0,43.0,35.0,77.0,71.0,69.0,32.0,32.0,25.0,12.0,13.0,13.0,12.0,6.0
Remo Freuler,MF,Switzerland,34.1561,4.278728815898512,80.0,80.0,20500000.0,58000.0,69.0,71.0,77.0,78.0,75.0,73.0,72.0,68.0,41.0,78.0,70.0,81.0,68.0,69.0,69.0,83.0,62.0,73.0,55.0,87.0,69.0,75.0,72.0,79.0,78.0,79.0,83.0,80.0,79.0,73.0,12.0,8.0,9.0,14.0,13.0
Cedric Itten,"FW,MF",Switzerland,29.4545,0.234226836248654,71.0,77.0,3000000.0,29000.0,68.0,72.0,60.0,66.0,36.0,74.0,65.0,74.0,73.0,66.0,39.0,69.0,71.0,65.0,59.0,67.0,63.0,73.0,78.0,71.0,81.0,66.0,59.0,29.0,73.0,57.0,65.0,28.0,35.0,36.0,9.0,9.0,9.0,7.0,7.0
Luca Jaquez,DF,Switzerland,23.0246,0.440473141676292,73.0,79.0,4350000.0,14000.0,74.0,61.0,64.0,70.0,60.0,71.0,60.0,57.0,60.0,68.0,46.0,69.0,73.0,73.0,70.0,69.0,68.0,66.0,69.0,72.0,70.0,59.0,65.0,57.0,62.0,63.0,67.0,56.0,58.0,54.0,10.0,11.0,11.0,11.0,11.0
Ardon Jashari,MF,Switzerland,23.8652,-8.12261105690363,53.0,71.0,240000.0,800.0,54.0,47.0,54.0,61.0,40.0,53.0,42.0,42.0,46.0,64.0,45.0,58.0,64.0,45.0,63.0,47.0,69.0,53.0,54.0,38.0,64.0,52.0,46.0,35.0,46.0,52.0,61.0,40.0,39.0,42.0,8.0,7.0,14.0,13.0,5.0
Marvin Keller,GK,Switzerland,23.9391,0.6406197473634085,73.0,79.0,4350000.0,14000.0,74.0,61.0,64.0,70.0,60.0,71.0,60.0,57.0,60.0,68.0,46.0,69.0,73.0,73.0,70.0,69.0,68.0,66.0,69.0,72.0,70.0,59.0,65.0,57.0,62.0,63.0,67.0,56.0,58.0,54.0,10.0,11.0,11.0,11.0,11.0
Gregor Kobel,GK,Switzerland,28.512,-1.605377714632347,79.0,84.0,21500000.0,36000.0,74.0,61.0,64.0,70.0,60.0,71.0,13.0,10.0,13.0,24.0,12.0,34.0,26.0,26.0,34.0,77.0,24.0,58.0,44.0,21.0,81.0,10.0,24.0,14.0,10.0,55.0,66.0,15.0,15.0,15.0,80.0,78.0,77.0,74.0,83.0
Johan Manzambi,MF,Switzerland,20.6571,-0.9752674877057934,73.0,79.0,4350000.0,14000.0,74.0,61.0,64.0,70.0,60.0,71.0,60.0,57.0,60.0,68.0,46.0,69.0,73.0,73.0,70.0,69.0,68.0,66.0,69.0,72.0,70.0,59.0,65.0,57.0,62.0,63.0,67.0,56.0,58.0,54.0,10.0,11.0,11.0,11.0,11.0
Miro Muheim,"DF,MF",Switzerland,28.2163,-4.556614067980187,69.0,76.0,2700000.0,5000.0,73.0,55.0,65.0,65.0,65.0,67.0,68.0,51.0,58.0,63.0,51.0,66.0,74.0,72.0,69.0,67.0,71.0,63.0,57.0,75.0,67.0,58.0,58.0,64.0,66.0,66.0,60.0,69.0,64.0,62.0,11.0,14.0,10.0,8.0,7.0
Yvon Mvogo,GK,Switzerland,32.0137,0.5541779253221131,76.0,79.0,7500000.0,43000.0,74.0,61.0,64.0,70.0,60.0,71.0,13.0,10.0,24.0,18.0,20.0,27.0,43.0,41.0,58.0,71.0,57.0,56.0,71.0,28.0,74.0,14.0,37.0,13.0,13.0,58.0,30.0,28.0,18.0,12.0,78.0,74.0,75.0,73.0,79.0
Dan Ndoye,MF,Switzerland,25.627,1.6961587210494593,69.0,78.0,3100000.0,11000.0,78.0,64.0,63.0,71.0,34.0,60.0,65.0,64.0,52.0,72.0,57.0,70.0,78.0,78.0,73.0,64.0,72.0,70.0,58.0,59.0,63.0,61.0,56.0,29.0,67.0,64.0,63.0,34.0,33.0,31.0,10.0,14.0,10.0,15.0,12.0
Noah Okafor,"FW,MF",Switzerland,26.0493,-1.86839993319762,71.0,80.0,4200000.0,13000.0,84.0,67.0,63.0,73.0,32.0,74.0,68.0,68.0,63.0,75.0,43.0,74.0,84.0,84.0,85.0,66.0,51.0,68.0,71.0,72.0,84.0,67.0,53.0,20.0,63.0,58.0,57.0,40.0,25.0,20.0,14.0,14.0,11.0,6.0,5.0
Fabian Rieder,"FW,MF",Switzerland,24.3149,-1.6167232434471766,64.0,80.0,1500000.0,2000.0,70.0,54.0,64.0,69.0,49.0,60.0,54.0,52.0,41.0,70.0,62.0,70.0,71.0,70.0,70.0,52.0,82.0,62.0,59.0,65.0,62.0,55.0,48.0,52.0,56.0,65.0,59.0,45.0,53.0,52.0,13.0,9.0,12.0,13.0,11.0
Ricardo Rodríguez,DF,Switzerland,33.794,3.723168611852268,76.0,76.0,7000000.0,38000.0,71.0,67.0,74.0,74.0,75.0,74.0,78.0,58.0,64.0,74.0,81.0,76.0,69.0,72.0,71.0,72.0,70.0,78.0,73.0,74.0,74.0,72.0,74.0,77.0,64.0,66.0,77.0,74.0,77.0,75.0,14.0,13.0,14.0,14.0,11.0
Djibril Sow,MF,Switzerland,29.3422,-0.3678493769121372,77.0,80.0,14500000.0,25000.0,79.0,64.0,77.0,76.0,75.0,79.0,70.0,61.0,63.0,75.0,62.0,78.0,76.0,81.0,75.0,76.0,71.0,69.0,73.0,85.0,76.0,65.0,79.0,78.0,72.0,74.0,77.0,75.0,77.0,72.0,6.0,12.0,9.0,7.0,8.0
Ruben Vargas,MF,Switzerland,27.8487,1.243290427698163,75.0,83.0,12500000.0,20000.0,83.0,69.0,67.0,79.0,54.0,65.0,68.0,68.0,66.0,78.0,48.0,77.0,88.0,79.0,91.0,72.0,90.0,72.0,85.0,78.0,62.0,73.0,49.0,48.0,71.0,64.0,63.0,59.0,51.0,45.0,12.0,7.0,5.0,6.0,11.0
Silvan Widmer,"DF,MF",Switzerland,33.2683,0.0504348979596388,75.0,75.0,5000000.0,22000.0,78.0,61.0,69.0,73.0,71.0,78.0,73.0,57.0,67.0,73.0,56.0,73.0,77.0,79.0,75.0,72.0,67.0,73.0,85.0,88.0,77.0,62.0,64.0,70.0,68.0,65.0,72.0,72.0,72.0,69.0,10.0,8.0,7.0,5.0,14.0
Granit Xhaka,MF,Switzerland,33.7036,0.813172620029022,79.0,79.0,15500000.0,80000.0,50.0,64.0,79.0,69.0,69.0,80.0,71.0,50.0,62.0,66.0,77.0,80.0,48.0,52.0,49.0,73.0,61.0,90.0,33.0,84.0,79.0,75.0,91.0,71.0,62.0,78.0,67.0,71.0,68.0,68.0,7.0,8.0,11.0,7.0,13.0
Denis Zakaria,DF,Switzerland,29.5558,-0.9644552432819616,80.0,86.0,30500000.0,28000.0,83.0,64.0,72.0,75.0,80.0,84.0,67.0,66.0,67.0,76.0,46.0,76.0,79.0,86.0,67.0,82.0,64.0,73.0,66.0,81.0,87.0,63.0,85.0,80.0,65.0,73.0,83.0,81.0,82.0,79.0,12.0,12.0,7.0,13.0,11.0
Ali Abdi,"DF,MF",Tunisia,32.4736,0.3690023851564143,70.0,71.0,1700000.0,4000.0,83.0,59.0,65.0,68.0,60.0,72.0,67.0,58.0,65.0,66.0,44.0,69.0,81.0,85.0,71.0,72.0,66.0,65.0,68.0,83.0,68.0,60.0,67.0,59.0,70.0,65.0,68.0,57.0,61.0,61.0,13.0,13.0,13.0,10.0,9.0
Elias Achouri,"FW,MF",Tunisia,27.3313,-1.5983112489642486,73.0,79.0,4350000.0,14000.0,74.0,61.0,64.0,70.0,60.0,71.0,60.0,57.0,60.0,68.0,46.0,69.0,73.0,73.0,70.0,69.0,68.0,66.0,69.0,72.0,70.0,59.0,65.0,57.0,62.0,63.0,67.0,56.0,58.0,54.0,10.0,11.0,11.0,11.0,11.0
Adem Arous,DF,Tunisia,21.9008,-0.8990537853047901,73.0,79.0,4350000.0,14000.0,74.0,61.0,64.0,70.0,60.0,71.0,60.0,57.0,60.0,68.0,46.0,69.0,73.0,73.0,70.0,69.0,68.0,66.0,69.0,72.0,70.0,59.0,65.0,57.0,62.0,63.0,67.0,56.0,58.0,54.0,10.0,11.0,11.0,11.0,11.0
Khalil Ayari,FW,Tunisia,21.3532,-1.079111187426467,73.0,79.0,4350000.0,14000.0,74.0,61.0,64.0,70.0,60.0,71.0,60.0,57.0,60.0,68.0,46.0,69.0,73.0,73.0,70.0,69.0,68.0,66.0,69.0,72.0,70.0,59.0,65.0,57.0,62.0,63.0,67.0,56.0,58.0,54.0,10.0,11.0,11.0,11.0,11.0
Sabri Ben Hassen,GK,Tunisia,29.9938,2.05657995962623,73.0,79.0,4350000.0,14000.0,74.0,61.0,64.0,70.0,60.0,71.0,60.0,57.0,60.0,68.0,46.0,69.0,73.0,73.0,70.0,69.0,68.0,66.0,69.0,72.0,70.0,59.0,65.0,57.0,62.0,63.0,67.0,56.0,58.0,54.0,10.0,11.0,11.0,11.0,11.0
Mortadha Ben Ouanes,"DF,MF",Tunisia,31.9418,-0.4001144550878909,63.0,64.0,525000.0,3000.0,67.0,32.0,55.0,56.0,64.0,61.0,57.0,30.0,46.0,67.0,33.0,39.0,68.0,67.0,56.0,52.0,62.0,28.0,63.0,67.0,58.0,31.0,62.0,62.0,56.0,47.0,48.0,67.0,68.0,67.0,14.0,15.0,8.0,13.0,12.0
Anis Ben Slimane,MF,Tunisia,25.2382,-1.3745802015534525,65.0,75.0,1600000.0,3000.0,63.0,57.0,61.0,68.0,55.0,71.0,45.0,56.0,50.0,68.0,51.0,72.0,64.0,63.0,61.0,61.0,64.0,62.0,64.0,68.0,77.0,59.0,60.0,54.0,65.0,67.0,63.0,53.0,58.0,54.0,11.0,12.0,8.0,5.0,14.0
Dylan Bronn,DF,Tunisia,30.9774,0.7080464241378286,75.0,78.0,6500000.0,17000.0,66.0,61.0,67.0,65.0,76.0,76.0,65.0,56.0,73.0,63.0,53.0,68.0,65.0,66.0,63.0,73.0,61.0,74.0,75.0,73.0,78.0,64.0,75.0,75.0,56.0,65.0,71.0,76.0,76.0,76.0,6.0,10.0,9.0,7.0,9.0
Mouhib Chamakh,GK,Tunisia,24.794,-3.699201262871054,73.0,79.0,4350000.0,14000.0,74.0,61.0,64.0,70.0,60.0,71.0,60.0,57.0,60.0,68.0,46.0,69.0,73.0,73.0,70.0,69.0,68.0,66.0,69.0,72.0,70.0,59.0,65.0,57.0,62.0,63.0,67.0,56.0,58.0,54.0,10.0,11.0,11.0,11.0,11.0
Firas Chaouat,FW,Tunisia,30.0931,0.6854886344042745,73.0,79.0,4350000.0,14000.0,74.0,61.0,64.0,70.0,60.0,71.0,60.0,57.0,60.0,68.0,46.0,69.0,73.0,73.0,70.0,69.0,68.0,66.0,69.0,72.0,70.0,59.0,65.0,57.0,62.0,63.0,67.0,56.0,58.0,54.0,10.0,11.0,11.0,11.0,11.0
Raed Chikhaoui,DF,Tunisia,22.0055,-2.92657915581144,73.0,79.0,4350000.0,14000.0,74.0,61.0,64.0,70.0,60.0,71.0,60.0,57.0,60.0,68.0,46.0,69.0,73.0,73.0,70.0,69.0,68.0,66.0,69.0,72.0,70.0,59.0,65.0,57.0,62.0,63.0,67.0,56.0,58.0,54.0,10.0,11.0,11.0,11.0,11.0
Aymen Dahmen,GK,Tunisia,29.3669,1.33075161552512,73.0,79.0,4350000.0,14000.0,74.0,61.0,64.0,70.0,60.0,71.0,60.0,57.0,60.0,68.0,46.0,69.0,73.0,73.0,70.0,69.0,68.0,66.0,69.0,72.0,70.0,59.0,65.0,57.0,62.0,63.0,67.0,56.0,58.0,54.0,10.0,11.0,11.0,11.0,11.0
Rayan Elloumi,FW,Tunisia,18.731,-1.7256140294400242,73.0,79.0,4350000.0,14000.0,74.0,61.0,64.0,70.0,60.0,71.0,60.0,57.0,60.0,68.0,46.0,69.0,73.0,73.0,70.0,69.0,68.0,66.0,69.0,72.0,70.0,59.0,65.0,57.0,62.0,63.0,67.0,56.0,58.0,54.0,10.0,11.0,11.0,11.0,11.0
Ismaël Gharbi,MF,Tunisia,22.1697,1.084533547903531,73.0,79.0,4350000.0,14000.0,74.0,61.0,64.0,70.0,60.0,71.0,60.0,57.0,60.0,68.0,46.0,69.0,73.0,73.0,70.0,69.0,68.0,66.0,69.0,72.0,70.0,59.0,65.0,57.0,62.0,63.0,67.0,56.0,58.0,54.0,10.0,11.0,11.0,11.0,11.0
Mohamed Amine Ben Hamida,DF,Tunisia,30.4873,-0.9950178719405084,73.0,79.0,4350000.0,14000.0,74.0,61.0,64.0,70.0,60.0,71.0,60.0,57.0,60.0,68.0,46.0,69.0,73.0,73.0,70.0,69.0,68.0,66.0,69.0,72.0,70.0,59.0,65.0,57.0,62.0,63.0,67.0,56.0,58.0,54.0,10.0,11.0,11.0,11.0,11.0
Rani Khedira,"DF,MF",Tunisia,32.3696,0.048112480510814,73.0,79.0,4350000.0,14000.0,74.0,61.0,64.0,70.0,60.0,71.0,60.0,57.0,60.0,68.0,46.0,69.0,73.0,73.0,70.0,69.0,68.0,66.0,69.0,72.0,70.0,59.0,65.0,57.0,62.0,63.0,67.0,56.0,58.0,54.0,10.0,11.0,11.0,11.0,11.0
Hadj Mahmoud,MF,Tunisia,26.1314,-0.3993173708613254,73.0,79.0,4350000.0,14000.0,74.0,61.0,64.0,70.0,60.0,71.0,60.0,57.0,60.0,68.0,46.0,69.0,73.0,73.0,70.0,69.0,68.0,66.0,69.0,72.0,70.0,59.0,65.0,57.0,62.0,63.0,67.0,56.0,58.0,54.0,10.0,11.0,11.0,11.0,11.0
Hazem Mastouri,FW,Tunisia,28.9802,0.686573774876419,73.0,79.0,4350000.0,14000.0,74.0,61.0,64.0,70.0,60.0,71.0,60.0,57.0,60.0,68.0,46.0,69.0,73.0,73.0,70.0,69.0,68.0,66.0,69.0,72.0,70.0,59.0,65.0,57.0,62.0,63.0,67.0,56.0,58.0,54.0,10.0,11.0,11.0,11.0,11.0
Hannibal Mejbri,MF,Tunisia,23.386,-0.140303931595808,62.0,84.0,1300000.0,6000.0,69.0,51.0,61.0,64.0,52.0,58.0,59.0,50.0,42.0,64.0,46.0,62.0,69.0,69.0,76.0,62.0,62.0,54.0,40.0,62.0,53.0,50.0,70.0,52.0,64.0,62.0,65.0,50.0,56.0,52.0,9.0,5.0,10.0,11.0,7.0
Moutaz Neffati,DF,Tunisia,21.7666,-0.0870414472059357,73.0,79.0,4350000.0,14000.0,74.0,61.0,64.0,70.0,60.0,71.0,60.0,57.0,60.0,68.0,46.0,69.0,73.0,73.0,70.0,69.0,68.0,66.0,69.0,72.0,70.0,59.0,65.0,57.0,62.0,63.0,67.0,56.0,58.0,54.0,10.0,11.0,11.0,11.0,11.0
Omar Rekik,DF,Tunisia,24.4736,-3.699201262871054,73.0,79.0,4350000.0,14000.0,74.0,61.0,64.0,70.0,60.0,71.0,60.0,57.0,60.0,68.0,46.0,69.0,73.0,73.0,70.0,69.0,68.0,66.0,69.0,72.0,70.0,59.0,65.0,57.0,62.0,63.0,67.0,56.0,58.0,54.0,10.0,11.0,11.0,11.0,11.0
Elias Saad,"FW,MF",Tunisia,26.4545,1.0855342388134055,73.0,79.0,4350000.0,14000.0,74.0,61.0,64.0,70.0,60.0,71.0,60.0,57.0,60.0,68.0,46.0,69.0,73.0,73.0,70.0,69.0,68.0,66.0,69.0,72.0,70.0,59.0,65.0,57.0,62.0,63.0,67.0,56.0,58.0,54.0,10.0,11.0,11.0,11.0,11.0
Ellyes Skhiri,MF,Tunisia,31.0876,-0.548713733126217,77.0,79.0,11500000.0,26000.0,58.0,69.0,69.0,73.0,77.0,73.0,67.0,69.0,73.0,73.0,55.0,76.0,61.0,55.0,74.0,73.0,64.0,75.0,75.0,91.0,65.0,72.0,69.0,84.0,62.0,65.0,69.0,78.0,75.0,72.0,15.0,14.0,8.0,14.0,14.0
Montassar Talbi,DF,Tunisia,28.0438,-1.293909229294963,73.0,79.0,4350000.0,14000.0,74.0,61.0,64.0,70.0,60.0,71.0,60.0,57.0,60.0,68.0,46.0,69.0,73.0,73.0,70.0,69.0,68.0,66.0,69.0,72.0,70.0,59.0,65.0,57.0,62.0,63.0,67.0,56.0,58.0,54.0,10.0,11.0,11.0,11.0,11.0
Sebastian Tounekti,"FW,MF",Tunisia,23.9117,-0.3172246539356842,60.0,74.0,575000.0,500.0,73.0,53.0,53.0,64.0,25.0,48.0,53.0,55.0,30.0,63.0,38.0,60.0,75.0,72.0,80.0,54.0,79.0,53.0,46.0,53.0,51.0,52.0,35.0,27.0,58.0,55.0,59.0,23.0,22.0,27.0,9.0,6.0,6.0,5.0,10.0
Yan Valery,"DF,MF",Tunisia,27.2984,0.1336856182179659,73.0,79.0,4350000.0,14000.0,74.0,61.0,64.0,70.0,60.0,71.0,60.0,57.0,60.0,68.0,46.0,69.0,73.0,73.0,70.0,69.0,68.0,66.0,69.0,72.0,70.0,59.0,65.0,57.0,62.0,63.0,67.0,56.0,58.0,54.0,10.0,11.0,11.0,11.0,11.0
Samet Akaydın,DF,Türkiye,32.2464,0.9130832977703656,73.0,79.0,4350000.0,14000.0,74.0,61.0,64.0,70.0,60.0,71.0,60.0,57.0,60.0,68.0,46.0,69.0,73.0,73.0,70.0,69.0,68.0,66.0,69.0,72.0,70.0,59.0,65.0,57.0,62.0,63.0,67.0,56.0,58.0,54.0,10.0,11.0,11.0,11.0,11.0
Yunus Akgün,MF,Türkiye,25.9281,0.5773894820315393,73.0,79.0,4350000.0,14000.0,74.0,61.0,64.0,70.0,60.0,71.0,60.0,57.0,60.0,68.0,46.0,69.0,73.0,73.0,70.0,69.0,68.0,66.0,69.0,72.0,70.0,59.0,65.0,57.0,62.0,63.0,67.0,56.0,58.0,54.0,10.0,11.0,11.0,11.0,11.0
Kerem Aktürkoğlu,FW,Türkiye,27.6379,-0.519067673237863,73.0,79.0,4350000.0,14000.0,74.0,61.0,64.0,70.0,60.0,71.0,60.0,57.0,60.0,68.0,46.0,69.0,73.0,73.0,70.0,69.0,68.0,66.0,69.0,72.0,70.0,59.0,65.0,57.0,62.0,63.0,67.0,56.0,58.0,54.0,10.0,11.0,11.0,11.0,11.0
Barış Alper Yılmaz,MF,Türkiye,26.052,0.0578307291346604,73.0,79.0,4350000.0,14000.0,74.0,61.0,64.0,70.0,60.0,71.0,60.0,57.0,60.0,68.0,46.0,69.0,73.0,73.0,70.0,69.0,68.0,66.0,69.0,72.0,70.0,59.0,65.0,57.0,62.0,63.0,67.0,56.0,58.0,54.0,10.0,11.0,11.0,11.0,11.0
Oğuz Aydın,MF,Türkiye,25.6215,2.079201548038019,73.0,79.0,4350000.0,14000.0,74.0,61.0,64.0,70.0,60.0,71.0,60.0,57.0,60.0,68.0,46.0,69.0,73.0,73.0,70.0,69.0,68.0,66.0,69.0,72.0,70.0,59.0,65.0,57.0,62.0,63.0,67.0,56.0,58.0,54.0,10.0,11.0,11.0,11.0,11.0
Kaan Ayhan,"DF,MF",Türkiye,31.5832,1.269935397257996,73.0,79.0,4350000.0,14000.0,74.0,61.0,64.0,70.0,60.0,71.0,60.0,57.0,60.0,68.0,46.0,69.0,73.0,73.0,70.0,69.0,68.0,66.0,69.0,72.0,70.0,59.0,65.0,57.0,62.0,63.0,67.0,56.0,58.0,54.0,10.0,11.0,11.0,11.0,11.0
Abdülkerim Bardakcı,DF,Türkiye,31.7584,-0.8230605298054925,73.0,79.0,4350000.0,14000.0,74.0,61.0,64.0,70.0,60.0,71.0,60.0,57.0,60.0,68.0,46.0,69.0,73.0,73.0,70.0,69.0,68.0,66.0,69.0,72.0,70.0,59.0,65.0,57.0,62.0,63.0,67.0,56.0,58.0,54.0,10.0,11.0,11.0,11.0,11.0
Altay Bayındır,GK,Türkiye,28.1588,-0.0698493577666375,73.0,79.0,4350000.0,14000.0,74.0,61.0,64.0,70.0,60.0,71.0,60.0,57.0,60.0,68.0,46.0,69.0,73.0,73.0,70.0,69.0,68.0,66.0,69.0,72.0,70.0,59.0,65.0,57.0,62.0,63.0,67.0,56.0,58.0,54.0,10.0,11.0,11.0,11.0,11.0
Uğurcan Çakır,GK,Türkiye,30.1834,-0.8933929251417452,73.0,79.0,4350000.0,14000.0,74.0,61.0,64.0,70.0,60.0,71.0,60.0,57.0,60.0,68.0,46.0,69.0,73.0,73.0,70.0,69.0,68.0,66.0,69.0,72.0,70.0,59.0,65.0,57.0,62.0,63.0,67.0,56.0,58.0,54.0,10.0,11.0,11.0,11.0,11.0
Hakan Çalhanoğlu,MF,Türkiye,32.3368,-0.3763314370748839,73.0,79.0,4350000.0,14000.0,74.0,61.0,64.0,70.0,60.0,71.0,60.0,57.0,60.0,68.0,46.0,69.0,73.0,73.0,70.0,69.0,68.0,66.0,69.0,72.0,70.0,59.0,65.0,57.0,62.0,63.0,67.0,56.0,58.0,54.0,10.0,11.0,11.0,11.0,11.0
İrfan Can Kahveci,MF,Türkiye,30.9062,2.109239498143515,73.0,79.0,4350000.0,14000.0,74.0,61.0,64.0,70.0,60.0,71.0,60.0,57.0,60.0,68.0,46.0,69.0,73.0,73.0,70.0,69.0,68.0,66.0,69.0,72.0,70.0,59.0,65.0,57.0,62.0,63.0,67.0,56.0,58.0,54.0,10.0,11.0,11.0,11.0,11.0
Zeki Çelik,DF,Türkiye,29.3121,-0.606408907614411,73.0,79.0,4350000.0,14000.0,74.0,61.0,64.0,70.0,60.0,71.0,60.0,57.0,60.0,68.0,46.0,69.0,73.0,73.0,70.0,69.0,68.0,66.0,69.0,72.0,70.0,59.0,65.0,57.0,62.0,63.0,67.0,56.0,58.0,54.0,10.0,11.0,11.0,11.0,11.0
Merih Demiral,DF,Türkiye,28.2683,-0.6478074616542369,73.0,79.0,4350000.0,14000.0,74.0,61.0,64.0,70.0,60.0,71.0,60.0,57.0,60.0,68.0,46.0,69.0,73.0,73.0,70.0,69.0,68.0,66.0,69.0,72.0,70.0,59.0,65.0,57.0,62.0,63.0,67.0,56.0,58.0,54.0,10.0,11.0,11.0,11.0,11.0
Eren Elmalı,DF,Türkiye,25.9281,0.4751785568248886,73.0,79.0,4350000.0,14000.0,74.0,61.0,64.0,70.0,60.0,71.0,60.0,57.0,60.0,68.0,46.0,69.0,73.0,73.0,70.0,69.0,68.0,66.0,69.0,72.0,70.0,59.0,65.0,57.0,62.0,63.0,67.0,56.0,58.0,54.0,10.0,11.0,11.0,11.0,11.0
Deniz Gül,FW,Türkiye,21.9418,1.2167466244671474,73.0,79.0,4350000.0,14000.0,74.0,61.0,64.0,70.0,60.0,71.0,60.0,57.0,60.0,68.0,46.0,69.0,73.0,73.0,70.0,69.0,68.0,66.0,69.0,72.0,70.0,59.0,65.0,57.0,62.0,63.0,67.0,56.0,58.0,54.0,10.0,11.0,11.0,11.0,11.0
Arda Güler,MF,Türkiye,21.2902,0.6934325045118223,73.0,79.0,4350000.0,14000.0,74.0,61.0,64.0,70.0,60.0,71.0,60.0,57.0,60.0,68.0,46.0,69.0,73.0,73.0,70.0,69.0,68.0,66.0,69.0,72.0,70.0,59.0,65.0,57.0,62.0,63.0,67.0,56.0,58.0,54.0,10.0,11.0,11.0,11.0,11.0
Mert Günok,GK,Türkiye,37.2793,-2.92657915581144,73.0,79.0,4350000.0,14000.0,74.0,61.0,64.0,70.0,60.0,71.0,60.0,57.0,60.0,68.0,46.0,69.0,73.0,73.0,70.0,69.0,68.0,66.0,69.0,72.0,70.0,59.0,65.0,57.0,62.0,63.0,67.0,56.0,58.0,54.0,10.0,11.0,11.0,11.0,11.0
Ozan Kabak,DF,Türkiye,26.2136,0.6498743892736232,73.0,79.0,4350000.0,14000.0,74.0,61.0,64.0,70.0,60.0,71.0,60.0,57.0,60.0,68.0,46.0,69.0,73.0,73.0,70.0,69.0,68.0,66.0,69.0,72.0,70.0,59.0,65.0,57.0,62.0,63.0,67.0,56.0,58.0,54.0,10.0,11.0,11.0,11.0,11.0
Ferdi Kadioglu,DF,Türkiye,26.6762,-0.3729243884141353,73.0,79.0,4350000.0,14000.0,74.0,61.0,64.0,70.0,60.0,71.0,60.0,57.0,60.0,68.0,46.0,69.0,73.0,73.0,70.0,69.0,68.0,66.0,69.0,72.0,70.0,59.0,65.0,57.0,62.0,63.0,67.0,56.0,58.0,54.0,10.0,11.0,11.0,11.0,11.0
Orkun Kökçü,MF,Türkiye,25.449,0.4430820497621228,73.0,79.0,4350000.0,14000.0,74.0,61.0,64.0,70.0,60.0,71.0,60.0,57.0,60.0,68.0,46.0,69.0,73.0,73.0,70.0,69.0,68.0,66.0,69.0,72.0,70.0,59.0,65.0,57.0,62.0,63.0,67.0,56.0,58.0,54.0,10.0,11.0,11.0,11.0,11.0
Mert Müldür,DF,Türkiye,27.1889,-0.2224643931515229,73.0,79.0,4350000.0,14000.0,74.0,61.0,64.0,70.0,60.0,71.0,60.0,57.0,60.0,68.0,46.0,69.0,73.0,73.0,70.0,69.0,68.0,66.0,69.0,72.0,70.0,59.0,65.0,57.0,62.0,63.0,67.0,56.0,58.0,54.0,10.0,11.0,11.0,11.0,11.0
Salih Özcan,MF,Türkiye,28.4134,0.2470502341561603,73.0,79.0,4350000.0,14000.0,74.0,61.0,64.0,70.0,60.0,71.0,60.0,57.0,60.0,68.0,46.0,69.0,73.0,73.0,70.0,69.0,68.0,66.0,69.0,72.0,70.0,59.0,65.0,57.0,62.0,63.0,67.0,56.0,58.0,54.0,10.0,11.0,11.0,11.0,11.0
Çağlar Söyüncü,DF,Türkiye,30.052,-0.0698493577666375,73.0,79.0,4350000.0,14000.0,74.0,61.0,64.0,70.0,60.0,71.0,60.0,57.0,60.0,68.0,46.0,69.0,73.0,73.0,70.0,69.0,68.0,66.0,69.0,72.0,70.0,59.0,65.0,57.0,62.0,63.0,67.0,56.0,58.0,54.0,10.0,11.0,11.0,11.0,11.0
Can Uzun,MF,Türkiye,20.5804,3.8313437550122136,73.0,79.0,4350000.0,14000.0,74.0,61.0,64.0,70.0,60.0,71.0,60.0,57.0,60.0,68.0,46.0,69.0,73.0,73.0,70.0,69.0,68.0,66.0,69.0,72.0,70.0,59.0,65.0,57.0,62.0,63.0,67.0,56.0,58.0,54.0,10.0,11.0,11.0,11.0,11.0
Kenan Yıldız,"FW,MF",Türkiye,21.104,-0.2294597924119136,73.0,79.0,4350000.0,14000.0,74.0,61.0,64.0,70.0,60.0,71.0,60.0,57.0,60.0,68.0,46.0,69.0,73.0,73.0,70.0,69.0,68.0,66.0,69.0,72.0,70.0,59.0,65.0,57.0,62.0,63.0,67.0,56.0,58.0,54.0,10.0,11.0,11.0,11.0,11.0
İsmail Yüksek,MF,Türkiye,27.3723,-1.128215381125144,73.0,79.0,4350000.0,14000.0,74.0,61.0,64.0,70.0,60.0,71.0,60.0,57.0,60.0,68.0,46.0,69.0,73.0,73.0,70.0,69.0,68.0,66.0,69.0,72.0,70.0,59.0,65.0,57.0,62.0,63.0,67.0,56.0,58.0,54.0,10.0,11.0,11.0,11.0,11.0
Brenden Aaronson,"FW,MF",United States,25.6352,-2.3831994665117016,70.0,81.0,3500000.0,11000.0,80.0,62.0,63.0,73.0,50.0,56.0,55.0,64.0,37.0,72.0,35.0,72.0,81.0,80.0,85.0,63.0,81.0,61.0,51.0,71.0,50.0,63.0,53.0,51.0,68.0,69.0,67.0,57.0,51.0,41.0,12.0,13.0,7.0,7.0,13.0
Tyler Adams,MF,United States,27.3203,0.8025951268206102,77.0,83.0,15500000.0,49000.0,81.0,48.0,70.0,73.0,74.0,75.0,55.0,48.0,65.0,70.0,42.0,73.0,78.0,83.0,79.0,77.0,85.0,51.0,84.0,86.0,68.0,46.0,78.0,74.0,65.0,74.0,76.0,74.0,77.0,69.0,6.0,13.0,12.0,8.0,7.0
Max Arfsten,MF,United States,25.1451,-2.017922760824124,73.0,79.0,4350000.0,14000.0,74.0,61.0,64.0,70.0,60.0,71.0,60.0,57.0,60.0,68.0,46.0,69.0,73.0,73.0,70.0,69.0,68.0,66.0,69.0,72.0,70.0,59.0,65.0,57.0,62.0,63.0,67.0,56.0,58.0,54.0,10.0,11.0,11.0,11.0,11.0
Folarin Balogun,FW,United States,24.9391,1.8638915643000584,73.0,79.0,4350000.0,14000.0,74.0,61.0,64.0,70.0,60.0,71.0,60.0,57.0,60.0,68.0,46.0,69.0,73.0,73.0,70.0,69.0,68.0,66.0,69.0,72.0,70.0,59.0,65.0,57.0,62.0,63.0,67.0,56.0,58.0,54.0,10.0,11.0,11.0,11.0,11.0
Sebastian Berhalter,MF,United States,25.0876,-1.6070902213893798,59.0,71.0,525000.0,900.0,68.0,43.0,57.0,62.0,51.0,60.0,39.0,35.0,47.0,60.0,52.0,62.0,68.0,68.0,73.0,55.0,65.0,56.0,69.0,62.0,57.0,44.0,65.0,50.0,53.0,57.0,63.0,53.0,51.0,50.0,10.0,8.0,12.0,9.0,8.0
Chris Brady,GK,United States,22.2738,1.433874768238939,51.0,77.0,220000.0,500.0,74.0,61.0,64.0,70.0,60.0,71.0,10.0,7.0,14.0,9.0,12.0,10.0,31.0,26.0,39.0,39.0,27.0,39.0,38.0,21.0,64.0,6.0,26.0,10.0,5.0,21.0,28.0,8.0,11.0,11.0,58.0,50.0,52.0,49.0,49.0
Sergiño Dest,MF,United States,25.6023,1.720036948292788,76.0,85.0,15500000.0,67000.0,87.0,59.0,72.0,81.0,67.0,66.0,73.0,58.0,58.0,83.0,38.0,77.0,89.0,86.0,88.0,76.0,76.0,65.0,56.0,80.0,60.0,62.0,68.0,68.0,75.0,72.0,73.0,67.0,70.0,69.0,11.0,10.0,10.0,15.0,15.0
Alex Freeman,DF,United States,21.8378,0.192074452091914,51.0,71.0,160000.0,550.0,70.0,50.0,38.0,53.0,20.0,38.0,31.0,53.0,50.0,53.0,32.0,49.0,71.0,70.0,69.0,40.0,71.0,52.0,57.0,30.0,42.0,43.0,32.0,18.0,51.0,46.0,41.0,19.0,14.0,15.0,5.0,12.0,14.0,14.0,6.0
Matt Freese,GK,United States,27.7721,-1.141521574146721,64.0,74.0,1100000.0,1000.0,74.0,61.0,64.0,70.0,60.0,71.0,11.0,6.0,10.0,7.0,10.0,16.0,27.0,31.0,32.0,42.0,50.0,44.0,50.0,18.0,55.0,9.0,22.0,11.0,4.0,41.0,26.0,7.0,11.0,14.0,67.0,64.0,59.0,64.0,67.0
Weston McKennie,MF,United States,27.7858,-0.9460208207544232,77.0,82.0,16000000.0,57000.0,81.0,71.0,74.0,76.0,76.0,83.0,65.0,69.0,80.0,77.0,63.0,76.0,80.0,81.0,73.0,76.0,69.0,74.0,92.0,85.0,81.0,71.0,81.0,76.0,78.0,77.0,76.0,74.0,77.0,77.0,7.0,9.0,12.0,9.0,11.0
Mark McKenzie,DF,United States,27.2902,-1.8632380317533943,70.0,82.0,3700000.0,7000.0,77.0,36.0,48.0,59.0,72.0,70.0,25.0,37.0,64.0,54.0,24.0,62.0,78.0,76.0,61.0,68.0,61.0,34.0,70.0,75.0,71.0,40.0,63.0,72.0,40.0,26.0,69.0,73.0,74.0,68.0,9.0,11.0,10.0,11.0,10.0
Ricardo Pepi,FW,United States,23.4189,1.7826666788329764,65.0,80.0,1700000.0,1000.0,62.0,65.0,49.0,61.0,34.0,58.0,25.0,70.0,60.0,59.0,54.0,63.0,64.0,61.0,62.0,68.0,56.0,68.0,62.0,70.0,63.0,50.0,27.0,30.0,68.0,52.0,61.0,34.0,30.0,24.0,11.0,14.0,9.0,10.0,10.0
Christian Pulisic,MF,United States,27.7283,2.107530813582493,82.0,88.0,49000000.0,120000.0,89.0,70.0,73.0,86.0,37.0,59.0,74.0,73.0,50.0,88.0,58.0,85.0,91.0,87.0,87.0,78.0,88.0,77.0,79.0,76.0,54.0,57.0,45.0,33.0,79.0,80.0,80.0,38.0,32.0,47.0,8.0,12.0,13.0,16.0,14.0
Tim Ream,DF,United States,38.6817,-0.4042025198599842,73.0,73.0,350000.0,4000.0,74.0,61.0,64.0,70.0,60.0,71.0,20.0,20.0,13.0,17.0,19.0,29.0,39.0,36.0,42.0,67.0,34.0,55.0,55.0,42.0,68.0,18.0,35.0,21.0,18.0,48.0,53.0,15.0,15.0,14.0,73.0,68.0,73.0,74.0,73.0
Gio Reyna,MF,United States,23.5749,7.303112841626939,77.0,87.0,22000000.0,18000.0,77.0,71.0,74.0,82.0,36.0,71.0,69.0,68.0,45.0,85.0,64.0,79.0,78.0,76.0,84.0,77.0,76.0,78.0,66.0,74.0,75.0,76.0,57.0,33.0,72.0,78.0,76.0,35.0,35.0,37.0,10.0,13.0,14.0,12.0,7.0
Chris Richards,DF,United States,26.2053,-0.9307839861398112,71.0,84.0,4300000.0,24000.0,72.0,27.0,57.0,55.0,71.0,73.0,49.0,23.0,76.0,47.0,24.0,60.0,73.0,72.0,67.0,62.0,60.0,36.0,90.0,71.0,75.0,22.0,65.0,69.0,38.0,51.0,61.0,65.0,75.0,71.0,13.0,5.0,13.0,7.0,6.0
Antonee Robinson,DF,United States,28.8405,0.2431119017493093,73.0,80.0,6000000.0,33000.0,87.0,42.0,57.0,72.0,68.0,70.0,66.0,40.0,55.0,74.0,39.0,70.0,86.0,88.0,77.0,69.0,69.0,43.0,70.0,76.0,67.0,41.0,72.0,72.0,61.0,53.0,58.0,65.0,72.0,69.0,12.0,9.0,15.0,14.0,9.0
Miles Robinson,DF,United States,29.2437,-0.8038631827997265,70.0,77.0,3000000.0,4000.0,81.0,33.0,47.0,53.0,69.0,76.0,26.0,29.0,64.0,49.0,22.0,52.0,80.0,81.0,67.0,70.0,39.0,49.0,84.0,76.0,77.0,27.0,72.0,67.0,26.0,37.0,59.0,72.0,70.0,67.0,13.0,7.0,9.0,5.0,5.0
Cristian Roldan,MF,United States,31.0219,-2.565268725228239,75.0,78.0,6500000.0,8000.0,71.0,67.0,70.0,75.0,70.0,79.0,64.0,65.0,64.0,74.0,45.0,74.0,71.0,71.0,77.0,73.0,85.0,76.0,89.0,92.0,72.0,69.0,78.0,69.0,69.0,71.0,74.0,71.0,71.0,71.0,13.0,7.0,12.0,16.0,11.0
Joe Scally,"DF,MF",United States,23.4435,-1.2682967660967468,62.0,81.0,975000.0,1000.0,79.0,31.0,56.0,63.0,54.0,68.0,60.0,26.0,48.0,65.0,28.0,57.0,79.0,79.0,77.0,64.0,75.0,23.0,60.0,73.0,66.0,45.0,68.0,53.0,54.0,54.0,49.0,55.0,57.0,54.0,12.0,7.0,10.0,10.0,10.0
Malik Tillman,MF,United States,24.0383,-1.7920610845401868,73.0,79.0,4350000.0,14000.0,74.0,61.0,64.0,70.0,60.0,71.0,60.0,57.0,60.0,68.0,46.0,69.0,73.0,73.0,70.0,69.0,68.0,66.0,69.0,72.0,70.0,59.0,65.0,57.0,62.0,63.0,67.0,56.0,58.0,54.0,10.0,11.0,11.0,11.0,11.0
Auston Trusty,DF,United States,27.8296,-1.5629967501605404,68.0,78.0,2500000.0,3000.0,77.0,40.0,47.0,47.0,68.0,78.0,36.0,29.0,65.0,41.0,29.0,49.0,76.0,77.0,57.0,66.0,50.0,54.0,79.0,75.0,84.0,49.0,68.0,63.0,34.0,29.0,56.0,69.0,70.0,67.0,13.0,14.0,11.0,10.0,12.0
Matt Turner,GK,United States,31.9637,-1.081502440106162,75.0,77.0,5000000.0,7000.0,74.0,61.0,64.0,70.0,60.0,71.0,13.0,15.0,14.0,16.0,14.0,24.0,38.0,39.0,48.0,69.0,42.0,50.0,55.0,35.0,64.0,18.0,25.0,27.0,15.0,55.0,49.0,11.0,11.0,11.0,76.0,71.0,66.0,79.0,76.0
Timothy Weah,"DF,FW",United States,26.2984,-1.8424225442491209,74.0,81.0,8500000.0,24000.0,87.0,71.0,67.0,76.0,45.0,61.0,62.0,73.0,67.0,75.0,45.0,75.0,86.0,88.0,87.0,74.0,71.0,70.0,69.0,60.0,65.0,69.0,52.0,44.0,76.0,72.0,70.0,41.0,44.0,38.0,7.0,9.0,12.0,15.0,14.0
Haji Wright,"FW,MF",United States,28.2081,-2.92657915581144,66.0,74.0,1900000.0,4000.0,77.0,66.0,48.0,64.0,22.0,72.0,44.0,68.0,61.0,66.0,34.0,65.0,71.0,81.0,63.0,58.0,45.0,72.0,70.0,65.0,90.0,60.0,38.0,12.0,62.0,53.0,69.0,20.0,20.0,18.0,5.0,15.0,12.0,8.0,9.0
Alejandro Zendejas,"FW,MF",United States,28.3395,1.3823131918820295,73.0,73.0,1400000.0,8000.0,63.0,65.0,71.0,72.0,67.0,74.0,67.0,60.0,71.0,70.0,54.0,73.0,61.0,64.0,72.0,78.0,70.0,74.0,85.0,85.0,66.0,65.0,76.0,76.0,71.0,69.0,76.0,69.0,61.0,54.0,9.0,14.0,6.0,12.0,6.0
Rodrigo Aguirre,FW,Uruguay,31.6927,-0.2605195499882871,69.0,72.0,1800000.0,8000.0,76.0,72.0,54.0,65.0,23.0,65.0,52.0,74.0,71.0,67.0,69.0,66.0,77.0,76.0,67.0,57.0,55.0,72.0,74.0,51.0,74.0,69.0,57.0,16.0,70.0,50.0,51.0,18.0,15.0,23.0,12.0,6.0,8.0,7.0,6.0
Maxi Araújo,"DF,FW",Uruguay,26.3176,-1.2331966497735092,60.0,72.0,600000.0,1000.0,80.0,42.0,55.0,62.0,57.0,53.0,61.0,45.0,53.0,63.0,40.0,60.0,82.0,79.0,78.0,52.0,60.0,45.0,62.0,34.0,57.0,35.0,64.0,66.0,52.0,52.0,48.0,56.0,55.0,55.0,12.0,13.0,9.0,8.0,9.0
Ronald Araújo,DF,Uruguay,27.2628,-0.8778612122548025,73.0,79.0,4350000.0,14000.0,74.0,61.0,64.0,70.0,60.0,71.0,60.0,57.0,60.0,68.0,46.0,69.0,73.0,73.0,70.0,69.0,68.0,66.0,69.0,72.0,70.0,59.0,65.0,57.0,62.0,63.0,67.0,56.0,58.0,54.0,10.0,11.0,11.0,11.0,11.0
Giorgian de Arrascaeta,"FW,MF",Uruguay,32.0274,-3.531085164540309,73.0,79.0,4350000.0,14000.0,74.0,61.0,64.0,70.0,60.0,71.0,60.0,57.0,60.0,68.0,46.0,69.0,73.0,73.0,70.0,69.0,68.0,66.0,69.0,72.0,70.0,59.0,65.0,57.0,62.0,63.0,67.0,56.0,58.0,54.0,10.0,11.0,11.0,11.0,11.0
Rodrigo Bentancur,MF,Uruguay,28.961,0.2156967870798335,78.0,83.0,21000000.0,61000.0,73.0,62.0,79.0,80.0,75.0,76.0,77.0,55.0,62.0,83.0,68.0,82.0,69.0,77.0,70.0,78.0,68.0,69.0,73.0,86.0,70.0,65.0,78.0,78.0,64.0,76.0,80.0,78.0,77.0,71.0,8.0,7.0,14.0,14.0,12.0
Santiago Bueno,DF,Uruguay,27.5859,-2.390752620635622,73.0,79.0,4350000.0,14000.0,74.0,61.0,64.0,70.0,60.0,71.0,60.0,57.0,60.0,68.0,46.0,69.0,73.0,73.0,70.0,69.0,68.0,66.0,69.0,72.0,70.0,59.0,65.0,57.0,62.0,63.0,67.0,56.0,58.0,54.0,10.0,11.0,11.0,11.0,11.0
Sebastián Cáceres,DF,Uruguay,26.8131,-0.6054510163826052,74.0,83.0,9000000.0,25000.0,76.0,37.0,53.0,59.0,74.0,78.0,52.0,30.0,65.0,52.0,41.0,65.0,78.0,74.0,61.0,74.0,60.0,60.0,84.0,75.0,80.0,32.0,75.0,75.0,22.0,36.0,62.0,75.0,76.0,72.0,13.0,15.0,9.0,16.0,8.0
Agustín Canobbio,"FW,MF",Uruguay,27.6927,-2.0631309263230326,69.0,77.0,3100000.0,550.0,80.0,60.0,64.0,70.0,41.0,56.0,59.0,65.0,47.0,72.0,62.0,69.0,82.0,79.0,75.0,56.0,80.0,56.0,59.0,75.0,50.0,55.0,44.0,39.0,63.0,63.0,57.0,33.0,47.0,43.0,11.0,10.0,12.0,10.0,8.0
Nicolás De La Cruz,MF,Uruguay,29.0274,0.3531207365763853,78.0,84.0,22000000.0,17000.0,84.0,75.0,77.0,81.0,69.0,67.0,72.0,73.0,69.0,81.0,76.0,78.0,86.0,83.0,92.0,77.0,86.0,80.0,83.0,93.0,44.0,75.0,87.0,71.0,79.0,80.0,82.0,64.0,74.0,64.0,9.0,6.0,9.0,7.0,9.0
Juan Manuel Sanabria,"DF,MF",Uruguay,26.2026,3.0061521700825145,65.0,79.0,1800000.0,3000.0,71.0,60.0,62.0,66.0,55.0,66.0,60.0,59.0,43.0,64.0,65.0,65.0,73.0,70.0,75.0,60.0,78.0,63.0,50.0,75.0,62.0,64.0,70.0,58.0,60.0,62.0,59.0,53.0,60.0,48.0,9.0,6.0,6.0,9.0,10.0
José María Giménez,DF,Uruguay,31.3888,-1.1995154893900315,84.0,88.0,52000000.0,74000.0,69.0,45.0,57.0,59.0,86.0,80.0,47.0,37.0,83.0,54.0,44.0,66.0,70.0,69.0,52.0,78.0,40.0,72.0,90.0,60.0,86.0,48.0,88.0,84.0,24.0,46.0,76.0,87.0,87.0,86.0,9.0,11.0,7.0,10.0,15.0
Emiliano Martínez,MF,Uruguay,26.8159,0.7546300024974677,70.0,79.0,3300000.0,7000.0,69.0,40.0,50.0,55.0,71.0,71.0,39.0,38.0,65.0,45.0,35.0,59.0,70.0,69.0,71.0,66.0,72.0,48.0,65.0,68.0,75.0,39.0,64.0,76.0,39.0,41.0,51.0,70.0,72.0,71.0,5.0,10.0,7.0,6.0,6.0
Santiago Mele,GK,Uruguay,28.7611,-1.6276527781704304,73.0,79.0,4350000.0,14000.0,74.0,61.0,64.0,70.0,60.0,71.0,60.0,57.0,60.0,68.0,46.0,69.0,73.0,73.0,70.0,69.0,68.0,66.0,69.0,72.0,70.0,59.0,65.0,57.0,62.0,63.0,67.0,56.0,58.0,54.0,10.0,11.0,11.0,11.0,11.0
Fernando Muslera,GK,Uruguay,39.9856,-1.6621536277699818,80.0,80.0,2300000.0,32000.0,74.0,61.0,64.0,70.0,60.0,71.0,15.0,10.0,12.0,25.0,10.0,27.0,60.0,62.0,68.0,78.0,62.0,54.0,84.0,40.0,68.0,10.0,32.0,23.0,13.0,62.0,60.0,12.0,16.0,16.0,78.0,80.0,72.0,82.0,79.0
Darwin Núñez,FW,Uruguay,26.9637,0.2672509158305288,76.0,85.0,17000000.0,13000.0,84.0,75.0,69.0,73.0,40.0,84.0,67.0,75.0,73.0,72.0,61.0,75.0,85.0,83.0,77.0,78.0,54.0,83.0,73.0,86.0,86.0,70.0,81.0,41.0,74.0,76.0,77.0,34.0,37.0,30.0,14.0,10.0,12.0,10.0,13.0
Mathías Olivera,"DF,MF",Uruguay,28.6105,-3.924583030314592,76.0,84.0,16000000.0,21000.0,76.0,50.0,65.0,70.0,74.0,77.0,72.0,49.0,71.0,70.0,41.0,73.0,74.0,77.0,67.0,78.0,48.0,56.0,75.0,78.0,75.0,48.0,79.0,75.0,63.0,60.0,70.0,72.0,76.0,75.0,14.0,14.0,12.0,13.0,15.0
Facundo Pellistri,"FW,MF",Uruguay,24.4736,-0.679575070811603,70.0,86.0,4100000.0,27000.0,79.0,63.0,65.0,74.0,27.0,61.0,67.0,62.0,50.0,74.0,62.0,71.0,78.0,79.0,84.0,65.0,84.0,68.0,73.0,74.0,61.0,61.0,42.0,31.0,66.0,64.0,65.0,35.0,11.0,18.0,9.0,12.0,7.0,8.0,7.0
Joaquín Piquerez,"DF,MF",Uruguay,27.7967,-1.146392696063693,73.0,79.0,4350000.0,14000.0,74.0,61.0,64.0,70.0,60.0,71.0,60.0,57.0,60.0,68.0,46.0,69.0,73.0,73.0,70.0,69.0,68.0,66.0,69.0,72.0,70.0,59.0,65.0,57.0,62.0,63.0,67.0,56.0,58.0,54.0,10.0,11.0,11.0,11.0,11.0
Sergio Rochet,GK,Uruguay,33.219,-0.957075754711474,76.0,78.0,6500000.0,1000.0,74.0,61.0,64.0,70.0,60.0,71.0,14.0,13.0,17.0,19.0,15.0,24.0,49.0,48.0,30.0,66.0,48.0,50.0,60.0,39.0,67.0,17.0,18.0,24.0,20.0,32.0,37.0,14.0,12.0,17.0,76.0,78.0,67.0,76.0,77.0
Brian Rodríguez,"FW,MF",Uruguay,26.0602,1.6016200722433551,69.0,82.0,3400000.0,3000.0,78.0,63.0,63.0,72.0,31.0,52.0,67.0,62.0,43.0,73.0,40.0,69.0,80.0,77.0,82.0,67.0,79.0,67.0,61.0,61.0,50.0,63.0,44.0,35.0,65.0,63.0,61.0,30.0,26.0,30.0,7.0,6.0,15.0,9.0,13.0
Manuel Ugarte,MF,Uruguay,25.167,-4.552175038905789,72.0,84.0,5500000.0,7000.0,68.0,59.0,63.0,71.0,69.0,70.0,46.0,61.0,39.0,73.0,38.0,74.0,67.0,68.0,66.0,73.0,59.0,54.0,49.0,75.0,72.0,64.0,65.0,73.0,69.0,67.0,54.0,69.0,75.0,73.0,6.0,10.0,16.0,8.0,13.0
Federico Valverde,"DF,FW",Uruguay,27.8871,-0.5279107130990535,83.0,89.0,58000000.0,160000.0,86.0,74.0,78.0,79.0,77.0,80.0,66.0,69.0,59.0,79.0,66.0,82.0,82.0,90.0,76.0,84.0,68.0,80.0,62.0,86.0,79.0,81.0,81.0,81.0,76.0,80.0,82.0,79.0,80.0,76.0,6.0,10.0,6.0,15.0,8.0
Guillermo Varela,DF,Uruguay,33.2163,-1.3236492866645304,51.0,63.0,130000.0,500.0,60.0,25.0,28.0,31.0,54.0,54.0,27.0,24.0,53.0,26.0,29.0,28.0,56.0,64.0,41.0,40.0,68.0,30.0,66.0,60.0,54.0,20.0,43.0,55.0,28.0,34.0,36.0,54.0,51.0,58.0,13.0,10.0,10.0,12.0,7.0
Matías Viña,"DF,MF",Uruguay,28.5859,0.492986399875108,76.0,82.0,11000000.0,35000.0,82.0,62.0,71.0,75.0,69.0,69.0,78.0,65.0,56.0,74.0,63.0,75.0,83.0,82.0,79.0,71.0,77.0,64.0,77.0,84.0,66.0,60.0,55.0,69.0,66.0,64.0,68.0,70.0,71.0,71.0,6.0,10.0,15.0,9.0,11.0
Federico Viñas,FW,Uruguay,27.9473,-0.3008018314411673,73.0,79.0,4350000.0,14000.0,74.0,61.0,64.0,70.0,60.0,71.0,60.0,57.0,60.0,68.0,46.0,69.0,73.0,73.0,70.0,69.0,68.0,66.0,69.0,72.0,70.0,59.0,65.0,57.0,62.0,63.0,67.0,56.0,58.0,54.0,10.0,11.0,11.0,11.0,11.0
Rodrigo Zalazar,"FW,MF",Uruguay,26.8296,-1.2560185446987788,70.0,78.0,3600000.0,11000.0,75.0,65.0,66.0,75.0,60.0,69.0,60.0,64.0,56.0,77.0,63.0,71.0,76.0,75.0,80.0,72.0,76.0,70.0,64.0,89.0,58.0,65.0,71.0,54.0,67.0,65.0,63.0,58.0,65.0,62.0,7.0,7.0,9.0,5.0,12.0
Abdulla Abdullaev,DF,Uzbekistan,28.7748,-1.3155126712644436,73.0,79.0,4350000.0,14000.0,74.0,61.0,64.0,70.0,60.0,71.0,60.0,57.0,60.0,68.0,46.0,69.0,73.0,73.0,70.0,69.0,68.0,66.0,69.0,72.0,70.0,59.0,65.0,57.0,62.0,63.0,67.0,56.0,58.0,54.0,10.0,11.0,11.0,11.0,11.0
Khojiakbar Alijonov,DF,Uzbekistan,29.1451,-0.4812689695702104,73.0,79.0,4350000.0,14000.0,74.0,61.0,64.0,70.0,60.0,71.0,60.0,57.0,60.0,68.0,46.0,69.0,73.0,73.0,70.0,69.0,68.0,66.0,69.0,72.0,70.0,59.0,65.0,57.0,62.0,63.0,67.0,56.0,58.0,54.0,10.0,11.0,11.0,11.0,11.0
Azizbek Amonov,FW,Uzbekistan,28.6133,-2.0755746855337627,73.0,79.0,4350000.0,14000.0,74.0,61.0,64.0,70.0,60.0,71.0,60.0,57.0,60.0,68.0,46.0,69.0,73.0,73.0,70.0,69.0,68.0,66.0,69.0,72.0,70.0,59.0,65.0,57.0,62.0,63.0,67.0,56.0,58.0,54.0,10.0,11.0,11.0,11.0,11.0
Rustam Ashurmatov,DF,Uzbekistan,29.9281,-1.8549106410043583,66.0,73.0,1600000.0,2000.0,71.0,43.0,54.0,60.0,65.0,75.0,44.0,28.0,66.0,57.0,48.0,62.0,69.0,72.0,73.0,55.0,57.0,64.0,83.0,71.0,82.0,60.0,58.0,64.0,48.0,45.0,58.0,62.0,67.0,64.0,8.0,6.0,14.0,13.0,5.0
Botirali Ergashev,GK,Uzbekistan,30.9665,-2.92657915581144,73.0,79.0,4350000.0,14000.0,74.0,61.0,64.0,70.0,60.0,71.0,60.0,57.0,60.0,68.0,46.0,69.0,73.0,73.0,70.0,69.0,68.0,66.0,69.0,72.0,70.0,59.0,65.0,57.0,62.0,63.0,67.0,56.0,58.0,54.0,10.0,11.0,11.0,11.0,11.0
Sherzod Esanov,MF,Uzbekistan,23.3559,-8.46746547662702,73.0,79.0,4350000.0,14000.0,74.0,61.0,64.0,70.0,60.0,71.0,60.0,57.0,60.0,68.0,46.0,69.0,73.0,73.0,70.0,69.0,68.0,66.0,69.0,72.0,70.0,59.0,65.0,57.0,62.0,63.0,67.0,56.0,58.0,54.0,10.0,11.0,11.0,11.0,11.0
Umar Eshmurodov,DF,Uzbekistan,33.5284,0.1662845033871309,73.0,79.0,4350000.0,14000.0,74.0,61.0,64.0,70.0,60.0,71.0,60.0,57.0,60.0,68.0,46.0,69.0,73.0,73.0,70.0,69.0,68.0,66.0,69.0,72.0,70.0,59.0,65.0,57.0,62.0,63.0,67.0,56.0,58.0,54.0,10.0,11.0,11.0,11.0,11.0
Abbosbek Fayzullayev,"FW,MF",Uzbekistan,22.6872,-0.672593859573013,73.0,79.0,4350000.0,14000.0,74.0,61.0,64.0,70.0,60.0,71.0,60.0,57.0,60.0,68.0,46.0,69.0,73.0,73.0,70.0,69.0,68.0,66.0,69.0,72.0,70.0,59.0,65.0,57.0,62.0,63.0,67.0,56.0,58.0,54.0,10.0,11.0,11.0,11.0,11.0
Aziz Ganiev,MF,Uzbekistan,28.2984,-2.92657915581144,73.0,79.0,4350000.0,14000.0,74.0,61.0,64.0,70.0,60.0,71.0,60.0,57.0,60.0,68.0,46.0,69.0,73.0,73.0,70.0,69.0,68.0,66.0,69.0,72.0,70.0,59.0,65.0,57.0,62.0,63.0,67.0,56.0,58.0,54.0,10.0,11.0,11.0,11.0,11.0
Odiljon Hamrobekov,MF,Uzbekistan,30.3231,-1.9911522400535475,73.0,79.0,4350000.0,14000.0,74.0,61.0,64.0,70.0,60.0,71.0,60.0,57.0,60.0,68.0,46.0,69.0,73.0,73.0,70.0,69.0,68.0,66.0,69.0,72.0,70.0,59.0,65.0,57.0,62.0,63.0,67.0,56.0,58.0,54.0,10.0,11.0,11.0,11.0,11.0
Jamshid Iskanderov,"FW,MF",Uzbekistan,32.6516,2.088559794013156,62.0,63.0,450000.0,1000.0,66.0,59.0,62.0,61.0,51.0,62.0,51.0,60.0,46.0,58.0,51.0,61.0,62.0,69.0,63.0,56.0,80.0,58.0,54.0,72.0,60.0,64.0,57.0,50.0,64.0,67.0,65.0,53.0,49.0,53.0,11.0,13.0,8.0,12.0,15.0
Bekhruz Karimov,DF,Uzbekistan,18.8433,-2.92657915581144,73.0,79.0,4350000.0,14000.0,74.0,61.0,64.0,70.0,60.0,71.0,60.0,57.0,60.0,68.0,46.0,69.0,73.0,73.0,70.0,69.0,68.0,66.0,69.0,72.0,70.0,59.0,65.0,57.0,62.0,63.0,67.0,56.0,58.0,54.0,10.0,11.0,11.0,11.0,11.0
Dostonbek Khamdamov,MF,Uzbekistan,29.8816,-2.176953161084064,73.0,79.0,4350000.0,14000.0,74.0,61.0,64.0,70.0,60.0,71.0,60.0,57.0,60.0,68.0,46.0,69.0,73.0,73.0,70.0,69.0,68.0,66.0,69.0,72.0,70.0,59.0,65.0,57.0,62.0,63.0,67.0,56.0,58.0,54.0,10.0,11.0,11.0,11.0,11.0
Abdukodir Khusanov,DF,Uzbekistan,22.2793,-1.2853060602212545,73.0,79.0,4350000.0,14000.0,74.0,61.0,64.0,70.0,60.0,71.0,60.0,57.0,60.0,68.0,46.0,69.0,73.0,73.0,70.0,69.0,68.0,66.0,69.0,72.0,70.0,59.0,65.0,57.0,62.0,63.0,67.0,56.0,58.0,54.0,10.0,11.0,11.0,11.0,11.0
Jaloliddin Masharipov,"FW,MF",Uzbekistan,32.7748,0.3709919599532588,73.0,73.0,3200000.0,30000.0,80.0,64.0,70.0,78.0,40.0,56.0,71.0,62.0,48.0,80.0,60.0,76.0,82.0,78.0,82.0,57.0,84.0,64.0,62.0,77.0,48.0,67.0,50.0,30.0,67.0,72.0,72.0,49.0,38.0,34.0,15.0,5.0,5.0,7.0,5.0
Akmal Mozgovoy,MF,Uzbekistan,27.1916,-0.970118552105171,73.0,79.0,4350000.0,14000.0,74.0,61.0,64.0,70.0,60.0,71.0,60.0,57.0,60.0,68.0,46.0,69.0,73.0,73.0,70.0,69.0,68.0,66.0,69.0,72.0,70.0,59.0,65.0,57.0,62.0,63.0,67.0,56.0,58.0,54.0,10.0,11.0,11.0,11.0,11.0
Sherzod Nasrullaev,DF,Uzbekistan,27.8843,-0.9846198739437254,73.0,79.0,4350000.0,14000.0,74.0,61.0,64.0,70.0,60.0,71.0,60.0,57.0,60.0,68.0,46.0,69.0,73.0,73.0,70.0,69.0,68.0,66.0,69.0,72.0,70.0,59.0,65.0,57.0,62.0,63.0,67.0,56.0,58.0,54.0,10.0,11.0,11.0,11.0,11.0
Abduvohid Nematov,GK,Uzbekistan,25.2272,-3.323206666249205,73.0,79.0,4350000.0,14000.0,74.0,61.0,64.0,70.0,60.0,71.0,60.0,57.0,60.0,68.0,46.0,69.0,73.0,73.0,70.0,69.0,68.0,66.0,69.0,72.0,70.0,59.0,65.0,57.0,62.0,63.0,67.0,56.0,58.0,54.0,10.0,11.0,11.0,11.0,11.0
Farrukh Sayfiev,"DF,MF",Uzbekistan,35.397,0.3471162761451938,73.0,79.0,4350000.0,14000.0,74.0,61.0,64.0,70.0,60.0,71.0,60.0,57.0,60.0,68.0,46.0,69.0,73.0,73.0,70.0,69.0,68.0,66.0,69.0,72.0,70.0,59.0,65.0,57.0,62.0,63.0,67.0,56.0,58.0,54.0,10.0,11.0,11.0,11.0,11.0
Igor Sergeev,FW,Uzbekistan,33.115,13.251619667625803,73.0,79.0,4350000.0,14000.0,74.0,61.0,64.0,70.0,60.0,71.0,60.0,57.0,60.0,68.0,46.0,69.0,73.0,73.0,70.0,69.0,68.0,66.0,69.0,72.0,70.0,59.0,65.0,57.0,62.0,63.0,67.0,56.0,58.0,54.0,10.0,11.0,11.0,11.0,11.0
Eldor Shomurodov,"FW,MF",Uzbekistan,30.95,-0.7968585470715317,71.0,74.0,2500000.0,31000.0,81.0,70.0,62.0,70.0,37.0,69.0,55.0,70.0,74.0,69.0,52.0,75.0,83.0,80.0,71.0,57.0,70.0,72.0,61.0,67.0,76.0,66.0,55.0,34.0,70.0,65.0,60.0,32.0,33.0,30.0,8.0,11.0,5.0,7.0,5.0
Otabek Shukurov,MF,Uzbekistan,29.9692,-0.6124501471373462,73.0,79.0,4350000.0,14000.0,74.0,61.0,64.0,70.0,60.0,71.0,60.0,57.0,60.0,68.0,46.0,69.0,73.0,73.0,70.0,69.0,68.0,66.0,69.0,72.0,70.0,59.0,65.0,57.0,62.0,63.0,67.0,56.0,58.0,54.0,10.0,11.0,11.0,11.0,11.0
Avazbek Ulmasaliev,DF,Uzbekistan,26.2081,-2.92657915581144,73.0,79.0,4350000.0,14000.0,74.0,61.0,64.0,70.0,60.0,71.0,60.0,57.0,60.0,68.0,46.0,69.0,73.0,73.0,70.0,69.0,68.0,66.0,69.0,72.0,70.0,59.0,65.0,57.0,62.0,63.0,67.0,56.0,58.0,54.0,10.0,11.0,11.0,11.0,11.0
Jakhongir Urozov,DF,Uzbekistan,22.3943,-3.053499959151525,73.0,79.0,4350000.0,14000.0,74.0,61.0,64.0,70.0,60.0,71.0,60.0,57.0,60.0,68.0,46.0,69.0,73.0,73.0,70.0,69.0,68.0,66.0,69.0,72.0,70.0,59.0,65.0,57.0,62.0,63.0,67.0,56.0,58.0,54.0,10.0,11.0,11.0,11.0,11.0
Oston Urunov,MF,Uzbekistan,25.4764,-0.5092747604109127,73.0,79.0,4350000.0,14000.0,74.0,61.0,64.0,70.0,60.0,71.0,60.0,57.0,60.0,68.0,46.0,69.0,73.0,73.0,70.0,69.0,68.0,66.0,69.0,72.0,70.0,59.0,65.0,57.0,62.0,63.0,67.0,56.0,58.0,54.0,10.0,11.0,11.0,11.0,11.0
Utkir Yusupov,GK,Uzbekistan,35.4326,-0.3658522875034429,73.0,79.0,4350000.0,14000.0,74.0,61.0,64.0,70.0,60.0,71.0,60.0,57.0,60.0,68.0,46.0,69.0,73.0,73.0,70.0,69.0,68.0,66.0,69.0,72.0,70.0,59.0,65.0,57.0,62.0,63.0,67.0,56.0,58.0,54.0,10.0,11.0,11.0,11.0,11.0
