Country,Category,Player,Pos,Age,MP,Playing Time_Min,Playing Time_Mn/MP,Playing Time_Min%,Playing Time_90s,Starts,Starts_Mn/Start,Starts_Compl,Subs,Subs_Mn/Sub,Subs_unSub,Team Success_PPM,Team Success_onG,Team Success_onGA,Team Success_+/-,Team Success_+/-90,Team Success_On-Off,Matches,Playing Time_MP
Algeria,all_competitions,Aïssa Mandi,DF,34.0,10.0,823.0,82.0,91.4,9.1,10,82.0,9,0,,0,2.5,22.0,8.0,14.0,1.53,-0.81,Matches,
Algeria,all_competitions,Riyad Mahrez,"FW,MF",34.0,8.0,520.0,65.0,57.8,5.8,8,65.0,0,0,,0,2.75,13.0,3.0,10.0,1.73,0.31,Matches,
Algeria,all_competitions,Mohamed Amoura,FW,25.0,10.0,742.0,74.0,82.4,8.2,7,84.0,4,3,50.0,0,2.5,20.0,7.0,13.0,1.58,-0.13,Matches,
Algeria,all_competitions,Youcef Atal,DF,29.0,8.0,532.0,67.0,59.1,5.9,7,75.0,4,1,10.0,0,2.38,10.0,4.0,6.0,1.02,-1.43,Matches,
Algeria,all_competitions,Amine Gouiri,"FW,MF",25.0,9.0,525.0,58.0,58.3,5.8,7,68.0,1,2,25.0,1,2.44,11.0,5.0,6.0,1.03,-1.37,Matches,
Algeria,all_competitions,Hicham Boudaoui,MF,26.0,8.0,581.0,73.0,64.6,6.5,6,84.0,2,2,38.0,0,2.75,16.0,5.0,11.0,1.7,0.29,Matches,
Algeria,all_competitions,Ramy Bensebaini,DF,30.0,6.0,540.0,90.0,60.0,6.0,6,90.0,6,0,,1,3.0,18.0,4.0,14.0,2.33,1.83,Matches,
Algeria,all_competitions,Rayan Aït-Nouri,DF,24.0,5.0,450.0,90.0,50.0,5.0,5,90.0,5,0,,1,2.4,13.0,5.0,8.0,1.6,0.0,Matches,
Algeria,all_competitions,Fares Chaïbi,MF,23.0,8.0,450.0,56.0,50.0,5.0,5,82.0,2,3,13.0,0,2.75,16.0,2.0,14.0,2.8,2.4,Matches,
Algeria,all_competitions,Alexis Guendouz,GK,30.0,5.0,450.0,90.0,50.0,5.0,5,90.0,5,0,,1,2.6,14.0,3.0,11.0,2.2,1.2,Matches,
Algeria,all_competitions,Nabil Bentaleb,MF,31.0,7.0,416.0,59.0,46.2,4.6,5,81.0,3,2,7.0,1,,12.0,4.0,8.0,1.73,0.24,Matches,
Algeria,all_competitions,Mohamed Amine Tougai,DF,26.0,5.0,437.0,87.0,48.6,4.9,4,90.0,4,1,77.0,0,2.0,9.0,4.0,5.0,1.03,-1.11,Matches,
Algeria,all_competitions,Anthony Mandrea,GK,29.0,4.0,360.0,90.0,40.0,4.0,4,90.0,4,0,,0,2.25,8.0,4.0,4.0,1.0,-1.0,Matches,
Algeria,all_competitions,Jaouen Hadjam,DF,22.0,5.0,337.0,67.0,37.4,3.7,4,82.0,2,1,11.0,2,2.0,8.0,2.0,6.0,1.6,0.0,Matches,
Algeria,all_competitions,Ramiz Zerrouki,MF,27.0,5.0,297.0,59.0,33.0,3.3,3,88.0,2,2,17.0,1,2.0,5.0,3.0,2.0,0.61,-1.48,Matches,
Algeria,all_competitions,Saïd Benrahma,"FW,MF",30.0,6.0,276.0,46.0,30.7,3.1,3,71.0,0,3,21.0,0,2.17,7.0,4.0,3.0,0.98,-0.9,Matches,
Algeria,all_competitions,Baghdad Bounedjah,FW,34.0,5.0,256.0,51.0,28.4,2.8,3,67.0,0,2,28.0,1,2.4,9.0,3.0,6.0,2.11,0.71,Matches,
Algeria,all_competitions,Houssem Aouar,MF,27.0,4.0,241.0,60.0,26.8,2.7,3,80.0,1,1,1.0,2,2.5,6.0,3.0,3.0,1.12,-0.66,Matches,
Algeria,all_competitions,Yassine Benzia,MF,31.0,4.0,168.0,42.0,18.7,1.9,2,70.0,0,2,14.0,4,2.25,4.0,2.0,2.0,1.07,-0.65,Matches,
Algeria,all_competitions,Adem Zorgane,MF,26.0,2.0,158.0,79.0,17.6,1.8,2,79.0,1,0,,2,3.0,4.0,1.0,3.0,1.71,0.13,Matches,
Algeria,all_competitions,Rafik Belghali,DF,23.0,2.0,156.0,78.0,17.3,1.7,2,78.0,1,0,,0,3.0,3.0,1.0,2.0,1.15,-0.54,Matches,
Algeria,all_competitions,Ibrahim Maza,MF,20.0,3.0,120.0,40.0,13.3,1.3,1,82.0,0,2,19.0,2,3.0,1.0,1.0,0.0,0.0,-1.85,Matches,
Algeria,all_competitions,Ahmed Kendouci,MF,26.0,3.0,104.0,35.0,11.6,1.2,1,90.0,1,2,7.0,1,3.0,5.0,1.0,4.0,3.46,2.1,Matches,
Algeria,all_competitions,Mohamed Amine Madani,DF,32.0,1.0,90.0,90.0,10.0,1.0,1,90.0,1,0,,3,3.0,2.0,1.0,1.0,1.0,-0.67,Matches,
Algeria,all_competitions,Yasser Larouci,DF,25.0,1.0,90.0,90.0,10.0,1.0,1,90.0,1,0,,1,3.0,3.0,1.0,2.0,2.0,0.44,Matches,
Algeria,all_competitions,Luca Zidane,GK,27.0,1.0,90.0,90.0,10.0,1.0,1,90.0,1,0,,1,3.0,2.0,1.0,1.0,1.0,-0.67,Matches,
Algeria,all_competitions,Ismaël Bennacer,MF,28.0,1.0,84.0,84.0,9.3,0.9,1,84.0,0,0,,1,3.0,2.0,1.0,1.0,1.07,-0.58,Matches,
Algeria,all_competitions,Sofiane Feghouli,MF,36.0,1.0,73.0,73.0,8.1,0.8,1,73.0,0,0,,1,3.0,1.0,0.0,1.0,1.23,-0.4,Matches,
Algeria,all_competitions,Yacine Brahimi,MF,35.0,1.0,58.0,58.0,6.4,0.6,1,58.0,0,0,,0,0.0,1.0,1.0,0.0,0.0,-1.71,Matches,
Algeria,all_competitions,Islam Slimani,FW,37.0,2.0,39.0,20.0,4.3,0.4,1,16.0,0,1,23.0,0,3.0,1.0,0.0,1.0,2.31,0.74,Matches,
Algeria,all_competitions,Youcef Belaïli,"FW,MF",33.0,4.0,94.0,24.0,10.4,1.0,0,,0,4,24.0,1,3.0,4.0,1.0,3.0,2.87,1.42,Matches,
Algeria,all_competitions,Anis Hadj Moussa,"FW,MF",23.0,3.0,74.0,25.0,8.2,0.8,0,,0,3,25.0,1,2.33,2.0,0.0,2.0,2.43,0.91,Matches,
Algeria,all_competitions,Adam Ounas,"FW,MF",29.0,2.0,62.0,31.0,6.9,0.7,0,,0,2,31.0,0,3.0,2.0,1.0,1.0,1.45,-0.16,Matches,
Algeria,all_competitions,Kévin Van Den Kerkhof,"DF,MF",29.0,2.0,56.0,28.0,6.2,0.6,0,,0,2,28.0,4,1.5,1.0,1.0,0.0,0.0,-1.71,Matches,
Algeria,all_competitions,Ahmed Touba,DF,27.0,2.0,53.0,27.0,5.9,0.6,0,,0,2,27.0,4,3.0,4.0,1.0,3.0,5.09,3.71,Matches,
Algeria,all_competitions,Monsef Bakrar,FW,25.0,2.0,29.0,15.0,3.2,0.3,0,,0,2,15.0,0,1.5,0.0,0.0,0.0,0.0,-1.65,Matches,
Algeria,all_competitions,Samir Chergui,DF,26.0,1.0,24.0,24.0,2.7,0.3,0,,0,1,24.0,1,3.0,2.0,0.0,2.0,7.5,6.06,Matches,
Algeria,all_competitions,Mehdi Dorval,"DF,MF",24.0,1.0,24.0,24.0,2.7,0.3,0,,0,1,24.0,1,3.0,2.0,0.0,2.0,7.5,6.06,Matches,
Algeria,all_competitions,Ilan Kebbal,"FW,MF",27.0,1.0,8.0,8.0,0.9,0.1,0,,0,1,8.0,3,3.0,1.0,0.0,1.0,11.25,9.74,Matches,
Algeria,all_competitions,Amin Chiakha,FW,19.0,1.0,7.0,7.0,0.8,0.1,0,,0,1,7.0,2,3.0,0.0,0.0,0.0,0.0,-1.61,Matches,
Algeria,all_competitions,Zineddine Belaïd,DF,26.0,1.0,6.0,6.0,0.7,0.1,0,,0,1,6.0,3,3.0,0.0,0.0,0.0,0.0,-1.61,Matches,
Algeria,all_competitions,Oussama Benbot,GK,31.0,0.0,,,,,0,,0,0,,10,,,,,,,Matches,
Algeria,all_competitions,Badredine Bouanani,MF,21.0,0.0,,,,,0,,0,0,,1,,,,,,,Matches,
Algeria,all_competitions,Zakaria Bouhalfaya,GK,28.0,0.0,,,,,0,,0,0,,2,,,,,,,Matches,
Algeria,all_competitions,Chouhaib Keddad,DF,31.0,0.0,,,,,0,,0,0,,1,,,,,,,Matches,
Algeria,all_competitions,Naoufel Khacef,DF,28.0,0.0,,,,,0,,0,0,,1,,,,,,,Matches,
Algeria,all_competitions,Sohaib Nair,DF,23.0,0.0,,,,,0,,0,0,,2,,,,,,,Matches,
Algeria,all_competitions,Alexandre Oukidja,GK,37.0,0.0,,,,,0,,0,0,,2,,,,,,,Matches,
Algeria,all_competitions,Moustapha Zeghba,GK,35.0,0.0,,,,,0,,0,0,,4,,,,,,,Matches,
Algeria,all_competitions,Squad Total,,28.6,10.0,900.0,90.0,100.0,10.0,110,80.0,61,49,23.0,71,2.5,24.0,8.0,16.0,1.6,,,
Algeria,all_competitions,Opponent Total,,28.6,10.0,900.0,90.0,100.0,10.0,110,80.0,62,48,17.0,71,0.4,8.0,24.0,-16.0,-1.6,,,
Algeria,all_competitions,Rayan Aït-Nouri,DF,25-008,4.0,240.0,60.0,66.7,2.7,4,60.0,1,0,,0,2.5,6.0,0.0,6.0,2.25,-2.25,Matches,
Algeria,all_competitions,Zineddine Belaïd,DF,27-086,4.0,315.0,79.0,87.5,3.5,3,90.0,3,1,45.0,0,2.5,11.0,0.0,11.0,3.14,1.14,Matches,
Algeria,all_competitions,Amine Gouiri,FW,26-118,4.0,245.0,61.0,68.1,2.7,3,67.0,0,1,45.0,0,2.5,8.0,0.0,8.0,2.94,-0.19,Matches,
Algeria,all_competitions,Houssem Aouar,MF,27-349,4.0,222.0,56.0,61.7,2.5,3,59.0,0,1,45.0,0,2.5,8.0,0.0,8.0,3.24,0.63,Matches,
Algeria,all_competitions,Mohamed Amoura,"FW,MF",26-036,4.0,199.0,50.0,55.3,2.2,3,58.0,0,1,26.0,0,2.5,6.0,0.0,6.0,2.71,-0.64,Matches,
Algeria,all_competitions,Achref Abada,DF,26-364,4.0,191.0,48.0,53.1,2.1,3,60.0,1,1,11.0,0,2.5,8.0,0.0,8.0,3.77,1.64,Matches,
Algeria,all_competitions,Aïssa Mandi,DF,34-235,3.0,180.0,60.0,50.0,2.0,3,60.0,1,0,,1,2.33,1.0,0.0,1.0,0.5,-5.0,Matches,
Algeria,all_competitions,Riyad Mahrez,"FW,MF",35-113,4.0,176.0,44.0,48.9,2.0,3,50.0,0,1,26.0,0,2.5,6.0,0.0,6.0,3.07,0.13,Matches,
Algeria,all_competitions,Ibrahim Maza,MF,20-202,4.0,182.0,46.0,50.6,2.0,2,62.0,0,2,30.0,0,2.5,3.0,0.0,3.0,1.48,-3.07,Matches,
Algeria,all_competitions,Luca Zidane,GK,28-032,2.0,180.0,90.0,50.0,2.0,2,90.0,2,0,,2,2.0,1.0,0.0,1.0,0.5,-5.0,Matches,
Algeria,all_competitions,Ramiz Zerrouki,MF,28-019,4.0,177.0,44.0,49.2,2.0,2,61.0,0,2,28.0,0,2.5,9.0,0.0,9.0,4.58,3.1,Matches,
Algeria,all_competitions,Ramy Bensebaini,DF,31-059,2.0,158.0,79.0,43.9,1.8,2,79.0,1,0,,1,2.0,5.0,0.0,5.0,2.85,-0.27,Matches,
Algeria,all_competitions,Nabil Bentaleb,MF,31-202,2.0,135.0,68.0,37.5,1.5,2,68.0,1,0,,0,3.0,2.0,0.0,2.0,1.33,-2.67,Matches,
Algeria,all_competitions,Hicham Boudaoui,MF,26-264,2.0,109.0,55.0,30.3,1.2,2,55.0,0,0,,2,2.0,1.0,0.0,1.0,0.83,-3.12,Matches,
Algeria,all_competitions,Rafik Belghali,DF,24-007,4.0,191.0,48.0,53.1,2.1,1,79.0,0,3,37.0,0,2.5,6.0,0.0,6.0,2.83,-0.37,Matches,
Algeria,all_competitions,Fares Chaïbi,MF,23-198,3.0,169.0,56.0,46.9,1.9,1,79.0,0,2,45.0,1,2.33,4.0,0.0,4.0,2.13,-1.64,Matches,
Algeria,all_competitions,Melvin Mastil,GK,26-115,2.0,135.0,68.0,37.5,1.5,1,90.0,1,1,45.0,2,3.0,10.0,0.0,10.0,6.67,5.87,Matches,
Algeria,all_competitions,Nadhir Benbouali,FW,26-058,4.0,115.0,29.0,31.9,1.3,1,45.0,0,3,23.0,0,2.5,4.0,0.0,4.0,3.13,0.19,Matches,
Algeria,all_competitions,Yassine Titraoui,MF,22-323,2.0,88.0,44.0,24.4,1.0,1,76.0,0,1,12.0,2,2.0,6.0,0.0,6.0,6.14,4.15,Matches,
Algeria,all_competitions,Oussama Benbot,GK,31-246,1.0,45.0,45.0,12.5,0.5,1,45.0,0,0,,1,3.0,1.0,0.0,1.0,2.0,-1.14,Matches,
Algeria,all_competitions,Samir Chergui,DF,27-128,1.0,45.0,45.0,12.5,0.5,1,45.0,0,0,,1,3.0,1.0,0.0,1.0,2.0,-1.14,Matches,
Algeria,all_competitions,Adil Boulbina,FW,23-043,3.0,97.0,32.0,26.9,1.1,0,,0,3,32.0,1,3.0,6.0,0.0,6.0,5.57,3.51,Matches,
Algeria,all_competitions,Mohamed Amine Tougai,DF,26-143,2.0,90.0,45.0,25.0,1.0,0,,0,2,45.0,0,3.0,4.0,0.0,4.0,4.0,1.33,Matches,
Algeria,all_competitions,Anis Hadj Moussa,"FW,MF",24-123,2.0,90.0,45.0,25.0,1.0,0,,0,2,45.0,0,3.0,4.0,0.0,4.0,4.0,1.33,Matches,
Algeria,all_competitions,Jaouen Hadjam,DF,23-080,2.0,90.0,45.0,25.0,1.0,0,,0,2,45.0,0,3.0,4.0,0.0,4.0,4.0,1.33,Matches,
Algeria,all_competitions,Mehdi Dorval,"DF,MF",25-125,1.0,30.0,30.0,8.3,0.3,0,,0,1,30.0,1,3.0,2.0,0.0,2.0,6.0,3.27,Matches,
Algeria,all_competitions,Farés Ghedjemis,"FW,MF",23-281,1.0,30.0,30.0,8.3,0.3,0,,0,1,30.0,3,3.0,2.0,0.0,2.0,6.0,3.27,Matches,
Algeria,all_competitions,Adil Aouchiche,MF,23-334,1.0,22.0,22.0,6.1,0.2,0,,0,1,22.0,1,3.0,2.0,0.0,2.0,8.18,5.52,Matches,
Algeria,all_competitions,Amin Chiakha,FW,20-094,1.0,14.0,14.0,3.9,0.2,0,,0,1,14.0,1,3.0,1.0,0.0,1.0,6.43,3.57,Matches,
Algeria,all_competitions,Kilian Belazzoug,GK,19-331,0.0,,,,,0,,0,0,,2,,,,,,,Matches,
Algeria,all_competitions,Anthony Mandrea,GK,29-171,0.0,,,,,0,,0,0,,2,,,,,,,Matches,
Algeria,all_competitions,Sohaib Nair,DF,24-052,0.0,,,,,0,,0,0,,2,,,,,,,Matches,
Algeria,all_competitions,Squad Total,,27.0,4.0,360.0,90.0,100.0,4.0,44,65.0,11,33,33.0,26,2.5,12.0,0.0,12.0,3.0,,,
Algeria,all_competitions,Opponent Total,,26.6,4.0,360.0,90.0,100.0,4.0,44,65.0,17,27,27.0,24,0.25,0.0,12.0,-12.0,-3.0,,,
Algeria,all_competitions,Aïssa Mandi,DF,34-235,13.0,"1,003",77.0,79.6,11.1,13,77.0,10,0,,1,2.46,23.0,8.0,15.0,1.35,-3.21,Matches,
Algeria,all_competitions,Mohamed Amoura,FW,26-036,14.0,941,67.0,74.7,10.5,10,76.0,4,4,44.0,0,2.5,26.0,7.0,19.0,1.82,-0.72,Matches,
Algeria,all_competitions,Amine Gouiri,"FW,MF",26-118,13.0,770,59.0,61.1,8.6,10,68.0,1,3,32.0,1,2.46,19.0,5.0,14.0,1.64,-0.94,Matches,
Algeria,all_competitions,Ramy Bensebaini,DF,31-059,8.0,698,87.0,55.4,7.8,8,87.0,7,0,,2,2.75,23.0,4.0,19.0,2.45,1.01,Matches,
Algeria,all_competitions,Riyad Mahrez,"FW,MF",35-113,12.0,696,58.0,55.2,7.7,11,61.0,0,1,26.0,0,2.67,19.0,3.0,16.0,2.07,0.15,Matches,
Algeria,all_competitions,Hicham Boudaoui,MF,26-264,10.0,690,69.0,54.8,7.7,8,77.0,2,2,38.0,2,2.6,17.0,5.0,12.0,1.57,-0.96,Matches,
Algeria,all_competitions,Rayan Aït-Nouri,DF,25-008,9.0,690,77.0,54.8,7.7,9,77.0,6,0,,1,2.44,19.0,5.0,14.0,1.83,-0.38,Matches,
Algeria,all_competitions,Fares Chaïbi,MF,23-198,11.0,619,56.0,49.1,6.9,6,82.0,2,5,26.0,1,2.64,20.0,2.0,18.0,2.62,1.21,Matches,
Algeria,all_competitions,Nabil Bentaleb,MF,31-202,9.0,551,61.0,43.7,6.1,7,77.0,4,2,7.0,1,3.0,14.0,4.0,10.0,1.63,-0.65,Matches,
Algeria,all_competitions,Youcef Atal,DF,30-028,8.0,532,67.0,59.1,5.9,7,75.0,4,1,10.0,0,2.38,10.0,4.0,6.0,1.02,-1.43,Matches,
Algeria,all_competitions,Mohamed Amine Tougai,DF,26-143,7.0,527,75.0,41.8,5.9,4,90.0,4,3,56.0,0,2.29,13.0,4.0,9.0,1.54,-0.8,Matches,
Algeria,all_competitions,Ramiz Zerrouki,MF,28-019,9.0,474,53.0,37.6,5.3,5,77.0,2,4,23.0,1,2.22,14.0,3.0,11.0,2.09,0.14,Matches,
Algeria,all_competitions,Houssem Aouar,MF,27-349,8.0,463,58.0,36.7,5.1,6,70.0,1,2,23.0,2,2.5,14.0,3.0,11.0,2.14,0.22,Matches,
Algeria,all_competitions,Alexis Guendouz,GK,30-139,5.0,450,90.0,50.0,5.0,5,90.0,5,0,,1,2.6,14.0,3.0,11.0,2.2,1.2,Matches,
Algeria,all_competitions,Jaouen Hadjam,DF,23-080,7.0,427,61.0,33.9,4.7,4,82.0,2,3,34.0,2,2.29,12.0,2.0,10.0,2.11,0.16,Matches,
Algeria,all_competitions,Anthony Mandrea,GK,29-171,4.0,360,90.0,28.6,4.0,4,90.0,4,0,,2,2.25,8.0,4.0,4.0,1.0,-1.0,Matches,
Algeria,all_competitions,Rafik Belghali,DF,24-007,6.0,347,58.0,27.5,3.9,3,78.0,1,3,37.0,0,2.67,9.0,1.0,8.0,2.07,0.1,Matches,
Algeria,all_competitions,Zineddine Belaïd,DF,27-086,5.0,321,64.0,25.5,3.6,3,90.0,3,2,26.0,3,2.6,11.0,0.0,11.0,3.08,1.45,Matches,
Algeria,all_competitions,Ibrahim Maza,MF,20-202,7.0,302,43.0,24.0,3.4,3,68.0,0,4,24.0,2,2.71,4.0,1.0,3.0,0.89,-1.45,Matches,
Algeria,all_competitions,Saïd Benrahma,"FW,MF",30-308,6.0,276,46.0,30.7,3.1,3,71.0,0,3,21.0,0,2.17,7.0,4.0,3.0,0.98,-0.9,Matches,
Algeria,all_competitions,Luca Zidane,GK,28-032,3.0,270,90.0,21.4,3.0,3,90.0,3,0,,3,2.33,3.0,1.0,2.0,0.67,-1.7,Matches,
Algeria,all_competitions,Baghdad Bounedjah,FW,34-196,5.0,256,51.0,28.4,2.8,3,67.0,0,2,28.0,1,2.4,9.0,3.0,6.0,2.11,0.71,Matches,
Algeria,all_competitions,Achref Abada,DF,26-364,4.0,191,48.0,53.1,2.1,3,60.0,1,1,11.0,0,2.5,8.0,0.0,8.0,3.77,1.64,Matches,
Algeria,all_competitions,Yassine Benzia,MF,31-279,4.0,168,42.0,18.7,1.9,2,70.0,0,2,14.0,4,2.25,4.0,2.0,2.0,1.07,-0.65,Matches,
Algeria,all_competitions,Anis Hadj Moussa,"FW,MF",24-123,5.0,164,33.0,13.0,1.8,0,,0,5,33.0,1,2.6,6.0,0.0,6.0,3.29,1.49,Matches,
Algeria,all_competitions,Adem Zorgane,MF,26-159,2.0,158,79.0,17.6,1.8,2,79.0,1,0,,2,3.0,4.0,1.0,3.0,1.71,0.13,Matches,
Algeria,all_competitions,Melvin Mastil,GK,26-115,2.0,135,68.0,37.5,1.5,1,90.0,1,1,45.0,2,3.0,10.0,0.0,10.0,6.67,5.87,Matches,
Algeria,all_competitions,Nadhir Benbouali,FW,26-058,4.0,115,29.0,31.9,1.3,1,45.0,0,3,23.0,0,2.5,4.0,0.0,4.0,3.13,0.19,Matches,
Algeria,all_competitions,Ahmed Kendouci,MF,26-357,3.0,104,35.0,11.6,1.2,1,90.0,1,2,7.0,1,3.0,5.0,1.0,4.0,3.46,2.1,Matches,
Algeria,all_competitions,Adil Boulbina,FW,23-043,3.0,97,32.0,26.9,1.1,0,,0,3,32.0,1,3.0,6.0,0.0,6.0,5.57,3.51,Matches,
Algeria,all_competitions,Youcef Belaïli,"FW,MF",34-092,4.0,94,24.0,10.4,1.0,0,,0,4,24.0,1,3.0,4.0,1.0,3.0,2.87,1.42,Matches,
Algeria,all_competitions,Mohamed Amine Madani,DF,33-086,1.0,90,90.0,10.0,1.0,1,90.0,1,0,,3,3.0,2.0,1.0,1.0,1.0,-0.67,Matches,
Algeria,all_competitions,Yasser Larouci,DF,25-164,1.0,90,90.0,10.0,1.0,1,90.0,1,0,,1,3.0,3.0,1.0,2.0,2.0,0.44,Matches,
Algeria,all_competitions,Yassine Titraoui,MF,22-323,2.0,88,44.0,24.4,1.0,1,76.0,0,1,12.0,2,2.0,6.0,0.0,6.0,6.14,4.15,Matches,
Algeria,all_competitions,Ismaël Bennacer,MF,28-195,1.0,84,84.0,9.3,0.9,1,84.0,0,0,,1,3.0,2.0,1.0,1.0,1.07,-0.58,Matches,
Algeria,all_competitions,Sofiane Feghouli,MF,36-170,1.0,73,73.0,8.1,0.8,1,73.0,0,0,,1,3.0,1.0,0.0,1.0,1.23,-0.4,Matches,
Algeria,all_competitions,Samir Chergui,DF,27-128,2.0,69,35.0,5.5,0.8,1,45.0,0,1,24.0,2,3.0,3.0,0.0,3.0,3.91,2.02,Matches,
Algeria,all_competitions,Adam Ounas,"FW,MF",29-215,2.0,62,31.0,6.9,0.7,0,,0,2,31.0,0,3.0,2.0,1.0,1.0,1.45,-0.16,Matches,
Algeria,all_competitions,Yacine Brahimi,MF,36-126,1.0,58,58.0,6.4,0.6,1,58.0,0,0,,0,0.0,1.0,1.0,0.0,0.0,-1.71,Matches,
Algeria,all_competitions,Kévin Van Den Kerkhof,"DF,MF",30-092,2.0,56,28.0,6.2,0.6,0,,0,2,28.0,4,1.5,1.0,1.0,0.0,0.0,-1.71,Matches,
Algeria,all_competitions,Mehdi Dorval,"DF,MF",25-125,2.0,54,27.0,4.3,0.6,0,,0,2,27.0,2,3.0,4.0,0.0,4.0,6.67,4.88,Matches,
Algeria,all_competitions,Ahmed Touba,DF,28-094,2.0,53,27.0,5.9,0.6,0,,0,2,27.0,4,3.0,4.0,1.0,3.0,5.09,3.71,Matches,
Algeria,all_competitions,Oussama Benbot,GK,31-246,1.0,45,45.0,3.6,0.5,1,45.0,0,0,,11,3.0,1.0,0.0,1.0,2.0,-1.14,Matches,
Algeria,all_competitions,Islam Slimani,FW,37-361,2.0,39,20.0,4.3,0.4,1,16.0,0,1,23.0,0,3.0,1.0,0.0,1.0,2.31,0.74,Matches,
Algeria,all_competitions,Farés Ghedjemis,"FW,MF",23-281,1.0,30,30.0,8.3,0.3,0,,0,1,30.0,3,3.0,2.0,0.0,2.0,6.0,3.27,Matches,
Algeria,all_competitions,Monsef Bakrar,FW,25-152,2.0,29,15.0,3.2,0.3,0,,0,2,15.0,0,1.5,0.0,0.0,0.0,0.0,-1.65,Matches,
Algeria,all_competitions,Adil Aouchiche,MF,23-334,1.0,22,22.0,6.1,0.2,0,,0,1,22.0,1,3.0,2.0,0.0,2.0,8.18,5.52,Matches,
Algeria,all_competitions,Amin Chiakha,FW,20-094,2.0,21,11.0,1.7,0.2,0,,0,2,11.0,3,3.0,1.0,0.0,1.0,4.29,2.32,Matches,
Algeria,all_competitions,Ilan Kebbal,"FW,MF",27-340,1.0,8,8.0,0.9,0.1,0,,0,1,8.0,3,3.0,1.0,0.0,1.0,11.25,9.74,Matches,
Algeria,all_competitions,Zakaria Bouhalfaya,GK,28-307,0.0,,,,,0,,0,0,,2,,,,,,,Matches,
Algeria,all_competitions,Naoufel Khacef,DF,28-230,0.0,,,,,0,,0,0,,1,,,,,,,Matches,
Algeria,all_competitions,Moustapha Zeghba,GK,35-205,0.0,,,,,0,,0,0,,4,,,,,,,Matches,
Algeria,all_competitions,Chouhaib Keddad,DF,31-324,0.0,,,,,0,,0,0,,1,,,,,,,Matches,
Algeria,all_competitions,Alexandre Oukidja,GK,37-330,0.0,,,,,0,,0,0,,2,,,,,,,Matches,
Algeria,all_competitions,Sohaib Nair,DF,24-052,0.0,,,,,0,,0,0,,4,,,,,,,Matches,
Algeria,all_competitions,Badredine Bouanani,MF,21-188,0.0,,,,,0,,0,0,,1,,,,,,,Matches,
Algeria,all_competitions,Kilian Belazzoug,GK,19-331,0.0,,,,,0,,0,0,,2,,,,,,,Matches,
Argentina,all_competitions,Thiago Almada,"MF,FW",25-049,4.0,242.0,61.0,67.2,2.7,3,70.0,0,1,33.0,0,3.0,10.0,0.0,10.0,3.72,2.96,Matches,
Argentina,all_competitions,Nicolás Otamendi,DF,38-122,3.0,210.0,70.0,58.3,2.3,3,70.0,0,0,,1,3.0,7.0,0.0,7.0,3.0,0.6,Matches,
Argentina,all_competitions,Cristian Romero,DF,28-048,4.0,253.0,63.0,70.3,2.8,2,90.0,2,2,37.0,0,3.0,9.0,1.0,8.0,2.85,0.32,Matches,
Argentina,all_competitions,Giuliano Simeone,MF,23-178,4.0,206.0,52.0,57.2,2.3,2,75.0,0,2,28.0,0,3.0,4.0,1.0,3.0,1.31,-3.36,Matches,
Argentina,all_competitions,Enzo Fernández,MF,25-148,4.0,201.0,50.0,55.8,2.2,2,64.0,0,2,37.0,0,3.0,8.0,0.0,8.0,3.58,1.88,Matches,
Argentina,all_competitions,Alexis Mac Allister,MF,27-172,4.0,200.0,50.0,55.6,2.2,2,64.0,0,2,37.0,0,3.0,7.0,0.0,7.0,3.15,0.9,Matches,
Argentina,all_competitions,Agustín Giay,DF,22-149,3.0,181.0,60.0,50.3,2.0,2,80.0,1,1,22.0,1,3.0,3.0,1.0,2.0,0.99,-3.53,Matches,
Argentina,all_competitions,Emiliano Martínez,GK,33-285,2.0,163.0,82.0,45.3,1.8,2,82.0,1,0,,0,3.0,6.0,1.0,5.0,2.76,0.02,Matches,
Argentina,all_competitions,Nahuel Molina,DF,28-069,2.0,158.0,79.0,43.9,1.8,2,79.0,1,0,,1,3.0,7.0,0.0,7.0,3.99,2.21,Matches,
Argentina,all_competitions,Exequiel Palacios,MF,27-252,3.0,140.0,47.0,38.9,1.6,2,63.0,0,1,15.0,1,3.0,3.0,1.0,2.0,1.29,-2.4,Matches,
Argentina,all_competitions,Valentín Barco,MF,21-326,3.0,127.0,42.0,35.3,1.4,2,45.0,0,1,37.0,1,3.0,4.0,0.0,4.0,2.83,0.13,Matches,
Argentina,all_competitions,Nicolás Paz,MF,21-279,3.0,119.0,40.0,33.1,1.3,2,51.0,0,1,17.0,0,3.0,4.0,0.0,4.0,3.03,0.41,Matches,
Argentina,all_competitions,Julián Álvarez,FW,26-134,2.0,114.0,57.0,31.7,1.3,2,57.0,0,0,,1,3.0,6.0,0.0,6.0,4.74,2.91,Matches,
Argentina,all_competitions,Giovani Lo Celso,MF,30-066,2.0,107.0,54.0,29.7,1.2,2,54.0,0,0,,0,3.0,3.0,0.0,3.0,2.52,-0.32,Matches,
Argentina,all_competitions,Lisandro Martínez,DF,28-147,2.0,107.0,54.0,29.7,1.2,2,54.0,0,0,,0,3.0,3.0,0.0,3.0,2.52,-0.32,Matches,
Argentina,all_competitions,Nicolás Tagliafico,DF,33-287,2.0,98.0,49.0,27.2,1.1,2,49.0,0,0,,0,3.0,4.0,0.0,4.0,3.67,1.27,Matches,
Argentina,all_competitions,Lionel Messi,FW,38-355,3.0,156.0,52.0,43.3,1.7,1,90.0,1,2,33.0,1,3.0,7.0,1.0,6.0,3.46,1.26,Matches,
Argentina,all_competitions,Facundo Medina,DF,27-017,2.0,135.0,68.0,37.5,1.5,1,90.0,1,1,45.0,0,3.0,4.0,0.0,4.0,2.67,-0.13,Matches,
Argentina,all_competitions,Nicolás González,MF,28-069,3.0,115.0,38.0,31.9,1.3,1,45.0,0,2,35.0,1,3.0,6.0,0.0,6.0,4.7,2.86,Matches,
Argentina,all_competitions,Lautaro Martínez,FW,28-296,2.0,107.0,54.0,29.7,1.2,1,62.0,0,1,45.0,0,3.0,4.0,0.0,4.0,3.36,0.87,Matches,
Argentina,all_competitions,Juan Musso,GK,32-039,2.0,97.0,49.0,26.9,1.1,1,80.0,0,1,17.0,2,3.0,3.0,0.0,3.0,2.78,0.05,Matches,
Argentina,all_competitions,Gerónimo Rulli,GK,34-025,1.0,90.0,90.0,25.0,1.0,1,90.0,1,0,,3,3.0,3.0,0.0,3.0,3.0,0.33,Matches,
Argentina,all_competitions,Marcos Senesi,DF,29-035,1.0,90.0,90.0,25.0,1.0,1,90.0,1,0,,0,3.0,2.0,1.0,1.0,1.0,-2.33,Matches,
Argentina,all_competitions,Flaco López,FW,25-190,3.0,89.0,30.0,24.7,1.0,1,45.0,0,2,22.0,1,3.0,1.0,1.0,0.0,0.0,-3.65,Matches,
Argentina,all_competitions,Marcos Acuña,DF,34-229,1.0,68.0,68.0,18.9,0.8,1,68.0,0,0,,1,3.0,2.0,0.0,2.0,2.65,-0.13,Matches,
Argentina,all_competitions,Leandro Paredes,MF,31-350,1.0,53.0,53.0,14.7,0.6,1,53.0,0,0,,1,3.0,3.0,0.0,3.0,5.09,2.75,Matches,
Argentina,all_competitions,Rodrigo De Paul,"FW,MF",32-021,4.0,173.0,43.0,48.1,1.9,0,,0,4,43.0,0,3.0,5.0,1.0,4.0,2.08,-1.29,Matches,
Argentina,all_competitions,Franco Mastantuono,"FW,MF",18-304,1.0,45.0,45.0,12.5,0.5,0,,0,1,45.0,1,3.0,0.0,1.0,-1.0,-2.0,-5.43,Matches,
Argentina,all_competitions,Lucas Martínez Quarta,"DF,MF",30-035,1.0,22.0,22.0,6.1,0.2,0,,0,1,22.0,1,3.0,1.0,0.0,1.0,4.09,1.43,Matches,
Argentina,all_competitions,Gabriel Rojas,"DF,MF",28-357,1.0,22.0,22.0,6.1,0.2,0,,0,1,22.0,0,3.0,0.0,1.0,-1.0,-4.09,-7.29,Matches,
Argentina,all_competitions,Gonzalo Montiel,DF,29-164,1.0,21.0,21.0,5.8,0.2,0,,0,1,21.0,0,3.0,2.0,0.0,2.0,8.57,6.18,Matches,
Argentina,all_competitions,Máximo Perrone,MF,23-158,1.0,17.0,17.0,4.7,0.2,0,,0,1,17.0,1,3.0,1.0,0.0,1.0,5.29,2.67,Matches,
Argentina,all_competitions,Tomás Aranda,FW,19-036,1.0,10.0,10.0,2.8,0.1,0,,0,1,10.0,0,3.0,0.0,0.0,0.0,0.0,-2.83,Matches,
Argentina,all_competitions,Santiago Beltrán,GK,21-253,1.0,10.0,10.0,2.8,0.1,0,,0,1,10.0,1,3.0,0.0,0.0,0.0,0.0,-2.83,Matches,
Argentina,all_competitions,Nicolás Capaldo,"DF,MF",27-273,1.0,9.0,9.0,2.5,0.1,0,,0,1,9.0,1,3.0,0.0,0.0,0.0,0.0,-2.82,Matches,
Argentina,all_competitions,Joaquín Freitas,FW,19-194,1.0,5.0,5.0,1.4,0.1,0,,0,1,5.0,0,3.0,0.0,0.0,0.0,0.0,-2.79,Matches,
Argentina,all_competitions,Simon Escobar,DF,16-332,0.0,,,,,0,,0,0,,1,,,,,,,Matches,
Argentina,all_competitions,Ignacio Ovando,DF,18-350,0.0,,,,,0,,0,0,,2,,,,,,,Matches,
Argentina,all_competitions,Gianluca Prestianni,MF,20-134,0.0,,,,,0,,0,0,,1,,,,,,,Matches,
Argentina,all_competitions,Squad Total,,28.6,4.0,360.0,90.0,100.0,4.0,44,67.0,9,35,29.0,25,3.0,12.0,1.0,11.0,2.75,,,
Argentina,all_competitions,Opponent Total,,26.4,4.0,360.0,90.0,100.0,4.0,44,67.0,9,35,18.0,14,0.0,1.0,12.0,-11.0,-2.75,,,
Argentina,all_competitions,Nicolás Otamendi,DF,37.0,17.0,"1,452",85.0,89.6,16.1,17,85.0,15,0,,0,2.06,28.0,9.0,19.0,1.18,0.11,Matches,
Argentina,all_competitions,Rodrigo De Paul,MF,31.0,17.0,"1,353",80.0,83.5,15.0,17,80.0,8,0,,1,2.06,25.0,9.0,16.0,1.06,-0.62,Matches,
Argentina,all_competitions,Emiliano Martínez,GK,33.0,16.0,"1,440",90.0,88.9,16.0,16,90.0,16,0,,0,2.13,24.0,9.0,15.0,0.94,-2.06,Matches,
Argentina,all_competitions,Julián Álvarez,FW,26.0,18.0,"1,325",74.0,81.8,14.7,16,80.0,4,2,21.0,0,2.11,25.0,8.0,17.0,1.15,-0.07,Matches,
Argentina,all_competitions,Enzo Fernández,MF,25.0,15.0,"1,267",84.0,78.2,14.1,15,84.0,8,0,,0,2.13,26.0,9.0,17.0,1.21,0.19,Matches,
Argentina,all_competitions,Cristian Romero,DF,27.0,15.0,"1,260",84.0,77.8,14.0,15,84.0,13,0,,0,2.27,29.0,7.0,22.0,1.57,1.82,Matches,
Argentina,all_competitions,Nahuel Molina,DF,27.0,16.0,"1,260",79.0,77.8,14.0,14,85.0,11,2,34.0,0,2.0,27.0,8.0,19.0,1.36,0.86,Matches,
Argentina,all_competitions,Nicolás Tagliafico,DF,33.0,15.0,"1,246",83.0,76.9,13.8,14,87.0,11,1,25.0,0,2.27,25.0,6.0,19.0,1.37,0.89,Matches,
Argentina,all_competitions,Alexis Mac Allister,MF,27.0,14.0,"1,041",74.0,64.3,11.6,13,78.0,4,1,27.0,2,2.14,18.0,5.0,13.0,1.12,-0.12,Matches,
Argentina,all_competitions,Lionel Messi,"FW,MF",38.0,12.0,944,79.0,58.3,10.5,10,87.0,7,2,36.0,0,2.17,16.0,6.0,10.0,0.95,-0.51,Matches,
Argentina,all_competitions,Lautaro Martínez,FW,28.0,14.0,738,53.0,45.6,8.2,8,80.0,3,6,17.0,2,2.0,11.0,6.0,5.0,0.61,-1.02,Matches,
Argentina,all_competitions,Nicolás González,"FW,MF",27.0,12.0,721,60.0,44.5,8.0,8,76.0,3,4,29.0,0,2.08,11.0,4.0,7.0,0.87,-0.53,Matches,
Argentina,all_competitions,Leandro Paredes,MF,31.0,14.0,552,39.0,34.1,6.1,6,76.0,1,8,12.0,3,2.07,12.0,5.0,7.0,1.14,-0.04,Matches,
Argentina,all_competitions,Thiago Almada,"MF,FW",24.0,7.0,476,68.0,29.4,5.3,6,75.0,0,1,26.0,2,2.43,13.0,2.0,11.0,2.08,1.29,Matches,
Argentina,all_competitions,Gonzalo Montiel,DF,29.0,6.0,278,46.0,17.2,3.1,4,55.0,0,2,29.0,8,1.17,2.0,3.0,-1.0,-0.32,-1.8,Matches,
Argentina,all_competitions,Leonardo Balerdi,DF,27.0,7.0,330,47.0,20.4,3.7,3,86.0,1,4,18.0,3,1.57,2.0,2.0,0.0,0.0,-1.47,Matches,
Argentina,all_competitions,Giuliano Simeone,MF,23.0,7.0,276,39.0,17.0,3.1,3,63.0,0,4,22.0,1,2.29,4.0,0.0,4.0,1.3,0.17,Matches,
Argentina,all_competitions,Giovani Lo Celso,MF,29.0,9.0,251,28.0,15.5,2.8,2,68.0,0,7,16.0,2,1.78,4.0,2.0,2.0,0.72,-0.53,Matches,
Argentina,all_competitions,Gerónimo Rulli,GK,33.0,2.0,180,90.0,11.1,2.0,2,90.0,2,0,,10,2.0,7.0,1.0,6.0,3.0,2.06,Matches,
Argentina,all_competitions,Lisandro Martínez,DF,28.0,3.0,159,53.0,9.8,1.8,2,71.0,0,1,18.0,1,2.0,4.0,2.0,2.0,1.13,-0.04,Matches,
Argentina,all_competitions,Exequiel Palacios,MF,27.0,9.0,210,23.0,13.0,2.3,1,90.0,1,8,15.0,6,2.44,8.0,1.0,7.0,3.0,2.11,Matches,
Argentina,all_competitions,Ángel Di María,FW,37.0,4.0,170,43.0,10.5,1.9,1,90.0,1,3,27.0,0,2.25,4.0,1.0,3.0,1.59,0.47,Matches,
Argentina,all_competitions,Germán Pezzella,DF,34.0,2.0,135,68.0,8.3,1.5,1,90.0,1,1,45.0,10,2.0,1.0,1.0,0.0,0.0,-1.27,Matches,
Argentina,all_competitions,Marcos Acuña,DF,34.0,5.0,128,26.0,7.9,1.4,1,65.0,0,4,16.0,3,1.8,3.0,1.0,2.0,1.41,0.26,Matches,
Argentina,all_competitions,Facundo Medina,DF,26.0,4.0,105,26.0,6.5,1.2,1,77.0,0,3,9.0,4,2.5,0.0,1.0,-1.0,-0.86,-2.16,Matches,
Argentina,all_competitions,Nicolás Paz,MF,21.0,4.0,99,25.0,6.1,1.1,1,56.0,0,3,14.0,6,3.0,3.0,0.0,3.0,2.73,1.66,Matches,
Argentina,all_competitions,Franco Mastantuono,MF,18.0,3.0,98,33.0,6.0,1.1,1,62.0,0,2,18.0,1,2.0,1.0,0.0,1.0,0.92,-0.26,Matches,
Argentina,all_competitions,Juan Foyth,DF,28.0,3.0,73,24.0,4.5,0.8,0,,0,3,24.0,2,1.33,1.0,1.0,0.0,0.0,-1.22,Matches,
Argentina,all_competitions,Lucas Martínez Quarta,"DF,MF",29.0,1.0,57,57.0,3.5,0.6,0,,0,1,57.0,1,3.0,1.0,0.0,1.0,1.58,0.43,Matches,
Argentina,all_competitions,Alejandro Garnacho,MF,21.0,3.0,45,15.0,2.8,0.5,0,,0,3,15.0,5,2.0,2.0,0.0,2.0,4.0,2.91,Matches,
Argentina,all_competitions,Ángel Correa,"FW,MF",30.0,4.0,28,7.0,1.7,0.3,0,,0,4,7.0,2,3.0,0.0,0.0,0.0,0.0,-1.19,Matches,
Argentina,all_competitions,Paulo Dybala,"FW,MF",32.0,2.0,18,9.0,1.1,0.2,0,,0,2,9.0,1,1.5,2.0,0.0,2.0,10.0,8.93,Matches,
Argentina,all_competitions,Nehuén Pérez,DF,25.0,1.0,15,15.0,0.9,0.2,0,,0,1,15.0,0,3.0,0.0,0.0,0.0,0.0,-1.18,Matches,
Argentina,all_competitions,Valentín Castellanos,FW,27.0,2.0,7,4.0,0.4,0.1,0,,0,2,4.0,2,1.5,1.0,0.0,1.0,12.86,11.74,Matches,
Argentina,all_competitions,Lucas Ocampos,"FW,MF",31.0,1.0,1,1.0,0.1,0.0,0,,0,1,1.0,2,3.0,0.0,0.0,0.0,0.0,-1.17,Matches,
Argentina,all_competitions,Franco Armani,GK,39.0,0.0,,,,,0,,0,0,,6,,,,,,,Matches,
Argentina,all_competitions,Valentín Barco,"DF,MF",21.0,0.0,,,,,0,,0,0,,2,,,,,,,Matches,
Argentina,all_competitions,Enzo Barrenechea,MF,24.0,0.0,,,,,0,,0,0,,1,,,,,,,Matches,
Argentina,all_competitions,Walter Benítez,GK,33.0,0.0,,,,,0,,0,0,,15,,,,,,,Matches,
Argentina,all_competitions,Emi Buendía,"FW,MF",29.0,0.0,,,,,0,,0,0,,1,,,,,,,Matches,
Argentina,all_competitions,Facundo Buonanotte,MF,21.0,0.0,,,,,0,,0,0,,2,,,,,,,Matches,
Argentina,all_competitions,Santiago Castro,FW,21.0,0.0,,,,,0,,0,0,,1,,,,,,,Matches,
Argentina,all_competitions,Benjamín Domínguez,MF,22.0,0.0,,,,,0,,0,0,,2,,,,,,,Matches,
Argentina,all_competitions,Kevin Lomónaco,DF,24.0,0.0,,,,,0,,0,0,,1,,,,,,,Matches,
Argentina,all_competitions,Flaco López,FW,25.0,0.0,,,,,0,,0,0,,1,,,,,,,Matches,
Argentina,all_competitions,Juan Musso,GK,31.0,0.0,,,,,0,,0,0,,5,,,,,,,Matches,
Argentina,all_competitions,Máximo Perrone,MF,23.0,0.0,,,,,0,,0,0,,1,,,,,,,Matches,
Argentina,all_competitions,Guido Rodríguez,MF,31.0,0.0,,,,,0,,0,0,,8,,,,,,,Matches,
Argentina,all_competitions,Julio Soler,DF,20.0,0.0,,,,,0,,0,0,,2,,,,,,,Matches,
Argentina,all_competitions,Matìas Soulé,"FW,MF",22.0,0.0,,,,,0,,0,0,,1,,,,,,,Matches,
Argentina,all_competitions,Alan Varela,MF,24.0,0.0,,,,,0,,0,0,,1,,,,,,,Matches,
Argentina,all_competitions,Squad Total,,30.2,18.0,"1,620",90.0,100.0,18.0,198,82.0,110,86,18.0,130,2.11,31.0,10.0,21.0,1.17,,,
Argentina,all_competitions,Opponent Total,,29.3,18.0,"1,620",90.0,100.0,18.0,198,82.0,116,81,24.0,134,0.78,10.0,31.0,-21.0,-1.17,,,
Argentina,all_competitions,Nicolás Otamendi,DF,38-122,20.0,"1,662",83.0,83.9,18.5,20,83.0,15,0,,1,2.2,35.0,9.0,26.0,1.41,-0.29,Matches,
Argentina,all_competitions,Emiliano Martínez,GK,33-285,18.0,"1,603",89.0,81.0,17.8,18,89.0,17,0,,0,2.23,30.0,10.0,20.0,1.12,-1.74,Matches,
Argentina,all_competitions,Rodrigo De Paul,MF,32-021,21.0,"1,526",73.0,77.1,17.0,17,80.0,8,4,43.0,1,2.24,30.0,10.0,20.0,1.18,-1.2,Matches,
Argentina,all_competitions,Cristian Romero,DF,28-048,19.0,"1,513",80.0,76.4,16.8,17,85.0,15,2,37.0,0,2.42,38.0,8.0,30.0,1.78,1.4,Matches,
Argentina,all_competitions,Enzo Fernández,MF,25-148,19.0,"1,468",77.0,74.1,16.3,17,82.0,8,2,37.0,0,2.31,34.0,9.0,25.0,1.53,0.3,Matches,
Argentina,all_competitions,Julián Álvarez,FW,26-134,20.0,"1,439",72.0,72.7,16.0,18,78.0,4,2,21.0,1,2.2,31.0,8.0,23.0,1.44,-0.06,Matches,
Argentina,all_competitions,Nahuel Molina,DF,28-069,18.0,"1,418",79.0,71.6,15.8,16,84.0,12,2,34.0,1,2.11,34.0,8.0,26.0,1.65,0.69,Matches,
Argentina,all_competitions,Nicolás Tagliafico,DF,33-287,17.0,"1,344",79.0,67.9,14.9,16,82.0,11,1,25.0,0,2.36,29.0,6.0,23.0,1.54,0.27,Matches,
Argentina,all_competitions,Alexis Mac Allister,MF,27-172,18.0,"1,241",69.0,62.7,13.8,15,76.0,4,3,33.0,2,2.33,25.0,5.0,20.0,1.45,-0.01,Matches,
Argentina,all_competitions,Lionel Messi,"FW,MF",38-355,15.0,"1,100",73.0,55.6,12.2,11,87.0,8,4,35.0,1,2.34,23.0,7.0,16.0,1.31,-0.33,Matches,
Argentina,all_competitions,Lautaro Martínez,FW,28-296,16.0,845,53.0,42.7,9.4,9,78.0,3,7,21.0,2,2.13,15.0,6.0,9.0,0.96,-0.87,Matches,
Argentina,all_competitions,Nicolás González,"FW,MF",28-069,15.0,836,56.0,42.2,9.3,9,72.0,3,6,31.0,1,2.26,17.0,4.0,13.0,1.4,-0.1,Matches,
Argentina,all_competitions,Thiago Almada,"MF,FW",25-049,11.0,718,65.0,36.3,8.0,9,73.0,0,2,30.0,2,2.64,23.0,2.0,21.0,2.63,1.85,Matches,
Argentina,all_competitions,Leandro Paredes,MF,31-350,15.0,605,40.0,30.6,6.7,7,72.0,1,8,12.0,4,2.13,15.0,5.0,10.0,1.49,0.05,Matches,
Argentina,all_competitions,Giuliano Simeone,MF,23-178,11.0,482,44.0,24.3,5.4,5,68.0,0,6,24.0,1,2.55,8.0,1.0,7.0,1.31,-0.19,Matches,
Argentina,all_competitions,Giovani Lo Celso,MF,30-066,11.0,358,33.0,18.1,4.0,4,61.0,0,7,16.0,2,2.0,7.0,2.0,5.0,1.26,-0.24,Matches,
Argentina,all_competitions,Exequiel Palacios,MF,27-252,12.0,350,29.0,17.7,3.9,3,72.0,1,9,15.0,7,2.58,11.0,2.0,9.0,2.31,1.04,Matches,
Argentina,all_competitions,Leonardo Balerdi,DF,27-139,7.0,330,47.0,20.4,3.7,3,86.0,1,4,18.0,3,1.57,2.0,2.0,0.0,0.0,-1.47,Matches,
Argentina,all_competitions,Gonzalo Montiel,DF,29-164,7.0,299,43.0,15.1,3.3,4,55.0,0,3,26.0,8,1.43,4.0,3.0,1.0,0.3,-1.36,Matches,
Argentina,all_competitions,Gerónimo Rulli,GK,34-025,3.0,270,90.0,13.6,3.0,3,90.0,3,0,,13,2.33,10.0,1.0,9.0,3.0,1.79,Matches,
Argentina,all_competitions,Lisandro Martínez,DF,28-147,5.0,266,53.0,13.4,3.0,4,62.0,0,1,18.0,1,2.4,7.0,2.0,5.0,1.69,0.27,Matches,
Argentina,all_competitions,Facundo Medina,DF,27-017,6.0,240,40.0,12.1,2.7,2,84.0,1,4,18.0,4,2.67,4.0,1.0,3.0,1.13,-0.37,Matches,
Argentina,all_competitions,Nicolás Paz,MF,21-279,7.0,218,31.0,11.0,2.4,3,53.0,0,4,15.0,6,3.0,7.0,0.0,7.0,2.89,1.61,Matches,
Argentina,all_competitions,Marcos Acuña,DF,34-229,6.0,196,33.0,9.9,2.2,2,67.0,0,4,16.0,4,2.0,5.0,1.0,4.0,1.84,0.42,Matches,
Argentina,all_competitions,Agustín Giay,DF,22-149,3.0,181,60.0,50.3,2.0,2,80.0,1,1,22.0,1,3.0,3.0,1.0,2.0,0.99,-3.53,Matches,
Argentina,all_competitions,Ángel Di María,FW,38-120,4.0,170,43.0,10.5,1.9,1,90.0,1,3,27.0,0,2.25,4.0,1.0,3.0,1.59,0.47,Matches,
Argentina,all_competitions,Franco Mastantuono,MF,18-304,4.0,143,36.0,7.2,1.6,1,62.0,0,3,27.0,2,2.25,1.0,1.0,0.0,0.0,-1.57,Matches,
Argentina,all_competitions,Germán Pezzella,DF,34-352,2.0,135,68.0,8.3,1.5,1,90.0,1,1,45.0,10,2.0,1.0,1.0,0.0,0.0,-1.27,Matches,
Argentina,all_competitions,Valentín Barco,"DF,MF",21-326,3.0,127,42.0,6.4,1.4,2,45.0,0,1,37.0,3,3.0,4.0,0.0,4.0,2.83,0.13,Matches,
Argentina,all_competitions,Juan Musso,GK,32-039,2.0,97,49.0,4.9,1.1,1,80.0,0,1,17.0,7,3.0,3.0,0.0,3.0,2.78,0.05,Matches,
Argentina,all_competitions,Marcos Senesi,DF,29-035,1.0,90,90.0,25.0,1.0,1,90.0,1,0,,0,3.0,2.0,1.0,1.0,1.0,-2.33,Matches,
Argentina,all_competitions,Flaco López,FW,25-190,3.0,89,30.0,4.5,1.0,1,45.0,0,2,22.0,2,3.0,1.0,1.0,0.0,0.0,-3.65,Matches,
Argentina,all_competitions,Lucas Martínez Quarta,"DF,MF",30-035,2.0,79,40.0,4.0,0.9,0,,0,2,40.0,2,3.0,2.0,0.0,2.0,2.28,0.86,Matches,
Argentina,all_competitions,Juan Foyth,DF,28-153,3.0,73,24.0,4.5,0.8,0,,0,3,24.0,2,1.33,1.0,1.0,0.0,0.0,-1.22,Matches,
Argentina,all_competitions,Alejandro Garnacho,MF,21-348,3.0,45,15.0,2.8,0.5,0,,0,3,15.0,5,2.0,2.0,0.0,2.0,4.0,2.91,Matches,
Argentina,all_competitions,Ángel Correa,"FW,MF",31-097,4.0,28,7.0,1.7,0.3,0,,0,4,7.0,2,3.0,0.0,0.0,0.0,0.0,-1.19,Matches,
Argentina,all_competitions,Gabriel Rojas,"DF,MF",28-357,1.0,22,22.0,6.1,0.2,0,,0,1,22.0,0,3.0,0.0,1.0,-1.0,-4.09,-7.29,Matches,
Argentina,all_competitions,Paulo Dybala,"FW,MF",32-211,2.0,18,9.0,1.1,0.2,0,,0,2,9.0,1,1.5,2.0,0.0,2.0,10.0,8.93,Matches,
Argentina,all_competitions,Máximo Perrone,MF,23-158,1.0,17,17.0,0.9,0.2,0,,0,1,17.0,2,3.0,1.0,0.0,1.0,5.29,2.67,Matches,
Argentina,all_competitions,Nehuén Pérez,DF,25-355,1.0,15,15.0,0.9,0.2,0,,0,1,15.0,0,3.0,0.0,0.0,0.0,0.0,-1.18,Matches,
Argentina,all_competitions,Tomás Aranda,FW,19-036,1.0,10,10.0,2.8,0.1,0,,0,1,10.0,0,3.0,0.0,0.0,0.0,0.0,-2.83,Matches,
Argentina,all_competitions,Santiago Beltrán,GK,21-253,1.0,10,10.0,2.8,0.1,0,,0,1,10.0,1,3.0,0.0,0.0,0.0,0.0,-2.83,Matches,
Argentina,all_competitions,Nicolás Capaldo,"DF,MF",27-273,1.0,9,9.0,2.5,0.1,0,,0,1,9.0,1,3.0,0.0,0.0,0.0,0.0,-2.82,Matches,
Argentina,all_competitions,Valentín Castellanos,FW,27-254,2.0,7,4.0,0.4,0.1,0,,0,2,4.0,2,1.5,1.0,0.0,1.0,12.86,11.74,Matches,
Argentina,all_competitions,Joaquín Freitas,FW,19-194,1.0,5,5.0,1.4,0.1,0,,0,1,5.0,0,3.0,0.0,0.0,0.0,0.0,-2.79,Matches,
Argentina,all_competitions,Lucas Ocampos,"FW,MF",31-338,1.0,1,1.0,0.1,0.0,0,,0,1,1.0,2,3.0,0.0,0.0,0.0,0.0,-1.17,Matches,
Argentina,all_competitions,Franco Armani,GK,39-241,0.0,,,,,0,,0,0,,6,,,,,,,Matches,
Argentina,all_competitions,Kevin Lomónaco,DF,24-157,0.0,,,,,0,,0,0,,1,,,,,,,Matches,
Argentina,all_competitions,Enzo Barrenechea,MF,25-023,0.0,,,,,0,,0,0,,1,,,,,,,Matches,
Argentina,all_competitions,Alan Varela,MF,24-345,0.0,,,,,0,,0,0,,1,,,,,,,Matches,
Argentina,all_competitions,Emi Buendía,"FW,MF",29-171,0.0,,,,,0,,0,0,,1,,,,,,,Matches,
Argentina,all_competitions,Walter Benítez,GK,33-146,0.0,,,,,0,,0,0,,15,,,,,,,Matches,
Argentina,all_competitions,Guido Rodríguez,MF,32-063,0.0,,,,,0,,0,0,,8,,,,,,,Matches,
Argentina,all_competitions,Santiago Castro,FW,21-269,0.0,,,,,0,,0,0,,1,,,,,,,Matches,
Argentina,all_competitions,Julio Soler,DF,21-118,0.0,,,,,0,,0,0,,2,,,,,,,Matches,
Argentina,all_competitions,Gianluca Prestianni,MF,20-134,0.0,,,,,0,,0,0,,1,,,,,,,Matches,
Argentina,all_competitions,Facundo Buonanotte,MF,21-173,0.0,,,,,0,,0,0,,2,,,,,,,Matches,
Argentina,all_competitions,Ignacio Ovando,DF,18-350,0.0,,,,,0,,0,0,,2,,,,,,,Matches,
Argentina,all_competitions,Benjamín Domínguez,MF,22-268,0.0,,,,,0,,0,0,,2,,,,,,,Matches,
Argentina,all_competitions,Simon Escobar,DF,16-332,0.0,,,,,0,,0,0,,1,,,,,,,Matches,
Argentina,all_competitions,Matìas Soulé,"FW,MF",23-060,0.0,,,,,0,,0,0,,1,,,,,,,Matches,
Australia,all_competitions,Patrick Beach,GK,22-312,,90.0,90.0,100.0,1.0,1,90.0,1,0,,0,3.0,2.0,0.0,2.0,2.0,,Matches,1.0
Australia,all_competitions,Cameron Burgess,DF,30-236,,90.0,90.0,100.0,1.0,1,90.0,1,0,,0,3.0,2.0,0.0,2.0,2.0,,Matches,1.0
Australia,all_competitions,Alessandro Circati,DF,22-247,,90.0,90.0,100.0,1.0,1,90.0,1,0,,0,3.0,2.0,0.0,2.0,2.0,,Matches,1.0
Australia,all_competitions,Connor Metcalfe,MF,26-221,,90.0,90.0,100.0,1.0,1,90.0,1,0,,0,3.0,2.0,0.0,2.0,2.0,,Matches,1.0
Australia,all_competitions,Aiden O'Neill,MF,27-345,,90.0,90.0,100.0,1.0,1,90.0,1,0,,0,3.0,2.0,0.0,2.0,2.0,,Matches,1.0
Australia,all_competitions,Harry Souttar,DF,27-235,,90.0,90.0,100.0,1.0,1,90.0,1,0,,0,3.0,2.0,0.0,2.0,2.0,,Matches,1.0
Australia,all_competitions,Jordy Bos,DF,23-228,,83.0,83.0,92.2,0.9,1,83.0,0,0,,0,3.0,2.0,0.0,2.0,2.17,2.17,Matches,1.0
Australia,all_competitions,Paul Okon-Engstler,MF,21-141,,83.0,83.0,92.2,0.9,1,83.0,0,0,,0,3.0,2.0,0.0,2.0,2.17,2.17,Matches,1.0
Australia,all_competitions,Jacob Italiano,DF,24-319,,73.0,73.0,81.1,0.8,1,73.0,0,0,,0,3.0,1.0,0.0,1.0,1.23,-4.06,Matches,1.0
Australia,all_competitions,Mo Touré,FW,22-080,,73.0,73.0,81.1,0.8,1,73.0,0,0,,0,3.0,1.0,0.0,1.0,1.23,-4.06,Matches,1.0
Australia,all_competitions,Nestory Irankunda,MF,20-125,,60.0,60.0,66.7,0.7,1,60.0,0,0,,0,3.0,1.0,0.0,1.0,1.5,-1.5,Matches,1.0
Australia,all_competitions,Nishan Velupillay,MF,25-038,,30.0,30.0,33.3,0.3,0,,0,1,30.0,0,3.0,1.0,0.0,1.0,3.0,1.5,Matches,1.0
Australia,all_competitions,Jason Geria,DF,33-035,,17.0,17.0,18.9,0.2,0,,0,1,17.0,0,3.0,1.0,0.0,1.0,5.29,4.06,Matches,1.0
Australia,all_competitions,Tete Yengi,FW,25-198,,17.0,17.0,18.9,0.2,0,,0,1,17.0,0,3.0,1.0,0.0,1.0,5.29,4.06,Matches,1.0
Australia,all_competitions,Aziz Behich,"DF,MF",35-180,,7.0,7.0,7.8,0.1,0,,0,1,7.0,0,3.0,0.0,0.0,0.0,0.0,-2.17,Matches,1.0
Australia,all_competitions,Jackson Irvine,"DF,MF",33-099,,7.0,7.0,7.8,0.1,0,,0,1,7.0,0,3.0,0.0,0.0,0.0,0.0,-2.17,Matches,1.0
Australia,all_competitions,Miloš Degenek,"DF,MF",32-047,,,,,,0,,0,0,,1,,,,,,,Matches,0.0
Australia,all_competitions,Cammy Devlin,MF,28-007,,,,,,0,,0,0,,1,,,,,,,Matches,0.0
Australia,all_competitions,Lucas Herrington,DF,18-282,,,,,,0,,0,0,,1,,,,,,,Matches,0.0
Australia,all_competitions,Ajdin Hrustic,MF,29-344,,,,,,0,,0,0,,1,,,,,,,Matches,0.0
Australia,all_competitions,Paul Izzo,GK,31-159,,,,,,0,,0,0,,1,,,,,,,Matches,0.0
Australia,all_competitions,Mathew Leckie,"FW,MF",35-130,,,,,,0,,0,0,,1,,,,,,,Matches,0.0
Australia,all_competitions,Awer Mabil,"FW,MF",30-272,,,,,,0,,0,0,,1,,,,,,,Matches,0.0
Australia,all_competitions,Mathew Ryan,GK,34-067,,,,,,0,,0,0,,1,,,,,,,Matches,0.0
Australia,all_competitions,Kai Trewin,"DF,MF",25-027,,,,,,0,,0,0,,1,,,,,,,Matches,0.0
Australia,all_competitions,Cristian Volpato,MF,22-211,,,,,,0,,0,0,,1,,,,,,,Matches,0.0
Australia,all_competitions,Squad Total,,25.1,,90.0,90.0,100.0,1.0,11,83.0,6,5,16.0,10,3.0,2.0,0.0,2.0,2.0,,,1.0
Australia,all_competitions,Opponent Total,,27.6,,90.0,90.0,100.0,1.0,11,83.0,6,5,20.0,10,0.0,0.0,2.0,-2.0,-2.0,,,1.0
Australia,all_competitions,Harry Souttar,DF,27-235,,170.0,85.0,94.4,1.9,2,85.0,1,0,,0,0.5,1.0,2.0,-1.0,-0.53,-0.53,Matches,2.0
Australia,all_competitions,Alessandro Circati,DF,22-247,,135.0,68.0,75.0,1.5,2,68.0,1,0,,0,0.5,0.0,2.0,-2.0,-1.33,-3.33,Matches,2.0
Australia,all_competitions,Lucas Herrington,DF,18-282,,134.0,67.0,74.4,1.5,2,67.0,0,0,,0,0.5,0.0,2.0,-2.0,-1.34,-3.3,Matches,2.0
Australia,all_competitions,Aiden O'Neill,MF,27-345,,111.0,56.0,61.7,1.2,2,56.0,0,0,,0,0.5,0.0,2.0,-2.0,-1.62,-2.93,Matches,2.0
Australia,all_competitions,Jacob Italiano,MF,24-319,,111.0,56.0,61.7,1.2,1,66.0,0,1,45.0,0,0.5,1.0,1.0,0.0,0.0,1.3,Matches,2.0
Australia,all_competitions,Connor Metcalfe,MF,26-221,,111.0,56.0,61.7,1.2,1,66.0,0,1,45.0,0,0.5,1.0,1.0,0.0,0.0,1.3,Matches,2.0
Australia,all_competitions,Jackson Irvine,MF,33-099,,108.0,54.0,60.0,1.2,1,89.0,0,1,19.0,0,0.5,0.0,1.0,-1.0,-0.83,-0.83,Matches,2.0
Australia,all_competitions,Kai Trewin,DF,25-027,,105.0,53.0,58.3,1.2,1,81.0,0,1,24.0,0,0.5,1.0,1.0,0.0,0.0,1.2,Matches,2.0
Australia,all_competitions,Jordy Bos,MF,23-228,,98.0,49.0,54.4,1.1,1,79.0,0,1,19.0,0,0.5,0.0,1.0,-1.0,-0.92,-0.92,Matches,2.0
Australia,all_competitions,Mo Touré,FW,22-080,,98.0,49.0,54.4,1.1,1,79.0,0,1,19.0,0,0.5,0.0,1.0,-1.0,-0.92,-0.92,Matches,2.0
Australia,all_competitions,Paul Okon-Engstler,MF,21-141,,95.0,48.0,52.8,1.1,1,71.0,0,1,24.0,0,0.5,1.0,1.0,0.0,0.0,1.06,Matches,2.0
Australia,all_competitions,Patrick Beach,GK,22-312,,90.0,90.0,50.0,1.0,1,90.0,1,0,,1,1.0,1.0,1.0,0.0,0.0,1.0,Matches,1.0
Australia,all_competitions,Mathew Ryan,GK,34-067,,90.0,90.0,50.0,1.0,1,90.0,1,0,,1,0.0,0.0,1.0,-1.0,-1.0,-1.0,Matches,1.0
Australia,all_competitions,Mathew Leckie,MF,35-130,,85.0,43.0,47.2,0.9,1,66.0,0,1,19.0,0,0.5,0.0,1.0,-1.0,-1.06,-1.06,Matches,2.0
Australia,all_competitions,Aziz Behich,DF,35-180,,82.0,41.0,45.6,0.9,1,71.0,0,1,11.0,0,0.5,1.0,1.0,0.0,0.0,0.92,Matches,2.0
Australia,all_competitions,Nestory Irankunda,MF,20-125,,82.0,41.0,45.6,0.9,1,71.0,0,1,11.0,0,0.5,1.0,1.0,0.0,0.0,0.92,Matches,2.0
Australia,all_competitions,Tete Yengi,FW,25-198,,71.0,71.0,39.4,0.8,1,71.0,0,0,,0,1.0,1.0,1.0,0.0,0.0,0.83,Matches,1.0
Australia,all_competitions,Cristian Volpato,MF,22-211,,45.0,45.0,25.0,0.5,1,45.0,0,0,,0,1.0,0.0,1.0,-1.0,-2.0,-2.0,Matches,1.0
Australia,all_competitions,Cameron Burgess,DF,30-236,,46.0,23.0,25.6,0.5,0,,0,2,23.0,0,0.5,1.0,0.0,1.0,1.96,3.3,Matches,2.0
Australia,all_competitions,Jason Geria,DF,33-035,,45.0,45.0,25.0,0.5,0,,0,1,45.0,1,1.0,1.0,0.0,1.0,2.0,3.33,Matches,1.0
Australia,all_competitions,Ajdin Hrustic,MF,29-344,,24.0,24.0,13.3,0.3,0,,0,1,24.0,1,0.0,0.0,0.0,0.0,0.0,0.58,Matches,1.0
Australia,all_competitions,Nishan Velupillay,MF,25-038,,24.0,24.0,13.3,0.3,0,,0,1,24.0,1,0.0,0.0,0.0,0.0,0.0,0.58,Matches,1.0
Australia,all_competitions,Miloš Degenek,"DF,MF",32-047,,10.0,10.0,5.6,0.1,0,,0,1,10.0,1,1.0,0.0,0.0,0.0,0.0,0.53,Matches,1.0
Australia,all_competitions,Cammy Devlin,MF,28-007,,9.0,9.0,5.0,0.1,0,,0,1,9.0,1,1.0,0.0,0.0,0.0,0.0,0.53,Matches,1.0
Australia,all_competitions,Awer Mabil,"FW,MF",30-272,,1.0,1.0,0.6,0.0,0,,0,1,1.0,1,0.0,0.0,0.0,0.0,0.0,0.5,Matches,1.0
Australia,all_competitions,Martin Boyle,"FW,MF",33-050,,,,,,0,,0,0,,1,,,,,,,Matches,0.0
Australia,all_competitions,Paul Izzo,GK,31-159,,,,,,0,,0,0,,2,,,,,,,Matches,0.0
Australia,all_competitions,Kye Rowles,DF,27-355,,,,,,0,,0,0,,1,,,,,,,Matches,0.0
Australia,all_competitions,Squad Total,,26.4,,180.0,90.0,100.0,2.0,22,72.0,4,18,22.0,12,0.5,1.0,2.0,-1.0,-0.5,,,2.0
Australia,all_competitions,Opponent Total,,28.7,,180.0,90.0,100.0,2.0,22,72.0,1,21,28.0,7,2.0,2.0,1.0,1.0,0.5,,,2.0
Australia,all_competitions,Jackson Irvine,MF,32.0,,"1,172",84.0,81.4,13.0,14,84.0,11,0,,0,2.21,31.0,4.0,27.0,2.07,0.73,Matches,14.0
Australia,all_competitions,Cameron Burgess,DF,30.0,,"1,035",86.0,71.9,11.5,12,86.0,11,0,,4,2.33,29.0,5.0,24.0,2.09,0.53,Matches,12.0
Australia,all_competitions,Mathew Ryan,GK,33.0,,990,90.0,68.8,11.0,11,90.0,11,0,,3,2.36,27.0,5.0,22.0,2.0,0.2,Matches,11.0
Australia,all_competitions,Harry Souttar,DF,27.0,,990,90.0,68.8,11.0,11,90.0,11,0,,1,2.0,23.0,5.0,18.0,1.64,-0.96,Matches,11.0
Australia,all_competitions,Aziz Behich,"MF,DF",35.0,,943,67.0,65.5,10.5,10,86.0,7,4,22.0,0,2.21,22.0,5.0,17.0,1.62,-0.91,Matches,14.0
Australia,all_competitions,Lewis Miller,"MF,DF",25.0,,786,79.0,54.6,8.7,9,80.0,4,1,70.0,1,2.4,20.0,3.0,17.0,1.95,0.02,Matches,10.0
Australia,all_competitions,Mitchell Duke,FW,35.0,,737,57.0,51.2,8.2,9,73.0,1,4,19.0,1,2.31,18.0,3.0,15.0,1.83,-0.22,Matches,13.0
Australia,all_competitions,Connor Metcalfe,"MF,FW",26.0,,664,74.0,46.1,7.4,8,80.0,3,1,27.0,0,2.67,18.0,1.0,17.0,2.3,0.68,Matches,9.0
Australia,all_competitions,Kye Rowles,DF,27.0,,631,79.0,43.8,7.0,7,89.0,6,1,5.0,6,2.38,17.0,3.0,14.0,2.0,0.11,Matches,8.0
Australia,all_competitions,Craig Goodwin,"MF,FW",34.0,,581,65.0,40.3,6.5,7,76.0,2,2,24.0,1,2.0,18.0,2.0,16.0,2.48,0.91,Matches,9.0
Australia,all_competitions,Martin Boyle,"FW,MF",32.0,,442,63.0,30.7,4.9,7,63.0,0,0,,3,2.57,12.0,1.0,11.0,2.24,0.44,Matches,7.0
Australia,all_competitions,Aiden O'Neill,MF,27.0,,608,61.0,42.2,6.8,6,90.0,4,4,18.0,1,2.3,14.0,6.0,8.0,1.18,-1.3,Matches,10.0
Australia,all_competitions,Kusini Yengi,FW,27.0,,461,58.0,32.0,5.1,6,74.0,1,2,10.0,2,2.13,14.0,2.0,12.0,2.34,0.6,Matches,8.0
Australia,all_competitions,Jason Geria,DF,32.0,,546,68.0,37.9,6.1,5,90.0,5,3,32.0,0,2.25,14.0,5.0,9.0,1.48,-0.73,Matches,8.0
Australia,all_competitions,Joe Gauci,GK,25.0,,450,90.0,31.3,5.0,5,90.0,5,0,,9,2.2,11.0,2.0,9.0,1.8,-0.2,Matches,5.0
Australia,all_competitions,Keanu Baccus,MF,27.0,,405,68.0,28.1,4.5,5,79.0,2,1,9.0,1,2.33,12.0,0.0,12.0,2.67,1.01,Matches,6.0
Australia,all_competitions,Jordy Bos,DF,23.0,,434,48.0,30.1,4.8,4,83.0,2,5,20.0,0,2.33,13.0,2.0,11.0,2.28,0.49,Matches,9.0
Australia,all_competitions,Riley McGree,MF,27.0,,390,56.0,27.1,4.3,4,69.0,2,3,38.0,0,2.14,6.0,3.0,3.0,0.69,-1.71,Matches,7.0
Australia,all_competitions,Alessandro Circati,DF,22.0,,360,90.0,25.0,4.0,4,90.0,4,0,,4,1.75,6.0,1.0,5.0,1.25,-0.92,Matches,4.0
Australia,all_competitions,Ajdin Hrustic,MF,29.0,,308,44.0,21.4,3.4,4,59.0,0,3,24.0,1,2.14,7.0,3.0,4.0,1.17,-0.98,Matches,7.0
Australia,all_competitions,Brandon Borrello,"FW,MF",30.0,,320,46.0,22.2,3.6,3,73.0,0,4,25.0,3,2.43,11.0,1.0,10.0,2.81,1.13,Matches,7.0
Australia,all_competitions,Miloš Degenek,DF,31.0,,274,69.0,19.0,3.0,3,90.0,3,1,4.0,2,3.0,6.0,1.0,5.0,1.64,-0.36,Matches,4.0
Australia,all_competitions,Adam Taggart,FW,32.0,,227,45.0,15.8,2.5,3,58.0,0,2,26.0,3,2.6,9.0,0.0,9.0,3.57,1.94,Matches,5.0
Australia,all_competitions,Nestory Irankunda,FW,19.0,,220,44.0,15.3,2.4,3,55.0,0,2,27.0,1,2.0,4.0,2.0,2.0,0.82,-1.32,Matches,5.0
Australia,all_competitions,Nishan Velupillay,FW,24.0,,206,41.0,14.3,2.3,2,76.0,0,3,18.0,0,2.2,7.0,1.0,6.0,2.62,0.8,Matches,5.0
Australia,all_competitions,Gethin Jones,"MF,DF",30.0,,171,86.0,11.9,1.9,2,86.0,1,0,,2,3.0,10.0,0.0,10.0,5.26,3.77,Matches,2.0
Australia,all_competitions,Ryan Teague,MF,24.0,,135,45.0,9.4,1.5,2,61.0,0,1,14.0,1,3.0,2.0,0.0,2.0,1.33,-0.67,Matches,3.0
Australia,all_competitions,Ryan Strain,DF,28.0,,110,55.0,7.6,1.2,2,55.0,1,0,,2,3.0,3.0,0.0,3.0,2.45,0.56,Matches,2.0
Australia,all_competitions,Patrick Yazbek,MF,23.0,,202,51.0,14.0,2.2,1,76.0,0,3,42.0,3,2.5,6.0,2.0,4.0,1.78,-0.18,Matches,4.0
Australia,all_competitions,Anthony Cáceres,MF,33.0,,117,29.0,8.1,1.3,1,90.0,1,3,9.0,2,2.0,2.0,2.0,0.0,0.0,-2.11,Matches,4.0
Australia,all_competitions,Sam Silvera,MF,25.0,,99,50.0,6.9,1.1,1,90.0,1,1,9.0,4,2.0,0.0,0.0,0.0,0.0,-2.08,Matches,2.0
Australia,all_competitions,Nathaniel Atkinson,DF,26.0,,90,90.0,6.3,1.0,1,90.0,1,0,,1,3.0,2.0,0.0,2.0,2.0,0.07,Matches,1.0
Australia,all_competitions,Hayden Matthews,DF,21.0,,90,90.0,6.3,1.0,1,90.0,1,0,,0,1.0,2.0,2.0,0.0,0.0,-2.07,Matches,1.0
Australia,all_competitions,Mathew Leckie,MF,34.0,,82,82.0,5.7,0.9,1,82.0,0,0,,1,3.0,4.0,0.0,4.0,4.39,2.6,Matches,1.0
Australia,all_competitions,Thomas Deng,DF,28.0,,54,27.0,3.8,0.6,1,45.0,0,1,9.0,4,3.0,1.0,1.0,0.0,0.0,-2.01,Matches,2.0
Australia,all_competitions,Luke Brattan,MF,35.0,,45,45.0,3.1,0.5,1,45.0,0,0,,1,1.0,0.0,0.0,0.0,0.0,-2.0,Matches,1.0
Australia,all_competitions,Joshua Nisbet,MF,26.0,,90,30.0,6.3,1.0,0,,0,3,30.0,2,2.33,3.0,0.0,3.0,3.0,1.13,Matches,3.0
Australia,all_competitions,Daniel Arzani,"FW,MF",27.0,,58,15.0,4.0,0.6,0,,0,4,15.0,2,3.0,2.0,1.0,1.0,1.55,-0.4,Matches,4.0
Australia,all_competitions,John Iredale,FW,26.0,,49,25.0,3.4,0.5,0,,0,2,25.0,1,3.0,2.0,0.0,2.0,3.67,1.8,Matches,2.0
Australia,all_competitions,Jamie Maclaren,FW,32.0,,46,23.0,3.2,0.5,0,,0,2,23.0,0,3.0,3.0,0.0,3.0,5.87,4.06,Matches,2.0
Australia,all_competitions,Massimo Luongo,MF,33.0,,45,45.0,3.1,0.5,0,,0,1,45.0,1,3.0,3.0,0.0,3.0,6.0,4.19,Matches,1.0
Australia,all_competitions,Awer Mabil,"FW,MF",30.0,,41,21.0,2.8,0.5,0,,0,2,21.0,0,0.5,0.0,1.0,-1.0,-2.2,-4.25,Matches,2.0
Australia,all_competitions,Fran Karačić,DF,29.0,,34,17.0,2.4,0.4,0,,0,2,17.0,0,3.0,1.0,1.0,0.0,0.0,-1.98,Matches,2.0
Australia,all_competitions,Apostolos Stamatelopoulos,FW,26.0,,26,26.0,1.8,0.3,0,,0,1,26.0,2,3.0,1.0,0.0,1.0,3.46,1.55,Matches,1.0
Australia,all_competitions,Mo Touré,FW,21.0,,26,26.0,1.8,0.3,0,,0,1,26.0,0,3.0,0.0,0.0,0.0,0.0,-1.97,Matches,1.0
Australia,all_competitions,Cammy Devlin,MF,27.0,,22,11.0,1.5,0.2,0,,0,2,11.0,2,3.0,1.0,0.0,1.0,4.09,2.19,Matches,2.0
Australia,all_competitions,Marco Tilio,MF,24.0,,14,14.0,1.0,0.2,0,,0,1,14.0,1,3.0,0.0,0.0,0.0,0.0,-1.96,Matches,1.0
Australia,all_competitions,Max Balard,MF,25.0,,,,,,0,,0,0,,2,,,,,,,Matches,0.0
Australia,all_competitions,Kasey Bos,DF,21.0,,,,,,0,,0,0,,1,,,,,,,Matches,0.0
Australia,all_competitions,Jason Davidson,"DF,MF",34.0,,,,,,0,,0,0,,2,,,,,,,Matches,0.0
Australia,all_competitions,Bruno Fornaroli,FW,38.0,,,,,,0,,0,0,,2,,,,,,,Matches,0.0
Australia,all_competitions,Tom Glover,GK,28.0,,,,,,0,,0,0,,4,,,,,,,Matches,0.0
Australia,all_competitions,Alex Grant,DF,32.0,,,,,,0,,0,0,,1,,,,,,,Matches,0.0
Australia,all_competitions,Rhyan Grant,"DF,MF",34.0,,,,,,0,,0,0,,2,,,,,,,Matches,0.0
Australia,all_competitions,Paul Izzo,GK,31.0,,,,,,0,,0,0,,12,,,,,,,Matches,0.0
Australia,all_competitions,Joel King,DF,25.0,,,,,,0,,0,0,,1,,,,,,,Matches,0.0
Australia,all_competitions,Ashley Maynard-Brewer,GK,26.0,,,,,,0,,0,0,,2,,,,,,,Matches,0.0
Australia,all_competitions,Lawrence Thomas,GK,33.0,,,,,,0,,0,0,,2,,,,,,,Matches,0.0
Australia,all_competitions,Kai Trewin,"DF,MF",24.0,,,,,,0,,0,0,,4,,,,,,,Matches,0.0
Australia,all_competitions,Squad Total,,29.5,,"1,440",90.0,100.0,16.0,176,80.0,101,76,22.0,114,2.31,38.0,7.0,31.0,1.94,,,16.0
Australia,all_competitions,Opponent Total,,28.6,,"1,440",90.0,100.0,16.0,176,80.0,103,74,22.0,114,0.44,7.0,38.0,-31.0,-1.94,,,16.0
Australia,all_competitions,Jackson Irvine,"DF,MF",33-099,,"1,287",76.0,75.3,14.3,15,84.0,11,2,13.0,0,2.06,31.0,5.0,26.0,1.82,0.54,Matches,17.0
Australia,all_competitions,Harry Souttar,DF,27-235,,"1,250",89.0,73.1,13.9,14,89.0,13,0,,1,1.86,26.0,7.0,19.0,1.37,-1.18,Matches,14.0
Australia,all_competitions,Cameron Burgess,DF,30-236,,"1,171",78.0,68.5,13.0,13,87.0,12,2,23.0,4,2.13,32.0,5.0,27.0,2.08,1.24,Matches,15.0
Australia,all_competitions,Mathew Ryan,GK,34-067,,"1,080",90.0,63.2,12.0,12,90.0,12,0,,5,2.16,27.0,6.0,21.0,1.75,0.25,Matches,12.0
Australia,all_competitions,Aziz Behich,"DF,MF",35-180,,"1,032",61.0,60.4,11.5,11,84.0,7,6,17.0,0,2.06,23.0,6.0,17.0,1.48,-0.51,Matches,17.0
Australia,all_competitions,Connor Metcalfe,MF,26-221,,865,72.0,50.6,9.6,10,79.0,4,2,36.0,0,2.34,21.0,2.0,19.0,1.98,0.59,Matches,12.0
Australia,all_competitions,Aiden O'Neill,MF,27-345,,809,62.0,47.3,9.0,9,82.0,5,4,18.0,1,2.08,16.0,8.0,8.0,0.89,-1.51,Matches,13.0
Australia,all_competitions,Lewis Miller,"MF,DF",25-294,,786,79.0,54.6,8.7,9,80.0,4,1,70.0,1,2.4,20.0,3.0,17.0,1.95,0.02,Matches,10.0
Australia,all_competitions,Mitchell Duke,FW,35-147,,737,57.0,51.2,8.2,9,73.0,1,4,19.0,1,2.31,18.0,3.0,15.0,1.83,-0.22,Matches,13.0
Australia,all_competitions,Kye Rowles,DF,27-355,,631,79.0,39.0,7.0,7,89.0,6,1,5.0,7,2.38,17.0,3.0,14.0,2.0,0.11,Matches,8.0
Australia,all_competitions,Jordy Bos,DF,23-228,,615,51.0,36.0,6.8,6,83.0,2,6,20.0,0,2.08,15.0,3.0,12.0,1.76,0.11,Matches,12.0
Australia,all_competitions,Jason Geria,DF,33-035,,608,61.0,35.6,6.8,5,90.0,5,5,32.0,1,2.2,16.0,5.0,11.0,1.63,-0.09,Matches,10.0
Australia,all_competitions,Alessandro Circati,DF,22-247,,585,84.0,34.2,6.5,7,84.0,6,0,,4,1.57,8.0,3.0,5.0,0.77,-1.39,Matches,7.0
Australia,all_competitions,Craig Goodwin,"MF,FW",34-180,,581,65.0,40.3,6.5,7,76.0,2,2,24.0,1,2.0,18.0,2.0,16.0,2.48,0.91,Matches,9.0
Australia,all_competitions,Kusini Yengi,FW,27-150,,461,58.0,32.0,5.1,6,74.0,1,2,10.0,2,2.13,14.0,2.0,12.0,2.34,0.6,Matches,8.0
Australia,all_competitions,Joe Gauci,GK,25-345,,450,90.0,31.3,5.0,5,90.0,5,0,,9,2.2,11.0,2.0,9.0,1.8,-0.2,Matches,5.0
Australia,all_competitions,Martin Boyle,"FW,MF",33-050,,442,63.0,27.3,4.9,7,63.0,0,0,,4,2.57,12.0,1.0,11.0,2.24,0.44,Matches,7.0
Australia,all_competitions,Keanu Baccus,MF,28-007,,405,68.0,28.1,4.5,5,79.0,2,1,9.0,1,2.33,12.0,0.0,12.0,2.67,1.01,Matches,6.0
Australia,all_competitions,Riley McGree,MF,27-224,,390,56.0,27.1,4.3,4,69.0,2,3,38.0,0,2.14,6.0,3.0,3.0,0.69,-1.71,Matches,7.0
Australia,all_competitions,Nestory Irankunda,MF,20-125,,362,45.0,21.2,4.0,5,59.0,0,3,22.0,1,1.75,6.0,3.0,3.0,0.75,-1.19,Matches,8.0
Australia,all_competitions,Ajdin Hrustic,MF,29-344,,332,42.0,19.4,3.7,4,59.0,0,4,24.0,3,1.87,7.0,3.0,4.0,1.08,-0.73,Matches,8.0
Australia,all_competitions,Brandon Borrello,"FW,MF",30-324,,320,46.0,22.2,3.6,3,73.0,0,4,25.0,3,2.43,11.0,1.0,10.0,2.81,1.13,Matches,7.0
Australia,all_competitions,Miloš Degenek,"DF,MF",32-047,,284,57.0,16.6,3.2,3,90.0,3,2,7.0,4,2.6,6.0,1.0,5.0,1.58,-0.1,Matches,5.0
Australia,all_competitions,Nishan Velupillay,MF,25-038,,260,37.0,15.2,2.9,2,76.0,0,5,22.0,1,2.0,8.0,1.0,7.0,2.42,0.87,Matches,7.0
Australia,all_competitions,Adam Taggart,FW,33-012,,227,45.0,15.8,2.5,3,58.0,0,2,26.0,3,2.6,9.0,0.0,9.0,3.57,1.94,Matches,5.0
Australia,all_competitions,Patrick Yazbek,MF,24-070,,202,51.0,14.0,2.2,1,76.0,0,3,42.0,3,2.5,6.0,2.0,4.0,1.78,-0.18,Matches,4.0
Australia,all_competitions,Mo Touré,FW,22-080,,197,49.0,11.5,2.2,2,76.0,0,2,23.0,0,1.75,1.0,1.0,0.0,0.0,-1.9,Matches,4.0
Australia,all_competitions,Jacob Italiano,DF,24-319,,184,61.0,68.1,2.0,2,70.0,0,1,45.0,0,1.33,2.0,1.0,1.0,0.49,0.49,Matches,3.0
Australia,all_competitions,Patrick Beach,GK,22-312,,180,90.0,66.7,2.0,2,90.0,2,0,,1,2.0,3.0,1.0,2.0,1.0,2.0,Matches,2.0
Australia,all_competitions,Paul Okon-Engstler,MF,21-141,,178,59.0,65.9,2.0,2,77.0,0,1,24.0,0,1.33,3.0,1.0,2.0,1.01,1.99,Matches,3.0
Australia,all_competitions,Gethin Jones,"MF,DF",30-244,,171,86.0,11.9,1.9,2,86.0,1,0,,2,3.0,10.0,0.0,10.0,5.26,3.77,Matches,2.0
Australia,all_competitions,Mathew Leckie,"FW,MF",35-130,,167,56.0,9.8,1.9,2,74.0,0,1,19.0,2,1.33,4.0,1.0,3.0,1.62,-0.06,Matches,3.0
Australia,all_competitions,Ryan Teague,MF,24-141,,135,45.0,9.4,1.5,2,61.0,0,1,14.0,1,3.0,2.0,0.0,2.0,1.33,-0.67,Matches,3.0
Australia,all_competitions,Lucas Herrington,DF,18-282,,134,67.0,49.6,1.5,2,67.0,0,0,,1,0.5,0.0,2.0,-2.0,-1.34,-3.3,Matches,2.0
Australia,all_competitions,Anthony Cáceres,MF,33-258,,117,29.0,8.1,1.3,1,90.0,1,3,9.0,2,2.0,2.0,2.0,0.0,0.0,-2.11,Matches,4.0
Australia,all_competitions,Ryan Strain,DF,29-073,,110,55.0,7.6,1.2,2,55.0,1,0,,2,3.0,3.0,0.0,3.0,2.45,0.56,Matches,2.0
Australia,all_competitions,Kai Trewin,"DF,MF",25-027,,105,53.0,6.1,1.2,1,81.0,0,1,24.0,5,0.5,1.0,1.0,0.0,0.0,1.2,Matches,2.0
Australia,all_competitions,Sam Silvera,MF,25-232,,99,50.0,6.9,1.1,1,90.0,1,1,9.0,4,2.0,0.0,0.0,0.0,0.0,-2.08,Matches,2.0
Australia,all_competitions,Hayden Matthews,DF,21-360,,90,90.0,6.3,1.0,1,90.0,1,0,,0,1.0,2.0,2.0,0.0,0.0,-2.07,Matches,1.0
Australia,all_competitions,Nathaniel Atkinson,DF,27-001,,90,90.0,6.3,1.0,1,90.0,1,0,,1,3.0,2.0,0.0,2.0,2.0,0.07,Matches,1.0
Australia,all_competitions,Joshua Nisbet,MF,26-364,,90,30.0,6.3,1.0,0,,0,3,30.0,2,2.33,3.0,0.0,3.0,3.0,1.13,Matches,3.0
Australia,all_competitions,Tete Yengi,FW,25-198,,88,44.0,32.6,1.0,1,71.0,0,1,17.0,0,2.0,2.0,1.0,1.0,1.02,1.02,Matches,2.0
Australia,all_competitions,Daniel Arzani,"FW,MF",27-161,,58,15.0,4.0,0.6,0,,0,4,15.0,2,3.0,2.0,1.0,1.0,1.55,-0.4,Matches,4.0
Australia,all_competitions,Thomas Deng,DF,29-086,,54,27.0,3.8,0.6,1,45.0,0,1,9.0,4,3.0,1.0,1.0,0.0,0.0,-2.01,Matches,2.0
Australia,all_competitions,John Iredale,FW,26-317,,49,25.0,3.4,0.5,0,,0,2,25.0,1,3.0,2.0,0.0,2.0,3.67,1.8,Matches,2.0
Australia,all_competitions,Jamie Maclaren,FW,32-320,,46,23.0,3.2,0.5,0,,0,2,23.0,0,3.0,3.0,0.0,3.0,5.87,4.06,Matches,2.0
Australia,all_competitions,Massimo Luongo,MF,33-262,,45,45.0,3.1,0.5,0,,0,1,45.0,1,3.0,3.0,0.0,3.0,6.0,4.19,Matches,1.0
Australia,all_competitions,Cristian Volpato,MF,22-211,,45,45.0,16.7,0.5,1,45.0,0,0,,1,1.0,0.0,1.0,-1.0,-2.0,-2.0,Matches,1.0
Australia,all_competitions,Luke Brattan,MF,36-098,,45,45.0,3.1,0.5,1,45.0,0,0,,1,1.0,0.0,0.0,0.0,0.0,-2.0,Matches,1.0
Australia,all_competitions,Awer Mabil,"FW,MF",30-272,,42,14.0,2.5,0.5,0,,0,3,14.0,2,0.33,0.0,1.0,-1.0,-2.14,-3.91,Matches,3.0
Australia,all_competitions,Fran Karačić,DF,30-033,,34,17.0,2.4,0.4,0,,0,2,17.0,0,3.0,1.0,1.0,0.0,0.0,-1.98,Matches,2.0
Australia,all_competitions,Cammy Devlin,MF,28-007,,31,10.0,1.8,0.3,0,,0,3,10.0,4,2.33,1.0,0.0,1.0,2.9,1.26,Matches,3.0
Australia,all_competitions,Apostolos Stamatelopoulos,FW,27-066,,26,26.0,1.8,0.3,0,,0,1,26.0,2,3.0,1.0,0.0,1.0,3.46,1.55,Matches,1.0
Australia,all_competitions,Marco Tilio,MF,24-295,,14,14.0,1.0,0.2,0,,0,1,14.0,1,3.0,0.0,0.0,0.0,0.0,-1.96,Matches,1.0
Australia,all_competitions,Ashley Maynard-Brewer,GK,26-354,,,,,,0,,0,0,,2,,,,,,,Matches,0.0
Australia,all_competitions,Max Balard,MF,25-206,,,,,,0,,0,0,,2,,,,,,,Matches,0.0
Australia,all_competitions,Joel King,DF,25-227,,,,,,0,,0,0,,1,,,,,,,Matches,0.0
Australia,all_competitions,Alex Grant,DF,32-142,,,,,,0,,0,0,,1,,,,,,,Matches,0.0
Australia,all_competitions,Kasey Bos,DF,22-037,,,,,,0,,0,0,,1,,,,,,,Matches,0.0
Australia,all_competitions,Rhyan Grant,"DF,MF",35-108,,,,,,0,,0,0,,2,,,,,,,Matches,0.0
Australia,all_competitions,Tom Glover,GK,28-172,,,,,,0,,0,0,,4,,,,,,,Matches,0.0
Australia,all_competitions,Paul Izzo,GK,31-159,,,,,,0,,0,0,,15,,,,,,,Matches,0.0
Australia,all_competitions,Bruno Fornaroli,FW,38-280,,,,,,0,,0,0,,2,,,,,,,Matches,0.0
Australia,all_competitions,Jason Davidson,"DF,MF",34-350,,,,,,0,,0,0,,2,,,,,,,Matches,0.0
Australia,all_competitions,Lawrence Thomas,GK,34-036,,,,,,0,,0,0,,2,,,,,,,Matches,0.0
Austria,all_competitions,Marcel Sabitzer,MF,32-089,,246.0,82.0,91.1,2.7,3,82.0,1,0,,0,3.0,6.0,1.0,5.0,1.83,-1.92,Matches,3.0
Austria,all_competitions,Nicolas Seiwald,MF,25-041,,210.0,70.0,77.8,2.3,2,90.0,2,1,30.0,0,3.0,6.0,1.0,5.0,2.14,0.64,Matches,3.0
Austria,all_competitions,Stefan Posch,DF,29-031,,203.0,68.0,75.2,2.3,2,79.0,0,1,45.0,0,3.0,6.0,1.0,5.0,2.22,0.87,Matches,3.0
Austria,all_competitions,Phillipp Mwene,DF,32-136,,167.0,56.0,61.9,1.9,2,61.0,0,1,45.0,0,3.0,3.0,0.0,3.0,1.62,-1.0,Matches,3.0
Austria,all_competitions,Marco Friedl,DF,28-090,,166.0,55.0,61.5,1.8,2,61.0,0,1,45.0,0,3.0,5.0,0.0,5.0,2.71,1.85,Matches,3.0
Austria,all_competitions,Philipp Lienhart,DF,29-338,,150.0,50.0,55.6,1.7,2,53.0,0,1,45.0,0,3.0,5.0,1.0,4.0,2.4,0.9,Matches,3.0
Austria,all_competitions,Xaver Schlager,MF,28-259,,138.0,69.0,51.1,1.5,2,69.0,0,0,,1,3.0,1.0,0.0,1.0,0.65,-2.76,Matches,2.0
Austria,all_competitions,Christoph Baumgartner,MF,26-317,,137.0,69.0,50.7,1.5,2,69.0,0,0,,0,3.0,4.0,0.0,4.0,2.63,1.27,Matches,2.0
Austria,all_competitions,Marko Arnautović,FW,37-056,,135.0,45.0,50.0,1.5,2,53.0,0,1,30.0,0,3.0,3.0,1.0,2.0,1.33,-1.33,Matches,3.0
Austria,all_competitions,Michael Gregoritsch,"MF,FW",32-057,,135.0,45.0,50.0,1.5,2,53.0,0,1,30.0,0,3.0,3.0,0.0,3.0,2.0,0.0,Matches,3.0
Austria,all_competitions,Alexander Schlager,GK,30-133,,135.0,68.0,50.0,1.5,2,68.0,1,0,,1,3.0,2.0,0.0,2.0,1.33,-1.33,Matches,2.0
Austria,all_competitions,Konrad Laimer,DF,29-018,,113.0,57.0,41.9,1.3,2,57.0,0,0,,1,3.0,1.0,0.0,1.0,0.8,-2.07,Matches,2.0
Austria,all_competitions,Romano Schmid,MF,26-138,,103.0,34.0,38.1,1.1,2,45.0,0,1,13.0,0,3.0,1.0,0.0,1.0,0.87,-1.82,Matches,3.0
Austria,all_competitions,Paul Wanner,MF,20-173,,134.0,45.0,49.6,1.5,1,60.0,0,2,37.0,0,3.0,6.0,1.0,5.0,3.36,2.7,Matches,3.0
Austria,all_competitions,Kevin Danso,DF,27-268,,90.0,45.0,33.3,1.0,1,45.0,0,1,45.0,1,3.0,2.0,0.0,2.0,2.0,0.0,Matches,2.0
Austria,all_competitions,Patrick Pentz,GK,29-163,,90.0,90.0,33.3,1.0,1,90.0,1,0,,2,3.0,1.0,0.0,1.0,1.0,-1.5,Matches,1.0
Austria,all_competitions,Patrick Wimmer,MF,25-015,,90.0,45.0,33.3,1.0,1,45.0,0,1,45.0,1,3.0,4.0,1.0,3.0,3.0,1.5,Matches,2.0
Austria,all_competitions,David Alaba,DF,33-355,,75.0,38.0,27.8,0.8,1,45.0,0,1,30.0,1,3.0,0.0,0.0,0.0,0.0,-2.77,Matches,2.0
Austria,all_competitions,Florian Grillitsch,MF,30-311,,58.0,29.0,21.5,0.6,1,45.0,0,1,13.0,1,3.0,1.0,0.0,1.0,1.55,-0.57,Matches,2.0
Austria,all_competitions,Carney Chukwuemeka,MF,22-237,,88.0,29.0,32.6,1.0,0,,0,3,29.0,0,3.0,3.0,1.0,2.0,2.05,0.07,Matches,3.0
Austria,all_competitions,Saša Kalajdžić,"FW,MF",28-342,,69.0,23.0,25.6,0.8,0,,0,3,23.0,0,3.0,2.0,0.0,2.0,2.61,0.82,Matches,3.0
Austria,all_competitions,Alexander Prass,"DF,MF",25-019,,69.0,23.0,25.6,0.8,0,,0,3,23.0,0,3.0,4.0,1.0,3.0,3.91,2.57,Matches,3.0
Austria,all_competitions,Michael Svoboda,DF,27-242,,59.0,30.0,21.9,0.7,0,,0,2,30.0,1,3.0,2.0,1.0,1.0,1.53,-0.61,Matches,2.0
Austria,all_competitions,Florian Wiegele,GK,25-085,,45.0,45.0,16.7,0.5,0,,0,1,45.0,2,3.0,4.0,1.0,3.0,6.0,4.8,Matches,1.0
Austria,all_competitions,David Affengruber,DF,25-087,,11.0,11.0,4.1,0.1,0,,0,1,11.0,2,3.0,1.0,0.0,1.0,8.18,6.44,Matches,1.0
Austria,all_competitions,Tobias Lawal,GK,26-007,,,,,,0,,0,0,,1,,,,,,,Matches,0.0
Austria,all_competitions,Alessandro Schöpf,MF,32-127,,,,,,0,,0,0,,1,,,,,,,Matches,0.0
Austria,all_competitions,Squad Total,,28.8,,270.0,90.0,100.0,3.0,33,63.0,5,27,31.0,16,3.0,7.0,1.0,6.0,2.0,,,3.0
Austria,all_competitions,Opponent Total,,27.6,,270.0,90.0,100.0,3.0,33,63.0,12,21,21.0,21,0.0,1.0,7.0,-6.0,-2.0,,,3.0
Austria,all_competitions,Nicolas Seiwald,MF,24.0,,706.0,88.0,98.1,7.8,8,88.0,7,0,,0,2.38,20.0,4.0,16.0,2.04,-10.82,Matches,8.0
Austria,all_competitions,Marcel Sabitzer,MF,31.0,,700.0,88.0,97.2,7.8,8,88.0,6,0,,0,2.38,19.0,4.0,15.0,1.93,-11.57,Matches,8.0
Austria,all_competitions,Konrad Laimer,"MF,DF",28.0,,675.0,84.0,93.8,7.5,8,84.0,7,0,,0,2.38,22.0,4.0,18.0,2.4,2.4,Matches,8.0
Austria,all_competitions,Philipp Lienhart,DF,29.0,,585.0,84.0,81.3,6.5,7,84.0,6,0,,1,2.29,12.0,4.0,8.0,1.23,-5.44,Matches,7.0
Austria,all_competitions,Christoph Baumgartner,MF,26.0,,558.0,80.0,77.5,6.2,7,80.0,1,0,,1,2.29,12.0,2.0,10.0,1.61,-2.83,Matches,7.0
Austria,all_competitions,Romano Schmid,MF,26.0,,518.0,65.0,71.9,5.8,5,81.0,1,3,38.0,0,2.38,17.0,1.0,16.0,2.78,1.89,Matches,8.0
Austria,all_competitions,Alexander Schlager,GK,29.0,,450.0,90.0,62.5,5.0,5,90.0,5,0,,1,2.0,6.0,3.0,3.0,0.6,-4.4,Matches,5.0
Austria,all_competitions,Marko Arnautović,FW,36.0,,426.0,61.0,59.2,4.7,5,73.0,2,2,30.0,1,2.71,18.0,2.0,16.0,3.38,2.77,Matches,7.0
Austria,all_competitions,Michael Gregoritsch,"FW,MF",31.0,,419.0,52.0,58.2,4.7,5,62.0,0,3,36.0,0,2.38,16.0,1.0,15.0,3.22,2.32,Matches,8.0
Austria,all_competitions,Phillipp Mwene,DF,32.0,,402.0,80.0,55.8,4.5,5,80.0,3,0,,2,2.0,5.0,3.0,2.0,0.45,-4.08,Matches,5.0
Austria,all_competitions,Stefan Posch,DF,28.0,,416.0,59.0,57.8,4.6,4,85.0,3,3,25.0,0,2.29,14.0,2.0,12.0,2.6,0.82,Matches,7.0
Austria,all_competitions,David Alaba,DF,33.0,,297.0,74.0,41.3,3.3,4,74.0,1,0,,1,2.25,10.0,2.0,8.0,2.42,0.3,Matches,4.0
Austria,all_competitions,Xaver Schlager,MF,28.0,,266.0,53.0,36.9,3.0,4,64.0,0,1,10.0,1,2.6,4.0,3.0,1.0,0.34,-3.03,Matches,5.0
Austria,all_competitions,Kevin Danso,DF,27.0,,327.0,55.0,45.4,3.6,3,90.0,3,3,19.0,1,2.67,13.0,2.0,11.0,3.03,1.42,Matches,6.0
Austria,all_competitions,Patrick Pentz,GK,29.0,,225.0,75.0,31.3,2.5,3,75.0,2,0,,5,3.0,16.0,1.0,15.0,6.0,5.45,Matches,3.0
Austria,all_competitions,Patrick Wimmer,"MF,DF",24.0,,220.0,44.0,30.6,2.4,3,54.0,0,2,29.0,1,2.6,3.0,1.0,2.0,0.82,-2.06,Matches,5.0
Austria,all_competitions,Marco Friedl,DF,27.0,,124.0,41.0,17.2,1.4,1,90.0,1,2,17.0,3,3.0,7.0,0.0,7.0,5.08,3.42,Matches,3.0
Austria,all_competitions,Alexander Prass,DF,24.0,,117.0,39.0,16.3,1.3,1,90.0,1,2,14.0,2,2.0,10.0,1.0,9.0,6.92,5.58,Matches,3.0
Austria,all_competitions,Mathias Honsak,DF,29.0,,90.0,90.0,12.5,1.0,1,90.0,1,0,,1,3.0,4.0,0.0,4.0,4.0,2.0,Matches,1.0
Austria,all_competitions,Maximilian Wöber,DF,27.0,,68.0,68.0,9.4,0.8,1,68.0,0,0,,1,3.0,2.0,0.0,2.0,2.65,0.44,Matches,1.0
Austria,all_competitions,Florian Grillitsch,"DF,MF",30.0,,85.0,17.0,11.8,0.9,0,,0,5,17.0,3,2.4,4.0,2.0,2.0,2.12,-0.15,Matches,5.0
Austria,all_competitions,Thierno Ballo,"FW,MF",24.0,,45.0,45.0,6.3,0.5,0,,0,1,45.0,0,3.0,0.0,0.0,0.0,0.0,-2.4,Matches,1.0
Austria,all_competitions,Tobias Lawal,GK,25.0,,45.0,45.0,6.3,0.5,0,,0,1,45.0,3,3.0,0.0,0.0,0.0,0.0,-2.4,Matches,1.0
Austria,all_competitions,Leopold Querfeld,DF,22.0,,45.0,45.0,6.3,0.5,0,,0,1,45.0,7,3.0,0.0,0.0,0.0,0.0,-2.4,Matches,1.0
Austria,all_competitions,Raul Florucz,FW,24.0,,33.0,17.0,4.6,0.4,0,,0,2,17.0,3,1.5,3.0,1.0,2.0,5.45,3.36,Matches,2.0
Austria,all_competitions,Marco Grüll,"FW,MF",27.0,,29.0,15.0,4.0,0.3,0,,0,2,15.0,5,3.0,0.0,0.0,0.0,0.0,-2.34,Matches,2.0
Austria,all_competitions,Alessandro Schöpf,MF,31.0,,28.0,9.0,3.9,0.3,0,,0,3,9.0,3,1.33,2.0,1.0,1.0,3.21,1.0,Matches,3.0
Austria,all_competitions,Nikolaus Wurmbrand,MF,20.0,,20.0,10.0,2.8,0.2,0,,0,2,10.0,2,3.0,3.0,0.0,3.0,13.5,11.57,Matches,2.0
Austria,all_competitions,Nikolas Polster,GK,23.0,,,,,,0,,0,0,,5,,,,,,,Matches,0.0
Austria,all_competitions,Nicolas Schmid,GK,28.0,,,,,,0,,0,0,,1,,,,,,,Matches,0.0
Austria,all_competitions,Nikolas Veratschnig,"DF,MF",23.0,,,,,,0,,0,0,,2,,,,,,,Matches,0.0
Austria,all_competitions,Andreas Weimann,"FW,MF",34.0,,,,,,0,,0,0,,2,,,,,,,Matches,0.0
Austria,all_competitions,Squad Total,,29.1,,720.0,90.0,100.0,8.0,88,80.0,50,38,23.0,58,2.38,22.0,4.0,18.0,2.25,,,8.0
Austria,all_competitions,Opponent Total,,27.2,,720.0,90.0,100.0,8.0,88,80.0,51,37,19.0,56,0.5,4.0,22.0,-18.0,-2.25,,,8.0
Austria,all_competitions,Marcel Sabitzer,MF,32-089,,946.0,86.0,95.6,10.5,11,86.0,7,0,,0,2.55,25.0,5.0,20.0,1.9,-6.28,Matches,11.0
Austria,all_competitions,Nicolas Seiwald,MF,25-041,,916.0,83.0,92.5,10.2,10,89.0,9,1,30.0,0,2.55,26.0,5.0,21.0,2.06,-1.59,Matches,11.0
Austria,all_competitions,Konrad Laimer,"MF,DF",29-018,,788.0,79.0,79.6,8.8,10,79.0,7,0,,1,2.5,23.0,4.0,19.0,2.17,-0.06,Matches,10.0
Austria,all_competitions,Philipp Lienhart,DF,29-338,,735.0,74.0,74.2,8.2,9,77.0,6,1,45.0,1,2.5,17.0,5.0,12.0,1.47,-2.77,Matches,10.0
Austria,all_competitions,Christoph Baumgartner,MF,26-317,,695.0,77.0,70.2,7.7,9,77.0,1,0,,1,2.45,16.0,2.0,14.0,1.81,-1.24,Matches,9.0
Austria,all_competitions,Romano Schmid,MF,26-138,,621.0,56.0,62.7,6.9,7,71.0,1,4,32.0,0,2.55,18.0,1.0,17.0,2.46,0.76,Matches,11.0
Austria,all_competitions,Stefan Posch,DF,29-031,,619.0,62.0,62.5,6.9,6,83.0,3,4,30.0,0,2.5,20.0,3.0,17.0,2.47,0.77,Matches,10.0
Austria,all_competitions,Alexander Schlager,GK,30-133,,585.0,84.0,59.1,6.5,7,84.0,6,0,,2,2.29,8.0,3.0,5.0,0.77,-3.45,Matches,7.0
Austria,all_competitions,Phillipp Mwene,DF,32-136,,569.0,71.0,57.5,6.3,7,75.0,3,1,45.0,2,2.38,8.0,3.0,5.0,0.79,-3.27,Matches,8.0
Austria,all_competitions,Marko Arnautović,FW,37-056,,561.0,56.0,56.7,6.2,7,67.0,2,3,30.0,1,2.8,21.0,3.0,18.0,2.89,1.63,Matches,10.0
Austria,all_competitions,Michael Gregoritsch,"FW,MF",32-057,,554.0,50.0,56.0,6.2,7,60.0,0,4,34.0,0,2.55,19.0,1.0,18.0,2.92,1.69,Matches,11.0
Austria,all_competitions,Kevin Danso,DF,27-268,,417.0,52.0,42.1,4.6,4,79.0,3,4,26.0,2,2.75,15.0,2.0,13.0,2.81,1.08,Matches,8.0
Austria,all_competitions,Xaver Schlager,MF,28-259,,404.0,58.0,40.8,4.5,6,66.0,0,1,10.0,2,2.71,5.0,3.0,2.0,0.45,-2.93,Matches,7.0
Austria,all_competitions,David Alaba,DF,33-355,,372.0,62.0,37.6,4.1,5,68.0,1,1,30.0,2,2.5,10.0,2.0,8.0,1.94,-0.39,Matches,6.0
Austria,all_competitions,Patrick Pentz,GK,29-163,,315.0,79.0,31.8,3.5,4,79.0,3,0,,7,3.0,17.0,1.0,16.0,4.57,3.5,Matches,4.0
Austria,all_competitions,Patrick Wimmer,"MF,DF",25-015,,310.0,44.0,31.3,3.4,4,52.0,0,3,34.0,2,2.71,7.0,2.0,5.0,1.45,-1.06,Matches,7.0
Austria,all_competitions,Marco Friedl,DF,28-090,,290.0,48.0,29.3,3.2,3,70.0,1,3,26.0,3,3.0,12.0,0.0,12.0,3.72,2.18,Matches,6.0
Austria,all_competitions,Alexander Prass,DF,25-019,,186.0,31.0,18.8,2.1,1,90.0,1,5,19.0,2,2.5,14.0,2.0,12.0,5.81,4.46,Matches,6.0
Austria,all_competitions,Florian Grillitsch,"DF,MF",30-311,,143.0,20.0,14.4,1.6,1,45.0,0,6,16.0,4,2.57,5.0,2.0,3.0,1.89,-0.34,Matches,7.0
Austria,all_competitions,Paul Wanner,MF,20-173,,134.0,45.0,49.6,1.5,1,60.0,0,2,37.0,0,3.0,6.0,1.0,5.0,3.36,2.7,Matches,3.0
Austria,all_competitions,Mathias Honsak,DF,29-176,,90.0,90.0,12.5,1.0,1,90.0,1,0,,1,3.0,4.0,0.0,4.0,4.0,2.0,Matches,1.0
Austria,all_competitions,Carney Chukwuemeka,MF,22-237,,88.0,29.0,32.6,1.0,0,,0,3,29.0,0,3.0,3.0,1.0,2.0,2.05,0.07,Matches,3.0
Austria,all_competitions,Saša Kalajdžić,"FW,MF",28-342,,69.0,23.0,25.6,0.8,0,,0,3,23.0,0,3.0,2.0,0.0,2.0,2.61,0.82,Matches,3.0
Austria,all_competitions,Maximilian Wöber,DF,28-130,,68.0,68.0,9.4,0.8,1,68.0,0,0,,1,3.0,2.0,0.0,2.0,2.65,0.44,Matches,1.0
Austria,all_competitions,Michael Svoboda,DF,27-242,,59.0,30.0,21.9,0.7,0,,0,2,30.0,1,3.0,2.0,1.0,1.0,1.53,-0.61,Matches,2.0
Austria,all_competitions,Leopold Querfeld,DF,22-176,,45.0,45.0,6.3,0.5,0,,0,1,45.0,7,3.0,0.0,0.0,0.0,0.0,-2.4,Matches,1.0
Austria,all_competitions,Florian Wiegele,GK,25-085,,45.0,45.0,16.7,0.5,0,,0,1,45.0,2,3.0,4.0,1.0,3.0,6.0,4.8,Matches,1.0
Austria,all_competitions,Tobias Lawal,GK,26-007,,45.0,45.0,4.5,0.5,0,,0,1,45.0,4,3.0,0.0,0.0,0.0,0.0,-2.4,Matches,1.0
Austria,all_competitions,Thierno Ballo,"FW,MF",24-163,,45.0,45.0,6.3,0.5,0,,0,1,45.0,0,3.0,0.0,0.0,0.0,0.0,-2.4,Matches,1.0
Austria,all_competitions,Raul Florucz,FW,25-004,,33.0,17.0,4.6,0.4,0,,0,2,17.0,3,1.5,3.0,1.0,2.0,5.45,3.36,Matches,2.0
Austria,all_competitions,Marco Grüll,"FW,MF",27-343,,29.0,15.0,4.0,0.3,0,,0,2,15.0,5,3.0,0.0,0.0,0.0,0.0,-2.34,Matches,2.0
Austria,all_competitions,Alessandro Schöpf,MF,32-127,,28.0,9.0,2.8,0.3,0,,0,3,9.0,4,1.33,2.0,1.0,1.0,3.21,1.0,Matches,3.0
Austria,all_competitions,Nikolaus Wurmbrand,MF,20-160,,20.0,10.0,2.8,0.2,0,,0,2,10.0,2,3.0,3.0,0.0,3.0,13.5,11.57,Matches,2.0
Austria,all_competitions,David Affengruber,DF,25-087,,11.0,11.0,4.1,0.1,0,,0,1,11.0,2,3.0,1.0,0.0,1.0,8.18,6.44,Matches,1.0
Austria,all_competitions,Nikolas Polster,GK,23-342,,,,,,0,,0,0,,5,,,,,,,Matches,0.0
Austria,all_competitions,Nikolas Veratschnig,"DF,MF",23-141,,,,,,0,,0,0,,2,,,,,,,Matches,0.0
Austria,all_competitions,Andreas Weimann,"FW,MF",34-313,,,,,,0,,0,0,,2,,,,,,,Matches,0.0
Austria,all_competitions,Nicolas Schmid,GK,29-112,,,,,,0,,0,0,,1,,,,,,,Matches,0.0
Belgium,all_competitions,Kevin De Bruyne,MF,34-351,4.0,285.0,71.0,79.2,3.2,4,71.0,0,0,,0,2.5,9.0,2.0,7.0,2.21,-1.39,Matches,
Belgium,all_competitions,Nathan Ngoy,DF,23-004,4.0,257.0,64.0,71.4,2.9,3,76.0,1,1,29.0,0,2.5,9.0,2.0,7.0,2.45,-0.17,Matches,
Belgium,all_competitions,Youri Tielemans,MF,29-038,4.0,246.0,62.0,68.3,2.7,3,75.0,1,1,21.0,0,2.5,7.0,2.0,5.0,1.83,-2.12,Matches,
Belgium,all_competitions,Jeremy Doku,MF,24-018,4.0,242.0,61.0,67.2,2.7,3,71.0,0,1,28.0,0,2.5,8.0,1.0,7.0,2.6,0.32,Matches,
Belgium,all_competitions,Amadou Onana,"MF,DF",24-302,4.0,228.0,57.0,63.3,2.5,3,67.0,0,1,28.0,0,2.5,8.0,1.0,7.0,2.76,0.72,Matches,
Belgium,all_competitions,Charles De Ketelaere,FW,25-096,4.0,226.0,57.0,62.8,2.5,3,66.0,0,1,28.0,0,2.5,7.0,1.0,6.0,2.39,-0.3,Matches,
Belgium,all_competitions,Maxim De Cuyper,"DF,MF",25-174,4.0,217.0,54.0,60.3,2.4,3,66.0,0,1,18.0,0,2.5,7.0,2.0,5.0,2.07,-1.07,Matches,
Belgium,all_competitions,Thomas Meunier,DF,34-275,4.0,200.0,50.0,55.6,2.2,2,74.0,0,2,26.0,0,2.5,8.0,1.0,7.0,3.15,1.46,Matches,
Belgium,all_competitions,Nicolas Raskin,MF,25-111,4.0,186.0,47.0,51.7,2.1,2,74.0,0,2,20.0,0,2.5,7.0,1.0,6.0,2.9,0.83,Matches,
Belgium,all_competitions,Thibaut Courtois,GK,34-034,2.0,180.0,90.0,50.0,2.0,2,90.0,2,0,,0,3.0,7.0,0.0,7.0,3.5,2.0,Matches,
Belgium,all_competitions,Brandon Mechele,DF,33-137,3.0,174.0,58.0,48.3,1.9,2,76.0,1,1,23.0,1,3.0,9.0,1.0,8.0,4.14,3.17,Matches,
Belgium,all_competitions,Timothy Castagne,DF,30-191,3.0,155.0,52.0,43.1,1.7,2,67.0,0,1,21.0,1,2.33,5.0,2.0,3.0,1.74,-1.33,Matches,
Belgium,all_competitions,Alexis Saelemaekers,MF,26-352,3.0,146.0,49.0,40.6,1.6,2,64.0,0,1,19.0,1,2.33,4.0,1.0,3.0,1.85,-1.09,Matches,
Belgium,all_competitions,Koni De Winter,DF,24-002,3.0,124.0,41.0,34.4,1.4,1,71.0,0,2,27.0,1,2.33,4.0,2.0,2.0,1.45,-1.6,Matches,
Belgium,all_competitions,Dodi Lukebakio,MF,28-263,3.0,117.0,39.0,32.5,1.3,1,71.0,0,2,23.0,1,2.33,5.0,2.0,3.0,2.31,-0.28,Matches,
Belgium,all_competitions,Axel Witsel,MF,37-153,4.0,112.0,28.0,31.1,1.2,1,62.0,0,3,17.0,0,2.5,5.0,2.0,3.0,2.41,-0.13,Matches,
Belgium,all_competitions,Arthur Theate,DF,26-020,2.0,109.0,55.0,30.3,1.2,1,90.0,1,1,19.0,2,2.0,2.0,0.0,2.0,1.65,-1.22,Matches,
Belgium,all_competitions,Loïs Openda,FW,26-118,2.0,91.0,46.0,25.3,1.0,1,62.0,0,1,29.0,0,2.0,3.0,2.0,1.0,0.99,-2.02,Matches,
Belgium,all_competitions,Senne Lammens,GK,23-342,1.0,90.0,90.0,25.0,1.0,1,90.0,1,0,,3,3.0,5.0,2.0,3.0,3.0,0.67,Matches,
Belgium,all_competitions,Matz Sels,GK,34-108,1.0,90.0,90.0,25.0,1.0,1,90.0,1,0,,1,1.0,1.0,1.0,0.0,0.0,-3.33,Matches,
Belgium,all_competitions,Mika Godts,MF,21-007,2.0,83.0,42.0,23.1,0.9,1,62.0,0,1,21.0,0,2.0,2.0,2.0,0.0,0.0,-3.25,Matches,
Belgium,all_competitions,Zeno Debast,DF,22-233,2.0,80.0,40.0,22.2,0.9,1,61.0,0,1,19.0,0,2.0,3.0,1.0,2.0,2.25,-0.32,Matches,
Belgium,all_competitions,Leandro Trossard,MF,31-192,1.0,73.0,73.0,20.3,0.8,1,73.0,0,0,,0,3.0,3.0,0.0,3.0,3.7,1.5,Matches,
Belgium,all_competitions,Joaquin Seys,DF,21-078,3.0,71.0,24.0,19.7,0.8,0,,0,3,24.0,1,2.33,3.0,1.0,2.0,2.54,0.04,Matches,
Belgium,all_competitions,Hans Vanaken,MF,33-294,2.0,49.0,25.0,13.6,0.5,0,,0,2,25.0,0,3.0,3.0,0.0,3.0,5.51,3.48,Matches,
Belgium,all_competitions,Romelu Lukaku,FW,33-032,2.0,43.0,22.0,11.9,0.5,0,,0,2,22.0,0,3.0,3.0,0.0,3.0,6.28,4.29,Matches,
Belgium,all_competitions,Matias Fernandez-Pardo,"FW,MF",21-131,2.0,35.0,18.0,9.7,0.4,0,,0,2,18.0,0,3.0,3.0,0.0,3.0,7.71,5.78,Matches,
Belgium,all_competitions,Nathan De Cat,MF,17-330,1.0,21.0,21.0,5.8,0.2,0,,0,1,21.0,1,3.0,1.0,1.0,0.0,0.0,-2.65,Matches,
Belgium,all_competitions,Lucas Stassin,FW,21-198,1.0,19.0,19.0,5.3,0.2,0,,0,1,19.0,1,1.0,0.0,0.0,0.0,0.0,-2.64,Matches,
Belgium,all_competitions,Diego Moreira,MF,21-312,1.0,11.0,11.0,3.1,0.1,0,,0,1,11.0,1,3.0,2.0,0.0,2.0,16.36,14.3,Matches,
Belgium,all_competitions,Mike Penders,GK,20-318,0.0,,,,,0,,0,0,,2,,,,,,,Matches,
Belgium,all_competitions,Maarten Vandevoordt,GK,24-108,0.0,,,,,0,,0,0,,2,,,,,,,Matches,
Belgium,all_competitions,Squad Total,,28.1,4.0,360.0,90.0,100.0,4.0,44,72.0,8,36,22.0,19,2.5,13.0,3.0,10.0,2.5,,,
Belgium,all_competitions,Opponent Total,,27.6,4.0,360.0,90.0,100.0,4.0,44,72.0,14,29,26.0,30,0.25,3.0,13.0,-10.0,-2.5,,,
Belgium,all_competitions,Jeremy Doku,"MF,FW",23.0,8.0,642.0,80.0,89.2,7.1,8,80.0,5,0,,0,2.25,24.0,7.0,17.0,2.38,-3.39,Matches,
Belgium,all_competitions,Arthur Theate,DF,25.0,8.0,588.0,74.0,81.7,6.5,6,88.0,5,2,29.0,0,2.25,24.0,5.0,19.0,2.91,0.86,Matches,
Belgium,all_competitions,Zeno Debast,DF,22.0,6.0,540.0,90.0,75.0,6.0,6,90.0,6,0,,0,2.33,21.0,6.0,15.0,2.5,-1.0,Matches,
Belgium,all_competitions,Nicolas Raskin,MF,24.0,7.0,533.0,76.0,74.0,5.9,6,86.0,4,1,16.0,1,2.14,18.0,4.0,14.0,2.36,-1.49,Matches,
Belgium,all_competitions,Kevin De Bruyne,MF,34.0,6.0,463.0,77.0,64.3,5.1,6,77.0,1,0,,0,2.33,17.0,4.0,13.0,2.53,-0.62,Matches,
Belgium,all_competitions,Maxim De Cuyper,DF,25.0,7.0,414.0,59.0,57.5,4.6,6,67.0,0,1,10.0,1,2.14,14.0,2.0,12.0,2.61,-0.33,Matches,
Belgium,all_competitions,Hans Vanaken,MF,33.0,7.0,424.0,61.0,58.9,4.7,5,76.0,2,2,21.0,1,2.14,19.0,2.0,17.0,3.61,2.09,Matches,
Belgium,all_competitions,Leandro Trossard,"MF,FW",31.0,7.0,395.0,56.0,54.9,4.4,5,68.0,1,2,28.0,1,2.43,14.0,4.0,10.0,2.28,-1.04,Matches,
Belgium,all_competitions,Thomas Meunier,DF,34.0,7.0,351.0,50.0,48.8,3.9,5,66.0,2,2,12.0,0,2.43,20.0,2.0,18.0,4.62,3.64,Matches,
Belgium,all_competitions,Timothy Castagne,DF,30.0,6.0,413.0,69.0,57.4,4.6,4,90.0,3,2,28.0,0,2.33,18.0,2.0,16.0,3.49,1.73,Matches,
Belgium,all_competitions,Youri Tielemans,MF,28.0,6.0,384.0,64.0,53.3,4.3,4,82.0,3,2,28.0,0,2.33,23.0,4.0,19.0,4.45,3.65,Matches,
Belgium,all_competitions,Thibaut Courtois,GK,33.0,4.0,360.0,90.0,50.0,4.0,4,90.0,4,0,,0,2.5,16.0,2.0,14.0,3.5,1.5,Matches,
Belgium,all_competitions,Charles De Ketelaere,FW,24.0,5.0,329.0,66.0,45.7,3.7,4,75.0,1,1,30.0,2,2.6,20.0,2.0,18.0,4.92,4.0,Matches,
Belgium,all_competitions,Alexis Saelemaekers,"FW,MF",26.0,7.0,287.0,41.0,39.9,3.2,3,69.0,1,4,20.0,0,2.14,13.0,1.0,12.0,3.76,1.68,Matches,
Belgium,all_competitions,Amadou Onana,MF,24.0,5.0,281.0,56.0,39.0,3.1,3,76.0,1,2,26.0,0,1.8,7.0,6.0,1.0,0.32,-3.98,Matches,
Belgium,all_competitions,Matz Sels,GK,33.0,3.0,270.0,90.0,37.5,3.0,3,90.0,3,0,,5,1.67,6.0,5.0,1.0,0.33,-3.87,Matches,
Belgium,all_competitions,Wout Faes,DF,27.0,2.0,180.0,90.0,25.0,2.0,2,90.0,2,0,,0,2.0,5.0,4.0,1.0,0.5,-3.0,Matches,
Belgium,all_competitions,Romelu Lukaku,FW,32.0,2.0,171.0,86.0,23.8,1.9,2,86.0,1,0,,0,2.0,5.0,3.0,2.0,1.05,-2.23,Matches,
Belgium,all_competitions,Koni De Winter,DF,23.0,3.0,200.0,67.0,27.8,2.2,1,90.0,1,2,55.0,4,1.67,4.0,5.0,-1.0,-0.45,-4.43,Matches,
Belgium,all_competitions,Loïs Openda,FW,25.0,5.0,152.0,30.0,21.1,1.7,1,60.0,0,4,23.0,3,1.8,3.0,1.0,2.0,1.18,-1.98,Matches,
Belgium,all_competitions,Malick Fofana,MF,20.0,4.0,145.0,36.0,20.1,1.6,1,90.0,1,3,18.0,1,2.5,9.0,1.0,8.0,4.97,2.77,Matches,
Belgium,all_competitions,Brandon Mechele,DF,33.0,2.0,100.0,50.0,13.9,1.1,1,90.0,1,1,10.0,6,3.0,8.0,1.0,7.0,6.3,4.12,Matches,
Belgium,all_competitions,Senne Lammens,GK,23.0,1.0,90.0,90.0,12.5,1.0,1,90.0,1,0,,4,3.0,7.0,0.0,7.0,7.0,4.86,Matches,
Belgium,all_competitions,Joaquin Seys,DF,20.0,2.0,82.0,41.0,11.4,0.9,1,80.0,0,1,2.0,2,1.0,1.0,1.0,0.0,0.0,-3.1,Matches,
Belgium,all_competitions,Dodi Lukebakio,"FW,MF",28.0,2.0,49.0,25.0,6.8,0.5,0,,0,2,25.0,4,3.0,0.0,2.0,-2.0,-3.67,-6.89,Matches,
Belgium,all_competitions,Axel Witsel,"DF,MF",37.0,2.0,41.0,21.0,5.7,0.5,0,,0,2,21.0,2,3.0,1.0,1.0,0.0,0.0,-2.92,Matches,
Belgium,all_competitions,Diego Moreira,MF,21.0,2.0,28.0,14.0,3.9,0.3,0,,0,2,14.0,3,3.0,1.0,0.0,1.0,3.21,0.48,Matches,
Belgium,all_competitions,Charles Vanhoutte,MF,27.0,1.0,6.0,6.0,0.8,0.1,0,,0,1,6.0,4,3.0,1.0,0.0,1.0,15.0,12.35,Matches,
Belgium,all_competitions,Romeo Vermant,FW,22.0,1.0,2.0,2.0,0.3,0.0,0,,0,1,2.0,1,1.0,0.0,0.0,0.0,0.0,-2.76,Matches,
Belgium,all_competitions,Michy Batshuayi,FW,32.0,0.0,,,,,0,,0,0,,4,,,,,,,Matches,
Belgium,all_competitions,Mike Penders,GK,20.0,0.0,,,,,0,,0,0,,1,,,,,,,Matches,
Belgium,all_competitions,Maarten Vandevoordt,GK,23.0,0.0,,,,,0,,0,0,,6,,,,,,,Matches,
Belgium,all_competitions,Squad Total,,27.9,8.0,720.0,90.0,100.0,8.0,88,80.0,49,40,22.0,56,2.25,29.0,7.0,22.0,2.75,,,
Belgium,all_competitions,Opponent Total,,28.1,8.0,720.0,90.0,100.0,8.0,88,80.0,50,37,23.0,58,0.38,7.0,29.0,-22.0,-2.75,,,
Belgium,all_competitions,Jeremy Doku,"MF,FW",24-018,12.0,884.0,74.0,81.9,9.8,11,78.0,5,1,28.0,0,2.33,32.0,8.0,24.0,2.44,-1.23,Matches,
Belgium,all_competitions,Kevin De Bruyne,MF,34-351,10.0,748.0,75.0,69.3,8.3,10,75.0,1,0,,0,2.4,26.0,6.0,20.0,2.41,-0.85,Matches,
Belgium,all_competitions,Nicolas Raskin,MF,25-111,11.0,719.0,65.0,66.6,8.0,8,83.0,4,3,18.0,1,2.27,25.0,5.0,20.0,2.5,-0.49,Matches,
Belgium,all_competitions,Arthur Theate,DF,26-020,10.0,697.0,70.0,64.5,7.7,7,89.0,6,3,26.0,2,2.2,26.0,5.0,21.0,2.71,0.13,Matches,
Belgium,all_competitions,Maxim De Cuyper,DF,25-174,11.0,631.0,57.0,58.4,7.0,9,67.0,0,2,14.0,1,2.27,21.0,4.0,17.0,2.42,-0.58,Matches,
Belgium,all_competitions,Youri Tielemans,MF,29-038,10.0,630.0,63.0,58.3,7.0,7,79.0,4,3,25.0,0,2.4,30.0,6.0,24.0,3.43,1.83,Matches,
Belgium,all_competitions,Zeno Debast,DF,22-233,8.0,620.0,78.0,57.4,6.9,7,86.0,6,1,19.0,0,2.25,24.0,7.0,17.0,2.47,-0.47,Matches,
Belgium,all_competitions,Timothy Castagne,DF,30-191,9.0,568.0,63.0,52.6,6.3,6,82.0,3,3,25.0,1,2.33,23.0,4.0,19.0,3.01,0.73,Matches,
Belgium,all_competitions,Charles De Ketelaere,FW,25-096,9.0,555.0,62.0,51.4,6.2,7,71.0,1,2,29.0,2,2.56,27.0,3.0,24.0,3.89,2.52,Matches,
Belgium,all_competitions,Thomas Meunier,DF,34-275,11.0,551.0,50.0,51.0,6.1,7,68.0,2,4,19.0,0,2.46,28.0,3.0,25.0,4.08,2.89,Matches,
Belgium,all_competitions,Thibaut Courtois,GK,34-034,6.0,540.0,90.0,50.0,6.0,6,90.0,6,0,,0,2.67,23.0,2.0,21.0,3.5,1.67,Matches,
Belgium,all_competitions,Amadou Onana,MF,24-302,9.0,509.0,57.0,47.1,5.7,6,72.0,1,3,27.0,0,2.11,15.0,7.0,8.0,1.41,-2.37,Matches,
Belgium,all_competitions,Hans Vanaken,MF,33-294,9.0,473.0,53.0,43.8,5.3,5,76.0,2,4,23.0,1,2.33,22.0,2.0,20.0,3.81,2.03,Matches,
Belgium,all_competitions,Leandro Trossard,"MF,FW",31-192,8.0,468.0,59.0,43.3,5.2,6,69.0,1,2,28.0,1,2.5,17.0,4.0,13.0,2.5,-0.29,Matches,
Belgium,all_competitions,Alexis Saelemaekers,"FW,MF",26-352,10.0,433.0,43.0,40.1,4.8,5,67.0,1,5,20.0,1,2.2,17.0,2.0,15.0,3.12,0.75,Matches,
Belgium,all_competitions,Matz Sels,GK,34-108,4.0,360.0,90.0,33.3,4.0,4,90.0,4,0,,6,1.5,7.0,6.0,1.0,0.25,-3.63,Matches,
Belgium,all_competitions,Koni De Winter,DF,24-002,6.0,324.0,54.0,30.0,3.6,2,81.0,1,4,41.0,5,2.0,8.0,7.0,1.0,0.28,-3.41,Matches,
Belgium,all_competitions,Brandon Mechele,DF,33-137,5.0,274.0,55.0,25.4,3.0,3,80.0,2,2,17.0,7,3.0,17.0,2.0,15.0,4.93,3.03,Matches,
Belgium,all_competitions,Nathan Ngoy,DF,23-004,4.0,257.0,64.0,71.4,2.9,3,76.0,1,1,29.0,0,2.5,9.0,2.0,7.0,2.45,-0.17,Matches,
Belgium,all_competitions,Loïs Openda,FW,26-118,7.0,243.0,35.0,22.5,2.7,2,61.0,0,5,24.0,3,1.86,6.0,3.0,3.0,1.11,-2.01,Matches,
Belgium,all_competitions,Romelu Lukaku,FW,33-032,4.0,214.0,54.0,19.8,2.4,2,86.0,1,2,22.0,0,2.5,8.0,3.0,5.0,2.1,-0.7,Matches,
Belgium,all_competitions,Wout Faes,DF,28-072,2.0,180.0,90.0,25.0,2.0,2,90.0,2,0,,0,2.0,5.0,4.0,1.0,0.5,-3.0,Matches,
Belgium,all_competitions,Senne Lammens,GK,23-342,2.0,180.0,90.0,16.7,2.0,2,90.0,2,0,,7,3.0,12.0,2.0,10.0,5.0,2.8,Matches,
Belgium,all_competitions,Dodi Lukebakio,"FW,MF",28-263,5.0,166.0,33.0,15.4,1.8,1,71.0,0,4,24.0,5,2.6,5.0,4.0,1.0,0.54,-2.51,Matches,
Belgium,all_competitions,Axel Witsel,"DF,MF",37-153,6.0,153.0,26.0,14.2,1.7,1,62.0,0,5,18.0,2,2.67,6.0,3.0,3.0,1.76,-1.05,Matches,
Belgium,all_competitions,Joaquin Seys,DF,21-078,5.0,153.0,31.0,14.2,1.7,1,80.0,0,4,18.0,3,1.8,4.0,2.0,2.0,1.18,-1.74,Matches,
Belgium,all_competitions,Malick Fofana,MF,21-075,4.0,145.0,36.0,20.1,1.6,1,90.0,1,3,18.0,1,2.5,9.0,1.0,8.0,4.97,2.77,Matches,
Belgium,all_competitions,Mika Godts,MF,21-007,2.0,83.0,42.0,23.1,0.9,1,62.0,0,1,21.0,0,2.0,2.0,2.0,0.0,0.0,-3.25,Matches,
Belgium,all_competitions,Diego Moreira,MF,21-312,3.0,39.0,13.0,3.6,0.4,0,,0,3,13.0,4,3.0,3.0,0.0,3.0,6.92,4.42,Matches,
Belgium,all_competitions,Matias Fernandez-Pardo,"FW,MF",21-131,2.0,35.0,18.0,9.7,0.4,0,,0,2,18.0,0,3.0,3.0,0.0,3.0,7.71,5.78,Matches,
Belgium,all_competitions,Nathan De Cat,MF,17-330,1.0,21.0,21.0,5.8,0.2,0,,0,1,21.0,1,3.0,1.0,1.0,0.0,0.0,-2.65,Matches,
Belgium,all_competitions,Lucas Stassin,FW,21-198,1.0,19.0,19.0,5.3,0.2,0,,0,1,19.0,1,1.0,0.0,0.0,0.0,0.0,-2.64,Matches,
Belgium,all_competitions,Charles Vanhoutte,MF,27-271,1.0,6.0,6.0,0.8,0.1,0,,0,1,6.0,4,3.0,1.0,0.0,1.0,15.0,12.35,Matches,
Belgium,all_competitions,Romeo Vermant,FW,22-141,1.0,2.0,2.0,0.3,0.0,0,,0,1,2.0,1,1.0,0.0,0.0,0.0,0.0,-2.76,Matches,
Belgium,all_competitions,Mike Penders,GK,20-318,0.0,,,,,0,,0,0,,3,,,,,,,Matches,
Belgium,all_competitions,Maarten Vandevoordt,GK,24-108,0.0,,,,,0,,0,0,,8,,,,,,,Matches,
Belgium,all_competitions,Michy Batshuayi,FW,32-255,0.0,,,,,0,,0,0,,4,,,,,,,Matches,
Bosnia-Herzegovina,all_competitions,Amar Dedić,DF,23-300,1.0,90.0,90.0,100.0,1.0,1,90.0,1,0,,0,1.0,1.0,1.0,0.0,0.0,,Matches,
Bosnia-Herzegovina,all_competitions,Ermedin Demirović,FW,28-081,1.0,90.0,90.0,100.0,1.0,1,90.0,1,0,,0,1.0,1.0,1.0,0.0,0.0,,Matches,
Bosnia-Herzegovina,all_competitions,Nikola Katić,DF,29-247,1.0,90.0,90.0,100.0,1.0,1,90.0,1,0,,0,1.0,1.0,1.0,0.0,0.0,,Matches,
Bosnia-Herzegovina,all_competitions,Tarik Muharemovic,DF,23-106,1.0,90.0,90.0,100.0,1.0,1,90.0,1,0,,0,1.0,1.0,1.0,0.0,0.0,,Matches,
Bosnia-Herzegovina,all_competitions,Benjamin Tahirovic,MF,23-103,1.0,90.0,90.0,100.0,1.0,1,90.0,1,0,,0,1.0,1.0,1.0,0.0,0.0,,Matches,
Bosnia-Herzegovina,all_competitions,Nikola Vasilj,GK,30-194,1.0,90.0,90.0,100.0,1.0,1,90.0,1,0,,0,1.0,1.0,1.0,0.0,0.0,,Matches,
Bosnia-Herzegovina,all_competitions,Sead Kolašinac,DF,32-359,1.0,83.0,83.0,92.2,0.9,1,83.0,0,0,,0,1.0,1.0,1.0,0.0,0.0,0.0,Matches,
Bosnia-Herzegovina,all_competitions,Esmir Bajraktarevic,MF,21-096,1.0,73.0,73.0,81.1,0.8,1,73.0,0,0,,0,1.0,1.0,0.0,1.0,1.23,6.53,Matches,
Bosnia-Herzegovina,all_competitions,Amar Memić,MF,25-145,1.0,73.0,73.0,81.1,0.8,1,73.0,0,0,,0,1.0,1.0,0.0,1.0,1.23,6.53,Matches,
Bosnia-Herzegovina,all_competitions,Ivan Bašić,MF,24-045,1.0,61.0,61.0,67.8,0.7,1,61.0,0,0,,0,1.0,1.0,0.0,1.0,1.48,4.58,Matches,
Bosnia-Herzegovina,all_competitions,Jovo Lukić,FW,27-198,1.0,61.0,61.0,67.8,0.7,1,61.0,0,0,,0,1.0,1.0,0.0,1.0,1.48,4.58,Matches,
Bosnia-Herzegovina,all_competitions,Samed Baždar,FW,22-134,1.0,29.0,29.0,32.2,0.3,0,,0,1,29.0,0,1.0,0.0,1.0,-1.0,-3.1,-4.58,Matches,
Bosnia-Herzegovina,all_competitions,Armin Gigovic,MF,24-069,1.0,29.0,29.0,32.2,0.3,0,,0,1,29.0,0,1.0,0.0,1.0,-1.0,-3.1,-4.58,Matches,
Bosnia-Herzegovina,all_competitions,Kerim Alajbegović,MF,18-266,1.0,17.0,17.0,18.9,0.2,0,,0,1,17.0,0,1.0,0.0,1.0,-1.0,-5.29,-6.53,Matches,
Bosnia-Herzegovina,all_competitions,Ivan Šunjić,MF,29-248,1.0,17.0,17.0,18.9,0.2,0,,0,1,17.0,0,1.0,0.0,1.0,-1.0,-5.29,-6.53,Matches,
Bosnia-Herzegovina,all_competitions,Dženis Burnić,MF,28-023,1.0,7.0,7.0,7.8,0.1,0,,0,1,7.0,0,1.0,0.0,0.0,0.0,0.0,0.0,Matches,
Bosnia-Herzegovina,all_competitions,Edin Džeko,FW,40-089,0.0,,,,,0,,0,0,,1,,,,,,,Matches,
Bosnia-Herzegovina,all_competitions,Amir Hadžiahmetović,MF,29-098,0.0,,,,,0,,0,0,,1,,,,,,,Matches,
Bosnia-Herzegovina,all_competitions,Dennis Hadžikadunić,DF,27-340,0.0,,,,,0,,0,0,,1,,,,,,,Matches,
Bosnia-Herzegovina,all_competitions,Mladen Jurkas,GK,18-250,0.0,,,,,0,,0,0,,1,,,,,,,Matches,
Bosnia-Herzegovina,all_competitions,Ermin Mahmić,MF,21-092,0.0,,,,,0,,0,0,,1,,,,,,,Matches,
Bosnia-Herzegovina,all_competitions,Arjan Malic,DF,20-290,0.0,,,,,0,,0,0,,1,,,,,,,Matches,
Bosnia-Herzegovina,all_competitions,Nihad Mujakić,DF,28-060,0.0,,,,,0,,0,0,,1,,,,,,,Matches,
Bosnia-Herzegovina,all_competitions,Stjepan Radeljić,DF,28-282,0.0,,,,,0,,0,0,,1,,,,,,,Matches,
Bosnia-Herzegovina,all_competitions,Haris Tabaković,FW,31-359,0.0,,,,,0,,0,0,,1,,,,,,,Matches,
Bosnia-Herzegovina,all_competitions,Martin Zlomislić,GK,27-302,0.0,,,,,0,,0,0,,1,,,,,,,Matches,
Bosnia-Herzegovina,all_competitions,Squad Total,,26.2,1.0,90.0,90.0,100.0,1.0,11,81.0,6,5,20.0,10,1.0,1.0,1.0,0.0,0.0,,,
Bosnia-Herzegovina,all_competitions,Opponent Total,,27.3,1.0,90.0,90.0,100.0,1.0,11,81.0,6,5,21.0,10,1.0,1.0,1.0,0.0,0.0,,,
Bosnia-Herzegovina,all_competitions,Kerim Alajbegović,MF,18-266,2.0,134.0,67.0,74.4,1.5,2,67.0,0,0,,0,1.0,1.0,1.0,0.0,0.0,0.0,Matches,
Bosnia-Herzegovina,all_competitions,Amar Dedić,DF,23-300,2.0,125.0,63.0,69.4,1.4,2,63.0,0,0,,0,1.0,1.0,1.0,0.0,0.0,0.0,Matches,
Bosnia-Herzegovina,all_competitions,Benjamin Tahirovic,MF,23-103,2.0,120.0,60.0,66.7,1.3,2,60.0,0,0,,0,1.0,1.0,1.0,0.0,0.0,0.0,Matches,
Bosnia-Herzegovina,all_competitions,Esmir Bajraktarevic,MF,21-096,2.0,106.0,53.0,58.9,1.2,2,53.0,0,0,,0,1.0,1.0,1.0,0.0,0.0,0.0,Matches,
Bosnia-Herzegovina,all_competitions,Nikola Katić,DF,29-247,2.0,106.0,53.0,58.9,1.2,2,53.0,0,0,,0,1.0,1.0,1.0,0.0,0.0,0.0,Matches,
Bosnia-Herzegovina,all_competitions,Jovo Lukić,FW,27-198,2.0,106.0,53.0,58.9,1.2,2,53.0,0,0,,0,1.0,1.0,1.0,0.0,0.0,0.0,Matches,
Bosnia-Herzegovina,all_competitions,Ermedin Demirović,FW,28-081,2.0,134.0,67.0,74.4,1.5,1,89.0,0,1,45.0,0,1.0,1.0,1.0,0.0,0.0,0.0,Matches,
Bosnia-Herzegovina,all_competitions,Tarik Muharemovic,DF,23-106,2.0,134.0,67.0,74.4,1.5,1,89.0,0,1,45.0,0,1.0,1.0,1.0,0.0,0.0,0.0,Matches,
Bosnia-Herzegovina,all_competitions,Ivan Bašić,MF,24-045,2.0,106.0,53.0,58.9,1.2,1,61.0,0,1,45.0,0,1.0,1.0,1.0,0.0,0.0,0.0,Matches,
Bosnia-Herzegovina,all_competitions,Nikola Vasilj,GK,30-194,1.0,90.0,90.0,50.0,1.0,1,90.0,1,0,,1,1.0,1.0,1.0,0.0,0.0,0.0,Matches,
Bosnia-Herzegovina,all_competitions,Martin Zlomislić,GK,27-302,1.0,90.0,90.0,50.0,1.0,1,90.0,1,0,,1,1.0,0.0,0.0,0.0,0.0,0.0,Matches,
Bosnia-Herzegovina,all_competitions,Sead Kolašinac,DF,32-359,1.0,80.0,80.0,44.4,0.9,1,80.0,0,0,,1,1.0,1.0,1.0,0.0,0.0,0.0,Matches,
Bosnia-Herzegovina,all_competitions,Samed Baždar,FW,22-134,2.0,74.0,37.0,41.1,0.8,1,45.0,0,1,29.0,0,1.0,0.0,0.0,0.0,0.0,0.0,Matches,
Bosnia-Herzegovina,all_competitions,Armin Gigovic,MF,24-069,2.0,74.0,37.0,41.1,0.8,1,45.0,0,1,29.0,0,1.0,0.0,0.0,0.0,0.0,0.0,Matches,
Bosnia-Herzegovina,all_competitions,Nihad Mujakić,DF,28-060,2.0,46.0,23.0,25.6,0.5,1,45.0,0,1,1.0,0,1.0,0.0,0.0,0.0,0.0,0.0,Matches,
Bosnia-Herzegovina,all_competitions,Stjepan Radeljić,DF,28-282,1.0,45.0,45.0,25.0,0.5,1,45.0,0,0,,1,1.0,0.0,0.0,0.0,0.0,0.0,Matches,
Bosnia-Herzegovina,all_competitions,Nidal Čelik,DF,19-332,2.0,74.0,37.0,41.1,0.8,0,,0,2,37.0,0,1.0,0.0,0.0,0.0,0.0,0.0,Matches,
Bosnia-Herzegovina,all_competitions,Amir Hadžiahmetović,MF,29-098,2.0,74.0,37.0,41.1,0.8,0,,0,2,37.0,0,1.0,0.0,0.0,0.0,0.0,0.0,Matches,
Bosnia-Herzegovina,all_competitions,Amar Memić,MF,25-145,2.0,74.0,37.0,41.1,0.8,0,,0,2,37.0,0,1.0,0.0,0.0,0.0,0.0,0.0,Matches,
Bosnia-Herzegovina,all_competitions,Dženis Burnić,MF,28-023,2.0,55.0,28.0,30.6,0.6,0,,0,2,28.0,0,1.0,0.0,0.0,0.0,0.0,0.0,Matches,
Bosnia-Herzegovina,all_competitions,Dennis Hadžikadunić,DF,27-340,2.0,46.0,23.0,25.6,0.5,0,,0,2,23.0,0,1.0,0.0,0.0,0.0,0.0,0.0,Matches,
Bosnia-Herzegovina,all_competitions,Ermin Mahmić,MF,21-092,2.0,46.0,23.0,25.6,0.5,0,,0,2,23.0,0,1.0,0.0,0.0,0.0,0.0,0.0,Matches,
Bosnia-Herzegovina,all_competitions,Arjan Malic,DF,20-290,2.0,41.0,21.0,22.8,0.5,0,,0,2,21.0,0,1.0,0.0,0.0,0.0,0.0,0.0,Matches,
Bosnia-Herzegovina,all_competitions,Edin Džeko,FW,40-089,0.0,,,,,0,,0,0,,2,,,,,,,Matches,
Bosnia-Herzegovina,all_competitions,Osman Hadžikić,GK,30-094,0.0,,,,,0,,0,0,,1,,,,,,,Matches,
Bosnia-Herzegovina,all_competitions,Mladen Jurkas,GK,18-250,0.0,,,,,0,,0,0,,1,,,,,,,Matches,
Bosnia-Herzegovina,all_competitions,Ivan Šunjić,MF,29-248,0.0,,,,,0,,0,0,,1,,,,,,,Matches,
Bosnia-Herzegovina,all_competitions,Squad Total,,25.3,2.0,180.0,90.0,100.0,2.0,22,63.0,2,20,30.0,9,1.0,1.0,1.0,0.0,0.0,,,
Bosnia-Herzegovina,all_competitions,Opponent Total,,28.8,2.0,180.0,90.0,100.0,2.0,22,63.0,5,17,32.0,13,1.0,1.0,1.0,0.0,0.0,,,
Bosnia-Herzegovina,all_competitions,Nikola Vasilj,GK,30.0,10.0,960.0,96.0,100.0,10.7,10,96.0,10,0,,0,1.9,19.0,9.0,10.0,0.94,,Matches,
Bosnia-Herzegovina,all_competitions,Benjamin Tahirovic,MF,22.0,10.0,748.0,75.0,77.9,8.3,9,75.0,1,1,75.0,0,1.9,13.0,7.0,6.0,0.72,-0.98,Matches,
Bosnia-Herzegovina,all_competitions,Edin Džeko,FW,39.0,9.0,715.0,79.0,74.5,7.9,8,86.0,4,1,29.0,1,1.78,13.0,8.0,5.0,0.63,-1.21,Matches,
Bosnia-Herzegovina,all_competitions,Ivan Šunjić,MF,29.0,8.0,655.0,82.0,68.2,7.3,8,82.0,5,0,,1,1.63,8.0,8.0,0.0,0.0,-2.95,Matches,
Bosnia-Herzegovina,all_competitions,Amar Dedić,"DF,FW",23.0,8.0,679.0,85.0,70.7,7.5,7,91.0,4,1,45.0,1,1.88,12.0,7.0,5.0,0.66,-0.94,Matches,
Bosnia-Herzegovina,all_competitions,Ermedin Demirović,FW,27.0,7.0,655.0,94.0,68.2,7.3,7,94.0,5,0,,0,2.0,8.0,5.0,3.0,0.41,-1.65,Matches,
Bosnia-Herzegovina,all_competitions,Tarik Muharemovic,DF,22.0,7.0,645.0,92.0,67.2,7.2,6,100.0,6,1,45.0,3,1.43,10.0,8.0,2.0,0.28,-2.01,Matches,
Bosnia-Herzegovina,all_competitions,Nikola Katić,DF,29.0,7.0,612.0,87.0,63.8,6.8,6,99.0,5,1,19.0,2,1.71,9.0,7.0,2.0,0.29,-1.77,Matches,
Bosnia-Herzegovina,all_competitions,Amar Memić,"MF,DF",25.0,9.0,579.0,64.0,60.3,6.4,6,79.0,2,3,34.0,1,1.78,13.0,7.0,6.0,0.93,-0.01,Matches,
Bosnia-Herzegovina,all_competitions,Arjan Malic,"DF,FW",20.0,5.0,330.0,66.0,34.4,3.7,5,66.0,0,0,,0,2.6,4.0,3.0,1.0,0.27,-1.01,Matches,
Bosnia-Herzegovina,all_competitions,Armin Gigovic,"MF,FW",23.0,8.0,325.0,41.0,33.9,3.6,5,57.0,0,3,13.0,2,1.88,6.0,5.0,1.0,0.28,-1.0,Matches,
Bosnia-Herzegovina,all_competitions,Esmir Bajraktarevic,MF,20.0,7.0,510.0,73.0,53.1,5.7,4,105.0,4,3,30.0,0,1.43,11.0,5.0,6.0,1.06,0.26,Matches,
Bosnia-Herzegovina,all_competitions,Adrian Leon Barišić,DF,24.0,4.0,296.0,74.0,30.8,3.3,4,74.0,2,0,,2,3.0,9.0,1.0,8.0,2.43,2.16,Matches,
Bosnia-Herzegovina,all_competitions,Sead Kolašinac,DF,32.0,4.0,286.0,72.0,29.8,3.2,4,72.0,2,0,,1,1.8,4.0,4.0,0.0,0.0,-1.34,Matches,
Bosnia-Herzegovina,all_competitions,Dženis Burnić,"DF,MF",27.0,8.0,406.0,51.0,42.3,4.5,3,77.0,1,5,35.0,1,2.25,7.0,2.0,5.0,1.11,0.3,Matches,
Bosnia-Herzegovina,all_competitions,Stjepan Radeljić,DF,28.0,3.0,270.0,90.0,28.1,3.0,3,90.0,3,0,,2,3.0,9.0,1.0,8.0,2.67,2.41,Matches,
Bosnia-Herzegovina,all_competitions,Haris Hajradinović,"MF,FW",31.0,3.0,222.0,74.0,23.1,2.5,3,74.0,1,0,,2,3.0,4.0,1.0,3.0,1.22,0.36,Matches,
Bosnia-Herzegovina,all_competitions,Kerim Alajbegović,"MF,FW",18.0,7.0,359.0,51.0,37.4,4.0,2,77.0,1,5,41.0,0,1.43,13.0,1.0,12.0,3.01,3.31,Matches,
Bosnia-Herzegovina,all_competitions,Ivan Bašić,MF,23.0,7.0,288.0,41.0,30.0,3.2,2,80.0,1,5,26.0,3,1.71,9.0,2.0,7.0,2.19,1.79,Matches,
Bosnia-Herzegovina,all_competitions,Samed Baždar,"MF,FW",22.0,7.0,224.0,32.0,23.3,2.5,2,53.0,0,5,24.0,3,2.29,4.0,1.0,3.0,1.21,0.35,Matches,
Bosnia-Herzegovina,all_competitions,Nihad Mujakić,DF,27.0,4.0,169.0,42.0,17.6,1.9,2,66.0,0,2,19.0,5,1.25,6.0,4.0,2.0,1.07,0.15,Matches,
Bosnia-Herzegovina,all_competitions,Haris Tabaković,FW,31.0,4.0,200.0,50.0,20.8,2.2,1,62.0,0,3,46.0,1,1.5,6.0,0.0,6.0,2.7,2.23,Matches,
Bosnia-Herzegovina,all_competitions,Jusuf Gazibegović,DF,25.0,2.0,123.0,62.0,12.8,1.4,1,90.0,1,1,33.0,0,1.5,6.0,1.0,5.0,3.66,3.12,Matches,
Bosnia-Herzegovina,all_competitions,Dennis Hadžikadunić,DF,27.0,1.0,90.0,90.0,9.4,1.0,1,90.0,1,0,,2,1.0,1.0,1.0,0.0,0.0,-1.03,Matches,
Bosnia-Herzegovina,all_competitions,Emir Karic,DF,28.0,1.0,70.0,70.0,7.3,0.8,1,70.0,0,0,,0,1.0,1.0,0.0,1.0,1.29,0.38,Matches,
Bosnia-Herzegovina,all_competitions,Dario Šarić,MF,28.0,2.0,58.0,29.0,6.0,0.6,0,,0,2,29.0,3,3.0,1.0,0.0,1.0,1.55,0.65,Matches,
Bosnia-Herzegovina,all_competitions,Amir Hadžiahmetović,MF,28.0,4.0,51.0,13.0,5.3,0.6,0,,0,4,13.0,0,1.5,1.0,0.0,1.0,1.76,0.87,Matches,
Bosnia-Herzegovina,all_competitions,Eman Košpo,DF,18.0,1.0,15.0,15.0,1.6,0.2,0,,0,1,15.0,1,3.0,3.0,0.0,3.0,18.0,17.33,Matches,
Bosnia-Herzegovina,all_competitions,Ermin Bičakčić,DF,36.0,2.0,11.0,6.0,1.1,0.1,0,,0,2,6.0,1,3.0,0.0,0.0,0.0,0.0,-0.95,Matches,
Bosnia-Herzegovina,all_competitions,Nail Omerovic,"DF,MF",23.0,1.0,8.0,8.0,0.8,0.1,0,,0,1,8.0,1,1.0,0.0,1.0,-1.0,-11.25,-12.29,Matches,
Bosnia-Herzegovina,all_competitions,Dino Beširović,MF,32.0,1.0,1.0,1.0,0.1,0.0,0,,0,1,1.0,0,1.0,0.0,1.0,-1.0,-90.0,-91.03,Matches,
Bosnia-Herzegovina,all_competitions,Nidal Čelik,DF,19.0,0.0,,,,,0,,0,0,,2,,,,,,,Matches,
Bosnia-Herzegovina,all_competitions,Osman Hadžikić,GK,29.0,0.0,,,,,0,,0,0,,10,,,,,,,Matches,
Bosnia-Herzegovina,all_competitions,Denis Huseinbasic,MF,24.0,0.0,,,,,0,,0,0,,1,,,,,,,Matches,
Bosnia-Herzegovina,all_competitions,Luka Kulenović,FW,26.0,0.0,,,,,0,,0,0,,1,,,,,,,Matches,
Bosnia-Herzegovina,all_competitions,Luka Menalo,MF,29.0,0.0,,,,,0,,0,0,,1,,,,,,,Matches,
Bosnia-Herzegovina,all_competitions,Vedad Muftić,GK,24.0,0.0,,,,,0,,0,0,,1,,,,,,,Matches,
Bosnia-Herzegovina,all_competitions,Martin Zlomislić,GK,27.0,0.0,,,,,0,,0,0,,9,,,,,,,Matches,
Bosnia-Herzegovina,all_competitions,Squad Total,,26.9,10.0,960.0,96.0,100.0,10.7,110,83.0,59,51,28.0,64,1.9,19.0,9.0,10.0,0.94,,,
Bosnia-Herzegovina,all_competitions,Opponent Total,,27.5,10.0,960.0,96.0,100.0,10.7,110,83.0,60,47,25.0,73,0.7,9.0,19.0,-10.0,-0.94,,,
Bosnia-Herzegovina,all_competitions,Nikola Vasilj,GK,30-194,12.0,"1,140",95.0,92.7,12.7,12,95.0,12,0,,1,1.75,21.0,11.0,10.0,0.79,0.79,Matches,
Bosnia-Herzegovina,all_competitions,Benjamin Tahirovic,MF,23-103,13.0,958,74.0,77.9,10.6,12,74.0,2,1,75.0,0,1.69,15.0,9.0,6.0,0.56,-0.76,Matches,
Bosnia-Herzegovina,all_competitions,Amar Dedić,DF,23-300,11.0,894,81.0,72.7,9.9,10,85.0,5,1,45.0,1,1.64,14.0,9.0,5.0,0.5,-0.84,Matches,
Bosnia-Herzegovina,all_competitions,Ermedin Demirović,FW,28-081,10.0,879,88.0,71.5,9.8,9,93.0,6,1,45.0,0,1.7,10.0,7.0,3.0,0.31,-1.49,Matches,
Bosnia-Herzegovina,all_competitions,Tarik Muharemovic,DF,23-106,10.0,869,87.0,70.7,9.7,8,97.0,7,2,45.0,3,1.3,12.0,10.0,2.0,0.21,-1.79,Matches,
Bosnia-Herzegovina,all_competitions,Nikola Katić,DF,29-247,10.0,808,81.0,65.7,9.0,9,88.0,6,1,19.0,2,1.5,11.0,9.0,2.0,0.22,-1.48,Matches,
Bosnia-Herzegovina,all_competitions,Amar Memić,MF,25-145,12.0,726,61.0,59.0,8.1,7,78.0,2,5,35.0,1,1.59,14.0,7.0,7.0,0.87,0.33,Matches,
Bosnia-Herzegovina,all_competitions,Edin Džeko,FW,40-089,9.0,715,79.0,58.1,7.9,8,86.0,4,1,29.0,4,1.78,13.0,8.0,5.0,0.63,-1.21,Matches,
Bosnia-Herzegovina,all_competitions,Esmir Bajraktarevic,MF,21-096,10.0,689,69.0,56.0,7.7,7,86.0,4,3,30.0,0,1.3,13.0,6.0,7.0,0.91,0.42,Matches,
Bosnia-Herzegovina,all_competitions,Ivan Šunjić,MF,29-248,9.0,672,75.0,54.6,7.5,8,82.0,5,1,17.0,2,1.56,8.0,9.0,-1.0,-0.13,-2.75,Matches,
Bosnia-Herzegovina,all_competitions,Kerim Alajbegović,MF,18-266,10.0,510,51.0,41.5,5.7,4,72.0,1,6,37.0,0,1.3,14.0,3.0,11.0,1.94,2.07,Matches,
Bosnia-Herzegovina,all_competitions,Dženis Burnić,MF,28-023,11.0,468,43.0,38.0,5.2,3,77.0,1,8,30.0,1,1.91,7.0,2.0,5.0,0.96,0.37,Matches,
Bosnia-Herzegovina,all_competitions,Ivan Bašić,MF,24-045,10.0,455,46.0,37.0,5.1,4,71.0,1,6,29.0,3,1.5,11.0,3.0,8.0,1.58,1.35,Matches,
Bosnia-Herzegovina,all_competitions,Sead Kolašinac,DF,32-359,6.0,449,75.0,36.5,5.0,6,75.0,2,0,,2,1.53,6.0,6.0,0.0,0.0,-1.15,Matches,
Bosnia-Herzegovina,all_competitions,Armin Gigovic,MF,24-069,11.0,428,39.0,34.8,4.8,6,55.0,0,5,19.0,2,1.64,6.0,6.0,0.0,0.0,-1.12,Matches,
Bosnia-Herzegovina,all_competitions,Arjan Malic,DF,20-290,7.0,371,53.0,30.2,4.1,5,66.0,0,2,21.0,1,2.14,4.0,3.0,1.0,0.24,-0.81,Matches,
Bosnia-Herzegovina,all_competitions,Samed Baždar,FW,22-134,10.0,327,33.0,26.6,3.6,3,50.0,0,7,25.0,3,1.9,4.0,2.0,2.0,0.55,-0.25,Matches,
Bosnia-Herzegovina,all_competitions,Stjepan Radeljić,DF,28-282,4.0,315,79.0,25.6,3.5,4,79.0,3,0,,4,2.5,9.0,1.0,8.0,2.29,2.07,Matches,
Bosnia-Herzegovina,all_competitions,Adrian Leon Barišić,DF,24-330,4.0,296,74.0,30.8,3.3,4,74.0,2,0,,2,3.0,9.0,1.0,8.0,2.43,2.16,Matches,
Bosnia-Herzegovina,all_competitions,Haris Hajradinović,"MF,FW",32-116,3.0,222,74.0,23.1,2.5,3,74.0,1,0,,2,3.0,4.0,1.0,3.0,1.22,0.36,Matches,
Bosnia-Herzegovina,all_competitions,Nihad Mujakić,DF,28-060,6.0,215,36.0,17.5,2.4,3,59.0,0,3,13.0,6,1.17,6.0,4.0,2.0,0.84,0.06,Matches,
Bosnia-Herzegovina,all_competitions,Haris Tabaković,FW,31-359,4.0,200,50.0,19.0,2.2,1,62.0,0,3,46.0,2,1.5,6.0,0.0,6.0,2.7,2.23,Matches,
Bosnia-Herzegovina,all_competitions,Jovo Lukić,FW,27-198,3.0,167,56.0,61.9,1.9,3,56.0,0,0,,0,1.0,2.0,1.0,1.0,0.54,1.41,Matches,
Bosnia-Herzegovina,all_competitions,Dennis Hadžikadunić,DF,27-340,3.0,136,45.0,11.1,1.5,1,90.0,1,2,23.0,3,1.0,1.0,1.0,0.0,0.0,-0.9,Matches,
Bosnia-Herzegovina,all_competitions,Amir Hadžiahmetović,MF,29-098,6.0,125,21.0,10.2,1.4,0,,0,6,21.0,1,1.33,1.0,0.0,1.0,0.72,-0.08,Matches,
Bosnia-Herzegovina,all_competitions,Jusuf Gazibegović,DF,26-095,2.0,123,62.0,12.8,1.4,1,90.0,1,1,33.0,0,1.5,6.0,1.0,5.0,3.66,3.12,Matches,
Bosnia-Herzegovina,all_competitions,Martin Zlomislić,GK,27-302,1.0,90,90.0,7.3,1.0,1,90.0,1,0,,11,1.0,0.0,0.0,0.0,0.0,0.0,Matches,
Bosnia-Herzegovina,all_competitions,Nidal Čelik,DF,19-332,2.0,74,37.0,6.5,0.8,0,,0,2,37.0,2,1.0,0.0,0.0,0.0,0.0,0.0,Matches,
Bosnia-Herzegovina,all_competitions,Emir Karic,DF,29-005,1.0,70,70.0,7.3,0.8,1,70.0,0,0,,0,1.0,1.0,0.0,1.0,1.29,0.38,Matches,
Bosnia-Herzegovina,all_competitions,Dario Šarić,MF,29-015,2.0,58,29.0,6.0,0.6,0,,0,2,29.0,3,3.0,1.0,0.0,1.0,1.55,0.65,Matches,
Bosnia-Herzegovina,all_competitions,Ermin Mahmić,MF,21-092,2.0,46,23.0,17.0,0.5,0,,0,2,23.0,1,1.0,0.0,0.0,0.0,0.0,0.0,Matches,
Bosnia-Herzegovina,all_competitions,Eman Košpo,DF,19-028,1.0,15,15.0,1.6,0.2,0,,0,1,15.0,1,3.0,3.0,0.0,3.0,18.0,17.33,Matches,
Bosnia-Herzegovina,all_competitions,Ermin Bičakčić,DF,36-141,2.0,11,6.0,1.1,0.1,0,,0,2,6.0,1,3.0,0.0,0.0,0.0,0.0,-0.95,Matches,
Bosnia-Herzegovina,all_competitions,Nail Omerovic,"DF,MF",23-237,1.0,8,8.0,0.8,0.1,0,,0,1,8.0,1,1.0,0.0,1.0,-1.0,-11.25,-12.29,Matches,
Bosnia-Herzegovina,all_competitions,Dino Beširović,MF,32-134,1.0,1,1.0,0.1,0.0,0,,0,1,1.0,0,1.0,0.0,1.0,-1.0,-90.0,-91.03,Matches,
Bosnia-Herzegovina,all_competitions,Luka Menalo,MF,29-327,0.0,,,,,0,,0,0,,1,,,,,,,Matches,
Bosnia-Herzegovina,all_competitions,Denis Huseinbasic,MF,24-346,0.0,,,,,0,,0,0,,1,,,,,,,Matches,
Bosnia-Herzegovina,all_competitions,Osman Hadžikić,GK,30-094,0.0,,,,,0,,0,0,,11,,,,,,,Matches,
Bosnia-Herzegovina,all_competitions,Vedad Muftić,GK,24-232,0.0,,,,,0,,0,0,,1,,,,,,,Matches,
Bosnia-Herzegovina,all_competitions,Luka Kulenović,FW,26-258,0.0,,,,,0,,0,0,,1,,,,,,,Matches,
Bosnia-Herzegovina,all_competitions,Mladen Jurkas,GK,18-250,0.0,,,,,0,,0,0,,2,,,,,,,Matches,
Brazil,all_competitions,Alisson,GK,33-255,1.0,90.0,90.0,100.0,1.0,1,90.0,1,0,,0,1.0,1.0,1.0,0.0,0.0,,Matches,
Brazil,all_competitions,Vinicius Júnior,FW,25-337,1.0,90.0,90.0,100.0,1.0,1,90.0,1,0,,0,1.0,1.0,1.0,0.0,0.0,,Matches,
Brazil,all_competitions,Gabriel Magalhães,DF,28-177,1.0,90.0,90.0,100.0,1.0,1,90.0,1,0,,0,1.0,1.0,1.0,0.0,0.0,,Matches,
Brazil,all_competitions,Marquinhos,DF,32-031,1.0,90.0,90.0,100.0,1.0,1,90.0,1,0,,0,1.0,1.0,1.0,0.0,0.0,,Matches,
Brazil,all_competitions,Raphinha,MF,29-182,1.0,90.0,90.0,100.0,1.0,1,90.0,1,0,,0,1.0,1.0,1.0,0.0,0.0,,Matches,
Brazil,all_competitions,Douglas Santos,DF,32-084,1.0,90.0,90.0,100.0,1.0,1,90.0,1,0,,0,1.0,1.0,1.0,0.0,0.0,,Matches,
Brazil,all_competitions,Bruno Guimarães,MF,28-210,1.0,79.0,79.0,87.8,0.9,1,79.0,0,0,,0,1.0,1.0,1.0,0.0,0.0,0.0,Matches,
Brazil,all_competitions,Igor Thiago,FW,24-353,1.0,61.0,61.0,67.8,0.7,1,61.0,0,0,,0,1.0,1.0,1.0,0.0,0.0,0.0,Matches,
Brazil,all_competitions,Lucas Paquetá,MF,28-291,1.0,60.0,60.0,66.7,0.7,1,60.0,0,0,,0,1.0,1.0,1.0,0.0,0.0,0.0,Matches,
Brazil,all_competitions,Casemiro,MF,34-111,1.0,45.0,45.0,50.0,0.5,1,45.0,0,0,,0,1.0,1.0,1.0,0.0,0.0,0.0,Matches,
Brazil,all_competitions,Roger Ibanez,DF,27-203,1.0,45.0,45.0,50.0,0.5,1,45.0,0,0,,0,1.0,1.0,1.0,0.0,0.0,0.0,Matches,
Brazil,all_competitions,Danilo,"DF,MF",34-334,1.0,45.0,45.0,50.0,0.5,0,,0,1,45.0,0,1.0,0.0,0.0,0.0,0.0,0.0,Matches,
Brazil,all_competitions,Fabinho,"DF,MF",32-234,1.0,45.0,45.0,50.0,0.5,0,,0,1,45.0,0,1.0,0.0,0.0,0.0,0.0,0.0,Matches,
Brazil,all_competitions,Matheus Cunha,"FW,MF",27-018,1.0,30.0,30.0,33.3,0.3,0,,0,1,30.0,0,1.0,0.0,0.0,0.0,0.0,0.0,Matches,
Brazil,all_competitions,Luiz Henrique,"FW,MF",25-163,1.0,29.0,29.0,32.2,0.3,0,,0,1,29.0,0,1.0,0.0,0.0,0.0,0.0,0.0,Matches,
Brazil,all_competitions,Danilo Santos,MF,25-046,1.0,11.0,11.0,12.2,0.1,0,,0,1,11.0,0,1.0,0.0,0.0,0.0,0.0,0.0,Matches,
Brazil,all_competitions,Gleison Bremer,DF,29-088,0.0,,,,,0,,0,0,,1,,,,,,,Matches,
Brazil,all_competitions,Ederson,GK,32-301,0.0,,,,,0,,0,0,,1,,,,,,,Matches,
Brazil,all_competitions,Éderson,MF,26-342,0.0,,,,,0,,0,0,,1,,,,,,,Matches,
Brazil,all_competitions,Endrick,FW,19-328,0.0,,,,,0,,0,0,,1,,,,,,,Matches,
Brazil,all_competitions,Gabriel Martinelli,"FW,MF",24-361,0.0,,,,,0,,0,0,,1,,,,,,,Matches,
Brazil,all_competitions,Léo Pereira,DF,30-134,0.0,,,,,0,,0,0,,1,,,,,,,Matches,
Brazil,all_competitions,Rayan,MF,19-315,0.0,,,,,0,,0,0,,1,,,,,,,Matches,
Brazil,all_competitions,Alex Sandro,"DF,MF",35-139,0.0,,,,,0,,0,0,,1,,,,,,,Matches,
Brazil,all_competitions,Wéverton,GK,38-183,0.0,,,,,0,,0,0,,1,,,,,,,Matches,
Brazil,all_competitions,Squad Total,,29.8,1.0,90.0,90.0,100.0,1.0,11,75.0,6,5,32.0,9,1.0,1.0,1.0,0.0,0.0,,,
Brazil,all_competitions,Opponent Total,,25.8,1.0,90.0,90.0,100.0,1.0,11,75.0,6,5,15.0,10,1.0,1.0,1.0,0.0,0.0,,,
Brazil,all_competitions,Vinicius Júnior,"FW,MF",25-337,4.0,246.0,62.0,68.3,2.7,4,62.0,1,0,,0,2.25,5.0,4.0,1.0,0.37,-3.58,Matches,
Brazil,all_competitions,Casemiro,MF,34-111,4.0,233.0,58.0,64.7,2.6,4,58.0,0,0,,0,2.25,5.0,4.0,1.0,0.39,-3.16,Matches,
Brazil,all_competitions,Léo Pereira,DF,30-134,4.0,315.0,79.0,87.5,3.5,3,90.0,3,1,45.0,0,2.25,11.0,5.0,6.0,1.71,1.71,Matches,
Brazil,all_competitions,Douglas Santos,DF,32-084,4.0,280.0,70.0,77.8,3.1,3,78.0,1,1,45.0,0,2.25,8.0,4.0,4.0,1.29,-0.96,Matches,
Brazil,all_competitions,Matheus Cunha,"MF,FW",27-018,4.0,235.0,59.0,65.3,2.6,3,63.0,0,1,45.0,0,2.25,4.0,3.0,1.0,0.38,-3.22,Matches,
Brazil,all_competitions,Raphinha,"MF,FW",29-182,3.0,160.0,53.0,44.4,1.8,3,53.0,0,0,,0,2.0,4.0,3.0,1.0,0.56,-1.69,Matches,
Brazil,all_competitions,Wesley,DF,22-281,3.0,131.0,44.0,36.4,1.5,3,44.0,0,0,,0,2.0,3.0,4.0,-1.0,-0.69,-3.44,Matches,
Brazil,all_competitions,Luiz Henrique,MF,25-163,4.0,210.0,53.0,58.3,2.3,2,60.0,0,2,45.0,0,2.25,5.0,2.0,3.0,1.29,-0.51,Matches,
Brazil,all_competitions,Gleison Bremer,DF,29-088,3.0,180.0,60.0,50.0,2.0,2,68.0,1,1,45.0,1,2.0,4.0,3.0,1.0,0.5,-2.0,Matches,
Brazil,all_competitions,Roger Ibanez,DF,27-203,4.0,170.0,43.0,47.2,1.9,2,53.0,0,2,33.0,0,2.25,7.0,2.0,5.0,2.65,2.17,Matches,
Brazil,all_competitions,Marquinhos,DF,32-031,2.0,135.0,68.0,37.5,1.5,2,68.0,1,0,,0,3.0,4.0,2.0,2.0,1.33,-0.27,Matches,
Brazil,all_competitions,Alisson,GK,33-255,2.0,90.0,45.0,25.0,1.0,2,45.0,0,0,,0,3.0,3.0,2.0,1.0,1.0,-0.67,Matches,
Brazil,all_competitions,Bruno Guimarães,MF,28-210,2.0,90.0,45.0,25.0,1.0,2,45.0,0,0,,0,3.0,3.0,2.0,1.0,1.0,-0.67,Matches,
Brazil,all_competitions,Danilo Santos,MF,25-046,4.0,185.0,46.0,51.4,2.1,1,75.0,0,3,37.0,0,2.25,7.0,1.0,6.0,2.92,2.92,Matches,
Brazil,all_competitions,Ederson,GK,32-301,2.0,135.0,68.0,37.5,1.5,1,90.0,1,1,45.0,2,1.5,5.0,3.0,2.0,1.33,-0.27,Matches,
Brazil,all_competitions,Igor Thiago,FW,24-353,4.0,134.0,34.0,37.2,1.5,1,45.0,0,3,30.0,0,2.25,8.0,3.0,5.0,3.36,2.96,Matches,
Brazil,all_competitions,Gabriel Martinelli,MF,24-361,3.0,105.0,35.0,29.2,1.2,1,61.0,0,2,22.0,0,2.0,2.0,2.0,0.0,0.0,-2.12,Matches,
Brazil,all_competitions,João Pedro,FW,24-261,2.0,95.0,48.0,26.4,1.1,1,66.0,0,1,29.0,0,1.5,2.0,1.0,1.0,0.95,-0.75,Matches,
Brazil,all_competitions,Bento,GK,27-004,1.0,90.0,90.0,25.0,1.0,1,90.0,1,0,,1,3.0,3.0,1.0,2.0,2.0,0.67,Matches,
Brazil,all_competitions,Lucas Paquetá,MF,28-291,2.0,90.0,45.0,25.0,1.0,1,45.0,0,1,45.0,0,3.0,5.0,2.0,3.0,3.0,2.0,Matches,
Brazil,all_competitions,Andrey Santos,MF,22-042,2.0,85.0,43.0,23.6,0.9,1,70.0,0,1,15.0,0,1.5,2.0,3.0,-1.0,-1.06,-3.35,Matches,
Brazil,all_competitions,Alex Sandro,DF,35-139,2.0,65.0,33.0,18.1,0.7,1,45.0,0,1,20.0,0,3.0,2.0,1.0,1.0,1.38,-0.14,Matches,
Brazil,all_competitions,Danilo,"DF,MF",34-334,3.0,149.0,50.0,41.4,1.7,0,,0,3,50.0,1,3.0,7.0,2.0,5.0,3.02,2.59,Matches,
Brazil,all_competitions,Fabinho,"DF,MF",32-234,3.0,120.0,40.0,33.3,1.3,0,,0,3,40.0,1,3.0,7.0,2.0,5.0,3.75,3.38,Matches,
Brazil,all_competitions,Endrick,FW,19-328,3.0,105.0,35.0,29.2,1.2,0,,0,3,35.0,1,3.0,7.0,2.0,5.0,4.29,3.93,Matches,
Brazil,all_competitions,Rayan,MF,19-315,2.0,60.0,30.0,16.7,0.7,0,,0,2,30.0,2,3.0,6.0,2.0,4.0,6.0,5.4,Matches,
Brazil,all_competitions,Wéverton,GK,38-183,1.0,45.0,45.0,12.5,0.5,0,,0,1,45.0,1,3.0,1.0,0.0,1.0,2.0,0.57,Matches,
Brazil,all_competitions,Kaiki Bruno,DF,23-098,1.0,15.0,15.0,4.2,0.2,0,,0,1,15.0,1,3.0,2.0,1.0,1.0,6.0,4.7,Matches,
Brazil,all_competitions,Gabriel Sara,MF,26-353,1.0,7.0,7.0,1.9,0.1,0,,0,1,7.0,1,0.0,0.0,0.0,0.0,0.0,-1.53,Matches,
Brazil,all_competitions,Gabriel Magalhães,DF,28-177,0.0,,,,,0,,0,0,,1,,,,,,,Matches,
Brazil,all_competitions,Vitor Reis,DF,20-153,0.0,,,,,0,,0,0,,1,,,,,,,Matches,
Brazil,all_competitions,Hugo Souza,GK,27-134,0.0,,,,,0,,0,0,,2,,,,,,,Matches,
Brazil,all_competitions,Squad Total,,28.7,4.0,360.0,90.0,100.0,4.0,44,62.0,9,35,35.0,16,2.25,12.0,6.0,6.0,1.5,,,
Brazil,all_competitions,Opponent Total,,28.7,4.0,360.0,90.0,100.0,4.0,44,62.0,11,32,23.0,28,0.75,6.0,12.0,-6.0,-1.5,,,
Brazil,all_competitions,Marquinhos,DF,31.0,18.0,"1,515",84.0,93.5,16.8,17,87.0,16,1,30.0,0,1.56,24.0,15.0,9.0,0.53,2.25,Matches,
Brazil,all_competitions,Bruno Guimarães,MF,28.0,17.0,"1,313",77.0,81.0,14.6,16,79.0,4,1,45.0,0,1.65,19.0,10.0,9.0,0.62,1.2,Matches,
Brazil,all_competitions,Gabriel Magalhães,DF,28.0,14.0,"1,225",88.0,75.6,13.6,14,88.0,11,0,,1,1.71,21.0,12.0,9.0,0.66,1.12,Matches,
Brazil,all_competitions,Raphinha,MF,29.0,13.0,"1,051",81.0,64.9,11.7,12,85.0,7,1,30.0,0,1.77,21.0,12.0,9.0,0.77,1.09,Matches,
Brazil,all_competitions,Rodrygo,"MF,FW",25.0,12.0,964,80.0,59.5,10.7,12,80.0,6,0,,0,1.58,14.0,11.0,3.0,0.28,-0.27,Matches,
Brazil,all_competitions,Vinicius Júnior,"FW,MF",25.0,11.0,893,81.0,55.1,9.9,11,81.0,6,0,,0,1.18,8.0,10.0,-2.0,-0.2,-1.32,Matches,
Brazil,all_competitions,Alisson,GK,33.0,9.0,797,89.0,49.2,8.9,9,89.0,8,0,,4,1.44,7.0,6.0,1.0,0.11,-0.54,Matches,
Brazil,all_competitions,Ederson,GK,32.0,8.0,720,90.0,44.4,8.0,8,90.0,8,0,,2,1.88,15.0,7.0,8.0,1.0,1.1,Matches,
Brazil,all_competitions,Casemiro,MF,33.0,7.0,593,85.0,36.6,6.6,7,85.0,5,0,,0,2.0,9.0,3.0,6.0,0.91,0.82,Matches,
Brazil,all_competitions,Danilo,DF,34.0,8.0,577,72.0,35.6,6.4,7,82.0,5,1,2.0,3,2.13,9.0,4.0,5.0,0.78,0.61,Matches,
Brazil,all_competitions,André,MF,24.0,10.0,524,52.0,32.3,5.8,6,80.0,3,4,11.0,3,1.4,5.0,10.0,-5.0,-0.86,-1.84,Matches,
Brazil,all_competitions,Gerson,MF,28.0,10.0,479,48.0,29.6,5.3,5,74.0,2,5,22.0,1,1.9,8.0,3.0,5.0,0.94,0.78,Matches,
Brazil,all_competitions,Guilherme Arana,DF,28.0,6.0,446,74.0,27.5,5.0,5,86.0,3,1,18.0,0,1.17,5.0,8.0,-3.0,-0.61,-1.37,Matches,
Brazil,all_competitions,Vanderson,DF,24.0,6.0,442,74.0,27.3,4.9,5,87.0,3,1,6.0,3,2.33,8.0,2.0,6.0,1.22,1.15,Matches,
Brazil,all_competitions,Richarlison,FW,28.0,8.0,385,48.0,23.8,4.3,5,63.0,0,3,24.0,0,1.75,5.0,2.0,3.0,0.7,0.41,Matches,
Brazil,all_competitions,Gabriel Martinelli,MF,24.0,9.0,408,45.0,25.2,4.5,4,82.0,2,5,16.0,3,1.67,6.0,3.0,3.0,0.66,0.36,Matches,
Brazil,all_competitions,Lucas Paquetá,MF,28.0,7.0,334,48.0,20.6,3.7,4,72.0,1,3,16.0,0,1.57,4.0,3.0,1.0,0.27,-0.15,Matches,
Brazil,all_competitions,Abner,DF,25.0,4.0,320,80.0,19.8,3.6,4,80.0,1,0,,0,2.0,6.0,3.0,3.0,0.84,0.57,Matches,
Brazil,all_competitions,Neymar,MF,33.0,4.0,313,78.0,19.3,3.5,4,78.0,2,0,,0,1.75,7.0,3.0,4.0,1.15,0.94,Matches,
Brazil,all_competitions,Sávio,MF,21.0,6.0,309,52.0,19.1,3.4,4,69.0,0,2,18.0,0,1.83,6.0,4.0,2.0,0.58,0.24,Matches,
Brazil,all_competitions,Igor Jesus,FW,24.0,4.0,276,69.0,17.0,3.1,4,69.0,0,0,,0,2.0,6.0,3.0,3.0,0.98,0.71,Matches,
Brazil,all_competitions,Alexsandro Ribeiro,DF,26.0,3.0,270,90.0,16.7,3.0,3,90.0,3,0,,1,1.33,1.0,1.0,0.0,0.0,-0.47,Matches,
Brazil,all_competitions,Renan Lodi,DF,27.0,3.0,240,80.0,14.8,2.7,3,80.0,1,0,,1,2.0,6.0,2.0,4.0,1.5,1.3,Matches,
Brazil,all_competitions,Luiz Henrique,"MF,FW",25.0,8.0,292,37.0,18.0,3.2,2,61.0,0,6,29.0,0,1.75,7.0,1.0,6.0,1.85,1.78,Matches,
Brazil,all_competitions,João Pedro,FW,24.0,5.0,268,54.0,16.5,3.0,2,65.0,0,3,46.0,3,1.2,2.0,3.0,-1.0,-0.34,-0.87,Matches,
Brazil,all_competitions,Matheus Cunha,MF,26.0,7.0,243,35.0,15.0,2.7,2,73.0,0,5,19.0,1,1.57,4.0,5.0,-1.0,-0.37,-0.89,Matches,
Brazil,all_competitions,Gabriel Jesus,FW,28.0,5.0,241,48.0,14.9,2.7,2,90.0,2,3,20.0,0,1.4,2.0,4.0,-2.0,-0.75,-1.33,Matches,
Brazil,all_competitions,Estêvão Willian,"MF,FW",18.0,7.0,211,30.0,13.0,2.3,2,64.0,0,5,17.0,3,1.29,1.0,0.0,1.0,0.43,0.04,Matches,
Brazil,all_competitions,Wesley,DF,22.0,3.0,192,64.0,11.9,2.1,2,90.0,2,1,12.0,2,2.0,5.0,4.0,1.0,0.47,0.09,Matches,
Brazil,all_competitions,Emerson,DF,27.0,2.0,180,90.0,11.1,2.0,2,90.0,2,0,,1,0.0,1.0,3.0,-2.0,-1.0,-1.56,Matches,
Brazil,all_competitions,Alex Sandro,DF,35.0,2.0,163,82.0,10.1,1.8,2,82.0,1,0,,2,2.0,1.0,0.0,1.0,0.55,0.18,Matches,
Brazil,all_competitions,Carlos Augusto,DF,27.0,2.0,162,81.0,10.0,1.8,2,81.0,1,0,,3,0.0,0.0,2.0,-2.0,-1.11,-1.67,Matches,
Brazil,all_competitions,Endrick,FW,19.0,6.0,146,24.0,9.0,1.6,1,45.0,0,5,20.0,2,1.0,1.0,2.0,-1.0,-0.62,-1.1,Matches,
Brazil,all_competitions,Joelinton,MF,29.0,5.0,143,29.0,8.8,1.6,1,45.0,0,4,25.0,1,1.8,4.0,5.0,-1.0,-0.63,-1.12,Matches,
Brazil,all_competitions,Yan Couto,DF,23.0,2.0,121,61.0,7.5,1.3,1,72.0,0,1,49.0,0,0.5,1.0,2.0,-1.0,-0.74,-1.22,Matches,
Brazil,all_competitions,Andrey Santos,MF,21.0,3.0,110,37.0,6.8,1.2,1,72.0,0,2,19.0,1,1.33,2.0,1.0,1.0,0.82,0.46,Matches,
Brazil,all_competitions,Caio Henrique Oliveira Silva,DF,28.0,2.0,110,55.0,6.8,1.2,1,90.0,1,1,20.0,2,1.5,1.0,2.0,-1.0,-0.82,-1.3,Matches,
Brazil,all_competitions,Bento,GK,26.0,2.0,103,52.0,6.4,1.1,1,90.0,1,1,13.0,12,1.5,2.0,4.0,-2.0,-1.75,-2.28,Matches,
Brazil,all_competitions,Fabrício Bruno,DF,29.0,1.0,90,90.0,5.6,1.0,1,90.0,1,0,,4,0.0,0.0,1.0,-1.0,-1.0,-1.47,Matches,
Brazil,all_competitions,Douglas Santos,DF,31.0,1.0,90,90.0,5.6,1.0,1,90.0,1,0,,1,3.0,3.0,0.0,3.0,3.0,2.76,Matches,
Brazil,all_competitions,Samuel Lino,FW,26.0,1.0,60,60.0,3.7,0.7,1,60.0,0,0,,1,0.0,0.0,1.0,-1.0,-1.5,-1.96,Matches,
Brazil,all_competitions,Vitinho,DF,26.0,1.0,60,60.0,3.7,0.7,1,60.0,0,0,,1,0.0,0.0,1.0,-1.0,-1.5,-1.96,Matches,
Brazil,all_competitions,Murillo,DF,23.0,1.0,45,45.0,2.8,0.5,1,45.0,0,0,,3,0.0,1.0,3.0,-2.0,-4.0,-4.51,Matches,
Brazil,all_competitions,João Gomes,MF,24.0,2.0,51,26.0,3.1,0.6,0,,0,2,26.0,1,1.5,0.0,1.0,-1.0,-1.76,-2.22,Matches,
Brazil,all_competitions,Leo Ortiz,DF,30.0,2.0,46,23.0,2.8,0.5,0,,0,2,23.0,4,1.5,0.0,1.0,-1.0,-1.96,-2.41,Matches,
Brazil,all_competitions,Nino,DF,28.0,1.0,45,45.0,2.8,0.5,0,,0,1,45.0,4,0.0,0.0,1.0,-1.0,-2.0,-2.46,Matches,
Brazil,all_competitions,Lucas Moura,"FW,MF",33.0,2.0,29,15.0,1.8,0.3,0,,0,2,15.0,0,1.5,0.0,0.0,0.0,0.0,-0.4,Matches,
Brazil,all_competitions,Andreas Pereira,MF,30.0,2.0,23,12.0,1.4,0.3,0,,0,2,12.0,4,2.0,2.0,0.0,2.0,7.83,7.54,Matches,
Brazil,all_competitions,Douglas Luiz,MF,27.0,2.0,22,11.0,1.4,0.2,0,,0,2,11.0,0,0.0,0.0,0.0,0.0,0.0,-0.39,Matches,
Brazil,all_competitions,Paulinho,"FW,MF",25.0,1.0,22,22.0,1.4,0.2,0,,0,1,22.0,1,0.0,0.0,2.0,-2.0,-8.18,-8.69,Matches,
Brazil,all_competitions,Raphael Veiga,MF,30.0,3.0,21,7.0,1.3,0.2,0,,0,3,7.0,3,1.0,0.0,0.0,0.0,0.0,-0.39,Matches,
Brazil,all_competitions,Kaio Jorge,FW,24.0,1.0,20,20.0,1.2,0.2,0,,0,1,20.0,0,3.0,2.0,0.0,2.0,9.0,8.72,Matches,
Brazil,all_competitions,Jean Lucas,MF,27.0,1.0,18,18.0,1.1,0.2,0,,0,1,18.0,0,0.0,0.0,0.0,0.0,0.0,-0.39,Matches,
Brazil,all_competitions,David Neres,"FW,MF",28.0,1.0,18,18.0,1.1,0.2,0,,0,1,18.0,1,0.0,0.0,1.0,-1.0,-5.0,-5.45,Matches,
Brazil,all_competitions,Lucas Beraldo,DF,22.0,1.0,17,17.0,1.0,0.2,0,,0,1,17.0,6,3.0,0.0,0.0,0.0,0.0,-0.39,Matches,
Brazil,all_competitions,Wendell,"DF,MF",32.0,1.0,17,17.0,1.0,0.2,0,,0,1,17.0,1,3.0,0.0,0.0,0.0,0.0,-0.39,Matches,
Brazil,all_competitions,Matheus Pereira,"FW,MF",29.0,1.0,13,13.0,0.8,0.1,0,,0,1,13.0,0,3.0,0.0,0.0,0.0,0.0,-0.39,Matches,
Brazil,all_competitions,Pepê,"FW,MF",28.0,1.0,10,10.0,0.6,0.1,0,,0,1,10.0,1,0.0,0.0,0.0,0.0,0.0,-0.39,Matches,
Brazil,all_competitions,Éderson,MF,26.0,1.0,7,7.0,0.4,0.1,0,,0,1,7.0,2,0.0,0.0,0.0,0.0,0.0,-0.39,Matches,
Brazil,all_competitions,Roger Ibanez,DF,27.0,1.0,7,7.0,0.4,0.1,0,,0,1,7.0,1,3.0,1.0,0.0,1.0,12.86,12.52,Matches,
Brazil,all_competitions,Adryelson,DF,27.0,0.0,,,,,0,,0,0,,1,,,,,,,Matches,
Brazil,all_competitions,Antony,"FW,MF",25.0,0.0,,,,,0,,0,0,,2,,,,,,,Matches,
Brazil,all_competitions,Gleison Bremer,DF,28.0,0.0,,,,,0,,0,0,,4,,,,,,,Matches,
Brazil,all_competitions,Dodô,"DF,MF",27.0,0.0,,,,,0,,0,0,,1,,,,,,,Matches,
Brazil,all_competitions,Lucas Perri,GK,28.0,0.0,,,,,0,,0,0,,8,,,,,,,Matches,
Brazil,all_competitions,Hugo Souza,GK,27.0,0.0,,,,,0,,0,0,,4,,,,,,,Matches,
Brazil,all_competitions,Alex Telles,DF,33.0,0.0,,,,,0,,0,0,,3,,,,,,,Matches,
Brazil,all_competitions,Wéverton,GK,38.0,0.0,,,,,0,,0,0,,5,,,,,,,Matches,
Brazil,all_competitions,William,"DF,MF",30.0,0.0,,,,,0,,0,0,,2,,,,,,,Matches,
Brazil,all_competitions,Squad Total,,28.3,18.0,"1,620",90.0,100.0,18.0,198,81.0,109,89,20.0,124,1.56,24.0,17.0,7.0,0.39,,,
Brazil,all_competitions,Opponent Total,,29.2,18.0,"1,620",90.0,100.0,18.0,198,81.0,118,80,22.0,134,1.22,17.0,24.0,-7.0,-0.39,,,
Brazil,all_competitions,Marquinhos,DF,32-031,21.0,"1,740",83.0,84.1,19.3,20,86.0,18,1,30.0,0,1.67,29.0,18.0,11.0,0.57,0.02,Matches,
Brazil,all_competitions,Bruno Guimarães,MF,28-210,20.0,"1,482",74.0,71.6,16.5,19,76.0,4,1,45.0,0,1.75,23.0,13.0,10.0,0.61,0.15,Matches,
Brazil,all_competitions,Gabriel Magalhães,DF,28-177,15.0,"1,315",88.0,63.5,14.6,15,88.0,12,0,,2,1.66,22.0,13.0,9.0,0.62,1.07,Matches,
Brazil,all_competitions,Raphinha,MF,29-182,17.0,"1,301",77.0,62.9,14.5,16,79.0,8,1,30.0,0,1.77,26.0,16.0,10.0,0.69,0.34,Matches,
Brazil,all_competitions,Vinicius Júnior,FW,25-337,16.0,"1,229",77.0,59.4,13.7,16,77.0,8,0,,0,1.44,14.0,15.0,-1.0,-0.07,-1.57,Matches,
Brazil,all_competitions,Alisson,GK,33-255,12.0,977,81.0,47.2,10.9,12,81.0,9,0,,4,1.66,11.0,9.0,2.0,0.18,-0.72,Matches,
Brazil,all_competitions,Rodrygo,"MF,FW",25-156,12.0,964,80.0,59.5,10.7,12,80.0,6,0,,0,1.58,14.0,11.0,3.0,0.28,-0.27,Matches,
Brazil,all_competitions,Casemiro,MF,34-111,12.0,871,73.0,42.1,9.7,12,73.0,5,0,,0,2.0,15.0,8.0,7.0,0.72,0.27,Matches,
Brazil,all_competitions,Ederson,GK,32-301,10.0,855,86.0,41.3,9.5,9,90.0,9,1,45.0,5,1.8,20.0,10.0,10.0,1.05,0.81,Matches,
Brazil,all_competitions,Danilo,"DF,MF",34-334,12.0,771,64.0,37.2,8.6,7,82.0,5,5,39.0,4,2.25,16.0,6.0,10.0,1.17,0.96,Matches,
Brazil,all_competitions,Luiz Henrique,"FW,MF",25-163,13.0,531,41.0,25.7,5.9,4,60.0,0,9,32.0,0,1.85,12.0,3.0,9.0,1.53,1.29,Matches,
Brazil,all_competitions,André,MF,24-333,10.0,524,52.0,32.3,5.8,6,80.0,3,4,11.0,3,1.4,5.0,10.0,-5.0,-0.86,-1.84,Matches,
Brazil,all_competitions,Gabriel Martinelli,"FW,MF",24-361,12.0,513,43.0,24.8,5.7,5,78.0,2,7,18.0,4,1.75,8.0,5.0,3.0,0.53,-0.09,Matches,
Brazil,all_competitions,Matheus Cunha,"FW,MF",27-018,12.0,508,42.0,24.5,5.6,5,67.0,0,7,25.0,1,1.75,8.0,8.0,0.0,0.0,-0.75,Matches,
Brazil,all_competitions,Lucas Paquetá,MF,28-291,10.0,484,48.0,23.4,5.4,6,65.0,1,4,23.0,0,1.8,10.0,6.0,4.0,0.74,0.23,Matches,
Brazil,all_competitions,Gerson,MF,29-025,10.0,479,48.0,29.6,5.3,5,74.0,2,5,22.0,1,1.9,8.0,3.0,5.0,0.94,0.78,Matches,
Brazil,all_competitions,Douglas Santos,DF,32-084,6.0,460,77.0,22.2,5.1,5,83.0,3,1,45.0,1,2.17,12.0,5.0,7.0,1.37,1.03,Matches,
Brazil,all_competitions,Guilherme Arana,DF,29-061,6.0,446,74.0,27.5,5.0,5,86.0,3,1,18.0,0,1.17,5.0,8.0,-3.0,-0.61,-1.37,Matches,
Brazil,all_competitions,Vanderson,DF,24-358,6.0,442,74.0,27.3,4.9,5,87.0,3,1,6.0,3,2.33,8.0,2.0,6.0,1.22,1.15,Matches,
Brazil,all_competitions,Richarlison,FW,29-035,8.0,385,48.0,23.8,4.3,5,63.0,0,3,24.0,0,1.75,5.0,2.0,3.0,0.7,0.41,Matches,
Brazil,all_competitions,João Pedro,FW,24-261,7.0,363,52.0,18.3,4.0,3,65.0,0,4,42.0,3,1.29,4.0,4.0,0.0,0.0,-0.72,Matches,
Brazil,all_competitions,Wesley,DF,22-281,6.0,323,54.0,16.3,3.6,5,62.0,2,1,12.0,2,2.0,8.0,8.0,0.0,0.0,-0.71,Matches,
Brazil,all_competitions,Abner,DF,26-018,4.0,320,80.0,19.8,3.6,4,80.0,1,0,,0,2.0,6.0,3.0,3.0,0.84,0.57,Matches,
Brazil,all_competitions,Léo Pereira,DF,30-134,4.0,315,79.0,70.0,3.5,3,90.0,3,1,45.0,1,2.25,11.0,5.0,6.0,1.71,1.71,Matches,
Brazil,all_competitions,Neymar,MF,34-129,4.0,313,78.0,19.3,3.5,4,78.0,2,0,,0,1.75,7.0,3.0,4.0,1.15,0.94,Matches,
Brazil,all_competitions,Sávio,MF,22-065,6.0,309,52.0,19.1,3.4,4,69.0,0,2,18.0,0,1.83,6.0,4.0,2.0,0.58,0.24,Matches,
Brazil,all_competitions,Igor Jesus,FW,25-109,4.0,276,69.0,17.0,3.1,4,69.0,0,0,,0,2.0,6.0,3.0,3.0,0.98,0.71,Matches,
Brazil,all_competitions,Alexsandro Ribeiro,DF,26-309,3.0,270,90.0,16.7,3.0,3,90.0,3,0,,1,1.33,1.0,1.0,0.0,0.0,-0.47,Matches,
Brazil,all_competitions,Endrick,FW,19-328,9.0,251,28.0,12.1,2.8,1,45.0,0,8,26.0,4,1.67,8.0,4.0,4.0,1.43,0.97,Matches,
Brazil,all_competitions,Gabriel Jesus,FW,29-072,5.0,241,48.0,14.9,2.7,2,90.0,2,3,20.0,0,1.4,2.0,4.0,-2.0,-0.75,-1.33,Matches,
Brazil,all_competitions,Renan Lodi,DF,28-067,3.0,240,80.0,14.8,2.7,3,80.0,1,0,,1,2.0,6.0,2.0,4.0,1.5,1.3,Matches,
Brazil,all_competitions,Alex Sandro,"DF,MF",35-139,4.0,228,57.0,11.0,2.5,3,69.0,1,1,20.0,3,2.5,3.0,1.0,2.0,0.79,0.22,Matches,
Brazil,all_competitions,Roger Ibanez,DF,27-203,6.0,222,37.0,10.7,2.5,3,50.0,0,3,24.0,1,2.17,9.0,3.0,6.0,2.43,2.09,Matches,
Brazil,all_competitions,Estêvão Willian,"MF,FW",19-051,7.0,211,30.0,13.0,2.3,2,64.0,0,5,17.0,3,1.29,1.0,0.0,1.0,0.43,0.04,Matches,
Brazil,all_competitions,Danilo Santos,MF,25-046,5.0,196,39.0,43.6,2.2,1,75.0,0,4,30.0,0,2.0,7.0,1.0,6.0,2.76,2.76,Matches,
Brazil,all_competitions,Igor Thiago,FW,24-353,5.0,195,39.0,43.3,2.2,2,53.0,0,3,30.0,0,2.0,9.0,4.0,5.0,2.31,1.95,Matches,
Brazil,all_competitions,Andrey Santos,MF,22-042,5.0,195,39.0,9.8,2.2,2,71.0,0,3,18.0,1,1.4,4.0,4.0,0.0,0.0,-0.66,Matches,
Brazil,all_competitions,Bento,GK,27-004,3.0,193,64.0,9.7,2.1,2,90.0,2,1,13.0,13,2.0,5.0,5.0,0.0,0.0,-0.65,Matches,
Brazil,all_competitions,Emerson,DF,27-151,2.0,180,90.0,11.1,2.0,2,90.0,2,0,,1,0.0,1.0,3.0,-2.0,-1.0,-1.56,Matches,
Brazil,all_competitions,Gleison Bremer,DF,29-088,3.0,180,60.0,8.7,2.0,2,68.0,1,1,45.0,6,2.0,4.0,3.0,1.0,0.5,-2.0,Matches,
Brazil,all_competitions,Fabinho,"DF,MF",32-234,4.0,165,41.0,36.7,1.8,0,,0,4,41.0,1,2.5,7.0,2.0,5.0,2.73,2.41,Matches,
Brazil,all_competitions,Carlos Augusto,DF,27-158,2.0,162,81.0,10.0,1.8,2,81.0,1,0,,3,0.0,0.0,2.0,-2.0,-1.11,-1.67,Matches,
Brazil,all_competitions,Joelinton,MF,29-304,5.0,143,29.0,8.8,1.6,1,45.0,0,4,25.0,1,1.8,4.0,5.0,-1.0,-0.63,-1.12,Matches,
Brazil,all_competitions,Yan Couto,DF,24-011,2.0,121,61.0,7.5,1.3,1,72.0,0,1,49.0,0,0.5,1.0,2.0,-1.0,-0.74,-1.22,Matches,
Brazil,all_competitions,Caio Henrique Oliveira Silva,DF,28-318,2.0,110,55.0,6.8,1.2,1,90.0,1,1,20.0,2,1.5,1.0,2.0,-1.0,-0.82,-1.3,Matches,
Brazil,all_competitions,Fabrício Bruno,DF,30-122,1.0,90,90.0,5.6,1.0,1,90.0,1,0,,4,0.0,0.0,1.0,-1.0,-1.0,-1.47,Matches,
Brazil,all_competitions,Rayan,MF,19-315,2.0,60,30.0,13.3,0.7,0,,0,2,30.0,3,3.0,6.0,2.0,4.0,6.0,5.4,Matches,
Brazil,all_competitions,Samuel Lino,FW,26-173,1.0,60,60.0,3.7,0.7,1,60.0,0,0,,1,0.0,0.0,1.0,-1.0,-1.5,-1.96,Matches,
Brazil,all_competitions,Vitinho,DF,26-326,1.0,60,60.0,3.7,0.7,1,60.0,0,0,,1,0.0,0.0,1.0,-1.0,-1.5,-1.96,Matches,
Brazil,all_competitions,João Gomes,MF,25-122,2.0,51,26.0,3.1,0.6,0,,0,2,26.0,1,1.5,0.0,1.0,-1.0,-1.76,-2.22,Matches,
Brazil,all_competitions,Leo Ortiz,DF,30-162,2.0,46,23.0,2.8,0.5,0,,0,2,23.0,4,1.5,0.0,1.0,-1.0,-1.96,-2.41,Matches,
Brazil,all_competitions,Murillo,DF,23-345,1.0,45,45.0,2.8,0.5,1,45.0,0,0,,3,0.0,1.0,3.0,-2.0,-4.0,-4.51,Matches,
Brazil,all_competitions,Nino,DF,29-065,1.0,45,45.0,2.8,0.5,0,,0,1,45.0,4,0.0,0.0,1.0,-1.0,-2.0,-2.46,Matches,
Brazil,all_competitions,Wéverton,GK,38-183,1.0,45,45.0,2.2,0.5,0,,0,1,45.0,7,3.0,1.0,0.0,1.0,2.0,0.57,Matches,
Brazil,all_competitions,Lucas Moura,"FW,MF",33-305,2.0,29,15.0,1.8,0.3,0,,0,2,15.0,0,1.5,0.0,0.0,0.0,0.0,-0.4,Matches,
Brazil,all_competitions,Andreas Pereira,MF,30-164,2.0,23,12.0,1.4,0.3,0,,0,2,12.0,4,2.0,2.0,0.0,2.0,7.83,7.54,Matches,
Brazil,all_competitions,Paulinho,"FW,MF",25-334,1.0,22,22.0,1.4,0.2,0,,0,1,22.0,1,0.0,0.0,2.0,-2.0,-8.18,-8.69,Matches,
Brazil,all_competitions,Douglas Luiz,MF,28-036,2.0,22,11.0,1.4,0.2,0,,0,2,11.0,0,0.0,0.0,0.0,0.0,0.0,-0.39,Matches,
Brazil,all_competitions,Raphael Veiga,MF,30-360,3.0,21,7.0,1.3,0.2,0,,0,3,7.0,3,1.0,0.0,0.0,0.0,0.0,-0.39,Matches,
Brazil,all_competitions,Kaio Jorge,FW,24-141,1.0,20,20.0,1.2,0.2,0,,0,1,20.0,0,3.0,2.0,0.0,2.0,9.0,8.72,Matches,
Brazil,all_competitions,David Neres,"FW,MF",29-103,1.0,18,18.0,1.1,0.2,0,,0,1,18.0,1,0.0,0.0,1.0,-1.0,-5.0,-5.45,Matches,
Brazil,all_competitions,Jean Lucas,MF,27-357,1.0,18,18.0,1.1,0.2,0,,0,1,18.0,0,0.0,0.0,0.0,0.0,0.0,-0.39,Matches,
Brazil,all_competitions,Lucas Beraldo,DF,22-202,1.0,17,17.0,1.0,0.2,0,,0,1,17.0,6,3.0,0.0,0.0,0.0,0.0,-0.39,Matches,
Brazil,all_competitions,Wendell,"DF,MF",32-329,1.0,17,17.0,1.0,0.2,0,,0,1,17.0,1,3.0,0.0,0.0,0.0,0.0,-0.39,Matches,
Brazil,all_competitions,Kaiki Bruno,DF,23-098,1.0,15,15.0,4.2,0.2,0,,0,1,15.0,1,3.0,2.0,1.0,1.0,6.0,4.7,Matches,
Brazil,all_competitions,Matheus Pereira,"FW,MF",30-040,1.0,13,13.0,0.8,0.1,0,,0,1,13.0,0,3.0,0.0,0.0,0.0,0.0,-0.39,Matches,
Brazil,all_competitions,Pepê,"FW,MF",29-110,1.0,10,10.0,0.6,0.1,0,,0,1,10.0,1,0.0,0.0,0.0,0.0,0.0,-0.39,Matches,
Brazil,all_competitions,Gabriel Sara,MF,26-353,1.0,7,7.0,1.9,0.1,0,,0,1,7.0,1,0.0,0.0,0.0,0.0,0.0,-1.53,Matches,
Brazil,all_competitions,Éderson,MF,26-342,1.0,7,7.0,0.4,0.1,0,,0,1,7.0,3,0.0,0.0,0.0,0.0,0.0,-0.39,Matches,
Brazil,all_competitions,William,"DF,MF",31-072,0.0,,,,,0,,0,0,,2,,,,,,,Matches,
Brazil,all_competitions,Lucas Perri,GK,28-186,0.0,,,,,0,,0,0,,8,,,,,,,Matches,
Brazil,all_competitions,Dodô,"DF,MF",27-209,0.0,,,,,0,,0,0,,1,,,,,,,Matches,
Brazil,all_competitions,Alex Telles,DF,33-181,0.0,,,,,0,,0,0,,3,,,,,,,Matches,
Brazil,all_competitions,Antony,"FW,MF",26-110,0.0,,,,,0,,0,0,,2,,,,,,,Matches,
Brazil,all_competitions,Hugo Souza,GK,27-134,0.0,,,,,0,,0,0,,6,,,,,,,Matches,
Brazil,all_competitions,Adryelson,DF,28-083,0.0,,,,,0,,0,0,,1,,,,,,,Matches,
Brazil,all_competitions,Vitor Reis,DF,20-153,0.0,,,,,0,,0,0,,1,,,,,,,Matches,
Canada,all_competitions,Derek Cornelius,DF,28-201,1.0,90.0,90.0,100.0,1.0,1,90.0,1,0,,0,1.0,1.0,1.0,0.0,0.0,,Matches,
Canada,all_competitions,Maxime Crépeau,GK,32-034,1.0,90.0,90.0,100.0,1.0,1,90.0,1,0,,0,1.0,1.0,1.0,0.0,0.0,,Matches,
Canada,all_competitions,Luc De Fougerolles,DF,20-245,1.0,90.0,90.0,100.0,1.0,1,90.0,1,0,,0,1.0,1.0,1.0,0.0,0.0,,Matches,
Canada,all_competitions,Alistair Johnston,DF,27-249,1.0,90.0,90.0,100.0,1.0,1,90.0,1,0,,0,1.0,1.0,1.0,0.0,0.0,,Matches,
Canada,all_competitions,Ismaël Koné,MF,23-363,1.0,90.0,90.0,100.0,1.0,1,90.0,1,0,,0,1.0,1.0,1.0,0.0,0.0,,Matches,
Canada,all_competitions,Richie Laryea,DF,31-158,1.0,90.0,90.0,100.0,1.0,1,90.0,1,0,,0,1.0,1.0,1.0,0.0,0.0,,Matches,
Canada,all_competitions,Stephen Eustáquio,MF,29-175,1.0,89.0,89.0,98.9,1.0,1,89.0,0,0,,0,1.0,1.0,1.0,0.0,0.0,0.0,Matches,
Canada,all_competitions,Tani Oluwaseyi,FW,26-030,1.0,75.0,75.0,83.3,0.8,1,75.0,0,0,,0,1.0,0.0,1.0,-1.0,-1.2,-7.2,Matches,
Canada,all_competitions,Tajon Buchanan,MF,27-126,1.0,60.0,60.0,66.7,0.7,1,60.0,0,0,,0,1.0,0.0,1.0,-1.0,-1.5,-4.5,Matches,
Canada,all_competitions,Jonathan David,FW,26-151,1.0,60.0,60.0,66.7,0.7,1,60.0,0,0,,0,1.0,0.0,1.0,-1.0,-1.5,-4.5,Matches,
Canada,all_competitions,Liam Millar,MF,26-260,1.0,60.0,60.0,66.7,0.7,1,60.0,0,0,,0,1.0,0.0,1.0,-1.0,-1.5,-4.5,Matches,
Canada,all_competitions,Ali Ahmed,MF,25-247,1.0,30.0,30.0,33.3,0.3,0,,0,1,30.0,0,1.0,1.0,0.0,1.0,3.0,4.5,Matches,
Canada,all_competitions,Promise David,FW,24-346,1.0,30.0,30.0,33.3,0.3,0,,0,1,30.0,0,1.0,1.0,0.0,1.0,3.0,4.5,Matches,
Canada,all_competitions,Jacob Shaffelburg,MF,26-200,1.0,30.0,30.0,33.3,0.3,0,,0,1,30.0,0,1.0,1.0,0.0,1.0,3.0,4.5,Matches,
Canada,all_competitions,Cyle Larin,"FW,MF",31-058,1.0,15.0,15.0,16.7,0.2,0,,0,1,15.0,0,1.0,1.0,0.0,1.0,6.0,7.2,Matches,
Canada,all_competitions,Jonathan Osorio,MF,34-002,1.0,1.0,1.0,1.1,0.0,0,,0,1,1.0,0,1.0,0.0,0.0,0.0,0.0,0.0,Matches,
Canada,all_competitions,Moïse Bombito,DF,26-076,0.0,,,,,0,,0,0,,1,,,,,,,Matches,
Canada,all_competitions,Mathieu Choinière,MF,27-127,0.0,,,,,0,,0,0,,1,,,,,,,Matches,
Canada,all_competitions,Alphonso Davies,"DF,FW",25-224,0.0,,,,,0,,0,0,,1,,,,,,,Matches,
Canada,all_competitions,Owen Goodman,GK,22-199,0.0,,,,,0,,0,0,,1,,,,,,,Matches,
Canada,all_competitions,Alfie Jones,"DF,MF",28-250,0.0,,,,,0,,0,0,,1,,,,,,,Matches,
Canada,all_competitions,Jayden Nelson,"FW,MF",23-261,0.0,,,,,0,,0,0,,1,,,,,,,Matches,
Canada,all_competitions,Nathan Saliba,MF,22-127,0.0,,,,,0,,0,0,,1,,,,,,,Matches,
Canada,all_competitions,Niko Sigur,"DF,MF",22-278,0.0,,,,,0,,0,0,,1,,,,,,,Matches,
Canada,all_competitions,Dayne St. Clair,GK,29-036,0.0,,,,,0,,0,0,,1,,,,,,,Matches,
Canada,all_competitions,Joel Waterman,DF,30-141,0.0,,,,,0,,0,0,,1,,,,,,,Matches,
Canada,all_competitions,Squad Total,,27.3,1.0,90.0,90.0,100.0,1.0,11,80.0,6,5,21.0,10,1.0,1.0,1.0,0.0,0.0,,,
Canada,all_competitions,Opponent Total,,26.2,1.0,90.0,90.0,100.0,1.0,11,80.0,6,5,20.0,10,1.0,1.0,1.0,0.0,0.0,,,
Canada,all_competitions,Jonathan David,FW,26-151,4.0,320.0,80.0,88.9,3.6,4,80.0,1,0,,0,1.5,4.0,3.0,1.0,0.28,-1.97,Matches,
Canada,all_competitions,Richie Laryea,DF,31-158,4.0,256.0,64.0,71.1,2.8,4,64.0,1,0,,0,1.5,3.0,3.0,0.0,0.0,-1.73,Matches,
Canada,all_competitions,Maxime Crépeau,GK,32-034,3.0,225.0,75.0,62.5,2.5,3,75.0,2,0,,1,1.67,1.0,1.0,0.0,0.0,-1.33,Matches,
Canada,all_competitions,Ismaël Koné,MF,23-363,3.0,225.0,75.0,62.5,2.5,3,75.0,2,0,,1,1.67,1.0,1.0,0.0,0.0,-1.33,Matches,
Canada,all_competitions,Tajon Buchanan,MF,27-126,3.0,210.0,70.0,58.3,2.3,3,70.0,0,0,,0,1.67,3.0,3.0,0.0,0.0,-1.2,Matches,
Canada,all_competitions,Liam Millar,MF,26-260,4.0,210.0,53.0,58.3,2.3,3,69.0,0,1,4.0,0,1.5,1.0,1.0,0.0,0.0,-1.2,Matches,
Canada,all_competitions,Cyle Larin,FW,31-058,3.0,180.0,60.0,50.0,2.0,3,60.0,0,0,,1,1.67,1.0,3.0,-2.0,-1.0,-3.0,Matches,
Canada,all_competitions,Niko Sigur,DF,22-278,4.0,285.0,71.0,79.2,3.2,2,90.0,2,2,53.0,0,1.5,4.0,3.0,1.0,0.32,-0.88,Matches,
Canada,all_competitions,Derek Cornelius,DF,28-201,4.0,208.0,52.0,57.8,2.3,2,80.0,1,2,25.0,0,1.5,2.0,1.0,1.0,0.43,-0.16,Matches,
Canada,all_competitions,Nathan Saliba,MF,22-127,4.0,191.0,48.0,53.1,2.1,2,71.0,0,2,25.0,0,1.5,4.0,2.0,2.0,0.94,0.94,Matches,
Canada,all_competitions,Joel Waterman,DF,30-141,2.0,147.0,74.0,40.8,1.6,2,74.0,1,0,,2,1.0,2.0,2.0,0.0,0.0,-0.85,Matches,
Canada,all_competitions,Stephen Eustáquio,MF,29-175,2.0,131.0,66.0,36.4,1.5,2,66.0,0,0,,0,2.0,1.0,1.0,0.0,0.0,-0.79,Matches,
Canada,all_competitions,Alistair Johnston,DF,27-249,2.0,90.0,45.0,25.0,1.0,2,45.0,0,0,,0,2.0,1.0,0.0,1.0,1.0,0.67,Matches,
Canada,all_competitions,Luc De Fougerolles,DF,20-245,2.0,149.0,75.0,41.4,1.7,1,90.0,1,1,59.0,2,2.0,3.0,1.0,2.0,1.21,1.21,Matches,
Canada,all_competitions,Kamal Miller,DF,29-029,2.0,139.0,70.0,38.6,1.5,1,74.0,0,1,65.0,0,1.0,2.0,2.0,0.0,0.0,-0.81,Matches,
Canada,all_competitions,Dayne St. Clair,GK,29-036,2.0,135.0,68.0,37.5,1.5,1,90.0,1,1,45.0,2,2.0,4.0,2.0,2.0,1.33,1.33,Matches,
Canada,all_competitions,Mathieu Choinière,MF,27-127,2.0,108.0,54.0,30.0,1.2,1,63.0,0,1,45.0,2,2.0,2.0,2.0,0.0,0.0,-0.71,Matches,
Canada,all_competitions,Tani Oluwaseyi,FW,26-030,3.0,106.0,35.0,29.4,1.2,1,57.0,0,2,25.0,1,1.67,2.0,0.0,2.0,1.7,1.7,Matches,
Canada,all_competitions,Marcelo Flores,MF,22-256,2.0,103.0,52.0,28.6,1.1,1,75.0,0,1,28.0,0,1.0,2.0,0.0,2.0,1.75,1.75,Matches,
Canada,all_competitions,Ali Ahmed,MF,25-247,2.0,77.0,39.0,21.4,0.9,1,62.0,0,1,15.0,1,1.0,0.0,2.0,-2.0,-2.34,-3.61,Matches,
Canada,all_competitions,Ralph Priso-Mbongue,DF,23-316,3.0,75.0,25.0,20.8,0.8,1,25.0,0,2,25.0,1,1.67,2.0,0.0,2.0,2.4,2.4,Matches,
Canada,all_competitions,Moïse Bombito,DF,26-076,1.0,31.0,31.0,8.6,0.3,1,31.0,0,0,,1,3.0,0.0,0.0,0.0,0.0,-0.55,Matches,
Canada,all_competitions,Jonathan Osorio,MF,34-002,3.0,105.0,35.0,29.2,1.2,0,,0,3,35.0,1,1.67,4.0,0.0,4.0,3.43,4.13,Matches,
Canada,all_competitions,Daniel Jebbison,FW,22-305,2.0,60.0,30.0,16.7,0.7,0,,0,2,30.0,0,1.0,2.0,0.0,2.0,3.0,3.0,Matches,
Canada,all_competitions,Jayden Nelson,"FW,MF",23-261,2.0,49.0,25.0,13.6,0.5,0,,0,2,25.0,0,2.0,2.0,0.0,2.0,3.67,3.67,Matches,
Canada,all_competitions,Promise David,FW,24-346,2.0,39.0,20.0,10.8,0.4,0,,0,2,20.0,0,2.0,1.0,0.0,1.0,2.31,2.03,Matches,
Canada,all_competitions,Zorhan Bassong,"DF,MF",27-038,1.0,29.0,29.0,8.1,0.3,0,,0,1,29.0,1,1.0,0.0,0.0,0.0,0.0,-0.54,Matches,
Canada,all_competitions,Alfie Jones,"DF,MF",28-250,1.0,21.0,21.0,5.8,0.2,0,,0,1,21.0,1,3.0,1.0,0.0,1.0,4.29,4.02,Matches,
Canada,all_competitions,Junior Hoilett,"FW,MF",36-009,1.0,15.0,15.0,4.2,0.2,0,,0,1,15.0,1,1.0,0.0,0.0,0.0,0.0,-0.52,Matches,
Canada,all_competitions,Jahkeele Marshall-Rutty,"DF,MF",21-363,1.0,15.0,15.0,4.2,0.2,0,,0,1,15.0,1,1.0,0.0,0.0,0.0,0.0,-0.52,Matches,
Canada,all_competitions,Jacen Russell-Rowe,FW,23-274,1.0,15.0,15.0,4.2,0.2,0,,0,1,15.0,1,1.0,0.0,0.0,0.0,0.0,-0.52,Matches,
Canada,all_competitions,Owen Goodman,GK,22-199,0.0,,,,,0,,0,0,,4,,,,,,,Matches,
Canada,all_competitions,Aribim Pepple,FW,23-171,0.0,,,,,0,,0,0,,2,,,,,,,Matches,
Canada,all_competitions,Squad Total,,27.1,4.0,360.0,90.0,100.0,4.0,44,69.0,12,31,29.0,27,1.5,5.0,3.0,2.0,0.5,,,
Canada,all_competitions,Opponent Total,,26.8,4.0,360.0,90.0,100.0,4.0,44,69.0,20,24,24.0,30,0.75,3.0,5.0,-2.0,-0.5,,,
Canada,all_competitions,Jonathan David,FW,26-151,5.0,380.0,76.0,84.4,4.2,5,76.0,1,0,,0,1.4,4.0,4.0,0.0,0.0,-2.57,Matches,
Canada,all_competitions,Richie Laryea,DF,31-158,5.0,346.0,69.0,76.9,3.8,5,69.0,2,0,,0,1.4,4.0,4.0,0.0,0.0,-1.73,Matches,
Canada,all_competitions,Maxime Crépeau,GK,32-034,4.0,315.0,79.0,70.0,3.5,4,79.0,3,0,,1,1.5,2.0,2.0,0.0,0.0,-1.33,Matches,
Canada,all_competitions,Ismaël Koné,MF,23-363,4.0,315.0,79.0,70.0,3.5,4,79.0,3,0,,1,1.5,2.0,2.0,0.0,0.0,-1.33,Matches,
Canada,all_competitions,Derek Cornelius,DF,28-201,5.0,298.0,60.0,66.2,3.3,3,83.0,2,2,25.0,0,1.4,3.0,2.0,1.0,0.3,-0.29,Matches,
Canada,all_competitions,Niko Sigur,"DF,MF",22-278,4.0,285.0,71.0,63.3,3.2,2,90.0,2,2,53.0,1,1.5,4.0,3.0,1.0,0.32,-0.88,Matches,
Canada,all_competitions,Tajon Buchanan,MF,27-126,4.0,270.0,68.0,60.0,3.0,4,68.0,0,0,,0,1.5,3.0,4.0,-1.0,-0.33,-1.83,Matches,
Canada,all_competitions,Liam Millar,MF,26-260,5.0,270.0,54.0,60.0,3.0,4,67.0,0,1,4.0,0,1.4,1.0,2.0,-1.0,-0.33,-1.83,Matches,
Canada,all_competitions,Luc De Fougerolles,DF,20-245,3.0,239.0,80.0,53.1,2.7,2,90.0,2,1,59.0,2,1.67,4.0,2.0,2.0,0.75,0.75,Matches,
Canada,all_competitions,Stephen Eustáquio,MF,29-175,3.0,220.0,73.0,48.9,2.4,3,73.0,0,0,,0,1.67,2.0,2.0,0.0,0.0,-0.78,Matches,
Canada,all_competitions,Cyle Larin,"FW,MF",31-058,4.0,195.0,49.0,43.3,2.2,3,60.0,0,1,15.0,1,1.5,2.0,3.0,-1.0,-0.46,-1.52,Matches,
Canada,all_competitions,Nathan Saliba,MF,22-127,4.0,191.0,48.0,42.4,2.1,2,71.0,0,2,25.0,1,1.5,4.0,2.0,2.0,0.94,0.94,Matches,
Canada,all_competitions,Tani Oluwaseyi,FW,26-030,4.0,181.0,45.0,40.2,2.0,2,66.0,0,2,25.0,1,1.5,2.0,1.0,1.0,0.5,0.16,Matches,
Canada,all_competitions,Alistair Johnston,DF,27-249,3.0,180.0,60.0,40.0,2.0,3,60.0,1,0,,0,1.67,2.0,1.0,1.0,0.5,0.17,Matches,
Canada,all_competitions,Joel Waterman,DF,30-141,2.0,147.0,74.0,32.7,1.6,2,74.0,1,0,,3,1.0,2.0,2.0,0.0,0.0,-0.85,Matches,
Canada,all_competitions,Kamal Miller,DF,29-029,2.0,139.0,70.0,38.6,1.5,1,74.0,0,1,65.0,0,1.0,2.0,2.0,0.0,0.0,-0.81,Matches,
Canada,all_competitions,Dayne St. Clair,GK,29-036,2.0,135.0,68.0,30.0,1.5,1,90.0,1,1,45.0,3,2.0,4.0,2.0,2.0,1.33,1.33,Matches,
Canada,all_competitions,Mathieu Choinière,MF,27-127,2.0,108.0,54.0,24.0,1.2,1,63.0,0,1,45.0,3,2.0,2.0,2.0,0.0,0.0,-0.71,Matches,
Canada,all_competitions,Ali Ahmed,MF,25-247,3.0,107.0,36.0,23.8,1.2,1,62.0,0,2,23.0,1,1.0,1.0,2.0,-1.0,-0.84,-1.63,Matches,
Canada,all_competitions,Jonathan Osorio,MF,34-002,4.0,106.0,27.0,23.6,1.2,0,,0,4,27.0,1,1.5,4.0,0.0,4.0,3.4,3.92,Matches,
Canada,all_competitions,Marcelo Flores,MF,22-256,2.0,103.0,52.0,28.6,1.1,1,75.0,0,1,28.0,0,1.0,2.0,0.0,2.0,1.75,1.75,Matches,
Canada,all_competitions,Ralph Priso-Mbongue,DF,23-316,3.0,75.0,25.0,20.8,0.8,1,25.0,0,2,25.0,1,1.67,2.0,0.0,2.0,2.4,2.4,Matches,
Canada,all_competitions,Promise David,FW,24-346,3.0,69.0,23.0,15.3,0.8,0,,0,3,23.0,0,1.67,2.0,0.0,2.0,2.61,2.61,Matches,
Canada,all_competitions,Daniel Jebbison,FW,22-305,2.0,60.0,30.0,16.7,0.7,0,,0,2,30.0,0,1.0,2.0,0.0,2.0,3.0,3.0,Matches,
Canada,all_competitions,Jayden Nelson,"FW,MF",23-261,2.0,49.0,25.0,10.9,0.5,0,,0,2,25.0,1,2.0,2.0,0.0,2.0,3.67,3.67,Matches,
Canada,all_competitions,Moïse Bombito,DF,26-076,1.0,31.0,31.0,6.9,0.3,1,31.0,0,0,,2,3.0,0.0,0.0,0.0,0.0,-0.55,Matches,
Canada,all_competitions,Jacob Shaffelburg,MF,26-200,1.0,30.0,30.0,33.3,0.3,0,,0,1,30.0,0,1.0,1.0,0.0,1.0,3.0,4.5,Matches,
Canada,all_competitions,Zorhan Bassong,"DF,MF",27-038,1.0,29.0,29.0,8.1,0.3,0,,0,1,29.0,1,1.0,0.0,0.0,0.0,0.0,-0.54,Matches,
Canada,all_competitions,Alfie Jones,"DF,MF",28-250,1.0,21.0,21.0,4.7,0.2,0,,0,1,21.0,2,3.0,1.0,0.0,1.0,4.29,4.02,Matches,
Canada,all_competitions,Junior Hoilett,"FW,MF",36-009,1.0,15.0,15.0,4.2,0.2,0,,0,1,15.0,1,1.0,0.0,0.0,0.0,0.0,-0.52,Matches,
Canada,all_competitions,Jacen Russell-Rowe,FW,23-274,1.0,15.0,15.0,4.2,0.2,0,,0,1,15.0,1,1.0,0.0,0.0,0.0,0.0,-0.52,Matches,
Canada,all_competitions,Jahkeele Marshall-Rutty,"DF,MF",21-363,1.0,15.0,15.0,4.2,0.2,0,,0,1,15.0,1,1.0,0.0,0.0,0.0,0.0,-0.52,Matches,
Canada,all_competitions,Alphonso Davies,"DF,FW",25-224,0.0,,,,,0,,0,0,,1,,,,,,,Matches,
Canada,all_competitions,Owen Goodman,GK,22-199,0.0,,,,,0,,0,0,,5,,,,,,,Matches,
Canada,all_competitions,Aribim Pepple,FW,23-171,0.0,,,,,0,,0,0,,2,,,,,,,Matches,
Cape Verde,all_competitions,Vozinha,GK,39.0,10.0,900.0,90.0,100.0,10.0,10,90.0,10,0,,0,2.3,16.0,8.0,8.0,0.8,,Matches,
Cape Verde,all_competitions,Pico,DF,33.0,9.0,810.0,90.0,90.0,9.0,9,90.0,9,0,,0,2.22,15.0,8.0,7.0,0.78,-0.22,Matches,
Cape Verde,all_competitions,João Paulo Fernandes,DF,27.0,8.0,620.0,78.0,68.9,6.9,7,85.0,5,1,22.0,0,2.13,9.0,7.0,2.0,0.29,-1.64,Matches,
Cape Verde,all_competitions,Kevin Pina,MF,29.0,7.0,617.0,88.0,68.6,6.9,7,88.0,6,0,,0,2.29,13.0,8.0,5.0,0.73,-0.22,Matches,
Cape Verde,all_competitions,Jamiro Monteiro,"MF,FW",32.0,10.0,604.0,60.0,67.1,6.7,7,71.0,1,3,36.0,0,2.3,13.0,7.0,6.0,0.89,0.29,Matches,
Cape Verde,all_competitions,Ryan Mendes,MF,36.0,9.0,576.0,64.0,64.0,6.4,7,73.0,1,2,33.0,0,2.22,12.0,6.0,6.0,0.94,0.38,Matches,
Cape Verde,all_competitions,Logan Costa,DF,24.0,6.0,540.0,90.0,60.0,6.0,6,90.0,6,0,,0,2.17,7.0,5.0,2.0,0.33,-1.17,Matches,
Cape Verde,all_competitions,Steven Moreira,DF,31.0,6.0,540.0,90.0,60.0,6.0,6,90.0,6,0,,0,2.17,11.0,7.0,4.0,0.67,-0.33,Matches,
Cape Verde,all_competitions,Yannick,MF,30.0,6.0,464.0,77.0,51.6,5.2,6,77.0,2,0,,0,2.67,9.0,4.0,5.0,0.97,0.35,Matches,
Cape Verde,all_competitions,Diney,DF,31.0,5.0,450.0,90.0,50.0,5.0,5,90.0,5,0,,4,2.6,10.0,3.0,7.0,1.4,1.2,Matches,
Cape Verde,all_competitions,Willy Semedo,"MF,DF",31.0,8.0,435.0,54.0,48.3,4.8,5,74.0,1,3,22.0,0,2.5,7.0,0.0,7.0,1.45,1.25,Matches,
Cape Verde,all_competitions,Jovane Cabral,"MF,FW",27.0,6.0,330.0,55.0,36.7,3.7,5,63.0,0,1,14.0,0,2.5,5.0,5.0,0.0,0.0,-1.26,Matches,
Cape Verde,all_competitions,Dailon Livramento,FW,24.0,8.0,465.0,58.0,51.7,5.2,4,85.0,1,4,32.0,0,2.38,12.0,4.0,8.0,1.55,1.55,Matches,
Cape Verde,all_competitions,Bebé,"FW,MF",35.0,4.0,294.0,74.0,32.7,3.3,4,74.0,1,0,,0,1.75,4.0,4.0,0.0,0.0,-1.19,Matches,
Cape Verde,all_competitions,Telmo Arcanjo,"MF,FW",24.0,5.0,287.0,57.0,31.9,3.2,3,66.0,0,2,45.0,1,2.6,5.0,4.0,1.0,0.31,-0.71,Matches,
Cape Verde,all_competitions,Deroy Duarte,MF,26.0,6.0,262.0,44.0,29.1,2.9,3,69.0,1,3,19.0,4,2.17,2.0,3.0,-1.0,-0.34,-1.61,Matches,
Cape Verde,all_competitions,Garry Rodrigues,FW,35.0,5.0,252.0,50.0,28.0,2.8,3,71.0,0,2,20.0,3,2.0,3.0,0.0,3.0,1.07,0.38,Matches,
Cape Verde,all_competitions,Patrick Andrade,MF,32.0,4.0,216.0,54.0,24.0,2.4,2,71.0,0,2,38.0,0,1.75,3.0,1.0,2.0,0.83,0.04,Matches,
Cape Verde,all_competitions,Wagner Pina,DF,23.0,2.0,180.0,90.0,20.0,2.0,2,90.0,2,0,,4,3.0,3.0,1.0,2.0,1.0,0.25,Matches,
Cape Verde,all_competitions,Alessio da Cruz,FW,29.0,3.0,115.0,38.0,12.8,1.3,2,56.0,1,1,4.0,1,3.0,1.0,0.0,1.0,0.78,-0.02,Matches,
Cape Verde,all_competitions,Sidny Lopes Cabral,DF,23.0,2.0,117.0,59.0,13.0,1.3,1,90.0,1,1,27.0,2,2.0,4.0,0.0,4.0,3.08,2.62,Matches,
Cape Verde,all_competitions,Fabrício Garcia,DF,24.0,2.0,92.0,46.0,10.2,1.0,1,82.0,0,1,10.0,2,3.0,0.0,0.0,0.0,0.0,-0.89,Matches,
Cape Verde,all_competitions,Cuca,MF,35.0,2.0,90.0,45.0,10.0,1.0,1,60.0,0,1,30.0,0,2.0,0.0,0.0,0.0,0.0,-0.89,Matches,
Cape Verde,all_competitions,Jójó,DF,24.0,1.0,90.0,90.0,10.0,1.0,1,90.0,1,0,,2,3.0,2.0,1.0,1.0,1.0,0.22,Matches,
Cape Verde,all_competitions,Kenny Rocha Santos,MF,26.0,1.0,60.0,60.0,6.7,0.7,1,60.0,0,0,,1,3.0,2.0,0.0,2.0,3.0,2.36,Matches,
Cape Verde,all_competitions,Leandro Andrade,FW,26.0,2.0,59.0,30.0,6.6,0.7,1,45.0,0,1,14.0,0,2.0,0.0,0.0,0.0,0.0,-0.86,Matches,
Cape Verde,all_competitions,Heriberto Tavares,FW,28.0,2.0,59.0,30.0,6.6,0.7,1,45.0,0,1,14.0,0,2.0,1.0,2.0,-1.0,-1.53,-2.49,Matches,
Cape Verde,all_competitions,Hélio Varela,FW,23.0,8.0,200.0,25.0,22.2,2.2,0,,0,8,25.0,1,2.38,3.0,0.0,3.0,1.35,0.71,Matches,
Cape Verde,all_competitions,Laros Duarte,MF,28.0,5.0,64.0,13.0,7.1,0.7,0,,0,5,13.0,1,2.0,1.0,0.0,1.0,1.41,0.65,Matches,
Cape Verde,all_competitions,Nuno da Costa,"FW,MF",34.0,1.0,27.0,27.0,3.0,0.3,0,,0,1,27.0,1,1.0,2.0,0.0,2.0,6.67,6.05,Matches,
Cape Verde,all_competitions,Aílson Tavares,MF,27.0,2.0,27.0,14.0,3.0,0.3,0,,0,2,14.0,2,3.0,0.0,0.0,0.0,0.0,-0.82,Matches,
Cape Verde,all_competitions,João Pedro Araújo Correia,"DF,FW",29.0,1.0,19.0,19.0,2.1,0.2,0,,0,1,19.0,0,1.0,0.0,0.0,0.0,0.0,-0.82,Matches,
Cape Verde,all_competitions,David Tavares,MF,26.0,1.0,14.0,14.0,1.6,0.2,0,,0,1,14.0,3,3.0,0.0,0.0,0.0,0.0,-0.81,Matches,
Cape Verde,all_competitions,Duk,"FW,MF",25.0,1.0,11.0,11.0,1.2,0.1,0,,0,1,11.0,1,1.0,0.0,0.0,0.0,0.0,-0.81,Matches,
Cape Verde,all_competitions,Diogo Mendes,MF,28.0,1.0,9.0,9.0,1.0,0.1,0,,0,1,9.0,1,3.0,0.0,0.0,0.0,0.0,-0.81,Matches,
Cape Verde,all_competitions,Stopira,DF,37.0,1.0,5.0,5.0,0.6,0.1,0,,0,1,5.0,3,3.0,1.0,0.0,1.0,18.0,17.3,Matches,
Cape Verde,all_competitions,Delmiro,DF,37.0,0.0,,,,,0,,0,0,,2,,,,,,,Matches,
Cape Verde,all_competitions,Yuran Fernandes,DF,31.0,0.0,,,,,0,,0,0,,1,,,,,,,Matches,
Cape Verde,all_competitions,Tiago Gomes,GK,23.0,0.0,,,,,0,,0,0,,2,,,,,,,Matches,
Cape Verde,all_competitions,David Moreira,DF,21.0,0.0,,,,,0,,0,0,,3,,,,,,,Matches,
Cape Verde,all_competitions,Panduru,DF,30.0,0.0,,,,,0,,0,0,,1,,,,,,,Matches,
Cape Verde,all_competitions,Kelvin Pires,DF,25.0,0.0,,,,,0,,0,0,,3,,,,,,,Matches,
Cape Verde,all_competitions,Márcio Rosa,GK,28.0,0.0,,,,,0,,0,0,,8,,,,,,,Matches,
Cape Verde,all_competitions,Dylan Silva,GK,26.0,0.0,,,,,0,,0,0,,2,,,,,,,Matches,
Cape Verde,all_competitions,Dylan Tavares,"DF,MF",29.0,0.0,,,,,0,,0,0,,2,,,,,,,Matches,
Cape Verde,all_competitions,Henrique Tavares,GK,23.0,0.0,,,,,0,,0,0,,2,,,,,,,Matches,
Cape Verde,all_competitions,Wilson Tavares,FW,23.0,0.0,,,,,0,,0,0,,1,,,,,,,Matches,
Cape Verde,all_competitions,Bruno Varela,GK,31.0,0.0,,,,,0,,0,0,,6,,,,,,,Matches,
Cape Verde,all_competitions,Squad Total,,30.7,10.0,900.0,90.0,100.0,10.0,110,80.0,60,50,23.0,70,2.3,16.0,8.0,8.0,0.8,,,
Cape Verde,all_competitions,Opponent Total,,28.4,10.0,900.0,90.0,100.0,10.0,110,80.0,66,44,20.0,66,0.5,8.0,16.0,-8.0,-0.8,,,
Cape Verde,all_competitions,Telmo Arcanjo,MF,24-358,2.0,90,45.0,50.6,1.0,2,45.0,0,0,,0,3.0,2.0,0.0,2.0,2.0,-2.09,Matches,
Cape Verde,all_competitions,Jovane Cabral,"MF,FW",28-000,2.0,90,45.0,50.6,1.0,2,45.0,0,0,,0,3.0,2.0,0.0,2.0,2.0,-2.09,Matches,
Cape Verde,all_competitions,Ryan Mendes,"MF,FW",36-157,2.0,90,45.0,50.6,1.0,2,45.0,0,0,,0,3.0,2.0,0.0,2.0,2.0,-2.09,Matches,
Cape Verde,all_competitions,Jamiro Monteiro,MF,32-203,2.0,120,60.0,67.4,1.3,1,75.0,0,1,45.0,0,3.0,5.0,0.0,5.0,3.75,2.2,Matches,
Cape Verde,all_competitions,Logan Costa,DF,25-074,2.0,105,53.0,59.0,1.2,1,61.0,0,1,44.0,0,3.0,4.0,0.0,4.0,3.43,0.96,Matches,
Cape Verde,all_competitions,Sidny Lopes Cabral,DF,23-269,2.0,100,50.0,56.2,1.1,1,79.0,0,1,21.0,0,3.0,4.0,0.0,4.0,3.6,1.29,Matches,
Cape Verde,all_competitions,Diney,DF,31-148,2.0,90,45.0,50.6,1.0,1,45.0,0,1,45.0,0,3.0,3.0,0.0,3.0,3.0,-0.07,Matches,
Cape Verde,all_competitions,Wagner Pina,DF,23-223,2.0,90,45.0,50.6,1.0,1,45.0,0,1,45.0,0,3.0,3.0,0.0,3.0,3.0,-0.07,Matches,
Cape Verde,all_competitions,Vozinha,GK,40-011,2.0,90,45.0,50.6,1.0,1,45.0,0,1,45.0,0,3.0,3.0,0.0,3.0,3.0,-0.07,Matches,
Cape Verde,all_competitions,Steven Moreira,DF,31-305,2.0,89,45.0,50.0,1.0,1,45.0,0,1,44.0,0,3.0,3.0,0.0,3.0,3.03,0.0,Matches,
Cape Verde,all_competitions,Willy Semedo,MF,32-048,2.0,89,45.0,50.0,1.0,1,45.0,0,1,44.0,0,3.0,3.0,0.0,3.0,3.03,0.0,Matches,
Cape Verde,all_competitions,João Paulo Fernandes,DF,28-019,2.0,83,42.0,46.6,0.9,1,69.0,0,1,14.0,0,3.0,2.0,0.0,2.0,2.17,-1.62,Matches,
Cape Verde,all_competitions,Dailon Livramento,FW,25-041,2.0,75,38.0,42.1,0.8,1,61.0,0,1,14.0,0,3.0,2.0,0.0,2.0,2.4,-1.1,Matches,
Cape Verde,all_competitions,Kevin Pina,MF,29-138,1.0,75,75.0,42.1,0.8,1,75.0,0,0,,1,3.0,3.0,0.0,3.0,3.6,0.98,Matches,
Cape Verde,all_competitions,Nuno da Costa,FW,35-124,2.0,74,37.0,41.6,0.8,1,45.0,0,1,29.0,0,3.0,2.0,0.0,2.0,2.43,-1.03,Matches,
Cape Verde,all_competitions,Stopira,DF,38-025,2.0,55,28.0,30.9,0.6,1,45.0,0,1,10.0,0,3.0,1.0,0.0,1.0,1.64,-2.02,Matches,
Cape Verde,all_competitions,Deroy Duarte,MF,26-345,1.0,45,45.0,25.3,0.5,1,45.0,0,0,,0,3.0,1.0,0.0,1.0,2.0,-1.38,Matches,
Cape Verde,all_competitions,Pico,DF,33-362,1.0,45,45.0,25.3,0.5,1,45.0,0,0,,1,3.0,1.0,0.0,1.0,2.0,-1.38,Matches,
Cape Verde,all_competitions,Márcio Rosa,GK,29-111,1.0,45,45.0,25.3,0.5,1,45.0,0,0,,1,3.0,1.0,0.0,1.0,2.0,-1.38,Matches,
Cape Verde,all_competitions,Laros Duarte,MF,29-106,2.0,89,45.0,50.0,1.0,0,,0,2,45.0,0,3.0,4.0,0.0,4.0,4.04,2.02,Matches,
Cape Verde,all_competitions,Hélio Varela,FW,24-042,2.0,89,45.0,50.0,1.0,0,,0,2,45.0,0,3.0,4.0,0.0,4.0,4.04,2.02,Matches,
Cape Verde,all_competitions,Kelvin Pires,DF,26-009,2.0,73,37.0,41.0,0.8,0,,0,2,37.0,0,3.0,3.0,0.0,3.0,3.7,1.13,Matches,
Cape Verde,all_competitions,Garry Rodrigues,"FW,MF",35-199,1.0,45,45.0,25.3,0.5,0,,0,1,45.0,1,3.0,2.0,0.0,2.0,4.0,1.29,Matches,
Cape Verde,all_competitions,Yannick,MF,30-167,1.0,45,45.0,25.3,0.5,0,,0,1,45.0,1,3.0,2.0,0.0,2.0,4.0,1.29,Matches,
Cape Verde,all_competitions,Gilson Benchimol,FW,24-167,1.0,44,44.0,24.7,0.5,0,,0,1,44.0,1,3.0,2.0,0.0,2.0,4.09,1.4,Matches,
Cape Verde,all_competitions,C.J. dos Santos,GK,25-294,1.0,44,44.0,24.7,0.5,0,,0,1,44.0,1,3.0,2.0,0.0,2.0,4.09,1.4,Matches,
Cape Verde,all_competitions,Squad Total,,29.6,2.0,178,89.0,100.0,2.0,22,52.0,0,22,38.0,7,3.0,6.0,0.0,6.0,3.03,,,
Cape Verde,all_competitions,Opponent Total,,23.7,2.0,178,89.0,100.0,2.0,22,52.0,4,18,29.0,10,0.0,0.0,6.0,-6.0,-3.03,,,
Cape Verde,all_competitions,Vozinha,GK,40-011,12.0,990.0,83.0,91.8,11.0,11,86.0,10,1,45.0,0,2.42,19.0,8.0,11.0,1.0,-2.07,Matches,
Cape Verde,all_competitions,Pico,DF,33-362,10.0,855.0,86.0,79.3,9.5,10,86.0,9,0,,1,2.3,16.0,8.0,8.0,0.84,-1.58,Matches,
Cape Verde,all_competitions,Jamiro Monteiro,"MF,FW",32-203,12.0,724.0,60.0,67.2,8.0,8,71.0,1,4,39.0,0,2.42,18.0,7.0,11.0,1.37,0.6,Matches,
Cape Verde,all_competitions,João Paulo Fernandes,DF,28-019,10.0,703.0,70.0,65.2,7.8,8,83.0,5,2,18.0,0,2.3,11.0,7.0,4.0,0.51,-1.89,Matches,
Cape Verde,all_competitions,Kevin Pina,MF,29-138,8.0,692.0,87.0,64.2,7.7,8,87.0,6,0,,1,2.38,16.0,8.0,8.0,1.04,-0.36,Matches,
Cape Verde,all_competitions,Ryan Mendes,MF,36-157,11.0,666.0,61.0,61.8,7.4,9,67.0,1,2,33.0,0,2.36,14.0,6.0,8.0,1.08,-0.23,Matches,
Cape Verde,all_competitions,Logan Costa,DF,25-074,8.0,645.0,81.0,59.8,7.2,7,86.0,6,1,44.0,0,2.38,11.0,5.0,6.0,0.84,-0.83,Matches,
Cape Verde,all_competitions,Steven Moreira,DF,31-305,8.0,629.0,79.0,58.3,7.0,7,84.0,6,1,44.0,0,2.38,14.0,7.0,7.0,1.0,-0.4,Matches,
Cape Verde,all_competitions,Diney,DF,31-148,7.0,540.0,77.0,50.1,6.0,6,83.0,5,1,45.0,4,2.71,13.0,3.0,10.0,1.67,1.0,Matches,
Cape Verde,all_competitions,Dailon Livramento,FW,25-041,10.0,540.0,54.0,50.1,6.0,5,80.0,1,5,28.0,0,2.5,14.0,4.0,10.0,1.67,1.0,Matches,
Cape Verde,all_competitions,Willy Semedo,"MF,DF",32-048,10.0,524.0,52.0,48.6,5.8,6,69.0,1,4,28.0,0,2.6,10.0,0.0,10.0,1.72,1.07,Matches,
Cape Verde,all_competitions,Yannick,MF,30-167,7.0,509.0,73.0,47.2,5.7,6,77.0,2,1,45.0,1,2.72,11.0,4.0,7.0,1.24,0.13,Matches,
Cape Verde,all_competitions,Jovane Cabral,"MF,FW",28-000,8.0,420.0,53.0,39.0,4.7,7,58.0,0,1,14.0,0,2.63,7.0,5.0,2.0,0.43,-1.21,Matches,
Cape Verde,all_competitions,Telmo Arcanjo,"MF,FW",24-358,7.0,377.0,54.0,35.0,4.2,5,57.0,0,2,45.0,1,2.71,7.0,4.0,3.0,0.72,-0.7,Matches,
Cape Verde,all_competitions,Deroy Duarte,MF,26-345,7.0,307.0,44.0,28.5,3.4,4,63.0,1,3,19.0,4,2.29,3.0,3.0,0.0,0.0,-1.63,Matches,
Cape Verde,all_competitions,Garry Rodrigues,FW,35-199,6.0,297.0,50.0,27.6,3.3,3,71.0,0,3,28.0,4,2.17,5.0,0.0,5.0,1.52,0.48,Matches,
Cape Verde,all_competitions,Bebé,"FW,MF",35-337,4.0,294.0,74.0,32.7,3.3,4,74.0,1,0,,0,1.75,4.0,4.0,0.0,0.0,-1.19,Matches,
Cape Verde,all_competitions,Hélio Varela,FW,24-042,10.0,289.0,29.0,26.8,3.2,0,,0,10,29.0,1,2.5,7.0,0.0,7.0,2.18,1.38,Matches,
Cape Verde,all_competitions,Wagner Pina,DF,23-223,4.0,270.0,68.0,25.0,3.0,3,75.0,2,1,45.0,4,3.0,6.0,1.0,5.0,1.67,0.66,Matches,
Cape Verde,all_competitions,Sidny Lopes Cabral,DF,23-269,4.0,217.0,54.0,20.1,2.4,2,85.0,1,2,24.0,2,2.5,8.0,0.0,8.0,3.32,2.69,Matches,
Cape Verde,all_competitions,Patrick Andrade,MF,33-125,4.0,216.0,54.0,24.0,2.4,2,71.0,0,2,38.0,0,1.75,3.0,1.0,2.0,0.83,0.04,Matches,
Cape Verde,all_competitions,Laros Duarte,MF,29-106,7.0,153.0,22.0,14.2,1.7,0,,0,7,22.0,1,2.29,5.0,0.0,5.0,2.94,2.07,Matches,
Cape Verde,all_competitions,Alessio da Cruz,FW,29-147,3.0,115.0,38.0,12.8,1.3,2,56.0,1,1,4.0,1,3.0,1.0,0.0,1.0,0.78,-0.02,Matches,
Cape Verde,all_competitions,Nuno da Costa,"FW,MF",35-124,3.0,101.0,34.0,9.4,1.1,1,45.0,0,2,28.0,1,2.33,4.0,0.0,4.0,3.56,2.64,Matches,
Cape Verde,all_competitions,Fabrício Garcia,DF,25-041,2.0,92.0,46.0,10.2,1.0,1,82.0,0,1,10.0,2,3.0,0.0,0.0,0.0,0.0,-0.89,Matches,
Cape Verde,all_competitions,Cuca,MF,35-156,2.0,90.0,45.0,10.0,1.0,1,60.0,0,1,30.0,0,2.0,0.0,0.0,0.0,0.0,-0.89,Matches,
Cape Verde,all_competitions,Jójó,DF,25-026,1.0,90.0,90.0,10.0,1.0,1,90.0,1,0,,2,3.0,2.0,1.0,1.0,1.0,0.22,Matches,
Cape Verde,all_competitions,Kelvin Pires,DF,26-009,2.0,73.0,37.0,6.8,0.8,0,,0,2,37.0,3,3.0,3.0,0.0,3.0,3.7,1.13,Matches,
Cape Verde,all_competitions,Stopira,DF,38-025,3.0,60.0,20.0,5.6,0.7,1,45.0,0,2,8.0,3,3.0,2.0,0.0,2.0,3.0,1.94,Matches,
Cape Verde,all_competitions,Kenny Rocha Santos,MF,26-162,1.0,60.0,60.0,6.7,0.7,1,60.0,0,0,,1,3.0,2.0,0.0,2.0,3.0,2.36,Matches,
Cape Verde,all_competitions,Heriberto Tavares,FW,29-115,2.0,59.0,30.0,6.6,0.7,1,45.0,0,1,14.0,0,2.0,1.0,2.0,-1.0,-1.53,-2.49,Matches,
Cape Verde,all_competitions,Leandro Andrade,FW,26-263,2.0,59.0,30.0,6.6,0.7,1,45.0,0,1,14.0,0,2.0,0.0,0.0,0.0,0.0,-0.86,Matches,
Cape Verde,all_competitions,Márcio Rosa,GK,29-111,1.0,45.0,45.0,4.2,0.5,1,45.0,0,0,,9,3.0,1.0,0.0,1.0,2.0,-1.38,Matches,
Cape Verde,all_competitions,C.J. dos Santos,GK,25-294,1.0,44.0,44.0,24.7,0.5,0,,0,1,44.0,1,3.0,2.0,0.0,2.0,4.09,1.4,Matches,
Cape Verde,all_competitions,Gilson Benchimol,FW,24-167,1.0,44.0,44.0,24.7,0.5,0,,0,1,44.0,1,3.0,2.0,0.0,2.0,4.09,1.4,Matches,
Cape Verde,all_competitions,Aílson Tavares,MF,27-329,2.0,27.0,14.0,3.0,0.3,0,,0,2,14.0,2,3.0,0.0,0.0,0.0,0.0,-0.82,Matches,
Cape Verde,all_competitions,João Pedro Araújo Correia,"DF,FW",29-282,1.0,19.0,19.0,2.1,0.2,0,,0,1,19.0,0,1.0,0.0,0.0,0.0,0.0,-0.82,Matches,
Cape Verde,all_competitions,David Tavares,MF,27-088,1.0,14.0,14.0,1.6,0.2,0,,0,1,14.0,3,3.0,0.0,0.0,0.0,0.0,-0.81,Matches,
Cape Verde,all_competitions,Duk,"FW,MF",26-118,1.0,11.0,11.0,1.2,0.1,0,,0,1,11.0,1,1.0,0.0,0.0,0.0,0.0,-0.81,Matches,
Cape Verde,all_competitions,Diogo Mendes,MF,28-141,1.0,9.0,9.0,1.0,0.1,0,,0,1,9.0,1,3.0,0.0,0.0,0.0,0.0,-0.81,Matches,
Cape Verde,all_competitions,Dylan Silva,GK,27-124,0.0,,,,,0,,0,0,,2,,,,,,,Matches,
Cape Verde,all_competitions,Tiago Gomes,GK,23-304,0.0,,,,,0,,0,0,,2,,,,,,,Matches,
Cape Verde,all_competitions,Yuran Fernandes,DF,31-238,0.0,,,,,0,,0,0,,1,,,,,,,Matches,
Cape Verde,all_competitions,Bruno Varela,GK,31-222,0.0,,,,,0,,0,0,,6,,,,,,,Matches,
Cape Verde,all_competitions,Henrique Tavares,GK,23-320,0.0,,,,,0,,0,0,,2,,,,,,,Matches,
Cape Verde,all_competitions,Panduru,DF,30-197,0.0,,,,,0,,0,0,,1,,,,,,,Matches,
Cape Verde,all_competitions,Dylan Tavares,"DF,MF",29-288,0.0,,,,,0,,0,0,,2,,,,,,,Matches,
Cape Verde,all_competitions,Delmiro,DF,37-289,0.0,,,,,0,,0,0,,2,,,,,,,Matches,
Cape Verde,all_competitions,David Moreira,DF,22-057,0.0,,,,,0,,0,0,,3,,,,,,,Matches,
Cape Verde,all_competitions,Wilson Tavares,FW,24-122,0.0,,,,,0,,0,0,,1,,,,,,,Matches,
Colombia,all_competitions,Johan Mojica,DF,33-297,4.0,272.0,68.0,78.4,3.0,4,68.0,0,0,,0,1.5,5.0,6.0,-1.0,-0.33,-2.73,Matches,
Colombia,all_competitions,Davinson Sánchez,DF,30-002,4.0,270.0,68.0,77.8,3.0,4,68.0,2,0,,0,1.5,5.0,6.0,-1.0,-0.33,-2.67,Matches,
Colombia,all_competitions,Luis Díaz,"MF,FW",29-152,4.0,251.0,63.0,72.3,2.8,4,63.0,0,0,,0,1.5,4.0,6.0,-2.0,-0.72,-3.53,Matches,
Colombia,all_competitions,James Rodríguez,"MF,FW",34-337,4.0,232.0,58.0,66.9,2.6,3,62.0,0,1,45.0,0,1.5,4.0,5.0,-1.0,-0.39,-1.95,Matches,
Colombia,all_competitions,Jhon Arias,MF,28-266,4.0,223.0,56.0,64.3,2.5,3,59.0,0,1,45.0,0,1.5,4.0,4.0,0.0,0.0,-0.73,Matches,
Colombia,all_competitions,Jefferson Lerma,MF,31-232,3.0,216.0,72.0,62.2,2.4,3,72.0,1,0,,1,1.0,4.0,5.0,-1.0,-0.42,-1.79,Matches,
Colombia,all_competitions,Richard Ríos,MF,26-012,4.0,215.0,54.0,62.0,2.4,3,61.0,0,1,33.0,0,1.5,4.0,5.0,-1.0,-0.42,-1.78,Matches,
Colombia,all_competitions,Camilo Vargas,GK,37-097,3.0,208.0,69.0,59.9,2.3,3,69.0,1,0,,1,2.0,4.0,3.0,1.0,0.43,0.43,Matches,
Colombia,all_competitions,Daniel Muñoz,DF,30-019,4.0,207.0,52.0,59.7,2.3,3,68.0,1,1,2.0,0,1.5,3.0,5.0,-2.0,-0.87,-2.8,Matches,
Colombia,all_competitions,Luis Suárez,FW,28-194,4.0,205.0,51.0,59.1,2.3,3,53.0,0,1,45.0,0,1.5,3.0,4.0,-1.0,-0.44,-1.71,Matches,
Colombia,all_competitions,Jhon Lucumí,DF,27-353,3.0,209.0,70.0,60.2,2.3,2,82.0,1,1,45.0,1,2.0,4.0,2.0,2.0,0.86,1.51,Matches,
Colombia,all_competitions,Gustavo Puerta,MF,22-326,4.0,177.0,44.0,51.0,2.0,2,56.0,0,2,33.0,0,1.5,4.0,2.0,2.0,1.02,1.55,Matches,
Colombia,all_competitions,Santiago Arias,DF,34-152,3.0,141.0,47.0,40.6,1.6,1,88.0,0,2,27.0,1,2.0,4.0,1.0,3.0,1.91,2.79,Matches,
Colombia,all_competitions,Álvaro David Montero,GK,31-077,2.0,123.0,62.0,35.4,1.4,1,90.0,1,1,33.0,2,1.5,2.0,3.0,-1.0,-0.73,-1.54,Matches,
Colombia,all_competitions,Andrés Gómez,FW,23-275,4.0,112.0,28.0,32.3,1.2,1,45.0,0,3,22.0,0,1.5,3.0,2.0,1.0,0.8,0.8,Matches,
Colombia,all_competitions,Willer Ditta,DF,28-142,2.0,106.0,53.0,30.5,1.2,1,73.0,0,1,33.0,0,3.0,3.0,1.0,2.0,1.7,2.07,Matches,
Colombia,all_competitions,Juan David Cabal,DF,25-157,1.0,90.0,90.0,25.9,1.0,1,90.0,1,0,,1,0.0,1.0,3.0,-2.0,-2.0,-3.05,Matches,
Colombia,all_competitions,Jorge Carrascal,MF,28-020,3.0,88.0,29.0,25.4,1.0,1,45.0,0,2,22.0,1,2.0,2.0,1.0,1.0,1.02,1.02,Matches,
Colombia,all_competitions,Cucho,FW,27-055,2.0,78.0,39.0,22.5,0.9,1,45.0,0,1,33.0,0,3.0,3.0,1.0,2.0,2.31,2.64,Matches,
Colombia,all_competitions,Juan Quintero,"FW,MF",33-147,4.0,80.0,20.0,23.1,0.9,0,,0,4,20.0,0,1.5,2.0,0.0,2.0,2.25,2.59,Matches,
Colombia,all_competitions,Deiver Machado,"DF,MF",32-285,3.0,73.0,24.0,21.0,0.8,0,,0,3,24.0,1,1.0,2.0,0.0,2.0,2.47,2.79,Matches,
Colombia,all_competitions,Jhon Córdoba,FW,33-034,2.0,65.0,33.0,18.7,0.7,0,,0,2,33.0,2,0.0,1.0,1.0,0.0,0.0,-0.32,Matches,
Colombia,all_competitions,Jaminton Campaz,"FW,MF",26-021,2.0,61.0,31.0,17.6,0.7,0,,0,2,31.0,2,1.5,2.0,0.0,2.0,2.95,3.27,Matches,
Colombia,all_competitions,Kevin Castaño,MF,25-258,2.0,50.0,25.0,14.4,0.6,0,,0,2,25.0,2,1.5,1.0,0.0,1.0,1.8,1.8,Matches,
Colombia,all_competitions,Juan Camilo Portilla,MF,27-275,2.0,38.0,19.0,11.0,0.4,0,,0,2,19.0,0,3.0,1.0,0.0,1.0,2.37,2.37,Matches,
Colombia,all_competitions,Yerry Mina,DF,31-264,2.0,21.0,11.0,6.1,0.2,0,,0,2,11.0,0,3.0,1.0,0.0,1.0,4.29,4.29,Matches,
Colombia,all_competitions,David Ospina,GK,37-287,1.0,17.0,17.0,4.9,0.2,0,,0,1,17.0,3,3.0,1.0,0.0,1.0,5.29,5.29,Matches,
Colombia,all_competitions,Rafael Borré,FW,30-272,0.0,,,,,0,,0,0,,2,,,,,,,Matches,
Colombia,all_competitions,Johan Carbonero,"FW,MF",26-329,0.0,,,,,0,,0,0,,2,,,,,,,Matches,
Colombia,all_competitions,Yerson Mosquera,DF,25-043,0.0,,,,,0,,0,0,,2,,,,,,,Matches,
Colombia,all_competitions,Squad Total,,30.0,4.0,347.0,87.0,100.0,3.9,44,65.0,8,36,26.0,24,1.5,7.0,6.0,1.0,0.26,,,
Colombia,all_competitions,Opponent Total,,27.4,4.0,347.0,87.0,100.0,3.9,44,65.0,16,28,22.0,27,1.5,6.0,7.0,-1.0,-0.26,,,
Colombia,all_competitions,Luis Díaz,"FW,MF",29.0,17.0,"1,465",86.0,90.4,16.3,17,86.0,11,0,,0,1.59,26.0,18.0,8.0,0.49,-0.67,Matches,
Colombia,all_competitions,Jhon Arias,MF,28.0,17.0,"1,139",67.0,70.3,12.7,15,74.0,2,2,16.0,0,1.47,14.0,11.0,3.0,0.24,-1.07,Matches,
Colombia,all_competitions,Jhon Lucumí,DF,27.0,14.0,"1,260",90.0,77.8,14.0,14,90.0,14,0,,2,1.57,20.0,13.0,7.0,0.5,-0.25,Matches,
Colombia,all_competitions,Camilo Vargas,GK,36.0,14.0,"1,256",90.0,77.5,14.0,14,90.0,13,0,,3,1.57,21.0,13.0,8.0,0.57,0.08,Matches,
Colombia,all_competitions,James Rodríguez,"MF,FW",34.0,18.0,"1,239",69.0,76.5,13.8,14,80.0,5,4,28.0,0,1.56,22.0,12.0,10.0,0.73,0.73,Matches,
Colombia,all_competitions,Daniel Muñoz,DF,29.0,13.0,"1,170",90.0,72.2,13.0,13,90.0,13,0,,0,1.54,19.0,15.0,4.0,0.31,-0.89,Matches,
Colombia,all_competitions,Jefferson Lerma,MF,31.0,14.0,"1,086",78.0,67.0,12.1,12,88.0,9,2,18.0,0,1.86,21.0,10.0,11.0,0.91,1.08,Matches,
Colombia,all_competitions,Davinson Sánchez,DF,29.0,12.0,"1,042",87.0,64.3,11.6,11,89.0,10,1,68.0,2,1.42,21.0,12.0,9.0,0.78,0.62,Matches,
Colombia,all_competitions,Richard Ríos,MF,25.0,15.0,986,66.0,60.9,11.0,10,87.0,9,5,24.0,2,1.4,24.0,16.0,8.0,0.73,0.45,Matches,
Colombia,all_competitions,Johan Mojica,DF,33.0,8.0,714,89.0,44.1,7.9,8,89.0,6,0,,4,1.38,14.0,10.0,4.0,0.5,-0.09,Matches,
Colombia,all_competitions,Kevin Castaño,MF,25.0,9.0,562,62.0,34.7,6.2,7,78.0,1,2,7.0,6,1.67,9.0,6.0,3.0,0.48,-0.12,Matches,
Colombia,all_competitions,Rafael Borré,"FW,MF",30.0,9.0,452,50.0,27.9,5.0,6,71.0,0,3,9.0,3,1.33,5.0,4.0,1.0,0.2,-0.49,Matches,
Colombia,all_competitions,Mateus Uribe,MF,34.0,7.0,414,59.0,25.6,4.6,6,67.0,1,1,10.0,3,1.71,3.0,2.0,1.0,0.22,-0.45,Matches,
Colombia,all_competitions,Jhon Córdoba,FW,32.0,10.0,510,51.0,31.5,5.7,5,74.0,0,5,28.0,2,1.9,7.0,5.0,2.0,0.35,-0.3,Matches,
Colombia,all_competitions,Yerry Mina,DF,31.0,8.0,457,57.0,28.2,5.1,5,76.0,4,3,25.0,6,1.63,10.0,5.0,5.0,0.98,0.6,Matches,
Colombia,all_competitions,Deiver Machado,DF,32.0,5.0,405,81.0,25.0,4.5,5,81.0,4,0,,2,1.8,2.0,2.0,0.0,0.0,-0.74,Matches,
Colombia,all_competitions,Jáder Durán,FW,22.0,10.0,445,45.0,27.5,4.9,4,71.0,1,6,27.0,1,1.4,9.0,5.0,4.0,0.81,0.35,Matches,
Colombia,all_competitions,Santiago Arias,DF,34.0,4.0,359,90.0,22.2,4.0,4,90.0,3,0,,7,1.75,9.0,2.0,7.0,1.75,1.54,Matches,
Colombia,all_competitions,Carlos Cuesta,DF,26.0,5.0,331,66.0,20.4,3.7,4,79.0,3,1,16.0,3,0.8,4.0,5.0,-1.0,-0.27,-1.04,Matches,
Colombia,all_competitions,Cristian Borja,DF,32.0,4.0,313,78.0,19.3,3.5,3,89.0,2,1,45.0,8,1.75,3.0,1.0,2.0,0.58,0.02,Matches,
Colombia,all_competitions,Kevin Mier,GK,25.0,3.0,270,90.0,16.7,3.0,3,90.0,3,0,,9,1.67,7.0,4.0,3.0,1.0,0.53,Matches,
Colombia,all_competitions,Jorge Carrascal,MF,27.0,7.0,220,31.0,13.6,2.4,2,65.0,0,5,18.0,5,2.0,2.0,3.0,-1.0,-0.41,-1.12,Matches,
Colombia,all_competitions,Juan Camilo Portilla,MF,27.0,5.0,194,39.0,12.0,2.2,2,90.0,1,3,5.0,4,1.8,2.0,3.0,-1.0,-0.46,-1.16,Matches,
Colombia,all_competitions,Yerson Mosquera,DF,24.0,4.0,175,44.0,10.8,1.9,2,86.0,0,2,2.0,2,2.0,2.0,2.0,0.0,0.0,-0.62,Matches,
Colombia,all_competitions,Juan Quintero,MF,33.0,6.0,181,30.0,11.2,2.0,1,71.0,0,5,22.0,6,1.67,5.0,3.0,2.0,0.99,0.49,Matches,
Colombia,all_competitions,Jaminton Campaz,FW,25.0,5.0,154,31.0,9.5,1.7,1,56.0,0,4,25.0,2,1.8,3.0,0.0,3.0,1.75,1.32,Matches,
Colombia,all_competitions,Luis Sinisterra,FW,26.0,6.0,139,23.0,8.6,1.5,1,45.0,0,5,19.0,3,2.0,4.0,1.0,3.0,1.94,1.52,Matches,
Colombia,all_competitions,Luis Suárez,FW,28.0,2.0,113,57.0,7.0,1.3,1,68.0,0,1,45.0,2,2.0,5.0,2.0,3.0,2.39,1.97,Matches,
Colombia,all_competitions,Wílmar Barrios,MF,32.0,3.0,99,33.0,6.1,1.1,1,90.0,1,2,5.0,1,1.67,2.0,2.0,0.0,0.0,-0.59,Matches,
Colombia,all_competitions,Willer Ditta,DF,28.0,2.0,95,48.0,5.9,1.1,1,90.0,1,1,5.0,3,0.5,0.0,1.0,-1.0,-0.95,-1.6,Matches,
Colombia,all_competitions,Álvaro David Montero,GK,30.0,2.0,91,46.0,5.6,1.0,1,90.0,1,1,1.0,12,1.0,0.0,1.0,-1.0,-0.99,-1.64,Matches,
Colombia,all_competitions,Álvaro Angulo,DF,28.0,1.0,90,90.0,5.6,1.0,1,90.0,1,0,,1,3.0,6.0,3.0,3.0,3.0,2.59,Matches,
Colombia,all_competitions,Frank Fabra,DF,34.0,1.0,90,90.0,5.6,1.0,1,90.0,1,0,,0,1.0,2.0,2.0,0.0,0.0,-0.59,Matches,
Colombia,all_competitions,Cucho,MF,26.0,2.0,74,37.0,4.6,0.8,1,61.0,0,1,13.0,2,0.5,0.0,0.0,0.0,0.0,-0.58,Matches,
Colombia,all_competitions,Juan Cuadrado,FW,37.0,1.0,45,45.0,2.8,0.5,1,45.0,0,0,,1,3.0,1.0,0.0,1.0,2.0,1.49,Matches,
Colombia,all_competitions,Roger Martínez,FW,31.0,1.0,22,22.0,1.4,0.2,1,22.0,0,0,,0,0.0,0.0,0.0,0.0,0.0,-0.56,Matches,
Colombia,all_competitions,Yaser Asprilla,"FW,MF",22.0,2.0,47,24.0,2.9,0.5,0,,0,2,24.0,5,0.5,1.0,0.0,1.0,1.91,1.4,Matches,
Colombia,all_competitions,Andrés Felipe Román,"DF,FW",30.0,1.0,34,34.0,2.1,0.4,0,,0,1,34.0,4,1.0,0.0,1.0,-1.0,-2.65,-3.27,Matches,
Colombia,all_competitions,Marino Hinestroza,MF,23.0,2.0,33,17.0,2.0,0.4,0,,0,2,17.0,4,2.0,0.0,0.0,0.0,0.0,-0.57,Matches,
Colombia,all_competitions,Rafael Carrascal,MF,33.0,1.0,18,18.0,1.1,0.2,0,,0,1,18.0,0,1.0,0.0,1.0,-1.0,-5.0,-5.62,Matches,
Colombia,all_competitions,Andrés Gómez,MF,23.0,2.0,10,5.0,0.6,0.1,0,,0,2,5.0,0,0.0,1.0,1.0,0.0,0.0,-0.56,Matches,
Colombia,all_competitions,Dayro Moreno,"FW,MF",40.0,1.0,9,9.0,0.6,0.1,0,,0,1,9.0,1,3.0,1.0,0.0,1.0,10.0,9.5,Matches,
Colombia,all_competitions,Juan David Cabal,DF,25.0,2.0,8,4.0,0.5,0.1,0,,0,2,4.0,0,3.0,1.0,0.0,1.0,11.25,10.75,Matches,
Colombia,all_competitions,Mateo Cassierra,FW,28.0,0.0,,,,,0,,0,0,,3,,,,,,,Matches,
Colombia,all_competitions,Juan David Mosquera,"DF,MF",23.0,0.0,,,,,0,,0,0,,1,,,,,,,Matches,
Colombia,all_competitions,Sebastián Gómez,MF,29.0,0.0,,,,,0,,0,0,,1,,,,,,,Matches,
Colombia,all_competitions,José Luis Chunga,GK,34.0,0.0,,,,,0,,0,0,,1,,,,,,,Matches,
Colombia,all_competitions,David Ospina,GK,37.0,0.0,,,,,0,,0,0,,8,,,,,,,Matches,
Colombia,all_competitions,Gustavo Puerta,MF,22.0,0.0,,,,,0,,0,0,,2,,,,,,,Matches,
Colombia,all_competitions,Devis Vásquez,GK,27.0,0.0,,,,,0,,0,0,,2,,,,,,,Matches,
Colombia,all_competitions,Squad Total,,30.2,18.0,"1,620",90.0,100.0,18.0,198,82.0,120,77,19.0,139,1.56,28.0,18.0,10.0,0.56,,,
Colombia,all_competitions,Opponent Total,,29.1,18.0,"1,620",90.0,100.0,18.0,198,82.0,111,84,22.0,132,1.06,18.0,28.0,-10.0,-0.56,,,
Colombia,all_competitions,Luis Díaz,"FW,MF",29-152,21.0,"1,716",82.0,87.2,19.1,21,82.0,11,0,,0,1.57,30.0,24.0,6.0,0.31,-1.48,Matches,
Colombia,all_competitions,James Rodríguez,"MF,FW",34-337,22.0,"1,471",67.0,74.8,16.3,17,77.0,5,5,32.0,0,1.55,26.0,17.0,9.0,0.55,0.19,Matches,
Colombia,all_competitions,Jhon Lucumí,DF,27-353,17.0,"1,469",86.0,74.7,16.3,16,89.0,15,1,45.0,3,1.65,24.0,15.0,9.0,0.55,0.19,Matches,
Colombia,all_competitions,Camilo Vargas,GK,37-097,17.0,"1,464",86.0,74.4,16.3,17,86.0,14,0,,4,1.65,25.0,16.0,9.0,0.55,0.2,Matches,
Colombia,all_competitions,Daniel Muñoz,DF,30-019,17.0,"1,377",81.0,70.0,15.3,16,86.0,14,1,2.0,0,1.53,22.0,20.0,2.0,0.13,-1.24,Matches,
Colombia,all_competitions,Jhon Arias,MF,28-266,21.0,"1,362",65.0,69.2,15.1,18,71.0,2,3,26.0,0,1.48,18.0,15.0,3.0,0.2,-0.99,Matches,
Colombia,all_competitions,Davinson Sánchez,DF,30-002,16.0,"1,312",82.0,66.7,14.6,15,83.0,12,1,68.0,2,1.44,26.0,18.0,8.0,0.55,0.14,Matches,
Colombia,all_competitions,Jefferson Lerma,MF,31-232,17.0,"1,302",77.0,66.2,14.5,15,84.0,10,2,18.0,1,1.71,25.0,15.0,10.0,0.69,0.56,Matches,
Colombia,all_competitions,Richard Ríos,MF,26-012,19.0,"1,201",63.0,61.1,13.3,13,81.0,9,6,25.0,2,1.42,28.0,21.0,7.0,0.52,0.05,Matches,
Colombia,all_competitions,Johan Mojica,DF,33-297,12.0,986,82.0,50.1,11.0,12,82.0,6,0,,4,1.42,19.0,16.0,3.0,0.27,-0.46,Matches,
Colombia,all_competitions,Kevin Castaño,MF,25-258,11.0,612,56.0,31.1,6.8,7,78.0,1,4,16.0,8,1.64,10.0,6.0,4.0,0.59,0.12,Matches,
Colombia,all_competitions,Jhon Córdoba,FW,33-034,12.0,575,48.0,29.2,6.4,5,74.0,0,7,30.0,4,1.58,8.0,6.0,2.0,0.31,-0.27,Matches,
Colombia,all_competitions,Santiago Arias,DF,34-152,7.0,500,71.0,25.4,5.6,5,89.0,3,2,27.0,8,1.86,13.0,3.0,10.0,1.8,1.74,Matches,
Colombia,all_competitions,Yerry Mina,DF,31-264,10.0,478,48.0,24.3,5.3,5,76.0,4,5,19.0,6,1.9,11.0,5.0,6.0,1.13,0.83,Matches,
Colombia,all_competitions,Deiver Machado,DF,32-285,8.0,478,60.0,24.3,5.3,5,81.0,4,3,24.0,3,1.5,4.0,2.0,2.0,0.38,-0.17,Matches,
Colombia,all_competitions,Rafael Borré,"FW,MF",30-272,9.0,452,50.0,23.0,5.0,6,71.0,0,3,9.0,5,1.33,5.0,4.0,1.0,0.2,-0.49,Matches,
Colombia,all_competitions,Jáder Durán,FW,22-183,10.0,445,45.0,27.5,4.9,4,71.0,1,6,27.0,1,1.4,9.0,5.0,4.0,0.81,0.35,Matches,
Colombia,all_competitions,Mateus Uribe,MF,35-085,7.0,414,59.0,25.6,4.6,6,67.0,1,1,10.0,3,1.71,3.0,2.0,1.0,0.22,-0.45,Matches,
Colombia,all_competitions,Carlos Cuesta,DF,27-097,5.0,331,66.0,20.4,3.7,4,79.0,3,1,16.0,3,0.8,4.0,5.0,-1.0,-0.27,-1.04,Matches,
Colombia,all_competitions,Luis Suárez,FW,28-194,6.0,318,53.0,16.2,3.5,4,57.0,0,2,45.0,2,1.67,8.0,6.0,2.0,0.57,0.07,Matches,
Colombia,all_competitions,Cristian Borja,DF,33-116,4.0,313,78.0,19.3,3.5,3,89.0,2,1,45.0,8,1.75,3.0,1.0,2.0,0.58,0.02,Matches,
Colombia,all_competitions,Jorge Carrascal,MF,28-020,10.0,308,31.0,15.7,3.4,3,58.0,0,7,19.0,6,2.0,4.0,4.0,0.0,0.0,-0.6,Matches,
Colombia,all_competitions,Kevin Mier,GK,26-027,3.0,270,90.0,16.7,3.0,3,90.0,3,0,,9,1.67,7.0,4.0,3.0,1.0,0.53,Matches,
Colombia,all_competitions,Juan Quintero,MF,33-147,10.0,261,26.0,13.3,2.9,1,71.0,0,9,21.0,6,1.6,7.0,3.0,4.0,1.38,1.01,Matches,
Colombia,all_competitions,Juan Camilo Portilla,MF,27-275,7.0,232,33.0,11.8,2.6,2,90.0,1,5,11.0,4,2.14,3.0,3.0,0.0,0.0,-0.57,Matches,
Colombia,all_competitions,Jaminton Campaz,FW,26-021,7.0,215,31.0,10.9,2.4,1,56.0,0,6,27.0,4,1.71,5.0,0.0,5.0,2.09,1.78,Matches,
Colombia,all_competitions,Álvaro David Montero,GK,31-077,4.0,214,54.0,10.9,2.4,2,90.0,2,2,17.0,14,1.25,2.0,4.0,-2.0,-0.84,-1.51,Matches,
Colombia,all_competitions,Willer Ditta,DF,28-142,4.0,201,50.0,10.2,2.2,2,82.0,1,2,19.0,3,1.75,3.0,2.0,1.0,0.45,-0.06,Matches,
Colombia,all_competitions,Gustavo Puerta,MF,22-326,4.0,177,44.0,9.0,2.0,2,56.0,0,2,33.0,2,1.5,4.0,2.0,2.0,1.02,1.55,Matches,
Colombia,all_competitions,Yerson Mosquera,DF,25-043,4.0,175,44.0,8.9,1.9,2,86.0,0,2,2.0,4,2.0,2.0,2.0,0.0,0.0,-0.62,Matches,
Colombia,all_competitions,Cucho,MF,27-055,4.0,152,38.0,7.7,1.7,2,53.0,0,2,23.0,2,1.75,3.0,1.0,2.0,1.18,0.74,Matches,
Colombia,all_competitions,Luis Sinisterra,FW,26-362,6.0,139,23.0,8.6,1.5,1,45.0,0,5,19.0,3,2.0,4.0,1.0,3.0,1.94,1.52,Matches,
Colombia,all_competitions,Andrés Gómez,MF,23-275,6.0,122,20.0,6.2,1.4,1,45.0,0,5,15.0,0,1.0,4.0,3.0,1.0,0.74,0.25,Matches,
Colombia,all_competitions,Wílmar Barrios,MF,32-241,3.0,99,33.0,6.1,1.1,1,90.0,1,2,5.0,1,1.67,2.0,2.0,0.0,0.0,-0.59,Matches,
Colombia,all_competitions,Juan David Cabal,DF,25-157,3.0,98,33.0,5.0,1.1,1,90.0,1,2,4.0,1,2.0,2.0,3.0,-1.0,-0.92,-1.5,Matches,
Colombia,all_competitions,Álvaro Angulo,DF,29-011,1.0,90,90.0,5.6,1.0,1,90.0,1,0,,1,3.0,6.0,3.0,3.0,3.0,2.59,Matches,
Colombia,all_competitions,Frank Fabra,DF,35-112,1.0,90,90.0,5.6,1.0,1,90.0,1,0,,0,1.0,2.0,2.0,0.0,0.0,-0.59,Matches,
Colombia,all_competitions,Yaser Asprilla,"FW,MF",22-207,2.0,47,24.0,2.9,0.5,0,,0,2,24.0,5,0.5,1.0,0.0,1.0,1.91,1.4,Matches,
Colombia,all_competitions,Juan Cuadrado,FW,38-019,1.0,45,45.0,2.8,0.5,1,45.0,0,0,,1,3.0,1.0,0.0,1.0,2.0,1.49,Matches,
Colombia,all_competitions,Andrés Felipe Román,"DF,FW",30-252,1.0,34,34.0,2.1,0.4,0,,0,1,34.0,4,1.0,0.0,1.0,-1.0,-2.65,-3.27,Matches,
Colombia,all_competitions,Marino Hinestroza,MF,23-341,2.0,33,17.0,2.0,0.4,0,,0,2,17.0,4,2.0,0.0,0.0,0.0,0.0,-0.57,Matches,
Colombia,all_competitions,Roger Martínez,FW,31-356,1.0,22,22.0,1.4,0.2,1,22.0,0,0,,0,0.0,0.0,0.0,0.0,0.0,-0.56,Matches,
Colombia,all_competitions,Rafael Carrascal,MF,33-200,1.0,18,18.0,1.1,0.2,0,,0,1,18.0,0,1.0,0.0,1.0,-1.0,-5.0,-5.62,Matches,
Colombia,all_competitions,David Ospina,GK,37-287,1.0,17,17.0,0.9,0.2,0,,0,1,17.0,11,3.0,1.0,0.0,1.0,5.29,5.29,Matches,
Colombia,all_competitions,Dayro Moreno,"FW,MF",40-271,1.0,9,9.0,0.6,0.1,0,,0,1,9.0,1,3.0,1.0,0.0,1.0,10.0,9.5,Matches,
Colombia,all_competitions,Mateo Cassierra,FW,29-062,0.0,,,,,0,,0,0,,3,,,,,,,Matches,
Colombia,all_competitions,Sebastián Gómez,MF,30-011,0.0,,,,,0,,0,0,,1,,,,,,,Matches,
Colombia,all_competitions,José Luis Chunga,GK,34-338,0.0,,,,,0,,0,0,,1,,,,,,,Matches,
Colombia,all_competitions,Devis Vásquez,GK,28-033,0.0,,,,,0,,0,0,,2,,,,,,,Matches,
Colombia,all_competitions,Juan David Mosquera,"DF,MF",23-282,0.0,,,,,0,,0,0,,1,,,,,,,Matches,
Colombia,all_competitions,Johan Carbonero,"FW,MF",26-329,0.0,,,,,0,,0,0,,2,,,,,,,Matches,
Congo DR,all_competitions,Chancel Mbemba,DF,31.0,12.0,"1,110",93.0,100.0,12.3,12,93.0,12,0,,0,2.17,17.0,7.0,10.0,0.81,,Matches,
Congo DR,all_competitions,Samuel Moutoussamy,MF,29.0,11.0,"1,019",93.0,91.8,11.3,11,93.0,10,0,,1,2.36,17.0,6.0,11.0,0.97,1.96,Matches,
Congo DR,all_competitions,Yoane Wissa,"MF,FW",29.0,8.0,560,70.0,50.5,6.2,8,70.0,1,0,,0,2.0,10.0,3.0,7.0,1.13,0.63,Matches,
Congo DR,all_competitions,Arthur Masuaku,"DF,MF",32.0,7.0,646,92.0,58.2,7.2,7,92.0,5,0,,2,2.0,8.0,5.0,3.0,0.42,-0.94,Matches,
Congo DR,all_competitions,Meschak Elia,"MF,FW",28.0,11.0,636,58.0,57.3,7.1,7,72.0,0,4,33.0,0,2.09,7.0,6.0,1.0,0.14,-1.57,Matches,
Congo DR,all_competitions,Charles Pickel,MF,28.0,11.0,575,52.0,51.8,6.4,7,70.0,3,4,21.0,1,2.27,6.0,3.0,3.0,0.47,-0.71,Matches,
Congo DR,all_competitions,Cédric Bakambu,FW,34.0,9.0,533,59.0,48.0,5.9,7,71.0,0,2,17.0,0,2.11,11.0,5.0,6.0,1.01,0.39,Matches,
Congo DR,all_competitions,Joris Kayembe,DF,31.0,9.0,571,63.0,51.4,6.3,6,90.0,6,3,10.0,2,2.11,11.0,3.0,8.0,1.26,0.93,Matches,
Congo DR,all_competitions,Lionel Mpasi,GK,31.0,6.0,569,95.0,51.3,6.3,6,95.0,5,0,,4,2.17,6.0,2.0,4.0,0.63,-0.37,Matches,
Congo DR,all_competitions,Aaron Wan-Bissaka,"DF,MF",28.0,6.0,549,92.0,49.5,6.1,6,92.0,4,0,,0,2.17,10.0,5.0,5.0,0.82,0.02,Matches,
Congo DR,all_competitions,Dimitry Bertaud,GK,27.0,6.0,540,90.0,48.6,6.0,6,90.0,6,0,,4,2.17,11.0,5.0,6.0,1.0,0.37,Matches,
Congo DR,all_competitions,Edo Kayembe,"MF,FW",27.0,10.0,580,58.0,52.3,6.4,5,89.0,4,5,27.0,2,2.3,12.0,4.0,8.0,1.24,0.9,Matches,
Congo DR,all_competitions,Axel Tuanzebe,DF,28.0,5.0,480,96.0,43.2,5.3,5,96.0,5,0,,1,2.2,5.0,2.0,3.0,0.56,-0.44,Matches,
Congo DR,all_competitions,Theo Bongonda,"MF,FW",30.0,8.0,418,52.0,37.7,4.6,4,79.0,1,4,26.0,2,2.38,6.0,1.0,5.0,1.08,0.43,Matches,
Congo DR,all_competitions,Noah Sadiki,MF,21.0,5.0,373,75.0,33.6,4.1,4,93.0,2,1,2.0,1,2.0,7.0,4.0,3.0,0.72,-0.13,Matches,
Congo DR,all_competitions,Dylan Batubinsika,DF,29.0,4.0,360,90.0,32.4,4.0,4,90.0,4,0,,2,2.25,9.0,4.0,5.0,1.25,0.65,Matches,
Congo DR,all_competitions,Baka Inonga,DF,31.0,4.0,360,90.0,32.4,4.0,4,90.0,4,0,,2,1.75,4.0,2.0,2.0,0.5,-0.46,Matches,
Congo DR,all_competitions,Nathanaël Mbuku,"MF,FW",23.0,6.0,357,60.0,32.2,4.0,4,82.0,0,2,16.0,0,2.17,6.0,3.0,3.0,0.76,-0.08,Matches,
Congo DR,all_competitions,Gédéon Kalulu,DF,28.0,5.0,342,68.0,30.8,3.8,3,90.0,3,2,36.0,5,2.4,3.0,1.0,2.0,0.53,-0.41,Matches,
Congo DR,all_competitions,Gaël Kakuta,MF,34.0,4.0,245,61.0,22.1,2.7,3,67.0,0,1,45.0,0,1.75,3.0,2.0,1.0,0.37,-0.57,Matches,
Congo DR,all_competitions,Samuel Essende,FW,28.0,3.0,225,75.0,20.3,2.5,3,75.0,1,0,,6,2.33,3.0,1.0,2.0,0.8,-0.01,Matches,
Congo DR,all_competitions,Rocky Bushiri,DF,26.0,2.0,180,90.0,16.2,2.0,2,90.0,2,0,,10,3.0,2.0,0.0,2.0,1.0,0.23,Matches,
Congo DR,all_competitions,Ngal'Ayel Mukau,MF,21.0,4.0,174,44.0,15.7,1.9,2,73.0,0,2,15.0,2,2.5,3.0,1.0,2.0,1.03,0.27,Matches,
Congo DR,all_competitions,Simon Banza,FW,29.0,2.0,147,74.0,13.2,1.6,2,74.0,0,0,,4,1.5,1.0,0.0,1.0,0.61,-0.23,Matches,
Congo DR,all_competitions,Fiston Mayele,FW,31.0,11.0,239,22.0,21.5,2.7,1,45.0,0,10,19.0,1,2.09,4.0,1.0,3.0,1.13,0.41,Matches,
Congo DR,all_competitions,Grady Diangana,MF,27.0,3.0,90,30.0,8.1,1.0,1,45.0,0,2,23.0,3,2.0,1.0,0.0,1.0,1.0,0.21,Matches,
Congo DR,all_competitions,Aaron Tshibola,MF,31.0,3.0,90,30.0,8.1,1.0,1,81.0,0,2,5.0,3,2.0,0.0,1.0,-1.0,-1.0,-1.97,Matches,
Congo DR,all_competitions,Silas Katompa,MF,27.0,3.0,80,27.0,7.2,0.9,1,56.0,0,2,12.0,1,2.0,2.0,0.0,2.0,2.25,1.55,Matches,
Congo DR,all_competitions,Brian Cipenga,MF,27.0,3.0,91,30.0,8.2,1.0,0,,0,3,30.0,1,2.33,1.0,0.0,1.0,0.99,0.19,Matches,
Congo DR,all_competitions,Chadrac Akolo,"FW,MF",30.0,2.0,28,14.0,2.5,0.3,0,,0,2,14.0,0,2.0,1.0,0.0,1.0,3.21,2.47,Matches,
Congo DR,all_competitions,Jackson Muleka,"FW,MF",26.0,1.0,27,27.0,2.4,0.3,0,,0,1,27.0,1,3.0,0.0,0.0,0.0,0.0,-0.83,Matches,
Congo DR,all_competitions,Michel-Ange Balikwisha,"FW,MF",24.0,1.0,15,15.0,1.4,0.2,0,,0,1,15.0,1,1.0,0.0,0.0,0.0,0.0,-0.82,Matches,
Congo DR,all_competitions,Timothy Fayulu,GK,26.0,1.0,1,1.0,0.1,0.0,0,,0,1,1.0,9,1.0,0.0,0.0,0.0,0.0,-0.81,Matches,
Congo DR,all_competitions,Brian Bayeye,DF,25.0,0.0,,,,,0,,0,0,,3,,,,,,,Matches,
Congo DR,all_competitions,Matthieu Epolo,GK,21.0,0.0,,,,,0,,0,0,,2,,,,,,,Matches,
Congo DR,all_competitions,Esdras Kabamba,GK,26.0,0.0,,,,,0,,0,0,,2,,,,,,,Matches,
Congo DR,all_competitions,Steve Kapuadi,DF,27.0,0.0,,,,,0,,0,0,,6,,,,,,,Matches,
Congo DR,all_competitions,Vital N'Simba,DF,32.0,0.0,,,,,0,,0,0,,2,,,,,,,Matches,
Congo DR,all_competitions,Jeremy Ngakia,"DF,MF",25.0,0.0,,,,,0,,0,0,,1,,,,,,,Matches,
Congo DR,all_competitions,Baggio Siadi,GK,28.0,0.0,,,,,0,,0,0,,2,,,,,,,Matches,
Congo DR,all_competitions,Mario Stroeykens,MF,21.0,0.0,,,,,0,,0,0,,1,,,,,,,Matches,
Congo DR,all_competitions,Squad Total,,29.4,12.0,"1,110",93.0,100.0,12.3,132,84.0,78,54,21.0,90,2.17,17.0,7.0,10.0,0.81,,,
Congo DR,all_competitions,Opponent Total,,28.4,12.0,"1,110",93.0,100.0,12.3,132,84.0,80,54,25.0,86,0.67,7.0,17.0,-10.0,-0.81,,,
Congo DR,all_competitions,Chancel Mbemba,DF,31-310,2.0,180.0,90.0,100.0,2.0,2,90.0,2,0,,0,0.5,1.0,2.0,-1.0,-0.5,,Matches,
Congo DR,all_competitions,Lionel Mpasi,GK,31-317,2.0,180.0,90.0,100.0,2.0,2,90.0,2,0,,0,0.5,1.0,2.0,-1.0,-0.5,,Matches,
Congo DR,all_competitions,Axel Tuanzebe,DF,28-212,2.0,180.0,90.0,100.0,2.0,2,90.0,2,0,,0,0.5,1.0,2.0,-1.0,-0.5,,Matches,
Congo DR,all_competitions,Samuel Moutoussamy,MF,29-306,2.0,161.0,81.0,89.4,1.8,2,81.0,1,0,,0,0.5,0.0,1.0,-1.0,-0.56,-10.03,Matches,
Congo DR,all_competitions,Yoane Wissa,FW,29-284,2.0,131.0,66.0,72.8,1.5,2,66.0,0,0,,0,0.5,0.0,0.0,0.0,0.0,-1.84,Matches,
Congo DR,all_competitions,Ngal'Ayel Mukau,MF,21-223,2.0,114.0,57.0,63.3,1.3,2,57.0,0,0,,0,0.5,0.0,0.0,0.0,0.0,-1.36,Matches,
Congo DR,all_competitions,Joris Kayembe,DF,31-310,2.0,126.0,63.0,70.0,1.4,1,90.0,1,1,36.0,0,0.5,1.0,2.0,-1.0,-0.71,-4.05,Matches,
Congo DR,all_competitions,Cédric Bakambu,FW,35-064,2.0,114.0,57.0,63.3,1.3,1,69.0,0,1,45.0,0,0.5,1.0,2.0,-1.0,-0.79,-3.52,Matches,
Congo DR,all_competitions,Edo Kayembe,MF,28-011,2.0,99.0,50.0,55.0,1.1,1,54.0,0,1,45.0,0,0.5,1.0,2.0,-1.0,-0.91,-3.13,Matches,
Congo DR,all_competitions,Aaron Wan-Bissaka,DF,28-200,2.0,94.0,47.0,52.2,1.0,1,90.0,1,1,4.0,0,0.5,1.0,2.0,-1.0,-0.96,-3.05,Matches,
Congo DR,all_competitions,Noah Sadiki,MF,21-179,2.0,93.0,47.0,51.7,1.0,1,57.0,0,1,36.0,0,0.5,0.0,1.0,-1.0,-0.97,-3.04,Matches,
Congo DR,all_competitions,Steve Kapuadi,DF,28-045,1.0,90.0,90.0,50.0,1.0,1,90.0,1,0,,1,1.0,0.0,0.0,0.0,0.0,-1.0,Matches,
Congo DR,all_competitions,Gédéon Kalulu,MF,28-289,1.0,86.0,86.0,47.8,1.0,1,86.0,0,0,,1,1.0,0.0,0.0,0.0,0.0,-0.96,Matches,
Congo DR,all_competitions,Nathanaël Mbuku,MF,24-090,2.0,61.0,31.0,33.9,0.7,1,57.0,0,1,4.0,0,0.5,0.0,1.0,-1.0,-1.48,-2.99,Matches,
Congo DR,all_competitions,Arthur Masuaku,MF,32-219,1.0,54.0,54.0,30.0,0.6,1,54.0,0,0,,1,1.0,0.0,0.0,0.0,0.0,-0.71,Matches,
Congo DR,all_competitions,Theo Bongonda,MF,30-206,1.0,45.0,45.0,25.0,0.5,1,45.0,0,0,,1,0.0,0.0,0.0,0.0,0.0,-0.67,Matches,
Congo DR,all_competitions,Meschak Elia,"FW,MF",28-312,1.0,45.0,45.0,25.0,0.5,0,,0,1,45.0,1,0.0,1.0,2.0,-1.0,-2.0,-3.33,Matches,
Congo DR,all_competitions,Brian Cipenga,MF,28-095,1.0,33.0,33.0,18.3,0.4,0,,0,1,33.0,1,0.0,1.0,1.0,0.0,0.0,-0.61,Matches,
Congo DR,all_competitions,Gaël Kakuta,"FW,MF",34-358,1.0,33.0,33.0,18.3,0.4,0,,0,1,33.0,1,0.0,1.0,1.0,0.0,0.0,-0.61,Matches,
Congo DR,all_competitions,Simon Banza,"FW,MF",29-305,1.0,21.0,21.0,11.7,0.2,0,,0,1,21.0,1,1.0,0.0,0.0,0.0,0.0,-0.57,Matches,
Congo DR,all_competitions,Charles Pickel,"DF,MF",29-030,1.0,21.0,21.0,11.7,0.2,0,,0,1,21.0,1,1.0,0.0,0.0,0.0,0.0,-0.57,Matches,
Congo DR,all_competitions,Aaron Tshibola,MF,31-163,1.0,19.0,19.0,10.6,0.2,0,,0,1,19.0,1,0.0,1.0,1.0,0.0,0.0,-0.56,Matches,
Congo DR,all_competitions,Dylan Batubinsika,DF,30-119,0.0,,,,,0,,0,0,,2,,,,,,,Matches,
Congo DR,all_competitions,Matthieu Epolo,GK,21-150,0.0,,,,,0,,0,0,,2,,,,,,,Matches,
Congo DR,all_competitions,Timothy Fayulu,GK,26-325,0.0,,,,,0,,0,0,,2,,,,,,,Matches,
Congo DR,all_competitions,Fiston Mayele,FW,31-355,0.0,,,,,0,,0,0,,2,,,,,,,Matches,
Congo DR,all_competitions,Squad Total,,29.3,3.0,180.0,60.0,100.0,2.0,22,74.0,10,12,29.0,18,1.33,3.0,2.0,1.0,0.5,,,
Congo DR,all_competitions,Opponent Total,,26.5,3.0,180.0,60.0,100.0,2.0,22,74.0,7,15,23.0,8,1.33,2.0,3.0,-1.0,-0.5,,,
Congo DR,all_competitions,Cédric Bakambu,FW,34.0,1.0,120.0,120.0,100.0,1.3,1,120.0,1,0,,0,3.0,1.0,0.0,1.0,0.75,,Matches,
Congo DR,all_competitions,Chancel Mbemba,DF,31.0,1.0,120.0,120.0,100.0,1.3,1,120.0,1,0,,0,3.0,1.0,0.0,1.0,0.75,,Matches,
Congo DR,all_competitions,Lionel Mpasi,GK,31.0,1.0,120.0,120.0,100.0,1.3,1,120.0,1,0,,0,3.0,1.0,0.0,1.0,0.75,,Matches,
Congo DR,all_competitions,Axel Tuanzebe,DF,28.0,1.0,120.0,120.0,100.0,1.3,1,120.0,1,0,,0,3.0,1.0,0.0,1.0,0.75,,Matches,
Congo DR,all_competitions,Aaron Wan-Bissaka,DF,28.0,1.0,120.0,120.0,100.0,1.3,1,120.0,1,0,,0,3.0,1.0,0.0,1.0,0.75,,Matches,
Congo DR,all_competitions,Samuel Moutoussamy,MF,29.0,1.0,119.0,119.0,99.2,1.3,1,119.0,0,0,,0,3.0,1.0,0.0,1.0,0.76,,Matches,
Congo DR,all_competitions,Arthur Masuaku,DF,32.0,1.0,105.0,105.0,87.5,1.2,1,105.0,0,0,,0,3.0,1.0,0.0,1.0,0.86,,Matches,
Congo DR,all_competitions,Yoane Wissa,FW,29.0,1.0,90.0,90.0,75.0,1.0,1,90.0,0,0,,0,3.0,0.0,0.0,0.0,0.0,,Matches,
Congo DR,all_competitions,Noah Sadiki,MF,21.0,1.0,72.0,72.0,60.0,0.8,1,72.0,0,0,,0,3.0,0.0,0.0,0.0,0.0,,Matches,
Congo DR,all_competitions,Nathanaël Mbuku,MF,23.0,1.0,66.0,66.0,55.0,0.7,1,66.0,0,0,,0,3.0,0.0,0.0,0.0,0.0,,Matches,
Congo DR,all_competitions,Meschak Elia,MF,28.0,1.0,57.0,57.0,47.5,0.6,1,57.0,0,0,,0,3.0,0.0,0.0,0.0,0.0,,Matches,
Congo DR,all_competitions,Theo Bongonda,"FW,MF",30.0,1.0,63.0,63.0,52.5,0.7,0,,0,1,63.0,0,3.0,1.0,0.0,1.0,1.43,,Matches,
Congo DR,all_competitions,Edo Kayembe,MF,27.0,1.0,54.0,54.0,45.0,0.6,0,,0,1,54.0,0,3.0,1.0,0.0,1.0,1.67,,Matches,
Congo DR,all_competitions,Ngal'Ayel Mukau,MF,21.0,1.0,48.0,48.0,40.0,0.5,0,,0,1,48.0,0,3.0,1.0,0.0,1.0,1.87,,Matches,
Congo DR,all_competitions,Brian Cipenga,MF,27.0,1.0,30.0,30.0,25.0,0.3,0,,0,1,30.0,0,3.0,1.0,0.0,1.0,3.0,,Matches,
Congo DR,all_competitions,Joris Kayembe,"DF,FW",31.0,1.0,15.0,15.0,12.5,0.2,0,,0,1,15.0,0,3.0,0.0,0.0,0.0,0.0,,Matches,
Congo DR,all_competitions,Charles Pickel,"DF,MF",28.0,1.0,1.0,1.0,0.8,0.0,0,,0,1,1.0,0,3.0,0.0,0.0,0.0,0.0,,Matches,
Congo DR,all_competitions,Simon Banza,"FW,MF",29.0,0.0,,,,,0,,0,0,,1,,,,,,,Matches,
Congo DR,all_competitions,Rocky Bushiri,DF,26.0,0.0,,,,,0,,0,0,,1,,,,,,,Matches,
Congo DR,all_competitions,Matthieu Epolo,GK,21.0,0.0,,,,,0,,0,0,,1,,,,,,,Matches,
Congo DR,all_competitions,Timothy Fayulu,GK,26.0,0.0,,,,,0,,0,0,,1,,,,,,,Matches,
Congo DR,all_competitions,Steve Kapuadi,DF,27.0,0.0,,,,,0,,0,0,,1,,,,,,,Matches,
Congo DR,all_competitions,Fiston Mayele,FW,31.0,0.0,,,,,0,,0,0,,1,,,,,,,Matches,
Congo DR,all_competitions,Squad Total,,29.2,,120.0,,100.0,1.3,11,101.0,5,6,35.0,6,,,,,,,,
Congo DR,all_competitions,Opponent Total,,27.8,,120.0,,100.0,1.3,11,101.0,5,6,39.0,6,,,,,,,,
Congo DR,all_competitions,Chancel Mbemba,DF,31-310,15.0,"1,410",94.0,100.0,15.7,15,94.0,15,0,,0,2.0,19.0,9.0,10.0,0.64,,Matches,
Congo DR,all_competitions,Samuel Moutoussamy,MF,29-306,14.0,"1,299",93.0,92.1,14.4,14,93.0,11,0,,1,2.14,18.0,7.0,11.0,0.76,-0.05,Matches,
Congo DR,all_competitions,Lionel Mpasi,GK,31-317,9.0,869,97.0,61.6,9.7,9,97.0,8,0,,4,1.89,8.0,4.0,4.0,0.41,-0.92,Matches,
Congo DR,all_competitions,Arthur Masuaku,"DF,MF",32-219,9.0,805,89.0,57.1,8.9,9,89.0,5,0,,3,2.0,9.0,5.0,4.0,0.45,-0.74,Matches,
Congo DR,all_competitions,Yoane Wissa,"MF,FW",29-284,11.0,781,71.0,55.4,8.7,11,71.0,1,0,,0,1.82,10.0,3.0,7.0,0.81,0.23,Matches,
Congo DR,all_competitions,Axel Tuanzebe,DF,28-212,8.0,780,98.0,55.3,8.7,8,98.0,8,0,,1,1.88,7.0,4.0,3.0,0.35,-0.94,Matches,
Congo DR,all_competitions,Cédric Bakambu,FW,35-064,12.0,767,64.0,54.4,8.5,9,77.0,1,3,26.0,0,1.92,13.0,7.0,6.0,0.7,-0.14,Matches,
Congo DR,all_competitions,Aaron Wan-Bissaka,"DF,MF",28-200,9.0,763,85.0,54.1,8.5,8,95.0,6,1,4.0,0,1.89,12.0,7.0,5.0,0.59,-0.38,Matches,
Congo DR,all_competitions,Meschak Elia,"MF,FW",28-312,13.0,738,57.0,52.3,8.2,8,70.0,0,5,35.0,1,2.0,8.0,8.0,0.0,0.0,-1.47,Matches,
Congo DR,all_competitions,Edo Kayembe,"MF,FW",28-011,13.0,733,56.0,52.0,8.1,6,83.0,4,7,33.0,2,2.08,14.0,6.0,8.0,0.98,0.45,Matches,
Congo DR,all_competitions,Joris Kayembe,DF,31-310,12.0,712,59.0,50.5,7.9,7,90.0,7,5,16.0,2,1.92,12.0,5.0,7.0,0.88,0.37,Matches,
Congo DR,all_competitions,Charles Pickel,MF,29-030,13.0,597,46.0,42.3,6.6,7,70.0,3,6,18.0,2,2.23,6.0,3.0,3.0,0.45,-0.43,Matches,
Congo DR,all_competitions,Dimitry Bertaud,GK,28-008,6.0,540,90.0,48.6,6.0,6,90.0,6,0,,4,2.17,11.0,5.0,6.0,1.0,0.37,Matches,
Congo DR,all_competitions,Noah Sadiki,MF,21-179,8.0,538,67.0,38.2,6.0,6,83.0,2,2,19.0,1,1.75,7.0,5.0,2.0,0.33,-0.59,Matches,
Congo DR,all_competitions,Theo Bongonda,"MF,FW",30-206,10.0,526,53.0,37.3,5.8,5,72.0,1,5,33.0,3,2.2,7.0,1.0,6.0,1.03,0.42,Matches,
Congo DR,all_competitions,Nathanaël Mbuku,"MF,FW",24-090,9.0,484,54.0,34.3,5.4,6,75.0,0,3,12.0,0,1.89,6.0,4.0,2.0,0.37,-0.5,Matches,
Congo DR,all_competitions,Gédéon Kalulu,DF,28-289,6.0,428,71.0,33.2,4.8,4,89.0,3,2,36.0,6,2.17,3.0,1.0,2.0,0.42,-0.52,Matches,
Congo DR,all_competitions,Baka Inonga,DF,31-201,4.0,360,90.0,32.4,4.0,4,90.0,4,0,,2,1.75,4.0,2.0,2.0,0.5,-0.46,Matches,
Congo DR,all_competitions,Dylan Batubinsika,DF,30-119,4.0,360,90.0,27.9,4.0,4,90.0,4,0,,4,2.25,9.0,4.0,5.0,1.25,0.65,Matches,
Congo DR,all_competitions,Ngal'Ayel Mukau,MF,21-223,7.0,336,48.0,23.8,3.7,4,65.0,0,3,26.0,2,2.0,4.0,1.0,3.0,0.8,0.05,Matches,
Congo DR,all_competitions,Gaël Kakuta,MF,34-358,5.0,278,56.0,21.6,3.1,3,67.0,0,2,39.0,1,1.4,4.0,3.0,1.0,0.32,-0.57,Matches,
Congo DR,all_competitions,Fiston Mayele,FW,31-355,11.0,239,22.0,17.0,2.7,1,45.0,0,10,19.0,4,2.09,4.0,1.0,3.0,1.13,0.41,Matches,
Congo DR,all_competitions,Samuel Essende,FW,28-142,3.0,225,75.0,20.3,2.5,3,75.0,1,0,,6,2.33,3.0,1.0,2.0,0.8,-0.01,Matches,
Congo DR,all_competitions,Rocky Bushiri,DF,26-196,2.0,180,90.0,14.6,2.0,2,90.0,2,0,,11,3.0,2.0,0.0,2.0,1.0,0.23,Matches,
Congo DR,all_competitions,Simon Banza,FW,29-305,3.0,168,56.0,11.9,1.9,2,74.0,0,1,21.0,6,1.33,1.0,0.0,1.0,0.54,-0.27,Matches,
Congo DR,all_competitions,Brian Cipenga,MF,28-095,5.0,154,31.0,10.9,1.7,0,,0,5,31.0,2,2.0,3.0,1.0,2.0,1.17,0.45,Matches,
Congo DR,all_competitions,Aaron Tshibola,MF,31-163,4.0,109,27.0,8.4,1.2,1,81.0,0,3,9.0,4,1.5,1.0,2.0,-1.0,-0.83,-1.74,Matches,
Congo DR,all_competitions,Steve Kapuadi,DF,28-045,1.0,90,90.0,6.4,1.0,1,90.0,1,0,,8,1.0,0.0,0.0,0.0,0.0,-1.0,Matches,
Congo DR,all_competitions,Grady Diangana,MF,28-056,3.0,90,30.0,8.1,1.0,1,45.0,0,2,23.0,3,2.0,1.0,0.0,1.0,1.0,0.21,Matches,
Congo DR,all_competitions,Silas Katompa,MF,27-251,3.0,80,27.0,7.2,0.9,1,56.0,0,2,12.0,1,2.0,2.0,0.0,2.0,2.25,1.55,Matches,
Congo DR,all_competitions,Chadrac Akolo,"FW,MF",31-074,2.0,28,14.0,2.5,0.3,0,,0,2,14.0,0,2.0,1.0,0.0,1.0,3.21,2.47,Matches,
Congo DR,all_competitions,Jackson Muleka,"FW,MF",26-253,1.0,27,27.0,2.4,0.3,0,,0,1,27.0,1,3.0,0.0,0.0,0.0,0.0,-0.83,Matches,
Congo DR,all_competitions,Michel-Ange Balikwisha,"FW,MF",25-035,1.0,15,15.0,1.4,0.2,0,,0,1,15.0,1,1.0,0.0,0.0,0.0,0.0,-0.82,Matches,
Congo DR,all_competitions,Timothy Fayulu,GK,26-325,1.0,1,1.0,0.1,0.0,0,,0,1,1.0,12,1.0,0.0,0.0,0.0,0.0,-0.81,Matches,
Congo DR,all_competitions,Jeremy Ngakia,"DF,MF",25-280,0.0,,,,,0,,0,0,,1,,,,,,,Matches,
Congo DR,all_competitions,Baggio Siadi,GK,28-328,0.0,,,,,0,,0,0,,2,,,,,,,Matches,
Congo DR,all_competitions,Brian Bayeye,DF,25-349,0.0,,,,,0,,0,0,,3,,,,,,,Matches,
Congo DR,all_competitions,Mario Stroeykens,MF,21-258,0.0,,,,,0,,0,0,,1,,,,,,,Matches,
Congo DR,all_competitions,Matthieu Epolo,GK,21-150,0.0,,,,,0,,0,0,,5,,,,,,,Matches,
Congo DR,all_competitions,Vital N'Simba,DF,32-341,0.0,,,,,0,,0,0,,2,,,,,,,Matches,
Congo DR,all_competitions,Esdras Kabamba,GK,26-355,0.0,,,,,0,,0,0,,2,,,,,,,Matches,
Croatia,all_competitions,Dominik Livaković,GK,31-156,4.0,328.0,82.0,91.1,3.6,4,82.0,3,0,,0,1.5,5.0,6.0,-1.0,-0.27,2.54,Matches,
Croatia,all_competitions,Ivan Perišić,MF,37-132,4.0,248.0,62.0,68.9,2.8,4,62.0,0,0,,0,1.5,3.0,3.0,0.0,0.0,1.61,Matches,
Croatia,all_competitions,Josip Stanišić,"MF,DF",26-073,4.0,283.0,71.0,78.6,3.1,3,79.0,2,1,45.0,0,1.5,3.0,5.0,-2.0,-0.64,-0.64,Matches,
Croatia,all_competitions,Luka Vušković,DF,19-110,3.0,262.0,87.0,72.8,2.9,3,87.0,2,0,,1,1.0,2.0,4.0,-2.0,-0.69,-0.69,Matches,
Croatia,all_competitions,Petar Sučić,MF,22-232,4.0,257.0,64.0,71.4,2.9,3,71.0,0,1,45.0,0,1.5,4.0,4.0,0.0,0.0,1.75,Matches,
Croatia,all_competitions,Luka Modrić,MF,40-278,4.0,185.0,46.0,51.4,2.1,3,58.0,0,1,12.0,0,1.5,1.0,2.0,-1.0,-0.49,0.03,Matches,
Croatia,all_competitions,Marin Pongračić,DF,28-276,4.0,243.0,61.0,67.5,2.7,2,90.0,2,2,32.0,0,1.5,5.0,5.0,0.0,0.0,1.54,Matches,
Croatia,all_competitions,Martin Baturina,MF,23-118,4.0,214.0,54.0,59.4,2.4,2,70.0,0,2,38.0,0,1.5,2.0,3.0,-1.0,-0.42,0.2,Matches,
Croatia,all_competitions,Marco Pašalić,MF,25-273,4.0,195.0,49.0,54.2,2.2,2,71.0,0,2,27.0,0,1.5,4.0,4.0,0.0,0.0,1.09,Matches,
Croatia,all_competitions,Josip Šutalo,DF,26-106,3.0,169.0,56.0,46.9,1.9,2,80.0,1,1,9.0,1,1.0,2.0,5.0,-3.0,-1.6,-2.07,Matches,
Croatia,all_competitions,Martin Erlić,DF,28-141,2.0,159.0,80.0,44.2,1.8,2,80.0,0,0,,2,3.0,3.0,1.0,2.0,1.13,2.92,Matches,
Croatia,all_competitions,Joško Gvardiol,DF,24-142,2.0,148.0,74.0,41.1,1.6,2,74.0,1,0,,0,1.5,2.0,2.0,0.0,0.0,0.85,Matches,
Croatia,all_competitions,Ante Budimir,FW,34-327,3.0,137.0,46.0,38.1,1.5,2,52.0,0,1,33.0,1,1.0,0.0,2.0,-2.0,-1.31,-1.31,Matches,
Croatia,all_competitions,Andrej Kramarić,MF,34-360,4.0,136.0,34.0,37.8,1.5,2,52.0,0,2,16.0,0,1.5,0.0,2.0,-2.0,-1.32,-1.32,Matches,
Croatia,all_competitions,Mateo Kovačić,MF,32-039,2.0,102.0,51.0,28.3,1.1,2,51.0,0,0,,0,1.5,0.0,1.0,-1.0,-0.88,-0.53,Matches,
Croatia,all_competitions,Mario Pašalić,MF,31-125,4.0,175.0,44.0,48.6,1.9,1,78.0,0,3,32.0,0,1.5,4.0,5.0,-1.0,-0.51,-0.03,Matches,
Croatia,all_competitions,Nikola Moro,MF,28-094,3.0,133.0,44.0,36.9,1.5,1,82.0,0,2,26.0,1,1.0,3.0,4.0,-1.0,-0.68,-0.28,Matches,
Croatia,all_competitions,Petar Musa,FW,28-102,3.0,133.0,44.0,36.9,1.5,1,57.0,0,2,38.0,1,1.0,1.0,3.0,-2.0,-1.35,-1.35,Matches,
Croatia,all_competitions,Nikola Vlašić,MF,28-253,3.0,106.0,35.0,29.4,1.2,1,60.0,0,2,23.0,1,2.0,3.0,3.0,0.0,0.0,0.71,Matches,
Croatia,all_competitions,Igor Matanović,FW,23-075,2.0,90.0,45.0,25.0,1.0,1,45.0,0,1,45.0,2,3.0,4.0,2.0,2.0,2.0,3.33,Matches,
Croatia,all_competitions,Duje Ćaleta-Car,DF,29-270,1.0,59.0,59.0,16.4,0.7,1,59.0,0,0,,3,0.0,0.0,1.0,-1.0,-1.53,-1.23,Matches,
Croatia,all_competitions,Luka Sučić,"FW,MF",23-279,3.0,89.0,30.0,24.7,1.0,0,,0,3,30.0,1,2.0,1.0,2.0,-1.0,-1.01,-0.68,Matches,
Croatia,all_competitions,Kristijan Jakić,"DF,MF",29-031,2.0,32.0,16.0,8.9,0.4,0,,0,2,16.0,2,1.5,0.0,1.0,-1.0,-2.81,-2.54,Matches,
Croatia,all_competitions,Dominik Kotarski,GK,26-124,1.0,32.0,32.0,8.9,0.4,0,,0,1,32.0,1,0.0,0.0,1.0,-1.0,-2.81,-2.54,Matches,
Croatia,all_competitions,Lovro Majer,"FW,MF",28-148,1.0,21.0,21.0,5.8,0.2,0,,0,1,21.0,1,0.0,1.0,2.0,-1.0,-4.29,-4.02,Matches,
Croatia,all_competitions,Toni Fruk,"FW,MF",25-097,2.0,16.0,8.0,4.4,0.2,0,,0,2,8.0,2,1.5,1.0,2.0,-1.0,-5.63,-5.36,Matches,
Croatia,all_competitions,Ivan Smolčić,DF,25-301,1.0,8.0,8.0,2.2,0.1,0,,0,1,8.0,1,0.0,1.0,2.0,-1.0,-11.25,-10.99,Matches,
Croatia,all_competitions,Karlo Letica,GK,29-123,0.0,,,,,0,,0,0,,2,,,,,,,Matches,
Croatia,all_competitions,Ivor Pandur,GK,26-081,0.0,,,,,0,,0,0,,4,,,,,,,Matches,
Croatia,all_competitions,Squad Total,,28.5,4.0,360.0,90.0,100.0,4.0,44,70.0,11,33,27.0,27,1.5,5.0,7.0,-2.0,-0.5,,,
Croatia,all_competitions,Opponent Total,,28.4,4.0,360.0,90.0,100.0,4.0,44,70.0,15,29,23.0,26,1.5,7.0,5.0,2.0,0.5,,,
Croatia,all_competitions,Dominik Livaković,GK,31.0,7.0,630.0,90.0,87.5,7.0,7,90.0,7,0,,1,2.71,23.0,4.0,19.0,2.71,-0.29,Matches,
Croatia,all_competitions,Mario Pašalić,MF,30.0,7.0,495.0,71.0,68.8,5.5,7,71.0,2,0,,1,2.71,16.0,4.0,12.0,2.18,-1.82,Matches,
Croatia,all_competitions,Ivan Perišić,MF,36.0,8.0,552.0,69.0,76.7,6.1,6,82.0,2,2,31.0,0,2.75,23.0,4.0,19.0,3.1,1.49,Matches,
Croatia,all_competitions,Duje Ćaleta-Car,DF,29.0,6.0,491.0,82.0,68.2,5.5,6,82.0,4,0,,1,2.67,18.0,3.0,15.0,2.75,0.0,Matches,
Croatia,all_competitions,Petar Sučić,MF,22.0,6.0,474.0,79.0,65.8,5.3,6,79.0,4,0,,2,2.67,13.0,2.0,11.0,2.09,-1.94,Matches,
Croatia,all_competitions,Andrej Kramarić,MF,34.0,8.0,521.0,65.0,72.4,5.8,5,84.0,3,3,34.0,0,2.75,20.0,2.0,18.0,3.11,1.3,Matches,
Croatia,all_competitions,Josip Šutalo,DF,25.0,5.0,405.0,81.0,56.3,4.5,4,90.0,4,1,45.0,2,2.6,14.0,3.0,11.0,2.44,-0.7,Matches,
Croatia,all_competitions,Luka Modrić,MF,40.0,8.0,399.0,50.0,55.4,4.4,4,78.0,1,4,22.0,0,2.75,15.0,2.0,13.0,2.93,0.41,Matches,
Croatia,all_competitions,Josip Stanišić,DF,25.0,5.0,379.0,76.0,52.6,4.2,4,84.0,3,1,45.0,0,3.0,18.0,2.0,16.0,3.8,2.22,Matches,
Croatia,all_competitions,Kristijan Jakić,"DF,MF",28.0,5.0,360.0,72.0,50.0,4.0,4,87.0,3,1,11.0,3,2.6,8.0,2.0,6.0,1.5,-2.5,Matches,
Croatia,all_competitions,Joško Gvardiol,DF,24.0,5.0,346.0,69.0,48.1,3.8,4,79.0,3,1,31.0,1,2.6,11.0,4.0,7.0,1.82,-1.79,Matches,
Croatia,all_competitions,Ante Budimir,FW,34.0,5.0,260.0,52.0,36.1,2.9,4,58.0,0,1,30.0,1,2.6,10.0,1.0,9.0,3.12,0.57,Matches,
Croatia,all_competitions,Franjo Ivanović,"FW,MF",22.0,7.0,311.0,44.0,43.2,3.5,3,61.0,0,4,32.0,1,2.71,9.0,2.0,7.0,2.03,-1.28,Matches,
Croatia,all_competitions,Marin Pongračić,DF,28.0,4.0,284.0,71.0,39.4,3.2,3,80.0,2,1,45.0,4,3.0,11.0,0.0,11.0,3.49,1.22,Matches,
Croatia,all_competitions,Toni Fruk,MF,24.0,5.0,252.0,50.0,35.0,2.8,2,90.0,2,3,24.0,2,2.6,7.0,0.0,7.0,2.5,-0.38,Matches,
Croatia,all_competitions,Marco Pašalić,"MF,DF",25.0,6.0,222.0,37.0,30.8,2.5,2,76.0,1,4,18.0,2,2.67,8.0,1.0,7.0,2.84,0.13,Matches,
Croatia,all_competitions,Lovro Majer,MF,28.0,3.0,201.0,67.0,27.9,2.2,2,90.0,2,1,21.0,2,3.0,12.0,0.0,12.0,5.37,3.64,Matches,
Croatia,all_competitions,Martin Baturina,MF,22.0,4.0,173.0,43.0,24.0,1.9,2,66.0,0,2,21.0,2,3.0,7.0,0.0,7.0,3.64,1.17,Matches,
Croatia,all_competitions,Nikola Moro,MF,27.0,4.0,155.0,39.0,21.5,1.7,2,68.0,1,2,10.0,4,3.0,6.0,2.0,4.0,2.32,-0.54,Matches,
Croatia,all_competitions,Nikola Vlašić,MF,28.0,2.0,119.0,60.0,16.5,1.3,1,90.0,1,1,29.0,0,3.0,4.0,2.0,2.0,1.51,-1.48,Matches,
Croatia,all_competitions,Luka Sučić,MF,23.0,2.0,108.0,54.0,15.0,1.2,1,63.0,0,1,45.0,0,3.0,6.0,0.0,6.0,5.0,2.65,Matches,
Croatia,all_competitions,Petar Musa,FW,27.0,2.0,105.0,53.0,14.6,1.2,1,73.0,0,1,32.0,0,3.0,5.0,1.0,4.0,3.43,0.79,Matches,
Croatia,all_competitions,Luka Vušković,DF,18.0,2.0,94.0,47.0,13.1,1.0,1,90.0,1,1,4.0,2,3.0,3.0,1.0,2.0,1.91,-0.96,Matches,
Croatia,all_competitions,Domagoj Bradarić,DF,26.0,1.0,90.0,90.0,12.5,1.0,1,90.0,1,0,,0,3.0,3.0,0.0,3.0,3.0,0.29,Matches,
Croatia,all_competitions,Martin Erlić,DF,28.0,1.0,90.0,90.0,12.5,1.0,1,90.0,1,0,,3,3.0,3.0,0.0,3.0,3.0,0.29,Matches,
Croatia,all_competitions,Josip Juranović,DF,30.0,1.0,90.0,90.0,12.5,1.0,1,90.0,1,0,,2,3.0,7.0,0.0,7.0,7.0,4.86,Matches,
Croatia,all_competitions,Dominik Kotarski,GK,25.0,1.0,90.0,90.0,12.5,1.0,1,90.0,1,0,,5,3.0,3.0,0.0,3.0,3.0,0.29,Matches,
Croatia,all_competitions,Igor Matanović,FW,22.0,2.0,75.0,38.0,10.4,0.8,1,58.0,0,1,17.0,0,3.0,1.0,2.0,-1.0,-1.2,-4.41,Matches,
Croatia,all_competitions,Mateo Kovačić,MF,31.0,1.0,68.0,68.0,9.4,0.8,1,68.0,0,0,,1,3.0,1.0,0.0,1.0,1.32,-1.58,Matches,
Croatia,all_competitions,Borna Sosa,MF,28.0,1.0,50.0,50.0,6.9,0.6,1,50.0,0,0,,1,3.0,1.0,0.0,1.0,1.8,-1.02,Matches,
Croatia,all_competitions,Mislav Oršić,"FW,MF",33.0,1.0,20.0,20.0,2.8,0.2,0,,0,1,20.0,1,3.0,0.0,0.0,0.0,0.0,-2.83,Matches,
Croatia,all_competitions,Ivan Smolčić,DF,25.0,1.0,11.0,11.0,1.5,0.1,0,,0,1,11.0,3,3.0,0.0,0.0,0.0,0.0,-2.79,Matches,
Croatia,all_competitions,Ivica Ivušić,GK,30.0,0.0,,,,,0,,0,0,,7,,,,,,,Matches,
Croatia,all_competitions,Ivor Pandur,GK,25.0,0.0,,,,,0,,0,0,,2,,,,,,,Matches,
Croatia,all_competitions,Squad Total,,29.0,8.0,720.0,90.0,100.0,8.0,88,79.0,50,38,26.0,56,2.75,26.0,4.0,22.0,2.75,,,
Croatia,all_competitions,Opponent Total,,27.9,8.0,720.0,90.0,100.0,8.0,88,79.0,51,36,21.0,59,0.13,4.0,26.0,-22.0,-2.75,,,
Croatia,all_competitions,Dominik Livaković,GK,31-156,11.0,958.0,87.0,88.7,10.6,11,87.0,10,0,,1,2.27,28.0,10.0,18.0,1.69,0.22,Matches,
Croatia,all_competitions,Ivan Perišić,MF,37-132,12.0,800.0,67.0,74.1,8.9,10,74.0,2,2,31.0,0,2.33,26.0,7.0,19.0,2.14,1.82,Matches,
Croatia,all_competitions,Petar Sučić,MF,22-232,10.0,731.0,73.0,67.7,8.1,9,76.0,4,1,45.0,2,2.2,17.0,6.0,11.0,1.35,-0.97,Matches,
Croatia,all_competitions,Mario Pašalić,MF,31-125,11.0,670.0,61.0,62.0,7.4,8,72.0,2,3,32.0,1,2.27,20.0,9.0,11.0,1.48,-0.5,Matches,
Croatia,all_competitions,Josip Stanišić,DF,26-073,9.0,662.0,74.0,61.3,7.4,7,82.0,5,2,45.0,0,2.33,21.0,7.0,14.0,1.9,0.61,Matches,
Croatia,all_competitions,Andrej Kramarić,MF,34-360,12.0,657.0,55.0,60.8,7.3,7,75.0,3,5,27.0,0,2.33,20.0,4.0,16.0,2.19,1.34,Matches,
Croatia,all_competitions,Luka Modrić,MF,40-278,12.0,584.0,49.0,54.1,6.5,7,69.0,1,5,20.0,0,2.33,16.0,4.0,12.0,1.85,0.4,Matches,
Croatia,all_competitions,Josip Šutalo,DF,26-106,8.0,574.0,72.0,53.1,6.4,6,87.0,5,2,27.0,3,2.0,16.0,8.0,8.0,1.25,-0.88,Matches,
Croatia,all_competitions,Duje Ćaleta-Car,DF,29-270,7.0,550.0,79.0,50.9,6.1,7,79.0,4,0,,4,2.29,18.0,4.0,14.0,2.29,1.27,Matches,
Croatia,all_competitions,Marin Pongračić,DF,28-276,8.0,527.0,66.0,48.8,5.9,5,84.0,4,3,36.0,4,2.25,16.0,5.0,11.0,1.88,0.41,Matches,
Croatia,all_competitions,Joško Gvardiol,DF,24-142,7.0,494.0,71.0,45.7,5.5,6,77.0,4,1,31.0,1,2.29,13.0,6.0,7.0,1.28,-0.72,Matches,
Croatia,all_competitions,Marco Pašalić,"MF,DF",25-273,10.0,417.0,42.0,38.6,4.6,4,73.0,1,6,21.0,2,2.2,12.0,5.0,7.0,1.51,-0.25,Matches,
Croatia,all_competitions,Ante Budimir,FW,34-327,8.0,397.0,50.0,36.8,4.4,6,56.0,0,2,32.0,2,2.0,10.0,3.0,7.0,1.59,-0.13,Matches,
Croatia,all_competitions,Kristijan Jakić,"DF,MF",29-031,7.0,392.0,56.0,36.3,4.4,4,87.0,3,3,14.0,5,2.29,8.0,3.0,5.0,1.15,-0.81,Matches,
Croatia,all_competitions,Martin Baturina,MF,23-118,8.0,387.0,48.0,35.8,4.3,4,68.0,0,4,29.0,2,2.25,9.0,3.0,6.0,1.4,-0.42,Matches,
Croatia,all_competitions,Luka Vušković,DF,19-110,5.0,356.0,71.0,33.0,4.0,4,88.0,3,1,4.0,3,1.8,5.0,5.0,0.0,0.0,-2.49,Matches,
Croatia,all_competitions,Franjo Ivanović,"FW,MF",22-256,7.0,311.0,44.0,43.2,3.5,3,61.0,0,4,32.0,1,2.71,9.0,2.0,7.0,2.03,-1.28,Matches,
Croatia,all_competitions,Nikola Moro,MF,28-094,7.0,288.0,41.0,26.7,3.2,3,72.0,1,4,18.0,5,2.14,9.0,6.0,3.0,0.94,-0.99,Matches,
Croatia,all_competitions,Toni Fruk,MF,25-097,7.0,268.0,38.0,24.8,3.0,2,90.0,2,5,18.0,4,2.29,8.0,2.0,6.0,2.01,0.46,Matches,
Croatia,all_competitions,Martin Erlić,DF,28-141,3.0,249.0,83.0,23.1,2.8,3,83.0,1,0,,5,3.0,6.0,1.0,5.0,1.81,0.18,Matches,
Croatia,all_competitions,Petar Musa,FW,28-102,5.0,238.0,48.0,22.0,2.6,2,65.0,0,3,36.0,1,1.8,6.0,4.0,2.0,0.76,-1.17,Matches,
Croatia,all_competitions,Nikola Vlašić,MF,28-253,5.0,225.0,45.0,20.8,2.5,2,75.0,1,3,25.0,1,2.4,7.0,5.0,2.0,0.8,-1.09,Matches,
Croatia,all_competitions,Lovro Majer,MF,28-148,4.0,222.0,56.0,20.6,2.5,2,90.0,2,2,21.0,3,2.25,13.0,2.0,11.0,4.46,3.52,Matches,
Croatia,all_competitions,Luka Sučić,MF,23-279,5.0,197.0,39.0,18.2,2.2,1,63.0,0,4,34.0,1,2.4,7.0,2.0,5.0,2.28,0.76,Matches,
Croatia,all_competitions,Mateo Kovačić,MF,32-039,3.0,170.0,57.0,15.7,1.9,3,57.0,0,0,,1,2.0,1.0,1.0,0.0,0.0,-1.98,Matches,
Croatia,all_competitions,Igor Matanović,FW,23-075,4.0,165.0,41.0,15.3,1.8,2,52.0,0,2,31.0,2,3.0,5.0,4.0,1.0,0.55,-1.32,Matches,
Croatia,all_competitions,Dominik Kotarski,GK,26-124,2.0,122.0,61.0,11.3,1.4,1,90.0,1,1,32.0,6,1.5,3.0,1.0,2.0,1.48,-0.22,Matches,
Croatia,all_competitions,Domagoj Bradarić,DF,26-186,1.0,90.0,90.0,12.5,1.0,1,90.0,1,0,,0,3.0,3.0,0.0,3.0,3.0,0.29,Matches,
Croatia,all_competitions,Josip Juranović,DF,30-302,1.0,90.0,90.0,12.5,1.0,1,90.0,1,0,,2,3.0,7.0,0.0,7.0,7.0,4.86,Matches,
Croatia,all_competitions,Borna Sosa,MF,28-144,1.0,50.0,50.0,6.9,0.6,1,50.0,0,0,,1,3.0,1.0,0.0,1.0,1.8,-1.02,Matches,
Croatia,all_competitions,Mislav Oršić,"FW,MF",33-167,1.0,20.0,20.0,2.8,0.2,0,,0,1,20.0,1,3.0,0.0,0.0,0.0,0.0,-2.83,Matches,
Croatia,all_competitions,Ivan Smolčić,DF,25-301,2.0,19.0,10.0,1.8,0.2,0,,0,2,10.0,4,1.5,1.0,2.0,-1.0,-4.74,-6.52,Matches,
Croatia,all_competitions,Ivor Pandur,GK,26-081,0.0,,,,,0,,0,0,,6,,,,,,,Matches,
Croatia,all_competitions,Ivica Ivušić,GK,31-133,0.0,,,,,0,,0,0,,7,,,,,,,Matches,
Croatia,all_competitions,Karlo Letica,GK,29-123,0.0,,,,,0,,0,0,,2,,,,,,,Matches,
Curaçao,all_competitions,Juriën Gaari,DF,32-173,2.0,135.0,68.0,75.0,1.5,2,68.0,1,0,,0,1.5,1.0,4.0,-3.0,-2.0,-10.0,Matches,
Curaçao,all_competitions,Tahith Chong,MF,26-192,2.0,135.0,68.0,75.0,1.5,1,90.0,1,1,45.0,0,1.5,5.0,4.0,1.0,0.67,0.67,Matches,
Curaçao,all_competitions,Deveron Fonville,DF,23-029,2.0,135.0,68.0,75.0,1.5,1,90.0,1,1,45.0,0,1.5,5.0,4.0,1.0,0.67,0.67,Matches,
Curaçao,all_competitions,Armando Obispo,DF,27-101,2.0,135.0,68.0,75.0,1.5,1,90.0,1,1,45.0,0,1.5,5.0,4.0,1.0,0.67,0.67,Matches,
Curaçao,all_competitions,Eloy Room,GK,37-128,2.0,135.0,68.0,75.0,1.5,1,90.0,1,1,45.0,0,1.5,5.0,4.0,1.0,0.67,0.67,Matches,
Curaçao,all_competitions,Juninho Bacuna,MF,28-311,2.0,105.0,53.0,58.3,1.2,1,60.0,0,1,45.0,0,1.5,5.0,2.0,3.0,2.57,4.97,Matches,
Curaçao,all_competitions,Livano Comenencia,MF,22-131,2.0,105.0,53.0,58.3,1.2,1,60.0,0,1,45.0,0,1.5,5.0,2.0,3.0,2.57,4.97,Matches,
Curaçao,all_competitions,Leandro Bacuna,MF,34-297,2.0,99.0,50.0,55.0,1.1,1,54.0,0,1,45.0,0,1.5,5.0,1.0,4.0,3.64,6.97,Matches,
Curaçao,all_competitions,Riechedly Bazoer,DF,29-245,2.0,90.0,45.0,50.0,1.0,1,45.0,0,1,45.0,0,1.5,5.0,1.0,4.0,4.0,7.0,Matches,
Curaçao,all_competitions,Sherel Floranus,DF,27-295,1.0,90.0,90.0,50.0,1.0,1,90.0,1,0,,1,0.0,1.0,4.0,-3.0,-3.0,-7.0,Matches,
Curaçao,all_competitions,Gervane Kastaneer,FW,30-005,2.0,90.0,45.0,50.0,1.0,1,45.0,0,1,45.0,0,1.5,0.0,3.0,-3.0,-3.0,-7.0,Matches,
Curaçao,all_competitions,Godfried Roemeratoe,MF,26-299,2.0,81.0,41.0,45.0,0.9,1,45.0,0,1,36.0,0,1.5,0.0,3.0,-3.0,-3.33,-6.97,Matches,
Curaçao,all_competitions,Joshua Brenet,DF,32-086,1.0,61.0,61.0,33.9,0.7,1,61.0,0,0,,1,3.0,1.0,0.0,1.0,1.48,1.48,Matches,
Curaçao,all_competitions,Trevor Doornbusch,GK,26-343,1.0,45.0,45.0,25.0,0.5,1,45.0,0,0,,1,3.0,0.0,0.0,0.0,0.0,-0.67,Matches,
Curaçao,all_competitions,Roshon van Eijma,DF,28-005,1.0,45.0,45.0,25.0,0.5,1,45.0,0,0,,1,3.0,0.0,0.0,0.0,0.0,-0.67,Matches,
Curaçao,all_competitions,Kenji Gorré,MF,31-258,1.0,45.0,45.0,25.0,0.5,1,45.0,0,0,,1,3.0,0.0,0.0,0.0,0.0,-0.67,Matches,
Curaçao,all_competitions,Brandley Kuwas,FW,33-268,1.0,45.0,45.0,25.0,0.5,1,45.0,0,0,,1,3.0,0.0,0.0,0.0,0.0,-0.67,Matches,
Curaçao,all_competitions,Jearl Margaritha,MF,26-065,1.0,45.0,45.0,25.0,0.5,1,45.0,0,0,,1,3.0,0.0,0.0,0.0,0.0,-0.67,Matches,
Curaçao,all_competitions,Ar'jany Martha,MF,22-283,1.0,45.0,45.0,25.0,0.5,1,45.0,0,0,,1,3.0,0.0,0.0,0.0,0.0,-0.67,Matches,
Curaçao,all_competitions,Shurandy Sambo,DF,24-299,1.0,45.0,45.0,25.0,0.5,1,45.0,0,0,,1,3.0,0.0,0.0,0.0,0.0,-0.67,Matches,
Curaçao,all_competitions,Jürgen Locadia,FW,32-219,1.0,37.0,37.0,20.6,0.4,1,37.0,0,0,,0,0.0,1.0,0.0,1.0,2.43,2.43,Matches,
Curaçao,all_competitions,Jeremy Antonisse,"FW,MF",24-077,2.0,75.0,38.0,41.7,0.8,0,,0,2,38.0,0,1.5,4.0,2.0,2.0,2.4,3.26,Matches,
Curaçao,all_competitions,Tyrese Noslin,MF,23-276,2.0,59.0,30.0,32.8,0.7,0,,0,2,30.0,0,1.5,3.0,2.0,1.0,1.53,1.53,Matches,
Curaçao,all_competitions,Sontje Hansen,"FW,MF",24-027,1.0,45.0,45.0,25.0,0.5,0,,0,1,45.0,1,3.0,4.0,0.0,4.0,8.0,10.0,Matches,
Curaçao,all_competitions,Tyrick Bodak,GK,24-030,0.0,,,,,0,,0,0,,2,,,,,,,Matches,
Curaçao,all_competitions,Kevin Felida,MF,26-215,0.0,,,,,0,,0,0,,2,,,,,,,Matches,
Curaçao,all_competitions,Squad Total,,28.5,2.0,180.0,90.0,100.0,2.0,22,59.0,6,15,41.0,14,1.5,5.0,4.0,1.0,0.5,,,
Curaçao,all_competitions,Opponent Total,,27.8,2.0,180.0,90.0,100.0,2.0,22,59.0,7,15,32.0,8,1.5,4.0,5.0,-1.0,-0.5,,,
Curaçao,all_competitions,Eloy Room,GK,36.0,10.0,900.0,90.0,100.0,10.0,10,90.0,10,0,,0,2.4,28.0,5.0,23.0,2.3,,Matches,
Curaçao,all_competitions,Juninho Bacuna,"MF,FW",28.0,10.0,827.0,83.0,91.9,9.2,10,83.0,5,0,,0,2.4,21.0,4.0,17.0,1.85,-5.55,Matches,
Curaçao,all_competitions,Sherel Floranus,"DF,MF",27.0,9.0,798.0,89.0,88.7,8.9,9,89.0,8,0,,0,2.33,24.0,4.0,20.0,2.26,-0.39,Matches,
Curaçao,all_competitions,Leandro Bacuna,MF,34.0,9.0,784.0,87.0,87.1,8.7,9,87.0,8,0,,0,2.33,22.0,4.0,18.0,2.07,-1.81,Matches,
Curaçao,all_competitions,Juriën Gaari,DF,32.0,9.0,642.0,71.0,71.3,7.1,7,89.0,6,2,11.0,0,2.33,18.0,3.0,15.0,2.1,-0.69,Matches,
Curaçao,all_competitions,Kenji Gorré,"FW,MF",31.0,8.0,630.0,79.0,70.0,7.0,7,84.0,3,1,45.0,0,2.5,22.0,3.0,19.0,2.71,1.38,Matches,
Curaçao,all_competitions,Livano Comenencia,MF,21.0,8.0,527.0,66.0,58.6,5.9,7,75.0,1,1,3.0,0,2.25,15.0,2.0,13.0,2.22,-0.19,Matches,
Curaçao,all_competitions,Roshon van Eijma,DF,27.0,7.0,541.0,77.0,60.1,6.0,6,90.0,6,1,1.0,1,2.43,19.0,3.0,16.0,2.66,0.91,Matches,
Curaçao,all_competitions,Shurandy Sambo,"DF,MF",24.0,6.0,540.0,90.0,60.0,6.0,6,90.0,6,0,,0,2.0,13.0,3.0,10.0,1.67,-1.58,Matches,
Curaçao,all_competitions,Jearl Margaritha,"FW,MF",25.0,8.0,511.0,64.0,56.8,5.7,6,70.0,1,2,45.0,2,2.5,15.0,5.0,10.0,1.76,-1.25,Matches,
Curaçao,all_competitions,Joshua Brenet,"DF,MF",31.0,6.0,468.0,78.0,52.0,5.2,5,90.0,5,1,18.0,2,3.0,19.0,2.0,17.0,3.27,2.02,Matches,
Curaçao,all_competitions,Armando Obispo,DF,26.0,4.0,342.0,86.0,38.0,3.8,4,86.0,3,0,,0,2.0,8.0,1.0,7.0,1.84,-0.74,Matches,
Curaçao,all_competitions,Gervane Kastaneer,FW,29.0,6.0,224.0,37.0,24.9,2.5,4,53.0,0,2,7.0,2,2.67,10.0,1.0,9.0,3.62,1.75,Matches,
Curaçao,all_competitions,Jürgen Locadia,FW,32.0,7.0,398.0,57.0,44.2,4.4,3,85.0,0,4,36.0,1,2.14,9.0,4.0,5.0,1.13,-2.1,Matches,
Curaçao,all_competitions,Jeremy Antonisse,FW,23.0,7.0,286.0,41.0,31.8,3.2,3,69.0,0,4,20.0,1,2.14,8.0,2.0,6.0,1.89,-0.6,Matches,
Curaçao,all_competitions,Sontje Hansen,FW,23.0,3.0,215.0,72.0,23.9,2.4,3,72.0,1,0,,1,2.33,8.0,0.0,8.0,3.35,1.38,Matches,
Curaçao,all_competitions,Godfried Roemeratoe,MF,26.0,8.0,217.0,27.0,24.1,2.4,2,68.0,1,6,14.0,1,2.33,8.0,1.0,7.0,2.9,0.79,Matches,
Curaçao,all_competitions,Rangelo Janga,FW,33.0,2.0,155.0,78.0,17.2,1.7,2,78.0,0,0,,2,3.0,4.0,0.0,4.0,2.32,0.03,Matches,
Curaçao,all_competitions,Riechedly Bazoer,DF,29.0,2.0,143.0,72.0,15.9,1.6,2,72.0,0,0,,2,2.0,3.0,2.0,1.0,0.63,-1.99,Matches,
Curaçao,all_competitions,Tahith Chong,MF,26.0,2.0,116.0,58.0,12.9,1.3,1,87.0,0,1,29.0,0,2.0,3.0,2.0,1.0,0.78,-1.75,Matches,
Curaçao,all_competitions,Cuco Martina,DF,36.0,3.0,112.0,37.0,12.4,1.2,1,90.0,1,2,11.0,1,3.0,4.0,1.0,3.0,2.41,0.13,Matches,
Curaçao,all_competitions,Nathan Markelo,DF,27.0,1.0,90.0,90.0,10.0,1.0,1,90.0,1,0,,1,3.0,4.0,1.0,3.0,3.0,0.78,Matches,
Curaçao,all_competitions,Brandley Kuwas,MF,33.0,3.0,62.0,21.0,6.9,0.7,1,45.0,0,2,9.0,1,3.0,2.0,0.0,2.0,2.9,0.65,Matches,
Curaçao,all_competitions,Xander Severina,FW,24.0,2.0,51.0,26.0,5.7,0.6,1,45.0,0,1,6.0,0,3.0,2.0,0.0,2.0,3.53,1.3,Matches,
Curaçao,all_competitions,Kevin Felida,MF,26.0,3.0,75.0,25.0,8.3,0.8,0,,0,3,25.0,7,3.0,6.0,1.0,5.0,6.0,4.04,Matches,
Curaçao,all_competitions,Tyrese Noslin,MF,23.0,3.0,65.0,22.0,7.2,0.7,0,,0,3,22.0,3,2.33,2.0,0.0,2.0,2.77,0.51,Matches,
Curaçao,all_competitions,Rayvien Rosario,MF,21.0,2.0,57.0,29.0,6.3,0.6,0,,0,2,29.0,1,3.0,4.0,1.0,3.0,4.74,2.6,Matches,
Curaçao,all_competitions,Ar'jany Martha,"DF,FW",22.0,2.0,51.0,26.0,5.7,0.6,0,,0,2,26.0,6,2.0,2.0,0.0,2.0,3.53,1.3,Matches,
Curaçao,all_competitions,Jordi Paulina,FW,21.0,2.0,46.0,23.0,5.1,0.5,0,,0,2,23.0,0,2.0,5.0,0.0,5.0,9.78,7.89,Matches,
Curaçao,all_competitions,Joshua Zimmerman,MF,24.0,2.0,27.0,14.0,3.0,0.3,0,,0,2,14.0,2,3.0,0.0,0.0,0.0,0.0,-2.37,Matches,
Curaçao,all_competitions,Vurnon Anita,"DF,MF",36.0,0.0,,,,,0,,0,0,,2,,,,,,,Matches,
Curaçao,all_competitions,Tyrick Bodak,GK,23.0,0.0,,,,,0,,0,0,,6,,,,,,,Matches,
Curaçao,all_competitions,Jayden Candelaria,DF,21.0,0.0,,,,,0,,0,0,,1,,,,,,,Matches,
Curaçao,all_competitions,Shanon Carmelia,"DF,MF",36.0,0.0,,,,,0,,0,0,,2,,,,,,,Matches,
Curaçao,all_competitions,Jurich Carolina,DF,27.0,0.0,,,,,0,,0,0,,2,,,,,,,Matches,
Curaçao,all_competitions,Trevor Doornbusch,GK,26.0,0.0,,,,,0,,0,0,,8,,,,,,,Matches,
Curaçao,all_competitions,Nino Fancito,GK,21.0,0.0,,,,,0,,0,0,,2,,,,,,,Matches,
Curaçao,all_competitions,Deveron Fonville,DF,22.0,0.0,,,,,0,,0,0,,1,,,,,,,Matches,
Curaçao,all_competitions,Tyrique Mercera,DF,22.0,0.0,,,,,0,,0,0,,2,,,,,,,Matches,
Curaçao,all_competitions,Leandro Merencia,GK,20.0,0.0,,,,,0,,0,0,,4,,,,,,,Matches,
Curaçao,all_competitions,Justin Ogenia,"DF,MF",26.0,0.0,,,,,0,,0,0,,2,,,,,,,Matches,
Curaçao,all_competitions,Squad Total,,29.3,10.0,900.0,90.0,100.0,10.0,110,82.0,66,44,20.0,69,2.4,28.0,5.0,23.0,2.3,,,
Curaçao,all_competitions,Opponent Total,,27.7,10.0,900.0,90.0,100.0,10.0,110,82.0,64,47,21.0,71,0.3,5.0,28.0,-23.0,-2.3,,,
Curaçao,all_competitions,Eloy Room,GK,37-128,12.0,"1,035",86.0,95.8,11.5,11,90.0,11,1,45.0,0,2.25,33.0,9.0,24.0,2.09,2.09,Matches,
Curaçao,all_competitions,Juninho Bacuna,"MF,FW",28-311,12.0,932,78.0,86.3,10.4,11,81.0,5,1,45.0,0,2.25,26.0,6.0,20.0,1.93,-0.5,Matches,
Curaçao,all_competitions,Sherel Floranus,"DF,MF",27-295,10.0,888,89.0,82.2,9.9,10,89.0,9,0,,1,2.1,25.0,8.0,17.0,1.72,-1.56,Matches,
Curaçao,all_competitions,Leandro Bacuna,MF,34-297,11.0,883,80.0,81.8,9.8,10,84.0,8,1,45.0,0,2.18,27.0,5.0,22.0,2.24,1.33,Matches,
Curaçao,all_competitions,Juriën Gaari,DF,32-173,11.0,777,71.0,71.9,8.6,9,84.0,7,2,11.0,0,2.18,19.0,7.0,12.0,1.39,-2.17,Matches,
Curaçao,all_competitions,Kenji Gorré,"FW,MF",31-258,9.0,675,75.0,62.5,7.5,8,79.0,3,1,45.0,1,2.56,22.0,3.0,19.0,2.53,1.42,Matches,
Curaçao,all_competitions,Livano Comenencia,MF,22-131,10.0,632,63.0,58.5,7.0,8,73.0,1,2,24.0,0,2.1,20.0,4.0,16.0,2.28,0.67,Matches,
Curaçao,all_competitions,Roshon van Eijma,DF,28-005,8.0,586,73.0,54.3,6.5,7,84.0,6,1,1.0,2,2.5,19.0,3.0,16.0,2.46,1.0,Matches,
Curaçao,all_competitions,Shurandy Sambo,"DF,MF",24-299,7.0,585,84.0,54.2,6.5,7,84.0,6,0,,1,2.14,13.0,3.0,10.0,1.54,-1.01,Matches,
Curaçao,all_competitions,Jearl Margaritha,"FW,MF",26-065,9.0,556,62.0,51.5,6.2,7,67.0,1,2,45.0,3,2.56,15.0,5.0,10.0,1.62,-0.79,Matches,
Curaçao,all_competitions,Joshua Brenet,"DF,MF",32-086,7.0,529,76.0,49.0,5.9,6,85.0,5,1,18.0,3,3.0,20.0,2.0,18.0,3.06,2.08,Matches,
Curaçao,all_competitions,Armando Obispo,DF,27-101,6.0,477,80.0,44.2,5.3,5,86.0,4,1,45.0,0,1.83,13.0,5.0,8.0,1.51,-0.88,Matches,
Curaçao,all_competitions,Jürgen Locadia,FW,32-219,8.0,435,54.0,40.3,4.8,4,73.0,0,4,36.0,1,1.87,10.0,4.0,6.0,1.24,-1.27,Matches,
Curaçao,all_competitions,Jeremy Antonisse,FW,24-077,9.0,361,40.0,33.4,4.0,3,69.0,0,6,26.0,1,2.0,12.0,4.0,8.0,1.99,-0.01,Matches,
Curaçao,all_competitions,Gervane Kastaneer,FW,30-005,8.0,314,39.0,29.1,3.5,5,51.0,0,3,20.0,2,2.38,10.0,4.0,6.0,1.72,-0.4,Matches,
Curaçao,all_competitions,Godfried Roemeratoe,MF,26-299,10.0,298,30.0,27.6,3.3,3,60.0,1,7,17.0,1,2.16,8.0,4.0,4.0,1.21,-1.09,Matches,
Curaçao,all_competitions,Sontje Hansen,FW,24-027,4.0,260,65.0,24.1,2.9,3,72.0,1,1,45.0,2,2.5,12.0,0.0,12.0,4.15,2.84,Matches,
Curaçao,all_competitions,Tahith Chong,MF,26-192,4.0,251,63.0,23.2,2.8,2,89.0,1,2,37.0,0,1.75,8.0,6.0,2.0,0.72,-1.67,Matches,
Curaçao,all_competitions,Riechedly Bazoer,DF,29-245,4.0,233,58.0,21.6,2.6,3,63.0,0,1,45.0,2,1.75,8.0,3.0,5.0,1.93,-0.09,Matches,
Curaçao,all_competitions,Rangelo Janga,FW,34-059,2.0,155,78.0,17.2,1.7,2,78.0,0,0,,2,3.0,4.0,0.0,4.0,2.32,0.03,Matches,
Curaçao,all_competitions,Deveron Fonville,DF,23-029,2.0,135,68.0,12.5,1.5,1,90.0,1,1,45.0,1,1.5,5.0,4.0,1.0,0.67,0.67,Matches,
Curaçao,all_competitions,Tyrese Noslin,MF,23-276,5.0,124,25.0,11.5,1.4,0,,0,5,25.0,3,2.0,5.0,2.0,3.0,2.18,0.2,Matches,
Curaçao,all_competitions,Cuco Martina,DF,36-262,3.0,112,37.0,12.4,1.2,1,90.0,1,2,11.0,1,3.0,4.0,1.0,3.0,2.41,0.13,Matches,
Curaçao,all_competitions,Brandley Kuwas,MF,33-268,4.0,107,27.0,9.9,1.2,2,45.0,0,2,9.0,2,3.0,2.0,0.0,2.0,1.68,-0.35,Matches,
Curaçao,all_competitions,Ar'jany Martha,"DF,FW",22-283,3.0,96,32.0,8.9,1.1,1,45.0,0,2,26.0,7,2.33,2.0,0.0,2.0,1.87,-0.14,Matches,
Curaçao,all_competitions,Nathan Markelo,DF,27-158,1.0,90,90.0,10.0,1.0,1,90.0,1,0,,1,3.0,4.0,1.0,3.0,3.0,0.78,Matches,
Curaçao,all_competitions,Kevin Felida,MF,26-215,3.0,75,25.0,6.9,0.8,0,,0,3,25.0,9,3.0,6.0,1.0,5.0,6.0,4.04,Matches,
Curaçao,all_competitions,Rayvien Rosario,MF,22-064,2.0,57,29.0,6.3,0.6,0,,0,2,29.0,1,3.0,4.0,1.0,3.0,4.74,2.6,Matches,
Curaçao,all_competitions,Xander Severina,FW,25-063,2.0,51,26.0,5.7,0.6,1,45.0,0,1,6.0,0,3.0,2.0,0.0,2.0,3.53,1.3,Matches,
Curaçao,all_competitions,Jordi Paulina,FW,21-264,2.0,46,23.0,5.1,0.5,0,,0,2,23.0,0,2.0,5.0,0.0,5.0,9.78,7.89,Matches,
Curaçao,all_competitions,Trevor Doornbusch,GK,26-343,1.0,45,45.0,4.2,0.5,1,45.0,0,0,,9,3.0,0.0,0.0,0.0,0.0,-0.67,Matches,
Curaçao,all_competitions,Joshua Zimmerman,MF,25-022,2.0,27,14.0,3.0,0.3,0,,0,2,14.0,2,3.0,0.0,0.0,0.0,0.0,-2.37,Matches,
Curaçao,all_competitions,Tyrick Bodak,GK,24-030,0.0,,,,,0,,0,0,,8,,,,,,,Matches,
Curaçao,all_competitions,Justin Ogenia,"DF,MF",27-129,0.0,,,,,0,,0,0,,2,,,,,,,Matches,
Curaçao,all_competitions,Vurnon Anita,"DF,MF",37-071,0.0,,,,,0,,0,0,,2,,,,,,,Matches,
Curaçao,all_competitions,Nino Fancito,GK,21-257,0.0,,,,,0,,0,0,,2,,,,,,,Matches,
Curaçao,all_competitions,Jurich Carolina,DF,27-334,0.0,,,,,0,,0,0,,2,,,,,,,Matches,
Curaçao,all_competitions,Shanon Carmelia,"DF,MF",37-086,0.0,,,,,0,,0,0,,2,,,,,,,Matches,
Curaçao,all_competitions,Jayden Candelaria,DF,22-104,0.0,,,,,0,,0,0,,1,,,,,,,Matches,
Curaçao,all_competitions,Tyrique Mercera,DF,22-177,0.0,,,,,0,,0,0,,2,,,,,,,Matches,
Curaçao,all_competitions,Leandro Merencia,GK,20-348,0.0,,,,,0,,0,0,,4,,,,,,,Matches,
Czechia,all_competitions,Štěpán Chaloupek,DF,23-098,1.0,90.0,90.0,100.0,1.0,1,90.0,1,0,,0,0.0,1.0,2.0,-1.0,-1.0,,Matches,
Czechia,all_competitions,Vladimír Coufal,MF,33-296,1.0,90.0,90.0,100.0,1.0,1,90.0,1,0,,0,0.0,1.0,2.0,-1.0,-1.0,,Matches,
Czechia,all_competitions,Robin Hranáč,DF,26-136,1.0,90.0,90.0,100.0,1.0,1,90.0,1,0,,0,0.0,1.0,2.0,-1.0,-1.0,,Matches,
Czechia,all_competitions,Matej Kovar,GK,26-028,1.0,90.0,90.0,100.0,1.0,1,90.0,1,0,,0,0.0,1.0,2.0,-1.0,-1.0,,Matches,
Czechia,all_competitions,Ladislav Krejčí,DF,27-055,1.0,90.0,90.0,100.0,1.0,1,90.0,1,0,,0,0.0,1.0,2.0,-1.0,-1.0,,Matches,
Czechia,all_competitions,Tomáš Souček,MF,31-107,1.0,90.0,90.0,100.0,1.0,1,90.0,1,0,,0,0.0,1.0,2.0,-1.0,-1.0,,Matches,
Czechia,all_competitions,Jaroslav Zelený,MF,33-298,1.0,90.0,90.0,100.0,1.0,1,90.0,1,0,,0,0.0,1.0,2.0,-1.0,-1.0,,Matches,
Czechia,all_competitions,Alexandr Sojka,MF,23-073,1.0,83.0,83.0,92.2,0.9,1,83.0,0,0,,0,0.0,1.0,2.0,-1.0,-1.08,-1.08,Matches,
Czechia,all_competitions,Lukáš Provod,FW,29-234,1.0,63.0,63.0,70.0,0.7,1,63.0,0,0,,0,0.0,1.0,0.0,1.0,1.43,8.1,Matches,
Czechia,all_competitions,Patrik Schick,FW,30-141,1.0,63.0,63.0,70.0,0.7,1,63.0,0,0,,0,0.0,1.0,0.0,1.0,1.43,8.1,Matches,
Czechia,all_competitions,Pavel Šulc,FW,25-167,1.0,63.0,63.0,70.0,0.7,1,63.0,0,0,,0,0.0,1.0,0.0,1.0,1.43,8.1,Matches,
Czechia,all_competitions,Tomáš Chorý,FW,31-139,1.0,27.0,27.0,30.0,0.3,0,,0,1,27.0,0,0.0,0.0,2.0,-2.0,-6.67,-8.1,Matches,
Czechia,all_competitions,Adam Hložek,"FW,MF",23-324,1.0,27.0,27.0,30.0,0.3,0,,0,1,27.0,0,0.0,0.0,2.0,-2.0,-6.67,-8.1,Matches,
Czechia,all_competitions,Michal Sadílek,"DF,FW",27-014,1.0,27.0,27.0,30.0,0.3,0,,0,1,27.0,0,0.0,0.0,2.0,-2.0,-6.67,-8.1,Matches,
Czechia,all_competitions,Mojmír Chytil,FW,27-046,1.0,7.0,7.0,7.8,0.1,0,,0,1,7.0,0,0.0,0.0,0.0,0.0,0.0,1.08,Matches,
Czechia,all_competitions,Lukáš Červ,MF,25-065,0.0,,,,,0,,0,0,,1,,,,,,,Matches,
Czechia,all_competitions,Vladimír Darida,MF,35-310,0.0,,,,,0,,0,0,,1,,,,,,,Matches,
Czechia,all_competitions,David Doudera,"DF,MF",28-014,0.0,,,,,0,,0,0,,1,,,,,,,Matches,
Czechia,all_competitions,Tomáš Holeš,"DF,MF",33-075,0.0,,,,,0,,0,0,,1,,,,,,,Matches,
Czechia,all_competitions,Lukáš Horníček,GK,23-336,0.0,,,,,0,,0,0,,1,,,,,,,Matches,
Czechia,all_competitions,David Jurásek,"DF,MF",25-311,0.0,,,,,0,,0,0,,1,,,,,,,Matches,
Czechia,all_competitions,Jan Kuchta,FW,29-157,0.0,,,,,0,,0,0,,1,,,,,,,Matches,
Czechia,all_competitions,Hugo Sochůrek,MF,18-007,0.0,,,,,0,,0,0,,1,,,,,,,Matches,
Czechia,all_competitions,Jindřich Staněk,GK,30-048,0.0,,,,,0,,0,0,,1,,,,,,,Matches,
Czechia,all_competitions,Denis Višinský,"FW,MF",23-085,0.0,,,,,0,,0,0,,1,,,,,,,Matches,
Czechia,all_competitions,David Zima,DF,25-218,0.0,,,,,0,,0,0,,1,,,,,,,Matches,
Czechia,all_competitions,Squad Total,,28.2,1.0,90.0,90.0,100.0,1.0,11,82.0,7,4,22.0,11,0.0,1.0,2.0,-1.0,-1.0,,,
Czechia,all_competitions,Opponent Total,,28.7,1.0,90.0,90.0,100.0,1.0,11,82.0,6,5,17.0,10,3.0,2.0,1.0,1.0,1.0,,,
Czechia,all_competitions,Robin Hranáč,DF,26-136,2.0,151.0,76.0,83.9,1.7,2,76.0,1,0,,0,3.0,3.0,2.0,1.0,0.6,-5.61,Matches,
Czechia,all_competitions,Štěpán Chaloupek,DF,23-098,2.0,118.0,59.0,65.6,1.3,2,59.0,0,0,,0,3.0,3.0,1.0,2.0,1.53,0.07,Matches,
Czechia,all_competitions,Ladislav Krejčí,DF,27-055,2.0,90.0,45.0,50.0,1.0,2,45.0,0,0,,0,3.0,3.0,1.0,2.0,2.0,1.0,Matches,
Czechia,all_competitions,Alexandr Sojka,MF,23-073,2.0,118.0,59.0,65.6,1.3,1,90.0,1,1,28.0,0,3.0,4.0,1.0,3.0,2.29,2.29,Matches,
Czechia,all_competitions,David Jurásek,MF,25-311,2.0,107.0,54.0,59.4,1.2,1,62.0,0,1,45.0,0,3.0,1.0,2.0,-1.0,-0.84,-5.77,Matches,
Czechia,all_competitions,Adam Hložek,MF,23-324,2.0,90.0,45.0,50.0,1.0,1,45.0,0,1,45.0,0,3.0,4.0,0.0,4.0,4.0,5.0,Matches,
Czechia,all_competitions,Lukáš Horníček,GK,23-336,1.0,90.0,90.0,50.0,1.0,1,90.0,1,0,,1,3.0,2.0,1.0,1.0,1.0,-1.0,Matches,
Czechia,all_competitions,Matej Kovar,GK,26-028,1.0,90.0,90.0,50.0,1.0,1,90.0,1,0,,1,3.0,3.0,1.0,2.0,2.0,1.0,Matches,
Czechia,all_competitions,Michal Sadílek,MF,27-014,2.0,90.0,45.0,50.0,1.0,1,45.0,0,1,45.0,0,3.0,1.0,2.0,-1.0,-1.0,-5.0,Matches,
Czechia,all_competitions,Lukáš Červ,MF,25-065,2.0,74.0,37.0,41.1,0.8,1,45.0,0,1,29.0,0,3.0,4.0,0.0,4.0,4.86,5.71,Matches,
Czechia,all_competitions,David Doudera,MF,28-014,2.0,73.0,37.0,40.6,0.8,1,45.0,0,1,28.0,0,3.0,4.0,0.0,4.0,4.93,5.77,Matches,
Czechia,all_competitions,Vladimír Coufal,MF,33-296,1.0,62.0,62.0,34.4,0.7,1,62.0,0,0,,0,3.0,1.0,1.0,0.0,0.0,-2.29,Matches,
Czechia,all_competitions,Lukáš Provod,MF,29-234,1.0,62.0,62.0,34.4,0.7,1,62.0,0,0,,0,3.0,1.0,1.0,0.0,0.0,-2.29,Matches,
Czechia,all_competitions,Patrik Schick,FW,30-141,1.0,62.0,62.0,34.4,0.7,1,62.0,0,0,,0,3.0,1.0,1.0,0.0,0.0,-2.29,Matches,
Czechia,all_competitions,Tomáš Souček,MF,31-107,1.0,61.0,61.0,33.9,0.7,1,61.0,0,0,,0,3.0,1.0,1.0,0.0,0.0,-2.27,Matches,
Czechia,all_competitions,Pavel Bucha,MF,28-095,1.0,45.0,45.0,25.0,0.5,1,45.0,0,0,,0,3.0,2.0,0.0,2.0,4.0,3.33,Matches,
Czechia,all_competitions,Tomáš Ladra,MF,29-051,1.0,45.0,45.0,25.0,0.5,1,45.0,0,0,,0,3.0,2.0,0.0,2.0,4.0,3.33,Matches,
Czechia,all_competitions,Pavel Šulc,MF,25-167,1.0,45.0,45.0,25.0,0.5,1,45.0,0,0,,0,3.0,1.0,1.0,0.0,0.0,-2.0,Matches,
Czechia,all_competitions,Jan Kuchta,FW,29-157,1.0,21.0,21.0,11.7,0.2,1,21.0,0,0,,1,3.0,1.0,0.0,1.0,4.29,3.15,Matches,
Czechia,all_competitions,Tomáš Holeš,"DF,MF",33-075,2.0,90.0,45.0,50.0,1.0,0,,0,2,45.0,0,3.0,2.0,1.0,1.0,1.0,-1.0,Matches,
Czechia,all_competitions,Denis Višinský,"FW,MF",23-085,2.0,73.0,37.0,40.6,0.8,0,,0,2,37.0,0,3.0,2.0,1.0,1.0,1.23,-0.45,Matches,
Czechia,all_competitions,Mojmír Chytil,FW,27-046,1.0,69.0,69.0,38.3,0.8,0,,0,1,69.0,1,3.0,1.0,1.0,0.0,0.0,-2.43,Matches,
Czechia,all_competitions,Jaroslav Zelený,"DF,MF",33-298,2.0,62.0,31.0,34.4,0.7,0,,0,2,31.0,0,3.0,2.0,1.0,1.0,1.45,-0.07,Matches,
Czechia,all_competitions,Vladimír Darida,MF,35-310,1.0,45.0,45.0,25.0,0.5,0,,0,1,45.0,0,3.0,2.0,0.0,2.0,4.0,3.33,Matches,
Czechia,all_competitions,Christophe Kabongo,MF,22-291,1.0,45.0,45.0,25.0,0.5,0,,0,1,45.0,0,3.0,0.0,1.0,-1.0,-2.0,-4.67,Matches,
Czechia,all_competitions,Hugo Sochůrek,MF,18-007,1.0,45.0,45.0,25.0,0.5,0,,0,1,45.0,1,3.0,0.0,1.0,-1.0,-2.0,-4.67,Matches,
Czechia,all_competitions,David Zima,DF,25-218,1.0,29.0,29.0,16.1,0.3,0,,0,1,29.0,0,3.0,2.0,0.0,2.0,6.21,5.61,Matches,
Czechia,all_competitions,Tomáš Chorý,FW,31-139,1.0,28.0,28.0,15.6,0.3,0,,0,1,28.0,0,3.0,2.0,0.0,2.0,6.43,5.84,Matches,
Czechia,all_competitions,Jindřich Staněk,GK,30-048,0.0,,,,,0,,0,0,,2,,,,,,,Matches,
Czechia,all_competitions,Squad Total,,27.0,2.0,180.0,90.0,100.0,2.0,22,58.0,4,18,39.0,7,3.0,5.0,2.0,3.0,1.5,,,
Czechia,all_competitions,Opponent Total,,26.2,2.0,180.0,90.0,100.0,2.0,22,58.0,12,10,24.0,11,0.0,2.0,5.0,-3.0,-1.5,,,
Czechia,all_competitions,Tomáš Souček,MF,30.0,10.0,892.0,89.0,92.9,9.9,9,91.0,8,1,75.0,0,1.8,21.0,10.0,11.0,1.11,2.43,Matches,
Czechia,all_competitions,Matej Kovar,GK,25.0,9.0,870.0,97.0,90.6,9.7,9,97.0,9,0,,1,1.67,20.0,12.0,8.0,0.83,-1.17,Matches,
Czechia,all_competitions,Ladislav Krejčí,DF,26.0,9.0,870.0,97.0,90.6,9.7,9,97.0,9,0,,0,1.67,16.0,12.0,4.0,0.41,-5.59,Matches,
Czechia,all_competitions,Vladimír Coufal,"DF,MF",33.0,9.0,820.0,91.0,85.4,9.1,9,91.0,7,0,,0,1.67,18.0,11.0,7.0,0.77,-1.16,Matches,
Czechia,all_competitions,Pavel Šulc,"MF,FW",25.0,9.0,764.0,85.0,79.6,8.5,9,85.0,1,0,,0,1.67,12.0,10.0,2.0,0.24,-3.44,Matches,
Czechia,all_competitions,Jaroslav Zelený,"DF,MF",33.0,8.0,682.0,85.0,71.0,7.6,8,85.0,6,0,,1,2.13,16.0,8.0,8.0,1.06,0.41,Matches,
Czechia,all_competitions,Patrik Schick,"FW,MF",30.0,8.0,670.0,84.0,69.8,7.4,8,84.0,2,0,,0,2.13,17.0,9.0,8.0,1.07,0.45,Matches,
Czechia,all_competitions,Lukáš Provod,MF,29.0,9.0,644.0,72.0,67.1,7.2,6,88.0,3,3,38.0,0,1.67,13.0,9.0,4.0,0.56,-1.15,Matches,
Czechia,all_competitions,Lukáš Červ,MF,24.0,8.0,493.0,62.0,51.4,5.5,6,67.0,1,2,47.0,2,2.13,6.0,2.0,4.0,0.73,-0.43,Matches,
Czechia,all_competitions,Václav Černý,"MF,FW",28.0,7.0,443.0,63.0,46.1,4.9,5,77.0,0,2,30.0,0,1.86,9.0,4.0,5.0,1.02,0.15,Matches,
Czechia,all_competitions,Tomáš Holeš,DF,32.0,5.0,337.0,67.0,35.1,3.7,5,67.0,3,0,,1,2.0,6.0,7.0,-1.0,-0.27,-1.86,Matches,
Czechia,all_competitions,Tomáš Chorý,FW,31.0,9.0,432.0,48.0,45.0,4.8,4,77.0,2,5,25.0,1,1.67,12.0,6.0,6.0,1.25,0.57,Matches,
Czechia,all_competitions,Robin Hranáč,DF,26.0,4.0,372.0,93.0,38.8,4.1,3,110.0,3,1,42.0,1,2.0,11.0,4.0,7.0,1.69,1.23,Matches,
Czechia,all_competitions,Vasil Kušej,MF,25.0,5.0,190.0,38.0,19.8,2.1,3,50.0,0,2,20.0,1,1.4,1.0,3.0,-2.0,-0.95,-2.35,Matches,
Czechia,all_competitions,David Jurásek,"MF,DF",25.0,3.0,216.0,72.0,22.5,2.4,2,86.0,1,1,45.0,5,2.33,10.0,2.0,8.0,3.33,3.09,Matches,
Czechia,all_competitions,Martin Vitík,DF,23.0,2.0,180.0,90.0,18.8,2.0,2,90.0,2,0,,4,0.5,1.0,2.0,-1.0,-0.5,-1.77,Matches,
Czechia,all_competitions,David Doudera,"MF,DF",27.0,4.0,153.0,38.0,15.9,1.7,2,69.0,1,2,8.0,2,2.25,8.0,1.0,7.0,4.12,3.78,Matches,
Czechia,all_competitions,Vladimír Darida,MF,35.0,2.0,104.0,52.0,10.8,1.2,2,52.0,0,0,,0,1.0,2.0,2.0,0.0,0.0,-1.05,Matches,
Czechia,all_competitions,Štěpán Chaloupek,DF,22.0,3.0,218.0,73.0,22.7,2.4,1,120.0,1,2,49.0,0,1.67,3.0,2.0,1.0,0.41,-0.68,Matches,
Czechia,all_competitions,Michal Sadílek,MF,26.0,7.0,203.0,29.0,21.1,2.3,1,76.0,0,6,21.0,3,2.0,5.0,5.0,0.0,0.0,-1.19,Matches,
Czechia,all_competitions,Adam Karabec,MF,22.0,3.0,173.0,58.0,18.0,1.9,1,90.0,1,2,42.0,2,1.33,8.0,2.0,6.0,3.12,2.66,Matches,
Czechia,all_competitions,David Zima,DF,25.0,2.0,158.0,79.0,16.5,1.8,1,90.0,1,1,68.0,3,3.0,6.0,1.0,5.0,2.85,2.29,Matches,
Czechia,all_competitions,Václav Jemelka,DF,30.0,1.0,90.0,90.0,9.4,1.0,1,90.0,1,0,,6,0.0,1.0,2.0,-1.0,-1.0,-2.14,Matches,
Czechia,all_competitions,Jindřich Staněk,GK,29.0,1.0,90.0,90.0,9.4,1.0,1,90.0,1,0,,4,3.0,2.0,0.0,2.0,2.0,1.17,Matches,
Czechia,all_competitions,Michal Beran,MF,25.0,2.0,88.0,44.0,9.2,1.0,1,57.0,0,1,31.0,2,1.5,7.0,2.0,5.0,5.11,4.6,Matches,
Czechia,all_competitions,Matěj Vydra,FW,33.0,2.0,74.0,37.0,7.7,0.8,1,45.0,0,1,29.0,0,0.5,0.0,0.0,0.0,0.0,-1.02,Matches,
Czechia,all_competitions,Adam Hložek,MF,23.0,1.0,27.0,27.0,2.8,0.3,1,27.0,0,0,,0,3.0,1.0,0.0,1.0,3.33,2.47,Matches,
Czechia,all_competitions,Mojmír Chytil,FW,26.0,3.0,104.0,35.0,10.8,1.2,0,,0,3,35.0,0,1.67,2.0,2.0,0.0,0.0,-1.05,Matches,
Czechia,all_competitions,Alex Král,MF,27.0,4.0,73.0,18.0,7.6,0.8,0,,0,4,18.0,3,2.25,3.0,1.0,2.0,2.47,1.65,Matches,
Czechia,all_competitions,Jan Kliment,"FW,MF",32.0,2.0,46.0,23.0,4.8,0.5,0,,0,2,23.0,2,2.0,2.0,0.0,2.0,3.91,3.13,Matches,
Czechia,all_competitions,Kryštof Daněk,MF,23.0,1.0,34.0,34.0,3.5,0.4,0,,0,1,34.0,0,3.0,0.0,0.0,0.0,0.0,-0.97,Matches,
Czechia,all_competitions,Jan Kuchta,FW,29.0,2.0,19.0,10.0,2.0,0.2,0,,0,2,10.0,1,3.0,2.0,0.0,2.0,9.47,8.71,Matches,
Czechia,all_competitions,Ondřej Lingr,"FW,MF",27.0,1.0,15.0,15.0,1.6,0.2,0,,0,1,15.0,1,1.0,0.0,0.0,0.0,0.0,-0.95,Matches,
Czechia,all_competitions,Matej Sin,MF,21.0,1.0,12.0,12.0,1.3,0.1,0,,0,1,12.0,0,3.0,1.0,1.0,0.0,0.0,-0.95,Matches,
Czechia,all_competitions,Jan Chramosta,FW,35.0,1.0,4.0,4.0,0.4,0.0,0,,0,1,4.0,0,0.0,0.0,0.0,0.0,0.0,-0.94,Matches,
Czechia,all_competitions,Jan Bořil,DF,35.0,0.0,,,,,0,,0,0,,2,,,,,,,Matches,
Czechia,all_competitions,Jiří Boula,MF,26.0,0.0,,,,,0,,0,0,,1,,,,,,,Matches,
Czechia,all_competitions,Patrik Hellebrand,MF,26.0,0.0,,,,,0,,0,0,,1,,,,,,,Matches,
Czechia,all_competitions,Lukáš Horníček,GK,23.0,0.0,,,,,0,,0,0,,4,,,,,,,Matches,
Czechia,all_competitions,Vitezslav Jaros,GK,24.0,0.0,,,,,0,,0,0,,1,,,,,,,Matches,
Czechia,all_competitions,Martin Jedlička,GK,28.0,0.0,,,,,0,,0,0,,9,,,,,,,Matches,
Czechia,all_competitions,Tomáš Ladra,"FW,MF",28.0,0.0,,,,,0,,0,0,,1,,,,,,,Matches,
Czechia,all_competitions,Jakub Markovič,GK,24.0,0.0,,,,,0,,0,0,,1,,,,,,,Matches,
Czechia,all_competitions,Matěj Ryneš,MF,24.0,0.0,,,,,0,,0,0,,1,,,,,,,Matches,
Czechia,all_competitions,Václav Sejk,FW,23.0,0.0,,,,,0,,0,0,,1,,,,,,,Matches,
Czechia,all_competitions,Denis Višinský,"FW,MF",22.0,0.0,,,,,0,,0,0,,2,,,,,,,Matches,
Czechia,all_competitions,Filip Zorvan,MF,29.0,0.0,,,,,0,,0,0,,2,,,,,,,Matches,
Czechia,all_competitions,Squad Total,,28.5,10.0,960.0,96.0,100.0,10.7,110,84.0,63,47,29.0,72,1.8,22.0,12.0,10.0,0.94,,,
Czechia,all_competitions,Opponent Total,,28.2,10.0,960.0,96.0,100.0,10.7,110,84.0,62,49,24.0,68,0.9,12.0,22.0,-10.0,-0.94,,,
Czechia,all_competitions,Matej Kovar,GK,26-028,11.0,"1,050",95.0,85.4,11.7,11,95.0,11,0,,2,1.64,24.0,15.0,9.0,0.77,-0.73,Matches,
Czechia,all_competitions,Ladislav Krejčí,DF,27-055,12.0,"1,050",88.0,85.4,11.7,12,88.0,10,0,,0,1.75,20.0,15.0,5.0,0.43,-3.07,Matches,
Czechia,all_competitions,Tomáš Souček,MF,31-107,12.0,"1,043",87.0,84.8,11.6,11,88.0,9,1,75.0,0,1.75,23.0,13.0,10.0,0.86,-0.1,Matches,
Czechia,all_competitions,Vladimír Coufal,MF,33-296,11.0,972,88.0,79.0,10.8,11,88.0,8,0,,0,1.64,20.0,14.0,6.0,0.56,-1.54,Matches,
Czechia,all_competitions,Pavel Šulc,FW,25-167,11.0,872,79.0,70.9,9.7,11,79.0,1,0,,0,1.64,14.0,11.0,3.0,0.31,-1.95,Matches,
Czechia,all_competitions,Jaroslav Zelený,MF,33-298,11.0,834,76.0,67.8,9.3,9,86.0,7,2,31.0,1,2.09,19.0,11.0,8.0,0.86,-0.05,Matches,
Czechia,all_competitions,Patrik Schick,FW,30-141,10.0,795,80.0,64.6,8.8,10,80.0,2,0,,0,2.0,19.0,10.0,9.0,1.02,0.4,Matches,
Czechia,all_competitions,Lukáš Provod,FW,29-234,11.0,769,70.0,62.5,8.5,8,82.0,3,3,38.0,0,1.64,15.0,10.0,5.0,0.59,-0.78,Matches,
Czechia,all_competitions,Robin Hranáč,DF,26-136,7.0,613,88.0,49.8,6.8,6,95.0,5,1,42.0,1,2.0,15.0,8.0,7.0,1.03,0.3,Matches,
Czechia,all_competitions,Lukáš Červ,MF,25-065,10.0,567,57.0,46.1,6.3,7,63.0,1,3,41.0,3,2.3,10.0,2.0,8.0,1.27,0.48,Matches,
Czechia,all_competitions,Tomáš Chorý,FW,31-139,11.0,487,44.0,39.6,5.4,4,77.0,2,7,26.0,1,1.64,14.0,8.0,6.0,1.11,0.38,Matches,
Czechia,all_competitions,Václav Černý,"MF,FW",28-240,7.0,443,63.0,46.1,4.9,5,77.0,0,2,30.0,0,1.86,9.0,4.0,5.0,1.02,0.15,Matches,
Czechia,all_competitions,Tomáš Holeš,"DF,MF",33-075,7.0,427,61.0,34.7,4.7,5,67.0,3,2,45.0,2,2.29,8.0,8.0,0.0,0.0,-1.64,Matches,
Czechia,all_competitions,Štěpán Chaloupek,DF,23-098,6.0,426,71.0,34.6,4.7,4,82.0,2,2,49.0,0,1.84,7.0,5.0,2.0,0.42,-0.7,Matches,
Czechia,all_competitions,David Jurásek,"DF,MF",25-311,5.0,323,65.0,26.3,3.6,3,78.0,1,2,45.0,6,2.6,11.0,4.0,7.0,1.95,1.29,Matches,
Czechia,all_competitions,Michal Sadílek,"DF,FW",27-014,10.0,320,32.0,26.0,3.6,2,61.0,0,8,25.0,3,2.0,6.0,9.0,-3.0,-0.84,-2.33,Matches,
Czechia,all_competitions,David Doudera,"DF,MF",28-014,6.0,226,38.0,18.4,2.5,3,61.0,1,3,14.0,3,2.5,12.0,1.0,11.0,4.38,4.18,Matches,
Czechia,all_competitions,Alexandr Sojka,MF,23-073,3.0,201,67.0,74.4,2.2,2,87.0,1,1,28.0,0,2.0,5.0,3.0,2.0,0.9,0.9,Matches,
Czechia,all_competitions,Vasil Kušej,MF,26-021,5.0,190,38.0,19.8,2.1,3,50.0,0,2,20.0,1,1.4,1.0,3.0,-2.0,-0.95,-2.35,Matches,
Czechia,all_competitions,David Zima,DF,25-218,3.0,187,62.0,15.2,2.1,1,90.0,1,2,49.0,4,3.0,8.0,1.0,7.0,3.37,2.8,Matches,
Czechia,all_competitions,Mojmír Chytil,FW,27-046,5.0,180,36.0,14.6,2.0,0,,0,5,36.0,1,1.6,3.0,3.0,0.0,0.0,-1.03,Matches,
Czechia,all_competitions,Martin Vitík,DF,23-144,2.0,180,90.0,18.8,2.0,2,90.0,2,0,,4,0.5,1.0,2.0,-1.0,-0.5,-1.77,Matches,
Czechia,all_competitions,Adam Karabec,MF,22-347,3.0,173,58.0,18.0,1.9,1,90.0,1,2,42.0,2,1.33,8.0,2.0,6.0,3.12,2.66,Matches,
Czechia,all_competitions,Vladimír Darida,MF,35-310,3.0,149,50.0,12.1,1.7,2,52.0,0,1,45.0,1,1.67,4.0,2.0,2.0,1.21,0.21,Matches,
Czechia,all_competitions,Adam Hložek,"FW,MF",23-324,4.0,144,36.0,11.7,1.6,2,36.0,0,2,36.0,0,2.25,5.0,2.0,3.0,1.87,1.13,Matches,
Czechia,all_competitions,Lukáš Horníček,GK,23-336,1.0,90,90.0,7.3,1.0,1,90.0,1,0,,6,3.0,2.0,1.0,1.0,1.0,-1.0,Matches,
Czechia,all_competitions,Václav Jemelka,DF,30-356,1.0,90,90.0,9.4,1.0,1,90.0,1,0,,6,0.0,1.0,2.0,-1.0,-1.0,-2.14,Matches,
Czechia,all_competitions,Jindřich Staněk,GK,30-048,1.0,90,90.0,7.3,1.0,1,90.0,1,0,,7,3.0,2.0,0.0,2.0,2.0,1.17,Matches,
Czechia,all_competitions,Michal Beran,MF,25-296,2.0,88,44.0,9.2,1.0,1,57.0,0,1,31.0,2,1.5,7.0,2.0,5.0,5.11,4.6,Matches,
Czechia,all_competitions,Matěj Vydra,FW,34-044,2.0,74,37.0,7.7,0.8,1,45.0,0,1,29.0,0,0.5,0.0,0.0,0.0,0.0,-1.02,Matches,
Czechia,all_competitions,Alex Král,MF,28-026,4.0,73,18.0,7.6,0.8,0,,0,4,18.0,3,2.25,3.0,1.0,2.0,2.47,1.65,Matches,
Czechia,all_competitions,Denis Višinský,"FW,MF",23-085,2.0,73,37.0,5.9,0.8,0,,0,2,37.0,3,3.0,2.0,1.0,1.0,1.23,-0.45,Matches,
Czechia,all_competitions,Jan Kliment,"FW,MF",32-286,2.0,46,23.0,4.8,0.5,0,,0,2,23.0,2,2.0,2.0,0.0,2.0,3.91,3.13,Matches,
Czechia,all_competitions,Hugo Sochůrek,MF,18-007,1.0,45,45.0,16.7,0.5,0,,0,1,45.0,2,3.0,0.0,1.0,-1.0,-2.0,-4.67,Matches,
Czechia,all_competitions,Tomáš Ladra,"FW,MF",29-051,1.0,45,45.0,3.9,0.5,1,45.0,0,0,,1,3.0,2.0,0.0,2.0,4.0,3.33,Matches,
Czechia,all_competitions,Pavel Bucha,MF,28-095,1.0,45,45.0,25.0,0.5,1,45.0,0,0,,0,3.0,2.0,0.0,2.0,4.0,3.33,Matches,
Czechia,all_competitions,Christophe Kabongo,MF,22-291,1.0,45,45.0,25.0,0.5,0,,0,1,45.0,0,3.0,0.0,1.0,-1.0,-2.0,-4.67,Matches,
Czechia,all_competitions,Jan Kuchta,FW,29-157,3.0,40,13.0,3.3,0.4,1,21.0,0,2,10.0,3,3.0,3.0,0.0,3.0,6.75,5.93,Matches,
Czechia,all_competitions,Kryštof Daněk,MF,23-160,1.0,34,34.0,3.5,0.4,0,,0,1,34.0,0,3.0,0.0,0.0,0.0,0.0,-0.97,Matches,
Czechia,all_competitions,Ondřej Lingr,"FW,MF",27-250,1.0,15,15.0,1.6,0.2,0,,0,1,15.0,1,1.0,0.0,0.0,0.0,0.0,-0.95,Matches,
Czechia,all_competitions,Matej Sin,MF,22-012,1.0,12,12.0,1.3,0.1,0,,0,1,12.0,0,3.0,1.0,1.0,0.0,0.0,-0.95,Matches,
Czechia,all_competitions,Jan Chramosta,FW,35-245,1.0,4,4.0,0.4,0.0,0,,0,1,4.0,0,0.0,0.0,0.0,0.0,0.0,-0.94,Matches,
Czechia,all_competitions,Filip Zorvan,MF,30-068,0.0,,,,,0,,0,0,,2,,,,,,,Matches,
Czechia,all_competitions,Jan Bořil,DF,35-154,0.0,,,,,0,,0,0,,2,,,,,,,Matches,
Czechia,all_competitions,Martin Jedlička,GK,28-141,0.0,,,,,0,,0,0,,9,,,,,,,Matches,
Czechia,all_competitions,Patrik Hellebrand,MF,27-029,0.0,,,,,0,,0,0,,1,,,,,,,Matches,
Czechia,all_competitions,Jiří Boula,MF,27-067,0.0,,,,,0,,0,0,,1,,,,,,,Matches,
Czechia,all_competitions,Jakub Markovič,GK,24-336,0.0,,,,,0,,0,0,,1,,,,,,,Matches,
Czechia,all_competitions,Vitezslav Jaros,GK,24-326,0.0,,,,,0,,0,0,,1,,,,,,,Matches,
Czechia,all_competitions,Václav Sejk,FW,24-027,0.0,,,,,0,,0,0,,1,,,,,,,Matches,
Czechia,all_competitions,Matěj Ryneš,MF,25-015,0.0,,,,,0,,0,0,,1,,,,,,,Matches,
Côte d'Ivoire,all_competitions,Yahia Fofana,GK,25.0,9.0,810.0,90.0,90.0,9.0,9,90.0,9,0,,1,2.56,18.0,0.0,18.0,2.0,-5.0,Matches,
Côte d'Ivoire,all_competitions,Franck Kessié,MF,29.0,10.0,781.0,78.0,86.8,8.7,9,87.0,7,1,2.0,0,2.6,15.0,0.0,15.0,1.73,-5.83,Matches,
Côte d'Ivoire,all_competitions,Obite N'Dicka,DF,26.0,7.0,630.0,90.0,70.0,7.0,7,90.0,7,0,,2,2.43,16.0,0.0,16.0,2.29,-0.71,Matches,
Côte d'Ivoire,all_competitions,Ibrahim Sangaré,MF,28.0,7.0,451.0,64.0,50.1,5.0,6,71.0,1,1,26.0,0,2.71,14.0,0.0,14.0,2.79,0.59,Matches,
Côte d'Ivoire,all_competitions,Simon Adingra,"MF,FW",24.0,10.0,484.0,48.0,53.8,5.4,5,74.0,0,5,23.0,0,2.6,13.0,0.0,13.0,2.42,-0.18,Matches,
Côte d'Ivoire,all_competitions,Ghislain Konan,"DF,MF",30.0,5.0,445.0,89.0,49.4,4.9,5,89.0,4,0,,3,2.2,5.0,0.0,5.0,1.01,-2.94,Matches,
Côte d'Ivoire,all_competitions,Seko Fofana,MF,30.0,6.0,423.0,71.0,47.0,4.7,5,79.0,2,1,30.0,0,2.33,10.0,0.0,10.0,2.13,-0.7,Matches,
Côte d'Ivoire,all_competitions,Sébastien Haller,FW,31.0,8.0,419.0,52.0,46.6,4.7,5,72.0,1,3,20.0,1,2.75,10.0,0.0,10.0,2.15,-0.66,Matches,
Côte d'Ivoire,all_competitions,Wilfried Singo,"DF,MF",25.0,6.0,392.0,65.0,43.6,4.4,4,90.0,4,2,16.0,1,2.33,3.0,0.0,3.0,0.69,-3.21,Matches,
Côte d'Ivoire,all_competitions,Willy Boly,DF,34.0,4.0,360.0,90.0,40.0,4.0,4,90.0,4,0,,4,2.5,18.0,0.0,18.0,4.5,3.33,Matches,
Côte d'Ivoire,all_competitions,Emmanuel Agbadou,DF,28.0,5.0,300.0,60.0,33.3,3.3,4,73.0,2,1,10.0,3,3.0,9.0,0.0,9.0,2.7,0.3,Matches,
Côte d'Ivoire,all_competitions,Evann Guessand,"FW,MF",24.0,6.0,313.0,52.0,34.8,3.5,3,74.0,1,3,31.0,1,2.33,8.0,0.0,8.0,2.3,-0.31,Matches,
Côte d'Ivoire,all_competitions,Oumar Diakité,FW,22.0,7.0,303.0,43.0,33.7,3.4,3,80.0,1,4,16.0,1,2.71,11.0,0.0,11.0,3.27,1.16,Matches,
Côte d'Ivoire,all_competitions,Jean-Philippe Gbamin,"DF,MF",30.0,4.0,287.0,72.0,31.9,3.2,3,90.0,3,1,17.0,0,2.5,2.0,0.0,2.0,0.63,-2.75,Matches,
Côte d'Ivoire,all_competitions,Odilon Kossounou,DF,25.0,3.0,270.0,90.0,30.0,3.0,3,90.0,3,0,,1,2.33,2.0,0.0,2.0,0.67,-2.62,Matches,
Côte d'Ivoire,all_competitions,Hassane Kamara,"DF,MF",31.0,4.0,240.0,60.0,26.7,2.7,3,76.0,1,1,13.0,0,3.0,7.0,0.0,7.0,2.62,0.17,Matches,
Côte d'Ivoire,all_competitions,Amad Diallo,MF,23.0,3.0,225.0,75.0,25.0,2.5,3,75.0,0,0,,1,2.33,4.0,0.0,4.0,1.6,-1.2,Matches,
Côte d'Ivoire,all_competitions,Nicolas Pépé,"MF,FW",30.0,5.0,206.0,41.0,22.9,2.3,3,60.0,0,2,14.0,3,2.2,3.0,0.0,3.0,1.31,-1.54,Matches,
Côte d'Ivoire,all_competitions,Guéla Doué,"MF,DF",23.0,3.0,221.0,74.0,24.6,2.5,2,88.0,1,1,45.0,3,3.0,7.0,0.0,7.0,2.85,0.46,Matches,
Côte d'Ivoire,all_competitions,Serge Aurier,DF,33.0,2.0,180.0,90.0,20.0,2.0,2,90.0,2,0,,0,3.0,11.0,0.0,11.0,5.5,3.75,Matches,
Côte d'Ivoire,all_competitions,Jeremie Boga,"MF,FW",29.0,3.0,175.0,58.0,19.4,1.9,2,75.0,1,1,25.0,1,2.33,10.0,0.0,10.0,5.14,3.28,Matches,
Côte d'Ivoire,all_competitions,Luck Zogbé,DF,20.0,2.0,150.0,75.0,16.7,1.7,2,75.0,1,0,,0,2.0,1.0,0.0,1.0,0.6,-2.28,Matches,
Côte d'Ivoire,all_competitions,Yan Diomandé,MF,19.0,2.0,139.0,70.0,15.4,1.5,2,70.0,0,0,,0,3.0,7.0,0.0,7.0,4.53,2.4,Matches,
Côte d'Ivoire,all_competitions,Jean-Philippe Krasso,MF,28.0,3.0,132.0,44.0,14.7,1.5,1,64.0,0,2,34.0,1,3.0,6.0,0.0,6.0,4.09,1.86,Matches,
Côte d'Ivoire,all_competitions,Jean Seri,MF,34.0,4.0,120.0,30.0,13.3,1.3,1,77.0,0,3,14.0,0,2.5,5.0,0.0,5.0,3.75,1.44,Matches,
Côte d'Ivoire,all_competitions,Pacôme Zouzoua,MF,28.0,2.0,120.0,60.0,13.3,1.3,1,90.0,1,1,30.0,0,3.0,8.0,0.0,8.0,6.0,4.04,Matches,
Côte d'Ivoire,all_competitions,Hamed Junior Traorè,MF,25.0,2.0,116.0,58.0,12.9,1.3,1,88.0,0,1,28.0,0,3.0,6.0,0.0,6.0,4.66,2.47,Matches,
Côte d'Ivoire,all_competitions,Karim Konaté,FW,21.0,2.0,116.0,58.0,12.9,1.3,1,90.0,1,1,26.0,0,3.0,10.0,0.0,10.0,7.76,6.04,Matches,
Côte d'Ivoire,all_competitions,Jean Thierry Lazare,MF,27.0,2.0,102.0,51.0,11.3,1.1,1,76.0,0,1,26.0,0,2.0,0.0,0.0,0.0,0.0,-2.82,Matches,
Côte d'Ivoire,all_competitions,Christopher Opéri,DF,28.0,3.0,98.0,33.0,10.9,1.1,1,90.0,1,2,4.0,3,3.0,7.0,0.0,7.0,6.43,4.41,Matches,
Côte d'Ivoire,all_competitions,Armel Zohouri,DF,24.0,2.0,94.0,47.0,10.4,1.0,1,90.0,1,1,4.0,1,3.0,7.0,0.0,7.0,6.7,4.69,Matches,
Côte d'Ivoire,all_competitions,Vakoun Bayo,FW,29.0,3.0,93.0,31.0,10.3,1.0,1,73.0,0,2,10.0,1,2.33,1.0,0.0,1.0,0.97,-1.71,Matches,
Côte d'Ivoire,all_competitions,Mohamed Diomandé,MF,24.0,4.0,91.0,23.0,10.1,1.0,1,67.0,0,3,8.0,0,2.5,1.0,0.0,1.0,0.99,-1.68,Matches,
Côte d'Ivoire,all_competitions,Ousmane Diomande,DF,22.0,1.0,90.0,90.0,10.0,1.0,1,90.0,1,0,,4,3.0,1.0,0.0,1.0,1.0,-1.67,Matches,
Côte d'Ivoire,all_competitions,Alban Lafont,GK,27.0,1.0,90.0,90.0,10.0,1.0,1,90.0,1,0,,3,3.0,7.0,0.0,7.0,7.0,5.0,Matches,
Côte d'Ivoire,all_competitions,Christian Kouamé,MF,28.0,1.0,88.0,88.0,9.8,1.0,1,88.0,0,0,,1,3.0,2.0,0.0,2.0,2.05,-0.5,Matches,
Côte d'Ivoire,all_competitions,Bazoumana Touré,FW,19.0,1.0,88.0,88.0,9.8,1.0,1,88.0,0,0,,3,3.0,6.0,0.0,6.0,6.14,4.03,Matches,
Côte d'Ivoire,all_competitions,Emmanuel Latte Lath,FW,27.0,2.0,65.0,33.0,7.2,0.7,1,60.0,0,1,5.0,0,2.0,0.0,0.0,0.0,0.0,-2.69,Matches,
Côte d'Ivoire,all_competitions,Jean-Eudes Aholou,MF,31.0,1.0,64.0,64.0,7.1,0.7,1,64.0,0,0,,1,3.0,1.0,0.0,1.0,1.41,-1.18,Matches,
Côte d'Ivoire,all_competitions,Clément Akpa,DF,24.0,2.0,60.0,30.0,6.7,0.7,0,,0,2,30.0,2,3.0,0.0,0.0,0.0,0.0,-2.68,Matches,
Côte d'Ivoire,all_competitions,Junior Diaz,DF,22.0,1.0,45.0,45.0,5.0,0.5,0,,0,1,45.0,1,3.0,3.0,0.0,3.0,6.0,3.68,Matches,
Côte d'Ivoire,all_competitions,Parfait Guiagon,MF,24.0,1.0,24.0,24.0,2.7,0.3,0,,0,1,24.0,1,3.0,0.0,0.0,0.0,0.0,-2.57,Matches,
Côte d'Ivoire,all_competitions,Badra Ali Sangaré,GK,39.0,0.0,,,,,0,,0,0,,6,,,,,,,Matches,
Côte d'Ivoire,all_competitions,Mohamed Bamba,FW,24.0,0.0,,,,,0,,0,0,,1,,,,,,,Matches,
Côte d'Ivoire,all_competitions,Ayayi Folly,GK,35.0,0.0,,,,,0,,0,0,,2,,,,,,,Matches,
Côte d'Ivoire,all_competitions,Max Gradel,"FW,MF",38.0,0.0,,,,,0,,0,0,,2,,,,,,,Matches,
Côte d'Ivoire,all_competitions,Kader Keita,MF,25.0,0.0,,,,,0,,0,0,,1,,,,,,,Matches,
Côte d'Ivoire,all_competitions,Mohamed Koné,GK,23.0,0.0,,,,,0,,0,0,,8,,,,,,,Matches,
Côte d'Ivoire,all_competitions,Squad Total,,27.4,10.0,900.0,90.0,100.0,10.0,110,81.0,61,49,20.0,68,2.6,25.0,0.0,25.0,2.5,,,
Côte d'Ivoire,all_competitions,Opponent Total,,27.7,10.0,900.0,90.0,100.0,10.0,110,81.0,66,45,18.0,74,0.2,0.0,25.0,-25.0,-2.5,,,
Côte d'Ivoire,all_competitions,Emmanuel Agbadou,DF,28-362,3.0,210.0,70.0,77.8,2.3,2,90.0,2,1,30.0,0,3.0,6.0,1.0,5.0,2.14,0.64,Matches,
Côte d'Ivoire,all_competitions,Guéla Doué,DF,23-240,3.0,200.0,67.0,74.1,2.2,2,85.0,1,1,30.0,0,3.0,5.0,1.0,4.0,1.8,-0.77,Matches,
Côte d'Ivoire,all_competitions,Yahia Fofana,GK,25-297,2.0,180.0,90.0,66.7,2.0,2,90.0,2,0,,1,3.0,6.0,1.0,5.0,2.5,1.5,Matches,
Côte d'Ivoire,all_competitions,Wilfried Singo,DF,25-171,3.0,174.0,58.0,64.4,1.9,2,82.0,1,1,10.0,0,3.0,3.0,1.0,2.0,1.03,-2.72,Matches,
Côte d'Ivoire,all_competitions,Franck Kessié,MF,29-177,2.0,156.0,78.0,57.8,1.7,2,78.0,1,0,,1,3.0,2.0,1.0,1.0,0.58,-3.37,Matches,
Côte d'Ivoire,all_competitions,Simon Adingra,FW,24-164,3.0,147.0,49.0,54.4,1.6,2,63.0,0,1,22.0,0,3.0,3.0,1.0,2.0,1.22,-1.7,Matches,
Côte d'Ivoire,all_competitions,Seko Fofana,MF,31-038,2.0,146.0,73.0,54.1,1.6,2,73.0,0,0,,1,3.0,4.0,1.0,3.0,1.85,-0.33,Matches,
Côte d'Ivoire,all_competitions,Elye Wahi,FW,23-163,2.0,142.0,71.0,52.6,1.6,2,71.0,0,0,,1,3.0,2.0,1.0,1.0,0.63,-2.88,Matches,
Côte d'Ivoire,all_competitions,Ghislain Konan,DF,30-169,3.0,136.0,45.0,50.4,1.5,2,63.0,0,1,10.0,0,3.0,3.0,1.0,2.0,1.32,-1.36,Matches,
Côte d'Ivoire,all_competitions,Christ Inao Oulaï,MF,20-069,3.0,141.0,47.0,52.2,1.6,1,90.0,1,2,26.0,0,3.0,3.0,0.0,3.0,1.91,-0.18,Matches,
Côte d'Ivoire,all_competitions,Evann Guessand,FW,24-348,3.0,128.0,43.0,47.4,1.4,1,90.0,1,2,19.0,0,3.0,5.0,0.0,5.0,3.52,2.88,Matches,
Côte d'Ivoire,all_competitions,Nicolas Pépé,MF,31-016,3.0,123.0,41.0,45.6,1.4,1,68.0,0,2,28.0,0,3.0,4.0,0.0,4.0,2.93,1.7,Matches,
Côte d'Ivoire,all_competitions,Odilon Kossounou,DF,25-161,1.0,90.0,90.0,33.3,1.0,1,90.0,1,0,,2,3.0,1.0,0.0,1.0,1.0,-1.5,Matches,
Côte d'Ivoire,all_competitions,Alban Lafont,GK,27-142,1.0,90.0,90.0,33.3,1.0,1,90.0,1,0,,2,3.0,1.0,0.0,1.0,1.0,-1.5,Matches,
Côte d'Ivoire,all_competitions,Bazoumana Touré,MF,20-104,1.0,90.0,90.0,33.3,1.0,1,90.0,1,0,,2,3.0,1.0,0.0,1.0,1.0,-1.5,Matches,
Côte d'Ivoire,all_competitions,Ousmane Diomande,DF,22-192,3.0,86.0,29.0,31.9,1.0,1,60.0,0,2,13.0,0,3.0,3.0,0.0,3.0,3.14,1.67,Matches,
Côte d'Ivoire,all_competitions,Clément Akpa,DF,24-202,1.0,80.0,80.0,29.6,0.9,1,80.0,0,0,,1,3.0,3.0,0.0,3.0,3.38,1.95,Matches,
Côte d'Ivoire,all_competitions,Obite N'Dicka,DF,26-298,1.0,80.0,80.0,29.6,0.9,1,80.0,0,0,,1,3.0,3.0,0.0,3.0,3.38,1.95,Matches,
Côte d'Ivoire,all_competitions,Bénie Traoré,MF,23-196,2.0,78.0,39.0,28.9,0.9,1,68.0,0,1,10.0,0,3.0,2.0,0.0,2.0,2.31,0.43,Matches,
Côte d'Ivoire,all_competitions,Yan Diomandé,MF,19-212,1.0,66.0,66.0,24.4,0.7,1,66.0,0,0,,0,3.0,1.0,1.0,0.0,0.0,-2.65,Matches,
Côte d'Ivoire,all_competitions,Martial Godo,FW,23-092,1.0,63.0,63.0,23.3,0.7,1,63.0,0,0,,1,3.0,3.0,0.0,3.0,4.29,2.98,Matches,
Côte d'Ivoire,all_competitions,Parfait Guiagon,MF,25-112,1.0,63.0,63.0,23.3,0.7,1,63.0,0,0,,2,3.0,3.0,0.0,3.0,4.29,2.98,Matches,
Côte d'Ivoire,all_competitions,Jean Seri,MF,34-330,1.0,63.0,63.0,23.3,0.7,1,63.0,0,0,,2,3.0,3.0,0.0,3.0,4.29,2.98,Matches,
Côte d'Ivoire,all_competitions,Oumar Diakité,MF,22-176,1.0,45.0,45.0,16.7,0.5,1,45.0,0,0,,0,3.0,0.0,1.0,-1.0,-2.0,-4.8,Matches,
Côte d'Ivoire,all_competitions,Amad Diallo,"FW,MF",23-338,3.0,94.0,31.0,34.8,1.0,0,,0,3,31.0,0,3.0,3.0,0.0,3.0,2.87,1.34,Matches,
Côte d'Ivoire,all_competitions,Ibrahim Sangaré,MF,28-194,2.0,51.0,26.0,18.9,0.6,0,,0,2,26.0,1,3.0,2.0,0.0,2.0,3.53,1.89,Matches,
Côte d'Ivoire,all_competitions,Ange-Yoan Bonny,FW,22-232,1.0,24.0,24.0,8.9,0.3,0,,0,1,24.0,0,3.0,1.0,0.0,1.0,3.75,1.92,Matches,
Côte d'Ivoire,all_competitions,Christopher Opéri,"DF,MF",29-046,1.0,24.0,24.0,8.9,0.3,0,,0,1,24.0,0,3.0,1.0,0.0,1.0,3.75,1.92,Matches,
Côte d'Ivoire,all_competitions,Mohamed Koné,GK,24-099,0.0,,,,,0,,0,0,,3,,,,,,,Matches,
Côte d'Ivoire,all_competitions,Squad Total,,25.9,3.0,270.0,90.0,100.0,3.0,33,76.0,12,21,23.0,21,3.0,7.0,1.0,6.0,2.0,,,
Côte d'Ivoire,all_competitions,Opponent Total,,28.6,3.0,270.0,90.0,100.0,3.0,33,76.0,8,25,31.0,19,0.0,1.0,7.0,-6.0,-2.0,,,
Côte d'Ivoire,all_competitions,Yahia Fofana,GK,25-297,11.0,990.0,90.0,84.6,11.0,11,90.0,11,0,,2,2.64,24.0,1.0,23.0,2.09,-1.91,Matches,
Côte d'Ivoire,all_competitions,Franck Kessié,MF,29-177,12.0,937.0,78.0,80.1,10.4,11,85.0,8,1,2.0,1,2.67,17.0,1.0,16.0,1.54,-4.26,Matches,
Côte d'Ivoire,all_competitions,Obite N'Dicka,DF,26-298,8.0,710.0,89.0,60.7,7.9,8,89.0,7,0,,3,2.5,19.0,0.0,19.0,2.41,0.06,Matches,
Côte d'Ivoire,all_competitions,Simon Adingra,"MF,FW",24-164,13.0,631.0,49.0,53.9,7.0,7,70.0,0,6,23.0,0,2.69,16.0,1.0,15.0,2.14,-0.53,Matches,
Côte d'Ivoire,all_competitions,Ghislain Konan,"DF,MF",30-169,8.0,581.0,73.0,49.7,6.5,7,82.0,4,1,10.0,3,2.5,8.0,1.0,7.0,1.08,-2.58,Matches,
Côte d'Ivoire,all_competitions,Seko Fofana,MF,31-038,8.0,569.0,71.0,48.6,6.3,7,77.0,2,1,30.0,1,2.5,14.0,1.0,13.0,2.06,-0.64,Matches,
Côte d'Ivoire,all_competitions,Wilfried Singo,"DF,MF",25-171,9.0,566.0,63.0,48.4,6.3,6,87.0,5,3,14.0,1,2.55,6.0,1.0,5.0,0.8,-3.08,Matches,
Côte d'Ivoire,all_competitions,Emmanuel Agbadou,DF,28-362,8.0,510.0,64.0,43.6,5.7,6,78.0,4,2,20.0,3,3.0,15.0,1.0,14.0,2.47,0.15,Matches,
Côte d'Ivoire,all_competitions,Ibrahim Sangaré,MF,28-194,9.0,502.0,56.0,42.9,5.6,6,71.0,1,3,26.0,1,2.77,16.0,0.0,16.0,2.87,0.85,Matches,
Côte d'Ivoire,all_competitions,Evann Guessand,"FW,MF",24-348,9.0,441.0,49.0,37.7,4.9,4,78.0,2,5,26.0,1,2.55,13.0,0.0,13.0,2.65,0.43,Matches,
Côte d'Ivoire,all_competitions,Guéla Doué,"MF,DF",23-240,6.0,421.0,70.0,36.0,4.7,4,87.0,2,2,38.0,3,3.0,12.0,1.0,11.0,2.35,-0.05,Matches,
Côte d'Ivoire,all_competitions,Sébastien Haller,FW,31-357,8.0,419.0,52.0,46.6,4.7,5,72.0,1,3,20.0,1,2.75,10.0,0.0,10.0,2.15,-0.66,Matches,
Côte d'Ivoire,all_competitions,Willy Boly,DF,35-131,4.0,360.0,90.0,40.0,4.0,4,90.0,4,0,,4,2.5,18.0,0.0,18.0,4.5,3.33,Matches,
Côte d'Ivoire,all_competitions,Odilon Kossounou,DF,25-161,4.0,360.0,90.0,30.8,4.0,4,90.0,4,0,,3,2.5,3.0,0.0,3.0,0.75,-2.36,Matches,
Côte d'Ivoire,all_competitions,Oumar Diakité,FW,22-176,8.0,348.0,44.0,29.7,3.9,4,71.0,1,4,16.0,1,2.75,11.0,1.0,10.0,2.59,0.29,Matches,
Côte d'Ivoire,all_competitions,Nicolas Pépé,"MF,FW",31-016,8.0,329.0,41.0,28.1,3.7,4,62.0,0,4,21.0,3,2.5,7.0,0.0,7.0,1.91,-0.65,Matches,
Côte d'Ivoire,all_competitions,Amad Diallo,MF,23-338,6.0,319.0,53.0,27.3,3.5,3,75.0,0,3,31.0,1,2.67,7.0,0.0,7.0,1.97,-0.56,Matches,
Côte d'Ivoire,all_competitions,Jean-Philippe Gbamin,"DF,MF",30-262,4.0,287.0,72.0,31.9,3.2,3,90.0,3,1,17.0,0,2.5,2.0,0.0,2.0,0.63,-2.75,Matches,
Côte d'Ivoire,all_competitions,Hassane Kamara,"DF,MF",32-101,4.0,240.0,60.0,26.7,2.7,3,76.0,1,1,13.0,0,3.0,7.0,0.0,7.0,2.62,0.17,Matches,
Côte d'Ivoire,all_competitions,Yan Diomandé,MF,19-212,3.0,205.0,68.0,17.5,2.3,3,68.0,0,0,,0,3.0,8.0,1.0,7.0,3.07,0.83,Matches,
Côte d'Ivoire,all_competitions,Jean Seri,MF,34-330,5.0,183.0,37.0,15.6,2.0,2,70.0,0,3,14.0,2,2.6,8.0,0.0,8.0,3.93,1.84,Matches,
Côte d'Ivoire,all_competitions,Alban Lafont,GK,27-142,2.0,180.0,90.0,15.4,2.0,2,90.0,2,0,,5,3.0,8.0,0.0,8.0,4.0,1.91,Matches,
Côte d'Ivoire,all_competitions,Serge Aurier,DF,33-172,2.0,180.0,90.0,20.0,2.0,2,90.0,2,0,,0,3.0,11.0,0.0,11.0,5.5,3.75,Matches,
Côte d'Ivoire,all_competitions,Bazoumana Touré,FW,20-104,2.0,178.0,89.0,15.2,2.0,2,89.0,1,0,,5,3.0,7.0,0.0,7.0,3.54,1.36,Matches,
Côte d'Ivoire,all_competitions,Ousmane Diomande,DF,22-192,4.0,176.0,44.0,15.0,2.0,2,75.0,1,2,13.0,4,3.0,4.0,0.0,4.0,2.05,-0.4,Matches,
Côte d'Ivoire,all_competitions,Jeremie Boga,"MF,FW",29-162,3.0,175.0,58.0,19.4,1.9,2,75.0,1,1,25.0,1,2.33,10.0,0.0,10.0,5.14,3.28,Matches,
Côte d'Ivoire,all_competitions,Luck Zogbé,DF,21-082,2.0,150.0,75.0,16.7,1.7,2,75.0,1,0,,0,2.0,1.0,0.0,1.0,0.6,-2.28,Matches,
Côte d'Ivoire,all_competitions,Elye Wahi,FW,23-163,2.0,142.0,71.0,52.6,1.6,2,71.0,0,0,,1,3.0,2.0,1.0,1.0,0.63,-2.88,Matches,
Côte d'Ivoire,all_competitions,Christ Inao Oulaï,MF,20-069,3.0,141.0,47.0,52.2,1.6,1,90.0,1,2,26.0,0,3.0,3.0,0.0,3.0,1.91,-0.18,Matches,
Côte d'Ivoire,all_competitions,Clément Akpa,DF,24-202,3.0,140.0,47.0,12.0,1.6,1,80.0,0,2,30.0,3,3.0,3.0,0.0,3.0,1.93,-0.52,Matches,
Côte d'Ivoire,all_competitions,Jean-Philippe Krasso,MF,28-332,3.0,132.0,44.0,14.7,1.5,1,64.0,0,2,34.0,1,3.0,6.0,0.0,6.0,4.09,1.86,Matches,
Côte d'Ivoire,all_competitions,Christopher Opéri,DF,29-046,4.0,122.0,31.0,10.4,1.4,1,90.0,1,3,11.0,3,3.0,8.0,0.0,8.0,5.9,3.93,Matches,
Côte d'Ivoire,all_competitions,Pacôme Zouzoua,MF,29-045,2.0,120.0,60.0,13.3,1.3,1,90.0,1,1,30.0,0,3.0,8.0,0.0,8.0,6.0,4.04,Matches,
Côte d'Ivoire,all_competitions,Hamed Junior Traorè,MF,26-118,2.0,116.0,58.0,12.9,1.3,1,88.0,0,1,28.0,0,3.0,6.0,0.0,6.0,4.66,2.47,Matches,
Côte d'Ivoire,all_competitions,Karim Konaté,FW,22-085,2.0,116.0,58.0,12.9,1.3,1,90.0,1,1,26.0,0,3.0,10.0,0.0,10.0,7.76,6.04,Matches,
Côte d'Ivoire,all_competitions,Jean Thierry Lazare,MF,28-099,2.0,102.0,51.0,11.3,1.1,1,76.0,0,1,26.0,0,2.0,0.0,0.0,0.0,0.0,-2.82,Matches,
Côte d'Ivoire,all_competitions,Armel Zohouri,DF,25-070,2.0,94.0,47.0,10.4,1.0,1,90.0,1,1,4.0,1,3.0,7.0,0.0,7.0,6.7,4.69,Matches,
Côte d'Ivoire,all_competitions,Vakoun Bayo,FW,29-155,3.0,93.0,31.0,10.3,1.0,1,73.0,0,2,10.0,1,2.33,1.0,0.0,1.0,0.97,-1.71,Matches,
Côte d'Ivoire,all_competitions,Mohamed Diomandé,MF,24-227,4.0,91.0,23.0,10.1,1.0,1,67.0,0,3,8.0,0,2.5,1.0,0.0,1.0,0.99,-1.68,Matches,
Côte d'Ivoire,all_competitions,Christian Kouamé,MF,28-190,1.0,88.0,88.0,9.8,1.0,1,88.0,0,0,,1,3.0,2.0,0.0,2.0,2.05,-0.5,Matches,
Côte d'Ivoire,all_competitions,Parfait Guiagon,MF,25-112,2.0,87.0,44.0,7.4,1.0,1,63.0,0,1,24.0,3,3.0,3.0,0.0,3.0,3.1,0.78,Matches,
Côte d'Ivoire,all_competitions,Bénie Traoré,MF,23-196,2.0,78.0,39.0,28.9,0.9,1,68.0,0,1,10.0,0,3.0,2.0,0.0,2.0,2.31,0.43,Matches,
Côte d'Ivoire,all_competitions,Emmanuel Latte Lath,FW,27-164,2.0,65.0,33.0,7.2,0.7,1,60.0,0,1,5.0,0,2.0,0.0,0.0,0.0,0.0,-2.69,Matches,
Côte d'Ivoire,all_competitions,Jean-Eudes Aholou,MF,32-086,1.0,64.0,64.0,7.1,0.7,1,64.0,0,0,,1,3.0,1.0,0.0,1.0,1.41,-1.18,Matches,
Côte d'Ivoire,all_competitions,Martial Godo,FW,23-092,1.0,63.0,63.0,23.3,0.7,1,63.0,0,0,,1,3.0,3.0,0.0,3.0,4.29,2.98,Matches,
Côte d'Ivoire,all_competitions,Junior Diaz,DF,22-326,1.0,45.0,45.0,5.0,0.5,0,,0,1,45.0,1,3.0,3.0,0.0,3.0,6.0,3.68,Matches,
Côte d'Ivoire,all_competitions,Ange-Yoan Bonny,FW,22-232,1.0,24.0,24.0,8.9,0.3,0,,0,1,24.0,0,3.0,1.0,0.0,1.0,3.75,1.92,Matches,
Côte d'Ivoire,all_competitions,Kader Keita,MF,25-220,0.0,,,,,0,,0,0,,1,,,,,,,Matches,
Côte d'Ivoire,all_competitions,Max Gradel,"FW,MF",38-196,0.0,,,,,0,,0,0,,2,,,,,,,Matches,
Côte d'Ivoire,all_competitions,Mohamed Koné,GK,24-099,0.0,,,,,0,,0,0,,11,,,,,,,Matches,
Côte d'Ivoire,all_competitions,Mohamed Bamba,FW,24-186,0.0,,,,,0,,0,0,,1,,,,,,,Matches,
Côte d'Ivoire,all_competitions,Ayayi Folly,GK,35-167,0.0,,,,,0,,0,0,,2,,,,,,,Matches,
Côte d'Ivoire,all_competitions,Badra Ali Sangaré,GK,40-015,0.0,,,,,0,,0,0,,6,,,,,,,Matches,
Ecuador,all_competitions,John Yeboah,"MF,FW",25-356,4.0,258.0,65.0,71.7,2.9,3,76.0,0,1,31.0,0,2.0,6.0,1.0,5.0,1.74,2.63,Matches,
Ecuador,all_competitions,Félix Torres Caicedo,DF,29-154,3.0,208.0,69.0,57.8,2.3,3,69.0,1,0,,1,2.33,4.0,2.0,2.0,0.87,-0.32,Matches,
Ecuador,all_competitions,Alan Franco,"DF,MF",27-297,3.0,180.0,60.0,50.0,2.0,3,60.0,1,0,,0,1.67,3.0,2.0,1.0,0.5,-1.0,Matches,
Ecuador,all_competitions,Moisés Caicedo,MF,24-224,3.0,225.0,75.0,62.5,2.5,2,90.0,2,1,45.0,0,1.67,4.0,2.0,2.0,0.8,-0.53,Matches,
Ecuador,all_competitions,Joel Ordóñez,DF,22-054,3.0,225.0,75.0,62.5,2.5,2,90.0,2,1,45.0,0,1.67,4.0,2.0,2.0,0.8,-0.53,Matches,
Ecuador,all_competitions,Pedro Vite,MF,24-097,3.0,222.0,74.0,61.7,2.5,2,89.0,0,1,45.0,0,1.67,4.0,2.0,2.0,0.81,-0.49,Matches,
Ecuador,all_competitions,Pervis Estupiñán,DF,28-144,4.0,212.0,53.0,58.9,2.4,2,90.0,1,2,17.0,0,2.0,4.0,3.0,1.0,0.42,-1.4,Matches,
Ecuador,all_competitions,Gonzalo Plata,MF,25-225,3.0,196.0,65.0,54.4,2.2,2,90.0,1,1,17.0,0,1.67,3.0,2.0,1.0,0.46,-1.19,Matches,
Ecuador,all_competitions,Anthony Valencia,MF,22-328,3.0,194.0,65.0,53.9,2.2,2,75.0,1,1,45.0,1,2.33,3.0,1.0,2.0,0.93,-0.16,Matches,
Ecuador,all_competitions,Willian Pacho,DF,24-241,2.0,180.0,90.0,50.0,2.0,2,90.0,2,0,,0,1.0,2.0,2.0,0.0,0.0,-2.0,Matches,
Ecuador,all_competitions,Jackson Porozo,DF,25-314,2.0,180.0,90.0,50.0,2.0,2,90.0,2,0,,2,3.0,5.0,1.0,4.0,2.0,2.0,Matches,
Ecuador,all_competitions,Hernán Galíndez,GK,39-076,2.0,166.0,83.0,46.1,1.8,2,83.0,1,0,,1,2.0,3.0,1.0,2.0,1.08,0.16,Matches,
Ecuador,all_competitions,Enner Valencia,FW,36-222,2.0,164.0,82.0,45.6,1.8,2,82.0,0,0,,0,1.0,2.0,1.0,1.0,0.55,-0.83,Matches,
Ecuador,all_competitions,Alan Minda,MF,23-031,2.0,116.0,58.0,32.2,1.3,2,58.0,0,0,,1,2.0,2.0,0.0,2.0,1.55,0.81,Matches,
Ecuador,all_competitions,Jordy Caicedo,FW,28-208,3.0,106.0,35.0,29.4,1.2,2,52.0,0,1,2.0,1,2.33,2.0,0.0,2.0,1.7,0.99,Matches,
Ecuador,all_competitions,Piero Hincapié,DF,24-156,2.0,116.0,58.0,32.2,1.3,1,71.0,0,1,45.0,0,2.0,3.0,0.0,3.0,2.33,1.96,Matches,
Ecuador,all_competitions,Nilson Angulo,MF,22-360,2.0,94.0,47.0,26.1,1.0,1,63.0,0,1,31.0,0,3.0,4.0,0.0,4.0,3.83,3.83,Matches,
Ecuador,all_competitions,Jordy Alcivar,MF,26-313,4.0,93.0,23.0,25.8,1.0,1,45.0,0,3,16.0,0,2.0,2.0,1.0,1.0,0.97,-0.04,Matches,
Ecuador,all_competitions,Yaimar Medina,MF,21-221,2.0,90.0,45.0,25.0,1.0,1,76.0,0,1,14.0,2,3.0,2.0,1.0,1.0,1.0,0.0,Matches,
Ecuador,all_competitions,Moisés Ramírez,GK,25-278,1.0,90.0,90.0,25.0,1.0,1,90.0,1,0,,2,3.0,2.0,1.0,1.0,1.0,0.0,Matches,
Ecuador,all_competitions,Kendry Páez,FW,19-041,3.0,86.0,29.0,23.9,1.0,1,45.0,0,2,21.0,1,2.33,1.0,2.0,-1.0,-1.05,-2.69,Matches,
Ecuador,all_competitions,Jeremy Arévalo,MF,21-087,3.0,76.0,25.0,21.1,0.8,1,73.0,0,2,2.0,1,1.67,2.0,0.0,2.0,2.37,1.73,Matches,
Ecuador,all_competitions,Denil Castillo,MF,22-082,1.0,76.0,76.0,21.1,0.8,1,76.0,0,0,,0,3.0,2.0,0.0,2.0,2.37,1.73,Matches,
Ecuador,all_competitions,Gonzalo Valle,GK,30-106,2.0,72.0,36.0,20.0,0.8,1,58.0,0,1,14.0,2,2.0,2.0,1.0,1.0,1.25,0.31,Matches,
Ecuador,all_competitions,Darwin Guagua,FW,18-220,1.0,45.0,45.0,12.5,0.5,1,45.0,0,0,,0,3.0,1.0,0.0,1.0,2.0,1.14,Matches,
Ecuador,all_competitions,José Hurtado,DF,24-173,1.0,45.0,45.0,12.5,0.5,1,45.0,0,0,,1,3.0,1.0,0.0,1.0,2.0,1.14,Matches,
Ecuador,all_competitions,Ángelo Preciado,"DF,MF",28-116,4.0,126.0,32.0,35.0,1.4,0,,0,4,32.0,0,2.0,3.0,2.0,1.0,0.71,-0.44,Matches,
Ecuador,all_competitions,Kevin Rodríguez,FW,26-102,2.0,59.0,30.0,16.4,0.7,0,,0,2,30.0,0,2.0,1.0,2.0,-1.0,-1.53,-3.02,Matches,
Ecuador,all_competitions,David Cabezas,GK,31-002,1.0,32.0,32.0,8.9,0.4,0,,0,1,32.0,0,1.0,0.0,0.0,0.0,0.0,-1.1,Matches,
Ecuador,all_competitions,John Mercado,"FW,MF",24-011,1.0,27.0,27.0,7.5,0.3,0,,0,1,27.0,2,3.0,0.0,1.0,-1.0,-3.33,-4.68,Matches,
Ecuador,all_competitions,Fricio Caicedo,DF,18-058,1.0,1.0,1.0,0.3,0.0,0,,0,1,1.0,0,3.0,0.0,0.0,0.0,0.0,-1.0,Matches,
Ecuador,all_competitions,Bruno Caicedo,MF,21-150,0.0,,,,,0,,0,0,,1,,,,,,,Matches,
Ecuador,all_competitions,Ederson Castillo,MF,17-186,0.0,,,,,0,,0,0,,1,,,,,,,Matches,
Ecuador,all_competitions,Janner Corozo,"DF,FW",30-279,0.0,,,,,0,,0,0,,1,,,,,,,Matches,
Ecuador,all_competitions,Malcom Dacosta,MF,18-058,0.0,,,,,0,,0,0,,1,,,,,,,Matches,
Ecuador,all_competitions,Luis Fragozo,FW,16-067,0.0,,,,,0,,0,0,,1,,,,,,,Matches,
Ecuador,all_competitions,Alexander Legendre,MF,18-053,0.0,,,,,0,,0,0,,1,,,,,,,Matches,
Ecuador,all_competitions,Cristhian Loor,GK,20-097,0.0,,,,,0,,0,0,,1,,,,,,,Matches,
Ecuador,all_competitions,Deinner Ordóñez,DF,16-228,0.0,,,,,0,,0,0,,1,,,,,,,Matches,
Ecuador,all_competitions,Bryan Ramírez,"DF,FW",25-307,0.0,,,,,0,,0,0,,1,,,,,,,Matches,
Ecuador,all_competitions,Squad Total,,26.3,4.0,360.0,90.0,100.0,4.0,44,74.0,15,29,24.0,27,2.0,7.0,3.0,4.0,1.0,,,
Ecuador,all_competitions,Opponent Total,,27.9,4.0,360.0,90.0,100.0,4.0,44,74.0,16,28,21.0,24,0.5,3.0,7.0,-4.0,-1.0,,,
Ecuador,all_competitions,Willian Pacho,DF,24.0,18.0,"1,620",90.0,100.0,18.0,18,90.0,18,0,,0,1.78,14.0,5.0,9.0,0.5,,Matches,
Ecuador,all_competitions,Moisés Caicedo,MF,24.0,16.0,"1,399",87.0,86.4,15.5,16,87.0,15,0,,0,1.75,10.0,5.0,5.0,0.32,-1.31,Matches,
Ecuador,all_competitions,Piero Hincapié,DF,24.0,14.0,"1,203",86.0,74.3,13.4,14,86.0,13,0,,0,1.64,9.0,2.0,7.0,0.52,0.09,Matches,
Ecuador,all_competitions,Enner Valencia,FW,36.0,15.0,"1,057",70.0,65.2,11.7,14,74.0,3,1,23.0,0,1.8,13.0,4.0,9.0,0.77,0.77,Matches,
Ecuador,all_competitions,Pervis Estupiñán,"DF,MF",28.0,13.0,"1,118",86.0,69.0,12.4,13,86.0,5,0,,0,1.62,10.0,4.0,6.0,0.48,-0.05,Matches,
Ecuador,all_competitions,Hernán Galíndez,GK,38.0,12.0,"1,080",90.0,66.7,12.0,12,90.0,12,0,,6,1.83,11.0,4.0,7.0,0.58,0.25,Matches,
Ecuador,all_competitions,Alan Franco,MF,27.0,13.0,"1,057",81.0,65.2,11.7,12,87.0,10,1,9.0,2,1.85,9.0,2.0,7.0,0.6,0.28,Matches,
Ecuador,all_competitions,Félix Torres Caicedo,DF,29.0,15.0,"1,052",70.0,64.9,11.7,11,89.0,10,4,18.0,2,1.67,8.0,5.0,3.0,0.26,-0.69,Matches,
Ecuador,all_competitions,Ángelo Preciado,"MF,DF",27.0,13.0,812,62.0,50.1,9.0,9,79.0,5,4,26.0,0,1.69,6.0,2.0,4.0,0.44,-0.11,Matches,
Ecuador,all_competitions,Pedro Vite,MF,23.0,9.0,695,77.0,42.9,7.7,8,83.0,4,1,33.0,1,2.11,8.0,0.0,8.0,1.04,0.94,Matches,
Ecuador,all_competitions,Joel Ordóñez,DF,21.0,8.0,691,86.0,42.7,7.7,8,86.0,7,0,,5,2.0,8.0,0.0,8.0,1.04,0.95,Matches,
Ecuador,all_competitions,Kendry Páez,"MF,FW",18.0,12.0,647,54.0,39.9,7.2,8,68.0,0,4,27.0,5,1.92,5.0,1.0,4.0,0.56,0.09,Matches,
Ecuador,all_competitions,Gonzalo Plata,"MF,FW",25.0,9.0,633,70.0,39.1,7.0,8,77.0,1,1,21.0,1,1.78,8.0,0.0,8.0,1.14,1.05,Matches,
Ecuador,all_competitions,Kevin Rodríguez,FW,25.0,16.0,550,34.0,34.0,6.1,5,72.0,0,11,17.0,1,1.88,2.0,4.0,-2.0,-0.33,-1.25,Matches,
Ecuador,all_competitions,Carlos Gruezo,MF,30.0,7.0,487,70.0,30.1,5.4,4,90.0,4,3,42.0,2,1.86,4.0,3.0,1.0,0.18,-0.45,Matches,
Ecuador,all_competitions,Alan Minda,MF,22.0,8.0,312,39.0,19.3,3.5,4,63.0,0,4,16.0,0,1.75,5.0,0.0,5.0,1.44,1.17,Matches,
Ecuador,all_competitions,Nilson Angulo,MF,22.0,4.0,306,77.0,18.9,3.4,4,77.0,0,0,,0,1.5,1.0,0.0,1.0,0.29,-0.25,Matches,
Ecuador,all_competitions,John Yeboah,"FW,MF",25.0,9.0,364,40.0,22.5,4.0,3,74.0,0,6,24.0,3,1.78,4.0,1.0,3.0,0.74,0.31,Matches,
Ecuador,all_competitions,Robert Arboleda,DF,34.0,3.0,249,83.0,15.4,2.8,3,83.0,2,0,,1,2.0,3.0,2.0,1.0,0.36,-0.16,Matches,
Ecuador,all_competitions,José Cifuentes,MF,26.0,3.0,210,70.0,13.0,2.3,3,70.0,0,0,,1,1.33,1.0,0.0,1.0,0.43,-0.08,Matches,
Ecuador,all_competitions,Jhoanner Chávez,"MF,DF",23.0,5.0,203,41.0,12.5,2.3,2,84.0,1,3,12.0,5,2.2,1.0,0.0,1.0,0.44,-0.06,Matches,
Ecuador,all_competitions,Alexander Domínguez,GK,38.0,2.0,180,90.0,11.1,2.0,2,90.0,2,0,,4,2.0,1.0,0.0,1.0,0.5,0.0,Matches,
Ecuador,all_competitions,Moisés Ramírez,GK,25.0,2.0,180,90.0,11.1,2.0,2,90.0,2,0,,14,2.0,2.0,1.0,1.0,0.5,0.0,Matches,
Ecuador,all_competitions,Gonzalo Valle,GK,29.0,2.0,180,90.0,11.1,2.0,2,90.0,2,0,,6,1.0,0.0,0.0,0.0,0.0,-0.56,Matches,
Ecuador,all_competitions,Junior Sornoza,MF,32.0,2.0,141,71.0,8.7,1.6,2,71.0,0,0,,2,2.0,1.0,0.0,1.0,0.64,0.15,Matches,
Ecuador,all_competitions,Ángel Mena,MF,38.0,6.0,166,28.0,10.2,1.8,1,74.0,0,5,18.0,3,1.83,1.0,0.0,1.0,0.54,0.05,Matches,
Ecuador,all_competitions,Julio Joao Ortíz,MF,29.0,5.0,151,30.0,9.3,1.7,1,90.0,1,4,15.0,1,2.0,2.0,2.0,0.0,0.0,-0.55,Matches,
Ecuador,all_competitions,Jhojan Julio,FW,27.0,4.0,125,31.0,7.7,1.4,1,69.0,0,3,19.0,2,2.0,2.0,1.0,1.0,0.72,0.24,Matches,
Ecuador,all_competitions,Jordy Alcivar,MF,26.0,2.0,122,61.0,7.5,1.4,1,90.0,1,1,32.0,2,2.0,0.0,0.0,0.0,0.0,-0.54,Matches,
Ecuador,all_competitions,Jeremy Sarmiento,MF,23.0,3.0,113,38.0,7.0,1.3,1,45.0,0,2,34.0,2,1.33,0.0,1.0,-1.0,-0.8,-1.39,Matches,
Ecuador,all_competitions,John Mercado,FW,23.0,4.0,111,28.0,6.9,1.2,1,58.0,0,3,18.0,4,2.25,1.0,1.0,0.0,0.0,-0.54,Matches,
Ecuador,all_competitions,José Hurtado,DF,24.0,3.0,93,31.0,5.7,1.0,1,80.0,0,2,7.0,2,1.33,0.0,1.0,-1.0,-0.97,-1.56,Matches,
Ecuador,all_competitions,Janner Corozo,MF,30.0,2.0,92,46.0,5.7,1.0,1,61.0,0,1,31.0,1,2.0,2.0,0.0,2.0,1.96,1.54,Matches,
Ecuador,all_competitions,Darwin Guagua,FW,18.0,1.0,59,59.0,3.6,0.7,1,59.0,0,0,,1,1.0,0.0,0.0,0.0,0.0,-0.52,Matches,
Ecuador,all_competitions,Jordy Caicedo,FW,28.0,2.0,57,29.0,3.5,0.6,1,54.0,0,1,3.0,2,2.0,1.0,0.0,1.0,1.58,1.12,Matches,
Ecuador,all_competitions,Jhegson Méndez,MF,28.0,2.0,46,23.0,2.8,0.5,1,45.0,0,1,1.0,3,1.5,0.0,1.0,-1.0,-1.96,-2.53,Matches,
Ecuador,all_competitions,Leonardo Campana,FW,25.0,3.0,54,18.0,3.3,0.6,0,,0,3,18.0,3,1.67,0.0,0.0,0.0,0.0,-0.52,Matches,
Ecuador,all_competitions,Keny Arroyo,MF,19.0,2.0,33,17.0,2.0,0.4,0,,0,2,17.0,2,2.0,0.0,0.0,0.0,0.0,-0.51,Matches,
Ecuador,all_competitions,Leonardo Realpe,DF,24.0,1.0,21,21.0,1.3,0.2,0,,0,1,21.0,5,3.0,0.0,0.0,0.0,0.0,-0.51,Matches,
Ecuador,all_competitions,Cristian Ramírez,DF,31.0,1.0,14,14.0,0.9,0.2,0,,0,1,14.0,8,1.0,0.0,0.0,0.0,0.0,-0.5,Matches,
Ecuador,all_competitions,Beder Caicedo,"DF,MF",33.0,1.0,13,13.0,0.8,0.1,0,,0,1,13.0,1,3.0,1.0,1.0,0.0,0.0,-0.5,Matches,
Ecuador,all_competitions,Yaimar Medina,"DF,MF",21.0,2.0,8,4.0,0.5,0.1,0,,0,2,4.0,5,0.5,0.0,0.0,0.0,0.0,-0.5,Matches,
Ecuador,all_competitions,Denil Castillo,MF,21.0,1.0,1,1.0,0.1,0.0,0,,0,1,1.0,4,3.0,0.0,0.0,0.0,0.0,-0.5,Matches,
Ecuador,all_competitions,Patrik Mercado,MF,22.0,1.0,1,1.0,0.1,0.0,0,,0,1,1.0,1,1.0,0.0,0.0,0.0,0.0,-0.5,Matches,
Ecuador,all_competitions,Xavier Arreaga,DF,31.0,0.0,,,,,0,,0,0,,7,,,,,,,Matches,
Ecuador,all_competitions,Javier Burrai,GK,35.0,0.0,,,,,0,,0,0,,2,,,,,,,Matches,
Ecuador,all_competitions,David Cabezas,GK,30.0,0.0,,,,,0,,0,0,,2,,,,,,,Matches,
Ecuador,all_competitions,Aníbal Chalá,"DF,MF",29.0,0.0,,,,,0,,0,0,,2,,,,,,,Matches,
Ecuador,all_competitions,Gilmar Napa,GK,23.0,0.0,,,,,0,,0,0,,2,,,,,,,Matches,
Ecuador,all_competitions,Jackson Porozo,DF,25.0,0.0,,,,,0,,0,0,,1,,,,,,,Matches,
Ecuador,all_competitions,Leonel Quiñónez,DF,32.0,0.0,,,,,0,,0,0,,1,,,,,,,Matches,
Ecuador,all_competitions,Bryan Ramírez,"DF,FW",25.0,0.0,,,,,0,,0,0,,2,,,,,,,Matches,
Ecuador,all_competitions,Luis Segovia,DF,28.0,0.0,,,,,0,,0,0,,1,,,,,,,Matches,
Ecuador,all_competitions,Óscar Zambrano,MF,21.0,0.0,,,,,0,,0,0,,4,,,,,,,Matches,
Ecuador,all_competitions,Squad Total,,27.4,18.0,"1,620",90.0,100.0,18.0,198,82.0,118,78,19.0,137,1.78,14.0,5.0,9.0,0.5,,,
Ecuador,all_competitions,Opponent Total,,29.6,18.0,"1,620",90.0,100.0,18.0,198,82.0,117,80,22.0,133,0.78,5.0,14.0,-9.0,-0.5,,,
Ecuador,all_competitions,Willian Pacho,DF,24-241,20.0,"1,800",90.0,90.9,20.0,20,90.0,20,0,,0,1.7,16.0,7.0,9.0,0.45,-1.55,Matches,
Ecuador,all_competitions,Moisés Caicedo,MF,24-224,19.0,"1,624",85.0,82.0,18.0,18,88.0,17,1,45.0,0,1.74,14.0,7.0,7.0,0.39,-1.13,Matches,
Ecuador,all_competitions,Pervis Estupiñán,"DF,MF",28-144,17.0,"1,330",78.0,67.2,14.8,15,86.0,6,2,17.0,0,1.71,14.0,7.0,7.0,0.47,-0.36,Matches,
Ecuador,all_competitions,Piero Hincapié,DF,24-156,16.0,"1,319",82.0,66.6,14.7,15,85.0,13,1,45.0,0,1.69,12.0,2.0,10.0,0.68,0.27,Matches,
Ecuador,all_competitions,Félix Torres Caicedo,DF,29-154,18.0,"1,260",70.0,63.6,14.0,14,85.0,11,4,18.0,3,1.78,12.0,7.0,5.0,0.36,-0.64,Matches,
Ecuador,all_competitions,Hernán Galíndez,GK,39-076,14.0,"1,246",89.0,62.9,13.8,14,89.0,13,0,,7,1.85,14.0,5.0,9.0,0.65,0.16,Matches,
Ecuador,all_competitions,Alan Franco,MF,27-297,16.0,"1,237",77.0,62.5,13.7,15,82.0,11,1,9.0,2,1.82,12.0,4.0,8.0,0.58,-0.02,Matches,
Ecuador,all_competitions,Enner Valencia,FW,36-222,17.0,"1,221",72.0,61.7,13.6,16,75.0,3,1,23.0,0,1.71,15.0,5.0,10.0,0.74,0.38,Matches,
Ecuador,all_competitions,Ángelo Preciado,"MF,DF",28-116,17.0,938,55.0,47.4,10.4,9,79.0,5,8,29.0,0,1.76,9.0,4.0,5.0,0.48,-0.21,Matches,
Ecuador,all_competitions,Pedro Vite,MF,24-097,12.0,917,76.0,46.3,10.2,10,84.0,4,2,39.0,1,2.0,12.0,2.0,10.0,0.98,0.73,Matches,
Ecuador,all_competitions,Joel Ordóñez,DF,22-054,11.0,916,83.0,46.3,10.2,10,87.0,9,1,45.0,5,1.91,12.0,2.0,10.0,0.98,0.73,Matches,
Ecuador,all_competitions,Gonzalo Plata,"MF,FW",25-225,12.0,829,69.0,41.9,9.2,10,79.0,2,2,19.0,1,1.75,11.0,2.0,9.0,0.98,0.66,Matches,
Ecuador,all_competitions,Kendry Páez,"MF,FW",19-041,15.0,733,49.0,37.0,8.1,9,65.0,0,6,25.0,6,2.0,6.0,3.0,3.0,0.37,-0.35,Matches,
Ecuador,all_competitions,John Yeboah,"FW,MF",25-356,13.0,622,48.0,31.4,6.9,6,75.0,0,7,25.0,3,1.85,10.0,2.0,8.0,1.16,0.83,Matches,
Ecuador,all_competitions,Kevin Rodríguez,FW,26-102,18.0,609,34.0,30.8,6.8,5,72.0,0,13,19.0,1,1.89,3.0,6.0,-3.0,-0.44,-1.49,Matches,
Ecuador,all_competitions,Carlos Gruezo,MF,31-056,7.0,487,70.0,30.1,5.4,4,90.0,4,3,42.0,2,1.86,4.0,3.0,1.0,0.18,-0.45,Matches,
Ecuador,all_competitions,Alan Minda,MF,23-031,10.0,428,43.0,21.6,4.8,6,61.0,0,4,16.0,1,1.8,7.0,0.0,7.0,1.47,1.12,Matches,
Ecuador,all_competitions,Nilson Angulo,MF,22-360,6.0,400,67.0,20.2,4.4,5,74.0,0,1,31.0,0,2.0,5.0,0.0,5.0,1.13,0.67,Matches,
Ecuador,all_competitions,Moisés Ramírez,GK,25-278,3.0,270,90.0,13.6,3.0,3,90.0,3,0,,16,2.33,4.0,2.0,2.0,0.67,0.09,Matches,
Ecuador,all_competitions,Gonzalo Valle,GK,30-106,4.0,252,63.0,12.7,2.8,3,79.0,2,1,14.0,8,1.5,2.0,1.0,1.0,0.36,-0.27,Matches,
Ecuador,all_competitions,Robert Arboleda,DF,34-235,3.0,249,83.0,15.4,2.8,3,83.0,2,0,,1,2.0,3.0,2.0,1.0,0.36,-0.16,Matches,
Ecuador,all_competitions,Jordy Alcivar,MF,26-313,6.0,215,36.0,10.9,2.4,2,68.0,1,4,20.0,2,2.0,2.0,1.0,1.0,0.42,-0.19,Matches,
Ecuador,all_competitions,José Cifuentes,MF,27-094,3.0,210,70.0,13.0,2.3,3,70.0,0,0,,1,1.33,1.0,0.0,1.0,0.43,-0.08,Matches,
Ecuador,all_competitions,Jhoanner Chávez,"MF,DF",24-050,5.0,203,41.0,12.5,2.3,2,84.0,1,3,12.0,5,2.2,1.0,0.0,1.0,0.44,-0.06,Matches,
Ecuador,all_competitions,Anthony Valencia,MF,22-328,3.0,194,65.0,53.9,2.2,2,75.0,1,1,45.0,1,2.33,3.0,1.0,2.0,0.93,-0.16,Matches,
Ecuador,all_competitions,Jackson Porozo,DF,25-314,2.0,180,90.0,9.1,2.0,2,90.0,2,0,,3,3.0,5.0,1.0,4.0,2.0,2.0,Matches,
Ecuador,all_competitions,Alexander Domínguez,GK,39-009,2.0,180,90.0,11.1,2.0,2,90.0,2,0,,4,2.0,1.0,0.0,1.0,0.5,0.0,Matches,
Ecuador,all_competitions,Ángel Mena,MF,38-144,6.0,166,28.0,10.2,1.8,1,74.0,0,5,18.0,3,1.83,1.0,0.0,1.0,0.54,0.05,Matches,
Ecuador,all_competitions,Jordy Caicedo,FW,28-208,5.0,163,33.0,8.2,1.8,3,53.0,0,2,3.0,3,2.2,3.0,0.0,3.0,1.66,1.16,Matches,
Ecuador,all_competitions,Julio Joao Ortíz,MF,30-044,5.0,151,30.0,9.3,1.7,1,90.0,1,4,15.0,1,2.0,2.0,2.0,0.0,0.0,-0.55,Matches,
Ecuador,all_competitions,Junior Sornoza,MF,32-137,2.0,141,71.0,8.7,1.6,2,71.0,0,0,,2,2.0,1.0,0.0,1.0,0.64,0.15,Matches,
Ecuador,all_competitions,John Mercado,FW,24-011,5.0,138,28.0,7.0,1.5,1,58.0,0,4,20.0,6,2.4,1.0,2.0,-1.0,-0.65,-1.34,Matches,
Ecuador,all_competitions,José Hurtado,DF,24-173,4.0,138,35.0,7.0,1.5,2,63.0,0,2,7.0,3,1.75,1.0,1.0,0.0,0.0,-0.64,Matches,
Ecuador,all_competitions,Jhojan Julio,FW,28-123,4.0,125,31.0,7.7,1.4,1,69.0,0,3,19.0,2,2.0,2.0,1.0,1.0,0.72,0.24,Matches,
Ecuador,all_competitions,Jeremy Sarmiento,MF,23-363,3.0,113,38.0,7.0,1.3,1,45.0,0,2,34.0,2,1.33,0.0,1.0,-1.0,-0.8,-1.39,Matches,
Ecuador,all_competitions,Darwin Guagua,FW,18-220,2.0,104,52.0,5.3,1.2,2,52.0,0,0,,1,2.0,1.0,0.0,1.0,0.87,0.29,Matches,
Ecuador,all_competitions,Yaimar Medina,"DF,MF",21-221,4.0,98,25.0,4.9,1.1,1,76.0,0,3,7.0,7,1.75,2.0,1.0,1.0,0.92,0.34,Matches,
Ecuador,all_competitions,Janner Corozo,MF,30-279,2.0,92,46.0,4.6,1.0,1,61.0,0,1,31.0,2,2.0,2.0,0.0,2.0,1.96,1.54,Matches,
Ecuador,all_competitions,Denil Castillo,MF,22-082,2.0,77,39.0,3.9,0.9,1,76.0,0,1,1.0,4,3.0,2.0,0.0,2.0,2.34,1.82,Matches,
Ecuador,all_competitions,Jeremy Arévalo,MF,21-087,3.0,76,25.0,21.1,0.8,1,73.0,0,2,2.0,1,1.67,2.0,0.0,2.0,2.37,1.73,Matches,
Ecuador,all_competitions,Leonardo Campana,FW,25-325,3.0,54,18.0,3.3,0.6,0,,0,3,18.0,3,1.67,0.0,0.0,0.0,0.0,-0.52,Matches,
Ecuador,all_competitions,Jhegson Méndez,MF,29-049,2.0,46,23.0,2.8,0.5,1,45.0,0,1,1.0,3,1.5,0.0,1.0,-1.0,-1.96,-2.53,Matches,
Ecuador,all_competitions,Keny Arroyo,MF,20-120,2.0,33,17.0,2.0,0.4,0,,0,2,17.0,2,2.0,0.0,0.0,0.0,0.0,-0.51,Matches,
Ecuador,all_competitions,David Cabezas,GK,31-002,1.0,32,32.0,1.6,0.4,0,,0,1,32.0,2,1.0,0.0,0.0,0.0,0.0,-1.1,Matches,
Ecuador,all_competitions,Leonardo Realpe,DF,25-108,1.0,21,21.0,1.3,0.2,0,,0,1,21.0,5,3.0,0.0,0.0,0.0,0.0,-0.51,Matches,
Ecuador,all_competitions,Cristian Ramírez,DF,31-306,1.0,14,14.0,0.9,0.2,0,,0,1,14.0,8,1.0,0.0,0.0,0.0,0.0,-0.5,Matches,
Ecuador,all_competitions,Beder Caicedo,"DF,MF",34-032,1.0,13,13.0,0.8,0.1,0,,0,1,13.0,1,3.0,1.0,1.0,0.0,0.0,-0.5,Matches,
Ecuador,all_competitions,Patrik Mercado,MF,22-318,1.0,1,1.0,0.1,0.0,0,,0,1,1.0,1,1.0,0.0,0.0,0.0,0.0,-0.5,Matches,
Ecuador,all_competitions,Fricio Caicedo,DF,18-058,1.0,1,1.0,0.3,0.0,0,,0,1,1.0,0,3.0,0.0,0.0,0.0,0.0,-1.0,Matches,
Ecuador,all_competitions,Bryan Ramírez,"DF,FW",25-307,0.0,,,,,0,,0,0,,3,,,,,,,Matches,
Ecuador,all_competitions,Óscar Zambrano,MF,22-055,0.0,,,,,0,,0,0,,4,,,,,,,Matches,
Ecuador,all_competitions,Cristhian Loor,GK,20-097,0.0,,,,,0,,0,0,,1,,,,,,,Matches,
Ecuador,all_competitions,Bruno Caicedo,MF,21-150,0.0,,,,,0,,0,0,,1,,,,,,,Matches,
Ecuador,all_competitions,Ederson Castillo,MF,17-186,0.0,,,,,0,,0,0,,1,,,,,,,Matches,
Ecuador,all_competitions,Alexander Legendre,MF,18-053,0.0,,,,,0,,0,0,,1,,,,,,,Matches,
Ecuador,all_competitions,Deinner Ordóñez,DF,16-228,0.0,,,,,0,,0,0,,1,,,,,,,Matches,
Ecuador,all_competitions,Luis Fragozo,FW,16-067,0.0,,,,,0,,0,0,,1,,,,,,,Matches,
Ecuador,all_competitions,Malcom Dacosta,MF,18-058,0.0,,,,,0,,0,0,,1,,,,,,,Matches,
Ecuador,all_competitions,Leonel Quiñónez,DF,32-346,0.0,,,,,0,,0,0,,1,,,,,,,Matches,
Ecuador,all_competitions,Xavier Arreaga,DF,31-259,0.0,,,,,0,,0,0,,7,,,,,,,Matches,
Ecuador,all_competitions,Luis Segovia,DF,28-231,0.0,,,,,0,,0,0,,1,,,,,,,Matches,
Ecuador,all_competitions,Aníbal Chalá,"DF,MF",30-036,0.0,,,,,0,,0,0,,2,,,,,,,Matches,
Ecuador,all_competitions,Gilmar Napa,GK,23-160,0.0,,,,,0,,0,0,,2,,,,,,,Matches,
Ecuador,all_competitions,Javier Burrai,GK,35-248,0.0,,,,,0,,0,0,,2,,,,,,,Matches,
Egypt,all_competitions,Mohamed Salah,"MF,FW",33.0,9.0,806.0,90.0,89.6,9.0,9,90.0,7,0,,0,2.56,19.0,2.0,17.0,1.9,0.94,Matches,
Egypt,all_competitions,Trézéguet,"MF,DF",31.0,10.0,799.0,80.0,88.8,8.9,9,86.0,1,1,29.0,0,2.6,17.0,2.0,15.0,1.69,-0.98,Matches,
Egypt,all_competitions,Mohamed El-Shenawy,GK,37.0,9.0,780.0,87.0,86.7,8.7,9,87.0,8,0,,0,2.56,18.0,2.0,16.0,1.85,0.35,Matches,
Egypt,all_competitions,Mohamed Hany,"DF,MF",30.0,9.0,760.0,84.0,84.4,8.4,9,84.0,7,0,,1,2.56,13.0,2.0,11.0,1.3,-3.2,Matches,
Egypt,all_competitions,Zizo,MF,30.0,10.0,669.0,67.0,74.3,7.4,9,74.0,1,1,6.0,0,2.6,16.0,2.0,14.0,1.88,0.32,Matches,
Egypt,all_competitions,Ramy Rabia,DF,32.0,8.0,720.0,90.0,80.0,8.0,8,90.0,8,0,,1,2.5,12.0,2.0,10.0,1.25,-2.75,Matches,
Egypt,all_competitions,Marwan Attia,MF,27.0,8.0,618.0,77.0,68.7,6.9,7,85.0,5,1,22.0,0,2.5,12.0,2.0,10.0,1.46,-1.1,Matches,
Egypt,all_competitions,Mostafa Mohamed,FW,28.0,10.0,522.0,52.0,58.0,5.8,7,69.0,1,3,13.0,0,2.6,14.0,1.0,13.0,2.24,1.05,Matches,
Egypt,all_competitions,Hamdy Fathy,"MF,DF",31.0,8.0,546.0,68.0,60.7,6.1,6,80.0,3,2,32.0,0,2.75,14.0,2.0,12.0,1.98,0.45,Matches,
Egypt,all_competitions,Mohamed Hamdy,"DF,MF",30.0,6.0,510.0,85.0,56.7,5.7,6,85.0,5,0,,1,2.33,8.0,1.0,7.0,1.24,-1.3,Matches,
Egypt,all_competitions,Mohamed Abdelmonem,DF,26.0,6.0,495.0,83.0,55.0,5.5,6,83.0,5,0,,0,2.67,10.0,2.0,8.0,1.45,-0.77,Matches,
Egypt,all_competitions,Omar Marmoush,"MF,FW",26.0,6.0,339.0,57.0,37.7,3.8,5,65.0,0,1,12.0,0,2.67,10.0,0.0,10.0,2.65,1.37,Matches,
Egypt,all_competitions,Ahmed Nabil Koka,MF,24.0,5.0,274.0,55.0,30.4,3.0,3,81.0,1,2,16.0,3,2.6,3.0,0.0,3.0,0.99,-1.17,Matches,
Egypt,all_competitions,Osama Faisal,FW,25.0,4.0,234.0,59.0,26.0,2.6,2,74.0,0,2,44.0,2,2.5,4.0,0.0,4.0,1.54,-0.35,Matches,
Egypt,all_competitions,Ibrahim Adel,MF,24.0,5.0,222.0,44.0,24.7,2.5,2,90.0,2,3,14.0,1,2.6,4.0,0.0,4.0,1.62,-0.24,Matches,
Egypt,all_competitions,Khaled Sobhi,DF,30.0,3.0,187.0,62.0,20.8,2.1,2,90.0,2,1,7.0,3,2.33,2.0,0.0,2.0,0.96,-1.06,Matches,
Egypt,all_competitions,Mohamed Elneny,MF,33.0,2.0,180.0,90.0,20.0,2.0,2,90.0,2,0,,0,3.0,8.0,0.0,8.0,4.0,2.75,Matches,
Egypt,all_competitions,Mohanad Lasheen,MF,29.0,4.0,152.0,38.0,16.9,1.7,1,90.0,1,3,21.0,0,2.5,2.0,0.0,2.0,1.18,-0.74,Matches,
Egypt,all_competitions,Ali Gabr,DF,37.0,2.0,135.0,68.0,15.0,1.5,1,90.0,1,1,45.0,0,3.0,6.0,0.0,6.0,4.0,2.59,Matches,
Egypt,all_competitions,Omar Kamal,DF,32.0,3.0,114.0,38.0,12.7,1.3,1,90.0,1,2,12.0,0,2.5,7.0,1.0,6.0,4.74,3.36,Matches,
Egypt,all_competitions,Emam Ashour,MF,27.0,2.0,102.0,51.0,11.3,1.1,1,57.0,0,1,45.0,1,2.0,3.0,1.0,2.0,1.76,-0.04,Matches,
Egypt,all_competitions,Ahmed Eid,MF,25.0,2.0,101.0,51.0,11.2,1.1,1,90.0,1,1,11.0,4,2.0,0.0,0.0,0.0,0.0,-2.03,Matches,
Egypt,all_competitions,Ahmed Fatouh,DF,27.0,1.0,90.0,90.0,10.0,1.0,1,90.0,1,0,,1,3.0,6.0,0.0,6.0,6.0,4.67,Matches,
Egypt,all_competitions,Yasser Ibrahim,DF,32.0,1.0,90.0,90.0,10.0,1.0,1,90.0,1,0,,3,3.0,1.0,0.0,1.0,1.0,-0.89,Matches,
Egypt,all_competitions,Ahmed Samy,DF,33.0,1.0,90.0,90.0,10.0,1.0,1,90.0,1,0,,1,3.0,6.0,0.0,6.0,6.0,4.67,Matches,
Egypt,all_competitions,Mohamed Sobhy,GK,26.0,1.0,90.0,90.0,10.0,1.0,1,90.0,1,0,,5,3.0,1.0,0.0,1.0,1.0,-0.89,Matches,
Egypt,all_competitions,Ahmed Amin Ofaa,FW,29.0,2.0,73.0,37.0,8.1,0.8,0,,0,2,37.0,0,2.0,1.0,1.0,0.0,0.0,-1.96,Matches,
Egypt,all_competitions,Mahmoud Saber,MF,24.0,4.0,48.0,12.0,5.3,0.5,0,,0,4,12.0,2,3.0,1.0,0.0,1.0,1.87,0.08,Matches,
Egypt,all_competitions,Akram Tawfik,MF,28.0,1.0,33.0,33.0,3.7,0.4,0,,0,1,33.0,1,3.0,0.0,0.0,0.0,0.0,-1.87,Matches,
Egypt,all_competitions,Mostafa Shobeir,GK,25.0,1.0,30.0,30.0,3.3,0.3,0,,0,1,30.0,6,3.0,1.0,0.0,1.0,3.0,1.24,Matches,
Egypt,all_competitions,Mohamed Shehata,MF,24.0,2.0,26.0,13.0,2.9,0.3,0,,0,2,13.0,0,3.0,0.0,0.0,0.0,0.0,-1.85,Matches,
Egypt,all_competitions,Mahmoud Hamada,MF,31.0,1.0,22.0,22.0,2.4,0.2,0,,0,1,22.0,0,3.0,0.0,0.0,0.0,0.0,-1.85,Matches,
Egypt,all_competitions,Mohamed Sherif,FW,29.0,2.0,20.0,10.0,2.2,0.2,0,,0,2,10.0,2,3.0,1.0,0.0,1.0,4.5,2.76,Matches,
Egypt,all_competitions,Mostafa Fathi,MF,30.0,4.0,17.0,4.0,1.9,0.2,0,,0,4,4.0,4,3.0,1.0,0.0,1.0,5.29,3.56,Matches,
Egypt,all_competitions,Nabil Dunga,MF,29.0,1.0,3.0,3.0,0.3,0.0,0,,0,1,3.0,3,3.0,0.0,0.0,0.0,0.0,-1.81,Matches,
Egypt,all_competitions,Hossam Abdelmaguid,DF,24.0,2.0,2.0,1.0,0.2,0.0,0,,0,2,1.0,4,2.0,0.0,0.0,0.0,0.0,-1.8,Matches,
Egypt,all_competitions,Naser Maher,MF,28.0,1.0,1.0,1.0,0.1,0.0,0,,0,1,1.0,1,1.0,0.0,0.0,0.0,0.0,-1.8,Matches,
Egypt,all_competitions,Mohamed Awad,GK,33.0,0.0,,,,,0,,0,0,,4,,,,,,,Matches,
Egypt,all_competitions,Abdelaziz El Balouty,GK,32.0,0.0,,,,,0,,0,0,,1,,,,,,,Matches,
Egypt,all_competitions,Amr El Gazar,DF,26.0,0.0,,,,,0,,0,0,,4,,,,,,,Matches,
Egypt,all_competitions,Tarek Hamed,MF,37.0,0.0,,,,,0,,0,0,,1,,,,,,,Matches,
Egypt,all_competitions,Mohamed Rabiea,DF,29.0,0.0,,,,,0,,0,0,,2,,,,,,,Matches,
Egypt,all_competitions,Hussein El Shahat,MF,33.0,0.0,,,,,0,,0,0,,1,,,,,,,Matches,
Egypt,all_competitions,Mohamed El Shamy,MF,30.0,0.0,,,,,0,,0,0,,1,,,,,,,Matches,
Egypt,all_competitions,Ahmed El-Shenawy,GK,34.0,0.0,,,,,0,,0,0,,2,,,,,,,Matches,
Egypt,all_competitions,Squad Total,,30.5,10.0,900.0,90.0,100.0,10.0,110,83.0,66,46,17.0,66,2.6,20.0,2.0,18.0,1.8,,,
Egypt,all_competitions,Opponent Total,,27.0,10.0,900.0,90.0,100.0,10.0,110,83.0,65,43,21.0,72,0.2,2.0,20.0,-18.0,-1.8,,,
Egypt,all_competitions,Marwan Attia,MF,27-306,4.0,339.0,85.0,94.2,3.8,4,85.0,2,0,,0,1.75,6.0,2.0,4.0,1.06,1.06,Matches,
Egypt,all_competitions,Mohamed Hany,DF,30-140,4.0,325.0,81.0,90.3,3.6,4,81.0,1,0,,0,1.75,6.0,2.0,4.0,1.11,1.11,Matches,
Egypt,all_competitions,Yasser Ibrahim,DF,33-124,4.0,321.0,80.0,89.2,3.6,4,80.0,2,0,,0,1.75,6.0,2.0,4.0,1.12,1.12,Matches,
Egypt,all_competitions,Omar Marmoush,FW,27-127,4.0,296.0,74.0,82.2,3.3,4,74.0,0,0,,0,1.75,6.0,2.0,4.0,1.22,1.22,Matches,
Egypt,all_competitions,Mostafa Shobeir,GK,26-030,4.0,281.0,70.0,78.1,3.1,4,70.0,2,0,,0,1.75,5.0,2.0,3.0,0.96,-0.18,Matches,
Egypt,all_competitions,Mohanad Lasheen,MF,30-016,4.0,294.0,74.0,81.7,3.3,3,83.0,1,1,45.0,0,1.75,3.0,2.0,1.0,0.31,-3.78,Matches,
Egypt,all_competitions,Hamdy Fathy,DF,31-258,3.0,259.0,86.0,71.9,2.9,3,86.0,1,0,,0,1.33,5.0,2.0,3.0,1.04,0.15,Matches,
Egypt,all_competitions,Ahmed Fatouh,DF,28-084,3.0,239.0,80.0,66.4,2.7,3,80.0,1,0,,1,1.33,5.0,2.0,3.0,1.13,0.39,Matches,
Egypt,all_competitions,Zizo,MF,30-155,4.0,176.0,44.0,48.9,2.0,3,57.0,0,1,6.0,0,1.75,4.0,0.0,4.0,2.05,2.05,Matches,
Egypt,all_competitions,Trézéguet,MF,31-256,4.0,168.0,42.0,46.7,1.9,3,41.0,0,1,45.0,0,1.75,4.0,1.0,3.0,1.61,1.14,Matches,
Egypt,all_competitions,Emam Ashour,MF,28-114,4.0,139.0,35.0,38.6,1.5,3,41.0,0,1,16.0,0,1.75,3.0,0.0,3.0,1.94,1.54,Matches,
Egypt,all_competitions,Islam Eissa,MF,30-133,2.0,124.0,62.0,34.4,1.4,2,62.0,0,0,,0,2.0,4.0,0.0,4.0,2.9,2.9,Matches,
Egypt,all_competitions,Haissem Hassan,MF,24-126,4.0,165.0,41.0,45.8,1.8,1,45.0,0,3,40.0,0,1.75,3.0,1.0,2.0,1.09,0.17,Matches,
Egypt,all_competitions,Mostafa Ziko,MF,29-048,2.0,132.0,66.0,36.7,1.5,1,75.0,0,1,57.0,0,1.5,2.0,2.0,0.0,0.0,-1.58,Matches,
Egypt,all_competitions,Karim Hafez,DF,30-094,2.0,106.0,53.0,29.4,1.2,1,90.0,1,1,16.0,0,1.5,1.0,0.0,1.0,0.85,-0.21,Matches,
Egypt,all_competitions,Mohamed Abdelmonem,DF,27-133,3.0,94.0,31.0,26.1,1.0,1,45.0,0,2,25.0,1,2.0,0.0,1.0,-1.0,-0.96,-2.65,Matches,
Egypt,all_competitions,Ibrahim Adel,MF,25-052,3.0,106.0,35.0,29.4,1.2,0,,0,3,35.0,1,2.0,1.0,0.0,1.0,0.85,-0.21,Matches,
Egypt,all_competitions,Mohamed El-Shenawy,GK,37-178,2.0,79.0,40.0,21.9,0.9,0,,0,2,40.0,2,3.0,1.0,0.0,1.0,1.14,0.18,Matches,
Egypt,all_competitions,Ramy Rabia,"DF,MF",33-025,2.0,78.0,39.0,21.7,0.9,0,,0,2,39.0,2,3.0,1.0,0.0,1.0,1.15,0.2,Matches,
Egypt,all_competitions,Mahmoud Saber,MF,24-319,3.0,47.0,16.0,13.1,0.5,0,,0,3,16.0,1,2.33,0.0,0.0,0.0,0.0,-1.15,Matches,
Egypt,all_competitions,Mohamed Salah,"FW,MF",33-364,1.0,45.0,45.0,12.5,0.5,0,,0,1,45.0,0,0.0,0.0,1.0,-1.0,-2.0,-3.43,Matches,
Egypt,all_competitions,Tarek Alaa,DF,24-160,3.0,35.0,12.0,9.7,0.4,0,,0,3,12.0,1,2.0,0.0,0.0,0.0,0.0,-1.11,Matches,
Egypt,all_competitions,Mostafa Mohamed,FW,28-198,1.0,33.0,33.0,9.2,0.4,0,,0,1,33.0,1,3.0,0.0,0.0,0.0,0.0,-1.1,Matches,
Egypt,all_competitions,Hossam Abdelmaguid,DF,25-045,3.0,27.0,9.0,7.5,0.3,0,,0,3,9.0,1,2.33,0.0,0.0,0.0,0.0,-1.08,Matches,
Egypt,all_competitions,Nabil Dunga,MF,30-069,1.0,19.0,19.0,5.3,0.2,0,,0,1,19.0,1,3.0,0.0,0.0,0.0,0.0,-1.06,Matches,
Egypt,all_competitions,Ahmed Nabil Koka,MF,24-345,1.0,15.0,15.0,4.2,0.2,0,,0,1,15.0,1,3.0,0.0,0.0,0.0,0.0,-1.04,Matches,
Egypt,all_competitions,Hamza Abdelkarim,FW,18-164,2.0,11.0,6.0,3.1,0.1,0,,0,2,6.0,0,1.5,0.0,0.0,0.0,0.0,-1.03,Matches,
Egypt,all_competitions,Aqtay Abdallah,FW,23-013,0.0,,,,,0,,0,0,,1,,,,,,,Matches,
Egypt,all_competitions,Mohamed Alaa,GK,27-164,0.0,,,,,0,,0,0,,4,,,,,,,Matches,
Egypt,all_competitions,El Mahdy Soliman,GK,39-006,0.0,,,,,0,,0,0,,4,,,,,,,Matches,
Egypt,all_competitions,Nasser Mansy,FW,28-210,0.0,,,,,0,,0,0,,2,,,,,,,Matches,
Egypt,all_competitions,Khaled Sobhi,DF,31-041,0.0,,,,,0,,0,0,,2,,,,,,,Matches,
Egypt,all_competitions,Squad Total,,29.3,4.0,360.0,90.0,100.0,4.0,44,71.0,11,33,26.0,26,1.75,6.0,2.0,4.0,1.0,,,
Egypt,all_competitions,Opponent Total,,27.5,4.0,360.0,90.0,100.0,4.0,44,71.0,10,34,36.0,23,1.0,2.0,6.0,-4.0,-1.0,,,
Egypt,all_competitions,Mohamed Hany,"DF,MF",30-140,13.0,"1,085",83.0,86.1,12.1,13,83.0,8,0,,1,2.31,19.0,4.0,15.0,1.24,-2.36,Matches,
Egypt,all_competitions,Trézéguet,"MF,DF",31-256,14.0,967,69.0,76.7,10.7,12,74.0,1,2,37.0,0,2.36,21.0,3.0,18.0,1.68,0.45,Matches,
Egypt,all_competitions,Marwan Attia,MF,27-306,12.0,957,80.0,76.0,10.6,11,85.0,7,1,22.0,0,2.25,18.0,4.0,14.0,1.32,-1.06,Matches,
Egypt,all_competitions,Mohamed El-Shenawy,GK,37-178,11.0,859,78.0,68.2,9.5,9,87.0,8,2,40.0,2,2.64,19.0,2.0,17.0,1.78,0.66,Matches,
Egypt,all_competitions,Mohamed Salah,"MF,FW",33-364,10.0,851,85.0,67.5,9.5,9,90.0,7,1,45.0,0,2.3,19.0,3.0,16.0,1.69,0.37,Matches,
Egypt,all_competitions,Zizo,MF,30-155,14.0,845,60.0,67.1,9.4,12,69.0,1,2,6.0,0,2.36,20.0,2.0,18.0,1.92,1.05,Matches,
Egypt,all_competitions,Hamdy Fathy,"MF,DF",31-258,11.0,805,73.0,63.9,8.9,9,82.0,4,2,32.0,0,2.36,19.0,4.0,15.0,1.68,0.29,Matches,
Egypt,all_competitions,Ramy Rabia,DF,33-025,10.0,798,80.0,63.3,8.9,8,90.0,8,2,39.0,3,2.6,13.0,2.0,11.0,1.24,-0.9,Matches,
Egypt,all_competitions,Omar Marmoush,"MF,FW",27-127,10.0,635,64.0,50.4,7.1,9,69.0,0,1,12.0,0,2.3,16.0,2.0,14.0,1.98,0.83,Matches,
Egypt,all_competitions,Mohamed Abdelmonem,DF,27-133,9.0,589,65.0,46.7,6.5,7,77.0,5,2,25.0,1,2.45,10.0,3.0,7.0,1.07,-0.94,Matches,
Egypt,all_competitions,Mostafa Mohamed,FW,28-198,11.0,555,50.0,44.0,6.2,7,69.0,1,4,18.0,1,2.64,14.0,1.0,13.0,2.11,0.96,Matches,
Egypt,all_competitions,Mohamed Hamdy,"DF,MF",31-091,6.0,510,85.0,56.7,5.7,6,85.0,5,0,,1,2.33,8.0,1.0,7.0,1.24,-1.3,Matches,
Egypt,all_competitions,Mohanad Lasheen,MF,30-016,8.0,446,56.0,35.4,5.0,4,85.0,2,4,27.0,0,2.13,5.0,2.0,3.0,0.61,-1.5,Matches,
Egypt,all_competitions,Yasser Ibrahim,DF,33-124,5.0,411,82.0,32.6,4.6,5,82.0,3,0,,3,2.0,7.0,2.0,5.0,1.09,-0.71,Matches,
Egypt,all_competitions,Ahmed Fatouh,DF,28-084,4.0,329,82.0,26.1,3.7,4,82.0,2,0,,2,1.75,11.0,2.0,9.0,2.46,1.21,Matches,
Egypt,all_competitions,Ibrahim Adel,MF,25-052,8.0,328,41.0,26.0,3.6,2,90.0,2,6,25.0,2,2.38,5.0,0.0,5.0,1.37,-0.27,Matches,
Egypt,all_competitions,Mostafa Shobeir,GK,26-030,5.0,311,62.0,24.7,3.5,4,70.0,2,1,30.0,6,2.0,6.0,2.0,4.0,1.16,-0.55,Matches,
Egypt,all_competitions,Ahmed Nabil Koka,MF,24-345,6.0,289,48.0,22.9,3.2,3,81.0,1,3,16.0,4,2.67,3.0,0.0,3.0,0.93,-0.83,Matches,
Egypt,all_competitions,Emam Ashour,MF,28-114,6.0,241,40.0,19.1,2.7,4,45.0,0,2,31.0,1,1.83,6.0,1.0,5.0,1.87,0.37,Matches,
Egypt,all_competitions,Osama Faisal,FW,25-164,4.0,234,59.0,26.0,2.6,2,74.0,0,2,44.0,2,2.5,4.0,0.0,4.0,1.54,-0.35,Matches,
Egypt,all_competitions,Khaled Sobhi,DF,31-041,3.0,187,62.0,14.8,2.1,2,90.0,2,1,7.0,5,2.33,2.0,0.0,2.0,0.96,-1.06,Matches,
Egypt,all_competitions,Mohamed Elneny,MF,33-338,2.0,180,90.0,20.0,2.0,2,90.0,2,0,,0,3.0,8.0,0.0,8.0,4.0,2.75,Matches,
Egypt,all_competitions,Haissem Hassan,MF,24-126,4.0,165,41.0,45.8,1.8,1,45.0,0,3,40.0,0,1.75,3.0,1.0,2.0,1.09,0.17,Matches,
Egypt,all_competitions,Ali Gabr,DF,37-155,2.0,135,68.0,15.0,1.5,1,90.0,1,1,45.0,0,3.0,6.0,0.0,6.0,4.0,2.59,Matches,
Egypt,all_competitions,Mostafa Ziko,MF,29-048,2.0,132,66.0,36.7,1.5,1,75.0,0,1,57.0,0,1.5,2.0,2.0,0.0,0.0,-1.58,Matches,
Egypt,all_competitions,Islam Eissa,MF,30-133,2.0,124,62.0,34.4,1.4,2,62.0,0,0,,0,2.0,4.0,0.0,4.0,2.9,2.9,Matches,
Egypt,all_competitions,Omar Kamal,DF,32-258,3.0,114,38.0,12.7,1.3,1,90.0,1,2,12.0,0,2.5,7.0,1.0,6.0,4.74,3.36,Matches,
Egypt,all_competitions,Karim Hafez,DF,30-094,2.0,106,53.0,29.4,1.2,1,90.0,1,1,16.0,0,1.5,1.0,0.0,1.0,0.85,-0.21,Matches,
Egypt,all_competitions,Ahmed Eid,MF,25-163,2.0,101,51.0,11.2,1.1,1,90.0,1,1,11.0,4,2.0,0.0,0.0,0.0,0.0,-2.03,Matches,
Egypt,all_competitions,Mahmoud Saber,MF,24-319,7.0,95,14.0,7.5,1.1,0,,0,7,14.0,3,2.71,1.0,0.0,1.0,0.95,-0.67,Matches,
Egypt,all_competitions,Mohamed Sobhy,GK,26-334,1.0,90,90.0,10.0,1.0,1,90.0,1,0,,5,3.0,1.0,0.0,1.0,1.0,-0.89,Matches,
Egypt,all_competitions,Ahmed Samy,DF,34-075,1.0,90,90.0,10.0,1.0,1,90.0,1,0,,1,3.0,6.0,0.0,6.0,6.0,4.67,Matches,
Egypt,all_competitions,Ahmed Amin Ofaa,FW,29-251,2.0,73,37.0,8.1,0.8,0,,0,2,37.0,0,2.0,1.0,1.0,0.0,0.0,-1.96,Matches,
Egypt,all_competitions,Tarek Alaa,DF,24-160,3.0,35,12.0,9.7,0.4,0,,0,3,12.0,1,2.0,0.0,0.0,0.0,0.0,-1.11,Matches,
Egypt,all_competitions,Akram Tawfik,MF,28-218,1.0,33,33.0,3.7,0.4,0,,0,1,33.0,1,3.0,0.0,0.0,0.0,0.0,-1.87,Matches,
Egypt,all_competitions,Hossam Abdelmaguid,DF,25-045,5.0,29,6.0,2.3,0.3,0,,0,5,6.0,5,2.2,0.0,0.0,0.0,0.0,-1.61,Matches,
Egypt,all_competitions,Mohamed Shehata,MF,25-126,2.0,26,13.0,2.9,0.3,0,,0,2,13.0,0,3.0,0.0,0.0,0.0,0.0,-1.85,Matches,
Egypt,all_competitions,Nabil Dunga,MF,30-069,2.0,22,11.0,1.7,0.2,0,,0,2,11.0,4,3.0,0.0,0.0,0.0,0.0,-1.6,Matches,
Egypt,all_competitions,Mahmoud Hamada,MF,32-013,1.0,22,22.0,2.4,0.2,0,,0,1,22.0,0,3.0,0.0,0.0,0.0,0.0,-1.85,Matches,
Egypt,all_competitions,Mohamed Sherif,FW,30-130,2.0,20,10.0,2.2,0.2,0,,0,2,10.0,2,3.0,1.0,0.0,1.0,4.5,2.76,Matches,
Egypt,all_competitions,Mostafa Fathi,MF,31-107,4.0,17,4.0,1.9,0.2,0,,0,4,4.0,4,3.0,1.0,0.0,1.0,5.29,3.56,Matches,
Egypt,all_competitions,Hamza Abdelkarim,FW,18-164,2.0,11,6.0,3.1,0.1,0,,0,2,6.0,0,1.5,0.0,0.0,0.0,0.0,-1.03,Matches,
Egypt,all_competitions,Naser Maher,MF,29-126,1.0,1,1.0,0.1,0.0,0,,0,1,1.0,1,1.0,0.0,0.0,0.0,0.0,-1.8,Matches,
Egypt,all_competitions,Hussein El Shahat,MF,33-358,0.0,,,,,0,,0,0,,1,,,,,,,Matches,
Egypt,all_competitions,Abdelaziz El Balouty,GK,32-157,0.0,,,,,0,,0,0,,1,,,,,,,Matches,
Egypt,all_competitions,Mohamed Awad,GK,33-343,0.0,,,,,0,,0,0,,4,,,,,,,Matches,
Egypt,all_competitions,Mohamed El Shamy,MF,30-164,0.0,,,,,0,,0,0,,1,,,,,,,Matches,
Egypt,all_competitions,Tarek Hamed,MF,37-233,0.0,,,,,0,,0,0,,1,,,,,,,Matches,
Egypt,all_competitions,Ahmed El-Shenawy,GK,35-031,0.0,,,,,0,,0,0,,2,,,,,,,Matches,
Egypt,all_competitions,Mohamed Rabiea,DF,30-040,0.0,,,,,0,,0,0,,2,,,,,,,Matches,
Egypt,all_competitions,Amr El Gazar,DF,26-267,0.0,,,,,0,,0,0,,4,,,,,,,Matches,
Egypt,all_competitions,El Mahdy Soliman,GK,39-006,0.0,,,,,0,,0,0,,4,,,,,,,Matches,
Egypt,all_competitions,Nasser Mansy,FW,28-210,0.0,,,,,0,,0,0,,2,,,,,,,Matches,
Egypt,all_competitions,Mohamed Alaa,GK,27-164,0.0,,,,,0,,0,0,,4,,,,,,,Matches,
Egypt,all_competitions,Aqtay Abdallah,FW,23-013,0.0,,,,,0,,0,0,,1,,,,,,,Matches,
England,all_competitions,Jordan Pickford,GK,32-099,3.0,197.0,66.0,55.6,2.2,3,66.0,1,0,,1,2.0,2.0,1.0,1.0,0.46,-0.69,Matches,
England,all_competitions,Elliot Anderson,MF,23-220,3.0,200.0,67.0,56.5,2.2,2,80.0,1,1,40.0,0,2.0,2.0,1.0,1.0,0.45,-0.72,Matches,
England,all_competitions,Ezri Konsa,DF,28-234,3.0,192.0,64.0,54.2,2.1,2,76.0,0,1,40.0,0,2.0,2.0,1.0,1.0,0.47,-0.64,Matches,
England,all_competitions,Anthony Gordon,MF,25-110,3.0,180.0,60.0,50.8,2.0,2,70.0,0,1,40.0,0,2.0,2.0,1.0,1.0,0.5,-0.53,Matches,
England,all_competitions,Nico O’Reilly,DF,21-085,3.0,168.0,56.0,47.5,1.9,2,64.0,0,1,40.0,0,2.0,2.0,1.0,1.0,0.54,-0.43,Matches,
England,all_competitions,Morgan Rogers,MF,23-323,3.0,163.0,54.0,46.0,1.8,2,68.0,1,1,28.0,0,2.0,3.0,1.0,2.0,1.1,0.63,Matches,
England,all_competitions,Kobbie Mainoo,MF,21-056,4.0,157.0,39.0,44.4,1.7,2,58.0,0,2,21.0,0,1.75,3.0,2.0,1.0,0.57,-0.34,Matches,
England,all_competitions,Marc Guéhi,DF,25-336,3.0,155.0,52.0,43.8,1.7,2,64.0,0,1,28.0,0,2.0,3.0,1.0,2.0,1.16,0.71,Matches,
England,all_competitions,Marcus Rashford,MF,28-226,4.0,153.0,38.0,43.2,1.7,2,57.0,0,2,20.0,0,1.75,2.0,0.0,2.0,1.18,0.73,Matches,
England,all_competitions,Djed Spence,DF,25-309,3.0,141.0,47.0,39.8,1.6,2,57.0,0,1,28.0,1,2.33,3.0,0.0,3.0,1.91,1.91,Matches,
England,all_competitions,Phil Foden,"MF,FW",26-017,2.0,113.0,57.0,31.9,1.3,2,57.0,0,0,,0,0.5,0.0,1.0,-1.0,-0.8,-2.29,Matches,
England,all_competitions,Harry Kane,FW,32-321,2.0,107.0,54.0,30.2,1.2,2,54.0,0,0,,0,3.0,2.0,0.0,2.0,1.68,1.32,Matches,
England,all_competitions,John Stones,DF,32-017,2.0,107.0,54.0,30.2,1.2,2,54.0,0,0,,1,3.0,2.0,0.0,2.0,1.68,1.32,Matches,
England,all_competitions,Noni Madueke,MF,24-096,2.0,99.0,50.0,28.0,1.1,2,50.0,0,0,,0,2.0,1.0,0.0,1.0,0.91,0.2,Matches,
England,all_competitions,Jordan Henderson,MF,35-362,2.0,90.0,45.0,25.4,1.0,2,45.0,0,0,,1,2.0,1.0,0.0,1.0,1.0,0.32,Matches,
England,all_competitions,Tino Livramento,DF,23-214,3.0,161.0,54.0,45.5,1.8,1,90.0,1,2,36.0,1,1.33,1.0,1.0,0.0,0.0,-1.4,Matches,
England,all_competitions,James Trafford,GK,23-247,2.0,130.0,65.0,36.7,1.4,1,90.0,1,1,40.0,2,2.0,1.0,1.0,0.0,0.0,-1.21,Matches,
England,all_competitions,Jude Bellingham,MF,22-350,2.0,110.0,55.0,31.1,1.2,1,70.0,0,1,40.0,1,3.0,2.0,0.0,2.0,1.64,1.27,Matches,
England,all_competitions,Reece James,DF,26-188,2.0,102.0,51.0,28.8,1.1,1,62.0,0,1,40.0,0,3.0,1.0,0.0,1.0,0.88,0.17,Matches,
England,all_competitions,Harry Maguire,DF,33-101,2.0,98.0,49.0,27.7,1.1,1,90.0,1,1,8.0,0,0.5,1.0,1.0,0.0,0.0,-1.05,Matches,
England,all_competitions,Cole Palmer,MF,24-039,2.0,93.0,47.0,26.3,1.0,1,58.0,0,1,35.0,0,0.5,1.0,2.0,-1.0,-0.97,-2.35,Matches,
England,all_competitions,James Garner,MF,25-093,2.0,88.0,44.0,24.9,1.0,1,68.0,0,1,20.0,0,0.5,0.0,0.0,0.0,0.0,-1.02,Matches,
England,all_competitions,Dominic Solanke,FW,28-273,2.0,87.0,44.0,24.6,1.0,1,55.0,0,1,32.0,0,0.5,0.0,0.0,0.0,0.0,-1.01,Matches,
England,all_competitions,Ben White,DF,28-249,2.0,81.0,41.0,22.9,0.9,1,59.0,0,1,22.0,0,0.5,1.0,2.0,-1.0,-1.11,-2.43,Matches,
England,all_competitions,Fikayo Tomori,DF,28-177,1.0,68.0,68.0,19.2,0.8,1,68.0,0,0,,0,1.0,0.0,0.0,0.0,0.0,-0.94,Matches,
England,all_competitions,Jarell Quansah,DF,23-136,2.0,65.0,33.0,18.4,0.7,1,45.0,0,1,20.0,0,3.0,2.0,0.0,2.0,2.77,2.46,Matches,
England,all_competitions,Ollie Watkins,MF,30-166,2.0,65.0,33.0,18.4,0.7,1,45.0,0,1,20.0,0,3.0,2.0,0.0,2.0,2.77,2.46,Matches,
England,all_competitions,Declan Rice,MF,27-151,1.0,62.0,62.0,17.5,0.7,1,62.0,0,0,,0,3.0,1.0,0.0,1.0,1.45,0.84,Matches,
England,all_competitions,Jarrod Bowen,"FW,MF",29-176,2.0,85.0,43.0,24.0,0.9,0,,0,2,43.0,0,0.5,1.0,1.0,0.0,0.0,-1.0,Matches,
England,all_competitions,Dan Burn,DF,34-036,3.0,68.0,23.0,19.2,0.8,0,,0,3,23.0,0,2.0,1.0,0.0,1.0,1.32,0.69,Matches,
England,all_competitions,Lewis Hall,"DF,MF",21-279,2.0,54.0,27.0,15.3,0.6,0,,0,2,27.0,0,0.5,1.0,1.0,0.0,0.0,-0.9,Matches,
England,all_competitions,Adam Wharton,MF,22-128,1.0,45.0,45.0,12.7,0.5,0,,0,1,45.0,0,1.0,1.0,1.0,0.0,0.0,-0.87,Matches,
England,all_competitions,Rio Ngumoha,FW,17-289,1.0,40.0,40.0,11.3,0.4,0,,0,1,40.0,0,3.0,0.0,0.0,0.0,0.0,-0.86,Matches,
England,all_competitions,Ivan Toney,FW,30-090,1.0,40.0,40.0,11.3,0.4,0,,0,1,40.0,1,3.0,0.0,0.0,0.0,0.0,-0.86,Matches,
England,all_competitions,Dominic Calvert-Lewin,"FW,MF",29-090,1.0,35.0,35.0,9.9,0.4,0,,0,1,35.0,0,1.0,1.0,1.0,0.0,0.0,-0.85,Matches,
England,all_competitions,Eberechi Eze,"FW,MF",27-350,1.0,28.0,28.0,7.9,0.3,0,,0,1,28.0,0,3.0,2.0,0.0,2.0,6.43,6.15,Matches,
England,all_competitions,Dean Henderson,GK,29-094,1.0,28.0,28.0,7.9,0.3,0,,0,1,28.0,2,3.0,2.0,0.0,2.0,6.43,6.15,Matches,
England,all_competitions,Bukayo Saka,"FW,MF",24-282,1.0,28.0,28.0,7.9,0.3,0,,0,1,28.0,0,3.0,2.0,0.0,2.0,6.43,6.15,Matches,
England,all_competitions,Harvey Barnes,"FW,MF",28-187,1.0,22.0,22.0,6.2,0.2,0,,0,1,22.0,1,1.0,1.0,1.0,0.0,0.0,-0.81,Matches,
England,all_competitions,Joshua King,MF,19-162,0.0,,,,,0,,0,0,,1,,,,,,,Matches,
England,all_competitions,Ethan Nwaneri,MF,19-085,0.0,,,,,0,,0,0,,1,,,,,,,Matches,
England,all_competitions,Aaron Ramsdale,GK,28-031,0.0,,,,,0,,0,0,,1,,,,,,,Matches,
England,all_competitions,Alex Scott,MF,22-297,0.0,,,,,0,,0,0,,1,,,,,,,Matches,
England,all_competitions,Jason Steele,GK,35-300,0.0,,,,,0,,0,0,,2,,,,,,,Matches,
England,all_competitions,Squad Total,,26.7,4.0,354.0,89.0,100.0,3.9,44,63.0,6,38,30.0,18,1.75,5.0,2.0,3.0,0.76,,,
England,all_competitions,Opponent Total,,27.9,4.0,354.0,89.0,100.0,3.9,44,63.0,13,31,18.0,22,1.0,2.0,5.0,-3.0,-0.76,,,
England,all_competitions,Harry Kane,FW,32.0,8.0,679.0,85.0,94.3,7.5,8,85.0,6,0,,0,3.0,20.0,0.0,20.0,2.65,-1.74,Matches,
England,all_competitions,Jordan Pickford,GK,31.0,7.0,630.0,90.0,87.5,7.0,7,90.0,7,0,,1,3.0,20.0,0.0,20.0,2.86,0.86,Matches,
England,all_competitions,Declan Rice,MF,27.0,8.0,502.0,63.0,69.7,5.6,7,70.0,0,1,11.0,0,3.0,16.0,0.0,16.0,2.87,0.39,Matches,
England,all_competitions,Ezri Konsa,DF,28.0,7.0,555.0,79.0,77.1,6.2,6,90.0,6,1,15.0,0,3.0,18.0,0.0,18.0,2.92,0.74,Matches,
England,all_competitions,Morgan Rogers,"MF,DF",23.0,8.0,428.0,54.0,59.4,4.8,5,76.0,2,3,15.0,0,3.0,15.0,0.0,15.0,3.15,1.0,Matches,
England,all_competitions,Reece James,DF,26.0,6.0,406.0,68.0,56.4,4.5,5,81.0,3,1,1.0,1,3.0,11.0,0.0,11.0,2.44,-0.71,Matches,
England,all_competitions,Dan Burn,DF,33.0,5.0,380.0,76.0,52.8,4.2,4,90.0,4,1,20.0,3,3.0,8.0,0.0,8.0,1.89,-1.81,Matches,
England,all_competitions,Elliot Anderson,MF,23.0,5.0,370.0,74.0,51.4,4.1,4,89.0,3,1,16.0,0,3.0,14.0,0.0,14.0,3.41,1.35,Matches,
England,all_competitions,Jude Bellingham,MF,22.0,5.0,354.0,71.0,49.2,3.9,4,82.0,1,1,26.0,0,3.0,7.0,0.0,7.0,1.78,-1.91,Matches,
England,all_competitions,Myles Lewis-Skelly,DF,19.0,4.0,347.0,87.0,48.2,3.9,4,87.0,2,0,,1,3.0,12.0,0.0,12.0,3.11,0.7,Matches,
England,all_competitions,Marcus Rashford,MF,28.0,7.0,340.0,49.0,47.2,3.8,4,70.0,0,3,20.0,0,3.0,11.0,0.0,11.0,2.91,0.31,Matches,
England,all_competitions,Marc Guéhi,DF,25.0,3.0,255.0,85.0,35.4,2.8,3,85.0,2,0,,2,3.0,10.0,0.0,10.0,3.53,1.21,Matches,
England,all_competitions,Noni Madueke,MF,23.0,3.0,255.0,85.0,35.4,2.8,3,85.0,2,0,,0,3.0,7.0,0.0,7.0,2.47,-0.43,Matches,
England,all_competitions,John Stones,DF,31.0,3.0,250.0,83.0,34.7,2.8,3,83.0,2,0,,0,3.0,8.0,0.0,8.0,2.88,0.2,Matches,
England,all_competitions,Eberechi Eze,"MF,FW",27.0,6.0,252.0,42.0,35.0,2.8,2,69.0,0,4,29.0,2,3.0,6.0,0.0,6.0,2.14,-0.93,Matches,
England,all_competitions,Jarrod Bowen,"MF,FW",29.0,5.0,197.0,39.0,27.4,2.2,2,67.0,0,3,21.0,2,3.0,5.0,0.0,5.0,2.28,-0.64,Matches,
England,all_competitions,Anthony Gordon,"MF,FW",24.0,5.0,188.0,38.0,26.1,2.1,2,69.0,0,3,17.0,0,3.0,8.0,0.0,8.0,3.83,1.46,Matches,
England,all_competitions,Nico O’Reilly,DF,20.0,2.0,180.0,90.0,25.0,2.0,2,90.0,2,0,,1,3.0,4.0,0.0,4.0,2.0,-1.0,Matches,
England,all_competitions,Bukayo Saka,"MF,FW",24.0,3.0,178.0,59.0,24.7,2.0,2,75.0,1,1,29.0,0,3.0,8.0,0.0,8.0,4.04,1.72,Matches,
England,all_competitions,Curtis Jones,MF,25.0,3.0,164.0,55.0,22.8,1.8,2,76.0,0,1,12.0,0,3.0,2.0,0.0,2.0,1.1,-2.14,Matches,
England,all_competitions,Phil Foden,MF,25.0,4.0,152.0,38.0,21.1,1.7,1,73.0,0,3,26.0,0,3.0,6.0,0.0,6.0,3.55,1.02,Matches,
England,all_competitions,Jordan Henderson,MF,35.0,6.0,152.0,25.0,21.1,1.7,1,64.0,0,5,18.0,2,3.0,4.0,0.0,4.0,2.37,-0.48,Matches,
England,all_competitions,Djed Spence,DF,25.0,2.0,113.0,57.0,15.7,1.3,1,90.0,1,1,23.0,3,3.0,7.0,0.0,7.0,5.58,3.35,Matches,
England,all_competitions,Tino Livramento,DF,23.0,2.0,112.0,56.0,15.6,1.2,1,90.0,1,1,22.0,1,3.0,5.0,0.0,5.0,4.02,1.5,Matches,
England,all_competitions,Kyle Walker,DF,35.0,2.0,102.0,51.0,14.2,1.1,1,90.0,1,1,12.0,1,3.0,2.0,0.0,2.0,1.76,-1.15,Matches,
England,all_competitions,Dean Henderson,GK,28.0,1.0,90.0,90.0,12.5,1.0,1,90.0,1,0,,7,3.0,2.0,0.0,2.0,2.0,-0.86,Matches,
England,all_competitions,Jarell Quansah,DF,23.0,1.0,90.0,90.0,12.5,1.0,1,90.0,1,0,,3,3.0,2.0,0.0,2.0,2.0,-0.86,Matches,
England,all_competitions,Adam Wharton,MF,21.0,2.0,80.0,40.0,11.1,0.9,1,74.0,0,1,6.0,0,3.0,2.0,0.0,2.0,2.25,-0.56,Matches,
England,all_competitions,Cole Palmer,MF,23.0,1.0,64.0,64.0,8.9,0.7,1,64.0,0,0,,0,3.0,1.0,0.0,1.0,1.41,-1.47,Matches,
England,all_competitions,Trent Alexander-Arnold,"DF,MF",27.0,1.0,26.0,26.0,3.6,0.3,0,,0,1,26.0,0,3.0,0.0,0.0,0.0,0.0,-2.85,Matches,
England,all_competitions,Ollie Watkins,"FW,MF",30.0,1.0,15.0,15.0,2.1,0.2,0,,0,1,15.0,1,3.0,1.0,0.0,1.0,6.0,3.32,Matches,
England,all_competitions,Morgan Gibbs-White,"FW,MF",26.0,2.0,14.0,7.0,1.9,0.2,0,,0,2,7.0,3,3.0,0.0,0.0,0.0,0.0,-2.8,Matches,
England,all_competitions,Trevoh Chalobah,"DF,MF",26.0,0.0,,,,,0,,0,0,,3,,,,,,,Matches,
England,all_competitions,Levi Colwill,DF,22.0,0.0,,,,,0,,0,0,,3,,,,,,,Matches,
England,all_competitions,Ruben Loftus-Cheek,MF,30.0,0.0,,,,,0,,0,0,,3,,,,,,,Matches,
England,all_competitions,Alex Scott,MF,22.0,0.0,,,,,0,,0,0,,1,,,,,,,Matches,
England,all_competitions,Dominic Solanke,FW,28.0,0.0,,,,,0,,0,0,,2,,,,,,,Matches,
England,all_competitions,Ivan Toney,FW,29.0,0.0,,,,,0,,0,0,,1,,,,,,,Matches,
England,all_competitions,James Trafford,GK,23.0,0.0,,,,,0,,0,0,,8,,,,,,,Matches,
England,all_competitions,Squad Total,,27.3,8.0,720.0,90.0,100.0,8.0,88,82.0,48,40,19.0,55,3.0,22.0,0.0,22.0,2.75,,,
England,all_competitions,Opponent Total,,27.8,8.0,720.0,90.0,100.0,8.0,88,82.0,50,37,22.0,58,0.0,0.0,22.0,-22.0,-2.75,,,
England,all_competitions,Jordan Pickford,GK,32-099,10.0,827.0,83.0,77.0,9.2,10,83.0,8,0,,2,2.7,22.0,1.0,21.0,2.29,0.83,Matches,
England,all_competitions,Harry Kane,FW,32-321,10.0,786.0,79.0,73.2,8.7,10,79.0,6,0,,0,3.0,22.0,0.0,22.0,2.52,1.58,Matches,
England,all_competitions,Ezri Konsa,DF,28-234,10.0,747.0,75.0,69.6,8.3,8,87.0,6,2,28.0,0,2.7,20.0,1.0,19.0,2.29,0.64,Matches,
England,all_competitions,Morgan Rogers,"MF,DF",23-323,11.0,591.0,54.0,55.0,6.6,7,74.0,3,4,19.0,0,2.73,18.0,1.0,17.0,2.59,1.1,Matches,
England,all_competitions,Elliot Anderson,MF,23-220,8.0,570.0,71.0,53.1,6.3,6,86.0,4,2,28.0,0,2.63,16.0,1.0,15.0,2.37,0.58,Matches,
England,all_competitions,Declan Rice,MF,27-151,9.0,564.0,63.0,52.5,6.3,8,69.0,0,1,11.0,0,3.0,17.0,0.0,17.0,2.71,1.3,Matches,
England,all_competitions,Reece James,DF,26-188,8.0,508.0,64.0,47.3,5.6,6,78.0,3,2,21.0,1,3.0,12.0,0.0,12.0,2.13,0.06,Matches,
England,all_competitions,Marcus Rashford,MF,28-226,11.0,493.0,45.0,45.9,5.5,6,66.0,0,5,20.0,0,2.55,13.0,0.0,13.0,2.37,0.51,Matches,
England,all_competitions,Jude Bellingham,MF,22-350,7.0,464.0,66.0,43.2,5.2,5,80.0,1,2,33.0,1,3.0,9.0,0.0,9.0,1.75,-0.61,Matches,
England,all_competitions,Dan Burn,DF,34-036,8.0,448.0,56.0,41.7,5.0,4,90.0,4,4,22.0,3,2.63,9.0,0.0,9.0,1.81,-0.49,Matches,
England,all_competitions,Marc Guéhi,DF,25-336,6.0,410.0,68.0,38.2,4.6,5,76.0,2,1,28.0,2,2.5,13.0,1.0,12.0,2.63,0.87,Matches,
England,all_competitions,Anthony Gordon,"MF,FW",25-110,8.0,368.0,46.0,34.3,4.1,4,69.0,0,4,23.0,0,2.63,10.0,1.0,9.0,2.2,0.16,Matches,
England,all_competitions,John Stones,DF,32-017,5.0,357.0,71.0,33.2,4.0,5,71.0,2,0,,1,3.0,10.0,0.0,10.0,2.52,0.64,Matches,
England,all_competitions,Noni Madueke,MF,24-096,5.0,354.0,71.0,33.0,3.9,5,71.0,2,0,,0,2.6,8.0,0.0,8.0,2.03,-0.09,Matches,
England,all_competitions,Nico O’Reilly,DF,21-085,5.0,348.0,70.0,32.4,3.9,4,77.0,2,1,40.0,1,2.4,6.0,1.0,5.0,1.29,-1.19,Matches,
England,all_competitions,Myles Lewis-Skelly,DF,19-261,4.0,347.0,87.0,48.2,3.9,4,87.0,2,0,,1,3.0,12.0,0.0,12.0,3.11,0.7,Matches,
England,all_competitions,Jarrod Bowen,"MF,FW",29-176,7.0,282.0,40.0,26.3,3.1,2,67.0,0,5,30.0,2,2.29,6.0,1.0,5.0,1.6,-0.68,Matches,
England,all_competitions,Eberechi Eze,"MF,FW",27-350,7.0,280.0,40.0,26.1,3.1,2,69.0,0,5,28.0,2,3.0,8.0,0.0,8.0,2.57,0.64,Matches,
England,all_competitions,Tino Livramento,DF,23-214,5.0,273.0,55.0,25.4,3.0,2,90.0,2,3,31.0,2,2.0,6.0,1.0,5.0,1.65,-0.6,Matches,
England,all_competitions,Phil Foden,MF,26-017,6.0,265.0,44.0,24.7,2.9,3,62.0,0,3,26.0,0,2.17,6.0,1.0,5.0,1.7,-0.53,Matches,
England,all_competitions,Djed Spence,DF,25-309,5.0,254.0,51.0,23.6,2.8,3,68.0,1,2,26.0,4,2.6,10.0,0.0,10.0,3.54,1.9,Matches,
England,all_competitions,Jordan Henderson,MF,35-362,8.0,242.0,30.0,22.5,2.7,3,51.0,0,5,18.0,3,2.75,5.0,0.0,5.0,1.86,-0.3,Matches,
England,all_competitions,Bukayo Saka,"MF,FW",24-282,4.0,206.0,52.0,19.2,2.3,2,75.0,1,2,29.0,0,3.0,10.0,0.0,10.0,4.37,2.81,Matches,
England,all_competitions,Curtis Jones,MF,25-135,3.0,164.0,55.0,22.8,1.8,2,76.0,0,1,12.0,0,3.0,2.0,0.0,2.0,1.1,-2.14,Matches,
England,all_competitions,Cole Palmer,MF,24-039,3.0,157.0,52.0,14.6,1.7,2,61.0,0,1,35.0,0,1.33,2.0,2.0,0.0,0.0,-2.45,Matches,
England,all_competitions,Kobbie Mainoo,MF,21-056,4.0,157.0,39.0,44.4,1.7,2,58.0,0,2,21.0,0,1.75,3.0,2.0,1.0,0.57,-0.34,Matches,
England,all_competitions,Jarell Quansah,DF,23-136,3.0,155.0,52.0,14.4,1.7,2,68.0,1,1,20.0,3,3.0,4.0,0.0,4.0,2.32,0.27,Matches,
England,all_competitions,James Trafford,GK,23-247,2.0,130.0,65.0,12.1,1.4,1,90.0,1,1,40.0,10,2.0,1.0,1.0,0.0,0.0,-1.21,Matches,
England,all_competitions,Adam Wharton,MF,22-128,3.0,125.0,42.0,11.6,1.4,1,74.0,0,2,26.0,0,2.33,3.0,1.0,2.0,1.44,-0.74,Matches,
England,all_competitions,Dean Henderson,GK,29-094,2.0,118.0,59.0,11.0,1.3,1,90.0,1,1,28.0,9,3.0,4.0,0.0,4.0,3.05,1.07,Matches,
England,all_competitions,Kyle Walker,DF,36-017,2.0,102.0,51.0,14.2,1.1,1,90.0,1,1,12.0,1,3.0,2.0,0.0,2.0,1.76,-1.15,Matches,
England,all_competitions,Harry Maguire,DF,33-101,2.0,98.0,49.0,27.7,1.1,1,90.0,1,1,8.0,0,0.5,1.0,1.0,0.0,0.0,-1.05,Matches,
England,all_competitions,James Garner,MF,25-093,2.0,88.0,44.0,24.9,1.0,1,68.0,0,1,20.0,0,0.5,0.0,0.0,0.0,0.0,-1.02,Matches,
England,all_competitions,Dominic Solanke,FW,28-273,2.0,87.0,44.0,8.1,1.0,1,55.0,0,1,32.0,2,0.5,0.0,0.0,0.0,0.0,-1.01,Matches,
England,all_competitions,Ben White,DF,28-249,2.0,81.0,41.0,22.9,0.9,1,59.0,0,1,22.0,0,0.5,1.0,2.0,-1.0,-1.11,-2.43,Matches,
England,all_competitions,Ollie Watkins,"FW,MF",30-166,3.0,80.0,27.0,7.4,0.9,1,45.0,0,2,18.0,1,3.0,3.0,0.0,3.0,3.38,1.38,Matches,
England,all_competitions,Fikayo Tomori,DF,28-177,1.0,68.0,68.0,19.2,0.8,1,68.0,0,0,,0,1.0,0.0,0.0,0.0,0.0,-0.94,Matches,
England,all_competitions,Lewis Hall,"DF,MF",21-279,2.0,54.0,27.0,15.3,0.6,0,,0,2,27.0,0,0.5,1.0,1.0,0.0,0.0,-0.9,Matches,
England,all_competitions,Rio Ngumoha,FW,17-289,1.0,40.0,40.0,11.3,0.4,0,,0,1,40.0,0,3.0,0.0,0.0,0.0,0.0,-0.86,Matches,
England,all_competitions,Ivan Toney,FW,30-090,1.0,40.0,40.0,3.7,0.4,0,,0,1,40.0,2,3.0,0.0,0.0,0.0,0.0,-0.86,Matches,
England,all_competitions,Dominic Calvert-Lewin,"FW,MF",29-090,1.0,35.0,35.0,9.9,0.4,0,,0,1,35.0,0,1.0,1.0,1.0,0.0,0.0,-0.85,Matches,
England,all_competitions,Trent Alexander-Arnold,"DF,MF",27-250,1.0,26.0,26.0,3.6,0.3,0,,0,1,26.0,0,3.0,0.0,0.0,0.0,0.0,-2.85,Matches,
England,all_competitions,Harvey Barnes,"FW,MF",28-187,1.0,22.0,22.0,6.2,0.2,0,,0,1,22.0,1,1.0,1.0,1.0,0.0,0.0,-0.81,Matches,
England,all_competitions,Morgan Gibbs-White,"FW,MF",26-138,2.0,14.0,7.0,1.9,0.2,0,,0,2,7.0,3,3.0,0.0,0.0,0.0,0.0,-2.8,Matches,
England,all_competitions,Trevoh Chalobah,"DF,MF",26-344,0.0,,,,,0,,0,0,,3,,,,,,,Matches,
England,all_competitions,Levi Colwill,DF,23-108,0.0,,,,,0,,0,0,,3,,,,,,,Matches,
England,all_competitions,Ruben Loftus-Cheek,MF,30-142,0.0,,,,,0,,0,0,,3,,,,,,,Matches,
England,all_competitions,Alex Scott,MF,22-297,0.0,,,,,0,,0,0,,2,,,,,,,Matches,
England,all_competitions,Jason Steele,GK,35-300,0.0,,,,,0,,0,0,,2,,,,,,,Matches,
England,all_competitions,Aaron Ramsdale,GK,28-031,0.0,,,,,0,,0,0,,1,,,,,,,Matches,
England,all_competitions,Ethan Nwaneri,MF,19-085,0.0,,,,,0,,0,0,,1,,,,,,,Matches,
England,all_competitions,Joshua King,MF,19-162,0.0,,,,,0,,0,0,,1,,,,,,,Matches,
France,all_competitions,Mike Maignan,GK,30-346,3.0,270.0,90.0,75.0,3.0,3,90.0,3,0,,1,2.0,6.0,4.0,2.0,0.67,-1.33,Matches,
France,all_competitions,Adrien Rabiot,MF,31-072,3.0,245.0,82.0,68.1,2.7,3,82.0,1,0,,1,2.0,6.0,3.0,3.0,1.1,0.32,Matches,
France,all_competitions,Michael Olise,MF,24-184,4.0,228.0,57.0,63.3,2.5,3,72.0,0,1,13.0,0,2.25,6.0,2.0,4.0,1.58,1.58,Matches,
France,all_competitions,Kylian Mbappé,FW,27-176,4.0,213.0,53.0,59.2,2.4,3,67.0,1,1,13.0,0,2.25,6.0,1.0,5.0,2.11,2.72,Matches,
France,all_competitions,Theo Hernández,DF,28-251,3.0,196.0,65.0,54.4,2.2,3,65.0,1,0,,1,2.0,5.0,1.0,4.0,1.84,1.84,Matches,
France,all_competitions,Dayot Upamecano,DF,27-230,3.0,189.0,63.0,52.5,2.1,3,63.0,1,0,,0,2.0,5.0,1.0,4.0,1.9,1.9,Matches,
France,all_competitions,Aurélien Tchouaméni,MF,26-138,3.0,183.0,61.0,50.8,2.0,3,61.0,0,0,,1,2.0,5.0,1.0,4.0,1.97,1.97,Matches,
France,all_competitions,Marcus Thuram,"MF,FW",28-312,3.0,190.0,63.0,52.8,2.1,2,83.0,0,1,25.0,1,2.0,4.0,4.0,0.0,0.0,-2.12,Matches,
France,all_competitions,Rayan Cherki,MF,22-301,3.0,183.0,61.0,50.8,2.0,2,77.0,0,1,29.0,1,2.0,5.0,3.0,2.0,0.98,-0.03,Matches,
France,all_competitions,Ibrahima Konaté,DF,27-020,2.0,156.0,78.0,43.3,1.7,2,78.0,1,0,,2,1.5,3.0,2.0,1.0,0.58,-0.75,Matches,
France,all_competitions,Désiré Doué,MF,21-011,3.0,148.0,49.0,41.1,1.6,2,62.0,0,1,25.0,1,3.0,5.0,1.0,4.0,2.43,2.43,Matches,
France,all_competitions,Ousmane Dembélé,MF,29-030,2.0,118.0,59.0,32.8,1.3,2,59.0,0,0,,2,3.0,3.0,0.0,3.0,2.29,1.92,Matches,
France,all_competitions,Jules Koundé,DF,27-214,2.0,111.0,56.0,30.8,1.2,2,56.0,0,0,,0,1.5,2.0,1.0,1.0,0.81,-0.27,Matches,
France,all_competitions,Maxence Lacroix,DF,26-069,4.0,213.0,53.0,59.2,2.4,1,90.0,1,3,41.0,0,2.25,6.0,5.0,1.0,0.42,-1.41,Matches,
France,all_competitions,N'Golo Kanté,MF,35-077,4.0,169.0,42.0,46.9,1.9,1,90.0,1,3,26.0,0,2.25,4.0,4.0,0.0,0.0,-1.88,Matches,
France,all_competitions,Lucas Digne,DF,32-329,3.0,164.0,55.0,45.6,1.8,1,90.0,1,2,37.0,1,2.0,4.0,4.0,0.0,0.0,-1.84,Matches,
France,all_competitions,Malo Gusto,DF,23-026,3.0,158.0,53.0,43.9,1.8,1,89.0,0,2,35.0,1,2.0,4.0,3.0,1.0,0.57,-0.77,Matches,
France,all_competitions,Maghnes Akliouche,MF,24-109,4.0,117.0,29.0,32.5,1.3,1,62.0,0,3,18.0,0,2.25,3.0,2.0,1.0,0.77,-0.34,Matches,
France,all_competitions,Lucas Hernández,DF,30-120,2.0,114.0,57.0,31.7,1.3,1,90.0,1,1,24.0,2,1.5,3.0,2.0,1.0,0.79,-0.31,Matches,
France,all_competitions,Hugo Ekitike,MF,23-359,2.0,93.0,47.0,25.8,1.0,1,65.0,0,1,28.0,0,3.0,2.0,1.0,1.0,0.97,-0.04,Matches,
France,all_competitions,Pierre Kalulu,DF,26-009,2.0,91.0,46.0,25.3,1.0,1,90.0,1,1,1.0,0,3.0,3.0,1.0,2.0,1.98,1.31,Matches,
France,all_competitions,Brice Samba,GK,32-050,1.0,90.0,90.0,25.0,1.0,1,90.0,1,0,,3,3.0,3.0,1.0,2.0,2.0,1.33,Matches,
France,all_competitions,Warren Zaïre-Emery,MF,20-098,2.0,76.0,38.0,21.1,0.8,1,63.0,0,1,13.0,2,1.5,3.0,1.0,2.0,2.37,1.73,Matches,
France,all_competitions,William Saliba,DF,25-082,1.0,45.0,45.0,12.5,0.5,1,45.0,0,0,,1,3.0,1.0,0.0,1.0,2.0,1.14,Matches,
France,all_competitions,Jean-Philippe Mateta,FW,28-351,1.0,45.0,45.0,12.5,0.5,0,,0,1,45.0,1,0.0,0.0,2.0,-2.0,-4.0,-5.71,Matches,
France,all_competitions,Manu Koné,MF,25-028,2.0,33.0,17.0,9.2,0.4,0,,0,2,17.0,0,1.5,0.0,1.0,-1.0,-2.73,-4.1,Matches,
France,all_competitions,Bradley Barcola,"FW,MF",23-285,2.0,31.0,16.0,8.6,0.3,0,,0,2,16.0,0,1.5,1.0,1.0,0.0,0.0,-1.09,Matches,
France,all_competitions,Randal Kolo Muani,"FW,MF",27-191,1.0,28.0,28.0,7.8,0.3,0,,0,1,28.0,1,3.0,0.0,1.0,-1.0,-3.21,-4.57,Matches,
France,all_competitions,Eduardo Camavinga,"DF,MF",23-216,1.0,27.0,27.0,7.5,0.3,0,,0,1,27.0,1,3.0,0.0,1.0,-1.0,-3.33,-4.68,Matches,
France,all_competitions,Lucas Chevalier,GK,24-220,0.0,,,,,0,,0,0,,2,,,,,,,Matches,
France,all_competitions,Robin Risser,GK,21-194,0.0,,,,,0,,0,0,,2,,,,,,,Matches,
France,all_competitions,Squad Total,,27.5,4.0,360.0,90.0,100.0,4.0,44,72.0,14,29,25.0,28,2.25,9.0,5.0,4.0,1.0,,,
France,all_competitions,Opponent Total,,26.8,4.0,360.0,90.0,100.0,4.0,44,72.0,21,24,27.0,29,0.75,5.0,9.0,-4.0,-1.0,,,
France,all_competitions,Mike Maignan,GK,30.0,5.0,450.0,90.0,83.3,5.0,5,90.0,5,0,,1,2.6,13.0,3.0,10.0,2.0,0.0,Matches,
France,all_competitions,Dayot Upamecano,DF,27.0,5.0,450.0,90.0,83.3,5.0,5,90.0,5,0,,1,2.6,13.0,3.0,10.0,2.0,0.0,Matches,
France,all_competitions,Michael Olise,MF,24.0,5.0,425.0,85.0,78.7,4.7,5,85.0,1,0,,1,2.6,12.0,3.0,9.0,1.91,-0.44,Matches,
France,all_competitions,Kylian Mbappé,FW,27.0,4.0,352.0,88.0,65.2,3.9,4,88.0,3,0,,0,3.0,10.0,1.0,9.0,2.3,0.86,Matches,
France,all_competitions,Manu Koné,MF,24.0,4.0,349.0,87.0,64.6,3.9,4,87.0,3,0,,1,2.5,8.0,3.0,5.0,1.29,-2.01,Matches,
France,all_competitions,Jules Koundé,DF,27.0,4.0,329.0,82.0,60.9,3.7,4,82.0,1,0,,2,2.5,10.0,3.0,7.0,1.91,-0.22,Matches,
France,all_competitions,Lucas Digne,DF,32.0,3.0,270.0,90.0,50.0,3.0,3,90.0,3,0,,3,2.33,8.0,2.0,6.0,2.0,0.0,Matches,
France,all_competitions,Theo Hernández,DF,28.0,3.0,270.0,90.0,50.0,3.0,3,90.0,3,0,,3,3.0,8.0,2.0,6.0,2.0,0.0,Matches,
France,all_competitions,Ibrahima Konaté,DF,26.0,3.0,270.0,90.0,50.0,3.0,3,90.0,3,0,,2,3.0,7.0,2.0,5.0,1.67,-0.67,Matches,
France,all_competitions,William Saliba,DF,24.0,3.0,270.0,90.0,50.0,3.0,3,90.0,3,0,,1,2.33,9.0,2.0,7.0,2.33,0.67,Matches,
France,all_competitions,Bradley Barcola,MF,23.0,4.0,215.0,54.0,39.8,2.4,3,68.0,0,1,12.0,0,3.0,4.0,1.0,3.0,1.26,-1.24,Matches,
France,all_competitions,Malo Gusto,DF,22.0,5.0,211.0,42.0,39.1,2.3,2,90.0,2,3,10.0,1,3.0,6.0,1.0,5.0,2.13,0.22,Matches,
France,all_competitions,Hugo Ekitike,"MF,FW",23.0,6.0,204.0,34.0,37.8,2.3,2,84.0,1,4,9.0,0,2.67,8.0,1.0,7.0,3.09,1.75,Matches,
France,all_competitions,Khéphren Thuram,MF,24.0,3.0,196.0,65.0,36.3,2.2,2,90.0,2,1,16.0,3,2.33,6.0,1.0,5.0,2.3,0.46,Matches,
France,all_competitions,Jean-Philippe Mateta,FW,28.0,3.0,178.0,59.0,33.0,2.0,2,83.0,0,1,12.0,1,2.33,6.0,3.0,3.0,1.52,-0.72,Matches,
France,all_competitions,Aurélien Tchouaméni,MF,26.0,2.0,157.0,79.0,29.1,1.7,2,79.0,1,0,,0,3.0,4.0,1.0,3.0,1.72,-0.4,Matches,
France,all_competitions,Christopher Nkunku,MF,28.0,4.0,148.0,37.0,27.4,1.6,2,67.0,0,2,7.0,0,2.5,6.0,3.0,3.0,1.82,-0.24,Matches,
France,all_competitions,Maghnes Akliouche,MF,23.0,5.0,133.0,27.0,24.6,1.5,1,61.0,0,4,18.0,1,2.6,8.0,2.0,6.0,4.06,2.73,Matches,
France,all_competitions,Kingsley Coman,MF,29.0,3.0,123.0,41.0,22.8,1.4,1,78.0,0,2,23.0,0,2.33,2.0,0.0,2.0,1.46,-0.69,Matches,
France,all_competitions,Adrien Rabiot,MF,30.0,3.0,105.0,35.0,19.4,1.2,1,69.0,0,2,18.0,1,3.0,3.0,0.0,3.0,2.57,0.71,Matches,
France,all_competitions,Warren Zaïre-Emery,MF,19.0,2.0,101.0,51.0,18.7,1.1,1,90.0,1,1,11.0,0,3.0,5.0,1.0,4.0,3.56,1.92,Matches,
France,all_competitions,Florian Thauvin,MF,33.0,3.0,100.0,33.0,18.5,1.1,1,63.0,0,2,19.0,0,2.33,2.0,1.0,1.0,0.9,-1.35,Matches,
France,all_competitions,Rayan Cherki,MF,22.0,2.0,96.0,48.0,17.8,1.1,1,67.0,0,1,29.0,0,3.0,1.0,0.0,1.0,0.94,-1.29,Matches,
France,all_competitions,Eduardo Camavinga,MF,23.0,2.0,95.0,48.0,17.6,1.1,1,74.0,0,1,21.0,0,2.0,3.0,2.0,1.0,0.95,-1.28,Matches,
France,all_competitions,Lucas Chevalier,GK,24.0,1.0,90.0,90.0,16.7,1.0,1,90.0,1,0,,5,3.0,3.0,1.0,2.0,2.0,0.0,Matches,
France,all_competitions,Lucas Hernández,DF,29.0,1.0,90.0,90.0,16.7,1.0,1,90.0,1,0,,5,3.0,3.0,1.0,2.0,2.0,0.0,Matches,
France,all_competitions,N'Golo Kanté,MF,34.0,1.0,90.0,90.0,16.7,1.0,1,90.0,1,0,,1,3.0,4.0,0.0,4.0,4.0,2.4,Matches,
France,all_competitions,Marcus Thuram,MF,28.0,1.0,69.0,69.0,12.8,0.8,1,69.0,0,0,,1,3.0,2.0,1.0,1.0,1.3,-0.8,Matches,
France,all_competitions,Désiré Doué,MF,20.0,1.0,45.0,45.0,8.3,0.5,1,45.0,0,0,,0,3.0,1.0,0.0,1.0,2.0,0.0,Matches,
France,all_competitions,Ousmane Dembélé,"FW,MF",28.0,1.0,36.0,36.0,6.7,0.4,0,,0,1,36.0,0,3.0,1.0,0.0,1.0,2.5,0.54,Matches,
France,all_competitions,Benjamin Pavard,DF,29.0,0.0,,,,,0,,0,0,,3,,,,,,,Matches,
France,all_competitions,Brice Samba,GK,31.0,0.0,,,,,0,,0,0,,6,,,,,,,Matches,
France,all_competitions,Squad Total,,26.8,6.0,540.0,90.0,100.0,6.0,66,83.0,40,26,16.0,43,2.67,16.0,4.0,12.0,2.0,,,
France,all_competitions,Opponent Total,,27.0,6.0,540.0,90.0,100.0,6.0,66,83.0,36,30,21.0,41,0.17,4.0,16.0,-12.0,-2.0,,,
France,all_competitions,Mike Maignan,GK,30-346,8.0,720.0,90.0,80.0,8.0,8,90.0,8,0,,2,2.38,19.0,7.0,12.0,1.5,-0.5,Matches,
France,all_competitions,Michael Olise,MF,24-184,9.0,653.0,73.0,72.6,7.3,8,80.0,1,1,13.0,1,2.44,18.0,5.0,13.0,1.79,0.7,Matches,
France,all_competitions,Dayot Upamecano,DF,27-230,8.0,639.0,80.0,71.0,7.1,8,80.0,6,0,,1,2.38,18.0,4.0,14.0,1.97,1.28,Matches,
France,all_competitions,Kylian Mbappé,FW,27-176,8.0,565.0,71.0,62.8,6.3,7,79.0,4,1,13.0,0,2.63,16.0,2.0,14.0,2.23,1.69,Matches,
France,all_competitions,Theo Hernández,DF,28-251,6.0,466.0,78.0,51.8,5.2,6,78.0,4,0,,4,2.5,13.0,3.0,10.0,1.93,0.69,Matches,
France,all_competitions,Jules Koundé,DF,27-214,6.0,440.0,73.0,48.9,4.9,6,73.0,1,0,,2,2.17,12.0,4.0,8.0,1.64,0.07,Matches,
France,all_competitions,Lucas Digne,DF,32-329,6.0,434.0,72.0,48.2,4.8,4,90.0,4,2,37.0,4,2.17,12.0,6.0,6.0,1.24,-0.69,Matches,
France,all_competitions,Ibrahima Konaté,DF,27-020,5.0,426.0,85.0,47.3,4.7,5,85.0,4,0,,4,2.4,10.0,4.0,6.0,1.27,-0.63,Matches,
France,all_competitions,Manu Koné,MF,25-028,6.0,382.0,64.0,42.4,4.2,4,87.0,3,2,17.0,1,2.17,8.0,4.0,4.0,0.94,-1.14,Matches,
France,all_competitions,Malo Gusto,DF,23-026,8.0,369.0,46.0,41.0,4.1,3,90.0,2,5,20.0,2,2.63,10.0,4.0,6.0,1.46,-0.23,Matches,
France,all_competitions,Adrien Rabiot,MF,31-072,6.0,350.0,58.0,38.9,3.9,4,79.0,1,2,18.0,2,2.5,9.0,3.0,6.0,1.54,-0.09,Matches,
France,all_competitions,Aurélien Tchouaméni,MF,26-138,5.0,340.0,68.0,37.8,3.8,5,68.0,1,0,,1,2.4,9.0,2.0,7.0,1.85,0.41,Matches,
France,all_competitions,William Saliba,DF,25-082,4.0,315.0,79.0,35.0,3.5,4,79.0,3,0,,2,2.5,10.0,2.0,8.0,2.29,1.05,Matches,
France,all_competitions,Hugo Ekitike,"MF,FW",23-359,8.0,297.0,37.0,33.0,3.3,3,78.0,1,5,13.0,0,2.75,10.0,2.0,8.0,2.42,1.23,Matches,
France,all_competitions,Rayan Cherki,MF,22-301,5.0,279.0,56.0,31.0,3.1,3,74.0,0,2,29.0,1,2.4,6.0,3.0,3.0,0.97,-0.92,Matches,
France,all_competitions,Marcus Thuram,MF,28-312,4.0,259.0,65.0,28.8,2.9,3,78.0,0,1,25.0,2,2.25,6.0,5.0,1.0,0.35,-1.76,Matches,
France,all_competitions,N'Golo Kanté,MF,35-077,5.0,259.0,52.0,28.8,2.9,2,90.0,2,3,26.0,1,2.4,8.0,4.0,4.0,1.39,-0.29,Matches,
France,all_competitions,Maghnes Akliouche,MF,24-109,9.0,250.0,28.0,27.8,2.8,2,62.0,0,7,18.0,1,2.44,11.0,4.0,7.0,2.52,1.27,Matches,
France,all_competitions,Bradley Barcola,MF,23-285,6.0,246.0,41.0,27.3,2.7,3,68.0,0,3,14.0,0,2.5,5.0,2.0,3.0,1.1,-0.69,Matches,
France,all_competitions,Jean-Philippe Mateta,FW,28-351,4.0,223.0,56.0,24.8,2.5,2,83.0,0,2,29.0,2,1.75,6.0,5.0,1.0,0.4,-1.59,Matches,
France,all_competitions,Maxence Lacroix,DF,26-069,4.0,213.0,53.0,59.2,2.4,1,90.0,1,3,41.0,0,2.25,6.0,5.0,1.0,0.42,-1.41,Matches,
France,all_competitions,Lucas Hernández,DF,30-120,3.0,204.0,68.0,22.7,2.3,2,90.0,2,1,24.0,7,2.0,6.0,3.0,3.0,1.32,-0.36,Matches,
France,all_competitions,Khéphren Thuram,MF,25-080,3.0,196.0,65.0,36.3,2.2,2,90.0,2,1,16.0,3,2.33,6.0,1.0,5.0,2.3,0.46,Matches,
France,all_competitions,Désiré Doué,MF,21-011,4.0,193.0,48.0,21.4,2.1,3,56.0,0,1,25.0,1,3.0,6.0,1.0,5.0,2.33,0.93,Matches,
France,all_competitions,Warren Zaïre-Emery,MF,20-098,4.0,177.0,44.0,19.7,2.0,2,77.0,1,2,12.0,2,2.25,8.0,2.0,6.0,3.05,1.81,Matches,
France,all_competitions,Ousmane Dembélé,"FW,MF",29-030,3.0,154.0,51.0,17.1,1.7,2,59.0,0,1,36.0,2,3.0,4.0,0.0,4.0,2.34,0.89,Matches,
France,all_competitions,Christopher Nkunku,MF,28-212,4.0,148.0,37.0,27.4,1.6,2,67.0,0,2,7.0,0,2.5,6.0,3.0,3.0,1.82,-0.24,Matches,
France,all_competitions,Kingsley Coman,MF,30-001,3.0,123.0,41.0,22.8,1.4,1,78.0,0,2,23.0,0,2.33,2.0,0.0,2.0,1.46,-0.69,Matches,
France,all_competitions,Eduardo Camavinga,MF,23-216,3.0,122.0,41.0,13.6,1.4,1,74.0,0,2,24.0,1,2.33,3.0,3.0,0.0,0.0,-1.85,Matches,
France,all_competitions,Florian Thauvin,MF,33-139,3.0,100.0,33.0,18.5,1.1,1,63.0,0,2,19.0,0,2.33,2.0,1.0,1.0,0.9,-1.35,Matches,
France,all_competitions,Pierre Kalulu,DF,26-009,2.0,91.0,46.0,25.3,1.0,1,90.0,1,1,1.0,0,3.0,3.0,1.0,2.0,1.98,1.31,Matches,
France,all_competitions,Lucas Chevalier,GK,24-220,1.0,90.0,90.0,10.0,1.0,1,90.0,1,0,,7,3.0,3.0,1.0,2.0,2.0,0.0,Matches,
France,all_competitions,Brice Samba,GK,32-050,1.0,90.0,90.0,10.0,1.0,1,90.0,1,0,,9,3.0,3.0,1.0,2.0,2.0,1.33,Matches,
France,all_competitions,Randal Kolo Muani,"FW,MF",27-191,1.0,28.0,28.0,7.8,0.3,0,,0,1,28.0,1,3.0,0.0,1.0,-1.0,-3.21,-4.57,Matches,
France,all_competitions,Robin Risser,GK,21-194,0.0,,,,,0,,0,0,,2,,,,,,,Matches,
France,all_competitions,Benjamin Pavard,DF,30-078,0.0,,,,,0,,0,0,,3,,,,,,,Matches,
Germany,all_competitions,Nico Schlotterbeck,DF,26-195,4.0,360.0,90.0,100.0,4.0,4,90.0,4,0,,0,3.0,12.0,5.0,7.0,1.75,,Matches,
Germany,all_competitions,Joshua Kimmich,DF,31-126,4.0,331.0,83.0,91.9,3.7,4,83.0,3,0,,0,3.0,12.0,5.0,7.0,1.9,1.9,Matches,
Germany,all_competitions,Jonathan Tah,DF,30-123,4.0,315.0,79.0,87.5,3.5,4,79.0,3,0,,0,3.0,11.0,4.0,7.0,2.0,2.0,Matches,
Germany,all_competitions,Florian Wirtz,"MF,FW",23-042,4.0,301.0,75.0,83.6,3.3,4,75.0,1,0,,0,3.0,11.0,4.0,7.0,2.09,2.09,Matches,
Germany,all_competitions,Oliver Baumann,GK,36-012,3.0,270.0,90.0,75.0,3.0,3,90.0,3,0,,1,3.0,10.0,4.0,6.0,2.0,1.0,Matches,
Germany,all_competitions,Nathaniel Brown,DF,22-363,3.0,210.0,70.0,58.3,2.3,3,70.0,1,0,,1,3.0,7.0,1.0,6.0,2.57,1.97,Matches,
Germany,all_competitions,Kai Havertz,"FW,MF",27-003,3.0,167.0,56.0,46.4,1.9,3,56.0,0,0,,0,3.0,6.0,3.0,3.0,1.62,-0.25,Matches,
Germany,all_competitions,Jamal Musiala,MF,23-108,2.0,169.0,85.0,46.9,1.9,2,85.0,1,0,,0,3.0,6.0,1.0,5.0,2.66,1.72,Matches,
Germany,all_competitions,Aleksandar Pavlovic,MF,22-042,2.0,169.0,85.0,46.9,1.9,2,85.0,1,0,,0,3.0,6.0,1.0,5.0,2.66,1.72,Matches,
Germany,all_competitions,Leroy Sané,"MF,FW",30-154,4.0,165.0,41.0,45.8,1.8,2,67.0,0,2,16.0,0,3.0,6.0,3.0,3.0,1.64,-0.21,Matches,
Germany,all_competitions,Felix Nmecha,MF,25-247,2.0,162.0,81.0,45.0,1.8,2,81.0,0,0,,0,3.0,6.0,1.0,5.0,2.78,1.87,Matches,
Germany,all_competitions,Angelo Stiller,MF,25-071,3.0,150.0,50.0,41.7,1.7,2,70.0,0,1,11.0,1,3.0,4.0,3.0,1.0,0.6,-1.97,Matches,
Germany,all_competitions,Serge Gnabry,MF,30-335,2.0,135.0,68.0,37.5,1.5,2,68.0,1,0,,0,3.0,5.0,3.0,2.0,1.33,-0.67,Matches,
Germany,all_competitions,David Raum,DF,28-053,3.0,150.0,50.0,41.7,1.7,1,90.0,1,2,30.0,1,3.0,5.0,4.0,1.0,0.6,-1.97,Matches,
Germany,all_competitions,Lennart Karl,MF,18-112,3.0,145.0,48.0,40.3,1.6,1,72.0,0,2,37.0,0,3.0,6.0,2.0,4.0,2.48,1.23,Matches,
Germany,all_competitions,Deniz Undav,FW,29-330,3.0,135.0,45.0,37.5,1.5,1,60.0,0,2,38.0,1,3.0,4.0,1.0,3.0,2.0,0.4,Matches,
Germany,all_competitions,Nick Woltemade,FW,24-120,3.0,123.0,41.0,34.2,1.4,1,77.0,0,2,23.0,1,3.0,2.0,2.0,0.0,0.0,-2.66,Matches,
Germany,all_competitions,Leon Goretzka,MF,31-128,3.0,120.0,40.0,33.3,1.3,1,79.0,0,2,21.0,1,3.0,4.0,4.0,0.0,0.0,-2.62,Matches,
Germany,all_competitions,Alexander Nübel,GK,29-257,1.0,90.0,90.0,25.0,1.0,1,90.0,1,0,,3,3.0,2.0,1.0,1.0,1.0,-1.0,Matches,
Germany,all_competitions,Pascal Groß,MF,34-364,2.0,71.0,36.0,19.7,0.8,1,60.0,0,1,11.0,2,3.0,2.0,0.0,2.0,2.54,0.98,Matches,
Germany,all_competitions,Antonio Rüdiger,DF,33-103,1.0,45.0,45.0,12.5,0.5,0,,0,1,45.0,3,3.0,1.0,1.0,0.0,0.0,-2.0,Matches,
Germany,all_competitions,Maximilian Beier,"FW,MF",23-240,2.0,41.0,21.0,11.4,0.5,0,,0,2,21.0,0,3.0,1.0,0.0,1.0,2.2,0.5,Matches,
Germany,all_competitions,Chris Führich,"FW,MF",28-156,1.0,30.0,30.0,8.3,0.3,0,,0,1,30.0,1,3.0,1.0,1.0,0.0,0.0,-1.91,Matches,
Germany,all_competitions,Josha Vagnoman,"DF,MF",25-185,1.0,30.0,30.0,8.3,0.3,0,,0,1,30.0,1,3.0,1.0,1.0,0.0,0.0,-1.91,Matches,
Germany,all_competitions,Waldemar Anton,"DF,MF",29-329,1.0,29.0,29.0,8.1,0.3,0,,0,1,29.0,3,3.0,0.0,0.0,0.0,0.0,-1.9,Matches,
Germany,all_competitions,Nadiem Amiri,MF,29-230,2.0,18.0,9.0,5.0,0.2,0,,0,2,9.0,0,3.0,0.0,0.0,0.0,0.0,-1.84,Matches,
Germany,all_competitions,Jamie Leweling,"FW,MF",25-108,1.0,18.0,18.0,5.0,0.2,0,,0,1,18.0,1,3.0,0.0,0.0,0.0,0.0,-1.84,Matches,
Germany,all_competitions,Anton Stach,"DF,MF",27-211,1.0,11.0,11.0,3.1,0.1,0,,0,1,11.0,1,3.0,1.0,0.0,1.0,8.18,6.63,Matches,
Germany,all_competitions,Finn Dahmen,GK,28-079,0.0,,,,,0,,0,0,,2,,,,,,,Matches,
Germany,all_competitions,Kevin Schade,"FW,MF",24-199,0.0,,,,,0,,0,0,,2,,,,,,,Matches,
Germany,all_competitions,Malick Thiaw,"DF,MF",24-310,0.0,,,,,0,,0,0,,4,,,,,,,Matches,
Germany,all_competitions,Jonas Urbig,GK,22-310,0.0,,,,,0,,0,0,,2,,,,,,,Matches,
Germany,all_competitions,Squad Total,,27.6,4.0,360.0,90.0,100.0,4.0,44,77.0,20,24,24.0,32,3.0,12.0,5.0,7.0,1.75,,,
Germany,all_competitions,Opponent Total,,27.7,4.0,360.0,90.0,100.0,4.0,44,77.0,13,31,25.0,27,0.0,5.0,12.0,-7.0,-1.75,,,
Germany,all_competitions,Oliver Baumann,GK,35.0,6.0,540.0,90.0,100.0,6.0,6,90.0,6,0,,0,2.5,16.0,3.0,13.0,2.17,,Matches,
Germany,all_competitions,Florian Wirtz,"MF,FW",22.0,6.0,525.0,88.0,97.2,5.8,6,88.0,4,0,,0,2.5,15.0,3.0,12.0,2.06,-3.94,Matches,
Germany,all_competitions,Nick Woltemade,FW,23.0,6.0,479.0,80.0,88.7,5.3,6,80.0,3,0,,0,2.5,14.0,3.0,11.0,2.07,-0.88,Matches,
Germany,all_competitions,Serge Gnabry,MF,30.0,6.0,433.0,72.0,80.2,4.8,6,72.0,1,0,,0,2.5,13.0,3.0,10.0,2.08,-0.44,Matches,
Germany,all_competitions,David Raum,DF,27.0,6.0,467.0,78.0,86.5,5.2,5,84.0,3,1,45.0,0,2.5,15.0,2.0,13.0,2.51,2.51,Matches,
Germany,all_competitions,Jonathan Tah,DF,29.0,6.0,447.0,75.0,82.8,5.0,5,88.0,4,1,9.0,0,2.5,13.0,2.0,11.0,2.21,0.28,Matches,
Germany,all_competitions,Leon Goretzka,MF,30.0,6.0,438.0,73.0,81.1,4.9,5,83.0,4,1,25.0,0,2.5,14.0,2.0,12.0,2.47,1.58,Matches,
Germany,all_competitions,Joshua Kimmich,"DF,MF",30.0,5.0,423.0,85.0,78.3,4.7,5,85.0,4,0,,1,2.4,12.0,3.0,9.0,1.91,-1.16,Matches,
Germany,all_competitions,Aleksandar Pavlovic,MF,21.0,4.0,311.0,78.0,57.6,3.5,4,78.0,2,0,,0,3.0,11.0,0.0,11.0,3.18,2.4,Matches,
Germany,all_competitions,Nico Schlotterbeck,DF,26.0,3.0,198.0,66.0,36.7,2.2,3,66.0,1,0,,1,3.0,7.0,0.0,7.0,3.18,1.6,Matches,
Germany,all_competitions,Waldemar Anton,DF,29.0,4.0,229.0,57.0,42.4,2.5,2,90.0,2,2,25.0,2,3.0,7.0,1.0,6.0,2.36,0.33,Matches,
Germany,all_competitions,Antonio Rüdiger,DF,32.0,2.0,171.0,86.0,31.7,1.9,2,86.0,1,0,,0,1.5,3.0,3.0,0.0,0.0,-3.17,Matches,
Germany,all_competitions,Leroy Sané,"MF,FW",30.0,2.0,168.0,84.0,31.1,1.9,2,84.0,1,0,,0,3.0,8.0,0.0,8.0,4.29,3.08,Matches,
Germany,all_competitions,Karim Adeyemi,MF,24.0,3.0,148.0,49.0,27.4,1.6,2,62.0,0,1,25.0,2,2.0,5.0,0.0,5.0,3.04,1.2,Matches,
Germany,all_competitions,Ridle Baku,DF,27.0,4.0,148.0,37.0,27.4,1.6,1,90.0,1,3,19.0,0,3.0,4.0,0.0,4.0,2.43,0.37,Matches,
Germany,all_competitions,Jamie Leweling,MF,24.0,2.0,102.0,51.0,18.9,1.1,1,90.0,1,1,12.0,2,3.0,3.0,1.0,2.0,1.76,-0.5,Matches,
Germany,all_competitions,Robin Koch,DF,29.0,1.0,90.0,90.0,16.7,1.0,1,90.0,1,0,,3,3.0,3.0,1.0,2.0,2.0,-0.2,Matches,
Germany,all_competitions,Maximilian Mittelstädt,DF,28.0,1.0,90.0,90.0,16.7,1.0,1,90.0,1,0,,1,0.0,0.0,2.0,-2.0,-2.0,-5.0,Matches,
Germany,all_competitions,Pascal Groß,MF,34.0,1.0,65.0,65.0,12.0,0.7,1,65.0,0,0,,1,3.0,1.0,1.0,0.0,0.0,-2.46,Matches,
Germany,all_competitions,Angelo Stiller,MF,24.0,1.0,59.0,59.0,10.9,0.7,1,59.0,0,0,,3,0.0,0.0,2.0,-2.0,-3.05,-5.86,Matches,
Germany,all_competitions,Nnamdi Collins,DF,22.0,1.0,45.0,45.0,8.3,0.5,1,45.0,0,0,,1,0.0,0.0,1.0,-1.0,-2.0,-4.55,Matches,
Germany,all_competitions,Felix Nmecha,MF,25.0,2.0,82.0,41.0,15.2,0.9,0,,0,2,41.0,2,3.0,3.0,0.0,3.0,3.29,1.33,Matches,
Germany,all_competitions,Maximilian Beier,"FW,MF",23.0,3.0,79.0,26.0,14.6,0.9,0,,0,3,26.0,0,3.0,2.0,0.0,2.0,2.28,0.13,Matches,
Germany,all_competitions,Nadiem Amiri,MF,29.0,2.0,61.0,31.0,11.3,0.7,0,,0,2,31.0,2,1.5,2.0,0.0,2.0,2.95,0.88,Matches,
Germany,all_competitions,Malick Thiaw,"DF,MF",24.0,2.0,39.0,20.0,7.2,0.4,0,,0,2,20.0,0,3.0,2.0,0.0,2.0,4.62,2.64,Matches,
Germany,all_competitions,Jonathan Burkardt,"FW,MF",25.0,2.0,32.0,16.0,5.9,0.4,0,,0,2,16.0,2,3.0,0.0,0.0,0.0,0.0,-2.3,Matches,
Germany,all_competitions,Nathaniel Brown,"DF,MF",22.0,2.0,28.0,14.0,5.2,0.3,0,,0,2,14.0,2,3.0,1.0,0.0,1.0,3.21,1.1,Matches,
Germany,all_competitions,Kevin Schade,"FW,MF",24.0,1.0,25.0,25.0,4.6,0.3,0,,0,1,25.0,1,3.0,1.0,0.0,1.0,3.6,1.5,Matches,
Germany,all_competitions,Assan Ouédraogo,MF,19.0,1.0,14.0,14.0,2.6,0.2,0,,0,1,14.0,1,3.0,1.0,0.0,1.0,6.43,4.38,Matches,
Germany,all_competitions,Robert Andrich,"DF,MF",31.0,1.0,4.0,4.0,0.7,0.0,0,,0,1,4.0,3,3.0,0.0,0.0,0.0,0.0,-2.18,Matches,
Germany,all_competitions,Finn Dahmen,GK,27.0,0.0,,,,,0,,0,0,,6,,,,,,,Matches,
Germany,all_competitions,Niclas Füllkrug,FW,32.0,0.0,,,,,0,,0,0,,1,,,,,,,Matches,
Germany,all_competitions,Said El Mala,MF,19.0,0.0,,,,,0,,0,0,,1,,,,,,,Matches,
Germany,all_competitions,Paul Nebel,"FW,MF",23.0,0.0,,,,,0,,0,0,,2,,,,,,,Matches,
Germany,all_competitions,Alexander Nübel,GK,29.0,0.0,,,,,0,,0,0,,6,,,,,,,Matches,
Germany,all_competitions,Squad Total,,28.2,6.0,540.0,90.0,100.0,6.0,66,81.0,40,26,23.0,46,2.5,16.0,3.0,13.0,2.17,,,
Germany,all_competitions,Opponent Total,,27.5,6.0,540.0,90.0,100.0,6.0,66,81.0,38,27,21.0,44,0.5,3.0,16.0,-13.0,-2.17,,,
Germany,all_competitions,Florian Wirtz,"MF,FW",23-042,10.0,826.0,83.0,91.8,9.2,10,83.0,5,0,,0,2.7,26.0,7.0,19.0,2.07,0.85,Matches,
Germany,all_competitions,Oliver Baumann,GK,36-012,9.0,810.0,90.0,90.0,9.0,9,90.0,9,0,,1,2.67,26.0,7.0,19.0,2.11,1.11,Matches,
Germany,all_competitions,Jonathan Tah,DF,30-123,10.0,762.0,76.0,84.7,8.5,9,84.0,7,1,9.0,0,2.7,24.0,6.0,18.0,2.13,0.82,Matches,
Germany,all_competitions,Joshua Kimmich,"DF,MF",31-126,9.0,754.0,84.0,83.8,8.4,9,84.0,7,0,,1,2.67,24.0,8.0,16.0,1.91,-0.56,Matches,
Germany,all_competitions,David Raum,DF,28-053,9.0,617.0,69.0,68.6,6.9,6,85.0,4,3,35.0,1,2.67,20.0,6.0,14.0,2.04,0.13,Matches,
Germany,all_competitions,Nick Woltemade,FW,24-120,9.0,602.0,67.0,66.9,6.7,7,79.0,3,2,23.0,1,2.67,16.0,5.0,11.0,1.64,-1.07,Matches,
Germany,all_competitions,Serge Gnabry,MF,30-335,8.0,568.0,71.0,63.1,6.3,8,71.0,2,0,,0,2.63,18.0,6.0,12.0,1.9,-0.27,Matches,
Germany,all_competitions,Leon Goretzka,MF,31-128,9.0,558.0,62.0,62.0,6.2,6,82.0,4,3,22.0,1,2.67,18.0,6.0,12.0,1.94,-0.17,Matches,
Germany,all_competitions,Nico Schlotterbeck,DF,26-195,7.0,558.0,80.0,62.0,6.2,7,80.0,5,0,,1,3.0,19.0,5.0,14.0,2.26,0.68,Matches,
Germany,all_competitions,Aleksandar Pavlovic,MF,22-042,6.0,480.0,80.0,53.3,5.3,6,80.0,3,0,,0,3.0,17.0,1.0,16.0,3.0,2.14,Matches,
Germany,all_competitions,Leroy Sané,"MF,FW",30-154,6.0,333.0,56.0,37.0,3.7,4,76.0,1,2,16.0,0,3.0,14.0,3.0,11.0,2.97,1.54,Matches,
Germany,all_competitions,Waldemar Anton,DF,29-329,5.0,258.0,52.0,28.7,2.9,2,90.0,2,3,26.0,5,3.0,7.0,1.0,6.0,2.09,0.13,Matches,
Germany,all_competitions,Felix Nmecha,MF,25-247,4.0,244.0,61.0,27.1,2.7,2,81.0,0,2,41.0,2,3.0,9.0,1.0,8.0,2.95,1.3,Matches,
Germany,all_competitions,Nathaniel Brown,"DF,MF",22-363,5.0,238.0,48.0,26.4,2.6,3,70.0,1,2,14.0,3,3.0,8.0,1.0,7.0,2.65,0.88,Matches,
Germany,all_competitions,Antonio Rüdiger,DF,33-103,3.0,216.0,72.0,24.0,2.4,2,86.0,1,1,45.0,3,2.0,4.0,4.0,0.0,0.0,-2.63,Matches,
Germany,all_competitions,Angelo Stiller,MF,25-071,4.0,209.0,52.0,23.2,2.3,3,66.0,0,1,11.0,4,2.25,4.0,5.0,-1.0,-0.43,-3.17,Matches,
Germany,all_competitions,Jamal Musiala,MF,23-108,2.0,169.0,85.0,46.9,1.9,2,85.0,1,0,,0,3.0,6.0,1.0,5.0,2.66,1.72,Matches,
Germany,all_competitions,Kai Havertz,"FW,MF",27-003,3.0,167.0,56.0,46.4,1.9,3,56.0,0,0,,0,3.0,6.0,3.0,3.0,1.62,-0.25,Matches,
Germany,all_competitions,Karim Adeyemi,MF,24-147,3.0,148.0,49.0,27.4,1.6,2,62.0,0,1,25.0,2,2.0,5.0,0.0,5.0,3.04,1.2,Matches,
Germany,all_competitions,Ridle Baku,DF,28-067,4.0,148.0,37.0,27.4,1.6,1,90.0,1,3,19.0,0,3.0,4.0,0.0,4.0,2.43,0.37,Matches,
Germany,all_competitions,Lennart Karl,MF,18-112,3.0,145.0,48.0,40.3,1.6,1,72.0,0,2,37.0,0,3.0,6.0,2.0,4.0,2.48,1.23,Matches,
Germany,all_competitions,Pascal Groß,MF,34-364,3.0,136.0,45.0,15.1,1.5,2,63.0,0,1,11.0,3,3.0,3.0,1.0,2.0,1.32,-0.8,Matches,
Germany,all_competitions,Deniz Undav,FW,29-330,3.0,135.0,45.0,37.5,1.5,1,60.0,0,2,38.0,1,3.0,4.0,1.0,3.0,2.0,0.4,Matches,
Germany,all_competitions,Jamie Leweling,MF,25-108,3.0,120.0,40.0,13.3,1.3,1,90.0,1,2,15.0,3,3.0,3.0,1.0,2.0,1.5,-0.58,Matches,
Germany,all_competitions,Maximilian Beier,"FW,MF",23-240,5.0,120.0,24.0,13.3,1.3,0,,0,5,24.0,0,3.0,3.0,0.0,3.0,2.25,0.29,Matches,
Germany,all_competitions,Alexander Nübel,GK,29-257,1.0,90.0,90.0,10.0,1.0,1,90.0,1,0,,9,3.0,2.0,1.0,1.0,1.0,-1.0,Matches,
Germany,all_competitions,Maximilian Mittelstädt,DF,29-088,1.0,90.0,90.0,16.7,1.0,1,90.0,1,0,,1,0.0,0.0,2.0,-2.0,-2.0,-5.0,Matches,
Germany,all_competitions,Robin Koch,DF,29-332,1.0,90.0,90.0,16.7,1.0,1,90.0,1,0,,3,3.0,3.0,1.0,2.0,2.0,-0.2,Matches,
Germany,all_competitions,Nadiem Amiri,MF,29-230,4.0,79.0,20.0,8.8,0.9,0,,0,4,20.0,2,2.25,2.0,0.0,2.0,2.28,0.31,Matches,
Germany,all_competitions,Nnamdi Collins,DF,22-155,1.0,45.0,45.0,8.3,0.5,1,45.0,0,0,,1,0.0,0.0,1.0,-1.0,-2.0,-4.55,Matches,
Germany,all_competitions,Malick Thiaw,"DF,MF",24-310,2.0,39.0,20.0,4.3,0.4,0,,0,2,20.0,4,3.0,2.0,0.0,2.0,4.62,2.64,Matches,
Germany,all_competitions,Jonathan Burkardt,"FW,MF",25-338,2.0,32.0,16.0,5.9,0.4,0,,0,2,16.0,2,3.0,0.0,0.0,0.0,0.0,-2.3,Matches,
Germany,all_competitions,Josha Vagnoman,"DF,MF",25-185,1.0,30.0,30.0,8.3,0.3,0,,0,1,30.0,1,3.0,1.0,1.0,0.0,0.0,-1.91,Matches,
Germany,all_competitions,Chris Führich,"FW,MF",28-156,1.0,30.0,30.0,8.3,0.3,0,,0,1,30.0,1,3.0,1.0,1.0,0.0,0.0,-1.91,Matches,
Germany,all_competitions,Kevin Schade,"FW,MF",24-199,1.0,25.0,25.0,2.8,0.3,0,,0,1,25.0,3,3.0,1.0,0.0,1.0,3.6,1.5,Matches,
Germany,all_competitions,Assan Ouédraogo,MF,20-036,1.0,14.0,14.0,2.6,0.2,0,,0,1,14.0,1,3.0,1.0,0.0,1.0,6.43,4.38,Matches,
Germany,all_competitions,Anton Stach,"DF,MF",27-211,1.0,11.0,11.0,3.1,0.1,0,,0,1,11.0,1,3.0,1.0,0.0,1.0,8.18,6.63,Matches,
Germany,all_competitions,Robert Andrich,"DF,MF",31-265,1.0,4.0,4.0,0.7,0.0,0,,0,1,4.0,3,3.0,0.0,0.0,0.0,0.0,-2.18,Matches,
Germany,all_competitions,Paul Nebel,"FW,MF",23-247,0.0,,,,,0,,0,0,,2,,,,,,,Matches,
Germany,all_competitions,Said El Mala,MF,19-292,0.0,,,,,0,,0,0,,1,,,,,,,Matches,
Germany,all_competitions,Jonas Urbig,GK,22-310,0.0,,,,,0,,0,0,,2,,,,,,,Matches,
Germany,all_competitions,Finn Dahmen,GK,28-079,0.0,,,,,0,,0,0,,8,,,,,,,Matches,
Germany,all_competitions,Niclas Füllkrug,FW,33-125,0.0,,,,,0,,0,0,,1,,,,,,,Matches,
Ghana,all_competitions,Mohammed Kudus,"MF,FW",25.0,10.0,799.0,80.0,88.8,8.9,9,84.0,2,1,45.0,0,2.5,21.0,3.0,18.0,2.03,2.92,Matches,
Ghana,all_competitions,Gideon Mensah,"DF,MF",27.0,9.0,799.0,89.0,88.8,8.9,9,89.0,8,0,,1,2.44,22.0,6.0,16.0,1.8,0.91,Matches,
Ghana,all_competitions,Jordan Ayew,"FW,MF",34.0,10.0,760.0,76.0,84.4,8.4,9,83.0,3,1,12.0,0,2.5,21.0,4.0,17.0,2.01,2.01,Matches,
Ghana,all_competitions,Antoine Semenyo,"FW,MF",26.0,10.0,688.0,69.0,76.4,7.6,9,73.0,0,1,27.0,0,2.5,17.0,3.0,14.0,1.83,0.56,Matches,
Ghana,all_competitions,Alexander Djiku,DF,31.0,7.0,626.0,89.0,69.6,7.0,7,89.0,6,0,,0,3.0,21.0,4.0,17.0,2.44,2.44,Matches,
Ghana,all_competitions,Thomas Partey,MF,32.0,7.0,607.0,87.0,67.4,6.7,7,87.0,5,0,,1,3.0,20.0,4.0,16.0,2.37,2.07,Matches,
Ghana,all_competitions,Mohammed Salisu,DF,26.0,8.0,596.0,75.0,66.2,6.6,7,85.0,4,1,1.0,0,2.75,20.0,3.0,17.0,2.57,2.57,Matches,
Ghana,all_competitions,Benjamin Asare,GK,33.0,6.0,540.0,90.0,60.0,6.0,6,90.0,6,0,,0,2.67,16.0,1.0,15.0,2.5,2.0,Matches,
Ghana,all_competitions,Salis Abdul Samed,MF,25.0,5.0,421.0,84.0,46.8,4.7,5,84.0,3,0,,1,2.0,7.0,6.0,1.0,0.21,-2.79,Matches,
Ghana,all_competitions,Iñaki Williams,MF,31.0,6.0,377.0,63.0,41.9,4.2,4,87.0,3,2,16.0,0,2.17,7.0,1.0,6.0,1.43,-0.46,Matches,
Ghana,all_competitions,Alidu Seidu,"DF,MF",25.0,4.0,288.0,72.0,32.0,3.2,4,72.0,1,0,,2,3.0,6.0,4.0,2.0,0.62,-1.58,Matches,
Ghana,all_competitions,Caleb Yirenkyi,"DF,MF",20.0,4.0,286.0,72.0,31.8,3.2,3,90.0,3,1,16.0,0,2.5,7.0,1.0,6.0,1.89,0.28,Matches,
Ghana,all_competitions,Jonas Adjetey,DF,22.0,4.0,278.0,70.0,30.9,3.1,3,90.0,3,1,8.0,2,2.5,3.0,1.0,2.0,0.65,-1.52,Matches,
Ghana,all_competitions,Kwasi Sibo,MF,27.0,3.0,254.0,85.0,28.2,2.8,3,85.0,2,0,,0,3.0,7.0,0.0,7.0,2.48,1.09,Matches,
Ghana,all_competitions,Ernest Nuamah,"MF,FW",22.0,5.0,196.0,39.0,21.8,2.2,2,71.0,0,3,18.0,1,2.4,7.0,1.0,6.0,2.76,1.35,Matches,
Ghana,all_competitions,Jerome Opoku,DF,27.0,5.0,194.0,39.0,21.6,2.2,2,86.0,0,3,8.0,2,2.6,5.0,1.0,4.0,1.86,0.2,Matches,
Ghana,all_competitions,Lawrence Ati-Zigi,GK,29.0,2.0,180.0,90.0,20.0,2.0,2,90.0,2,0,,8,3.0,6.0,4.0,2.0,1.0,-0.87,Matches,
Ghana,all_competitions,Richard Ofori,GK,32.0,2.0,180.0,90.0,20.0,2.0,2,90.0,2,0,,0,1.5,1.0,1.0,0.0,0.0,-2.12,Matches,
Ghana,all_competitions,Nicholas Opoku,DF,28.0,2.0,180.0,90.0,20.0,2.0,2,90.0,2,0,,0,1.5,1.0,1.0,0.0,0.0,-2.12,Matches,
Ghana,all_competitions,Kingsley Schindler,"MF,DF",32.0,2.0,180.0,90.0,20.0,2.0,2,90.0,2,0,,0,3.0,8.0,0.0,8.0,4.0,2.87,Matches,
Ghana,all_competitions,Abdul Fatawu Issahaku,MF,21.0,4.0,163.0,41.0,18.1,1.8,2,75.0,0,2,7.0,2,2.25,9.0,2.0,7.0,3.87,2.64,Matches,
Ghana,all_competitions,Iddrisu Baba,MF,30.0,2.0,132.0,66.0,14.7,1.5,2,66.0,0,0,,0,1.5,0.0,1.0,-1.0,-0.68,-2.79,Matches,
Ghana,all_competitions,Elisha Owusu,MF,28.0,4.0,139.0,35.0,15.4,1.5,1,89.0,0,3,17.0,0,2.5,3.0,2.0,1.0,0.65,-1.24,Matches,
Ghana,all_competitions,Denis Odoi,DF,37.0,2.0,135.0,68.0,15.0,1.5,1,90.0,1,1,45.0,0,1.5,1.0,1.0,0.0,0.0,-2.0,Matches,
Ghana,all_competitions,Kamaldeen Sulemana,MF,23.0,5.0,131.0,26.0,14.6,1.5,1,63.0,0,4,17.0,3,2.6,4.0,3.0,1.0,0.69,-1.19,Matches,
Ghana,all_competitions,Kasim Nuhu,DF,30.0,2.0,118.0,59.0,13.1,1.3,1,90.0,1,1,28.0,0,1.5,1.0,1.0,0.0,0.0,-1.96,Matches,
Ghana,all_competitions,Tariq Lamptey,MF,25.0,2.0,106.0,53.0,11.8,1.2,1,90.0,1,1,16.0,2,3.0,2.0,2.0,0.0,0.0,-1.93,Matches,
Ghana,all_competitions,Ebenezer Annan,MF,23.0,2.0,101.0,51.0,11.2,1.1,1,90.0,1,1,11.0,4,3.0,1.0,0.0,1.0,0.89,-0.91,Matches,
Ghana,all_competitions,Francis Abu,MF,24.0,2.0,99.0,50.0,11.0,1.1,1,79.0,0,1,20.0,1,3.0,3.0,0.0,3.0,2.73,1.15,Matches,
Ghana,all_competitions,Daniel Amartey,DF,31.0,1.0,62.0,62.0,6.9,0.7,1,62.0,0,0,,0,3.0,0.0,0.0,0.0,0.0,-1.83,Matches,
Ghana,all_competitions,André Ayew,MF,36.0,1.0,45.0,45.0,5.0,0.5,1,45.0,0,0,,1,0.0,0.0,1.0,-1.0,-2.0,-3.89,Matches,
Ghana,all_competitions,Majeed Ashimeru,MF,28.0,2.0,71.0,36.0,7.9,0.8,0,,0,2,36.0,0,1.5,1.0,0.0,1.0,1.27,-0.47,Matches,
Ghana,all_competitions,Joseph Paintsil,"FW,MF",27.0,3.0,41.0,14.0,4.6,0.5,0,,0,3,14.0,1,3.0,1.0,0.0,1.0,2.2,0.52,Matches,
Ghana,all_competitions,Abdul Mumin,DF,27.0,2.0,27.0,14.0,3.0,0.3,0,,0,2,14.0,0,3.0,1.0,1.0,0.0,0.0,-1.75,Matches,
Ghana,all_competitions,Christopher Bonsu-Baah,MF,21.0,2.0,19.0,10.0,2.1,0.2,0,,0,2,10.0,4,2.0,0.0,1.0,-1.0,-4.74,-6.58,Matches,
Ghana,all_competitions,Kojo Peprah Oppong,DF,21.0,1.0,15.0,15.0,1.7,0.2,0,,0,1,15.0,0,3.0,0.0,0.0,0.0,0.0,-1.73,Matches,
Ghana,all_competitions,Jerry Afriyie,FW,19.0,2.0,12.0,6.0,1.3,0.1,0,,0,2,6.0,2,2.0,0.0,0.0,0.0,0.0,-1.72,Matches,
Ghana,all_competitions,Razak Simpson,MF,27.0,1.0,11.0,11.0,1.2,0.1,0,,0,1,11.0,1,3.0,0.0,0.0,0.0,0.0,-1.72,Matches,
Ghana,all_competitions,Osman Bukari,"FW,MF",27.0,1.0,9.0,9.0,1.0,0.1,0,,0,1,9.0,1,3.0,1.0,0.0,1.0,10.0,8.38,Matches,
Ghana,all_competitions,Prince Owusu,MF,21.0,1.0,9.0,9.0,1.0,0.1,0,,0,1,9.0,1,3.0,1.0,0.0,1.0,10.0,8.38,Matches,
Ghana,all_competitions,Lawrence Agyekum,MF,22.0,1.0,8.0,8.0,0.9,0.1,0,,0,1,8.0,1,3.0,0.0,0.0,0.0,0.0,-1.72,Matches,
Ghana,all_competitions,Brandon Thomas-Asante,"FW,MF",27.0,2.0,7.0,4.0,0.8,0.1,0,,0,2,4.0,1,3.0,0.0,1.0,-1.0,-12.86,-14.67,Matches,
Ghana,all_competitions,Ibrahim Osman,"FW,MF",21.0,1.0,5.0,5.0,0.6,0.1,0,,0,1,5.0,3,1.0,0.0,1.0,-1.0,-18.0,-19.81,Matches,
Ghana,all_competitions,Jonathan Sowah,FW,27.0,1.0,3.0,3.0,0.3,0.0,0,,0,1,3.0,1,0.0,0.0,0.0,0.0,0.0,-1.71,Matches,
Ghana,all_competitions,Ibrahim Sulemana,MF,22.0,1.0,3.0,3.0,0.3,0.0,0,,0,1,3.0,2,3.0,1.0,0.0,1.0,30.0,28.39,Matches,
Ghana,all_competitions,Hamidu Abdul Fatawu,DF,26.0,0.0,,,,,0,,0,0,,2,,,,,,,Matches,
Ghana,all_competitions,Nurudeen Abdulai,DF,21.0,0.0,,,,,0,,0,0,,1,,,,,,,Matches,
Ghana,all_competitions,Edmund Addo,MF,25.0,0.0,,,,,0,,0,0,,2,,,,,,,Matches,
Ghana,all_competitions,Joseph Anang,GK,25.0,0.0,,,,,0,,0,0,,4,,,,,,,Matches,
Ghana,all_competitions,Fredrick Asare,GK,26.0,0.0,,,,,0,,0,0,,2,,,,,,,Matches,
Ghana,all_competitions,Mamudu Kamaradini,DF,23.0,0.0,,,,,0,,0,0,,2,,,,,,,Matches,
Ghana,all_competitions,Jojo Wollacott,GK,29.0,0.0,,,,,0,,0,0,,6,,,,,,,Matches,
Ghana,all_competitions,Squad Total,,28.4,10.0,900.0,90.0,100.0,10.0,110,84.0,61,49,14.0,68,2.5,23.0,6.0,17.0,1.7,,,
Ghana,all_competitions,Opponent Total,,27.6,10.0,900.0,90.0,100.0,10.0,110,84.0,66,44,23.0,75,0.4,6.0,23.0,-17.0,-1.7,,,
Ghana,all_competitions,Jordan Ayew,"MF,FW",34-276,3.0,249.0,83.0,69.4,2.8,3,83.0,1,0,,0,0.33,3.0,6.0,-3.0,-1.08,2.19,Matches,
Ghana,all_competitions,Jonas Adjetey,DF,22-183,3.0,248.0,83.0,69.1,2.8,3,83.0,2,0,,0,0.33,2.0,6.0,-4.0,-1.45,0.98,Matches,
Ghana,all_competitions,Thomas Partey,MF,33-001,3.0,220.0,73.0,61.3,2.4,3,73.0,1,0,,0,0.33,2.0,6.0,-4.0,-1.64,0.31,Matches,
Ghana,all_competitions,Prince Kwabena Adu,"FW,MF",22-264,3.0,178.0,59.0,49.6,2.0,3,59.0,0,0,,0,0.33,0.0,4.0,-4.0,-2.02,-0.53,Matches,
Ghana,all_competitions,Benjamin Asare,GK,33-336,3.0,210.0,70.0,58.5,2.3,2,83.0,1,1,45.0,1,0.33,2.0,5.0,-3.0,-1.29,1.13,Matches,
Ghana,all_competitions,Caleb Yirenkyi,DF,20-150,3.0,188.0,63.0,52.4,2.1,2,79.0,0,1,31.0,0,0.33,2.0,6.0,-4.0,-1.91,-0.34,Matches,
Ghana,all_competitions,Alexander Djiku,DF,31-309,2.0,180.0,90.0,50.1,2.0,2,90.0,2,0,,0,0.0,2.0,7.0,-5.0,-2.5,-1.49,Matches,
Ghana,all_competitions,Antoine Semenyo,MF,26-158,2.0,175.0,88.0,48.7,1.9,2,88.0,1,0,,1,0.0,2.0,6.0,-4.0,-2.06,-0.59,Matches,
Ghana,all_competitions,Kwasi Sibo,MF,27-355,3.0,158.0,53.0,44.0,1.8,2,57.0,0,1,45.0,0,0.33,1.0,5.0,-4.0,-2.28,-0.94,Matches,
Ghana,all_competitions,Derrick Köhn,DF,27-130,2.0,157.0,79.0,43.7,1.7,2,79.0,0,0,,0,0.0,1.0,5.0,-4.0,-2.29,-0.96,Matches,
Ghana,all_competitions,Abdul Fatawu Issahaku,MF,22-098,3.0,138.0,46.0,38.4,1.5,2,57.0,0,1,25.0,0,0.33,1.0,4.0,-3.0,-1.96,-0.33,Matches,
Ghana,all_competitions,Lawrence Ati-Zigi,GK,29-197,2.0,135.0,68.0,37.6,1.5,2,68.0,1,0,,1,0.5,1.0,5.0,-4.0,-2.67,-1.46,Matches,
Ghana,all_competitions,Elisha Owusu,MF,28-219,3.0,109.0,36.0,30.4,1.2,1,59.0,0,2,25.0,0,0.33,1.0,2.0,-1.0,-0.83,1.33,Matches,
Ghana,all_competitions,Gideon Mensah,DF,27-331,2.0,106.0,53.0,29.5,1.2,1,84.0,0,1,22.0,1,0.5,2.0,2.0,0.0,0.0,2.49,Matches,
Ghana,all_competitions,Jerome Opoku,DF,27-243,2.0,97.0,49.0,27.0,1.1,1,75.0,0,1,22.0,1,0.5,2.0,2.0,0.0,0.0,2.4,Matches,
Ghana,all_competitions,Marvin Senaya,DF,25-137,2.0,96.0,48.0,26.7,1.1,1,74.0,0,1,22.0,1,0.5,2.0,2.0,0.0,0.0,2.4,Matches,
Ghana,all_competitions,Nathaniel Adjei,DF,23-297,1.0,89.0,89.0,24.8,1.0,1,89.0,0,0,,0,0.0,0.0,2.0,-2.0,-2.02,-0.36,Matches,
Ghana,all_competitions,Jan Gyamerah,DF,30-361,1.0,89.0,89.0,24.8,1.0,1,89.0,0,0,,0,0.0,0.0,2.0,-2.0,-2.02,-0.36,Matches,
Ghana,all_competitions,Oscar Naasei Oppong,DF,21-110,1.0,89.0,89.0,24.8,1.0,1,89.0,0,0,,0,0.0,0.0,2.0,-2.0,-2.02,-0.36,Matches,
Ghana,all_competitions,Terry Yegbe,DF,25-140,1.0,89.0,89.0,24.8,1.0,1,89.0,0,0,,0,0.0,0.0,2.0,-2.0,-2.02,-0.36,Matches,
Ghana,all_competitions,Emmanuel Agyei,MF,21-223,1.0,75.0,75.0,20.9,0.8,1,75.0,0,0,,0,0.0,0.0,2.0,-2.0,-2.4,-0.82,Matches,
Ghana,all_competitions,Majeed Ashimeru,MF,28-247,1.0,74.0,74.0,20.6,0.8,1,74.0,0,0,,0,0.0,0.0,2.0,-2.0,-2.43,-0.85,Matches,
Ghana,all_competitions,Ibrahim Osman,FW,21-197,1.0,74.0,74.0,20.6,0.8,1,74.0,0,0,,0,0.0,0.0,2.0,-2.0,-2.43,-0.85,Matches,
Ghana,all_competitions,Felix Afena-Gyan,FW,23-146,1.0,66.0,66.0,18.4,0.7,1,66.0,0,0,,0,0.0,0.0,2.0,-2.0,-2.73,-1.19,Matches,
Ghana,all_competitions,Dan Agyei,MF,29-013,1.0,65.0,65.0,18.1,0.7,1,65.0,0,0,,2,0.0,0.0,2.0,-2.0,-2.77,-1.24,Matches,
Ghana,all_competitions,Jesurun Rak Sakyi,FW,23-252,1.0,65.0,65.0,18.1,0.7,1,65.0,0,0,,0,0.0,0.0,2.0,-2.0,-2.77,-1.24,Matches,
Ghana,all_competitions,Kamaldeen Sulemana,MF,24-119,3.0,65.0,22.0,18.1,0.7,1,59.0,0,2,3.0,0,0.33,0.0,1.0,-1.0,-1.38,0.45,Matches,
Ghana,all_competitions,Kojo Peprah Oppong,DF,22-010,1.0,55.0,55.0,15.3,0.6,1,55.0,0,0,,2,0.0,0.0,1.0,-1.0,-1.64,0.14,Matches,
Ghana,all_competitions,Ernest Nuamah,"FW,MF",22-225,1.0,45.0,45.0,12.5,0.5,0,,0,1,45.0,0,1.0,1.0,1.0,0.0,0.0,2.01,Matches,
Ghana,all_competitions,Brandon Thomas-Asante,"FW,MF",27-167,1.0,45.0,45.0,12.5,0.5,0,,0,1,45.0,0,1.0,1.0,1.0,0.0,0.0,2.01,Matches,
Ghana,all_competitions,Christopher Bonsu-Baah,MF,21-182,3.0,37.0,12.0,10.3,0.4,0,,0,3,12.0,0,0.33,1.0,2.0,-1.0,-2.43,-0.76,Matches,
Ghana,all_competitions,Derrick Luckassen,"DF,MF",30-346,1.0,35.0,35.0,9.7,0.4,0,,0,1,35.0,2,0.0,1.0,1.0,0.0,0.0,1.94,Matches,
Ghana,all_competitions,Prince Amoako,FW,19-115,1.0,25.0,25.0,7.0,0.3,0,,0,1,25.0,0,0.0,0.0,0.0,0.0,0.0,1.89,Matches,
Ghana,all_competitions,Razak Simpson,MF,27-334,1.0,25.0,25.0,7.0,0.3,0,,0,1,25.0,0,0.0,0.0,0.0,0.0,0.0,1.89,Matches,
Ghana,all_competitions,Jerry Afriyie,FW,19-186,1.0,24.0,24.0,6.7,0.3,0,,0,1,24.0,0,0.0,0.0,0.0,0.0,0.0,1.88,Matches,
Ghana,all_competitions,Ransford Königsdörffer,"FW,MF",24-274,1.0,22.0,22.0,6.1,0.2,0,,0,1,22.0,1,0.0,1.0,2.0,-1.0,-4.09,-2.49,Matches,
Ghana,all_competitions,Patric Pfeiffer,DF,26-298,1.0,22.0,22.0,6.1,0.2,0,,0,1,22.0,1,0.0,1.0,2.0,-1.0,-4.09,-2.49,Matches,
Ghana,all_competitions,Ibrahim Sulemana,MF,23-023,1.0,22.0,22.0,6.1,0.2,0,,0,1,22.0,1,0.0,1.0,2.0,-1.0,-4.09,-2.49,Matches,
Ghana,all_competitions,Abdul Aziz Issah,MF,20-206,1.0,16.0,16.0,4.5,0.2,0,,0,1,16.0,0,0.0,0.0,0.0,0.0,0.0,1.84,Matches,
Ghana,all_competitions,Joseph Opoku,MF,20-310,1.0,16.0,16.0,4.5,0.2,0,,0,1,16.0,0,0.0,0.0,0.0,0.0,0.0,1.84,Matches,
Ghana,all_competitions,Alidu Seidu,DF,26-010,1.0,16.0,16.0,4.5,0.2,0,,0,1,16.0,0,1.0,0.0,1.0,-1.0,-5.63,-4.05,Matches,
Ghana,all_competitions,Iñaki Williams,"FW,MF",31-364,1.0,16.0,16.0,4.5,0.2,0,,0,1,16.0,0,1.0,0.0,1.0,-1.0,-5.63,-4.05,Matches,
Ghana,all_competitions,Salim Adams,MF,23-246,1.0,15.0,15.0,4.2,0.2,0,,0,1,15.0,0,0.0,0.0,0.0,0.0,0.0,1.83,Matches,
Ghana,all_competitions,Solomon Agbasi,GK,25-244,1.0,15.0,15.0,4.2,0.2,0,,0,1,15.0,0,0.0,0.0,0.0,0.0,0.0,1.83,Matches,
Ghana,all_competitions,Abdul Mumin,DF,28-008,1.0,15.0,15.0,4.2,0.2,0,,0,1,15.0,0,1.0,0.0,1.0,-1.0,-6.0,-4.43,Matches,
Ghana,all_competitions,Abdul Rahman Baba,"DF,MF",31-347,1.0,6.0,6.0,1.7,0.1,0,,0,1,6.0,0,1.0,0.0,1.0,-1.0,-15.0,-13.47,Matches,
Ghana,all_competitions,Ebenezer Abban,DF,28-153,1.0,1.0,1.0,0.3,0.0,0,,0,1,1.0,0,0.0,0.0,0.0,0.0,0.0,1.76,Matches,
Ghana,all_competitions,Ebenezer Adade,DF,24-019,1.0,1.0,1.0,0.3,0.0,0,,0,1,1.0,0,0.0,0.0,0.0,0.0,0.0,1.76,Matches,
Ghana,all_competitions,Dacosta Antwi,DF,19-100,1.0,1.0,1.0,0.3,0.0,0,,0,1,1.0,0,0.0,0.0,0.0,0.0,0.0,1.76,Matches,
Ghana,all_competitions,David Oduro,DF,20-002,1.0,1.0,1.0,0.3,0.0,0,,0,1,1.0,0,0.0,0.0,0.0,0.0,0.0,1.76,Matches,
Ghana,all_competitions,Joseph Anang,GK,26-006,0.0,,,,,0,,0,0,,3,,,,,,,Matches,
Ghana,all_competitions,Augustine Boakye,"FW,MF",25-223,0.0,,,,,0,,0,0,,1,,,,,,,Matches,
Ghana,all_competitions,Squad Total,,26.9,4.0,359.0,90.0,100.0,4.0,44,74.0,9,35,20.0,19,0.25,3.0,10.0,-7.0,-1.75,,,
Ghana,all_competitions,Opponent Total,,27.6,4.0,359.0,90.0,100.0,4.0,44,74.0,8,36,32.0,23,2.5,10.0,3.0,7.0,1.75,,,
Ghana,all_competitions,Jordan Ayew,"FW,MF",34-276,13.0,"1,009",78.0,80.1,11.2,12,83.0,4,1,12.0,0,2.0,24.0,10.0,14.0,1.25,2.69,Matches,
Ghana,all_competitions,Gideon Mensah,"DF,MF",27-331,11.0,905,82.0,71.9,10.1,10,88.0,8,1,22.0,2,2.09,24.0,8.0,16.0,1.59,3.12,Matches,
Ghana,all_competitions,Antoine Semenyo,"FW,MF",26-158,12.0,863,72.0,68.5,9.6,11,76.0,1,1,27.0,1,2.08,19.0,9.0,10.0,1.04,1.04,Matches,
Ghana,all_competitions,Thomas Partey,MF,33-001,10.0,827,83.0,65.7,9.2,10,83.0,6,0,,1,2.2,22.0,10.0,12.0,1.31,1.72,Matches,
Ghana,all_competitions,Alexander Djiku,DF,31-309,9.0,806,90.0,64.0,9.0,9,90.0,8,0,,0,2.33,23.0,11.0,12.0,1.34,1.74,Matches,
Ghana,all_competitions,Mohammed Kudus,"MF,FW",25-316,10.0,799,80.0,88.8,8.9,9,84.0,2,1,45.0,0,2.5,21.0,3.0,18.0,2.03,2.92,Matches,
Ghana,all_competitions,Benjamin Asare,GK,33-336,9.0,750,83.0,59.6,8.3,8,88.0,7,1,45.0,1,1.89,18.0,6.0,12.0,1.44,1.79,Matches,
Ghana,all_competitions,Mohammed Salisu,DF,27-058,8.0,596,75.0,66.2,6.6,7,85.0,4,1,1.0,0,2.75,20.0,3.0,17.0,2.57,2.57,Matches,
Ghana,all_competitions,Jonas Adjetey,DF,22-183,7.0,526,75.0,41.8,5.8,6,86.0,5,1,8.0,2,1.57,5.0,7.0,-2.0,-0.34,-1.82,Matches,
Ghana,all_competitions,Caleb Yirenkyi,"DF,MF",20-150,7.0,474,68.0,37.6,5.3,5,85.0,3,2,24.0,0,1.57,9.0,7.0,2.0,0.38,-0.54,Matches,
Ghana,all_competitions,Salis Abdul Samed,MF,26-080,5.0,421,84.0,46.8,4.7,5,84.0,3,0,,1,2.0,7.0,6.0,1.0,0.21,-2.79,Matches,
Ghana,all_competitions,Kwasi Sibo,MF,27-355,6.0,412,69.0,32.7,4.6,5,73.0,2,1,45.0,0,1.67,8.0,5.0,3.0,0.66,-0.09,Matches,
Ghana,all_competitions,Iñaki Williams,MF,31-364,7.0,393,56.0,31.2,4.4,4,87.0,3,3,16.0,0,2.0,7.0,2.0,5.0,1.15,0.63,Matches,
Ghana,all_competitions,Lawrence Ati-Zigi,GK,29-197,4.0,315,79.0,25.0,3.5,4,79.0,3,0,,9,1.75,7.0,9.0,-2.0,-0.57,-1.72,Matches,
Ghana,all_competitions,Alidu Seidu,"DF,MF",26-010,5.0,304,61.0,24.1,3.4,4,72.0,1,1,16.0,2,2.6,6.0,5.0,1.0,0.3,-0.55,Matches,
Ghana,all_competitions,Abdul Fatawu Issahaku,MF,22-098,7.0,301,43.0,23.9,3.3,4,66.0,0,3,13.0,2,1.43,10.0,6.0,4.0,1.2,0.63,Matches,
Ghana,all_competitions,Jerome Opoku,DF,27-243,7.0,291,42.0,23.1,3.2,3,82.0,0,4,11.0,3,2.0,7.0,3.0,4.0,1.24,0.68,Matches,
Ghana,all_competitions,Elisha Owusu,MF,28-219,7.0,248,35.0,19.7,2.8,2,74.0,0,5,20.0,0,1.57,4.0,4.0,0.0,0.0,-0.89,Matches,
Ghana,all_competitions,Ernest Nuamah,"MF,FW",22-225,6.0,241,40.0,19.1,2.7,2,71.0,0,4,25.0,1,2.17,8.0,2.0,6.0,2.24,1.89,Matches,
Ghana,all_competitions,Kamaldeen Sulemana,MF,24-119,8.0,196,25.0,15.6,2.2,2,61.0,0,6,12.0,3,1.75,4.0,4.0,0.0,0.0,-0.85,Matches,
Ghana,all_competitions,Richard Ofori,GK,32-225,2.0,180,90.0,20.0,2.0,2,90.0,2,0,,0,1.5,1.0,1.0,0.0,0.0,-2.12,Matches,
Ghana,all_competitions,Nicholas Opoku,DF,28-218,2.0,180,90.0,20.0,2.0,2,90.0,2,0,,0,1.5,1.0,1.0,0.0,0.0,-2.12,Matches,
Ghana,all_competitions,Kingsley Schindler,"MF,DF",32-337,2.0,180,90.0,20.0,2.0,2,90.0,2,0,,0,3.0,8.0,0.0,8.0,4.0,2.87,Matches,
Ghana,all_competitions,Prince Kwabena Adu,"FW,MF",22-264,3.0,178,59.0,49.6,2.0,3,59.0,0,0,,0,0.33,0.0,4.0,-4.0,-2.02,-0.53,Matches,
Ghana,all_competitions,Derrick Köhn,DF,27-130,2.0,157,79.0,43.7,1.7,2,79.0,0,0,,0,0.0,1.0,5.0,-4.0,-2.29,-0.96,Matches,
Ghana,all_competitions,Majeed Ashimeru,MF,28-247,3.0,145,48.0,11.5,1.6,1,74.0,0,2,36.0,0,1.0,1.0,2.0,-1.0,-0.62,-1.51,Matches,
Ghana,all_competitions,Denis Odoi,DF,38-018,2.0,135,68.0,15.0,1.5,1,90.0,1,1,45.0,0,1.5,1.0,1.0,0.0,0.0,-2.0,Matches,
Ghana,all_competitions,Iddrisu Baba,MF,30-143,2.0,132,66.0,14.7,1.5,2,66.0,0,0,,0,1.5,0.0,1.0,-1.0,-0.68,-2.79,Matches,
Ghana,all_competitions,Kasim Nuhu,DF,30-357,2.0,118,59.0,13.1,1.3,1,90.0,1,1,28.0,0,1.5,1.0,1.0,0.0,0.0,-1.96,Matches,
Ghana,all_competitions,Tariq Lamptey,MF,25-257,2.0,106,53.0,11.8,1.2,1,90.0,1,1,16.0,2,3.0,2.0,2.0,0.0,0.0,-1.93,Matches,
Ghana,all_competitions,Ebenezer Annan,MF,23-297,2.0,101,51.0,11.2,1.1,1,90.0,1,1,11.0,4,3.0,1.0,0.0,1.0,0.89,-0.91,Matches,
Ghana,all_competitions,Francis Abu,MF,25-048,2.0,99,50.0,11.0,1.1,1,79.0,0,1,20.0,1,3.0,3.0,0.0,3.0,2.73,1.15,Matches,
Ghana,all_competitions,Marvin Senaya,DF,25-137,2.0,96,48.0,26.7,1.1,1,74.0,0,1,22.0,1,0.5,2.0,2.0,0.0,0.0,2.4,Matches,
Ghana,all_competitions,Terry Yegbe,DF,25-140,1.0,89,89.0,24.8,1.0,1,89.0,0,0,,0,0.0,0.0,2.0,-2.0,-2.02,-0.36,Matches,
Ghana,all_competitions,Nathaniel Adjei,DF,23-297,1.0,89,89.0,24.8,1.0,1,89.0,0,0,,0,0.0,0.0,2.0,-2.0,-2.02,-0.36,Matches,
Ghana,all_competitions,Jan Gyamerah,DF,30-361,1.0,89,89.0,24.8,1.0,1,89.0,0,0,,0,0.0,0.0,2.0,-2.0,-2.02,-0.36,Matches,
Ghana,all_competitions,Oscar Naasei Oppong,DF,21-110,1.0,89,89.0,24.8,1.0,1,89.0,0,0,,0,0.0,0.0,2.0,-2.0,-2.02,-0.36,Matches,
Ghana,all_competitions,Ibrahim Osman,"FW,MF",21-197,2.0,79,40.0,6.3,0.9,1,74.0,0,1,5.0,3,0.5,0.0,3.0,-3.0,-3.42,-4.41,Matches,
Ghana,all_competitions,Emmanuel Agyei,MF,21-223,1.0,75,75.0,20.9,0.8,1,75.0,0,0,,0,0.0,0.0,2.0,-2.0,-2.4,-0.82,Matches,
Ghana,all_competitions,Kojo Peprah Oppong,DF,22-010,2.0,70,35.0,5.6,0.8,1,55.0,0,1,15.0,2,1.5,0.0,1.0,-1.0,-1.29,-2.12,Matches,
Ghana,all_competitions,Felix Afena-Gyan,FW,23-146,1.0,66,66.0,18.4,0.7,1,66.0,0,0,,0,0.0,0.0,2.0,-2.0,-2.73,-1.19,Matches,
Ghana,all_competitions,Jesurun Rak Sakyi,FW,23-252,1.0,65,65.0,18.1,0.7,1,65.0,0,0,,0,0.0,0.0,2.0,-2.0,-2.77,-1.24,Matches,
Ghana,all_competitions,Dan Agyei,MF,29-013,1.0,65,65.0,18.1,0.7,1,65.0,0,0,,2,0.0,0.0,2.0,-2.0,-2.77,-1.24,Matches,
Ghana,all_competitions,Daniel Amartey,DF,31-175,1.0,62,62.0,6.9,0.7,1,62.0,0,0,,0,3.0,0.0,0.0,0.0,0.0,-1.83,Matches,
Ghana,all_competitions,Christopher Bonsu-Baah,MF,21-182,5.0,56,11.0,4.4,0.6,0,,0,5,11.0,4,1.0,1.0,3.0,-2.0,-3.21,-4.11,Matches,
Ghana,all_competitions,Brandon Thomas-Asante,"FW,MF",27-167,3.0,52,17.0,4.1,0.6,0,,0,3,17.0,1,2.33,1.0,2.0,-1.0,-1.73,-2.55,Matches,
Ghana,all_competitions,André Ayew,MF,36-179,1.0,45,45.0,5.0,0.5,1,45.0,0,0,,1,0.0,0.0,1.0,-1.0,-2.0,-3.89,Matches,
Ghana,all_competitions,Abdul Mumin,DF,28-008,3.0,42,14.0,3.3,0.5,0,,0,3,14.0,0,2.33,1.0,2.0,-1.0,-2.14,-2.96,Matches,
Ghana,all_competitions,Joseph Paintsil,"FW,MF",28-133,3.0,41,14.0,4.6,0.5,0,,0,3,14.0,1,3.0,1.0,0.0,1.0,2.2,0.52,Matches,
Ghana,all_competitions,Razak Simpson,MF,27-334,2.0,36,18.0,2.9,0.4,0,,0,2,18.0,1,1.5,0.0,0.0,0.0,0.0,-0.74,Matches,
Ghana,all_competitions,Jerry Afriyie,FW,19-186,3.0,36,12.0,2.9,0.4,0,,0,3,12.0,2,1.33,0.0,0.0,0.0,0.0,-0.74,Matches,
Ghana,all_competitions,Derrick Luckassen,"DF,MF",30-346,1.0,35,35.0,9.7,0.4,0,,0,1,35.0,2,0.0,1.0,1.0,0.0,0.0,1.94,Matches,
Ghana,all_competitions,Prince Amoako,FW,19-115,1.0,25,25.0,7.0,0.3,0,,0,1,25.0,0,0.0,0.0,0.0,0.0,0.0,1.89,Matches,
Ghana,all_competitions,Ibrahim Sulemana,MF,23-023,2.0,25,13.0,2.0,0.3,0,,0,2,13.0,3,1.5,2.0,2.0,0.0,0.0,-0.73,Matches,
Ghana,all_competitions,Ransford Königsdörffer,"FW,MF",24-274,1.0,22,22.0,6.1,0.2,0,,0,1,22.0,1,0.0,1.0,2.0,-1.0,-4.09,-2.49,Matches,
Ghana,all_competitions,Patric Pfeiffer,DF,26-298,1.0,22,22.0,6.1,0.2,0,,0,1,22.0,1,0.0,1.0,2.0,-1.0,-4.09,-2.49,Matches,
Ghana,all_competitions,Joseph Opoku,MF,20-310,1.0,16,16.0,4.5,0.2,0,,0,1,16.0,0,0.0,0.0,0.0,0.0,0.0,1.84,Matches,
Ghana,all_competitions,Abdul Aziz Issah,MF,20-206,1.0,16,16.0,4.5,0.2,0,,0,1,16.0,0,0.0,0.0,0.0,0.0,0.0,1.84,Matches,
Ghana,all_competitions,Solomon Agbasi,GK,25-244,1.0,15,15.0,4.2,0.2,0,,0,1,15.0,0,0.0,0.0,0.0,0.0,0.0,1.83,Matches,
Ghana,all_competitions,Salim Adams,MF,23-246,1.0,15,15.0,4.2,0.2,0,,0,1,15.0,0,0.0,0.0,0.0,0.0,0.0,1.83,Matches,
Ghana,all_competitions,Prince Owusu,MF,21-249,1.0,9,9.0,1.0,0.1,0,,0,1,9.0,1,3.0,1.0,0.0,1.0,10.0,8.38,Matches,
Ghana,all_competitions,Osman Bukari,"FW,MF",27-183,1.0,9,9.0,1.0,0.1,0,,0,1,9.0,1,3.0,1.0,0.0,1.0,10.0,8.38,Matches,
Ghana,all_competitions,Lawrence Agyekum,MF,22-203,1.0,8,8.0,0.9,0.1,0,,0,1,8.0,1,3.0,0.0,0.0,0.0,0.0,-1.72,Matches,
Ghana,all_competitions,Abdul Rahman Baba,"DF,MF",31-347,1.0,6,6.0,1.7,0.1,0,,0,1,6.0,0,1.0,0.0,1.0,-1.0,-15.0,-13.47,Matches,
Ghana,all_competitions,Jonathan Sowah,FW,27-164,1.0,3,3.0,0.3,0.0,0,,0,1,3.0,1,0.0,0.0,0.0,0.0,0.0,-1.71,Matches,
Ghana,all_competitions,Ebenezer Adade,DF,24-019,1.0,1,1.0,0.3,0.0,0,,0,1,1.0,0,0.0,0.0,0.0,0.0,0.0,1.76,Matches,
Ghana,all_competitions,Ebenezer Abban,DF,28-153,1.0,1,1.0,0.3,0.0,0,,0,1,1.0,0,0.0,0.0,0.0,0.0,0.0,1.76,Matches,
Ghana,all_competitions,David Oduro,DF,20-002,1.0,1,1.0,0.3,0.0,0,,0,1,1.0,0,0.0,0.0,0.0,0.0,0.0,1.76,Matches,
Ghana,all_competitions,Dacosta Antwi,DF,19-100,1.0,1,1.0,0.3,0.0,0,,0,1,1.0,0,0.0,0.0,0.0,0.0,0.0,1.76,Matches,
Ghana,all_competitions,Augustine Boakye,"FW,MF",25-223,0.0,,,,,0,,0,0,,1,,,,,,,Matches,
Ghana,all_competitions,Hamidu Abdul Fatawu,DF,27-102,0.0,,,,,0,,0,0,,2,,,,,,,Matches,
Ghana,all_competitions,Nurudeen Abdulai,DF,21-317,0.0,,,,,0,,0,0,,1,,,,,,,Matches,
Ghana,all_competitions,Edmund Addo,MF,26-028,0.0,,,,,0,,0,0,,2,,,,,,,Matches,
Ghana,all_competitions,Joseph Anang,GK,26-006,0.0,,,,,0,,0,0,,7,,,,,,,Matches,
Ghana,all_competitions,Mamudu Kamaradini,DF,23-222,0.0,,,,,0,,0,0,,2,,,,,,,Matches,
Ghana,all_competitions,Jojo Wollacott,GK,29-279,0.0,,,,,0,,0,0,,6,,,,,,,Matches,
Ghana,all_competitions,Fredrick Asare,GK,27-017,0.0,,,,,0,,0,0,,2,,,,,,,Matches,
Haiti,all_competitions,Ricardo Adé,DF,36-024,1.0,90.0,90.0,100.0,1.0,1,90.0,1,0,,0,0.0,0.0,1.0,-1.0,-1.0,,Matches,
Haiti,all_competitions,Carlens Arcus,DF,29-351,1.0,90.0,90.0,100.0,1.0,1,90.0,1,0,,0,0.0,0.0,1.0,-1.0,-1.0,,Matches,
Haiti,all_competitions,Jean-Ricner Bellegarde,MF,27-352,1.0,90.0,90.0,100.0,1.0,1,90.0,1,0,,0,0.0,0.0,1.0,-1.0,-1.0,,Matches,
Haiti,all_competitions,Hannes Delcroix,DF,27-106,1.0,90.0,90.0,100.0,1.0,1,90.0,1,0,,0,0.0,0.0,1.0,-1.0,-1.0,,Matches,
Haiti,all_competitions,Martin Expérience,DF,27-097,1.0,90.0,90.0,100.0,1.0,1,90.0,1,0,,0,0.0,0.0,1.0,-1.0,-1.0,,Matches,
Haiti,all_competitions,Danley Jean-Jacques,MF,26-025,1.0,90.0,90.0,100.0,1.0,1,90.0,1,0,,0,0.0,0.0,1.0,-1.0,-1.0,,Matches,
Haiti,all_competitions,Frantzdy Pierrot,FW,31-077,1.0,90.0,90.0,100.0,1.0,1,90.0,1,0,,0,0.0,0.0,1.0,-1.0,-1.0,,Matches,
Haiti,all_competitions,Johny Placide,GK,38-136,1.0,90.0,90.0,100.0,1.0,1,90.0,1,0,,0,0.0,0.0,1.0,-1.0,-1.0,,Matches,
Haiti,all_competitions,Ruben Providence,MF,24-342,1.0,84.0,84.0,93.3,0.9,1,84.0,0,0,,0,0.0,0.0,1.0,-1.0,-1.07,-1.07,Matches,
Haiti,all_competitions,Wilson Isidor,FW,25-291,1.0,75.0,75.0,83.3,0.8,1,75.0,0,0,,0,0.0,0.0,1.0,-1.0,-1.2,-1.2,Matches,
Haiti,all_competitions,Louicius Deedson,MF,25-123,1.0,60.0,60.0,66.7,0.7,1,60.0,0,0,,0,0.0,0.0,1.0,-1.0,-1.5,-1.5,Matches,
Haiti,all_competitions,Josué Casimir,"FW,MF",24-263,1.0,30.0,30.0,33.3,0.3,0,,0,1,30.0,0,0.0,0.0,0.0,0.0,0.0,1.5,Matches,
Haiti,all_competitions,Lenny Joseph,"FW,MF",25-245,1.0,15.0,15.0,16.7,0.2,0,,0,1,15.0,0,0.0,0.0,0.0,0.0,0.0,1.2,Matches,
Haiti,all_competitions,Yassin Fortuné,"FW,MF",27-135,1.0,6.0,6.0,6.7,0.1,0,,0,1,6.0,0,0.0,0.0,0.0,0.0,0.0,1.07,Matches,
Haiti,all_competitions,Josué Duverger,GK,26-048,0.0,,,,,0,,0,0,,1,,,,,,,Matches,
Haiti,all_competitions,Jean-Kevin Duverne,DF,28-337,0.0,,,,,0,,0,0,,1,,,,,,,Matches,
Haiti,all_competitions,Derrick Etienne,"FW,MF",29-201,0.0,,,,,0,,0,0,,1,,,,,,,Matches,
Haiti,all_competitions,Carl Fred Sainté,MF,23-309,0.0,,,,,0,,0,0,,1,,,,,,,Matches,
Haiti,all_competitions,Duke Lacroix,"DF,FW",32-243,0.0,,,,,0,,0,0,,1,,,,,,,Matches,
Haiti,all_competitions,Garven Metusala,DF,26-165,0.0,,,,,0,,0,0,,1,,,,,,,Matches,
Haiti,all_competitions,Duckens Nazon,"FW,MF",32-068,0.0,,,,,0,,0,0,,1,,,,,,,Matches,
Haiti,all_competitions,Wilguens Paugain,DF,24-294,0.0,,,,,0,,0,0,,1,,,,,,,Matches,
Haiti,all_competitions,Alexandre Pierre,GK,25-109,0.0,,,,,0,,0,0,,1,,,,,,,Matches,
Haiti,all_competitions,Woodensky Pierre,MF,21-166,0.0,,,,,0,,0,0,,1,,,,,,,Matches,
Haiti,all_competitions,Dominique Simon,MF,25-320,0.0,,,,,0,,0,0,,1,,,,,,,Matches,
Haiti,all_competitions,Keeto Thermoncy,DF,20-077,0.0,,,,,0,,0,0,,1,,,,,,,Matches,
Haiti,all_competitions,Squad Total,,29.1,1.0,90.0,90.0,100.0,1.0,11,85.0,8,3,17.0,12,0.0,0.0,1.0,-1.0,-1.0,,,
Haiti,all_competitions,Opponent Total,,29.4,1.0,90.0,90.0,100.0,1.0,11,85.0,6,5,13.0,10,3.0,1.0,0.0,1.0,1.0,,,
Haiti,all_competitions,Ricardo Adé,DF,36-024,4.0,284.0,71.0,82.1,3.2,4,71.0,2,0,,0,1.0,3.0,2.0,1.0,0.32,-1.13,Matches,
Haiti,all_competitions,Hannes Delcroix,DF,27-106,4.0,302.0,76.0,87.3,3.4,3,90.0,3,1,32.0,0,1.0,5.0,4.0,1.0,0.3,-1.75,Matches,
Haiti,all_competitions,Jean-Kevin Duverne,DF,28-337,4.0,275.0,69.0,79.5,3.1,3,81.0,0,1,31.0,0,1.0,3.0,4.0,-1.0,-0.33,-4.13,Matches,
Haiti,all_competitions,Martin Expérience,DF,27-097,4.0,258.0,65.0,74.6,2.9,3,71.0,1,1,45.0,0,1.0,5.0,1.0,4.0,1.4,3.44,Matches,
Haiti,all_competitions,Jean-Ricner Bellegarde,MF,27-352,4.0,257.0,64.0,74.3,2.9,3,81.0,1,1,13.0,0,1.0,2.0,4.0,-2.0,-0.7,-4.75,Matches,
Haiti,all_competitions,Danley Jean-Jacques,MF,26-025,3.0,245.0,82.0,70.8,2.7,3,82.0,0,0,,0,1.0,4.0,3.0,1.0,0.37,-0.52,Matches,
Haiti,all_competitions,Wilson Isidor,FW,25-291,4.0,239.0,60.0,69.1,2.7,3,65.0,1,1,45.0,0,1.0,3.0,1.0,2.0,0.75,0.75,Matches,
Haiti,all_competitions,Ruben Providence,MF,24-342,4.0,232.0,58.0,67.1,2.6,3,71.0,1,1,19.0,0,1.0,5.0,1.0,4.0,1.55,3.13,Matches,
Haiti,all_competitions,Alexandre Pierre,GK,25-109,3.0,212.0,71.0,61.3,2.4,2,90.0,2,1,32.0,1,1.33,4.0,2.0,2.0,0.85,0.85,Matches,
Haiti,all_competitions,Duckens Nazon,FW,32-068,4.0,182.0,46.0,52.6,2.0,2,53.0,0,2,38.0,0,1.0,1.0,3.0,-2.0,-0.99,-3.18,Matches,
Haiti,all_competitions,Frantzdy Pierrot,FW,31-077,4.0,165.0,41.0,47.7,1.8,2,52.0,0,2,31.0,0,1.0,5.0,1.0,4.0,2.18,3.18,Matches,
Haiti,all_competitions,Josué Casimir,MF,24-263,3.0,161.0,54.0,46.5,1.8,2,65.0,0,1,31.0,0,1.0,1.0,3.0,-2.0,-1.12,-3.06,Matches,
Haiti,all_competitions,Louicius Deedson,MF,25-123,4.0,157.0,39.0,45.4,1.7,2,60.0,0,2,19.0,0,1.0,4.0,1.0,3.0,1.72,2.2,Matches,
Haiti,all_competitions,Johny Placide,GK,38-136,2.0,135.0,68.0,39.0,1.5,2,68.0,1,0,,0,1.5,2.0,2.0,0.0,0.0,-0.85,Matches,
Haiti,all_competitions,Leverton Pierre,MF,28-097,2.0,126.0,63.0,36.4,1.4,2,63.0,1,0,,1,0.5,0.0,1.0,-1.0,-0.71,-1.94,Matches,
Haiti,all_competitions,Carlens Arcus,DF,29-351,2.0,122.0,61.0,35.3,1.4,2,61.0,0,0,,0,1.5,4.0,0.0,4.0,2.95,3.75,Matches,
Haiti,all_competitions,Dominique Simon,MF,25-320,2.0,95.0,48.0,27.5,1.1,1,64.0,0,1,31.0,0,1.5,3.0,2.0,1.0,0.95,0.59,Matches,
Haiti,all_competitions,Duke Lacroix,DF,32-243,3.0,89.0,30.0,25.7,1.0,1,45.0,0,2,22.0,1,1.0,1.0,3.0,-2.0,-2.02,-3.42,Matches,
Haiti,all_competitions,Yassin Fortuné,MF,27-135,2.0,50.0,25.0,14.5,0.6,1,45.0,0,1,5.0,2,1.5,1.0,1.0,0.0,0.0,-0.61,Matches,
Haiti,all_competitions,Lenny Joseph,"FW,MF",25-245,2.0,63.0,32.0,18.2,0.7,0,,0,2,32.0,0,1.5,3.0,2.0,1.0,1.43,1.11,Matches,
Haiti,all_competitions,Woodensky Pierre,MF,21-166,1.0,54.0,54.0,15.6,0.6,0,,0,1,54.0,3,1.0,1.0,1.0,0.0,0.0,-0.62,Matches,
Haiti,all_competitions,Wilguens Paugain,DF,24-294,4.0,53.0,13.0,15.3,0.6,0,,0,4,13.0,0,1.0,2.0,2.0,0.0,0.0,-0.61,Matches,
Haiti,all_competitions,Derrick Etienne,"FW,MF",29-201,3.0,48.0,16.0,13.9,0.5,0,,0,3,16.0,1,1.33,2.0,0.0,2.0,3.75,3.75,Matches,
Haiti,all_competitions,Carl Fred Sainté,MF,23-309,2.0,12.0,6.0,3.5,0.1,0,,0,2,6.0,2,2.0,2.0,0.0,2.0,15.0,15.0,Matches,
Haiti,all_competitions,Josué Duverger,GK,26-048,0.0,,,,,0,,0,0,,4,,,,,,,Matches,
Haiti,all_competitions,Woobens Pacius,FW,25-034,0.0,,,,,0,,0,0,,2,,,,,,,Matches,
Haiti,all_competitions,Delentz Pierre,DF,25-210,0.0,,,,,0,,0,0,,2,,,,,,,Matches,
Haiti,all_competitions,Keeto Thermoncy,DF,20-077,0.0,,,,,0,,0,0,,2,,,,,,,Matches,
Haiti,all_competitions,Squad Total,,28.4,4.0,346.0,87.0,100.0,3.8,44,70.0,13,30,24.0,21,1.0,6.0,4.0,2.0,0.52,,,
Haiti,all_competitions,Opponent Total,,27.8,4.0,346.0,87.0,100.0,3.8,44,70.0,13,31,22.0,22,1.75,4.0,6.0,-2.0,-0.52,,,
Haiti,all_competitions,Ricardo Adé,DF,35.0,10.0,899.0,90.0,99.9,10.0,10,90.0,9,0,,0,2.0,20.0,12.0,8.0,0.8,90.8,Matches,
Haiti,all_competitions,Frantzdy Pierrot,FW,30.0,10.0,746.0,75.0,82.9,8.3,10,75.0,2,0,,0,2.0,17.0,11.0,6.0,0.72,0.14,Matches,
Haiti,all_competitions,Carlens Arcus,DF,29.0,9.0,749.0,83.0,83.2,8.3,9,83.0,5,0,,0,2.22,18.0,7.0,11.0,1.32,3.71,Matches,
Haiti,all_competitions,Danley Jean-Jacques,MF,25.0,9.0,755.0,84.0,83.9,8.4,8,89.0,6,1,45.0,0,1.89,17.0,12.0,5.0,0.6,-0.65,Matches,
Haiti,all_competitions,Duke Lacroix,DF,32.0,8.0,720.0,90.0,80.0,8.0,8,90.0,8,0,,2,2.13,15.0,10.0,5.0,0.62,-0.38,Matches,
Haiti,all_competitions,Johny Placide,GK,38.0,8.0,720.0,90.0,80.0,8.0,8,90.0,8,0,,0,2.25,17.0,10.0,7.0,0.87,0.87,Matches,
Haiti,all_competitions,Jean-Kevin Duverne,DF,28.0,7.0,630.0,90.0,70.0,7.0,7,90.0,7,0,,0,1.86,14.0,10.0,4.0,0.57,-0.43,Matches,
Haiti,all_competitions,Leverton Pierre,MF,27.0,9.0,594.0,66.0,66.0,6.6,6,83.0,3,3,33.0,0,2.11,12.0,4.0,8.0,1.21,1.51,Matches,
Haiti,all_competitions,Jean-Ricner Bellegarde,MF,27.0,6.0,524.0,87.0,58.2,5.8,6,87.0,4,0,,0,1.83,9.0,6.0,3.0,0.52,-0.44,Matches,
Haiti,all_competitions,Duckens Nazon,FW,31.0,10.0,590.0,59.0,65.6,6.6,5,82.0,2,5,36.0,0,2.0,15.0,11.0,4.0,0.61,-0.26,Matches,
Haiti,all_competitions,Louicius Deedson,"FW,MF",24.0,10.0,424.0,42.0,47.1,4.7,5,66.0,0,5,19.0,0,2.0,12.0,3.0,9.0,1.91,2.29,Matches,
Haiti,all_competitions,Ruben Providence,MF,24.0,7.0,415.0,59.0,46.1,4.6,4,82.0,1,3,29.0,1,2.0,11.0,2.0,9.0,1.95,2.32,Matches,
Haiti,all_competitions,Josué Casimir,MF,24.0,4.0,320.0,80.0,35.6,3.6,4,80.0,2,0,,0,2.25,5.0,3.0,2.0,0.56,-0.21,Matches,
Haiti,all_competitions,Fafà Picault,"MF,FW",34.0,4.0,304.0,76.0,33.8,3.4,4,76.0,1,0,,0,2.5,6.0,2.0,4.0,1.18,0.73,Matches,
Haiti,all_competitions,Hannes Delcroix,DF,26.0,3.0,225.0,75.0,25.0,2.5,2,90.0,2,1,45.0,1,2.0,3.0,0.0,3.0,1.2,0.67,Matches,
Haiti,all_competitions,Martin Expérience,DF,26.0,4.0,217.0,54.0,24.1,2.4,2,90.0,2,2,19.0,2,2.25,6.0,3.0,3.0,1.24,0.72,Matches,
Haiti,all_competitions,Garven Metusala,DF,26.0,2.0,135.0,68.0,15.0,1.5,2,68.0,1,0,,8,0.5,3.0,6.0,-3.0,-2.0,-3.18,Matches,
Haiti,all_competitions,Christopher Attys,MF,24.0,6.0,134.0,22.0,14.9,1.5,2,56.0,0,4,6.0,2,2.17,3.0,3.0,0.0,0.0,-0.82,Matches,
Haiti,all_competitions,Derrick Etienne,MF,29.0,3.0,132.0,44.0,14.7,1.5,2,54.0,0,1,24.0,3,2.0,2.0,4.0,-2.0,-1.36,-2.42,Matches,
Haiti,all_competitions,Carl Fred Sainté,MF,23.0,5.0,119.0,24.0,13.2,1.3,2,45.0,0,3,10.0,3,2.2,1.0,3.0,-2.0,-1.51,-2.55,Matches,
Haiti,all_competitions,Josué Duverger,GK,25.0,1.0,90.0,90.0,10.0,1.0,1,90.0,1,0,,5,1.0,3.0,3.0,0.0,0.0,-0.78,Matches,
Haiti,all_competitions,Alexandre Pierre,GK,24.0,1.0,90.0,90.0,10.0,1.0,1,90.0,1,0,,6,1.0,0.0,0.0,0.0,0.0,-0.78,Matches,
Haiti,all_competitions,Yassin Fortuné,FW,27.0,2.0,78.0,39.0,8.7,0.9,1,68.0,0,1,10.0,0,1.0,2.0,2.0,0.0,0.0,-0.77,Matches,
Haiti,all_competitions,Dany Jean,MF,23.0,2.0,54.0,27.0,6.0,0.6,1,45.0,0,1,9.0,0,1.5,2.0,2.0,0.0,0.0,-0.74,Matches,
Haiti,all_competitions,Belmar Joseph,MF,20.0,2.0,51.0,26.0,5.7,0.6,0,,0,2,26.0,1,1.5,1.0,4.0,-3.0,-5.29,-6.35,Matches,
Haiti,all_competitions,Mikaël Cantave,MF,29.0,2.0,50.0,25.0,5.6,0.6,0,,0,2,25.0,2,1.5,1.0,4.0,-3.0,-5.4,-6.46,Matches,
Haiti,all_competitions,Wilguens Paugain,DF,24.0,1.0,45.0,45.0,5.0,0.5,0,,0,1,45.0,1,0.0,1.0,3.0,-2.0,-4.0,-4.95,Matches,
Haiti,all_competitions,Bryan Labissiere,MF,28.0,1.0,28.0,28.0,3.1,0.3,0,,0,1,28.0,1,3.0,1.0,1.0,0.0,0.0,-0.72,Matches,
Haiti,all_competitions,Mondy Prunier,FW,26.0,2.0,22.0,11.0,2.4,0.2,0,,0,2,11.0,2,3.0,1.0,0.0,1.0,4.09,3.48,Matches,
Haiti,all_competitions,Téo Michel,MF,21.0,2.0,19.0,10.0,2.1,0.2,0,,0,2,10.0,2,2.0,1.0,1.0,0.0,0.0,-0.72,Matches,
Haiti,all_competitions,Stéphane Lambèse,DF,30.0,2.0,15.0,8.0,1.7,0.2,0,,0,2,8.0,2,3.0,0.0,0.0,0.0,0.0,-0.71,Matches,
Haiti,all_competitions,Woobens Pacius,FW,24.0,1.0,4.0,4.0,0.4,0.0,0,,0,1,4.0,3,0.0,0.0,0.0,0.0,0.0,-0.7,Matches,
Haiti,all_competitions,François Dulysse,DF,26.0,1.0,1.0,1.0,0.1,0.0,0,,0,1,1.0,3,0.0,0.0,1.0,-1.0,-90.0,-90.8,Matches,
Haiti,all_competitions,Keeto Thermoncy,DF,19.0,1.0,1.0,1.0,0.1,0.0,0,,0,1,1.0,5,3.0,0.0,0.0,0.0,0.0,-0.7,Matches,
Haiti,all_competitions,Tony Algarin,GK,19.0,0.0,,,,,0,,0,0,,2,,,,,,,Matches,
Haiti,all_competitions,Jerry Desdunes,MF,24.0,0.0,,,,,0,,0,0,,2,,,,,,,Matches,
Haiti,all_competitions,Gooly Elien,GK,25.0,0.0,,,,,0,,0,0,,1,,,,,,,Matches,
Haiti,all_competitions,Garissone Innocent,GK,25.0,0.0,,,,,0,,0,0,,2,,,,,,,Matches,
Haiti,all_competitions,Grant Leveille,GK,17.0,0.0,,,,,0,,0,0,,1,,,,,,,Matches,
Haiti,all_competitions,Squad Total,,29.7,10.0,900.0,90.0,100.0,10.0,110,82.0,65,45,20.0,63,2.0,20.0,13.0,7.0,0.7,,,
Haiti,all_competitions,Opponent Total,,28.7,10.0,900.0,90.0,100.0,10.0,110,82.0,62,48,20.0,71,0.8,13.0,20.0,-7.0,-0.7,,,
Haiti,all_competitions,Ricardo Adé,DF,36-024,15.0,"1,273",85.0,95.3,14.1,15,85.0,12,0,,0,1.6,23.0,15.0,8.0,0.57,0.57,Matches,
Haiti,all_competitions,Danley Jean-Jacques,MF,26-025,13.0,"1,090",84.0,81.6,12.1,12,87.0,7,1,45.0,0,1.54,21.0,16.0,5.0,0.41,-0.68,Matches,
Haiti,all_competitions,Frantzdy Pierrot,FW,31-077,15.0,"1,001",67.0,74.9,11.1,13,72.0,3,2,31.0,0,1.6,22.0,13.0,9.0,0.81,1.08,Matches,
Haiti,all_competitions,Carlens Arcus,DF,29-351,12.0,961,80.0,71.9,10.7,12,80.0,6,0,,0,1.92,22.0,8.0,14.0,1.31,2.75,Matches,
Haiti,all_competitions,Johny Placide,GK,38-136,11.0,945,86.0,70.7,10.5,11,86.0,10,0,,0,1.91,19.0,13.0,6.0,0.57,0.11,Matches,
Haiti,all_competitions,Jean-Kevin Duverne,DF,28-337,11.0,905,82.0,67.7,10.1,10,87.0,7,1,31.0,1,1.55,17.0,14.0,3.0,0.3,-1.29,Matches,
Haiti,all_competitions,Jean-Ricner Bellegarde,MF,27-352,11.0,871,79.0,65.2,9.7,10,86.0,6,1,13.0,0,1.36,11.0,11.0,0.0,0.0,-1.55,Matches,
Haiti,all_competitions,Duke Lacroix,"DF,FW",32-243,11.0,809,74.0,60.6,9.0,9,85.0,8,2,22.0,4,1.82,16.0,13.0,3.0,0.33,-0.9,Matches,
Haiti,all_competitions,Duckens Nazon,"FW,MF",32-068,14.0,772,55.0,57.8,8.6,7,73.0,2,7,37.0,1,1.71,16.0,14.0,2.0,0.23,-1.1,Matches,
Haiti,all_competitions,Ruben Providence,MF,24-342,12.0,731,61.0,54.7,8.1,8,78.0,2,4,27.0,1,1.5,16.0,4.0,12.0,1.48,2.07,Matches,
Haiti,all_competitions,Leverton Pierre,MF,28-097,11.0,720,65.0,57.8,8.0,8,78.0,4,3,33.0,1,1.82,12.0,5.0,7.0,0.87,0.53,Matches,
Haiti,all_competitions,Louicius Deedson,MF,25-123,15.0,641,43.0,48.0,7.1,8,64.0,0,7,19.0,0,1.6,16.0,5.0,11.0,1.54,1.93,Matches,
Haiti,all_competitions,Hannes Delcroix,DF,27-106,8.0,617,77.0,46.2,6.9,6,90.0,6,2,39.0,1,1.25,8.0,5.0,3.0,0.44,-0.19,Matches,
Haiti,all_competitions,Martin Expérience,DF,27-097,9.0,565,63.0,42.3,6.3,6,81.0,4,3,27.0,2,1.44,11.0,5.0,6.0,0.96,0.72,Matches,
Haiti,all_competitions,Josué Casimir,"FW,MF",24-263,8.0,511,64.0,38.2,5.7,6,75.0,2,2,31.0,0,1.5,6.0,6.0,0.0,0.0,-0.87,Matches,
Haiti,all_competitions,Wilson Isidor,FW,25-291,5.0,314,63.0,72.0,3.5,4,67.0,1,1,45.0,0,0.8,3.0,2.0,1.0,0.29,0.29,Matches,
Haiti,all_competitions,Fafà Picault,"MF,FW",35-111,4.0,304,76.0,33.8,3.4,4,76.0,1,0,,0,2.5,6.0,2.0,4.0,1.18,0.73,Matches,
Haiti,all_competitions,Alexandre Pierre,GK,25-109,4.0,302,76.0,22.6,3.4,3,90.0,3,1,32.0,8,1.25,4.0,2.0,2.0,0.6,-0.07,Matches,
Haiti,all_competitions,Derrick Etienne,"FW,MF",29-201,6.0,180,30.0,13.5,2.0,2,54.0,0,4,18.0,5,1.67,4.0,4.0,0.0,0.0,-0.76,Matches,
Haiti,all_competitions,Garven Metusala,DF,26-165,2.0,135,68.0,13.6,1.5,2,68.0,1,0,,9,0.5,3.0,6.0,-3.0,-2.0,-3.18,Matches,
Haiti,all_competitions,Yassin Fortuné,"FW,MF",27-135,5.0,134,27.0,10.0,1.5,2,57.0,0,3,7.0,2,1.0,3.0,3.0,0.0,0.0,-0.6,Matches,
Haiti,all_competitions,Christopher Attys,MF,25-093,6.0,134,22.0,14.9,1.5,2,56.0,0,4,6.0,2,2.17,3.0,3.0,0.0,0.0,-0.82,Matches,
Haiti,all_competitions,Carl Fred Sainté,MF,23-309,7.0,131,19.0,9.8,1.5,2,45.0,0,5,8.0,6,2.14,3.0,3.0,0.0,0.0,-0.73,Matches,
Haiti,all_competitions,Wilguens Paugain,DF,24-294,5.0,98,20.0,7.3,1.1,0,,0,5,20.0,2,0.8,3.0,5.0,-2.0,-1.84,-2.7,Matches,
Haiti,all_competitions,Dominique Simon,MF,25-320,2.0,95,48.0,21.8,1.1,1,64.0,0,1,31.0,1,1.5,3.0,2.0,1.0,0.95,0.59,Matches,
Haiti,all_competitions,Josué Duverger,GK,26-048,1.0,90,90.0,6.7,1.0,1,90.0,1,0,,10,1.0,3.0,3.0,0.0,0.0,-0.78,Matches,
Haiti,all_competitions,Lenny Joseph,"FW,MF",25-245,3.0,78,26.0,17.9,0.9,0,,0,3,26.0,0,1.0,3.0,2.0,1.0,1.15,1.15,Matches,
Haiti,all_competitions,Woodensky Pierre,MF,21-166,1.0,54,54.0,12.4,0.6,0,,0,1,54.0,4,1.0,1.0,1.0,0.0,0.0,-0.62,Matches,
Haiti,all_competitions,Dany Jean,MF,23-198,2.0,54,27.0,6.0,0.6,1,45.0,0,1,9.0,0,1.5,2.0,2.0,0.0,0.0,-0.74,Matches,
Haiti,all_competitions,Belmar Joseph,MF,20-244,2.0,51,26.0,5.7,0.6,0,,0,2,26.0,1,1.5,1.0,4.0,-3.0,-5.29,-6.35,Matches,
Haiti,all_competitions,Mikaël Cantave,MF,29-232,2.0,50,25.0,5.6,0.6,0,,0,2,25.0,2,1.5,1.0,4.0,-3.0,-5.4,-6.46,Matches,
Haiti,all_competitions,Bryan Labissiere,MF,29-123,1.0,28,28.0,3.1,0.3,0,,0,1,28.0,1,3.0,1.0,1.0,0.0,0.0,-0.72,Matches,
Haiti,all_competitions,Mondy Prunier,FW,26-174,2.0,22,11.0,2.4,0.2,0,,0,2,11.0,2,3.0,1.0,0.0,1.0,4.09,3.48,Matches,
Haiti,all_competitions,Téo Michel,MF,22-042,2.0,19,10.0,2.1,0.2,0,,0,2,10.0,2,2.0,1.0,1.0,0.0,0.0,-0.72,Matches,
Haiti,all_competitions,Stéphane Lambèse,DF,31-035,2.0,15,8.0,1.7,0.2,0,,0,2,8.0,2,3.0,0.0,0.0,0.0,0.0,-0.71,Matches,
Haiti,all_competitions,Woobens Pacius,FW,25-034,1.0,4,4.0,0.3,0.0,0,,0,1,4.0,5,0.0,0.0,0.0,0.0,0.0,-0.7,Matches,
Haiti,all_competitions,François Dulysse,DF,27-062,1.0,1,1.0,0.1,0.0,0,,0,1,1.0,3,0.0,0.0,1.0,-1.0,-90.0,-90.8,Matches,
Haiti,all_competitions,Keeto Thermoncy,DF,20-077,1.0,1,1.0,0.1,0.0,0,,0,1,1.0,8,3.0,0.0,0.0,0.0,0.0,-0.7,Matches,
Haiti,all_competitions,Gooly Elien,GK,25-334,0.0,,,,,0,,0,0,,1,,,,,,,Matches,
Haiti,all_competitions,Garissone Innocent,GK,26-059,0.0,,,,,0,,0,0,,2,,,,,,,Matches,
Haiti,all_competitions,Jerry Desdunes,MF,25-062,0.0,,,,,0,,0,0,,2,,,,,,,Matches,
Haiti,all_competitions,Tony Algarin,GK,19-145,0.0,,,,,0,,0,0,,2,,,,,,,Matches,
Haiti,all_competitions,Grant Leveille,GK,17-346,0.0,,,,,0,,0,0,,1,,,,,,,Matches,
Haiti,all_competitions,Delentz Pierre,DF,25-210,0.0,,,,,0,,0,0,,2,,,,,,,Matches,
IR Iran,all_competitions,Alireza Beiranvand,GK,33-266,,90.0,90.0,100.0,1.0,1,90.0,1,0,,0,3.0,3.0,1.0,2.0,2.0,,Matches,1.0
IR Iran,all_competitions,Hossein Kanaanizadegan,DF,32-083,,90.0,90.0,100.0,1.0,1,90.0,1,0,,0,3.0,3.0,1.0,2.0,2.0,,Matches,1.0
IR Iran,all_competitions,Ali Nemati,DF,30-126,,90.0,90.0,100.0,1.0,1,90.0,1,0,,0,3.0,3.0,1.0,2.0,2.0,,Matches,1.0
IR Iran,all_competitions,Mohammad Mohebi,MF,27-176,,86.0,86.0,95.6,1.0,1,86.0,0,0,,0,3.0,3.0,1.0,2.0,2.09,-42.91,Matches,1.0
IR Iran,all_competitions,Mehdi Taremi,MF,33-331,,86.0,86.0,95.6,1.0,1,86.0,0,0,,0,3.0,3.0,1.0,2.0,2.09,-42.91,Matches,1.0
IR Iran,all_competitions,Saeid Ezatolahi,MF,29-256,,69.0,69.0,76.7,0.8,1,69.0,0,0,,0,3.0,3.0,1.0,2.0,2.61,-5.96,Matches,1.0
IR Iran,all_competitions,Amirhossein Hosseinzadeh,MF,25-227,,65.0,65.0,72.2,0.7,1,65.0,0,0,,0,3.0,2.0,1.0,1.0,1.38,-9.42,Matches,1.0
IR Iran,all_competitions,Aria Yousefi,DF,24-053,,65.0,65.0,72.2,0.7,1,65.0,0,0,,0,3.0,2.0,1.0,1.0,1.38,-9.42,Matches,1.0
IR Iran,all_competitions,Ehsan Hajsafi,DF,36-109,,45.0,45.0,50.0,0.5,1,45.0,0,0,,0,3.0,0.0,1.0,-1.0,-2.0,-12.0,Matches,1.0
IR Iran,all_competitions,Amirmohammad Razzaghinia,MF,20-064,,45.0,45.0,50.0,0.5,1,45.0,0,0,,0,3.0,0.0,1.0,-1.0,-2.0,-12.0,Matches,1.0
IR Iran,all_competitions,Kasra Taheri,FW,19-312,,45.0,45.0,50.0,0.5,1,45.0,0,0,,0,3.0,0.0,1.0,-1.0,-2.0,-12.0,Matches,1.0
IR Iran,all_competitions,Ali Alipour,FW,30-215,,45.0,45.0,50.0,0.5,0,,0,1,45.0,0,3.0,3.0,0.0,3.0,6.0,4.0,Matches,1.0
IR Iran,all_competitions,Shoja' Khalilzadeh,DF,37-031,,45.0,45.0,50.0,0.5,0,,0,1,45.0,0,3.0,3.0,0.0,3.0,6.0,4.0,Matches,1.0
IR Iran,all_competitions,Ramin Rezaeian,DF,36-085,,45.0,45.0,50.0,0.5,0,,0,1,45.0,0,3.0,3.0,0.0,3.0,6.0,4.0,Matches,1.0
IR Iran,all_competitions,Shahriar Moghanlou,MF,31-175,,25.0,25.0,27.8,0.3,0,,0,1,25.0,0,3.0,1.0,0.0,1.0,3.6,-0.55,Matches,1.0
IR Iran,all_competitions,Mehdi Torabi,MF,31-277,,25.0,25.0,27.8,0.3,0,,0,1,25.0,0,3.0,1.0,0.0,1.0,3.6,-0.55,Matches,1.0
IR Iran,all_competitions,Mohammad Ghorbani,MF,25-024,,21.0,21.0,23.3,0.2,0,,0,1,21.0,0,3.0,0.0,0.0,0.0,0.0,-5.22,Matches,1.0
IR Iran,all_competitions,Amirhossein Mahmoudi,FW,19-337,,4.0,4.0,4.4,0.0,0,,0,1,4.0,0,3.0,0.0,0.0,0.0,0.0,-4.19,Matches,1.0
IR Iran,all_competitions,Omid Noorafkan,MF,29-066,,4.0,4.0,4.4,0.0,0,,0,1,4.0,0,3.0,0.0,0.0,0.0,0.0,-4.19,Matches,1.0
IR Iran,all_competitions,Dennis Eckert,FW,29-156,,,,,,0,,0,0,,1,,,,,,,Matches,0.0
IR Iran,all_competitions,Hadi Habibinejad,MF,30-240,,,,,,0,,0,0,,1,,,,,,,Matches,0.0
IR Iran,all_competitions,Saleh Hardani,DF,27-170,,,,,,0,,0,0,,1,,,,,,,Matches,0.0
IR Iran,all_competitions,Hossein Hosseini,GK,33-349,,,,,,0,,0,0,,1,,,,,,,Matches,0.0
IR Iran,all_competitions,Mohammad Khalifeh,GK,21-299,,,,,,0,,0,0,,1,,,,,,,Matches,0.0
IR Iran,all_competitions,Milad Mohammadi,"DF,MF",32-258,,,,,,0,,0,0,,1,,,,,,,Matches,0.0
IR Iran,all_competitions,Payam Niazmand,GK,31-069,,,,,,0,,0,0,,1,,,,,,,Matches,0.0
IR Iran,all_competitions,Squad Total,,29.9,,90.0,45.0,100.0,1.0,11,71.0,3,8,27.0,7,3.0,5.0,1.0,4.0,4.0,,,2.0
IR Iran,all_competitions,Opponent Total,,25.8,,90.0,45.0,100.0,1.0,11,71.0,8,3,30.0,1,0.0,1.0,5.0,-4.0,-4.0,,,2.0
IR Iran,all_competitions,Mehdi Taremi,"MF,FW",33.0,,"1,329",89.0,92.3,14.8,15,89.0,9,0,,1,2.27,30.0,12.0,18.0,1.22,-2.84,Matches,15.0
IR Iran,all_competitions,Alireza Beiranvand,GK,33.0,,"1,170",90.0,81.3,13.0,13,90.0,13,0,,3,2.15,27.0,10.0,17.0,1.31,-0.69,Matches,13.0
IR Iran,all_competitions,Shoja' Khalilzadeh,DF,36.0,,"1,131",87.0,78.5,12.6,13,87.0,12,0,,0,2.15,24.0,8.0,16.0,1.27,-0.77,Matches,13.0
IR Iran,all_competitions,Milad Mohammadi,DF,32.0,,"1,128",81.0,78.3,12.5,13,85.0,10,1,25.0,1,2.21,23.0,9.0,14.0,1.12,-1.48,Matches,14.0
IR Iran,all_competitions,Saeid Ezatolahi,MF,29.0,,"1,051",81.0,73.0,11.7,12,86.0,9,1,24.0,0,2.31,26.0,9.0,17.0,1.46,0.07,Matches,13.0
IR Iran,all_competitions,Sardar Azmoun,FW,31.0,,983,76.0,68.3,10.9,12,79.0,2,1,34.0,0,2.38,25.0,10.0,15.0,1.37,-0.2,Matches,13.0
IR Iran,all_competitions,Saman Ghoddos,MF,32.0,,929,71.0,64.5,10.3,12,74.0,3,1,45.0,0,2.15,22.0,4.0,18.0,1.74,0.86,Matches,13.0
IR Iran,all_competitions,Hossein Kanaanizadegan,DF,31.0,,847,85.0,58.8,9.4,9,90.0,9,1,37.0,1,2.4,20.0,8.0,12.0,1.28,-0.39,Matches,10.0
IR Iran,all_competitions,Mohammad Mohebi,"MF,FW",27.0,,725,81.0,50.3,8.1,9,81.0,3,0,,0,2.56,22.0,6.0,16.0,1.99,1.11,Matches,9.0
IR Iran,all_competitions,Saleh Hardani,DF,27.0,,739,67.0,51.3,8.2,8,81.0,5,3,31.0,1,2.18,14.0,4.0,10.0,1.22,-0.45,Matches,11.0
IR Iran,all_competitions,Mehdi Ghayedi,MF,27.0,,651,59.0,45.2,7.2,8,71.0,1,3,28.0,0,2.64,19.0,6.0,13.0,1.8,0.66,Matches,11.0
IR Iran,all_competitions,Alireza Jahanbakhsh,MF,32.0,,646,65.0,44.9,7.2,7,83.0,3,3,23.0,0,2.4,11.0,4.0,7.0,0.98,-0.84,Matches,10.0
IR Iran,all_competitions,Omid Noorafkan,"MF,DF",28.0,,581,48.0,40.3,6.5,5,87.0,4,7,21.0,2,2.5,14.0,2.0,12.0,1.86,0.71,Matches,12.0
IR Iran,all_competitions,Ali Nemati,DF,29.0,,505,63.0,35.1,5.6,5,90.0,5,3,18.0,0,2.13,13.0,6.0,7.0,1.25,-0.29,Matches,8.0
IR Iran,all_competitions,Mohammad Karimi,MF,29.0,,289,41.0,20.1,3.2,4,66.0,0,3,9.0,2,2.29,9.0,5.0,4.0,1.25,-0.24,Matches,7.0
IR Iran,all_competitions,Aria Yousefi,DF,23.0,,278,56.0,19.3,3.1,4,67.0,1,1,10.0,7,2.6,9.0,4.0,5.0,1.62,0.22,Matches,5.0
IR Iran,all_competitions,Ali Gholizadeh,MF,29.0,,282,35.0,19.6,3.1,3,64.0,0,5,18.0,2,2.5,8.0,1.0,7.0,2.23,0.99,Matches,8.0
IR Iran,all_competitions,Ramin Rezaeian,DF,35.0,,270,90.0,18.8,3.0,3,90.0,3,0,,1,2.33,7.0,2.0,5.0,1.67,0.28,Matches,3.0
IR Iran,all_competitions,Amin Hazbavi,DF,22.0,,255,64.0,17.7,2.8,3,84.0,2,1,4.0,8,3.0,10.0,2.0,8.0,2.82,1.68,Matches,4.0
IR Iran,all_competitions,Mohammad Ghorbani,"MF,FW",24.0,,248,35.0,17.2,2.8,2,80.0,1,5,18.0,6,2.71,7.0,3.0,4.0,1.45,0.02,Matches,7.0
IR Iran,all_competitions,Mehdi Torabi,MF,31.0,,228,57.0,15.8,2.5,2,88.0,0,2,26.0,2,2.0,4.0,2.0,2.0,0.79,-0.77,Matches,4.0
IR Iran,all_competitions,Hossein Hosseini,GK,33.0,,180,90.0,12.5,2.0,2,90.0,2,0,,11,3.0,4.0,0.0,4.0,2.0,0.64,Matches,2.0
IR Iran,all_competitions,Aref Aghasi,DF,29.0,,176,88.0,12.2,2.0,2,88.0,1,0,,0,1.5,2.0,1.0,1.0,0.51,-1.06,Matches,2.0
IR Iran,all_competitions,Mohammadmehdi Mohebi,"MF,FW",25.0,,152,76.0,10.6,1.7,2,76.0,0,0,,0,1.5,2.0,1.0,1.0,0.59,-0.95,Matches,2.0
IR Iran,all_competitions,Rouzbeh Cheshmi,MF,32.0,,179,45.0,12.4,2.0,1,90.0,1,3,30.0,3,1.75,3.0,2.0,1.0,0.5,-1.07,Matches,4.0
IR Iran,all_competitions,Amirhossein Hosseinzadeh,MF,25.0,,95,24.0,6.6,1.1,1,45.0,0,3,17.0,4,2.25,3.0,1.0,2.0,1.89,0.49,Matches,4.0
IR Iran,all_competitions,Ehsan Hajsafi,DF,35.0,,91,46.0,6.3,1.0,1,90.0,1,1,1.0,0,2.0,4.0,0.0,4.0,3.96,2.69,Matches,2.0
IR Iran,all_competitions,Payam Niazmand,GK,30.0,,90,90.0,6.3,1.0,1,90.0,1,0,,13,3.0,4.0,2.0,2.0,2.0,0.6,Matches,1.0
IR Iran,all_competitions,Abolfazl Jalali,DF,27.0,,68,34.0,4.7,0.8,1,65.0,0,1,3.0,4,2.0,4.0,2.0,2.0,2.65,1.27,Matches,2.0
IR Iran,all_competitions,Mahdi Hashemnezhad,FW,24.0,,55,55.0,3.8,0.6,1,55.0,0,0,,1,3.0,0.0,0.0,0.0,0.0,-1.49,Matches,1.0
IR Iran,all_competitions,Ali Alipour,FW,30.0,,38,19.0,2.6,0.4,1,37.0,0,1,1.0,2,1.5,0.0,0.0,0.0,0.0,-1.48,Matches,2.0
IR Iran,all_competitions,Amirmohammad Razzaghinia,MF,19.0,,33,33.0,2.3,0.4,1,33.0,0,0,,1,3.0,0.0,0.0,0.0,0.0,-1.47,Matches,1.0
IR Iran,all_competitions,Shahriar Moghanlou,MF,31.0,,132,17.0,9.2,1.5,0,,0,8,17.0,2,2.13,4.0,0.0,4.0,2.73,1.42,Matches,8.0
IR Iran,all_competitions,Ali Karimi,MF,31.0,,47,47.0,3.3,0.5,0,,0,1,47.0,1,1.0,0.0,2.0,-2.0,-3.83,-5.45,Matches,1.0
IR Iran,all_competitions,Omid Ebrahimi,MF,38.0,,21,21.0,1.5,0.2,0,,0,1,21.0,1,3.0,2.0,0.0,2.0,8.57,7.24,Matches,1.0
IR Iran,all_competitions,Saman Fallah,MF,24.0,,20,10.0,1.4,0.2,0,,0,2,10.0,0,3.0,1.0,0.0,1.0,4.5,3.11,Matches,2.0
IR Iran,all_competitions,Allahyar Sayyadmanesh,"FW,MF",24.0,,19,19.0,1.3,0.2,0,,0,1,19.0,5,3.0,1.0,0.0,1.0,4.74,3.34,Matches,1.0
IR Iran,all_competitions,Reza Asadi,MF,30.0,,18,9.0,1.3,0.2,0,,0,2,9.0,0,2.0,2.0,0.0,2.0,10.0,8.67,Matches,2.0
IR Iran,all_competitions,Mehrdad Mohammadi,"FW,MF",32.0,,16,16.0,1.1,0.2,0,,0,1,16.0,0,1.0,0.0,1.0,-1.0,-5.63,-7.14,Matches,1.0
IR Iran,all_competitions,Mohammadreza Azadi,FW,26.0,,7,7.0,0.5,0.1,0,,0,1,7.0,2,3.0,1.0,0.0,1.0,12.86,11.48,Matches,1.0
IR Iran,all_competitions,Javad Hosseinnezhad,MF,22.0,,6,2.0,0.4,0.1,0,,0,3,2.0,7,3.0,3.0,0.0,3.0,45.0,43.74,Matches,3.0
IR Iran,all_competitions,Javad Aghaeipour,FW,26.0,,1,1.0,0.1,0.0,0,,0,1,1.0,3,3.0,0.0,0.0,0.0,0.0,-1.44,Matches,1.0
IR Iran,all_competitions,Karim Ansarifard,FW,35.0,,1,1.0,0.1,0.0,0,,0,1,1.0,1,3.0,1.0,0.0,1.0,90.0,88.62,Matches,1.0
IR Iran,all_competitions,Mohammad Daneshgar,"DF,MF",32.0,,,,,,0,,0,0,,1,,,,,,,Matches,0.0
IR Iran,all_competitions,Aref Gholami,DF,28.0,,,,,,0,,0,0,,2,,,,,,,Matches,0.0
IR Iran,all_competitions,Hossein Goudarzi,DF,24.0,,,,,,0,,0,0,,1,,,,,,,Matches,0.0
IR Iran,all_competitions,Majid Hosseini,DF,29.0,,,,,,0,,0,0,,2,,,,,,,Matches,0.0
IR Iran,all_competitions,Mehdi Lamouchi,MF,26.0,,,,,,0,,0,0,,2,,,,,,,Matches,0.0
IR Iran,all_competitions,Saeid Mehri,MF,27.0,,,,,,0,,0,0,,1,,,,,,,Matches,0.0
IR Iran,all_competitions,Sadegh Moharrami,"DF,MF",29.0,,,,,,0,,0,0,,4,,,,,,,Matches,0.0
IR Iran,all_competitions,Morteza Pouraliganji,"DF,MF",33.0,,,,,,0,,0,0,,2,,,,,,,Matches,0.0
IR Iran,all_competitions,Hossein Pourhamidi,GK,27.0,,,,,,0,,0,0,,3,,,,,,,Matches,0.0
IR Iran,all_competitions,Mohammad Reza Akhbari,GK,32.0,,,,,,0,,0,0,,1,,,,,,,Matches,0.0
IR Iran,all_competitions,Saeid Saharkhizan,FW,22.0,,,,,,0,,0,0,,2,,,,,,,Matches,0.0
IR Iran,all_competitions,Arsha Shakouri,GK,19.0,,,,,,0,,0,0,,1,,,,,,,Matches,0.0
IR Iran,all_competitions,Squad Total,,30.9,,"1,440",90.0,100.0,16.0,176,82.0,101,72,18.0,120,2.31,35.0,12.0,23.0,1.44,,,16.0
IR Iran,all_competitions,Opponent Total,,28.6,,"1,440",90.0,100.0,16.0,176,82.0,112,63,21.0,125,0.44,12.0,35.0,-23.0,-1.44,,,16.0
IR Iran,all_competitions,Mehdi Taremi,"MF,FW",33-331,,"1,415",88.0,92.5,15.7,16,88.0,9,0,,1,2.32,33.0,13.0,20.0,1.27,-4.21,Matches,16.0
IR Iran,all_competitions,Alireza Beiranvand,GK,33-266,,"1,260",90.0,82.4,14.0,14,90.0,14,0,,3,2.21,30.0,11.0,19.0,1.36,-1.31,Matches,14.0
IR Iran,all_competitions,Shoja' Khalilzadeh,DF,37-031,,"1,176",84.0,76.9,13.1,13,87.0,12,1,45.0,0,2.21,27.0,8.0,19.0,1.45,-0.58,Matches,14.0
IR Iran,all_competitions,Milad Mohammadi,DF,32-258,,"1,128",81.0,73.7,12.5,13,85.0,10,1,25.0,2,2.21,23.0,9.0,14.0,1.12,-1.48,Matches,14.0
IR Iran,all_competitions,Saeid Ezatolahi,MF,29-256,,"1,120",80.0,73.2,12.4,13,84.0,9,1,24.0,0,2.36,29.0,10.0,19.0,1.53,-0.23,Matches,14.0
IR Iran,all_competitions,Sardar Azmoun,FW,31-164,,983,76.0,68.3,10.9,12,79.0,2,1,34.0,0,2.38,25.0,10.0,15.0,1.37,-0.2,Matches,13.0
IR Iran,all_competitions,Hossein Kanaanizadegan,DF,32-083,,937,85.0,61.2,10.4,10,90.0,10,1,37.0,1,2.45,23.0,9.0,14.0,1.34,-0.63,Matches,11.0
IR Iran,all_competitions,Saman Ghoddos,MF,32-281,,929,71.0,64.5,10.3,12,74.0,3,1,45.0,0,2.15,22.0,4.0,18.0,1.74,0.86,Matches,13.0
IR Iran,all_competitions,Mohammad Mohebi,"MF,FW",27-176,,811,81.0,53.0,9.0,10,81.0,3,0,,0,2.6,25.0,7.0,18.0,2.0,0.87,Matches,10.0
IR Iran,all_competitions,Saleh Hardani,DF,27-170,,739,67.0,48.3,8.2,8,81.0,5,3,31.0,2,2.18,14.0,4.0,10.0,1.22,-0.45,Matches,11.0
IR Iran,all_competitions,Mehdi Ghayedi,MF,27-191,,651,59.0,45.2,7.2,8,71.0,1,3,28.0,0,2.64,19.0,6.0,13.0,1.8,0.66,Matches,11.0
IR Iran,all_competitions,Alireza Jahanbakhsh,MF,32-307,,646,65.0,44.9,7.2,7,83.0,3,3,23.0,0,2.4,11.0,4.0,7.0,0.98,-0.84,Matches,10.0
IR Iran,all_competitions,Ali Nemati,DF,30-126,,595,66.0,38.9,6.6,6,90.0,6,3,18.0,0,2.23,16.0,7.0,9.0,1.36,-0.37,Matches,9.0
IR Iran,all_competitions,Omid Noorafkan,"MF,DF",29-066,,585,45.0,38.2,6.5,5,87.0,4,8,19.0,2,2.54,14.0,2.0,12.0,1.85,0.42,Matches,13.0
IR Iran,all_competitions,Aria Yousefi,DF,24-053,,343,57.0,22.4,3.8,5,67.0,1,1,10.0,7,2.67,11.0,5.0,6.0,1.57,-0.02,Matches,6.0
IR Iran,all_competitions,Ramin Rezaeian,DF,36-085,,315,79.0,20.6,3.5,3,90.0,3,1,45.0,1,2.5,10.0,2.0,8.0,2.29,0.88,Matches,4.0
IR Iran,all_competitions,Mohammad Karimi,MF,29-359,,289,41.0,20.1,3.2,4,66.0,0,3,9.0,2,2.29,9.0,5.0,4.0,1.25,-0.24,Matches,7.0
IR Iran,all_competitions,Ali Gholizadeh,MF,30-096,,282,35.0,19.6,3.1,3,64.0,0,5,18.0,2,2.5,8.0,1.0,7.0,2.23,0.99,Matches,8.0
IR Iran,all_competitions,Mohammad Ghorbani,"MF,FW",25-024,,269,34.0,17.6,3.0,2,80.0,1,6,18.0,6,2.75,7.0,3.0,4.0,1.34,-0.3,Matches,8.0
IR Iran,all_competitions,Amin Hazbavi,DF,23-039,,255,64.0,17.7,2.8,3,84.0,2,1,4.0,8,3.0,10.0,2.0,8.0,2.82,1.68,Matches,4.0
IR Iran,all_competitions,Mehdi Torabi,MF,31-277,,253,51.0,16.5,2.8,2,88.0,0,3,26.0,2,2.2,5.0,2.0,3.0,1.07,-0.62,Matches,5.0
IR Iran,all_competitions,Hossein Hosseini,GK,33-349,,180,90.0,11.8,2.0,2,90.0,2,0,,12,3.0,4.0,0.0,4.0,2.0,0.64,Matches,2.0
IR Iran,all_competitions,Rouzbeh Cheshmi,MF,32-325,,179,45.0,12.4,2.0,1,90.0,1,3,30.0,3,1.75,3.0,2.0,1.0,0.5,-1.07,Matches,4.0
IR Iran,all_competitions,Aref Aghasi,DF,29-163,,176,88.0,12.2,2.0,2,88.0,1,0,,0,1.5,2.0,1.0,1.0,0.51,-1.06,Matches,2.0
IR Iran,all_competitions,Amirhossein Hosseinzadeh,MF,25-227,,160,32.0,10.5,1.8,2,55.0,0,3,17.0,4,2.4,5.0,2.0,3.0,1.69,0.11,Matches,5.0
IR Iran,all_competitions,Shahriar Moghanlou,MF,31-175,,157,17.0,10.3,1.7,0,,0,9,17.0,2,2.23,5.0,0.0,5.0,2.87,1.42,Matches,9.0
IR Iran,all_competitions,Mohammadmehdi Mohebi,"MF,FW",26-124,,152,76.0,10.6,1.7,2,76.0,0,0,,0,1.5,2.0,1.0,1.0,0.59,-0.95,Matches,2.0
IR Iran,all_competitions,Ehsan Hajsafi,DF,36-109,,136,45.0,8.9,1.5,2,68.0,1,1,1.0,0,2.33,4.0,1.0,3.0,1.99,0.44,Matches,3.0
IR Iran,all_competitions,Payam Niazmand,GK,31-069,,90,90.0,5.9,1.0,1,90.0,1,0,,14,3.0,4.0,2.0,2.0,2.0,0.6,Matches,1.0
IR Iran,all_competitions,Ali Alipour,FW,30-215,,83,28.0,5.4,0.9,1,37.0,0,2,23.0,2,2.0,3.0,0.0,3.0,3.25,1.76,Matches,3.0
IR Iran,all_competitions,Amirmohammad Razzaghinia,MF,20-064,,78,39.0,5.1,0.9,2,39.0,0,0,,1,3.0,0.0,1.0,-1.0,-1.15,-2.89,Matches,2.0
IR Iran,all_competitions,Abolfazl Jalali,DF,27-353,,68,34.0,4.7,0.8,1,65.0,0,1,3.0,4,2.0,4.0,2.0,2.0,2.65,1.27,Matches,2.0
IR Iran,all_competitions,Mahdi Hashemnezhad,FW,24-230,,55,55.0,3.8,0.6,1,55.0,0,0,,1,3.0,0.0,0.0,0.0,0.0,-1.49,Matches,1.0
IR Iran,all_competitions,Ali Karimi,MF,32-123,,47,47.0,3.3,0.5,0,,0,1,47.0,1,1.0,0.0,2.0,-2.0,-3.83,-5.45,Matches,1.0
IR Iran,all_competitions,Kasra Taheri,FW,19-312,,45,45.0,50.0,0.5,1,45.0,0,0,,0,3.0,0.0,1.0,-1.0,-2.0,-12.0,Matches,1.0
IR Iran,all_competitions,Omid Ebrahimi,MF,38-271,,21,21.0,1.5,0.2,0,,0,1,21.0,1,3.0,2.0,0.0,2.0,8.57,7.24,Matches,1.0
IR Iran,all_competitions,Saman Fallah,MF,25-033,,20,10.0,1.4,0.2,0,,0,2,10.0,0,3.0,1.0,0.0,1.0,4.5,3.11,Matches,2.0
IR Iran,all_competitions,Allahyar Sayyadmanesh,"FW,MF",24-350,,19,19.0,1.3,0.2,0,,0,1,19.0,5,3.0,1.0,0.0,1.0,4.74,3.34,Matches,1.0
IR Iran,all_competitions,Reza Asadi,MF,30-148,,18,9.0,1.3,0.2,0,,0,2,9.0,0,2.0,2.0,0.0,2.0,10.0,8.67,Matches,2.0
IR Iran,all_competitions,Mehrdad Mohammadi,"FW,MF",32-258,,16,16.0,1.1,0.2,0,,0,1,16.0,0,1.0,0.0,1.0,-1.0,-5.63,-7.14,Matches,1.0
IR Iran,all_competitions,Mohammadreza Azadi,FW,26-280,,7,7.0,0.5,0.1,0,,0,1,7.0,2,3.0,1.0,0.0,1.0,12.86,11.48,Matches,1.0
IR Iran,all_competitions,Javad Hosseinnezhad,MF,22-353,,6,2.0,0.4,0.1,0,,0,3,2.0,7,3.0,3.0,0.0,3.0,45.0,43.74,Matches,3.0
IR Iran,all_competitions,Amirhossein Mahmoudi,FW,19-337,,4,4.0,4.4,0.0,0,,0,1,4.0,0,3.0,0.0,0.0,0.0,0.0,-4.19,Matches,1.0
IR Iran,all_competitions,Javad Aghaeipour,FW,26-189,,1,1.0,0.1,0.0,0,,0,1,1.0,3,3.0,0.0,0.0,0.0,0.0,-1.44,Matches,1.0
IR Iran,all_competitions,Karim Ansarifard,FW,36-072,,1,1.0,0.1,0.0,0,,0,1,1.0,1,3.0,1.0,0.0,1.0,90.0,88.62,Matches,1.0
IR Iran,all_competitions,Saeid Mehri,MF,28-125,,,,,,0,,0,0,,1,,,,,,,Matches,0.0
IR Iran,all_competitions,Hossein Pourhamidi,GK,28-080,,,,,,0,,0,0,,3,,,,,,,Matches,0.0
IR Iran,all_competitions,Aref Gholami,DF,29-056,,,,,,0,,0,0,,2,,,,,,,Matches,0.0
IR Iran,all_competitions,Majid Hosseini,DF,29-359,,,,,,0,,0,0,,2,,,,,,,Matches,0.0
IR Iran,all_competitions,Mohammad Daneshgar,"DF,MF",32-145,,,,,,0,,0,0,,1,,,,,,,Matches,0.0
IR Iran,all_competitions,Mohammad Reza Akhbari,GK,33-119,,,,,,0,,0,0,,1,,,,,,,Matches,0.0
IR Iran,all_competitions,Morteza Pouraliganji,"DF,MF",34-056,,,,,,0,,0,0,,2,,,,,,,Matches,0.0
IR Iran,all_competitions,Sadegh Moharrami,"DF,MF",30-105,,,,,,0,,0,0,,4,,,,,,,Matches,0.0
IR Iran,all_competitions,Arsha Shakouri,GK,19-256,,,,,,0,,0,0,,1,,,,,,,Matches,0.0
IR Iran,all_competitions,Saeid Saharkhizan,FW,22-353,,,,,,0,,0,0,,2,,,,,,,Matches,0.0
IR Iran,all_competitions,Mehdi Lamouchi,MF,26-203,,,,,,0,,0,0,,2,,,,,,,Matches,0.0
IR Iran,all_competitions,Hadi Habibinejad,MF,30-240,,,,,,0,,0,0,,1,,,,,,,Matches,0.0
IR Iran,all_competitions,Dennis Eckert,FW,29-156,,,,,,0,,0,0,,1,,,,,,,Matches,0.0
IR Iran,all_competitions,Mohammad Khalifeh,GK,21-299,,,,,,0,,0,0,,1,,,,,,,Matches,0.0
IR Iran,all_competitions,Hossein Goudarzi,DF,25-041,,,,,,0,,0,0,,1,,,,,,,Matches,0.0
Japan,all_competitions,Zion Suzuki,GK,23-297,3.0,261.0,87.0,96.7,2.9,3,87.0,2,0,,0,3.0,2.0,0.0,2.0,0.69,-9.31,Matches,
Japan,all_competitions,Hiroki Ito,DF,27-033,3.0,187.0,62.0,69.3,2.1,2,55.0,0,1,77.0,0,3.0,2.0,0.0,2.0,0.96,-0.12,Matches,
Japan,all_competitions,Keito Nakamura,MF,25-321,3.0,179.0,60.0,66.3,2.0,2,76.0,0,1,28.0,0,3.0,2.0,0.0,2.0,1.01,0.02,Matches,
Japan,all_competitions,Ao Tanaka,MF,27-277,3.0,169.0,56.0,62.6,1.9,2,75.0,0,1,20.0,0,3.0,0.0,0.0,0.0,0.0,-2.67,Matches,
Japan,all_competitions,Junya Itō,MF,33-097,3.0,153.0,51.0,56.7,1.7,2,62.0,0,1,29.0,0,3.0,2.0,0.0,2.0,1.18,0.41,Matches,
Japan,all_competitions,Tsuyoshi Watanabe,DF,29-129,3.0,153.0,51.0,56.7,1.7,2,68.0,1,1,18.0,0,3.0,2.0,0.0,2.0,1.18,0.41,Matches,
Japan,all_competitions,Ritsu Doan,MF,27-363,3.0,143.0,48.0,53.0,1.6,2,58.0,0,1,28.0,0,3.0,2.0,0.0,2.0,1.26,0.55,Matches,
Japan,all_competitions,Ayase Ueda,FW,27-277,3.0,138.0,46.0,51.1,1.5,2,55.0,0,1,28.0,0,3.0,2.0,0.0,2.0,1.3,0.62,Matches,
Japan,all_competitions,Ayumu Seko,DF,26-007,3.0,147.0,49.0,54.4,1.6,1,77.0,0,2,35.0,0,3.0,1.0,0.0,1.0,0.61,-0.85,Matches,
Japan,all_competitions,Shogo Taniguchi,DF,34-334,3.0,143.0,48.0,53.0,1.6,1,90.0,1,2,27.0,0,3.0,3.0,0.0,3.0,1.89,1.89,Matches,
Japan,all_competitions,Yukinari Sugawara,MF,25-351,3.0,118.0,39.0,43.7,1.3,1,62.0,0,2,28.0,0,3.0,1.0,0.0,1.0,0.76,-0.42,Matches,
Japan,all_competitions,Kaoru Mitoma,MF,29-025,2.0,115.0,58.0,42.6,1.3,1,70.0,0,1,45.0,0,3.0,2.0,0.0,2.0,1.57,0.98,Matches,
Japan,all_competitions,Kaishū Sano,MF,25-166,2.0,98.0,49.0,36.3,1.1,1,90.0,1,1,8.0,1,3.0,2.0,0.0,2.0,1.84,1.31,Matches,
Japan,all_competitions,Daichi Kamada,MF,29-313,2.0,92.0,46.0,34.1,1.0,1,79.0,0,1,13.0,0,3.0,2.0,0.0,2.0,1.96,1.45,Matches,
Japan,all_competitions,Takefusa Kubo,MF,25-010,1.0,82.0,82.0,30.4,0.9,1,82.0,0,0,,0,3.0,0.0,0.0,0.0,0.0,-1.44,Matches,
Japan,all_competitions,Takehiro Tomiyasu,DF,27-221,1.0,82.0,82.0,30.4,0.9,1,82.0,0,0,,0,3.0,0.0,0.0,0.0,0.0,-1.44,Matches,
Japan,all_competitions,Keisuke Gotō,FW,21-011,2.0,80.0,40.0,29.6,0.9,1,62.0,0,1,18.0,1,3.0,1.0,0.0,1.0,1.13,0.18,Matches,
Japan,all_competitions,Joel Fujita,MF,24-118,1.0,77.0,77.0,28.5,0.9,1,77.0,0,0,,1,3.0,0.0,0.0,0.0,0.0,-1.4,Matches,
Japan,all_competitions,Ko Itakura,DF,29-138,1.0,72.0,72.0,26.7,0.8,1,72.0,0,0,,0,3.0,0.0,0.0,0.0,0.0,-1.36,Matches,
Japan,all_competitions,Yuito Suzuki,MF,24-232,2.0,72.0,36.0,26.7,0.8,1,61.0,0,1,11.0,1,3.0,0.0,0.0,0.0,0.0,-1.36,Matches,
Japan,all_competitions,Daizen Maeda,MF,28-237,1.0,62.0,62.0,23.0,0.7,1,62.0,0,0,,2,3.0,0.0,0.0,0.0,0.0,-1.3,Matches,
Japan,all_competitions,Wataru Endo,MF,33-125,1.0,45.0,45.0,16.7,0.5,1,45.0,0,0,,0,3.0,0.0,0.0,0.0,0.0,-1.2,Matches,
Japan,all_competitions,Kodai Sano,MF,22-262,1.0,45.0,45.0,16.7,0.5,1,45.0,0,0,,0,3.0,0.0,0.0,0.0,0.0,-1.2,Matches,
Japan,all_competitions,Maya Yoshida,DF,37-294,1.0,13.0,13.0,4.8,0.1,1,13.0,0,0,,0,3.0,0.0,0.0,0.0,0.0,-1.05,Matches,
Japan,all_competitions,Kōki Ogawa,FW,28-310,2.0,70.0,35.0,25.9,0.8,0,,0,2,35.0,1,3.0,1.0,0.0,1.0,1.29,0.39,Matches,
Japan,all_competitions,Junnosuke Suzuki,DF,22-337,2.0,65.0,33.0,24.1,0.7,0,,0,2,33.0,1,3.0,1.0,0.0,1.0,1.38,0.51,Matches,
Japan,all_competitions,Yūto Nagatomo,"DF,MF",39-275,1.0,45.0,45.0,16.7,0.5,0,,0,1,45.0,0,3.0,1.0,0.0,1.0,2.0,1.2,Matches,
Japan,all_competitions,Kento Shiogai,FW,21-080,2.0,31.0,16.0,11.5,0.3,0,,0,2,16.0,1,3.0,2.0,0.0,2.0,5.81,5.43,Matches,
Japan,all_competitions,Daiki Hashioka,"DF,MF",27-028,1.0,13.0,13.0,4.8,0.1,0,,0,1,13.0,1,3.0,1.0,0.0,1.0,6.92,6.22,Matches,
Japan,all_competitions,Shuto Machino,FW,26-257,1.0,11.0,11.0,4.1,0.1,0,,0,1,11.0,1,3.0,0.0,0.0,0.0,0.0,-1.04,Matches,
Japan,all_competitions,Tomoki Hayakawa,GK,27-103,1.0,9.0,9.0,3.3,0.1,0,,0,1,9.0,2,3.0,1.0,0.0,1.0,10.0,9.31,Matches,
Japan,all_competitions,Keisuke Ōsako,GK,26-321,0.0,,,,,0,,0,0,,3,,,,,,,Matches,
Japan,all_competitions,Ryūnosuke Satō,MF,19-241,0.0,,,,,0,,0,0,,1,,,,,,,Matches,
Japan,all_competitions,Squad Total,,27.6,3.0,270.0,90.0,100.0,3.0,33,67.0,5,28,27.0,17,3.0,3.0,0.0,3.0,1.0,,,
Japan,all_competitions,Opponent Total,,27.2,3.0,270.0,90.0,100.0,3.0,33,67.0,13,20,20.0,19,0.0,0.0,3.0,-3.0,-1.0,,,
Japan,all_competitions,Zion Suzuki,GK,23.0,10.0,900,90.0,66.7,10.0,10,90.0,10,0,,3,2.6,30.0,2.0,28.0,2.8,-1.8,Matches,
Japan,all_competitions,Ko Itakura,DF,29.0,11.0,891,81.0,66.0,9.9,10,88.0,9,1,11.0,0,2.64,29.0,2.0,27.0,2.73,-1.98,Matches,
Japan,all_competitions,Koki Machida,DF,28.0,11.0,870,79.0,64.4,9.7,10,86.0,9,1,15.0,1,2.55,34.0,2.0,32.0,3.31,-0.25,Matches,
Japan,all_competitions,Wataru Endo,MF,32.0,11.0,859,78.0,63.6,9.5,10,83.0,6,1,33.0,3,2.82,34.0,1.0,33.0,3.46,0.16,Matches,
Japan,all_competitions,Ritsu Doan,"MF,FW",27.0,12.0,721,60.0,53.4,8.0,10,68.0,2,2,23.0,1,2.67,24.0,1.0,23.0,2.87,-1.14,Matches,
Japan,all_competitions,Takumi Minamino,MF,31.0,12.0,699,58.0,51.8,7.8,10,67.0,2,2,17.0,1,2.67,28.0,2.0,26.0,3.35,-0.11,Matches,
Japan,all_competitions,Hidemasa Morita,MF,30.0,10.0,735,74.0,54.4,8.2,9,79.0,5,1,24.0,2,2.8,29.0,1.0,28.0,3.43,0.06,Matches,
Japan,all_competitions,Ayase Ueda,FW,27.0,9.0,685,76.0,50.7,7.6,9,76.0,1,0,,1,2.78,26.0,1.0,25.0,3.28,-0.23,Matches,
Japan,all_competitions,Daichi Kamada,MF,29.0,12.0,658,55.0,48.7,7.3,8,69.0,2,4,26.0,1,2.42,23.0,1.0,22.0,3.01,-0.76,Matches,
Japan,all_competitions,Takefusa Kubo,MF,24.0,11.0,653,59.0,48.4,7.3,8,75.0,2,3,19.0,3,2.36,25.0,3.0,22.0,3.03,-0.71,Matches,
Japan,all_competitions,Shogo Taniguchi,DF,34.0,8.0,602,75.0,44.6,6.7,7,84.0,6,1,17.0,1,2.75,28.0,1.0,27.0,4.04,1.15,Matches,
Japan,all_competitions,Ao Tanaka,MF,27.0,9.0,595,66.0,44.1,6.6,6,87.0,5,3,24.0,4,2.56,19.0,2.0,17.0,2.57,-1.48,Matches,
Japan,all_competitions,Kaoru Mitoma,MF,28.0,7.0,474,68.0,35.1,5.3,6,75.0,1,1,27.0,0,2.71,15.0,1.0,14.0,2.66,-1.14,Matches,
Japan,all_competitions,Hiroki Ito,DF,26.0,6.0,495,83.0,36.7,5.5,5,90.0,5,1,45.0,1,2.67,15.0,0.0,15.0,2.73,-1.06,Matches,
Japan,all_competitions,Keito Nakamura,"MF,DF",25.0,10.0,417,42.0,30.9,4.6,4,72.0,2,6,22.0,3,2.3,17.0,2.0,15.0,3.24,-0.24,Matches,
Japan,all_competitions,Yukinari Sugawara,"MF,DF",25.0,5.0,314,63.0,23.3,3.5,4,71.0,1,1,29.0,8,2.6,9.0,0.0,9.0,2.58,-1.07,Matches,
Japan,all_competitions,Kōki Ogawa,FW,28.0,8.0,316,40.0,23.4,3.5,3,82.0,1,5,14.0,1,2.75,16.0,1.0,15.0,4.27,1.14,Matches,
Japan,all_competitions,Ayumu Seko,DF,25.0,4.0,315,79.0,23.3,3.5,3,90.0,3,1,45.0,4,2.25,11.0,2.0,9.0,2.57,-1.08,Matches,
Japan,all_competitions,Keisuke Ōsako,GK,26.0,3.0,245,82.0,18.1,2.7,3,82.0,1,0,,12,3.0,14.0,0.0,14.0,5.14,2.13,Matches,
Japan,all_competitions,Junya Itō,MF,32.0,9.0,399,44.0,29.6,4.4,2,83.0,1,7,33.0,1,2.56,20.0,1.0,19.0,4.29,1.26,Matches,
Japan,all_competitions,Daizen Maeda,"MF,FW",28.0,7.0,298,43.0,22.1,3.3,2,81.0,1,5,27.0,3,2.71,10.0,0.0,10.0,3.02,-0.49,Matches,
Japan,all_competitions,Kōta Takai,DF,21.0,4.0,221,55.0,16.4,2.5,2,90.0,2,2,21.0,2,1.75,9.0,1.0,8.0,3.26,-0.17,Matches,
Japan,all_competitions,Daiki Hashioka,DF,26.0,4.0,211,53.0,15.6,2.3,2,90.0,2,2,16.0,1,3.0,9.0,0.0,9.0,3.84,0.52,Matches,
Japan,all_competitions,Kaishū Sano,MF,25.0,3.0,198,66.0,14.7,2.2,2,77.0,1,1,45.0,1,2.0,8.0,0.0,8.0,3.64,0.28,Matches,
Japan,all_competitions,Takehiro Tomiyasu,DF,27.0,2.0,165,83.0,12.2,1.8,2,83.0,1,0,,0,3.0,9.0,0.0,9.0,4.91,1.72,Matches,
Japan,all_competitions,Yuki Soma,FW,28.0,3.0,148,49.0,11.0,1.6,1,90.0,1,2,29.0,1,3.0,10.0,0.0,10.0,6.08,3.01,Matches,
Japan,all_competitions,Yuito Suzuki,MF,24.0,2.0,135,68.0,10.0,1.5,1,90.0,1,1,45.0,1,1.5,3.0,1.0,2.0,1.33,-2.3,Matches,
Japan,all_competitions,Tsuyoshi Watanabe,DF,28.0,2.0,114,57.0,8.4,1.3,1,69.0,0,1,45.0,2,1.5,2.0,0.0,2.0,1.58,-1.99,Matches,
Japan,all_competitions,Kosei Tani,GK,25.0,2.0,105,53.0,7.8,1.2,1,90.0,1,1,15.0,10,1.5,1.0,1.0,0.0,0.0,-3.69,Matches,
Japan,all_competitions,Shuto Machino,FW,26.0,3.0,103,34.0,7.6,1.1,1,77.0,0,2,13.0,1,2.0,6.0,1.0,5.0,4.37,1.05,Matches,
Japan,all_competitions,Daiya Maekawa,GK,31.0,2.0,100,50.0,7.4,1.1,1,90.0,1,1,10.0,3,3.0,6.0,0.0,6.0,5.4,2.16,Matches,
Japan,all_competitions,Takuma Asano,MF,31.0,3.0,93,31.0,6.9,1.0,1,65.0,0,2,14.0,2,3.0,4.0,0.0,4.0,3.87,0.51,Matches,
Japan,all_competitions,Joel Fujita,MF,23.0,1.0,90,90.0,6.7,1.0,1,90.0,1,0,,3,0.0,0.0,1.0,-1.0,-1.0,-4.71,Matches,
Japan,all_competitions,Yu Hirakawa,MF,25.0,1.0,90,90.0,6.7,1.0,1,90.0,1,0,,1,0.0,0.0,1.0,-1.0,-1.0,-4.71,Matches,
Japan,all_competitions,Seiya Maikuma,DF,28.0,1.0,90,90.0,6.7,1.0,1,90.0,1,0,,1,3.0,5.0,0.0,5.0,5.0,1.71,Matches,
Japan,all_competitions,Yuta Nakayama,DF,28.0,1.0,90,90.0,6.7,1.0,1,90.0,1,0,,5,3.0,5.0,0.0,5.0,5.0,1.71,Matches,
Japan,all_competitions,Hiroki Sekine,DF,23.0,1.0,90,90.0,6.7,1.0,1,90.0,1,0,,2,0.0,0.0,1.0,-1.0,-1.0,-4.71,Matches,
Japan,all_competitions,Junnosuke Suzuki,DF,22.0,1.0,90,90.0,6.7,1.0,1,90.0,1,0,,0,3.0,6.0,0.0,6.0,6.0,2.79,Matches,
Japan,all_competitions,Yuki Ohashi,FW,29.0,2.0,80,40.0,5.9,0.9,1,69.0,0,1,11.0,3,1.5,0.0,0.0,0.0,0.0,-3.61,Matches,
Japan,all_competitions,Kota Tawaratsumida,MF,21.0,2.0,76,38.0,5.6,0.8,1,63.0,0,1,13.0,0,1.5,1.0,0.0,1.0,1.18,-2.35,Matches,
Japan,all_competitions,Reo Hatate,MF,28.0,3.0,74,25.0,5.5,0.8,1,45.0,0,2,15.0,5,2.33,2.0,0.0,2.0,2.43,-1.02,Matches,
Japan,all_competitions,Ryoya Morishita,MF,28.0,1.0,68,68.0,5.0,0.8,1,68.0,0,0,,1,3.0,5.0,0.0,5.0,6.62,3.39,Matches,
Japan,all_competitions,Shunsuke Mito,MF,23.0,1.0,60,60.0,4.4,0.7,1,60.0,0,0,,1,3.0,5.0,0.0,5.0,7.5,4.29,Matches,
Japan,all_competitions,Mao Hosoya,FW,24.0,3.0,71,24.0,5.3,0.8,0,,0,3,24.0,0,3.0,3.0,0.0,3.0,3.8,0.43,Matches,
Japan,all_competitions,Takumu Kawamura,MF,26.0,2.0,63,32.0,4.7,0.7,0,,0,2,32.0,1,3.0,4.0,0.0,4.0,5.71,2.43,Matches,
Japan,all_competitions,Kyogo Furuhashi,"FW,MF",31.0,2.0,32,16.0,2.4,0.4,0,,0,2,16.0,1,2.0,0.0,0.0,0.0,0.0,-3.48,Matches,
Japan,all_competitions,Kodai Sano,MF,22.0,1.0,30,30.0,2.2,0.3,0,,0,1,30.0,1,3.0,1.0,0.0,1.0,3.0,-0.41,Matches,
Japan,all_competitions,Ryūnosuke Satō,MF,19.0,1.0,22,22.0,1.6,0.2,0,,0,1,22.0,0,3.0,1.0,0.0,1.0,4.09,0.7,Matches,
Japan,all_competitions,Koki Kumasaka,MF,24.0,0.0,,,,,0,,0,0,,1,,,,,,,Matches,
Japan,all_competitions,Henry Mochizuki,"DF,MF",24.0,0.0,,,,,0,,0,0,,1,,,,,,,Matches,
Japan,all_competitions,Yūto Nagatomo,"DF,MF",39.0,0.0,,,,,0,,0,0,,1,,,,,,,Matches,
Japan,all_competitions,Squad Total,,28.1,16.0,"1,350",84.0,100.0,15.0,165,79.0,91,74,24.0,106,2.56,54.0,3.0,51.0,3.4,,,
Japan,all_competitions,Opponent Total,,28.9,16.0,"1,350",84.0,100.0,15.0,165,79.0,99,67,25.0,112,0.31,3.0,54.0,-51.0,-3.4,,,
Japan,all_competitions,Zion Suzuki,GK,23-297,13.0,"1,161",89.0,71.7,12.9,13,89.0,12,0,,3,2.69,32.0,2.0,30.0,2.33,-2.38,Matches,
Japan,all_competitions,Ko Itakura,DF,29-138,12.0,963,80.0,59.4,10.7,11,87.0,9,1,11.0,0,2.67,29.0,2.0,27.0,2.52,-1.18,Matches,
Japan,all_competitions,Wataru Endo,MF,33-125,12.0,904,75.0,55.8,10.0,11,79.0,6,1,33.0,3,2.84,34.0,1.0,33.0,3.29,0.65,Matches,
Japan,all_competitions,Koki Machida,DF,28-293,11.0,870,79.0,64.4,9.7,10,86.0,9,1,15.0,1,2.55,34.0,2.0,32.0,3.31,-0.25,Matches,
Japan,all_competitions,Ritsu Doan,"MF,FW",27-363,15.0,864,58.0,53.3,9.6,12,66.0,2,3,24.0,1,2.74,26.0,1.0,25.0,2.6,-0.85,Matches,
Japan,all_competitions,Ayase Ueda,FW,27-277,12.0,823,69.0,50.8,9.1,11,72.0,1,1,28.0,1,2.84,28.0,1.0,27.0,2.95,-0.1,Matches,
Japan,all_competitions,Ao Tanaka,MF,27-277,12.0,764,64.0,47.2,8.5,8,84.0,5,4,23.0,4,2.67,19.0,2.0,17.0,2.0,-1.89,Matches,
Japan,all_competitions,Daichi Kamada,MF,29-313,14.0,750,54.0,46.3,8.3,9,70.0,2,5,24.0,1,2.5,25.0,1.0,24.0,2.88,-0.22,Matches,
Japan,all_competitions,Shogo Taniguchi,DF,34-334,11.0,745,68.0,46.0,8.3,8,84.0,7,3,23.0,1,2.82,31.0,1.0,30.0,3.62,1.16,Matches,
Japan,all_competitions,Hidemasa Morita,MF,31-035,10.0,735,74.0,54.4,8.2,9,79.0,5,1,24.0,2,2.8,29.0,1.0,28.0,3.43,0.06,Matches,
Japan,all_competitions,Takefusa Kubo,MF,25-010,12.0,735,61.0,45.4,8.2,9,75.0,2,3,19.0,3,2.41,25.0,3.0,22.0,2.69,-0.56,Matches,
Japan,all_competitions,Takumi Minamino,MF,31-149,12.0,699,58.0,51.8,7.8,10,67.0,2,2,17.0,1,2.67,28.0,2.0,26.0,3.35,-0.11,Matches,
Japan,all_competitions,Hiroki Ito,DF,27-033,9.0,682,76.0,42.1,7.6,7,80.0,5,2,61.0,1,2.78,17.0,0.0,17.0,2.24,-1.31,Matches,
Japan,all_competitions,Keito Nakamura,"MF,DF",25-321,13.0,596,46.0,36.8,6.6,6,73.0,2,7,22.0,3,2.46,19.0,2.0,17.0,2.57,-0.68,Matches,
Japan,all_competitions,Kaoru Mitoma,MF,29-025,9.0,589,65.0,36.4,6.5,7,74.0,1,2,36.0,0,2.77,17.0,1.0,16.0,2.44,-0.87,Matches,
Japan,all_competitions,Junya Itō,MF,33-097,12.0,552,46.0,34.1,6.1,4,73.0,1,8,33.0,1,2.67,22.0,1.0,21.0,3.42,0.64,Matches,
Japan,all_competitions,Ayumu Seko,DF,26-007,7.0,462,66.0,28.5,5.1,4,87.0,3,3,38.0,4,2.57,12.0,2.0,10.0,1.95,-1.47,Matches,
Japan,all_competitions,Yukinari Sugawara,"MF,DF",25-351,8.0,432,54.0,26.7,4.8,5,69.0,1,3,28.0,8,2.75,10.0,0.0,10.0,2.08,-1.25,Matches,
Japan,all_competitions,Kōki Ogawa,FW,28-310,10.0,386,39.0,23.8,4.3,3,82.0,1,7,20.0,2,2.8,17.0,1.0,16.0,3.73,0.96,Matches,
Japan,all_competitions,Daizen Maeda,"MF,FW",28-237,8.0,360,45.0,22.2,4.0,3,75.0,1,5,27.0,5,2.75,10.0,0.0,10.0,2.5,-0.64,Matches,
Japan,all_competitions,Kaishū Sano,MF,25-166,5.0,296,59.0,18.3,3.3,3,81.0,2,2,27.0,2,2.4,10.0,0.0,10.0,3.04,0.05,Matches,
Japan,all_competitions,Tsuyoshi Watanabe,DF,29-129,5.0,267,53.0,16.5,3.0,3,68.0,1,2,32.0,2,2.4,4.0,0.0,4.0,1.35,-1.98,Matches,
Japan,all_competitions,Takehiro Tomiyasu,DF,27-221,3.0,247,82.0,15.2,2.7,3,82.0,1,0,,0,3.0,9.0,0.0,9.0,3.28,0.33,Matches,
Japan,all_competitions,Keisuke Ōsako,GK,26-321,3.0,245,82.0,15.1,2.7,3,82.0,1,0,,15,3.0,14.0,0.0,14.0,5.14,2.13,Matches,
Japan,all_competitions,Daiki Hashioka,DF,27-028,5.0,224,45.0,13.8,2.5,2,90.0,2,3,15.0,2,3.0,10.0,0.0,10.0,4.02,1.18,Matches,
Japan,all_competitions,Kōta Takai,DF,21-283,4.0,221,55.0,16.4,2.5,2,90.0,2,2,21.0,2,1.75,9.0,1.0,8.0,3.26,-0.17,Matches,
Japan,all_competitions,Yuito Suzuki,MF,24-232,4.0,207,52.0,12.8,2.3,2,76.0,1,2,28.0,2,2.25,3.0,1.0,2.0,0.87,-2.44,Matches,
Japan,all_competitions,Joel Fujita,MF,24-118,2.0,167,84.0,10.3,1.9,2,84.0,1,0,,4,1.5,0.0,1.0,-1.0,-0.54,-3.95,Matches,
Japan,all_competitions,Junnosuke Suzuki,DF,22-337,3.0,155,52.0,9.6,1.7,1,90.0,1,2,33.0,1,3.0,7.0,0.0,7.0,4.06,1.18,Matches,
Japan,all_competitions,Yuki Soma,FW,29-109,3.0,148,49.0,11.0,1.6,1,90.0,1,2,29.0,1,3.0,10.0,0.0,10.0,6.08,3.01,Matches,
Japan,all_competitions,Shuto Machino,FW,26-257,4.0,114,29.0,7.0,1.3,1,77.0,0,3,12.0,2,2.25,6.0,1.0,5.0,3.95,1.02,Matches,
Japan,all_competitions,Kosei Tani,GK,25-204,2.0,105,53.0,7.8,1.2,1,90.0,1,1,15.0,10,1.5,1.0,1.0,0.0,0.0,-3.69,Matches,
Japan,all_competitions,Daiya Maekawa,GK,31-279,2.0,100,50.0,7.4,1.1,1,90.0,1,1,10.0,3,3.0,6.0,0.0,6.0,5.4,2.16,Matches,
Japan,all_competitions,Takuma Asano,MF,31-216,3.0,93,31.0,6.9,1.0,1,65.0,0,2,14.0,2,3.0,4.0,0.0,4.0,3.87,0.51,Matches,
Japan,all_competitions,Yuta Nakayama,DF,29-118,1.0,90,90.0,6.7,1.0,1,90.0,1,0,,5,3.0,5.0,0.0,5.0,5.0,1.71,Matches,
Japan,all_competitions,Seiya Maikuma,DF,28-241,1.0,90,90.0,6.7,1.0,1,90.0,1,0,,1,3.0,5.0,0.0,5.0,5.0,1.71,Matches,
Japan,all_competitions,Yu Hirakawa,MF,25-162,1.0,90,90.0,6.7,1.0,1,90.0,1,0,,1,0.0,0.0,1.0,-1.0,-1.0,-4.71,Matches,
Japan,all_competitions,Hiroki Sekine,DF,23-307,1.0,90,90.0,6.7,1.0,1,90.0,1,0,,2,0.0,0.0,1.0,-1.0,-1.0,-4.71,Matches,
Japan,all_competitions,Keisuke Gotō,FW,21-011,2.0,80,40.0,29.6,0.9,1,62.0,0,1,18.0,1,3.0,1.0,0.0,1.0,1.13,0.18,Matches,
Japan,all_competitions,Yuki Ohashi,FW,29-322,2.0,80,40.0,5.9,0.9,1,69.0,0,1,11.0,3,1.5,0.0,0.0,0.0,0.0,-3.61,Matches,
Japan,all_competitions,Kota Tawaratsumida,MF,22-031,2.0,76,38.0,5.6,0.8,1,63.0,0,1,13.0,0,1.5,1.0,0.0,1.0,1.18,-2.35,Matches,
Japan,all_competitions,Kodai Sano,MF,22-262,2.0,75,38.0,4.6,0.8,1,45.0,0,1,30.0,1,3.0,1.0,0.0,1.0,1.2,-1.89,Matches,
Japan,all_competitions,Reo Hatate,MF,28-205,3.0,74,25.0,5.5,0.8,1,45.0,0,2,15.0,5,2.33,2.0,0.0,2.0,2.43,-1.02,Matches,
Japan,all_competitions,Mao Hosoya,FW,24-280,3.0,71,24.0,5.3,0.8,0,,0,3,24.0,0,3.0,3.0,0.0,3.0,3.8,0.43,Matches,
Japan,all_competitions,Ryoya Morishita,MF,29-064,1.0,68,68.0,5.0,0.8,1,68.0,0,0,,1,3.0,5.0,0.0,5.0,6.62,3.39,Matches,
Japan,all_competitions,Takumu Kawamura,MF,26-290,2.0,63,32.0,4.7,0.7,0,,0,2,32.0,1,3.0,4.0,0.0,4.0,5.71,2.43,Matches,
Japan,all_competitions,Shunsuke Mito,MF,23-259,1.0,60,60.0,4.4,0.7,1,60.0,0,0,,1,3.0,5.0,0.0,5.0,7.5,4.29,Matches,
Japan,all_competitions,Yūto Nagatomo,"DF,MF",39-275,1.0,45,45.0,2.8,0.5,0,,0,1,45.0,1,3.0,1.0,0.0,1.0,2.0,1.2,Matches,
Japan,all_competitions,Kyogo Furuhashi,"FW,MF",31-145,2.0,32,16.0,2.4,0.4,0,,0,2,16.0,1,2.0,0.0,0.0,0.0,0.0,-3.48,Matches,
Japan,all_competitions,Kento Shiogai,FW,21-080,2.0,31,16.0,11.5,0.3,0,,0,2,16.0,1,3.0,2.0,0.0,2.0,5.81,5.43,Matches,
Japan,all_competitions,Ryūnosuke Satō,MF,19-241,1.0,22,22.0,1.4,0.2,0,,0,1,22.0,1,3.0,1.0,0.0,1.0,4.09,0.7,Matches,
Japan,all_competitions,Maya Yoshida,DF,37-294,1.0,13,13.0,4.8,0.1,1,13.0,0,0,,0,3.0,0.0,0.0,0.0,0.0,-1.05,Matches,
Japan,all_competitions,Tomoki Hayakawa,GK,27-103,1.0,9,9.0,3.3,0.1,0,,0,1,9.0,2,3.0,1.0,0.0,1.0,10.0,9.31,Matches,
Japan,all_competitions,Henry Mochizuki,"DF,MF",24-267,0.0,,,,,0,,0,0,,1,,,,,,,Matches,
Japan,all_competitions,Koki Kumasaka,MF,25-060,0.0,,,,,0,,0,0,,1,,,,,,,Matches,
Jordan,all_competitions,Yazan Al-Arab,DF,30-134,2.0,147.0,74.0,88.0,1.6,2,74.0,0,0,,0,0.0,1.0,6.0,-5.0,-3.06,-3.06,Matches,
Jordan,all_competitions,Ihsan Haddad,DF,32-129,2.0,136.0,68.0,81.4,1.5,2,68.0,0,0,,0,0.0,1.0,5.0,-4.0,-2.65,0.26,Matches,
Jordan,all_competitions,Noor Al Rawabdeh,MF,29-110,2.0,136.0,68.0,81.4,1.5,2,68.0,0,0,,0,0.0,1.0,5.0,-4.0,-2.65,0.26,Matches,
Jordan,all_competitions,Yazeed Abulaila,GK,33-157,2.0,135.0,68.0,80.8,1.5,2,68.0,1,0,,0,0.0,1.0,5.0,-4.0,-2.67,0.15,Matches,
Jordan,all_competitions,Mohannad Abu Taha,DF,23-132,2.0,122.0,61.0,73.1,1.4,2,61.0,0,0,,0,0.0,1.0,4.0,-3.0,-2.21,1.79,Matches,
Jordan,all_competitions,Ali Olwan,FW,26-080,2.0,122.0,61.0,73.1,1.4,2,61.0,0,0,,0,0.0,0.0,5.0,-5.0,-3.69,-3.69,Matches,
Jordan,all_competitions,Nizar Al Rashdan,MF,27-083,2.0,105.0,53.0,62.9,1.2,2,53.0,0,0,,0,0.0,1.0,4.0,-3.0,-2.57,0.33,Matches,
Jordan,all_competitions,Musa Al-Taamari,"MF,FW",29-004,2.0,104.0,52.0,62.3,1.2,2,52.0,0,0,,0,0.0,1.0,4.0,-3.0,-2.6,0.26,Matches,
Jordan,all_competitions,Salim Obaid,DF,34-148,2.0,114.0,57.0,68.3,1.3,1,69.0,0,1,45.0,0,0.0,1.0,3.0,-2.0,-1.58,3.52,Matches,
Jordan,all_competitions,Odeh Al-Fakhouri,MF,20-204,2.0,90.0,45.0,53.9,1.0,1,45.0,0,1,45.0,0,0.0,1.0,2.0,-1.0,-1.0,3.68,Matches,
Jordan,all_competitions,Mahmoud Al-Mardi,MF,32-251,2.0,78.0,39.0,46.7,0.9,1,45.0,0,1,33.0,0,0.0,0.0,4.0,-4.0,-4.62,-3.6,Matches,
Jordan,all_competitions,Abdallah Nasib,DF,32-109,1.0,77.0,77.0,46.1,0.9,1,77.0,0,0,,0,0.0,0.0,2.0,-2.0,-2.34,0.66,Matches,
Jordan,all_competitions,Saed Al-Rosan,DF,29-133,2.0,63.0,32.0,37.7,0.7,1,45.0,0,1,18.0,0,0.0,0.0,3.0,-3.0,-4.29,-2.55,Matches,
Jordan,all_competitions,Mo Abualnadi,DF,25-126,2.0,46.0,23.0,27.5,0.5,1,45.0,0,1,1.0,0,0.0,0.0,3.0,-3.0,-5.87,-4.38,Matches,
Jordan,all_competitions,Ibrahim Sadeh,MF,26-048,2.0,78.0,39.0,46.7,0.9,0,,0,2,39.0,0,0.0,1.0,2.0,-1.0,-1.15,2.89,Matches,
Jordan,all_competitions,Mohammad Abu Hasheesh,DF,31-036,2.0,63.0,32.0,37.7,0.7,0,,0,2,32.0,0,0.0,0.0,2.0,-2.0,-2.86,-0.26,Matches,
Jordan,all_competitions,Sharara,FW,28-166,2.0,46.0,23.0,27.5,0.5,0,,0,2,23.0,0,0.0,0.0,2.0,-2.0,-3.91,-1.68,Matches,
Jordan,all_competitions,Anas Badawi,DF,28-274,1.0,45.0,45.0,26.9,0.5,0,,0,1,45.0,1,0.0,1.0,1.0,0.0,0.0,3.69,Matches,
Jordan,all_competitions,Nour Bani Attiah,GK,33-140,1.0,33.0,33.0,19.8,0.4,0,,0,1,33.0,1,0.0,0.0,1.0,-1.0,-2.73,-0.04,Matches,
Jordan,all_competitions,Ali Azaizeh,MF,22-062,2.0,32.0,16.0,19.2,0.4,0,,0,2,16.0,0,0.0,0.0,1.0,-1.0,-2.81,-0.15,Matches,
Jordan,all_competitions,Mohammad Al-Dawud,"FW,MF",34-063,2.0,32.0,16.0,19.2,0.4,0,,0,2,16.0,0,0.0,0.0,1.0,-1.0,-2.81,-0.15,Matches,
Jordan,all_competitions,Amer Jamous,MF,23-346,1.0,29.0,29.0,17.4,0.3,0,,0,1,29.0,0,0.0,0.0,0.0,0.0,0.0,3.26,Matches,
Jordan,all_competitions,Yousef Qashi,MF,21-060,1.0,14.0,14.0,8.4,0.2,0,,0,1,14.0,0,0.0,0.0,1.0,-1.0,-6.43,-4.08,Matches,
Jordan,all_competitions,Husam Abu Dahab,DF,26-032,2.0,12.0,6.0,7.2,0.1,0,,0,2,6.0,0,0.0,0.0,0.0,0.0,0.0,2.9,Matches,
Jordan,all_competitions,Mohammad Abu Ghoush,MF,20-336,0.0,,,,,0,,0,0,,2,,,,,,,Matches,
Jordan,all_competitions,Rajaei Ayed,MF,32-324,0.0,,,,,0,,0,0,,2,,,,,,,Matches,
Jordan,all_competitions,Abdallah Al-Fakhouri,GK,26-143,0.0,,,,,0,,0,0,,2,,,,,,,Matches,
Jordan,all_competitions,Ibrahim Sabra,FW,20-133,0.0,,,,,0,,0,0,,1,,,,,,,Matches,
Jordan,all_competitions,Squad Total,,29.0,2.0,167.0,84.0,100.0,1.9,22,61.0,1,21,25.0,9,0.0,1.0,6.0,-5.0,-2.69,,,
Jordan,all_competitions,Opponent Total,,29.5,2.0,167.0,84.0,100.0,1.9,22,61.0,0,22,31.0,8,3.0,6.0,1.0,5.0,2.69,,,
Jordan,all_competitions,Yazeed Abulaila,GK,33.0,16.0,"1,406",88.0,97.6,15.6,16,88.0,15,0,,0,1.81,32.0,11.0,21.0,1.34,3.99,Matches,
Jordan,all_competitions,Yazan Al-Naimat,FW,26.0,16.0,"1,346",84.0,93.5,15.0,15,87.0,8,1,45.0,0,1.81,31.0,10.0,21.0,1.4,2.36,Matches,
Jordan,all_competitions,Abdallah Nasib,DF,31.0,14.0,"1,260",90.0,87.5,14.0,14,90.0,14,0,,1,1.64,22.0,12.0,10.0,0.71,-4.29,Matches,
Jordan,all_competitions,Yazan Al-Arab,DF,30.0,14.0,"1,259",90.0,87.4,14.0,14,90.0,13,0,,2,2.0,30.0,9.0,21.0,1.5,2.0,Matches,
Jordan,all_competitions,Nizar Al Rashdan,MF,26.0,14.0,"1,128",81.0,78.3,12.5,14,81.0,4,0,,0,1.64,18.0,11.0,7.0,0.56,-3.19,Matches,
Jordan,all_competitions,Ihsan Haddad,"MF,DF",31.0,13.0,"1,141",88.0,79.2,12.7,13,88.0,10,0,,1,1.92,27.0,10.0,17.0,1.34,0.44,Matches,
Jordan,all_competitions,Ali Olwan,"FW,MF",25.0,13.0,"1,141",88.0,79.2,12.7,13,88.0,6,0,,0,1.85,26.0,9.0,17.0,1.34,0.44,Matches,
Jordan,all_competitions,Musa Al-Taamari,"FW,MF",28.0,13.0,"1,037",80.0,72.0,11.5,12,84.0,6,1,31.0,0,1.77,24.0,8.0,16.0,1.39,0.5,Matches,
Jordan,all_competitions,Mahmoud Al-Mardi,"MF,FW",32.0,14.0,982,70.0,68.2,10.9,12,78.0,1,2,26.0,0,1.79,22.0,7.0,15.0,1.37,0.39,Matches,
Jordan,all_competitions,Noor Al Rawabdeh,MF,28.0,12.0,924,77.0,64.2,10.3,10,89.0,8,2,18.0,0,1.92,23.0,9.0,14.0,1.36,0.32,Matches,
Jordan,all_competitions,Mohannad Abu Taha,MF,22.0,11.0,672,61.0,46.7,7.5,8,83.0,5,3,4.0,3,1.91,13.0,5.0,8.0,1.07,-0.33,Matches,
Jordan,all_competitions,Mo Abualnadi,DF,24.0,7.0,509,73.0,35.3,5.7,6,83.0,5,1,14.0,2,1.71,10.0,3.0,7.0,1.24,-0.02,Matches,
Jordan,all_competitions,Mohammad Abu Hasheesh,"MF,DF",30.0,11.0,493,45.0,34.2,5.5,5,81.0,3,6,15.0,4,1.45,9.0,8.0,1.0,0.18,-1.62,Matches,
Jordan,all_competitions,Salem Al-Ajalin,DF,37.0,6.0,451,75.0,31.3,5.0,5,90.0,5,1,1.0,2,2.17,9.0,4.0,5.0,1.0,-0.37,Matches,
Jordan,all_competitions,Ibrahim Sadeh,MF,25.0,11.0,382,35.0,26.5,4.2,4,76.0,1,7,11.0,3,1.91,13.0,1.0,12.0,2.83,2.15,Matches,
Jordan,all_competitions,Rajaei Ayed,MF,32.0,8.0,299,37.0,20.8,3.3,3,73.0,1,5,16.0,6,1.88,3.0,3.0,0.0,0.0,-1.58,Matches,
Jordan,all_competitions,Amer Jamous,MF,23.0,4.0,288,72.0,20.0,3.2,3,86.0,1,1,31.0,2,1.75,7.0,3.0,4.0,1.25,0.0,Matches,
Jordan,all_competitions,Husam Abu Dahab,DF,25.0,3.0,256,85.0,17.8,2.8,3,85.0,2,0,,4,1.33,4.0,4.0,0.0,0.0,-1.52,Matches,
Jordan,all_competitions,Velibor Djuric,MF,43.0,2.0,162,81.0,11.3,1.8,2,81.0,1,0,,2,1.5,3.0,1.0,2.0,1.11,-0.16,Matches,
Jordan,all_competitions,Bara' Marei,DF,31.0,2.0,161,81.0,11.2,1.8,2,81.0,1,0,,4,3.0,7.0,0.0,7.0,3.91,3.0,Matches,
Jordan,all_competitions,Salim Obaid,DF,34.0,2.0,135,68.0,9.4,1.5,1,90.0,1,1,45.0,0,1.5,2.0,1.0,1.0,0.67,-0.64,Matches,
Jordan,all_competitions,Saed Al-Rosan,DF,28.0,2.0,91,46.0,6.3,1.0,1,90.0,1,1,1.0,8,3.0,7.0,0.0,7.0,6.92,6.06,Matches,
Jordan,all_competitions,Sharara,FW,28.0,6.0,47,8.0,3.3,0.5,0,,0,6,8.0,2,1.83,3.0,0.0,3.0,5.74,4.65,Matches,
Jordan,all_competitions,Mustafa Kamal,MF,30.0,1.0,45,45.0,3.1,0.5,0,,0,1,45.0,1,0.0,0.0,0.0,0.0,0.0,-1.29,Matches,
Jordan,all_competitions,Abdallah Al-Fakhouri,GK,26.0,1.0,34,34.0,2.4,0.4,0,,0,1,34.0,11,1.0,0.0,1.0,-1.0,-2.65,-3.99,Matches,
Jordan,all_competitions,Yousef Abu Al Jazar,DF,26.0,4.0,30,8.0,2.1,0.3,0,,0,4,8.0,5,1.25,1.0,0.0,1.0,3.0,1.79,Matches,
Jordan,all_competitions,Ibrahim Sabra,FW,19.0,2.0,28,14.0,1.9,0.3,0,,0,2,14.0,5,3.0,1.0,0.0,1.0,3.21,2.0,Matches,
Jordan,all_competitions,Sisa,MF,27.0,1.0,27,27.0,1.9,0.3,0,,0,1,27.0,3,1.0,0.0,0.0,0.0,0.0,-1.27,Matches,
Jordan,all_competitions,Saleh Rateb,MF,31.0,4.0,22,6.0,1.5,0.2,0,,0,4,6.0,0,1.75,2.0,0.0,2.0,8.18,7.04,Matches,
Jordan,all_competitions,Adham Al Quraishi,DF,30.0,1.0,18,18.0,1.3,0.2,0,,0,1,18.0,1,3.0,0.0,0.0,0.0,0.0,-1.27,Matches,
Jordan,all_competitions,Abdullah Al-Attar,"DF,FW",33.0,2.0,14,7.0,1.0,0.2,0,,0,2,7.0,0,2.0,0.0,1.0,-1.0,-6.43,-7.75,Matches,
Jordan,all_competitions,Reziq Bani Hani,FW,24.0,3.0,14,5.0,1.0,0.2,0,,0,3,5.0,1,1.0,0.0,0.0,0.0,0.0,-1.26,Matches,
Jordan,all_competitions,Ahmad Ersan,MF,30.0,1.0,13,13.0,0.9,0.1,0,,0,1,13.0,1,0.0,0.0,0.0,0.0,0.0,-1.26,Matches,
Jordan,all_competitions,Aref Al Haj,FW,24.0,3.0,12,4.0,0.8,0.1,0,,0,3,4.0,2,3.0,1.0,0.0,1.0,7.5,6.3,Matches,
Jordan,all_competitions,Mahmoud Shawkat,MF,30.0,2.0,8,4.0,0.6,0.1,0,,0,2,4.0,4,3.0,0.0,0.0,0.0,0.0,-1.26,Matches,
Jordan,all_competitions,Mohammad Al-Dawud,"FW,MF",33.0,1.0,4,4.0,0.3,0.0,0,,0,1,4.0,0,3.0,0.0,0.0,0.0,0.0,-1.25,Matches,
Jordan,all_competitions,Mohammad Aburiziq,FW,26.0,1.0,1,1.0,0.1,0.0,0,,0,1,1.0,1,3.0,0.0,0.0,0.0,0.0,-1.25,Matches,
Jordan,all_competitions,Mohammad Al Amwasi,GK,29.0,0.0,,,,,0,,0,0,,3,,,,,,,Matches,
Jordan,all_competitions,Anas Al Awadat,MF,27.0,0.0,,,,,0,,0,0,,2,,,,,,,Matches,
Jordan,all_competitions,Nour Bani Attiah,GK,33.0,0.0,,,,,0,,0,0,,9,,,,,,,Matches,
Jordan,all_competitions,Anas Bani Yaseen,DF,37.0,0.0,,,,,0,,0,0,,2,,,,,,,Matches,
Jordan,all_competitions,Ali Hajabi,DF,21.0,0.0,,,,,0,,0,0,,3,,,,,,,Matches,
Jordan,all_competitions,Hadi Al Hourani,DF,25.0,0.0,,,,,0,,0,0,,2,,,,,,,Matches,
Jordan,all_competitions,Ahmad Juaidi,GK,24.0,0.0,,,,,0,,0,0,,5,,,,,,,Matches,
Jordan,all_competitions,Hijazi Maher,DF,28.0,0.0,,,,,0,,0,0,,4,,,,,,,Matches,
Jordan,all_competitions,Mohammad Al Naser,FW,28.0,0.0,,,,,0,,0,0,,1,,,,,,,Matches,
Jordan,all_competitions,Obieda Al Samrieh,MF,33.0,0.0,,,,,0,,0,0,,2,,,,,,,Matches,
Jordan,all_competitions,Mohannad Semreen,FW,24.0,0.0,,,,,0,,0,0,,3,,,,,,,Matches,
Jordan,all_competitions,Amin Al Shanaineh,MF,22.0,0.0,,,,,0,,0,0,,1,,,,,,,Matches,
Jordan,all_competitions,Feras Shelbaieh,DF,32.0,0.0,,,,,0,,0,0,,6,,,,,,,Matches,
Jordan,all_competitions,Abdullah Al-Zubi,GK,36.0,0.0,,,,,0,,0,0,,3,,,,,,,Matches,
Jordan,all_competitions,Squad Total,,29.5,16.0,"1,440",90.0,100.0,16.0,176,85.0,112,65,13.0,127,1.81,32.0,12.0,20.0,1.25,,,
Jordan,all_competitions,Opponent Total,,29.0,16.0,"1,440",90.0,100.0,16.0,176,85.0,105,73,21.0,110,0.88,12.0,32.0,-20.0,-1.25,,,
Jordan,all_competitions,Yazeed Abulaila,GK,33-157,18.0,"1,541",86.0,95.9,17.1,18,86.0,16,0,,0,1.61,33.0,16.0,17.0,0.99,3.72,Matches,
Jordan,all_competitions,Yazan Al-Arab,DF,30-134,16.0,"1,406",88.0,87.5,15.6,16,88.0,13,0,,2,1.75,31.0,15.0,16.0,1.02,1.47,Matches,
Jordan,all_competitions,Yazan Al-Naimat,FW,27-010,16.0,"1,346",84.0,93.5,15.0,15,87.0,8,1,45.0,0,1.81,31.0,10.0,21.0,1.4,2.36,Matches,
Jordan,all_competitions,Abdallah Nasib,DF,32-109,15.0,"1,337",89.0,83.2,14.9,15,89.0,14,0,,1,1.53,22.0,14.0,8.0,0.54,-1.79,Matches,
Jordan,all_competitions,Ihsan Haddad,"MF,DF",32-129,15.0,"1,277",85.0,79.5,14.2,15,85.0,10,0,,1,1.66,28.0,15.0,13.0,0.92,0.37,Matches,
Jordan,all_competitions,Ali Olwan,"FW,MF",26-080,15.0,"1,263",84.0,78.6,14.0,15,84.0,6,0,,0,1.6,26.0,14.0,12.0,0.86,0.07,Matches,
Jordan,all_competitions,Nizar Al Rashdan,MF,27-083,16.0,"1,233",77.0,76.7,13.7,16,77.0,4,0,,0,1.44,19.0,15.0,4.0,0.29,-2.36,Matches,
Jordan,all_competitions,Musa Al-Taamari,"FW,MF",29-004,15.0,"1,141",76.0,71.0,12.7,14,79.0,6,1,31.0,0,1.53,25.0,12.0,13.0,1.03,0.64,Matches,
Jordan,all_competitions,Noor Al Rawabdeh,MF,29-110,14.0,"1,060",76.0,66.0,11.8,12,85.0,8,2,18.0,0,1.65,24.0,14.0,10.0,0.85,0.03,Matches,
Jordan,all_competitions,Mahmoud Al-Mardi,"MF,FW",32-251,16.0,"1,060",66.0,66.0,11.8,13,75.0,1,3,28.0,0,1.57,22.0,11.0,11.0,0.93,0.28,Matches,
Jordan,all_competitions,Mohannad Abu Taha,MF,23-132,13.0,794,61.0,49.4,8.8,10,78.0,5,3,4.0,3,1.62,14.0,9.0,5.0,0.57,-0.54,Matches,
Jordan,all_competitions,Mohammad Abu Hasheesh,"MF,DF",31-036,13.0,556,43.0,34.6,6.2,5,81.0,3,8,19.0,4,1.23,9.0,10.0,-1.0,-0.16,-1.53,Matches,
Jordan,all_competitions,Mo Abualnadi,DF,25-126,9.0,555,62.0,34.5,6.2,7,77.0,5,2,8.0,2,1.33,10.0,6.0,4.0,0.65,-0.29,Matches,
Jordan,all_competitions,Ibrahim Sadeh,MF,26-048,13.0,460,35.0,28.6,5.1,4,76.0,1,9,17.0,3,1.62,14.0,3.0,11.0,2.15,1.84,Matches,
Jordan,all_competitions,Salem Al-Ajalin,DF,38-116,6.0,451,75.0,31.3,5.0,5,90.0,5,1,1.0,2,2.17,9.0,4.0,5.0,1.0,-0.37,Matches,
Jordan,all_competitions,Amer Jamous,MF,23-346,5.0,317,63.0,19.7,3.5,3,86.0,1,2,30.0,2,1.4,7.0,3.0,4.0,1.14,0.37,Matches,
Jordan,all_competitions,Rajaei Ayed,MF,32-324,8.0,299,37.0,18.6,3.3,3,73.0,1,5,16.0,8,1.88,3.0,3.0,0.0,0.0,-1.58,Matches,
Jordan,all_competitions,Husam Abu Dahab,DF,26-032,5.0,268,54.0,16.7,3.0,3,85.0,2,2,6.0,4,0.8,4.0,4.0,0.0,0.0,-1.01,Matches,
Jordan,all_competitions,Salim Obaid,DF,34-148,4.0,249,62.0,15.5,2.8,2,80.0,1,2,45.0,0,0.75,3.0,4.0,-1.0,-0.36,-1.42,Matches,
Jordan,all_competitions,Velibor Djuric,MF,44-040,2.0,162,81.0,11.3,1.8,2,81.0,1,0,,2,1.5,3.0,1.0,2.0,1.11,-0.16,Matches,
Jordan,all_competitions,Bara' Marei,DF,32-062,2.0,161,81.0,11.2,1.8,2,81.0,1,0,,4,3.0,7.0,0.0,7.0,3.91,3.0,Matches,
Jordan,all_competitions,Saed Al-Rosan,DF,29-133,4.0,154,39.0,9.6,1.7,2,68.0,1,2,10.0,8,1.5,7.0,3.0,4.0,2.34,1.66,Matches,
Jordan,all_competitions,Sharara,FW,28-166,8.0,93,12.0,5.8,1.0,0,,0,8,12.0,2,1.37,3.0,2.0,1.0,0.97,0.14,Matches,
Jordan,all_competitions,Odeh Al-Fakhouri,MF,20-204,2.0,90,45.0,53.9,1.0,1,45.0,0,1,45.0,0,0.0,1.0,2.0,-1.0,-1.0,3.68,Matches,
Jordan,all_competitions,Anas Badawi,DF,28-274,1.0,45,45.0,26.9,0.5,0,,0,1,45.0,1,0.0,1.0,1.0,0.0,0.0,3.69,Matches,
Jordan,all_competitions,Mustafa Kamal,MF,31-122,1.0,45,45.0,3.1,0.5,0,,0,1,45.0,1,0.0,0.0,0.0,0.0,0.0,-1.29,Matches,
Jordan,all_competitions,Mohammad Al-Dawud,"FW,MF",34-063,3.0,36,12.0,2.2,0.4,0,,0,3,12.0,0,1.0,0.0,1.0,-1.0,-2.5,-3.42,Matches,
Jordan,all_competitions,Abdallah Al-Fakhouri,GK,26-143,1.0,34,34.0,2.1,0.4,0,,0,1,34.0,13,1.0,0.0,1.0,-1.0,-2.65,-3.99,Matches,
Jordan,all_competitions,Nour Bani Attiah,GK,33-140,1.0,33,33.0,2.1,0.4,0,,0,1,33.0,10,0.0,0.0,1.0,-1.0,-2.73,-0.04,Matches,
Jordan,all_competitions,Ali Azaizeh,MF,22-062,2.0,32,16.0,19.2,0.4,0,,0,2,16.0,0,0.0,0.0,1.0,-1.0,-2.81,-0.15,Matches,
Jordan,all_competitions,Yousef Abu Al Jazar,DF,26-232,4.0,30,8.0,2.1,0.3,0,,0,4,8.0,5,1.25,1.0,0.0,1.0,3.0,1.79,Matches,
Jordan,all_competitions,Ibrahim Sabra,FW,20-133,2.0,28,14.0,1.7,0.3,0,,0,2,14.0,6,3.0,1.0,0.0,1.0,3.21,2.0,Matches,
Jordan,all_competitions,Sisa,MF,27-364,1.0,27,27.0,1.9,0.3,0,,0,1,27.0,3,1.0,0.0,0.0,0.0,0.0,-1.27,Matches,
Jordan,all_competitions,Saleh Rateb,MF,31-178,4.0,22,6.0,1.5,0.2,0,,0,4,6.0,0,1.75,2.0,0.0,2.0,8.18,7.04,Matches,
Jordan,all_competitions,Adham Al Quraishi,DF,31-099,1.0,18,18.0,1.3,0.2,0,,0,1,18.0,1,3.0,0.0,0.0,0.0,0.0,-1.27,Matches,
Jordan,all_competitions,Reziq Bani Hani,FW,24-137,3.0,14,5.0,1.0,0.2,0,,0,3,5.0,1,1.0,0.0,0.0,0.0,0.0,-1.26,Matches,
Jordan,all_competitions,Abdullah Al-Attar,"DF,FW",33-253,2.0,14,7.0,1.0,0.2,0,,0,2,7.0,0,2.0,0.0,1.0,-1.0,-6.43,-7.75,Matches,
Jordan,all_competitions,Yousef Qashi,MF,21-060,1.0,14,14.0,8.4,0.2,0,,0,1,14.0,0,0.0,0.0,1.0,-1.0,-6.43,-4.08,Matches,
Jordan,all_competitions,Ahmad Ersan,MF,30-259,1.0,13,13.0,0.9,0.1,0,,0,1,13.0,1,0.0,0.0,0.0,0.0,0.0,-1.26,Matches,
Jordan,all_competitions,Aref Al Haj,FW,25-017,3.0,12,4.0,0.8,0.1,0,,0,3,4.0,2,3.0,1.0,0.0,1.0,7.5,6.3,Matches,
Jordan,all_competitions,Mahmoud Shawkat,MF,31-025,2.0,8,4.0,0.6,0.1,0,,0,2,4.0,4,3.0,0.0,0.0,0.0,0.0,-1.26,Matches,
Jordan,all_competitions,Mohammad Aburiziq,FW,27-133,1.0,1,1.0,0.1,0.0,0,,0,1,1.0,1,3.0,0.0,0.0,0.0,0.0,-1.25,Matches,
Jordan,all_competitions,Abdullah Al-Zubi,GK,36-249,0.0,,,,,0,,0,0,,3,,,,,,,Matches,
Jordan,all_competitions,Hadi Al Hourani,DF,26-092,0.0,,,,,0,,0,0,,2,,,,,,,Matches,
Jordan,all_competitions,Obieda Al Samrieh,MF,34-117,0.0,,,,,0,,0,0,,2,,,,,,,Matches,
Jordan,all_competitions,Mohannad Semreen,FW,24-157,0.0,,,,,0,,0,0,,3,,,,,,,Matches,
Jordan,all_competitions,Feras Shelbaieh,DF,32-199,0.0,,,,,0,,0,0,,6,,,,,,,Matches,
Jordan,all_competitions,Hijazi Maher,DF,28-267,0.0,,,,,0,,0,0,,4,,,,,,,Matches,
Jordan,all_competitions,Anas Al Awadat,MF,28-016,0.0,,,,,0,,0,0,,2,,,,,,,Matches,
Jordan,all_competitions,Mohammad Al Amwasi,GK,29-310,0.0,,,,,0,,0,0,,3,,,,,,,Matches,
Jordan,all_competitions,Amin Al Shanaineh,MF,23-068,0.0,,,,,0,,0,0,,1,,,,,,,Matches,
Jordan,all_competitions,Ahmad Juaidi,GK,25-066,0.0,,,,,0,,0,0,,5,,,,,,,Matches,
Jordan,all_competitions,Anas Bani Yaseen,DF,37-197,0.0,,,,,0,,0,0,,2,,,,,,,Matches,
Jordan,all_competitions,Ali Hajabi,DF,22-043,0.0,,,,,0,,0,0,,3,,,,,,,Matches,
Jordan,all_competitions,Mohammad Al Naser,FW,29-083,0.0,,,,,0,,0,0,,1,,,,,,,Matches,
Jordan,all_competitions,Mohammad Abu Ghoush,MF,20-336,0.0,,,,,0,,0,0,,2,,,,,,,Matches,
Korea Republic,all_competitions,Lee Gi-hyuk,DF,25-342,1.0,90.0,90.0,100.0,1.0,1,90.0,1,0,,0,3.0,2.0,1.0,1.0,1.0,,Matches,
Korea Republic,all_competitions,Lee Han-beom,DF,23-362,1.0,90.0,90.0,100.0,1.0,1,90.0,1,0,,0,3.0,2.0,1.0,1.0,1.0,,Matches,
Korea Republic,all_competitions,Lee Kang-in,FW,25-115,1.0,90.0,90.0,100.0,1.0,1,90.0,1,0,,0,3.0,2.0,1.0,1.0,1.0,,Matches,
Korea Republic,all_competitions,Kim Min-jae,DF,29-211,1.0,90.0,90.0,100.0,1.0,1,90.0,1,0,,0,3.0,2.0,1.0,1.0,1.0,,Matches,
Korea Republic,all_competitions,Kim Seung-gyu,GK,35-257,1.0,90.0,90.0,100.0,1.0,1,90.0,1,0,,0,3.0,2.0,1.0,1.0,1.0,,Matches,
Korea Republic,all_competitions,Seol Young-woo,MF,27-191,1.0,90.0,90.0,100.0,1.0,1,90.0,1,0,,0,3.0,2.0,1.0,1.0,1.0,,Matches,
Korea Republic,all_competitions,Hwang In-beom,MF,29-267,1.0,83.0,83.0,92.2,0.9,1,83.0,0,0,,0,3.0,2.0,1.0,1.0,1.08,1.08,Matches,
Korea Republic,all_competitions,Paik Seung-ho,MF,29-089,1.0,83.0,83.0,92.2,0.9,1,83.0,0,0,,0,3.0,2.0,1.0,1.0,1.08,1.08,Matches,
Korea Republic,all_competitions,Son Heung-min,FW,33-341,1.0,68.0,68.0,75.6,0.8,1,68.0,0,0,,0,3.0,1.0,1.0,0.0,0.0,-4.09,Matches,
Korea Republic,all_competitions,Lee Tae-seok,MF,23-321,1.0,68.0,68.0,75.6,0.8,1,68.0,0,0,,0,3.0,1.0,1.0,0.0,0.0,-4.09,Matches,
Korea Republic,all_competitions,Lee Jae-sung,FW,33-308,1.0,61.0,61.0,67.8,0.7,1,61.0,0,0,,0,3.0,0.0,1.0,-1.0,-1.48,-7.68,Matches,
Korea Republic,all_competitions,Hwang Hee-chan,"FW,MF",30-139,1.0,29.0,29.0,32.2,0.3,0,,0,1,29.0,0,3.0,2.0,0.0,2.0,6.21,7.68,Matches,
Korea Republic,all_competitions,Oh Hyeon-gyu,FW,25-063,1.0,22.0,22.0,24.4,0.2,0,,0,1,22.0,0,3.0,1.0,0.0,1.0,4.09,4.09,Matches,
Korea Republic,all_competitions,Eom Ji-sung,MF,24-036,1.0,22.0,22.0,24.4,0.2,0,,0,1,22.0,0,3.0,1.0,0.0,1.0,4.09,4.09,Matches,
Korea Republic,all_competitions,Kim Jin-gyu,MF,29-110,1.0,7.0,7.0,7.8,0.1,0,,0,1,7.0,0,3.0,0.0,0.0,0.0,0.0,-1.08,Matches,
Korea Republic,all_competitions,Park Jinseob,"DF,MF",30-234,1.0,7.0,7.0,7.8,0.1,0,,0,1,7.0,0,3.0,0.0,0.0,0.0,0.0,-1.08,Matches,
Korea Republic,all_competitions,Song Bum-keun,GK,28-242,0.0,,,,,0,,0,0,,1,,,,,,,Matches,
Korea Republic,all_competitions,Jens Castrop,MF,22-320,0.0,,,,,0,,0,0,,1,,,,,,,Matches,
Korea Republic,all_competitions,Lee Dong-gyeong,"FW,MF",28-267,0.0,,,,,0,,0,0,,1,,,,,,,Matches,
Korea Republic,all_competitions,Cho Gue-sung,FW,28-140,0.0,,,,,0,,0,0,,1,,,,,,,Matches,
Korea Republic,all_competitions,Jo Hyeon-woo,GK,34-262,0.0,,,,,0,,0,0,,1,,,,,,,Matches,
Korea Republic,all_competitions,Yang Hyun-jun,"FW,MF",24-020,0.0,,,,,0,,0,0,,1,,,,,,,Matches,
Korea Republic,all_competitions,Bae Jun-ho,"FW,MF",22-297,0.0,,,,,0,,0,0,,1,,,,,,,Matches,
Korea Republic,all_competitions,Kim Moon-hwan,"DF,MF",30-317,0.0,,,,,0,,0,0,,1,,,,,,,Matches,
Korea Republic,all_competitions,Kim Tae-hyeon,DF,25-270,0.0,,,,,0,,0,0,,1,,,,,,,Matches,
Korea Republic,all_competitions,Cho Wi-je,DF,24-293,0.0,,,,,0,,0,0,,1,,,,,,,Matches,
Korea Republic,all_competitions,Squad Total,,28.7,1.0,90.0,90.0,100.0,1.0,11,82.0,6,5,17.0,10,3.0,2.0,1.0,1.0,1.0,,,
Korea Republic,all_competitions,Opponent Total,,28.2,1.0,90.0,90.0,100.0,1.0,11,82.0,7,4,22.0,11,0.0,1.0,2.0,-1.0,-1.0,,,
Korea Republic,all_competitions,Kim Min-jae,DF,29-211,4.0,271.0,68.0,75.3,3.0,3,80.0,2,1,30.0,0,1.5,4.0,5.0,-1.0,-0.33,-2.35,Matches,
Korea Republic,all_competitions,Seol Young-woo,MF,27-191,4.0,253.0,63.0,70.3,2.8,3,74.0,0,1,30.0,0,1.5,4.0,4.0,0.0,0.0,-0.84,Matches,
Korea Republic,all_competitions,Lee Han-beom,DF,23-362,4.0,240.0,60.0,66.7,2.7,3,65.0,1,1,45.0,0,1.5,2.0,3.0,-1.0,-0.37,-1.87,Matches,
Korea Republic,all_competitions,Kim Jin-gyu,MF,29-110,4.0,207.0,52.0,57.5,2.3,3,59.0,0,1,29.0,0,1.5,2.0,4.0,-2.0,-0.87,-2.63,Matches,
Korea Republic,all_competitions,Paik Seung-ho,MF,29-089,4.0,215.0,54.0,59.7,2.4,2,71.0,0,2,37.0,0,1.5,2.0,3.0,-1.0,-0.42,-1.66,Matches,
Korea Republic,all_competitions,Son Heung-min,FW,33-341,4.0,203.0,51.0,56.4,2.3,2,71.0,0,2,31.0,0,1.5,2.0,3.0,-1.0,-0.44,-1.59,Matches,
Korea Republic,all_competitions,Kim Seung-gyu,GK,35-257,3.0,180.0,60.0,50.0,2.0,2,68.0,1,1,45.0,1,2.0,3.0,1.0,2.0,1.0,1.5,Matches,
Korea Republic,all_competitions,Hwang Hee-chan,MF,30-139,4.0,177.0,44.0,49.2,2.0,2,60.0,0,2,29.0,0,1.5,4.0,2.0,2.0,1.02,1.51,Matches,
Korea Republic,all_competitions,Lee Jae-sung,MF,33-308,3.0,168.0,56.0,46.7,1.9,2,62.0,0,1,45.0,1,2.0,4.0,1.0,3.0,1.61,2.54,Matches,
Korea Republic,all_competitions,Lee Tae-seok,MF,23-321,2.0,152.0,76.0,42.2,1.7,2,76.0,1,0,,2,1.5,1.0,1.0,0.0,0.0,-0.43,Matches,
Korea Republic,all_competitions,Lee Dong-gyeong,MF,28-267,2.0,151.0,76.0,41.9,1.7,2,76.0,1,0,,0,3.0,6.0,0.0,6.0,3.58,5.73,Matches,
Korea Republic,all_competitions,Lee Gi-hyuk,DF,25-342,2.0,151.0,76.0,41.9,1.7,2,76.0,1,0,,0,3.0,6.0,0.0,6.0,3.58,5.73,Matches,
Korea Republic,all_competitions,Jo Hyeon-woo,GK,34-262,2.0,135.0,68.0,37.5,1.5,2,68.0,1,0,,2,1.5,2.0,4.0,-2.0,-1.33,-2.53,Matches,
Korea Republic,all_competitions,Bae Jun-ho,MF,22-297,2.0,117.0,59.0,32.5,1.3,2,59.0,0,0,,1,1.5,2.0,2.0,0.0,0.0,-0.37,Matches,
Korea Republic,all_competitions,Kim Moon-hwan,MF,30-317,2.0,105.0,53.0,29.2,1.2,2,53.0,0,0,,2,1.5,2.0,2.0,0.0,0.0,-0.35,Matches,
Korea Republic,all_competitions,Cho Yumin,DF,29-209,2.0,98.0,49.0,27.2,1.1,2,49.0,0,0,,1,1.5,2.0,2.0,0.0,0.0,-0.34,Matches,
Korea Republic,all_competitions,Kim Tae-hyeon,DF,25-270,2.0,155.0,78.0,43.1,1.7,1,90.0,1,1,65.0,2,0.0,0.0,5.0,-5.0,-2.9,-5.54,Matches,
Korea Republic,all_competitions,Lee Kang-in,MF,25-115,3.0,152.0,51.0,42.2,1.7,1,90.0,1,2,31.0,0,1.0,0.0,3.0,-3.0,-1.78,-3.51,Matches,
Korea Republic,all_competitions,Cho Gue-sung,FW,28-140,3.0,123.0,41.0,34.2,1.4,1,61.0,0,2,31.0,1,2.0,4.0,2.0,2.0,1.46,1.84,Matches,
Korea Republic,all_competitions,Park Jinseob,MF,30-234,3.0,111.0,37.0,30.8,1.2,1,45.0,0,2,33.0,1,2.0,3.0,2.0,1.0,0.81,0.81,Matches,
Korea Republic,all_competitions,Oh Hyeon-gyu,FW,25-063,3.0,95.0,32.0,26.4,1.1,1,58.0,0,2,19.0,0,1.0,0.0,2.0,-2.0,-1.89,-2.91,Matches,
Korea Republic,all_competitions,Hwang In-beom,MF,29-267,2.0,91.0,46.0,25.3,1.0,1,61.0,0,1,30.0,0,3.0,4.0,0.0,4.0,3.96,4.96,Matches,
Korea Republic,all_competitions,Jens Castrop,MF,22-320,2.0,89.0,45.0,24.7,1.0,1,60.0,0,1,29.0,1,3.0,2.0,0.0,2.0,2.02,2.35,Matches,
Korea Republic,all_competitions,Kim Jusung,DF,25-184,1.0,25.0,25.0,6.9,0.3,1,25.0,0,0,,1,0.0,0.0,0.0,0.0,0.0,-0.27,Matches,
Korea Republic,all_competitions,Yang Hyun-jun,"FW,MF",24-020,3.0,102.0,34.0,28.3,1.1,0,,0,3,34.0,1,1.0,0.0,2.0,-2.0,-1.76,-2.81,Matches,
Korea Republic,all_competitions,Eom Ji-sung,MF,24-036,3.0,48.0,16.0,13.3,0.5,0,,0,3,16.0,0,1.0,3.0,1.0,2.0,3.75,4.04,Matches,
Korea Republic,all_competitions,Hong Hyunseok,MF,26-363,2.0,47.0,24.0,13.1,0.5,0,,0,2,24.0,0,0.0,0.0,1.0,-1.0,-1.91,-2.49,Matches,
Korea Republic,all_competitions,Song Bum-keun,GK,28-242,1.0,45.0,45.0,12.5,0.5,0,,0,1,45.0,3,3.0,1.0,0.0,1.0,2.0,2.0,Matches,
Korea Republic,all_competitions,Cho Wi-je,DF,24-293,1.0,45.0,45.0,12.5,0.5,0,,0,1,45.0,1,3.0,1.0,0.0,1.0,2.0,2.0,Matches,
Korea Republic,all_competitions,Kwon Hyeokkyu,MF,25-093,1.0,9.0,9.0,2.5,0.1,0,,0,1,9.0,1,0.0,0.0,0.0,0.0,0.0,-0.26,Matches,
Korea Republic,all_competitions,Kang Sangyoon,MF,22-014,0.0,,,,,0,,0,0,,2,,,,,,,Matches,
Korea Republic,all_competitions,Squad Total,,28.5,4.0,360.0,90.0,100.0,4.0,44,66.0,10,34,31.0,24,1.5,6.0,5.0,1.0,0.25,,,
Korea Republic,all_competitions,Opponent Total,,26.7,4.0,360.0,90.0,100.0,4.0,44,66.0,12,32,20.0,21,1.5,5.0,6.0,-1.0,-0.25,,,
Korea Republic,all_competitions,Hwang In-beom,MF,29.0,15.0,"1,284",86.0,89.2,14.3,15,86.0,8,0,,0,2.47,37.0,7.0,30.0,2.1,0.95,Matches,
Korea Republic,all_competitions,Jo Hyeon-woo,GK,34.0,13.0,"1,170",90.0,81.3,13.0,13,90.0,13,0,,3,2.23,28.0,8.0,20.0,1.54,-2.46,Matches,
Korea Republic,all_competitions,Lee Kang-in,"MF,FW",24.0,15.0,"1,148",77.0,79.7,12.8,13,82.0,5,2,38.0,0,2.47,33.0,5.0,28.0,2.2,0.96,Matches,
Korea Republic,all_competitions,Lee Jae-sung,MF,33.0,16.0,"1,055",66.0,73.3,11.7,13,76.0,4,3,21.0,0,2.38,29.0,6.0,23.0,1.96,-0.14,Matches,
Korea Republic,all_competitions,Son Heung-min,"MF,FW",33.0,13.0,"1,064",82.0,73.9,11.8,12,87.0,9,1,16.0,0,2.23,28.0,6.0,22.0,1.86,-0.53,Matches,
Korea Republic,all_competitions,Seol Young-woo,DF,27.0,14.0,"1,048",75.0,72.8,11.6,12,84.0,7,2,18.0,0,2.29,26.0,8.0,18.0,1.55,-1.67,Matches,
Korea Republic,all_competitions,Kim Min-jae,DF,29.0,10.0,900,90.0,62.5,10.0,10,90.0,10,0,,0,2.4,24.0,6.0,18.0,1.8,-0.53,Matches,
Korea Republic,all_competitions,Cho Yumin,DF,29.0,9.0,810,90.0,56.3,9.0,9,90.0,9,0,,4,2.33,21.0,6.0,15.0,1.67,-0.76,Matches,
Korea Republic,all_competitions,Park Yong-woo,MF,32.0,10.0,753,75.0,52.3,8.4,9,84.0,5,1,1.0,3,2.4,16.0,6.0,10.0,1.2,-1.69,Matches,
Korea Republic,all_competitions,Hwang Hee-chan,"MF,FW",30.0,11.0,603,55.0,41.9,6.7,8,66.0,0,3,25.0,0,2.45,13.0,2.0,11.0,1.64,-0.62,Matches,
Korea Republic,all_competitions,Lee Myung-jae,DF,32.0,7.0,465,66.0,32.3,5.2,5,85.0,4,2,21.0,3,2.14,11.0,5.0,6.0,1.16,-1.24,Matches,
Korea Republic,all_competitions,Kwon Kyung-won,DF,34.0,5.0,450,90.0,31.3,5.0,5,90.0,5,0,,5,2.2,12.0,2.0,10.0,2.0,0.0,Matches,
Korea Republic,all_competitions,Oh Sehun,FW,27.0,9.0,426,47.0,29.6,4.7,5,64.0,0,4,26.0,2,2.11,6.0,5.0,1.0,0.21,-2.54,Matches,
Korea Republic,all_competitions,Joo Min-kyu,FW,35.0,9.0,351,39.0,24.4,3.9,5,51.0,0,4,24.0,2,2.11,10.0,1.0,9.0,2.31,0.41,Matches,
Korea Republic,all_competitions,Lee Tae-seok,DF,23.0,5.0,373,75.0,25.9,4.1,4,87.0,2,1,27.0,0,2.2,9.0,2.0,7.0,1.69,-0.42,Matches,
Korea Republic,all_competitions,Kim Jin-su,DF,33.0,5.0,369,74.0,25.6,4.1,4,86.0,3,1,27.0,1,2.6,14.0,1.0,13.0,3.17,1.57,Matches,
Korea Republic,all_competitions,Jung Woo-young,MF,36.0,4.0,276,69.0,19.2,3.1,3,90.0,3,1,6.0,0,2.5,9.0,0.0,9.0,2.93,1.16,Matches,
Korea Republic,all_competitions,Jung Seung-hyun,DF,31.0,3.0,270,90.0,18.8,3.0,3,90.0,3,0,,4,3.0,11.0,1.0,10.0,3.33,1.64,Matches,
Korea Republic,all_competitions,Kim Young-gwon,DF,35.0,3.0,253,84.0,17.6,2.8,3,84.0,2,0,,3,1.67,3.0,1.0,2.0,0.71,-1.56,Matches,
Korea Republic,all_competitions,Cho Gue-sung,FW,28.0,4.0,207,52.0,14.4,2.3,3,63.0,0,1,18.0,0,2.5,7.0,0.0,7.0,3.04,1.22,Matches,
Korea Republic,all_competitions,Paik Seung-ho,MF,28.0,6.0,189,32.0,13.1,2.1,3,57.0,1,3,6.0,1,2.33,2.0,2.0,0.0,0.0,-2.3,Matches,
Korea Republic,all_competitions,Bae Jun-ho,MF,22.0,8.0,262,33.0,18.2,2.9,2,63.0,0,6,23.0,0,2.5,8.0,2.0,6.0,2.06,0.07,Matches,
Korea Republic,all_competitions,Kim Seung-gyu,GK,35.0,2.0,180,90.0,12.5,2.0,2,90.0,2,0,,2,3.0,8.0,0.0,8.0,4.0,2.29,Matches,
Korea Republic,all_competitions,Lee Ki-je,DF,34.0,2.0,153,77.0,10.6,1.7,2,77.0,1,0,,0,3.0,6.0,0.0,6.0,3.53,1.71,Matches,
Korea Republic,all_competitions,Oh Hyeon-gyu,FW,24.0,9.0,240,27.0,16.7,2.7,1,74.0,0,8,21.0,1,2.33,10.0,1.0,9.0,3.38,1.65,Matches,
Korea Republic,all_competitions,Hwang Jaewon,DF,23.0,4.0,146,37.0,10.1,1.6,1,69.0,0,3,26.0,1,2.0,5.0,0.0,5.0,3.08,1.2,Matches,
Korea Republic,all_competitions,Park Seungwook,DF,28.0,3.0,103,34.0,7.2,1.1,1,60.0,0,2,22.0,2,3.0,4.0,0.0,4.0,3.5,1.61,Matches,
Korea Republic,all_competitions,Jeong Woo-yeong,FW,26.0,3.0,96,32.0,6.7,1.1,1,61.0,0,2,18.0,2,2.33,4.0,1.0,3.0,2.81,0.87,Matches,
Korea Republic,all_competitions,Kim Moon-hwan,DF,30.0,2.0,91,46.0,6.3,1.0,1,90.0,1,1,1.0,2,2.0,3.0,0.0,3.0,2.97,1.03,Matches,
Korea Republic,all_competitions,Lee Chang-keun,GK,32.0,1.0,90,90.0,6.3,1.0,1,90.0,1,0,,7,3.0,4.0,0.0,4.0,4.0,2.13,Matches,
Korea Republic,all_competitions,Won Du-jae,MF,28.0,1.0,90,90.0,6.3,1.0,1,90.0,1,0,,2,3.0,4.0,0.0,4.0,4.0,2.13,Matches,
Korea Republic,all_competitions,Lee Han-beom,DF,23.0,1.0,90,90.0,6.3,1.0,1,90.0,1,0,,1,3.0,4.0,0.0,4.0,4.0,2.13,Matches,
Korea Republic,all_competitions,Kim Jusung,DF,25.0,1.0,90,90.0,6.3,1.0,1,90.0,1,0,,5,3.0,4.0,0.0,4.0,4.0,2.13,Matches,
Korea Republic,all_competitions,Hwang Mun-ki,DF,29.0,2.0,89,45.0,6.2,1.0,1,66.0,0,1,23.0,2,2.0,2.0,0.0,2.0,2.02,0.02,Matches,
Korea Republic,all_competitions,Jeon Jinwoo,MF,26.0,2.0,85,43.0,5.9,0.9,1,68.0,0,1,17.0,0,3.0,4.0,0.0,4.0,4.24,2.38,Matches,
Korea Republic,all_competitions,Kim Tae-hwan,DF,36.0,1.0,71,71.0,4.9,0.8,1,71.0,0,0,,1,3.0,2.0,0.0,2.0,2.54,0.56,Matches,
Korea Republic,all_competitions,Lee Dong-gyeong,MF,28.0,2.0,50,25.0,3.5,0.6,1,45.0,0,1,5.0,3,1.0,1.0,1.0,0.0,0.0,-2.07,Matches,
Korea Republic,all_competitions,Moon Seon-min,"FW,MF",33.0,2.0,62,31.0,4.3,0.7,0,,0,2,31.0,2,3.0,4.0,1.0,3.0,4.35,2.46,Matches,
Korea Republic,all_competitions,Hong Hyunseok,MF,26.0,4.0,48,12.0,3.3,0.5,0,,0,4,12.0,4,2.5,0.0,1.0,-1.0,-1.87,-4.01,Matches,
Korea Republic,all_competitions,Park Jinseob,"DF,MF",30.0,2.0,46,23.0,3.2,0.5,0,,0,2,23.0,4,3.0,2.0,0.0,2.0,3.91,1.98,Matches,
Korea Republic,all_competitions,Hwang Ui-jo,"FW,MF",33.0,2.0,46,23.0,3.2,0.5,0,,0,2,23.0,0,3.0,3.0,0.0,3.0,5.87,4.0,Matches,
Korea Republic,all_competitions,Kim Jin-gyu,MF,28.0,1.0,45,45.0,3.1,0.5,0,,0,1,45.0,1,3.0,2.0,0.0,2.0,4.0,2.06,Matches,
Korea Republic,all_competitions,Yang Minhyeok,MF,19.0,1.0,45,45.0,3.1,0.5,0,,0,1,45.0,2,1.0,0.0,0.0,0.0,0.0,-2.06,Matches,
Korea Republic,all_competitions,Um Wonsang,"FW,MF",27.0,1.0,33,33.0,2.3,0.4,0,,0,1,33.0,1,3.0,2.0,0.0,2.0,5.45,3.54,Matches,
Korea Republic,all_competitions,Eom Ji-sung,MF,23.0,2.0,30,15.0,2.1,0.3,0,,0,2,15.0,2,3.0,2.0,0.0,2.0,6.0,4.09,Matches,
Korea Republic,all_competitions,Yang Hyun-jun,"FW,MF",23.0,2.0,22,11.0,1.5,0.2,0,,0,2,11.0,2,2.0,0.0,0.0,0.0,0.0,-2.03,Matches,
Korea Republic,all_competitions,Lee Soonmin,MF,31.0,1.0,21,21.0,1.5,0.2,0,,0,1,21.0,1,3.0,1.0,0.0,1.0,4.29,2.32,Matches,
Korea Republic,all_competitions,Jung Hoyeon,MF,25.0,1.0,17,17.0,1.2,0.2,0,,0,1,17.0,2,3.0,1.0,0.0,1.0,5.29,3.33,Matches,
Korea Republic,all_competitions,Song Minkyu,"FW,MF",26.0,1.0,17,17.0,1.2,0.2,0,,0,1,17.0,1,3.0,1.0,0.0,1.0,5.29,3.33,Matches,
Korea Republic,all_competitions,Lee Hyunju,MF,22.0,1.0,10,10.0,0.7,0.1,0,,0,1,10.0,0,3.0,0.0,0.0,0.0,0.0,-2.01,Matches,
Korea Republic,all_competitions,Choi Jun,DF,26.0,1.0,4,4.0,0.3,0.0,0,,0,1,4.0,3,3.0,0.0,0.0,0.0,0.0,-2.01,Matches,
Korea Republic,all_competitions,Lee Seung-woo,"FW,MF",28.0,1.0,4,4.0,0.3,0.0,0,,0,1,4.0,0,3.0,0.0,1.0,-1.0,-22.5,-24.57,Matches,
Korea Republic,all_competitions,Kim Bongsoo,"DF,MF",26.0,0.0,,,,,0,,0,0,,1,,,,,,,Matches,
Korea Republic,all_competitions,Song Bum-keun,GK,28.0,0.0,,,,,0,,0,0,,8,,,,,,,Matches,
Korea Republic,all_competitions,Ha Chang-rae,DF,31.0,0.0,,,,,0,,0,0,,2,,,,,,,Matches,
Korea Republic,all_competitions,Kim Dongheon,GK,28.0,0.0,,,,,0,,0,0,,4,,,,,,,Matches,
Korea Republic,all_competitions,Lee Gi-hyuk,"DF,MF",25.0,0.0,,,,,0,,0,0,,1,,,,,,,Matches,
Korea Republic,all_competitions,Cho Hyuntaek,DF,24.0,0.0,,,,,0,,0,0,,4,,,,,,,Matches,
Korea Republic,all_competitions,Hwang Injae,GK,31.0,0.0,,,,,0,,0,0,,2,,,,,,,Matches,
Korea Republic,all_competitions,Kim Joonhong,GK,22.0,0.0,,,,,0,,0,0,,4,,,,,,,Matches,
Korea Republic,all_competitions,Kim Kyeong-min,"GK,MF",34.0,0.0,,,,,0,,0,0,,2,,,,,,,Matches,
Korea Republic,all_competitions,Squad Total,,30.3,16.0,"1,440",90.0,100.0,16.0,176,81.0,101,77,20.0,115,2.38,40.0,8.0,32.0,2.0,,,
Korea Republic,all_competitions,Opponent Total,,29.8,16.0,"1,440",90.0,100.0,16.0,176,81.0,106,69,21.0,122,0.31,8.0,40.0,-32.0,-2.0,,,
Korea Republic,all_competitions,Hwang In-beom,MF,29-267,18.0,"1,458",81.0,77.1,16.2,17,84.0,8,1,30.0,0,2.56,43.0,8.0,35.0,2.16,2.37,Matches,
Korea Republic,all_competitions,Seol Young-woo,MF,27-191,19.0,"1,391",73.0,73.6,15.5,16,83.0,8,3,22.0,0,2.16,32.0,13.0,19.0,1.23,-1.48,Matches,
Korea Republic,all_competitions,Lee Kang-in,FW,25-115,19.0,"1,390",73.0,73.5,15.4,15,83.0,7,4,35.0,0,2.27,35.0,9.0,26.0,1.68,0.24,Matches,
Korea Republic,all_competitions,Son Heung-min,FW,33-341,18.0,"1,335",74.0,70.6,14.8,15,84.0,9,3,26.0,0,2.11,31.0,10.0,21.0,1.42,-0.69,Matches,
Korea Republic,all_competitions,Jo Hyeon-woo,GK,34-262,15.0,"1,305",87.0,69.0,14.5,15,87.0,14,0,,6,2.13,30.0,12.0,18.0,1.24,-1.49,Matches,
Korea Republic,all_competitions,Lee Jae-sung,FW,33-308,20.0,"1,284",64.0,67.9,14.3,16,73.0,4,4,27.0,1,2.35,33.0,8.0,25.0,1.75,0.42,Matches,
Korea Republic,all_competitions,Kim Min-jae,DF,29-211,15.0,"1,261",84.0,66.7,14.0,14,88.0,13,1,30.0,0,2.2,30.0,12.0,18.0,1.28,-1.0,Matches,
Korea Republic,all_competitions,Cho Yumin,DF,29-209,11.0,908,83.0,50.4,10.1,11,83.0,9,0,,5,2.18,23.0,8.0,15.0,1.49,-0.33,Matches,
Korea Republic,all_competitions,Hwang Hee-chan,"FW,MF",30-139,16.0,809,51.0,42.8,9.0,10,65.0,0,6,27.0,0,2.25,19.0,4.0,15.0,1.67,0.09,Matches,
Korea Republic,all_competitions,Park Yong-woo,MF,32-277,10.0,753,75.0,52.3,8.4,9,84.0,5,1,1.0,3,2.4,16.0,6.0,10.0,1.2,-1.69,Matches,
Korea Republic,all_competitions,Lee Tae-seok,MF,23-321,8.0,593,74.0,31.4,6.6,7,81.0,3,1,27.0,2,2.13,11.0,4.0,7.0,1.06,-0.81,Matches,
Korea Republic,all_competitions,Paik Seung-ho,MF,29-089,11.0,487,44.0,25.8,5.4,6,66.0,1,5,18.0,1,2.09,6.0,6.0,0.0,0.0,-2.18,Matches,
Korea Republic,all_competitions,Lee Myung-jae,DF,32-222,7.0,465,66.0,32.3,5.2,5,85.0,4,2,21.0,3,2.14,11.0,5.0,6.0,1.16,-1.24,Matches,
Korea Republic,all_competitions,Kim Seung-gyu,GK,35-257,6.0,450,75.0,23.8,5.0,5,81.0,4,1,45.0,3,2.5,13.0,2.0,11.0,2.2,0.76,Matches,
Korea Republic,all_competitions,Kwon Kyung-won,DF,34-134,5.0,450,90.0,31.3,5.0,5,90.0,5,0,,5,2.2,12.0,2.0,10.0,2.0,0.0,Matches,
Korea Republic,all_competitions,Oh Sehun,FW,27-150,9.0,426,47.0,29.6,4.7,5,64.0,0,4,26.0,2,2.11,6.0,5.0,1.0,0.21,-2.54,Matches,
Korea Republic,all_competitions,Lee Han-beom,DF,23-362,6.0,420,70.0,22.2,4.7,5,75.0,3,1,45.0,1,2.0,8.0,4.0,4.0,0.86,-0.98,Matches,
Korea Republic,all_competitions,Bae Jun-ho,"FW,MF",22-297,10.0,379,38.0,20.1,4.2,4,61.0,0,6,23.0,2,2.3,10.0,4.0,6.0,1.42,-0.29,Matches,
Korea Republic,all_competitions,Kim Jin-su,DF,34-001,5.0,369,74.0,25.6,4.1,4,86.0,3,1,27.0,1,2.6,14.0,1.0,13.0,3.17,1.57,Matches,
Korea Republic,all_competitions,Oh Hyeon-gyu,FW,25-063,13.0,357,27.0,18.9,4.0,2,66.0,0,11,20.0,1,2.07,11.0,3.0,8.0,2.02,0.49,Matches,
Korea Republic,all_competitions,Joo Min-kyu,FW,36-062,9.0,351,39.0,24.4,3.9,5,51.0,0,4,24.0,2,2.11,10.0,1.0,9.0,2.31,0.41,Matches,
Korea Republic,all_competitions,Cho Gue-sung,FW,28-140,7.0,330,47.0,17.5,3.7,4,63.0,0,3,27.0,2,2.29,11.0,2.0,9.0,2.45,0.99,Matches,
Korea Republic,all_competitions,Jung Woo-young,MF,36-182,4.0,276,69.0,19.2,3.1,3,90.0,3,1,6.0,0,2.5,9.0,0.0,9.0,2.93,1.16,Matches,
Korea Republic,all_competitions,Jung Seung-hyun,DF,32-072,3.0,270,90.0,18.8,3.0,3,90.0,3,0,,4,3.0,11.0,1.0,10.0,3.33,1.64,Matches,
Korea Republic,all_competitions,Kim Jin-gyu,MF,29-110,6.0,259,43.0,13.7,2.9,3,59.0,0,3,27.0,1,2.0,4.0,4.0,0.0,0.0,-1.88,Matches,
Korea Republic,all_competitions,Kim Young-gwon,DF,36-107,3.0,253,84.0,17.6,2.8,3,84.0,2,0,,3,1.67,3.0,1.0,2.0,0.71,-1.56,Matches,
Korea Republic,all_competitions,Lee Gi-hyuk,DF,25-342,3.0,241,80.0,12.8,2.7,3,80.0,2,0,,1,3.0,8.0,1.0,7.0,2.61,4.77,Matches,
Korea Republic,all_competitions,Lee Dong-gyeong,"FW,MF",28-267,4.0,201,50.0,10.6,2.2,3,65.0,1,1,5.0,4,2.0,7.0,1.0,6.0,2.69,1.17,Matches,
Korea Republic,all_competitions,Kim Moon-hwan,"DF,MF",30-317,4.0,196,49.0,10.4,2.2,3,65.0,1,1,1.0,5,1.75,5.0,2.0,3.0,1.38,-0.31,Matches,
Korea Republic,all_competitions,Park Jinseob,"DF,MF",30-234,6.0,164,27.0,8.7,1.8,1,45.0,0,5,24.0,5,2.5,5.0,2.0,3.0,1.65,0.03,Matches,
Korea Republic,all_competitions,Kim Tae-hyeon,DF,25-270,2.0,155,78.0,34.4,1.7,1,90.0,1,1,65.0,3,0.0,0.0,5.0,-5.0,-2.9,-5.54,Matches,
Korea Republic,all_competitions,Lee Ki-je,DF,34-340,2.0,153,77.0,10.6,1.7,2,77.0,1,0,,0,3.0,6.0,0.0,6.0,3.53,1.71,Matches,
Korea Republic,all_competitions,Hwang Jaewon,DF,23-302,4.0,146,37.0,10.1,1.6,1,69.0,0,3,26.0,1,2.0,5.0,0.0,5.0,3.08,1.2,Matches,
Korea Republic,all_competitions,Yang Hyun-jun,"FW,MF",24-020,5.0,124,25.0,6.6,1.4,0,,0,5,25.0,4,1.4,0.0,2.0,-2.0,-1.45,-3.33,Matches,
Korea Republic,all_competitions,Kim Jusung,DF,25-184,2.0,115,58.0,6.4,1.3,2,58.0,1,0,,6,1.5,4.0,0.0,4.0,3.13,1.58,Matches,
Korea Republic,all_competitions,Park Seungwook,DF,29-038,3.0,103,34.0,7.2,1.1,1,60.0,0,2,22.0,2,3.0,4.0,0.0,4.0,3.5,1.61,Matches,
Korea Republic,all_competitions,Eom Ji-sung,MF,24-036,6.0,100,17.0,5.3,1.1,0,,0,6,17.0,2,2.0,6.0,1.0,5.0,4.5,3.04,Matches,
Korea Republic,all_competitions,Jeong Woo-yeong,FW,26-267,3.0,96,32.0,6.7,1.1,1,61.0,0,2,18.0,2,2.33,4.0,1.0,3.0,2.81,0.87,Matches,
Korea Republic,all_competitions,Hong Hyunseok,MF,26-363,6.0,95,16.0,5.3,1.1,0,,0,6,16.0,4,1.67,0.0,2.0,-2.0,-1.89,-3.74,Matches,
Korea Republic,all_competitions,Won Du-jae,MF,28-208,1.0,90,90.0,6.3,1.0,1,90.0,1,0,,2,3.0,4.0,0.0,4.0,4.0,2.13,Matches,
Korea Republic,all_competitions,Lee Chang-keun,GK,32-288,1.0,90,90.0,6.3,1.0,1,90.0,1,0,,7,3.0,4.0,0.0,4.0,4.0,2.13,Matches,
Korea Republic,all_competitions,Hwang Mun-ki,DF,29-188,2.0,89,45.0,6.2,1.0,1,66.0,0,1,23.0,2,2.0,2.0,0.0,2.0,2.02,0.02,Matches,
Korea Republic,all_competitions,Jens Castrop,MF,22-320,2.0,89,45.0,19.8,1.0,1,60.0,0,1,29.0,2,3.0,2.0,0.0,2.0,2.02,2.35,Matches,
Korea Republic,all_competitions,Jeon Jinwoo,MF,26-278,2.0,85,43.0,5.9,0.9,1,68.0,0,1,17.0,0,3.0,4.0,0.0,4.0,4.24,2.38,Matches,
Korea Republic,all_competitions,Kim Tae-hwan,DF,36-325,1.0,71,71.0,4.9,0.8,1,71.0,0,0,,1,3.0,2.0,0.0,2.0,2.54,0.56,Matches,
Korea Republic,all_competitions,Moon Seon-min,"FW,MF",34-005,2.0,62,31.0,4.3,0.7,0,,0,2,31.0,2,3.0,4.0,1.0,3.0,4.35,2.46,Matches,
Korea Republic,all_competitions,Hwang Ui-jo,"FW,MF",33-290,2.0,46,23.0,3.2,0.5,0,,0,2,23.0,0,3.0,3.0,0.0,3.0,5.87,4.0,Matches,
Korea Republic,all_competitions,Song Bum-keun,GK,28-242,1.0,45,45.0,2.4,0.5,0,,0,1,45.0,12,3.0,1.0,0.0,1.0,2.0,2.0,Matches,
Korea Republic,all_competitions,Cho Wi-je,DF,24-293,1.0,45,45.0,10.0,0.5,0,,0,1,45.0,2,3.0,1.0,0.0,1.0,2.0,2.0,Matches,
Korea Republic,all_competitions,Yang Minhyeok,MF,20-059,1.0,45,45.0,3.1,0.5,0,,0,1,45.0,2,1.0,0.0,0.0,0.0,0.0,-2.06,Matches,
Korea Republic,all_competitions,Um Wonsang,"FW,MF",27-159,1.0,33,33.0,2.3,0.4,0,,0,1,33.0,1,3.0,2.0,0.0,2.0,5.45,3.54,Matches,
Korea Republic,all_competitions,Lee Soonmin,MF,32-023,1.0,21,21.0,1.5,0.2,0,,0,1,21.0,1,3.0,1.0,0.0,1.0,4.29,2.32,Matches,
Korea Republic,all_competitions,Song Minkyu,"FW,MF",26-275,1.0,17,17.0,1.2,0.2,0,,0,1,17.0,1,3.0,1.0,0.0,1.0,5.29,3.33,Matches,
Korea Republic,all_competitions,Jung Hoyeon,MF,25-259,1.0,17,17.0,1.2,0.2,0,,0,1,17.0,2,3.0,1.0,0.0,1.0,5.29,3.33,Matches,
Korea Republic,all_competitions,Lee Hyunju,MF,23-127,1.0,10,10.0,0.7,0.1,0,,0,1,10.0,0,3.0,0.0,0.0,0.0,0.0,-2.01,Matches,
Korea Republic,all_competitions,Kwon Hyeokkyu,MF,25-093,1.0,9,9.0,2.5,0.1,0,,0,1,9.0,1,0.0,0.0,0.0,0.0,0.0,-0.26,Matches,
Korea Republic,all_competitions,Choi Jun,DF,27-058,1.0,4,4.0,0.3,0.0,0,,0,1,4.0,3,3.0,0.0,0.0,0.0,0.0,-2.01,Matches,
Korea Republic,all_competitions,Lee Seung-woo,"FW,MF",28-159,1.0,4,4.0,0.3,0.0,0,,0,1,4.0,0,3.0,0.0,1.0,-1.0,-22.5,-24.57,Matches,
Korea Republic,all_competitions,Kim Dongheon,GK,29-103,0.0,,,,,0,,0,0,,4,,,,,,,Matches,
Korea Republic,all_competitions,Kang Sangyoon,MF,22-014,0.0,,,,,0,,0,0,,2,,,,,,,Matches,
Korea Republic,all_competitions,Kim Bongsoo,"DF,MF",26-170,0.0,,,,,0,,0,0,,1,,,,,,,Matches,
Korea Republic,all_competitions,Cho Hyuntaek,DF,24-316,0.0,,,,,0,,0,0,,4,,,,,,,Matches,
Korea Republic,all_competitions,Kim Joonhong,GK,23-011,0.0,,,,,0,,0,0,,4,,,,,,,Matches,
Korea Republic,all_competitions,Ha Chang-rae,DF,31-241,0.0,,,,,0,,0,0,,2,,,,,,,Matches,
Korea Republic,all_competitions,Hwang Injae,GK,32-053,0.0,,,,,0,,0,0,,2,,,,,,,Matches,
Korea Republic,all_competitions,Kim Kyeong-min,"GK,MF",34-225,0.0,,,,,0,,0,0,,2,,,,,,,Matches,
Mexico,all_competitions,Roberto Alvarado,MF,27-280,1.0,90.0,90.0,100.0,1.0,1,90.0,1,0,,0,3.0,2.0,0.0,2.0,2.0,,Matches,
Mexico,all_competitions,Jesús Gallardo,DF,31-303,1.0,90.0,90.0,100.0,1.0,1,90.0,1,0,,0,3.0,2.0,0.0,2.0,2.0,,Matches,
Mexico,all_competitions,Raúl Rangel,GK,26-109,1.0,90.0,90.0,100.0,1.0,1,90.0,1,0,,0,3.0,2.0,0.0,2.0,2.0,,Matches,
Mexico,all_competitions,Israel Reyes,DF,26-022,1.0,90.0,90.0,100.0,1.0,1,90.0,1,0,,0,3.0,2.0,0.0,2.0,2.0,,Matches,
Mexico,all_competitions,Johan Vásquez,DF,27-235,1.0,90.0,90.0,100.0,1.0,1,90.0,1,0,,0,3.0,2.0,0.0,2.0,2.0,,Matches,
Mexico,all_competitions,César Montes,DF,29-110,1.0,89.0,89.0,98.9,1.0,1,89.0,0,0,,0,3.0,2.0,0.0,2.0,2.02,2.02,Matches,
Mexico,all_competitions,Julián Quiñones,MF,29-082,1.0,78.0,78.0,86.7,0.9,1,78.0,0,0,,0,3.0,2.0,0.0,2.0,2.31,2.31,Matches,
Mexico,all_competitions,Raúl Jiménez,FW,35-040,1.0,75.0,75.0,83.3,0.8,1,75.0,0,0,,0,3.0,2.0,0.0,2.0,2.4,2.4,Matches,
Mexico,all_competitions,Erik Lira,MF,26-037,1.0,75.0,75.0,83.3,0.8,1,75.0,0,0,,0,3.0,2.0,0.0,2.0,2.4,2.4,Matches,
Mexico,all_competitions,Álvaro Fidalgo,MF,29-066,1.0,65.0,65.0,72.2,0.7,1,65.0,0,0,,0,3.0,1.0,0.0,1.0,1.38,-2.22,Matches,
Mexico,all_competitions,Brian Gutiérrez,MF,22-362,1.0,65.0,65.0,72.2,0.7,1,65.0,0,0,,0,3.0,1.0,0.0,1.0,1.38,-2.22,Matches,
Mexico,all_competitions,Luis Chávez,MF,30-150,1.0,25.0,25.0,27.8,0.3,0,,0,1,25.0,0,3.0,1.0,0.0,1.0,3.6,2.22,Matches,
Mexico,all_competitions,Gilberto Mora,MF,17-243,1.0,25.0,25.0,27.8,0.3,0,,0,1,25.0,0,3.0,1.0,0.0,1.0,3.6,2.22,Matches,
Mexico,all_competitions,Edson Álvarez,"DF,MF",28-233,1.0,15.0,15.0,16.7,0.2,0,,0,1,15.0,0,3.0,0.0,0.0,0.0,0.0,-2.4,Matches,
Mexico,all_competitions,Armando González,FW,23-055,1.0,15.0,15.0,16.7,0.2,0,,0,1,15.0,0,3.0,0.0,0.0,0.0,0.0,-2.4,Matches,
Mexico,all_competitions,Alexis Vega,"FW,MF",28-201,1.0,12.0,12.0,13.3,0.1,0,,0,1,12.0,0,3.0,0.0,0.0,0.0,0.0,-2.31,Matches,
Mexico,all_competitions,Carlos Acevedo,GK,30-056,0.0,,,,,0,,0,0,,1,,,,,,,Matches,
Mexico,all_competitions,Mateo Chávez,DF,22-033,0.0,,,,,0,,0,0,,1,,,,,,,Matches,
Mexico,all_competitions,Santiago Giménez,FW,25-057,0.0,,,,,0,,0,0,,1,,,,,,,Matches,
Mexico,all_competitions,César Huerta,"FW,MF",25-193,0.0,,,,,0,,0,0,,1,,,,,,,Matches,
Mexico,all_competitions,Guillermo Martínez Ayala,FW,31-091,0.0,,,,,0,,0,0,,1,,,,,,,Matches,
Mexico,all_competitions,Guillermo Ochoa,GK,40-336,0.0,,,,,0,,0,0,,1,,,,,,,Matches,
Mexico,all_competitions,Orbelín Pineda,"FW,MF",30-082,0.0,,,,,0,,0,0,,1,,,,,,,Matches,
Mexico,all_competitions,Luis Romo,"DF,MF",31-009,0.0,,,,,0,,0,0,,1,,,,,,,Matches,
Mexico,all_competitions,Jorge Sánchez,"DF,MF",28-186,0.0,,,,,0,,0,0,,1,,,,,,,Matches,
Mexico,all_competitions,Obed Vargas,MF,20-313,0.0,,,,,0,,0,0,,1,,,,,,,Matches,
Mexico,all_competitions,Squad Total,,28.1,1.0,90.0,90.0,100.0,1.0,11,82.0,5,5,18.0,10,3.0,2.0,0.0,2.0,2.0,,,
Mexico,all_competitions,Opponent Total,,28.2,1.0,90.0,90.0,100.0,1.0,11,82.0,6,4,22.0,11,0.0,0.0,2.0,-2.0,-2.0,,,
Mexico,all_competitions,Raúl Rangel,GK,26-109,5.0,360.0,72.0,80.2,4.0,5,72.0,3,0,,0,2.2,8.0,2.0,6.0,1.5,0.49,Matches,
Mexico,all_competitions,Johan Vásquez,DF,27-235,4.0,325.0,81.0,72.4,3.6,4,81.0,2,0,,0,2.0,6.0,2.0,4.0,1.11,-1.07,Matches,
Mexico,all_competitions,Jesús Gallardo,DF,31-303,5.0,315.0,63.0,70.2,3.5,4,71.0,1,1,31.0,0,2.2,6.0,2.0,4.0,1.14,-0.87,Matches,
Mexico,all_competitions,Erik Lira,MF,26-037,5.0,313.0,63.0,69.7,3.5,4,71.0,1,1,31.0,0,2.2,5.0,2.0,3.0,0.86,-1.78,Matches,
Mexico,all_competitions,Brian Gutiérrez,"MF,FW",22-362,4.0,256.0,64.0,57.0,2.8,4,64.0,0,0,,1,2.0,6.0,2.0,4.0,1.41,0.01,Matches,
Mexico,all_competitions,Álvaro Fidalgo,MF,29-066,4.0,244.0,61.0,54.3,2.7,4,61.0,0,0,,0,2.0,5.0,2.0,3.0,1.11,-0.65,Matches,
Mexico,all_competitions,César Montes,DF,29-110,4.0,269.0,67.0,59.9,3.0,3,79.0,2,1,31.0,1,2.0,4.0,2.0,2.0,0.67,-1.83,Matches,
Mexico,all_competitions,Jorge Sánchez,DF,28-186,4.0,248.0,62.0,55.2,2.8,3,68.0,1,1,45.0,1,2.5,8.0,2.0,6.0,2.18,1.73,Matches,
Mexico,all_competitions,Roberto Alvarado,"FW,MF",27-280,4.0,214.0,54.0,47.7,2.4,3,64.0,0,1,22.0,0,2.0,6.0,1.0,5.0,2.1,1.34,Matches,
Mexico,all_competitions,Raúl Jiménez,FW,35-040,3.0,184.0,61.0,41.0,2.0,3,61.0,0,0,,0,1.67,4.0,2.0,2.0,0.98,-0.72,Matches,
Mexico,all_competitions,Israel Reyes,DF,26-022,5.0,234.0,47.0,52.1,2.6,2,68.0,1,3,33.0,0,2.2,3.0,0.0,3.0,1.15,-0.52,Matches,
Mexico,all_competitions,Julián Quiñones,"MF,FW",29-082,4.0,201.0,50.0,44.8,2.2,2,63.0,0,2,38.0,0,2.0,4.0,2.0,2.0,0.9,-0.92,Matches,
Mexico,all_competitions,Alexis Vega,"MF,FW",28-201,4.0,175.0,44.0,39.0,1.9,2,60.0,0,2,28.0,1,2.5,5.0,0.0,5.0,2.57,1.91,Matches,
Mexico,all_competitions,Luis Romo,"MF,DF",31-009,3.0,152.0,51.0,33.9,1.7,2,67.0,0,1,18.0,0,3.0,4.0,0.0,4.0,2.37,1.46,Matches,
Mexico,all_competitions,Orbelín Pineda,"MF,FW",30-082,3.0,131.0,44.0,29.2,1.5,2,57.0,0,1,18.0,2,2.33,3.0,1.0,2.0,1.37,-0.04,Matches,
Mexico,all_competitions,Edson Álvarez,DF,28-233,3.0,149.0,50.0,33.2,1.7,1,59.0,0,2,45.0,0,3.0,5.0,0.0,5.0,3.02,2.42,Matches,
Mexico,all_competitions,Guillermo Martínez Ayala,FW,31-091,3.0,123.0,41.0,27.4,1.4,1,45.0,0,2,39.0,2,3.0,4.0,0.0,4.0,2.93,2.1,Matches,
Mexico,all_competitions,Mateo Chávez,DF,22-033,3.0,122.0,41.0,27.2,1.4,1,59.0,0,2,32.0,0,3.0,3.0,0.0,3.0,2.21,1.11,Matches,
Mexico,all_competitions,Luis Chávez,MF,30-150,3.0,120.0,40.0,26.7,1.3,1,59.0,0,2,31.0,0,3.0,3.0,0.0,3.0,2.25,1.16,Matches,
Mexico,all_competitions,Gilberto Mora,MF,17-243,3.0,108.0,36.0,24.1,1.2,1,45.0,0,2,32.0,0,3.0,3.0,0.0,3.0,2.5,1.44,Matches,
Mexico,all_competitions,Obed Vargas,MF,20-313,3.0,84.0,28.0,18.7,0.9,1,45.0,0,2,20.0,1,1.67,0.0,0.0,0.0,0.0,-1.73,Matches,
Mexico,all_competitions,Armando González,FW,23-055,3.0,80.0,27.0,17.8,0.9,1,45.0,0,2,18.0,2,1.67,1.0,0.0,1.0,1.13,-0.34,Matches,
Mexico,all_competitions,Alejandro Gómez,DF,24-134,2.0,78.0,39.0,17.4,0.9,1,61.0,0,1,17.0,0,3.0,2.0,0.0,2.0,2.31,1.09,Matches,
Mexico,all_competitions,Carlos Acevedo,GK,30-056,1.0,45.0,45.0,10.0,0.5,0,,0,1,45.0,4,3.0,1.0,0.0,1.0,2.0,0.66,Matches,
Mexico,all_competitions,Santiago Giménez,FW,25-057,1.0,45.0,45.0,10.0,0.5,0,,0,1,45.0,1,3.0,0.0,0.0,0.0,0.0,-1.56,Matches,
Mexico,all_competitions,César Huerta,"FW,MF",25-193,1.0,45.0,45.0,10.0,0.5,0,,0,1,45.0,1,3.0,0.0,0.0,0.0,0.0,-1.56,Matches,
Mexico,all_competitions,Guillermo Ochoa,GK,40-336,1.0,45.0,45.0,10.0,0.5,0,,0,1,45.0,4,3.0,0.0,0.0,0.0,0.0,-1.56,Matches,
Mexico,all_competitions,Charly Rodríguez,MF,29-162,1.0,45.0,45.0,10.0,0.5,0,,0,1,45.0,1,1.0,0.0,0.0,0.0,0.0,-1.56,Matches,
Mexico,all_competitions,Erick Sánchez,MF,26-260,2.0,38.0,19.0,8.5,0.4,0,,0,2,19.0,0,1.0,0.0,0.0,0.0,0.0,-1.53,Matches,
Mexico,all_competitions,Germán Berterame,"FW,MF",27-213,1.0,31.0,31.0,6.9,0.3,0,,0,1,31.0,1,1.0,0.0,0.0,0.0,0.0,-1.51,Matches,
Mexico,all_competitions,Richy Ledezma,"DF,MF",25-281,1.0,31.0,31.0,6.9,0.3,0,,0,1,31.0,1,1.0,0.0,0.0,0.0,0.0,-1.51,Matches,
Mexico,all_competitions,Eduardo Águila,DF,24-028,1.0,29.0,29.0,6.5,0.3,0,,0,1,29.0,0,3.0,0.0,0.0,0.0,0.0,-1.5,Matches,
Mexico,all_competitions,Kevin Castañeda,"FW,MF",26-229,1.0,29.0,29.0,6.5,0.3,0,,0,1,29.0,1,3.0,0.0,0.0,0.0,0.0,-1.5,Matches,
Mexico,all_competitions,Isaías Violante,FW,22-237,1.0,29.0,29.0,6.5,0.3,0,,0,1,29.0,0,3.0,0.0,0.0,0.0,0.0,-1.5,Matches,
Mexico,all_competitions,Iker Fimbres,MF,21-012,1.0,20.0,20.0,4.5,0.2,0,,0,1,20.0,0,3.0,0.0,0.0,0.0,0.0,-1.47,Matches,
Mexico,all_competitions,Luis Rey,DF,23-273,1.0,20.0,20.0,4.5,0.2,0,,0,1,20.0,0,3.0,0.0,0.0,0.0,0.0,-1.47,Matches,
Mexico,all_competitions,Everardo Del Villar,DF,21-083,1.0,13.0,13.0,2.9,0.1,0,,0,1,13.0,1,1.0,0.0,0.0,0.0,0.0,-1.44,Matches,
Mexico,all_competitions,Jesús Alberto Angulo,DF,28-135,0.0,,,,,0,,0,0,,2,,,,,,,Matches,
Mexico,all_competitions,Denzell García,"DF,MF",22-303,0.0,,,,,0,,0,0,,2,,,,,,,Matches,
Mexico,all_competitions,Oscar Garcia,GK,22-347,0.0,,,,,0,,0,0,,1,,,,,,,Matches,
Mexico,all_competitions,Squad Total,,27.7,5.0,449.0,90.0,100.0,5.0,55,66.0,11,44,30.0,31,2.2,9.0,2.0,7.0,1.4,,,
Mexico,all_competitions,Opponent Total,,26.0,5.0,449.0,90.0,100.0,5.0,55,66.0,6,49,23.0,19,0.4,2.0,9.0,-7.0,-1.4,,,
Mexico,all_competitions,Raúl Rangel,GK,26-109,6.0,450.0,75.0,83.5,5.0,6,75.0,4,0,,0,2.33,10.0,2.0,8.0,1.6,0.59,Matches,
Mexico,all_competitions,Johan Vásquez,DF,27-235,5.0,415.0,83.0,77.0,4.6,5,83.0,3,0,,0,2.2,8.0,2.0,6.0,1.3,-0.88,Matches,
Mexico,all_competitions,Jesús Gallardo,DF,31-303,6.0,405.0,68.0,75.1,4.5,5,75.0,2,1,31.0,0,2.33,8.0,2.0,6.0,1.33,-0.68,Matches,
Mexico,all_competitions,Erik Lira,MF,26-037,6.0,388.0,65.0,72.0,4.3,5,71.0,1,1,31.0,0,2.33,7.0,2.0,5.0,1.16,-1.22,Matches,
Mexico,all_competitions,César Montes,DF,29-110,5.0,358.0,72.0,66.4,4.0,4,82.0,2,1,31.0,1,2.2,6.0,2.0,4.0,1.01,-1.48,Matches,
Mexico,all_competitions,Israel Reyes,DF,26-022,6.0,324.0,54.0,60.1,3.6,3,75.0,2,3,33.0,0,2.33,5.0,0.0,5.0,1.39,-0.29,Matches,
Mexico,all_competitions,Brian Gutiérrez,MF,22-362,5.0,321.0,64.0,59.6,3.6,5,64.0,0,0,,1,2.2,7.0,2.0,5.0,1.4,-0.25,Matches,
Mexico,all_competitions,Álvaro Fidalgo,MF,29-066,5.0,309.0,62.0,57.3,3.4,5,62.0,0,0,,0,2.2,6.0,2.0,4.0,1.17,-0.79,Matches,
Mexico,all_competitions,Roberto Alvarado,MF,27-280,5.0,304.0,61.0,56.4,3.4,4,71.0,1,1,22.0,0,2.2,8.0,1.0,7.0,2.07,1.31,Matches,
Mexico,all_competitions,Julián Quiñones,MF,29-082,5.0,279.0,56.0,51.8,3.1,3,68.0,0,2,38.0,0,2.2,6.0,2.0,4.0,1.29,-0.44,Matches,
Mexico,all_competitions,Raúl Jiménez,FW,35-040,4.0,259.0,65.0,48.1,2.9,4,65.0,0,0,,0,2.0,6.0,2.0,4.0,1.39,-0.22,Matches,
Mexico,all_competitions,Jorge Sánchez,"DF,MF",28-186,4.0,248.0,62.0,46.0,2.8,3,68.0,1,1,45.0,2,2.5,8.0,2.0,6.0,2.18,1.73,Matches,
Mexico,all_competitions,Alexis Vega,"FW,MF",28-201,5.0,187.0,37.0,34.7,2.1,2,60.0,0,3,22.0,1,2.6,5.0,0.0,5.0,2.41,1.38,Matches,
Mexico,all_competitions,Edson Álvarez,"DF,MF",28-233,4.0,164.0,41.0,30.4,1.8,1,59.0,0,3,35.0,0,3.0,5.0,0.0,5.0,2.74,1.78,Matches,
Mexico,all_competitions,Luis Romo,"DF,MF",31-009,3.0,152.0,51.0,28.2,1.7,2,67.0,0,1,18.0,1,3.0,4.0,0.0,4.0,2.37,1.46,Matches,
Mexico,all_competitions,Luis Chávez,MF,30-150,4.0,145.0,36.0,26.9,1.6,1,59.0,0,3,29.0,0,3.0,4.0,0.0,4.0,2.48,1.34,Matches,
Mexico,all_competitions,Gilberto Mora,MF,17-243,4.0,133.0,33.0,24.7,1.5,1,45.0,0,3,29.0,0,3.0,4.0,0.0,4.0,2.71,1.6,Matches,
Mexico,all_competitions,Orbelín Pineda,"FW,MF",30-082,3.0,131.0,44.0,24.3,1.5,2,57.0,0,1,18.0,3,2.33,3.0,1.0,2.0,1.37,-0.04,Matches,
Mexico,all_competitions,Guillermo Martínez Ayala,FW,31-091,3.0,123.0,41.0,22.8,1.4,1,45.0,0,2,39.0,3,3.0,4.0,0.0,4.0,2.93,2.1,Matches,
Mexico,all_competitions,Mateo Chávez,DF,22-033,3.0,122.0,41.0,22.6,1.4,1,59.0,0,2,32.0,1,3.0,3.0,0.0,3.0,2.21,1.11,Matches,
Mexico,all_competitions,Armando González,FW,23-055,4.0,95.0,24.0,17.6,1.1,1,45.0,0,3,17.0,2,2.0,1.0,0.0,1.0,0.95,-0.67,Matches,
Mexico,all_competitions,Obed Vargas,MF,20-313,3.0,84.0,28.0,15.6,0.9,1,45.0,0,2,20.0,2,1.67,0.0,0.0,0.0,0.0,-1.73,Matches,
Mexico,all_competitions,Alejandro Gómez,DF,24-134,2.0,78.0,39.0,17.4,0.9,1,61.0,0,1,17.0,0,3.0,2.0,0.0,2.0,2.31,1.09,Matches,
Mexico,all_competitions,Carlos Acevedo,GK,30-056,1.0,45.0,45.0,8.3,0.5,0,,0,1,45.0,5,3.0,1.0,0.0,1.0,2.0,0.66,Matches,
Mexico,all_competitions,Charly Rodríguez,MF,29-162,1.0,45.0,45.0,10.0,0.5,0,,0,1,45.0,1,1.0,0.0,0.0,0.0,0.0,-1.56,Matches,
Mexico,all_competitions,Guillermo Ochoa,GK,40-336,1.0,45.0,45.0,8.3,0.5,0,,0,1,45.0,5,3.0,0.0,0.0,0.0,0.0,-1.56,Matches,
Mexico,all_competitions,Santiago Giménez,FW,25-057,1.0,45.0,45.0,8.3,0.5,0,,0,1,45.0,2,3.0,0.0,0.0,0.0,0.0,-1.56,Matches,
Mexico,all_competitions,César Huerta,"FW,MF",25-193,1.0,45.0,45.0,8.3,0.5,0,,0,1,45.0,2,3.0,0.0,0.0,0.0,0.0,-1.56,Matches,
Mexico,all_competitions,Erick Sánchez,MF,26-260,2.0,38.0,19.0,8.5,0.4,0,,0,2,19.0,0,1.0,0.0,0.0,0.0,0.0,-1.53,Matches,
Mexico,all_competitions,Germán Berterame,"FW,MF",27-213,1.0,31.0,31.0,6.9,0.3,0,,0,1,31.0,1,1.0,0.0,0.0,0.0,0.0,-1.51,Matches,
Mexico,all_competitions,Richy Ledezma,"DF,MF",25-281,1.0,31.0,31.0,6.9,0.3,0,,0,1,31.0,1,1.0,0.0,0.0,0.0,0.0,-1.51,Matches,
Mexico,all_competitions,Kevin Castañeda,"FW,MF",26-229,1.0,29.0,29.0,6.5,0.3,0,,0,1,29.0,1,3.0,0.0,0.0,0.0,0.0,-1.5,Matches,
Mexico,all_competitions,Isaías Violante,FW,22-237,1.0,29.0,29.0,6.5,0.3,0,,0,1,29.0,0,3.0,0.0,0.0,0.0,0.0,-1.5,Matches,
Mexico,all_competitions,Eduardo Águila,DF,24-028,1.0,29.0,29.0,6.5,0.3,0,,0,1,29.0,0,3.0,0.0,0.0,0.0,0.0,-1.5,Matches,
Mexico,all_competitions,Luis Rey,DF,23-273,1.0,20.0,20.0,4.5,0.2,0,,0,1,20.0,0,3.0,0.0,0.0,0.0,0.0,-1.47,Matches,
Mexico,all_competitions,Iker Fimbres,MF,21-012,1.0,20.0,20.0,4.5,0.2,0,,0,1,20.0,0,3.0,0.0,0.0,0.0,0.0,-1.47,Matches,
Mexico,all_competitions,Everardo Del Villar,DF,21-083,1.0,13.0,13.0,2.9,0.1,0,,0,1,13.0,1,1.0,0.0,0.0,0.0,0.0,-1.44,Matches,
Mexico,all_competitions,Jesús Alberto Angulo,DF,28-135,0.0,,,,,0,,0,0,,2,,,,,,,Matches,
Mexico,all_competitions,Oscar Garcia,GK,22-347,0.0,,,,,0,,0,0,,1,,,,,,,Matches,
Mexico,all_competitions,Denzell García,"DF,MF",22-303,0.0,,,,,0,,0,0,,2,,,,,,,Matches,
Morocco,all_competitions,Neil El Aynaoui,MF,24-347,1.0,90.0,90.0,100.0,1.0,1,90.0,1,0,,0,1.0,1.0,1.0,0.0,0.0,,Matches,
Morocco,all_competitions,Ayyoub Bouaddi,MF,18-255,1.0,90.0,90.0,100.0,1.0,1,90.0,1,0,,0,1.0,1.0,1.0,0.0,0.0,,Matches,
Morocco,all_competitions,Yassine Bounou,GK,35-070,1.0,90.0,90.0,100.0,1.0,1,90.0,1,0,,0,1.0,1.0,1.0,0.0,0.0,,Matches,
Morocco,all_competitions,Issa Diop,DF,29-156,1.0,90.0,90.0,100.0,1.0,1,90.0,1,0,,0,1.0,1.0,1.0,0.0,0.0,,Matches,
Morocco,all_competitions,Achraf Hakimi,DF,27-222,1.0,90.0,90.0,100.0,1.0,1,90.0,1,0,,0,1.0,1.0,1.0,0.0,0.0,,Matches,
Morocco,all_competitions,Chadi Riad,DF,22-362,1.0,90.0,90.0,100.0,1.0,1,90.0,1,0,,0,1.0,1.0,1.0,0.0,0.0,,Matches,
Morocco,all_competitions,Ismael Saibari,FW,25-137,1.0,88.0,88.0,97.8,1.0,1,88.0,0,0,,0,1.0,1.0,1.0,0.0,0.0,0.0,Matches,
Morocco,all_competitions,Bilal El Khannouss,MF,22-035,1.0,79.0,79.0,87.8,0.9,1,79.0,0,0,,0,1.0,1.0,1.0,0.0,0.0,0.0,Matches,
Morocco,all_competitions,Noussair Mazraoui,DF,28-212,1.0,79.0,79.0,87.8,0.9,1,79.0,0,0,,0,1.0,1.0,1.0,0.0,0.0,0.0,Matches,
Morocco,all_competitions,Brahim Díaz,MF,26-315,1.0,64.0,64.0,71.1,0.7,1,64.0,0,0,,0,1.0,1.0,1.0,0.0,0.0,0.0,Matches,
Morocco,all_competitions,Azzedine Ounahi,MF,26-056,1.0,64.0,64.0,71.1,0.7,1,64.0,0,0,,0,1.0,1.0,1.0,0.0,0.0,0.0,Matches,
Morocco,all_competitions,Samir El Mourabet,MF,20-251,1.0,26.0,26.0,28.9,0.3,0,,0,1,26.0,0,1.0,0.0,0.0,0.0,0.0,0.0,Matches,
Morocco,all_competitions,Chemsdine Talbi,MF,21-036,1.0,26.0,26.0,28.9,0.3,0,,0,1,26.0,0,1.0,0.0,0.0,0.0,0.0,0.0,Matches,
Morocco,all_competitions,Ayoube Amaimouni,MF,21-196,1.0,11.0,11.0,12.2,0.1,0,,0,1,11.0,0,1.0,0.0,0.0,0.0,0.0,0.0,Matches,
Morocco,all_competitions,Anass Salah-Eddine,DF,24-147,1.0,11.0,11.0,12.2,0.1,0,,0,1,11.0,0,1.0,0.0,0.0,0.0,0.0,0.0,Matches,
Morocco,all_competitions,Soufiane Rahimi,FW,30-012,1.0,2.0,2.0,2.2,0.0,0,,0,1,2.0,0,1.0,0.0,0.0,0.0,0.0,0.0,Matches,
Morocco,all_competitions,Sofyan Amrabat,"DF,MF",29-297,0.0,,,,,0,,0,0,,1,,,,,,,Matches,
Morocco,all_competitions,Youssef Belammari,DF,27-267,0.0,,,,,0,,0,0,,1,,,,,,,Matches,
Morocco,all_competitions,Redouane Halhal,DF,23-101,0.0,,,,,0,,0,0,,1,,,,,,,Matches,
Morocco,all_competitions,Ayoub El Kaabi,"FW,MF",32-353,0.0,,,,,0,,0,0,,1,,,,,,,Matches,
Morocco,all_competitions,Munir,GK,37-035,0.0,,,,,0,,0,0,,1,,,,,,,Matches,
Morocco,all_competitions,Zakaria El Ouahdi,"DF,MF",24-165,0.0,,,,,0,,0,0,,1,,,,,,,Matches,
Morocco,all_competitions,Ahmed Reda Tagnaouti,GK,30-070,0.0,,,,,0,,0,0,,1,,,,,,,Matches,
Morocco,all_competitions,Marwane Saâdane,"DF,MF",34-148,0.0,,,,,0,,0,0,,1,,,,,,,Matches,
Morocco,all_competitions,Amine Sbai,"FW,MF",25-221,0.0,,,,,0,,0,0,,1,,,,,,,Matches,
Morocco,all_competitions,Gessime Yassine,MF,20-204,0.0,,,,,0,,0,0,,1,,,,,,,Matches,
Morocco,all_competitions,Squad Total,,25.8,1.0,90.0,90.0,100.0,1.0,11,83.0,6,5,15.0,10,1.0,1.0,1.0,0.0,0.0,,,
Morocco,all_competitions,Opponent Total,,29.8,1.0,90.0,90.0,100.0,1.0,11,83.0,6,5,32.0,9,1.0,1.0,1.0,0.0,0.0,,,
Morocco,all_competitions,Yassine Bounou,GK,34.0,8.0,720.0,90.0,100.0,8.0,8,90.0,8,0,,0,3.0,22.0,2.0,20.0,2.5,,Matches,
Morocco,all_competitions,Nayef Aguerd,DF,29.0,7.0,630.0,90.0,87.5,7.0,7,90.0,7,0,,1,3.0,20.0,2.0,18.0,2.57,0.57,Matches,
Morocco,all_competitions,Achraf Hakimi,DF,27.0,6.0,540.0,90.0,75.0,6.0,6,90.0,6,0,,1,3.0,18.0,2.0,16.0,2.67,0.67,Matches,
Morocco,all_competitions,Sofyan Amrabat,MF,29.0,6.0,527.0,88.0,73.2,5.9,6,88.0,5,0,,0,3.0,19.0,1.0,18.0,3.07,2.14,Matches,
Morocco,all_competitions,Brahim Díaz,"MF,FW",26.0,6.0,499.0,83.0,69.3,5.5,6,83.0,2,0,,1,3.0,16.0,2.0,14.0,2.53,0.08,Matches,
Morocco,all_competitions,Eliesse Ben Seghir,"MF,FW",20.0,7.0,394.0,56.0,54.7,4.4,6,62.0,0,1,20.0,0,3.0,12.0,1.0,11.0,2.51,0.03,Matches,
Morocco,all_competitions,Youssef En-Nesyri,FW,28.0,7.0,439.0,63.0,61.0,4.9,5,74.0,0,2,34.0,1,3.0,9.0,1.0,8.0,1.64,-2.2,Matches,
Morocco,all_competitions,Jawad El Yamiq,DF,33.0,4.0,333.0,83.0,46.3,3.7,4,83.0,3,0,,2,3.0,7.0,1.0,6.0,1.62,-1.63,Matches,
Morocco,all_competitions,Bilal El Khannouss,MF,21.0,7.0,330.0,47.0,45.8,3.7,3,80.0,0,4,22.0,1,3.0,10.0,1.0,9.0,2.45,-0.08,Matches,
Morocco,all_competitions,Ismael Saibari,MF,25.0,6.0,308.0,51.0,42.8,3.4,3,79.0,1,3,24.0,2,3.0,9.0,0.0,9.0,2.63,0.23,Matches,
Morocco,all_competitions,Neil El Aynaoui,MF,24.0,3.0,270.0,90.0,37.5,3.0,3,90.0,3,0,,0,3.0,8.0,0.0,8.0,2.67,0.27,Matches,
Morocco,all_competitions,Noussair Mazraoui,DF,28.0,3.0,270.0,90.0,37.5,3.0,3,90.0,3,0,,0,3.0,6.0,1.0,5.0,1.67,-1.33,Matches,
Morocco,all_competitions,Youssef Belammari,DF,27.0,3.0,246.0,82.0,34.2,2.7,3,82.0,2,0,,0,3.0,7.0,0.0,7.0,2.56,0.09,Matches,
Morocco,all_competitions,Azzedine Ounahi,MF,25.0,5.0,232.0,46.0,32.2,2.6,3,66.0,0,2,17.0,1,3.0,9.0,1.0,8.0,3.1,0.89,Matches,
Morocco,all_competitions,Hakim Ziyech,MF,32.0,3.0,210.0,70.0,29.2,2.3,3,70.0,0,0,,0,3.0,9.0,0.0,9.0,3.86,1.92,Matches,
Morocco,all_competitions,Ayoub El Kaabi,FW,32.0,6.0,216.0,36.0,30.0,2.4,2,63.0,0,4,23.0,0,3.0,9.0,1.0,8.0,3.33,1.19,Matches,
Morocco,all_competitions,Adam Masina,DF,32.0,3.0,206.0,69.0,28.6,2.3,2,90.0,2,1,26.0,0,3.0,7.0,0.0,7.0,3.06,0.78,Matches,
Morocco,all_competitions,Abde Ezzalzouli,MF,24.0,4.0,188.0,47.0,26.1,2.1,2,67.0,0,2,27.0,0,3.0,5.0,0.0,5.0,2.39,-0.14,Matches,
Morocco,all_competitions,Hamza Igamane,"MF,FW",23.0,4.0,183.0,46.0,25.4,2.0,2,75.0,0,2,17.0,1,3.0,6.0,0.0,6.0,2.95,0.6,Matches,
Morocco,all_competitions,Yahya Attiat Allah,DF,30.0,2.0,180.0,90.0,25.0,2.0,2,90.0,2,0,,1,3.0,8.0,1.0,7.0,3.5,1.33,Matches,
Morocco,all_competitions,Romain Saïss,DF,35.0,2.0,180.0,90.0,25.0,2.0,2,90.0,2,0,,0,3.0,4.0,1.0,3.0,1.5,-1.33,Matches,
Morocco,all_competitions,Soufiane Rahimi,MF,29.0,4.0,132.0,33.0,18.3,1.5,1,55.0,0,3,26.0,0,3.0,2.0,2.0,0.0,0.0,-3.06,Matches,
Morocco,all_competitions,Amine Adli,MF,25.0,5.0,117.0,23.0,16.3,1.3,1,71.0,0,4,12.0,2,3.0,2.0,1.0,1.0,0.77,-2.07,Matches,
Morocco,all_competitions,Souffian El Karouani,DF,25.0,2.0,114.0,57.0,15.8,1.3,1,90.0,1,1,24.0,0,3.0,3.0,0.0,3.0,2.37,-0.16,Matches,
Morocco,all_competitions,Oussama El Azzouzi,MF,24.0,1.0,90.0,90.0,12.5,1.0,1,90.0,1,0,,0,3.0,2.0,1.0,1.0,1.0,-1.71,Matches,
Morocco,all_competitions,Chadi Riad,DF,22.0,1.0,90.0,90.0,12.5,1.0,1,90.0,1,0,,1,3.0,6.0,0.0,6.0,6.0,4.0,Matches,
Morocco,all_competitions,Mohamed Chibi,DF,33.0,1.0,89.0,89.0,12.4,1.0,1,89.0,0,0,,4,3.0,2.0,0.0,2.0,2.02,-0.54,Matches,
Morocco,all_competitions,Amine Harit,MF,28.0,1.0,71.0,71.0,9.9,0.8,1,71.0,0,0,,0,3.0,2.0,0.0,2.0,2.54,0.04,Matches,
Morocco,all_competitions,Ilias Akhomach,MF,21.0,2.0,57.0,29.0,7.9,0.6,0,,0,2,29.0,2,3.0,1.0,0.0,1.0,1.58,-1.0,Matches,
Morocco,all_competitions,Oussama Targhalline,MF,23.0,3.0,24.0,8.0,3.3,0.3,0,,0,3,8.0,2,3.0,0.0,0.0,0.0,0.0,-2.59,Matches,
Morocco,all_competitions,Chemsdine Talbi,MF,20.0,1.0,14.0,14.0,1.9,0.2,0,,0,1,14.0,2,3.0,1.0,0.0,1.0,6.43,4.01,Matches,
Morocco,all_competitions,Tarik Tissoudali,"FW,MF",32.0,1.0,10.0,10.0,1.4,0.1,0,,0,1,10.0,0,3.0,0.0,0.0,0.0,0.0,-2.54,Matches,
Morocco,all_competitions,Amir Richardson,MF,24.0,1.0,6.0,6.0,0.8,0.1,0,,0,1,6.0,0,3.0,0.0,0.0,0.0,0.0,-2.52,Matches,
Morocco,all_competitions,Maroan Sannadi,FW,24.0,1.0,4.0,4.0,0.6,0.0,0,,0,1,4.0,0,3.0,0.0,0.0,0.0,0.0,-2.51,Matches,
Morocco,all_competitions,Omar El Hilali,DF,22.0,1.0,1.0,1.0,0.1,0.0,0,,0,1,1.0,3,3.0,0.0,0.0,0.0,0.0,-2.5,Matches,
Morocco,all_competitions,Yunis Abdelhamid,DF,38.0,0.0,,,,,0,,0,0,,1,,,,,,,Matches,
Morocco,all_competitions,Abdel Abqar,DF,26.0,0.0,,,,,0,,0,0,,4,,,,,,,Matches,
Morocco,all_competitions,Adam Aznou,DF,19.0,0.0,,,,,0,,0,0,,2,,,,,,,Matches,
Morocco,all_competitions,Achraf Dari,DF,26.0,0.0,,,,,0,,0,0,,1,,,,,,,Matches,
Morocco,all_competitions,Sofiane Diop,"FW,MF",25.0,0.0,,,,,0,,0,0,,1,,,,,,,Matches,
Morocco,all_competitions,Jamal Harkass,DF,30.0,0.0,,,,,0,,0,0,,1,,,,,,,Matches,
Morocco,all_competitions,El Mehdi Al Harrar,GK,25.0,0.0,,,,,0,,0,0,,3,,,,,,,Matches,
Morocco,all_competitions,Yahya Jabrane,MF,34.0,0.0,,,,,0,,0,0,,1,,,,,,,Matches,
Morocco,all_competitions,El Mehdi Benabid,GK,28.0,0.0,,,,,0,,0,0,,5,,,,,,,Matches,
Morocco,all_competitions,Munir,GK,36.0,0.0,,,,,0,,0,0,,8,,,,,,,Matches,
Morocco,all_competitions,Bilal Nadir,MF,22.0,0.0,,,,,0,,0,0,,2,,,,,,,Matches,
Morocco,all_competitions,Squad Total,,28.3,8.0,720.0,90.0,100.0,8.0,88,81.0,49,39,19.0,57,3.0,22.0,2.0,20.0,2.5,,,
Morocco,all_competitions,Opponent Total,,27.4,8.0,720.0,90.0,100.0,8.0,88,81.0,50,36,20.0,59,0.0,2.0,22.0,-20.0,-2.5,,,
Morocco,all_competitions,Issa Diop,DF,29-156,4.0,308.0,77.0,85.6,3.4,4,77.0,2,0,,0,2.0,6.0,2.0,4.0,1.17,-0.56,Matches,
Morocco,all_competitions,Yassine Bounou,GK,35-070,3.0,270.0,90.0,75.0,3.0,3,90.0,3,0,,0,1.67,4.0,3.0,1.0,0.33,-3.67,Matches,
Morocco,all_competitions,Neil El Aynaoui,MF,24-347,3.0,243.0,81.0,67.5,2.7,3,81.0,2,0,,0,1.67,4.0,2.0,2.0,0.74,-1.57,Matches,
Morocco,all_competitions,Achraf Hakimi,DF,27-222,3.0,219.0,73.0,60.8,2.4,3,73.0,1,0,,0,1.67,4.0,1.0,3.0,1.23,-0.04,Matches,
Morocco,all_competitions,Ismael Saibari,FW,25-137,3.0,181.0,60.0,50.3,2.0,3,60.0,0,0,,0,1.67,3.0,1.0,2.0,0.99,-0.51,Matches,
Morocco,all_competitions,Abde Ezzalzouli,"MF,FW",24-179,4.0,179.0,45.0,49.7,2.0,3,57.0,0,1,9.0,0,2.0,3.0,2.0,1.0,0.5,-1.49,Matches,
Morocco,all_competitions,Noussair Mazraoui,DF,28-212,3.0,174.0,58.0,48.3,1.9,3,58.0,0,0,,1,1.67,3.0,1.0,2.0,1.03,-0.42,Matches,
Morocco,all_competitions,Chadi Riad,DF,22-362,3.0,198.0,66.0,55.0,2.2,2,77.0,1,1,45.0,1,1.67,4.0,1.0,3.0,1.36,0.25,Matches,
Morocco,all_competitions,Brahim Díaz,MF,26-315,4.0,187.0,47.0,51.9,2.1,2,76.0,0,2,18.0,0,2.0,3.0,2.0,1.0,0.48,-1.6,Matches,
Morocco,all_competitions,Azzedine Ounahi,MF,26-056,3.0,179.0,60.0,49.7,2.0,2,67.0,0,1,45.0,1,1.67,3.0,1.0,2.0,1.01,-0.49,Matches,
Morocco,all_competitions,Redouane Halhal,DF,23-101,3.0,162.0,54.0,45.0,1.8,2,68.0,1,1,27.0,1,2.33,4.0,2.0,2.0,1.11,-0.25,Matches,
Morocco,all_competitions,Bilal El Khannouss,MF,22-035,4.0,156.0,39.0,43.3,1.7,2,55.0,0,2,23.0,0,2.0,5.0,1.0,4.0,2.31,1.87,Matches,
Morocco,all_competitions,Anass Salah-Eddine,DF,24-147,3.0,154.0,51.0,42.8,1.7,2,73.0,0,1,9.0,0,2.33,5.0,0.0,5.0,2.92,2.92,Matches,
Morocco,all_competitions,Ayyoub Bouaddi,MF,18-255,2.0,90.0,45.0,25.0,1.0,2,45.0,0,0,,0,2.0,3.0,0.0,3.0,3.0,2.33,Matches,
Morocco,all_competitions,Soufiane Rahimi,FW,30-012,4.0,173.0,43.0,48.1,1.9,1,65.0,0,3,36.0,0,2.0,5.0,1.0,4.0,2.08,1.6,Matches,
Morocco,all_competitions,Samir El Mourabet,MF,20-251,4.0,163.0,41.0,45.3,1.8,1,81.0,0,3,27.0,0,2.0,5.0,1.0,4.0,2.21,1.75,Matches,
Morocco,all_competitions,Sofyan Amrabat,MF,29-297,2.0,125.0,63.0,34.7,1.4,1,80.0,0,1,45.0,0,2.0,3.0,1.0,2.0,1.44,0.29,Matches,
Morocco,all_competitions,Gessime Yassine,MF,20-204,3.0,113.0,38.0,31.4,1.3,1,66.0,0,2,24.0,1,2.33,4.0,0.0,4.0,3.19,2.82,Matches,
Morocco,all_competitions,Chemsdine Talbi,MF,21-036,2.0,91.0,46.0,25.3,1.0,1,81.0,0,1,10.0,0,2.0,3.0,0.0,3.0,2.97,2.3,Matches,
Morocco,all_competitions,Munir,GK,37-035,1.0,90.0,90.0,25.0,1.0,1,90.0,1,0,,1,3.0,4.0,0.0,4.0,4.0,3.67,Matches,
Morocco,all_competitions,Mohamed Rabie Hrimat,MF,31-311,2.0,89.0,45.0,24.7,1.0,1,80.0,0,1,9.0,0,2.0,0.0,2.0,-2.0,-2.02,-4.35,Matches,
Morocco,all_competitions,Ayoube Amaimouni,FW,21-196,2.0,71.0,36.0,19.7,0.8,1,45.0,0,1,26.0,0,2.0,2.0,1.0,1.0,1.27,0.02,Matches,
Morocco,all_competitions,Ayoub El Kaabi,"FW,MF",32-353,3.0,96.0,32.0,26.7,1.1,0,,0,3,32.0,1,2.33,2.0,2.0,0.0,0.0,-1.7,Matches,
Morocco,all_competitions,Youssef Belammari,DF,27-267,2.0,87.0,44.0,24.2,1.0,0,,0,2,44.0,0,2.0,2.0,1.0,1.0,1.03,-0.28,Matches,
Morocco,all_competitions,Marwane Saâdane,"DF,MF",34-148,2.0,52.0,26.0,14.4,0.6,0,,0,2,26.0,0,2.0,2.0,1.0,1.0,1.73,0.56,Matches,
Morocco,all_competitions,Zakaria El Ouahdi,"DF,MF",24-165,2.0,51.0,26.0,14.2,0.6,0,,0,2,26.0,1,2.0,0.0,2.0,-2.0,-3.53,-5.57,Matches,
Morocco,all_competitions,Amine Adli,"FW,MF",26-035,1.0,24.0,24.0,6.7,0.3,0,,0,1,24.0,1,3.0,0.0,1.0,-1.0,-3.75,-5.36,Matches,
Morocco,all_competitions,Ali Maamar,DF,21-083,1.0,20.0,20.0,5.6,0.2,0,,0,1,20.0,1,3.0,1.0,0.0,1.0,4.5,3.44,Matches,
Morocco,all_competitions,Souffian El Karouani,DF,25-238,1.0,9.0,9.0,2.5,0.1,0,,0,1,9.0,1,3.0,0.0,1.0,-1.0,-10.0,-11.54,Matches,
Morocco,all_competitions,Amine Sbai,"FW,MF",25-221,1.0,6.0,6.0,1.7,0.1,0,,0,1,6.0,1,3.0,1.0,0.0,1.0,15.0,13.98,Matches,
Morocco,all_competitions,Ismael Baouf,DF,19-270,0.0,,,,,0,,0,0,,2,,,,,,,Matches,
Morocco,all_competitions,Rayane Bounida,MF,20-103,0.0,,,,,0,,0,0,,1,,,,,,,Matches,
Morocco,all_competitions,El Mehdi Al Harrar,GK,25-196,0.0,,,,,0,,0,0,,2,,,,,,,Matches,
Morocco,all_competitions,El Mehdi Benabid,GK,28-141,0.0,,,,,0,,0,0,,2,,,,,,,Matches,
Morocco,all_competitions,Ahmed Reda Tagnaouti,GK,30-070,0.0,,,,,0,,0,0,,2,,,,,,,Matches,
Morocco,all_competitions,Oussama Targhalline,MF,24-025,0.0,,,,,0,,0,0,,2,,,,,,,Matches,
Morocco,all_competitions,Yassir Zabiri,MF,21-111,0.0,,,,,0,,0,0,,1,,,,,,,Matches,
Morocco,all_competitions,Squad Total,,26.7,4.0,360.0,90.0,100.0,4.0,44,70.0,11,34,26.0,24,2.0,8.0,3.0,5.0,1.25,,,
Morocco,all_competitions,Opponent Total,,28.0,4.0,360.0,90.0,100.0,4.0,44,70.0,18,26,19.0,28,0.5,3.0,8.0,-5.0,-1.25,,,
Morocco,all_competitions,Yassine Bounou,GK,35-070,12.0,"1,080",90.0,92.3,12.0,12,90.0,12,0,,0,2.5,27.0,6.0,21.0,1.75,-2.25,Matches,
Morocco,all_competitions,Achraf Hakimi,DF,27-222,10.0,849,85.0,72.6,9.4,10,85.0,8,0,,1,2.4,23.0,4.0,19.0,2.01,0.33,Matches,
Morocco,all_competitions,Brahim Díaz,MF,26-315,11.0,750,68.0,64.1,8.3,9,79.0,2,2,18.0,1,2.45,20.0,5.0,15.0,1.8,-0.34,Matches,
Morocco,all_competitions,Sofyan Amrabat,"DF,MF",29-297,8.0,652,82.0,55.7,7.2,7,87.0,5,1,45.0,1,2.75,22.0,2.0,20.0,2.76,1.71,Matches,
Morocco,all_competitions,Nayef Aguerd,DF,30-076,7.0,630,90.0,87.5,7.0,7,90.0,7,0,,1,3.0,20.0,2.0,18.0,2.57,0.57,Matches,
Morocco,all_competitions,Neil El Aynaoui,MF,24-347,7.0,603,86.0,51.5,6.7,7,86.0,6,0,,0,2.14,13.0,3.0,10.0,1.49,-0.89,Matches,
Morocco,all_competitions,Ismael Saibari,FW,25-137,10.0,577,58.0,49.3,6.4,7,72.0,1,3,24.0,2,2.4,13.0,2.0,11.0,1.72,-0.41,Matches,
Morocco,all_competitions,Bilal El Khannouss,MF,22-035,12.0,565,47.0,48.3,6.3,6,72.0,0,6,23.0,1,2.5,16.0,3.0,13.0,2.07,0.29,Matches,
Morocco,all_competitions,Noussair Mazraoui,DF,28-212,7.0,523,75.0,44.7,5.8,7,75.0,3,0,,1,2.14,10.0,3.0,7.0,1.2,-1.3,Matches,
Morocco,all_competitions,Azzedine Ounahi,MF,26-056,9.0,475,53.0,40.6,5.3,6,66.0,0,3,26.0,2,2.33,13.0,3.0,10.0,1.89,-0.05,Matches,
Morocco,all_competitions,Youssef En-Nesyri,FW,29-013,7.0,439,63.0,61.0,4.9,5,74.0,0,2,34.0,1,3.0,9.0,1.0,8.0,1.64,-2.2,Matches,
Morocco,all_competitions,Issa Diop,DF,29-156,5.0,398,80.0,88.4,4.4,5,80.0,3,0,,0,1.8,7.0,3.0,4.0,0.9,-0.83,Matches,
Morocco,all_competitions,Eliesse Ben Seghir,"MF,FW",21-118,7.0,394,56.0,54.7,4.4,6,62.0,0,1,20.0,0,3.0,12.0,1.0,11.0,2.51,0.03,Matches,
Morocco,all_competitions,Chadi Riad,DF,22-362,5.0,378,76.0,32.3,4.2,4,83.0,3,1,45.0,2,1.8,11.0,2.0,9.0,2.14,0.32,Matches,
Morocco,all_competitions,Abde Ezzalzouli,MF,24-179,8.0,367,46.0,34.0,4.1,5,61.0,0,3,21.0,0,2.5,8.0,2.0,6.0,1.47,-0.93,Matches,
Morocco,all_competitions,Jawad El Yamiq,DF,34-105,4.0,333,83.0,46.3,3.7,4,83.0,3,0,,2,3.0,7.0,1.0,6.0,1.62,-1.63,Matches,
Morocco,all_competitions,Youssef Belammari,DF,27-267,5.0,333,67.0,28.5,3.7,3,82.0,2,2,44.0,1,2.6,9.0,1.0,8.0,2.16,0.11,Matches,
Morocco,all_competitions,Ayoub El Kaabi,"FW,MF",32-353,9.0,312,35.0,26.7,3.5,2,63.0,0,7,27.0,2,2.78,11.0,3.0,8.0,2.31,0.32,Matches,
Morocco,all_competitions,Soufiane Rahimi,FW,30-012,9.0,307,34.0,26.2,3.4,2,60.0,0,7,27.0,0,2.33,7.0,3.0,4.0,1.17,-1.02,Matches,
Morocco,all_competitions,Hakim Ziyech,MF,33-087,3.0,210,70.0,29.2,2.3,3,70.0,0,0,,0,3.0,9.0,0.0,9.0,3.86,1.92,Matches,
Morocco,all_competitions,Adam Masina,DF,32-163,3.0,206,69.0,28.6,2.3,2,90.0,2,1,26.0,0,3.0,7.0,0.0,7.0,3.06,0.78,Matches,
Morocco,all_competitions,Samir El Mourabet,MF,20-251,5.0,189,38.0,42.0,2.1,1,81.0,0,4,27.0,0,1.8,5.0,1.0,4.0,1.9,1.56,Matches,
Morocco,all_competitions,Hamza Igamane,"MF,FW",23-224,4.0,183,46.0,25.4,2.0,2,75.0,0,2,17.0,1,3.0,6.0,0.0,6.0,2.95,0.6,Matches,
Morocco,all_competitions,Ayyoub Bouaddi,MF,18-255,3.0,180,60.0,40.0,2.0,3,60.0,1,0,,0,1.67,4.0,1.0,3.0,1.5,0.83,Matches,
Morocco,all_competitions,Romain Saïss,DF,36-080,2.0,180,90.0,25.0,2.0,2,90.0,2,0,,0,3.0,4.0,1.0,3.0,1.5,-1.33,Matches,
Morocco,all_competitions,Yahya Attiat Allah,DF,31-104,2.0,180,90.0,25.0,2.0,2,90.0,2,0,,1,3.0,8.0,1.0,7.0,3.5,1.33,Matches,
Morocco,all_competitions,Anass Salah-Eddine,DF,24-147,4.0,165,41.0,36.7,1.8,2,73.0,0,2,10.0,0,2.0,5.0,0.0,5.0,2.73,2.73,Matches,
Morocco,all_competitions,Redouane Halhal,DF,23-101,3.0,162,54.0,36.0,1.8,2,68.0,1,1,27.0,2,2.33,4.0,2.0,2.0,1.11,-0.25,Matches,
Morocco,all_competitions,Amine Adli,MF,26-035,6.0,141,24.0,13.1,1.6,1,71.0,0,5,14.0,3,3.0,2.0,2.0,0.0,0.0,-2.4,Matches,
Morocco,all_competitions,Chemsdine Talbi,MF,21-036,4.0,131,33.0,11.2,1.5,1,81.0,0,3,17.0,2,2.0,4.0,0.0,4.0,2.75,0.93,Matches,
Morocco,all_competitions,Souffian El Karouani,DF,25-238,3.0,123,41.0,11.4,1.4,1,90.0,1,2,17.0,1,3.0,3.0,1.0,2.0,1.46,-0.7,Matches,
Morocco,all_competitions,Gessime Yassine,MF,20-204,3.0,113,38.0,25.1,1.3,1,66.0,0,2,24.0,2,2.33,4.0,0.0,4.0,3.19,2.82,Matches,
Morocco,all_competitions,Munir,GK,37-035,1.0,90,90.0,7.7,1.0,1,90.0,1,0,,10,3.0,4.0,0.0,4.0,4.0,3.67,Matches,
Morocco,all_competitions,Oussama El Azzouzi,MF,25-016,1.0,90,90.0,12.5,1.0,1,90.0,1,0,,0,3.0,2.0,1.0,1.0,1.0,-1.71,Matches,
Morocco,all_competitions,Mohamed Rabie Hrimat,MF,31-311,2.0,89,45.0,24.7,1.0,1,80.0,0,1,9.0,0,2.0,0.0,2.0,-2.0,-2.02,-4.35,Matches,
Morocco,all_competitions,Mohamed Chibi,DF,33-144,1.0,89,89.0,12.4,1.0,1,89.0,0,0,,4,3.0,2.0,0.0,2.0,2.02,-0.54,Matches,
Morocco,all_competitions,Ayoube Amaimouni,MF,21-196,3.0,82,27.0,18.2,0.9,1,45.0,0,2,19.0,0,1.67,2.0,1.0,1.0,1.1,0.12,Matches,
Morocco,all_competitions,Amine Harit,MF,28-361,1.0,71,71.0,9.9,0.8,1,71.0,0,0,,0,3.0,2.0,0.0,2.0,2.54,0.04,Matches,
Morocco,all_competitions,Ilias Akhomach,MF,22-059,2.0,57,29.0,7.9,0.6,0,,0,2,29.0,2,3.0,1.0,0.0,1.0,1.58,-1.0,Matches,
Morocco,all_competitions,Marwane Saâdane,"DF,MF",34-148,2.0,52,26.0,11.6,0.6,0,,0,2,26.0,1,2.0,2.0,1.0,1.0,1.73,0.56,Matches,
Morocco,all_competitions,Zakaria El Ouahdi,"DF,MF",24-165,2.0,51,26.0,11.3,0.6,0,,0,2,26.0,2,2.0,0.0,2.0,-2.0,-3.53,-5.57,Matches,
Morocco,all_competitions,Oussama Targhalline,MF,24-025,3.0,24,8.0,2.2,0.3,0,,0,3,8.0,4,3.0,0.0,0.0,0.0,0.0,-2.59,Matches,
Morocco,all_competitions,Ali Maamar,DF,21-083,1.0,20,20.0,5.6,0.2,0,,0,1,20.0,1,3.0,1.0,0.0,1.0,4.5,3.44,Matches,
Morocco,all_competitions,Tarik Tissoudali,"FW,MF",33-073,1.0,10,10.0,1.4,0.1,0,,0,1,10.0,0,3.0,0.0,0.0,0.0,0.0,-2.54,Matches,
Morocco,all_competitions,Amine Sbai,"FW,MF",25-221,1.0,6,6.0,1.3,0.1,0,,0,1,6.0,2,3.0,1.0,0.0,1.0,15.0,13.98,Matches,
Morocco,all_competitions,Amir Richardson,MF,24-141,1.0,6,6.0,0.8,0.1,0,,0,1,6.0,0,3.0,0.0,0.0,0.0,0.0,-2.52,Matches,
Morocco,all_competitions,Maroan Sannadi,FW,25-133,1.0,4,4.0,0.6,0.0,0,,0,1,4.0,0,3.0,0.0,0.0,0.0,0.0,-2.51,Matches,
Morocco,all_competitions,Omar El Hilali,DF,22-275,1.0,1,1.0,0.1,0.0,0,,0,1,1.0,3,3.0,0.0,0.0,0.0,0.0,-2.5,Matches,
Morocco,all_competitions,El Mehdi Al Harrar,GK,25-196,0.0,,,,,0,,0,0,,5,,,,,,,Matches,
Morocco,all_competitions,Bilal Nadir,MF,22-198,0.0,,,,,0,,0,0,,2,,,,,,,Matches,
Morocco,all_competitions,Adam Aznou,DF,20-012,0.0,,,,,0,,0,0,,2,,,,,,,Matches,
Morocco,all_competitions,Rayane Bounida,MF,20-103,0.0,,,,,0,,0,0,,1,,,,,,,Matches,
Morocco,all_competitions,Ismael Baouf,DF,19-270,0.0,,,,,0,,0,0,,2,,,,,,,Matches,
Morocco,all_competitions,Yassir Zabiri,MF,21-111,0.0,,,,,0,,0,0,,1,,,,,,,Matches,
Morocco,all_competitions,Achraf Dari,DF,27-039,0.0,,,,,0,,0,0,,1,,,,,,,Matches,
Morocco,all_competitions,Yahya Jabrane,MF,34-361,0.0,,,,,0,,0,0,,1,,,,,,,Matches,
Morocco,all_competitions,Ahmed Reda Tagnaouti,GK,30-070,0.0,,,,,0,,0,0,,3,,,,,,,Matches,
Morocco,all_competitions,Yunis Abdelhamid,DF,38-259,0.0,,,,,0,,0,0,,1,,,,,,,Matches,
Morocco,all_competitions,Sofiane Diop,"FW,MF",26-005,0.0,,,,,0,,0,0,,1,,,,,,,Matches,
Morocco,all_competitions,Abdel Abqar,DF,27-096,0.0,,,,,0,,0,0,,4,,,,,,,Matches,
Morocco,all_competitions,Jamal Harkass,DF,30-202,0.0,,,,,0,,0,0,,1,,,,,,,Matches,
Morocco,all_competitions,El Mehdi Benabid,GK,28-141,0.0,,,,,0,,0,0,,7,,,,,,,Matches,
Netherlands,all_competitions,Cody Gakpo,"MF,FW",27-038,4.0,296.0,74.0,82.2,3.3,4,74.0,1,0,,0,1.75,5.0,3.0,2.0,0.61,2.01,Matches,
Netherlands,all_competitions,Virgil van Dijk,DF,34-341,4.0,270.0,68.0,75.0,3.0,4,68.0,2,0,,0,1.75,5.0,3.0,2.0,0.67,1.67,Matches,
Netherlands,all_competitions,Donyell Malen,"FW,MF",27-156,4.0,216.0,54.0,60.0,2.4,4,54.0,0,0,,0,1.75,4.0,1.0,3.0,1.25,2.5,Matches,
Netherlands,all_competitions,Jan Paul van Hecke,DF,26-006,4.0,291.0,73.0,80.8,3.2,3,86.0,1,1,32.0,0,1.75,4.0,3.0,1.0,0.31,0.31,Matches,
Netherlands,all_competitions,Micky van de Ven,DF,25-056,4.0,270.0,68.0,75.0,3.0,3,75.0,2,1,45.0,0,1.75,4.0,2.0,2.0,0.67,1.67,Matches,
Netherlands,all_competitions,Tijjani Reijnders,MF,27-320,3.0,227.0,76.0,63.1,2.5,3,76.0,1,0,,1,2.0,4.0,2.0,2.0,0.79,1.47,Matches,
Netherlands,all_competitions,Ryan Gravenberch,MF,24-029,3.0,216.0,72.0,60.0,2.4,3,72.0,1,0,,1,2.0,4.0,2.0,2.0,0.83,1.46,Matches,
Netherlands,all_competitions,Bart Verbruggen,GK,23-300,3.0,201.0,67.0,55.8,2.2,3,67.0,1,0,,1,2.0,3.0,1.0,2.0,0.9,1.46,Matches,
Netherlands,all_competitions,Denzel Dumfries,DF,30-057,3.0,191.0,64.0,53.1,2.1,3,64.0,2,0,,0,2.33,5.0,2.0,3.0,1.41,2.48,Matches,
Netherlands,all_competitions,Frenkie de Jong,MF,29-033,2.0,139.0,70.0,38.6,1.5,2,70.0,0,0,,0,1.5,1.0,0.0,1.0,0.65,0.65,Matches,
Netherlands,all_competitions,Crysencio Summerville,"MF,FW",24-227,2.0,135.0,68.0,37.5,1.5,2,68.0,1,0,,0,1.5,2.0,1.0,1.0,0.67,0.67,Matches,
Netherlands,all_competitions,Brian Brobbey,FW,24-133,4.0,127.0,32.0,35.3,1.4,1,76.0,0,3,17.0,0,1.75,2.0,2.0,0.0,0.0,-0.39,Matches,
Netherlands,all_competitions,Teun Koopmeiners,MF,28-106,3.0,126.0,42.0,35.0,1.4,1,90.0,1,2,18.0,1,1.33,2.0,2.0,0.0,0.0,-0.38,Matches,
Netherlands,all_competitions,Nathan Aké,DF,31-116,2.0,121.0,61.0,33.6,1.3,1,76.0,0,1,45.0,2,0.5,1.0,2.0,-1.0,-0.74,-1.5,Matches,
Netherlands,all_competitions,Quinten Timber,MF,24-362,3.0,119.0,40.0,33.1,1.3,1,76.0,0,2,22.0,1,1.33,1.0,2.0,-1.0,-0.76,-1.5,Matches,
Netherlands,all_competitions,Mark Flekken,GK,33-001,2.0,114.0,57.0,31.7,1.3,1,90.0,1,1,24.0,2,2.0,2.0,2.0,0.0,0.0,-0.37,Matches,
Netherlands,all_competitions,Jerdy Schouten,MF,29-153,2.0,99.0,50.0,27.5,1.1,1,90.0,1,1,9.0,0,2.0,1.0,1.0,0.0,0.0,-0.34,Matches,
Netherlands,all_competitions,Stefan de Vrij,DF,34-129,2.0,98.0,49.0,27.2,1.1,1,90.0,1,1,8.0,0,2.0,1.0,1.0,0.0,0.0,-0.34,Matches,
Netherlands,all_competitions,Xavi Simons,MF,23-054,2.0,97.0,49.0,26.9,1.1,1,76.0,0,1,21.0,0,2.0,1.0,1.0,0.0,0.0,-0.34,Matches,
Netherlands,all_competitions,Kees Smit,MF,20-145,1.0,69.0,69.0,19.2,0.8,1,69.0,0,0,,1,3.0,2.0,1.0,1.0,1.3,1.3,Matches,
Netherlands,all_competitions,Mats Wieffer,DF,26-210,1.0,67.0,67.0,18.6,0.7,1,67.0,0,0,,1,0.0,0.0,0.0,0.0,0.0,-0.31,Matches,
Netherlands,all_competitions,Lutsharel Geertruida,DF,25-331,2.0,97.0,49.0,26.9,1.1,0,,0,2,49.0,1,0.5,0.0,2.0,-2.0,-1.86,-2.88,Matches,
Netherlands,all_competitions,Jorrel Hato,DF,20-099,2.0,59.0,30.0,16.4,0.7,0,,0,2,30.0,2,0.5,0.0,1.0,-1.0,-1.53,-2.12,Matches,
Netherlands,all_competitions,Justin Kluivert,"FW,MF",27-040,1.0,45.0,45.0,12.5,0.5,0,,0,1,45.0,1,0.0,0.0,1.0,-1.0,-2.0,-2.57,Matches,
Netherlands,all_competitions,Memphis,"FW,MF",32-121,1.0,45.0,45.0,12.5,0.5,0,,0,1,45.0,1,0.0,0.0,1.0,-1.0,-2.0,-2.57,Matches,
Netherlands,all_competitions,Robin Roefs,GK,23-148,1.0,45.0,45.0,12.5,0.5,0,,0,1,45.0,1,0.0,0.0,1.0,-1.0,-2.0,-2.57,Matches,
Netherlands,all_competitions,Wout Weghorst,FW,33-311,3.0,33.0,11.0,9.2,0.4,0,,0,3,11.0,1,1.33,0.0,1.0,-1.0,-2.73,-3.28,Matches,
Netherlands,all_competitions,Marten de Roon,"DF,MF",35-077,1.0,22.0,22.0,6.1,0.2,0,,0,1,22.0,1,0.0,0.0,1.0,-1.0,-4.09,-4.62,Matches,
Netherlands,all_competitions,Guus Til,"FW,MF",28-174,1.0,15.0,15.0,4.2,0.2,0,,0,1,15.0,1,3.0,0.0,0.0,0.0,0.0,-0.26,Matches,
Netherlands,all_competitions,Luciano Valente,MF,22-253,1.0,14.0,14.0,3.9,0.2,0,,0,1,14.0,1,1.0,0.0,0.0,0.0,0.0,-0.26,Matches,
Netherlands,all_competitions,Jeremie Frimpong,"DF,MF",25-186,1.0,13.0,13.0,3.6,0.1,0,,0,1,13.0,1,1.0,0.0,0.0,0.0,0.0,-0.26,Matches,
Netherlands,all_competitions,Justin Bijlow,GK,28-143,0.0,,,,,0,,0,0,,2,,,,,,,Matches,
Netherlands,all_competitions,Noa Lang,"FW,MF",26-362,0.0,,,,,0,,0,0,,4,,,,,,,Matches,
Netherlands,all_competitions,Ian Maatsen,"DF,MF",24-096,0.0,,,,,0,,0,0,,1,,,,,,,Matches,
Netherlands,all_competitions,Jurriën Timber,DF,24-362,0.0,,,,,0,,0,0,,1,,,,,,,Matches,
Netherlands,all_competitions,Squad Total,,27.5,4.0,360.0,90.0,100.0,4.0,44,72.0,16,28,25.0,30,1.75,5.0,4.0,1.0,0.25,,,
Netherlands,all_competitions,Opponent Total,,27.5,4.0,360.0,90.0,100.0,4.0,44,72.0,22,23,27.0,34,1.0,4.0,5.0,-1.0,-0.25,,,
Netherlands,all_competitions,Virgil van Dijk,DF,34.0,8.0,720.0,90.0,100.0,8.0,8,90.0,8,0,,0,2.5,27.0,4.0,23.0,2.87,,Matches,
Netherlands,all_competitions,Cody Gakpo,"FW,MF",26.0,8.0,650.0,81.0,90.3,7.2,8,81.0,4,0,,0,2.5,21.0,4.0,17.0,2.35,-5.36,Matches,
Netherlands,all_competitions,Frenkie de Jong,MF,28.0,7.0,569.0,81.0,79.0,6.3,7,81.0,4,0,,0,2.43,23.0,2.0,21.0,3.32,2.13,Matches,
Netherlands,all_competitions,Memphis,FW,31.0,8.0,533.0,67.0,74.0,5.9,7,73.0,0,1,24.0,0,2.5,19.0,3.0,16.0,2.7,-0.67,Matches,
Netherlands,all_competitions,Bart Verbruggen,GK,23.0,6.0,540.0,90.0,75.0,6.0,6,90.0,6,0,,0,2.33,17.0,4.0,13.0,2.17,-2.83,Matches,
Netherlands,all_competitions,Denzel Dumfries,DF,29.0,6.0,528.0,88.0,73.3,5.9,6,88.0,5,0,,0,2.67,20.0,3.0,17.0,2.9,0.09,Matches,
Netherlands,all_competitions,Ryan Gravenberch,MF,23.0,6.0,448.0,75.0,62.2,5.0,6,75.0,3,0,,2,2.33,14.0,2.0,12.0,2.41,-1.23,Matches,
Netherlands,all_competitions,Micky van de Ven,DF,24.0,7.0,481.0,69.0,66.8,5.3,5,85.0,3,2,29.0,1,2.43,17.0,2.0,15.0,2.81,-0.21,Matches,
Netherlands,all_competitions,Tijjani Reijnders,MF,27.0,7.0,453.0,65.0,62.9,5.0,5,78.0,2,2,31.0,1,2.43,14.0,3.0,11.0,2.19,-1.86,Matches,
Netherlands,all_competitions,Donyell Malen,"MF,FW",27.0,7.0,401.0,57.0,55.7,4.5,4,86.0,2,3,19.0,1,2.43,16.0,4.0,12.0,2.69,-0.41,Matches,
Netherlands,all_competitions,Jurriën Timber,DF,24.0,5.0,333.0,67.0,46.3,3.7,4,76.0,2,1,29.0,1,2.6,13.0,1.0,12.0,3.24,0.69,Matches,
Netherlands,all_competitions,Justin Kluivert,MF,26.0,6.0,279.0,47.0,38.8,3.1,3,75.0,1,3,18.0,0,2.33,10.0,1.0,9.0,2.9,0.05,Matches,
Netherlands,all_competitions,Xavi Simons,"FW,MF",22.0,6.0,269.0,45.0,37.4,3.0,3,81.0,1,3,8.0,2,2.67,15.0,0.0,15.0,5.02,3.42,Matches,
Netherlands,all_competitions,Nathan Aké,DF,30.0,4.0,232.0,58.0,32.2,2.6,3,71.0,1,1,20.0,4,3.0,9.0,2.0,7.0,2.72,-0.24,Matches,
Netherlands,all_competitions,Stefan de Vrij,DF,33.0,4.0,200.0,50.0,27.8,2.2,2,76.0,1,2,25.0,2,2.5,10.0,2.0,8.0,3.6,1.0,Matches,
Netherlands,all_competitions,Mark Flekken,GK,32.0,2.0,180.0,90.0,25.0,2.0,2,90.0,2,0,,6,3.0,10.0,0.0,10.0,5.0,2.83,Matches,
Netherlands,all_competitions,Jan Paul van Hecke,DF,25.0,4.0,177.0,44.0,24.6,2.0,2,66.0,0,2,23.0,3,2.0,4.0,1.0,3.0,1.53,-1.79,Matches,
Netherlands,all_competitions,Jeremie Frimpong,FW,25.0,2.0,156.0,78.0,21.7,1.7,2,78.0,1,0,,2,3.0,5.0,0.0,5.0,2.88,0.01,Matches,
Netherlands,all_competitions,Wout Weghorst,FW,33.0,6.0,167.0,28.0,23.2,1.9,1,66.0,0,5,20.0,0,2.67,8.0,1.0,7.0,3.77,1.17,Matches,
Netherlands,all_competitions,Quinten Timber,MF,24.0,3.0,126.0,42.0,17.5,1.4,1,90.0,1,2,18.0,1,2.33,3.0,2.0,1.0,0.71,-2.62,Matches,
Netherlands,all_competitions,Lutsharel Geertruida,DF,25.0,3.0,112.0,37.0,15.6,1.2,1,73.0,0,2,20.0,1,2.33,3.0,1.0,2.0,1.61,-1.5,Matches,
Netherlands,all_competitions,Matthijs de Ligt,DF,26.0,2.0,93.0,47.0,12.9,1.0,1,90.0,1,1,3.0,2,3.0,4.0,0.0,4.0,3.87,1.14,Matches,
Netherlands,all_competitions,Jerdy Schouten,MF,29.0,2.0,92.0,46.0,12.8,1.0,1,90.0,1,1,2.0,4,2.0,3.0,2.0,1.0,0.98,-2.17,Matches,
Netherlands,all_competitions,Noa Lang,"FW,MF",26.0,2.0,57.0,29.0,7.9,0.6,0,,0,2,29.0,4,3.0,5.0,0.0,5.0,7.89,5.45,Matches,
Netherlands,all_competitions,Mats Wieffer,"DF,MF",26.0,1.0,45.0,45.0,6.3,0.5,0,,0,1,45.0,1,3.0,5.0,0.0,5.0,10.0,7.6,Matches,
Netherlands,all_competitions,Emanuel Emegha,FW,22.0,2.0,30.0,15.0,4.2,0.3,0,,0,2,15.0,0,2.0,0.0,0.0,0.0,0.0,-3.0,Matches,
Netherlands,all_competitions,Sem Steijn,MF,24.0,1.0,29.0,29.0,4.0,0.3,0,,0,1,29.0,0,3.0,1.0,0.0,1.0,3.1,0.24,Matches,
Netherlands,all_competitions,Luciano Valente,MF,22.0,1.0,13.0,13.0,1.8,0.1,0,,0,1,13.0,1,3.0,0.0,0.0,0.0,0.0,-2.93,Matches,
Netherlands,all_competitions,Quilindschy Hartman,DF,24.0,1.0,7.0,7.0,1.0,0.1,0,,0,1,7.0,1,3.0,1.0,0.0,1.0,12.86,10.08,Matches,
Netherlands,all_competitions,Jorrel Hato,DF,19.0,0.0,,,,,0,,0,0,,1,,,,,,,Matches,
Netherlands,all_competitions,Teun Koopmeiners,"DF,MF",27.0,0.0,,,,,0,,0,0,,3,,,,,,,Matches,
Netherlands,all_competitions,Nick Olij,GK,30.0,0.0,,,,,0,,0,0,,2,,,,,,,Matches,
Netherlands,all_competitions,Robin Roefs,GK,23.0,0.0,,,,,0,,0,0,,6,,,,,,,Matches,
Netherlands,all_competitions,Kjell Scherpen,GK,26.0,0.0,,,,,0,,0,0,,2,,,,,,,Matches,
Netherlands,all_competitions,Squad Total,,27.9,8.0,720.0,90.0,100.0,8.0,88,81.0,49,39,20.0,54,2.5,27.0,4.0,23.0,2.87,,,
Netherlands,all_competitions,Opponent Total,,28.2,8.0,720.0,90.0,100.0,8.0,88,81.0,48,40,24.0,54,0.25,4.0,27.0,-23.0,-2.87,,,
Netherlands,all_competitions,Virgil van Dijk,DF,34-341,12.0,990.0,83.0,91.7,11.0,12,83.0,10,0,,0,2.25,32.0,7.0,25.0,2.27,3.27,Matches,
Netherlands,all_competitions,Cody Gakpo,"FW,MF",27-038,12.0,946.0,79.0,87.6,10.5,12,79.0,5,0,,0,2.25,26.0,7.0,19.0,1.81,-1.55,Matches,
Netherlands,all_competitions,Micky van de Ven,DF,25-056,11.0,751.0,68.0,69.5,8.3,8,81.0,5,3,34.0,1,2.18,21.0,4.0,17.0,2.04,0.12,Matches,
Netherlands,all_competitions,Bart Verbruggen,GK,23-300,9.0,741.0,82.0,68.6,8.2,9,82.0,7,0,,1,2.22,20.0,5.0,15.0,1.82,-0.57,Matches,
Netherlands,all_competitions,Denzel Dumfries,DF,30-057,9.0,719.0,80.0,66.6,8.0,9,80.0,7,0,,0,2.56,25.0,5.0,20.0,2.5,1.51,Matches,
Netherlands,all_competitions,Frenkie de Jong,MF,29-033,9.0,708.0,79.0,65.6,7.9,9,79.0,4,0,,0,2.22,24.0,2.0,22.0,2.8,2.31,Matches,
Netherlands,all_competitions,Tijjani Reijnders,MF,27-320,10.0,680.0,68.0,63.0,7.6,8,77.0,3,2,31.0,2,2.3,18.0,5.0,13.0,1.72,-0.75,Matches,
Netherlands,all_competitions,Ryan Gravenberch,MF,24-029,9.0,664.0,74.0,61.5,7.4,9,74.0,4,0,,3,2.22,18.0,4.0,14.0,1.9,-0.27,Matches,
Netherlands,all_competitions,Donyell Malen,"MF,FW",27-156,11.0,617.0,56.0,57.1,6.9,8,70.0,2,3,19.0,1,2.18,20.0,5.0,15.0,2.19,0.44,Matches,
Netherlands,all_competitions,Memphis,FW,32-121,9.0,578.0,64.0,53.5,6.4,7,73.0,0,2,35.0,1,2.22,19.0,4.0,15.0,2.34,0.72,Matches,
Netherlands,all_competitions,Jan Paul van Hecke,DF,26-006,8.0,468.0,59.0,43.3,5.2,5,78.0,1,3,26.0,3,1.88,8.0,4.0,4.0,0.77,-2.17,Matches,
Netherlands,all_competitions,Xavi Simons,"FW,MF",23-054,8.0,366.0,46.0,33.9,4.1,4,80.0,1,4,12.0,2,2.5,16.0,1.0,15.0,3.69,2.55,Matches,
Netherlands,all_competitions,Nathan Aké,DF,31-116,6.0,353.0,59.0,32.7,3.9,4,72.0,1,2,33.0,6,2.17,10.0,4.0,6.0,1.53,-0.7,Matches,
Netherlands,all_competitions,Jurriën Timber,DF,24-362,5.0,333.0,67.0,30.8,3.7,4,76.0,2,1,29.0,2,2.6,13.0,1.0,12.0,3.24,0.69,Matches,
Netherlands,all_competitions,Justin Kluivert,MF,27-040,7.0,324.0,46.0,30.0,3.6,3,75.0,1,4,25.0,1,2.0,10.0,2.0,8.0,2.22,0.32,Matches,
Netherlands,all_competitions,Stefan de Vrij,DF,34-129,6.0,298.0,50.0,27.6,3.3,3,80.0,2,3,19.0,2,2.33,11.0,3.0,8.0,2.42,0.57,Matches,
Netherlands,all_competitions,Mark Flekken,GK,33-001,4.0,294.0,74.0,27.2,3.3,3,90.0,3,1,24.0,8,2.5,12.0,2.0,10.0,3.06,1.46,Matches,
Netherlands,all_competitions,Quinten Timber,MF,24-362,6.0,245.0,41.0,22.7,2.7,2,83.0,1,4,20.0,2,1.83,4.0,4.0,0.0,0.0,-2.59,Matches,
Netherlands,all_competitions,Lutsharel Geertruida,DF,25-331,5.0,209.0,42.0,19.4,2.3,1,73.0,0,4,34.0,2,1.6,3.0,3.0,0.0,0.0,-2.48,Matches,
Netherlands,all_competitions,Wout Weghorst,FW,33-311,9.0,200.0,22.0,18.5,2.2,1,66.0,0,8,17.0,1,2.22,8.0,2.0,6.0,2.7,0.86,Matches,
Netherlands,all_competitions,Jerdy Schouten,MF,29-153,4.0,191.0,48.0,17.7,2.1,2,90.0,2,2,6.0,4,2.0,4.0,3.0,1.0,0.47,-1.86,Matches,
Netherlands,all_competitions,Jeremie Frimpong,FW,25-186,3.0,169.0,56.0,15.6,1.9,2,78.0,1,1,13.0,3,2.33,5.0,0.0,5.0,2.66,0.79,Matches,
Netherlands,all_competitions,Crysencio Summerville,"MF,FW",24-227,2.0,135.0,68.0,37.5,1.5,2,68.0,1,0,,0,1.5,2.0,1.0,1.0,0.67,0.67,Matches,
Netherlands,all_competitions,Brian Brobbey,FW,24-133,4.0,127.0,32.0,35.3,1.4,1,76.0,0,3,17.0,0,1.75,2.0,2.0,0.0,0.0,-0.39,Matches,
Netherlands,all_competitions,Teun Koopmeiners,"DF,MF",28-106,3.0,126.0,42.0,11.7,1.4,1,90.0,1,2,18.0,4,1.33,2.0,2.0,0.0,0.0,-0.38,Matches,
Netherlands,all_competitions,Mats Wieffer,"DF,MF",26-210,2.0,112.0,56.0,10.4,1.2,1,67.0,0,1,45.0,2,1.5,5.0,0.0,5.0,4.02,2.25,Matches,
Netherlands,all_competitions,Matthijs de Ligt,DF,26-306,2.0,93.0,47.0,12.9,1.0,1,90.0,1,1,3.0,2,3.0,4.0,0.0,4.0,3.87,1.14,Matches,
Netherlands,all_competitions,Kees Smit,MF,20-145,1.0,69.0,69.0,19.2,0.8,1,69.0,0,0,,1,3.0,2.0,1.0,1.0,1.3,1.3,Matches,
Netherlands,all_competitions,Jorrel Hato,DF,20-099,2.0,59.0,30.0,5.5,0.7,0,,0,2,30.0,3,0.5,0.0,1.0,-1.0,-1.53,-2.12,Matches,
Netherlands,all_competitions,Noa Lang,"FW,MF",26-362,2.0,57.0,29.0,5.3,0.6,0,,0,2,29.0,8,3.0,5.0,0.0,5.0,7.89,5.45,Matches,
Netherlands,all_competitions,Robin Roefs,GK,23-148,1.0,45.0,45.0,4.2,0.5,0,,0,1,45.0,7,0.0,0.0,1.0,-1.0,-2.0,-2.57,Matches,
Netherlands,all_competitions,Emanuel Emegha,FW,23-131,2.0,30.0,15.0,4.2,0.3,0,,0,2,15.0,0,2.0,0.0,0.0,0.0,0.0,-3.0,Matches,
Netherlands,all_competitions,Sem Steijn,MF,24-209,1.0,29.0,29.0,4.0,0.3,0,,0,1,29.0,0,3.0,1.0,0.0,1.0,3.1,0.24,Matches,
Netherlands,all_competitions,Luciano Valente,MF,22-253,2.0,27.0,14.0,2.5,0.3,0,,0,2,14.0,2,2.0,0.0,0.0,0.0,0.0,-2.05,Matches,
Netherlands,all_competitions,Marten de Roon,"DF,MF",35-077,1.0,22.0,22.0,6.1,0.2,0,,0,1,22.0,1,0.0,0.0,1.0,-1.0,-4.09,-4.62,Matches,
Netherlands,all_competitions,Guus Til,"FW,MF",28-174,1.0,15.0,15.0,4.2,0.2,0,,0,1,15.0,1,3.0,0.0,0.0,0.0,0.0,-0.26,Matches,
Netherlands,all_competitions,Quilindschy Hartman,DF,24-212,1.0,7.0,7.0,1.0,0.1,0,,0,1,7.0,1,3.0,1.0,0.0,1.0,12.86,10.08,Matches,
Netherlands,all_competitions,Nick Olij,GK,30-317,0.0,,,,,0,,0,0,,2,,,,,,,Matches,
Netherlands,all_competitions,Justin Bijlow,GK,28-143,0.0,,,,,0,,0,0,,2,,,,,,,Matches,
Netherlands,all_competitions,Kjell Scherpen,GK,26-142,0.0,,,,,0,,0,0,,2,,,,,,,Matches,
Netherlands,all_competitions,Ian Maatsen,"DF,MF",24-096,0.0,,,,,0,,0,0,,1,,,,,,,Matches,
New Zealand,all_competitions,Finn Surman,DF,22-264,2.0,147.0,74.0,91.9,1.6,2,74.0,0,0,,0,0.0,0.0,4.0,-4.0,-2.45,4.47,Matches,
New Zealand,all_competitions,Marko Stamenic,MF,24-115,2.0,146.0,73.0,91.3,1.6,2,73.0,0,0,,0,0.0,0.0,4.0,-4.0,-2.47,3.96,Matches,
New Zealand,all_competitions,Eli Just,MF,26-044,2.0,140.0,70.0,87.5,1.6,2,70.0,0,0,,0,0.0,0.0,4.0,-4.0,-2.57,1.93,Matches,
New Zealand,all_competitions,Chris Wood,FW,34-189,2.0,140.0,70.0,87.5,1.6,2,70.0,0,0,,0,0.0,0.0,4.0,-4.0,-2.57,1.93,Matches,
New Zealand,all_competitions,Sarpreet Singh,MF,27-114,2.0,128.0,64.0,80.0,1.4,2,64.0,0,0,,0,0.0,0.0,2.0,-2.0,-1.41,7.03,Matches,
New Zealand,all_competitions,Liberato Cacace,DF,25-260,2.0,106.0,53.0,66.3,1.2,2,53.0,0,0,,0,0.0,0.0,2.0,-2.0,-1.7,3.3,Matches,
New Zealand,all_competitions,Tim Payne,DF,32-155,2.0,106.0,53.0,66.3,1.2,2,53.0,0,0,,0,0.0,0.0,2.0,-2.0,-1.7,3.3,Matches,
New Zealand,all_competitions,Michael Boxall,DF,37-300,2.0,116.0,58.0,72.5,1.3,1,84.0,0,1,32.0,0,0.0,0.0,4.0,-4.0,-3.1,-1.06,Matches,
New Zealand,all_competitions,Max Crocombe,GK,32-306,2.0,116.0,58.0,72.5,1.3,1,84.0,0,1,32.0,0,0.0,0.0,4.0,-4.0,-3.1,-1.06,Matches,
New Zealand,all_competitions,Alex Rufer,MF,30-002,2.0,116.0,58.0,72.5,1.3,1,76.0,0,1,40.0,0,0.0,0.0,3.0,-3.0,-2.33,1.76,Matches,
New Zealand,all_competitions,Jesse Randall,MF,23-299,2.0,88.0,44.0,55.0,1.0,1,63.0,0,1,25.0,0,0.0,0.0,3.0,-3.0,-3.07,-0.57,Matches,
New Zealand,all_competitions,Matt Garbett,MF,24-062,2.0,74.0,37.0,46.3,0.8,1,60.0,0,1,14.0,0,0.0,0.0,2.0,-2.0,-2.43,0.71,Matches,
New Zealand,all_competitions,Tyler Bindon,DF,21-138,2.0,69.0,35.0,43.1,0.8,1,45.0,0,1,24.0,0,0.0,0.0,1.0,-1.0,-1.3,2.65,Matches,
New Zealand,all_competitions,Alex Paulsen,GK,23-345,2.0,46.0,23.0,28.8,0.5,1,45.0,0,1,1.0,0,0.0,0.0,1.0,-1.0,-1.96,1.2,Matches,
New Zealand,all_competitions,Joe Bell,MF,27-048,1.0,45.0,45.0,28.1,0.5,1,45.0,0,0,,0,0.0,0.0,1.0,-1.0,-2.0,1.13,Matches,
New Zealand,all_competitions,Francis de Vries,DF,31-198,2.0,40.0,20.0,25.0,0.4,0,,0,2,20.0,0,0.0,0.0,3.0,-3.0,-6.75,-5.25,Matches,
New Zealand,all_competitions,Ben Old,MF,23-305,2.0,38.0,19.0,23.8,0.4,0,,0,2,19.0,0,0.0,0.0,1.0,-1.0,-2.37,0.58,Matches,
New Zealand,all_competitions,Callum McCowatt,"FW,MF",27-045,2.0,34.0,17.0,21.3,0.4,0,,0,2,17.0,0,0.0,0.0,3.0,-3.0,-7.94,-6.51,Matches,
New Zealand,all_competitions,Callan Elliot,DF,26-342,2.0,33.0,17.0,20.6,0.4,0,,0,2,17.0,0,0.0,0.0,3.0,-3.0,-8.18,-6.76,Matches,
New Zealand,all_competitions,Kosta Barbarouses,"FW,MF",36-115,2.0,22.0,11.0,13.8,0.2,0,,0,2,11.0,0,0.0,0.0,1.0,-1.0,-4.09,-1.48,Matches,
New Zealand,all_competitions,Lachlan Bayliss,MF,23-325,2.0,16.0,8.0,10.0,0.2,0,,0,2,8.0,0,0.0,0.0,1.0,-1.0,-5.63,-3.13,Matches,
New Zealand,all_competitions,Nando Pijnaker,DF,27-109,2.0,15.0,8.0,9.4,0.2,0,,0,2,8.0,0,0.0,0.0,1.0,-1.0,-6.0,-3.52,Matches,
New Zealand,all_competitions,Ben Waine,FW,25-003,1.0,1.0,1.0,0.6,0.0,0,,0,1,1.0,1,0.0,0.0,1.0,-1.0,-90.0,-87.74,Matches,
New Zealand,all_competitions,Tommy Smith,DF,36-075,0.0,,,,,0,,0,0,,2,,,,,,,Matches,
New Zealand,all_competitions,Michael Woud,GK,27-149,0.0,,,,,0,,0,0,,2,,,,,,,Matches,
New Zealand,all_competitions,Squad Total,,28.1,2.0,160.0,80.0,100.0,1.8,22,64.0,0,22,17.0,5,0.0,0.0,5.0,-5.0,-2.81,,,
New Zealand,all_competitions,Opponent Total,,27.6,2.0,160.0,80.0,100.0,1.8,22,64.0,0,22,30.0,7,3.0,5.0,0.0,5.0,2.81,,,
New Zealand,all_competitions,Marko Stamenic,MF,23.0,5.0,421.0,84.0,93.6,4.7,5,84.0,4,0,,0,3.0,26.0,1.0,25.0,5.34,-3.97,Matches,
New Zealand,all_competitions,Matt Garbett,MF,23.0,5.0,355.0,71.0,78.9,3.9,5,71.0,1,0,,0,3.0,22.0,1.0,21.0,5.32,-1.31,Matches,
New Zealand,all_competitions,Chris Wood,FW,34.0,5.0,326.0,65.0,72.4,3.6,5,65.0,0,0,,0,3.0,19.0,1.0,18.0,4.97,-2.29,Matches,
New Zealand,all_competitions,Tyler Bindon,DF,21.0,4.0,360.0,90.0,80.0,4.0,4,90.0,4,0,,1,3.0,21.0,1.0,20.0,5.0,-3.0,Matches,
New Zealand,all_competitions,Max Crocombe,GK,32.0,4.0,360.0,90.0,80.0,4.0,4,90.0,4,0,,1,3.0,21.0,1.0,20.0,5.0,-3.0,Matches,
New Zealand,all_competitions,Liberato Cacace,DF,25.0,5.0,344.0,69.0,76.4,3.8,4,79.0,1,1,27.0,0,3.0,22.0,1.0,21.0,5.49,-0.45,Matches,
New Zealand,all_competitions,Joe Bell,MF,26.0,4.0,299.0,75.0,66.4,3.3,3,90.0,3,1,29.0,0,3.0,21.0,0.0,21.0,6.32,2.15,Matches,
New Zealand,all_competitions,Michael Boxall,DF,37.0,3.0,270.0,90.0,60.0,3.0,3,90.0,3,0,,2,3.0,18.0,1.0,17.0,5.67,0.17,Matches,
New Zealand,all_competitions,Tim Payne,DF,32.0,3.0,240.0,80.0,53.3,2.7,3,80.0,1,0,,0,3.0,12.0,0.0,12.0,4.5,-2.36,Matches,
New Zealand,all_competitions,Sarpreet Singh,MF,26.0,4.0,232.0,58.0,51.6,2.6,3,68.0,0,1,29.0,0,3.0,16.0,0.0,16.0,6.21,1.25,Matches,
New Zealand,all_competitions,Callum McCowatt,MF,26.0,4.0,196.0,49.0,43.6,2.2,3,60.0,1,1,16.0,0,3.0,12.0,0.0,12.0,5.51,-0.16,Matches,
New Zealand,all_competitions,Eli Just,MF,25.0,5.0,238.0,48.0,52.9,2.6,2,69.0,0,3,34.0,0,3.0,14.0,1.0,13.0,4.92,-1.45,Matches,
New Zealand,all_competitions,Alex Rufer,MF,29.0,3.0,201.0,67.0,44.7,2.2,2,90.0,2,1,21.0,2,3.0,12.0,1.0,11.0,4.93,-1.22,Matches,
New Zealand,all_competitions,Storm Roux,DF,33.0,4.0,183.0,46.0,40.7,2.0,2,77.0,1,2,15.0,1,3.0,14.0,1.0,13.0,6.39,1.34,Matches,
New Zealand,all_competitions,Nando Pijnaker,DF,26.0,2.0,180.0,90.0,40.0,2.0,2,90.0,2,0,,3,3.0,11.0,0.0,11.0,5.5,-0.17,Matches,
New Zealand,all_competitions,Francis de Vries,DF,31.0,3.0,154.0,51.0,34.2,1.7,1,90.0,1,2,32.0,1,3.0,12.0,0.0,12.0,7.01,2.15,Matches,
New Zealand,all_competitions,Alex Paulsen,GK,23.0,1.0,90.0,90.0,20.0,1.0,1,90.0,1,0,,4,3.0,8.0,0.0,8.0,8.0,3.0,Matches,
New Zealand,all_competitions,Finn Surman,DF,22.0,1.0,90.0,90.0,20.0,1.0,1,90.0,1,0,,1,3.0,8.0,0.0,8.0,8.0,3.0,Matches,
New Zealand,all_competitions,Logan Rogerson,MF,27.0,3.0,81.0,27.0,18.0,0.9,1,61.0,0,2,10.0,2,3.0,6.0,1.0,5.0,5.56,-0.05,Matches,
New Zealand,all_competitions,Ben Old,MF,23.0,1.0,71.0,71.0,15.8,0.8,1,71.0,0,0,,0,3.0,2.0,0.0,2.0,2.54,-3.64,Matches,
New Zealand,all_competitions,Kosta Barbarouses,"FW,MF",35.0,4.0,99.0,25.0,22.0,1.1,0,,0,4,25.0,0,3.0,7.0,0.0,7.0,6.36,0.98,Matches,
New Zealand,all_competitions,Ben Waine,FW,24.0,4.0,99.0,25.0,22.0,1.1,0,,0,4,25.0,1,3.0,9.0,0.0,9.0,8.18,3.31,Matches,
New Zealand,all_competitions,Liam Gillion,FW,23.0,2.0,34.0,17.0,7.6,0.4,0,,0,2,17.0,0,3.0,4.0,0.0,4.0,10.59,5.4,Matches,
New Zealand,all_competitions,Sam Sutton,DF,24.0,1.0,27.0,27.0,6.0,0.3,0,,0,1,27.0,0,3.0,2.0,0.0,2.0,6.67,1.13,Matches,
New Zealand,all_competitions,Cameron Howieson,MF,31.0,0.0,,,,,0,,0,0,,1,,,,,,,Matches,
New Zealand,all_competitions,Jesse Randall,MF,23.0,0.0,,,,,0,,0,0,,2,,,,,,,Matches,
New Zealand,all_competitions,Oliver Sail,GK,30.0,0.0,,,,,0,,0,0,,5,,,,,,,Matches,
New Zealand,all_competitions,Tommy Smith,DF,35.0,0.0,,,,,0,,0,0,,5,,,,,,,Matches,
New Zealand,all_competitions,Squad Total,,27.9,5.0,450.0,90.0,100.0,5.0,55,79.0,30,25,24.0,32,3.0,29.0,1.0,28.0,5.6,,,
New Zealand,all_competitions,Opponent Total,,28.4,5.0,450.0,90.0,100.0,5.0,55,79.0,32,23,28.0,30,0.0,1.0,29.0,-28.0,-5.6,,,
New Zealand,all_competitions,Marko Stamenic,MF,24-115,7.0,567.0,81.0,93.0,6.3,7,81.0,4,0,,0,2.14,26.0,5.0,21.0,3.33,-0.85,Matches,
New Zealand,all_competitions,Max Crocombe,GK,32-306,6.0,476.0,79.0,78.0,5.3,5,89.0,4,1,32.0,1,2.0,21.0,5.0,16.0,3.03,-1.68,Matches,
New Zealand,all_competitions,Chris Wood,FW,34-189,7.0,466.0,67.0,76.4,5.2,7,67.0,0,0,,0,2.14,19.0,5.0,14.0,2.7,-2.92,Matches,
New Zealand,all_competitions,Liberato Cacace,DF,25-260,7.0,450.0,64.0,73.8,5.0,6,71.0,1,1,27.0,0,2.14,22.0,3.0,19.0,3.8,1.55,Matches,
New Zealand,all_competitions,Matt Garbett,MF,24-062,7.0,429.0,61.0,70.3,4.8,6,69.0,1,1,14.0,0,2.14,22.0,3.0,19.0,3.99,2.0,Matches,
New Zealand,all_competitions,Tyler Bindon,DF,21-138,6.0,429.0,72.0,70.3,4.8,5,81.0,4,1,24.0,1,2.0,21.0,2.0,19.0,3.99,2.0,Matches,
New Zealand,all_competitions,Michael Boxall,DF,37-300,5.0,386.0,77.0,63.3,4.3,4,89.0,3,1,32.0,2,1.8,18.0,5.0,13.0,3.03,-0.99,Matches,
New Zealand,all_competitions,Eli Just,MF,26-044,7.0,378.0,54.0,62.0,4.2,4,69.0,0,3,34.0,0,2.14,14.0,5.0,9.0,2.14,-3.29,Matches,
New Zealand,all_competitions,Sarpreet Singh,MF,27-114,6.0,360.0,60.0,59.0,4.0,5,66.0,0,1,29.0,0,2.0,16.0,2.0,14.0,3.5,0.26,Matches,
New Zealand,all_competitions,Tim Payne,DF,32-155,5.0,346.0,69.0,56.7,3.8,5,69.0,1,0,,0,1.8,12.0,2.0,10.0,2.6,-1.83,Matches,
New Zealand,all_competitions,Joe Bell,MF,27-048,5.0,344.0,69.0,56.4,3.8,4,79.0,3,1,29.0,0,2.4,21.0,1.0,20.0,5.23,4.22,Matches,
New Zealand,all_competitions,Alex Rufer,MF,30-002,5.0,317.0,63.0,52.0,3.5,3,85.0,2,2,31.0,2,1.8,12.0,4.0,8.0,2.27,-2.34,Matches,
New Zealand,all_competitions,Finn Surman,DF,22-264,3.0,237.0,79.0,38.9,2.6,3,79.0,1,0,,1,1.0,8.0,4.0,4.0,1.52,-3.07,Matches,
New Zealand,all_competitions,Callum McCowatt,MF,27-045,6.0,230.0,38.0,37.7,2.6,3,60.0,1,3,17.0,0,2.0,12.0,3.0,9.0,3.52,0.21,Matches,
New Zealand,all_competitions,Nando Pijnaker,DF,27-109,4.0,195.0,49.0,32.0,2.2,2,90.0,2,2,8.0,3,1.5,11.0,1.0,10.0,4.62,1.8,Matches,
New Zealand,all_competitions,Francis de Vries,DF,31-198,5.0,194.0,39.0,31.8,2.2,1,90.0,1,4,26.0,1,1.8,12.0,3.0,9.0,4.18,1.15,Matches,
New Zealand,all_competitions,Storm Roux,DF,33-152,4.0,183.0,46.0,40.7,2.0,2,77.0,1,2,15.0,1,3.0,14.0,1.0,13.0,6.39,1.34,Matches,
New Zealand,all_competitions,Alex Paulsen,GK,23-345,3.0,136.0,45.0,22.3,1.5,2,68.0,1,1,1.0,4,1.0,8.0,1.0,7.0,4.63,1.59,Matches,
New Zealand,all_competitions,Kosta Barbarouses,"FW,MF",36-115,6.0,121.0,20.0,19.8,1.3,0,,0,6,20.0,0,2.0,7.0,1.0,6.0,4.46,1.33,Matches,
New Zealand,all_competitions,Ben Old,MF,23-305,3.0,109.0,36.0,17.9,1.2,1,71.0,0,2,19.0,0,1.0,2.0,1.0,1.0,0.83,-3.13,Matches,
New Zealand,all_competitions,Ben Waine,FW,25-003,5.0,100.0,20.0,16.4,1.1,0,,0,5,20.0,2,2.4,9.0,1.0,8.0,7.2,4.55,Matches,
New Zealand,all_competitions,Jesse Randall,MF,23-299,2.0,88.0,44.0,14.4,1.0,1,63.0,0,1,25.0,2,0.0,0.0,3.0,-3.0,-3.07,-0.57,Matches,
New Zealand,all_competitions,Logan Rogerson,MF,28-017,3.0,81.0,27.0,18.0,0.9,1,61.0,0,2,10.0,2,3.0,6.0,1.0,5.0,5.56,-0.05,Matches,
New Zealand,all_competitions,Liam Gillion,FW,23-240,2.0,34.0,17.0,7.6,0.4,0,,0,2,17.0,0,3.0,4.0,0.0,4.0,10.59,5.4,Matches,
New Zealand,all_competitions,Callan Elliot,DF,26-342,2.0,33.0,17.0,20.6,0.4,0,,0,2,17.0,0,0.0,0.0,3.0,-3.0,-8.18,-6.76,Matches,
New Zealand,all_competitions,Sam Sutton,DF,24-186,1.0,27.0,27.0,6.0,0.3,0,,0,1,27.0,0,3.0,2.0,0.0,2.0,6.67,1.13,Matches,
New Zealand,all_competitions,Lachlan Bayliss,MF,23-325,2.0,16.0,8.0,10.0,0.2,0,,0,2,8.0,0,0.0,0.0,1.0,-1.0,-5.63,-3.13,Matches,
New Zealand,all_competitions,Tommy Smith,DF,36-075,0.0,,,,,0,,0,0,,7,,,,,,,Matches,
New Zealand,all_competitions,Oliver Sail,GK,30-152,0.0,,,,,0,,0,0,,5,,,,,,,Matches,
New Zealand,all_competitions,Michael Woud,GK,27-149,0.0,,,,,0,,0,0,,2,,,,,,,Matches,
New Zealand,all_competitions,Cameron Howieson,MF,31-174,0.0,,,,,0,,0,0,,1,,,,,,,Matches,
Norway,all_competitions,Sander Berge,MF,28-120,4.0,314.0,79.0,87.2,3.5,4,79.0,2,0,,0,1.25,4.0,3.0,1.0,0.29,0.29,Matches,
Norway,all_competitions,Kristoffer Ajer,DF,28-058,4.0,297.0,74.0,82.5,3.3,4,74.0,1,0,,0,1.25,4.0,3.0,1.0,0.3,0.3,Matches,
Norway,all_competitions,Ørjan Nyland,GK,35-277,4.0,296.0,74.0,82.2,3.3,4,74.0,2,0,,0,1.25,4.0,4.0,0.0,0.0,-1.41,Matches,
Norway,all_competitions,Alexander Sørloth,FW,30-191,4.0,265.0,66.0,73.6,2.9,4,66.0,0,0,,0,1.25,4.0,3.0,1.0,0.34,0.34,Matches,
Norway,all_competitions,Julian Ryerson,DF,28-209,4.0,287.0,72.0,79.7,3.2,3,81.0,2,1,45.0,0,1.25,5.0,3.0,2.0,0.63,1.86,Matches,
Norway,all_competitions,Torbjørn Heggem,DF,27-153,4.0,245.0,61.0,68.1,2.7,3,76.0,1,1,16.0,0,1.25,5.0,3.0,2.0,0.73,1.52,Matches,
Norway,all_competitions,David Møller Wolfe,DF,24-052,4.0,209.0,52.0,58.1,2.3,3,65.0,0,1,13.0,0,1.25,4.0,3.0,1.0,0.43,0.43,Matches,
Norway,all_competitions,Antonio Nusa,"FW,MF",21-058,4.0,196.0,49.0,54.4,2.2,3,56.0,0,1,27.0,0,1.25,3.0,1.0,2.0,0.92,1.47,Matches,
Norway,all_competitions,Jørgen Strand Larsen,FW,26-128,4.0,199.0,50.0,55.3,2.2,2,76.0,1,2,24.0,0,1.25,5.0,2.0,3.0,1.36,2.47,Matches,
Norway,all_competitions,Oscar Bobb,MF,22-337,4.0,190.0,48.0,52.8,2.1,2,63.0,0,2,32.0,0,1.25,5.0,2.0,3.0,1.42,2.48,Matches,
Norway,all_competitions,Fredrik Aursnes,MF,30-186,2.0,133.0,67.0,36.9,1.5,2,67.0,0,0,,0,2.0,3.0,1.0,2.0,1.35,1.75,Matches,
Norway,all_competitions,Erling Haaland,FW,25-328,2.0,133.0,67.0,36.9,1.5,2,67.0,0,0,,0,1.0,0.0,1.0,-1.0,-0.68,-1.47,Matches,
Norway,all_competitions,Andreas Schjelderup,MF,22-013,4.0,164.0,41.0,45.6,1.8,1,63.0,0,3,34.0,0,1.25,2.0,3.0,-1.0,-0.55,-1.47,Matches,
Norway,all_competitions,Leo Østigård,DF,26-198,4.0,148.0,37.0,41.1,1.6,1,74.0,0,3,25.0,0,1.25,1.0,1.0,0.0,0.0,-0.42,Matches,
Norway,all_competitions,Patrick Berg,MF,28-202,4.0,126.0,32.0,35.0,1.4,1,63.0,0,3,21.0,0,1.25,2.0,3.0,-1.0,-0.71,-1.48,Matches,
Norway,all_competitions,Fredrik André Bjørkan,DF,27-297,4.0,121.0,30.0,33.6,1.3,1,61.0,0,3,20.0,0,1.25,1.0,1.0,0.0,0.0,-0.38,Matches,
Norway,all_competitions,Kristian Thorstvedt,MF,27-093,4.0,110.0,28.0,30.6,1.2,1,45.0,0,3,22.0,0,1.25,0.0,1.0,-1.0,-0.82,-1.54,Matches,
Norway,all_competitions,Morten Thorsby,MF,30-040,2.0,102.0,51.0,28.3,1.1,1,74.0,0,1,28.0,2,2.0,0.0,1.0,-1.0,-0.88,-1.58,Matches,
Norway,all_competitions,Martin Ødegaard,MF,27-179,1.0,79.0,79.0,21.9,0.9,1,79.0,0,0,,0,1.0,1.0,1.0,0.0,0.0,-0.32,Matches,
Norway,all_competitions,Marcus Pedersen,DF,25-333,2.0,73.0,37.0,20.3,0.8,1,45.0,0,1,28.0,2,2.0,0.0,1.0,-1.0,-1.23,-1.86,Matches,
Norway,all_competitions,Egil Selvik,GK,28-319,2.0,64.0,32.0,17.8,0.7,0,,0,2,32.0,2,1.0,1.0,0.0,1.0,1.41,1.41,Matches,
Norway,all_competitions,Jens Petter Hauge,"DF,FW",26-245,2.0,54.0,27.0,15.0,0.6,0,,0,2,27.0,2,1.5,0.0,1.0,-1.0,-1.67,-2.25,Matches,
Norway,all_competitions,Felix Myhre,"DF,MF",27-102,2.0,48.0,24.0,13.3,0.5,0,,0,2,24.0,0,0.5,0.0,0.0,0.0,0.0,-0.29,Matches,
Norway,all_competitions,Thelo Aasgaard,MF,24-043,2.0,47.0,24.0,13.1,0.5,0,,0,2,24.0,0,2.0,1.0,1.0,0.0,0.0,-0.29,Matches,
Norway,all_competitions,Sondre Langås,DF,25-132,1.0,28.0,28.0,7.8,0.3,0,,0,1,28.0,1,3.0,0.0,1.0,-1.0,-3.21,-3.76,Matches,
Norway,all_competitions,Odin Bjørtuft,DF,27-177,1.0,16.0,16.0,4.4,0.2,0,,0,1,16.0,1,1.0,0.0,0.0,0.0,0.0,-0.26,Matches,
Norway,all_competitions,Henrik Falchener,DF,23-037,1.0,16.0,16.0,4.4,0.2,0,,0,1,16.0,3,1.0,0.0,0.0,0.0,0.0,-0.26,Matches,
Norway,all_competitions,Viljar Myhra,GK,29-328,0.0,,,,,0,,0,0,,2,,,,,,,Matches,
Norway,all_competitions,Sander Tangvik,GK,23-197,0.0,,,,,0,,0,0,,2,,,,,,,Matches,
Norway,all_competitions,Squad Total,,27.5,4.0,360.0,90.0,100.0,4.0,44,69.0,9,36,25.0,17,1.25,5.0,4.0,1.0,0.25,,,
Norway,all_competitions,Opponent Total,,27.1,4.0,360.0,90.0,100.0,4.0,44,69.0,9,35,34.0,19,1.25,4.0,5.0,-1.0,-0.25,,,
Norway,all_competitions,Sander Berge,MF,27.0,8.0,720.0,90.0,100.0,8.0,8,90.0,8,0,,0,3.0,37.0,5.0,32.0,4.0,,Matches,
Norway,all_competitions,Ørjan Nyland,GK,35.0,8.0,720.0,90.0,100.0,8.0,8,90.0,8,0,,0,3.0,37.0,5.0,32.0,4.0,,Matches,
Norway,all_competitions,Julian Ryerson,"DF,MF",28.0,8.0,720.0,90.0,100.0,8.0,8,90.0,8,0,,0,3.0,37.0,5.0,32.0,4.0,,Matches,
Norway,all_competitions,Erling Haaland,FW,25.0,8.0,704.0,88.0,97.8,7.8,8,88.0,5,0,,0,3.0,35.0,5.0,30.0,3.84,-7.41,Matches,
Norway,all_competitions,Kristoffer Ajer,DF,27.0,8.0,702.0,88.0,97.5,7.8,8,88.0,7,0,,0,3.0,33.0,4.0,29.0,3.72,-11.28,Matches,
Norway,all_competitions,David Møller Wolfe,DF,23.0,8.0,679.0,85.0,94.3,7.5,8,85.0,2,0,,0,3.0,36.0,4.0,32.0,4.24,4.24,Matches,
Norway,all_competitions,Alexander Sørloth,"FW,MF",30.0,8.0,583.0,73.0,81.0,6.5,8,73.0,0,0,,0,3.0,27.0,3.0,24.0,3.7,-1.55,Matches,
Norway,all_competitions,Torbjørn Heggem,DF,27.0,8.0,664.0,83.0,92.2,7.4,7,87.0,6,1,54.0,0,3.0,35.0,5.0,30.0,4.07,0.85,Matches,
Norway,all_competitions,Antonio Nusa,"MF,FW",20.0,6.0,472.0,79.0,65.6,5.2,6,79.0,1,0,,0,3.0,24.0,2.0,22.0,4.19,0.57,Matches,
Norway,all_competitions,Martin Ødegaard,MF,27.0,5.0,449.0,90.0,62.4,5.0,5,90.0,4,0,,0,3.0,24.0,2.0,22.0,4.41,1.09,Matches,
Norway,all_competitions,Patrick Berg,MF,28.0,7.0,358.0,51.0,49.7,4.0,4,71.0,0,3,25.0,1,3.0,14.0,3.0,11.0,2.77,-2.46,Matches,
Norway,all_competitions,Oscar Bobb,MF,22.0,6.0,246.0,41.0,34.2,2.7,2,72.0,0,4,26.0,0,3.0,18.0,2.0,16.0,5.85,2.82,Matches,
Norway,all_competitions,Andreas Schjelderup,MF,21.0,5.0,167.0,33.0,23.2,1.9,2,61.0,0,3,15.0,3,3.0,10.0,2.0,8.0,4.31,0.41,Matches,
Norway,all_competitions,Morten Thorsby,MF,29.0,4.0,134.0,34.0,18.6,1.5,2,45.0,0,2,22.0,1,3.0,6.0,0.0,6.0,4.03,0.04,Matches,
Norway,all_competitions,Thelo Aasgaard,MF,23.0,4.0,120.0,30.0,16.7,1.3,1,62.0,0,3,19.0,3,3.0,12.0,1.0,11.0,8.25,5.1,Matches,
Norway,all_competitions,Kristian Thorstvedt,MF,26.0,2.0,91.0,46.0,12.6,1.0,1,74.0,0,1,17.0,0,3.0,1.0,1.0,0.0,0.0,-4.58,Matches,
Norway,all_competitions,Leo Østigård,DF,26.0,5.0,78.0,16.0,10.8,0.9,1,36.0,0,4,11.0,1,3.0,7.0,1.0,6.0,6.92,3.28,Matches,
Norway,all_competitions,Felix Myhre,MF,26.0,1.0,63.0,63.0,8.8,0.7,1,63.0,0,0,,3,3.0,6.0,0.0,6.0,8.57,5.01,Matches,
Norway,all_competitions,Aron Dønnum,"FW,MF",27.0,4.0,78.0,20.0,10.8,0.9,0,,0,4,20.0,3,3.0,3.0,1.0,2.0,2.31,-1.9,Matches,
Norway,all_competitions,Jens Petter Hauge,"DF,FW",26.0,2.0,46.0,23.0,6.4,0.5,0,,0,2,23.0,0,3.0,2.0,1.0,1.0,1.96,-2.18,Matches,
Norway,all_competitions,Lasse Berg Johnsen,MF,26.0,2.0,40.0,20.0,5.6,0.4,0,,0,2,20.0,2,3.0,1.0,1.0,0.0,0.0,-4.24,Matches,
Norway,all_competitions,Jørgen Strand Larsen,FW,25.0,4.0,34.0,9.0,4.7,0.4,0,,0,4,9.0,1,3.0,1.0,0.0,1.0,2.65,-1.42,Matches,
Norway,all_competitions,Fredrik André Bjørkan,DF,27.0,2.0,20.0,10.0,2.8,0.2,0,,0,2,10.0,1,3.0,0.0,0.0,0.0,0.0,-4.11,Matches,
Norway,all_competitions,Marcus Pedersen,"DF,MF",25.0,2.0,17.0,9.0,2.4,0.2,0,,0,2,9.0,6,3.0,0.0,1.0,-1.0,-5.29,-9.52,Matches,
Norway,all_competitions,Erik Botheim,FW,26.0,1.0,13.0,13.0,1.8,0.1,0,,0,1,13.0,1,3.0,0.0,0.0,0.0,0.0,-4.07,Matches,
Norway,all_competitions,Aune Heggebø,FW,24.0,1.0,1.0,1.0,0.1,0.0,0,,0,1,1.0,0,3.0,0.0,0.0,0.0,0.0,-4.01,Matches,
Norway,all_competitions,Stian Rode Gregersen,"DF,MF",30.0,1.0,1.0,1.0,0.1,0.0,0,,0,1,1.0,1,3.0,0.0,1.0,-1.0,-90.0,-94.13,Matches,
Norway,all_competitions,Kristian Arnstad,"FW,MF",22.0,0.0,,,,,0,,0,0,,3,,,,,,,Matches,
Norway,all_competitions,Mathias Dyngeland,GK,30.0,0.0,,,,,0,,0,0,,8,,,,,,,Matches,
Norway,all_competitions,Jostein Gundersen,DF,29.0,0.0,,,,,0,,0,0,,2,,,,,,,Matches,
Norway,all_competitions,Andreas Hanche-Olsen,DF,29.0,0.0,,,,,0,,0,0,,4,,,,,,,Matches,
Norway,all_competitions,Eivind Helland,DF,20.0,0.0,,,,,0,,0,0,,1,,,,,,,Matches,
Norway,all_competitions,Sondre Langås,DF,24.0,0.0,,,,,0,,0,0,,3,,,,,,,Matches,
Norway,all_competitions,Egil Selvik,GK,28.0,0.0,,,,,0,,0,0,,6,,,,,,,Matches,
Norway,all_competitions,Sander Tangvik,GK,23.0,0.0,,,,,0,,0,0,,2,,,,,,,Matches,
Norway,all_competitions,Squad Total,,27.3,8.0,720.0,90.0,100.0,8.0,88,82.0,49,40,17.0,56,3.0,37.0,5.0,32.0,4.0,,,
Norway,all_competitions,Opponent Total,,27.3,8.0,720.0,90.0,100.0,8.0,88,82.0,48,40,21.0,56,0.0,5.0,37.0,-32.0,-4.0,,,
Norway,all_competitions,Sander Berge,MF,28-120,12.0,"1,034",86.0,95.7,11.5,12,86.0,10,0,,0,2.42,41.0,8.0,33.0,2.87,2.87,Matches,
Norway,all_competitions,Ørjan Nyland,GK,35-277,12.0,"1,016",85.0,94.1,11.3,12,85.0,10,0,,0,2.42,41.0,9.0,32.0,2.83,1.43,Matches,
Norway,all_competitions,Julian Ryerson,"DF,MF",28-209,12.0,"1,007",84.0,93.2,11.2,11,87.0,10,1,45.0,0,2.42,42.0,8.0,34.0,3.04,4.27,Matches,
Norway,all_competitions,Kristoffer Ajer,DF,28-058,12.0,999,83.0,92.5,11.1,12,83.0,8,0,,0,2.42,37.0,7.0,30.0,2.7,-0.63,Matches,
Norway,all_competitions,Torbjørn Heggem,DF,27-153,12.0,909,76.0,84.2,10.1,10,84.0,7,2,35.0,0,2.42,40.0,8.0,32.0,3.17,2.64,Matches,
Norway,all_competitions,David Møller Wolfe,DF,24-052,12.0,888,74.0,82.2,9.9,11,80.0,2,1,13.0,0,2.42,40.0,7.0,33.0,3.34,3.34,Matches,
Norway,all_competitions,Alexander Sørloth,"FW,MF",30-191,12.0,848,71.0,78.5,9.4,12,71.0,0,0,,0,2.42,31.0,6.0,25.0,2.65,-0.45,Matches,
Norway,all_competitions,Erling Haaland,FW,25-328,10.0,837,84.0,77.5,9.3,10,84.0,5,0,,0,2.6,35.0,6.0,29.0,3.12,1.64,Matches,
Norway,all_competitions,Antonio Nusa,"MF,FW",21-058,10.0,668,67.0,61.9,7.4,9,71.0,1,1,27.0,0,2.3,27.0,3.0,24.0,3.23,1.27,Matches,
Norway,all_competitions,Martin Ødegaard,MF,27-179,6.0,528,88.0,48.9,5.9,6,88.0,4,0,,0,2.67,25.0,3.0,22.0,3.75,1.96,Matches,
Norway,all_competitions,Patrick Berg,MF,28-202,11.0,484,44.0,44.8,5.4,5,69.0,0,6,23.0,1,2.36,16.0,6.0,10.0,1.86,-1.61,Matches,
Norway,all_competitions,Oscar Bobb,MF,22-337,10.0,436,44.0,40.4,4.8,4,68.0,0,6,28.0,0,2.3,23.0,4.0,19.0,3.92,1.97,Matches,
Norway,all_competitions,Andreas Schjelderup,MF,22-013,9.0,331,37.0,30.6,3.7,3,61.0,0,6,25.0,3,2.22,12.0,5.0,7.0,1.9,-1.22,Matches,
Norway,all_competitions,Morten Thorsby,MF,30-040,6.0,236,39.0,21.9,2.6,3,55.0,0,3,24.0,3,2.67,6.0,1.0,5.0,1.91,-1.08,Matches,
Norway,all_competitions,Jørgen Strand Larsen,FW,26-128,8.0,233,29.0,21.6,2.6,2,76.0,1,6,14.0,1,2.13,6.0,2.0,4.0,1.55,-1.54,Matches,
Norway,all_competitions,Leo Østigård,DF,26-198,9.0,226,25.0,20.9,2.5,2,55.0,0,7,17.0,1,2.22,8.0,2.0,6.0,2.39,-0.46,Matches,
Norway,all_competitions,Kristian Thorstvedt,MF,27-093,6.0,201,34.0,18.6,2.2,2,60.0,0,4,21.0,0,1.83,1.0,2.0,-1.0,-0.45,-3.93,Matches,
Norway,all_competitions,Thelo Aasgaard,MF,24-043,6.0,167,28.0,15.5,1.9,1,62.0,0,5,21.0,3,2.67,13.0,2.0,11.0,5.93,3.76,Matches,
Norway,all_competitions,Fredrik André Bjørkan,DF,27-297,6.0,141,24.0,13.1,1.6,1,61.0,0,5,16.0,1,1.83,1.0,1.0,0.0,0.0,-3.16,Matches,
Norway,all_competitions,Fredrik Aursnes,MF,30-186,2.0,133,67.0,36.9,1.5,2,67.0,0,0,,0,2.0,3.0,1.0,2.0,1.35,1.75,Matches,
Norway,all_competitions,Felix Myhre,MF,27-102,3.0,111,37.0,10.3,1.2,1,63.0,0,2,24.0,3,1.33,6.0,0.0,6.0,4.86,2.36,Matches,
Norway,all_competitions,Jens Petter Hauge,"DF,FW",26-245,4.0,100,25.0,9.3,1.1,0,,0,4,25.0,2,2.25,2.0,2.0,0.0,0.0,-3.03,Matches,
Norway,all_competitions,Marcus Pedersen,"DF,MF",25-333,4.0,90,23.0,8.3,1.0,1,45.0,0,3,15.0,8,2.5,0.0,2.0,-2.0,-2.0,-5.18,Matches,
Norway,all_competitions,Aron Dønnum,"FW,MF",28-055,4.0,78,20.0,10.8,0.9,0,,0,4,20.0,3,3.0,3.0,1.0,2.0,2.31,-1.9,Matches,
Norway,all_competitions,Egil Selvik,GK,28-319,2.0,64,32.0,5.9,0.7,0,,0,2,32.0,8,1.0,1.0,0.0,1.0,1.41,1.41,Matches,
Norway,all_competitions,Lasse Berg Johnsen,MF,26-300,2.0,40,20.0,5.6,0.4,0,,0,2,20.0,2,3.0,1.0,1.0,0.0,0.0,-4.24,Matches,
Norway,all_competitions,Sondre Langås,DF,25-132,1.0,28,28.0,2.6,0.3,0,,0,1,28.0,4,3.0,0.0,1.0,-1.0,-3.21,-3.76,Matches,
Norway,all_competitions,Odin Bjørtuft,DF,27-177,1.0,16,16.0,4.4,0.2,0,,0,1,16.0,1,1.0,0.0,0.0,0.0,0.0,-0.26,Matches,
Norway,all_competitions,Henrik Falchener,DF,23-037,1.0,16,16.0,4.4,0.2,0,,0,1,16.0,3,1.0,0.0,0.0,0.0,0.0,-0.26,Matches,
Norway,all_competitions,Erik Botheim,FW,26-155,1.0,13,13.0,1.8,0.1,0,,0,1,13.0,1,3.0,0.0,0.0,0.0,0.0,-4.07,Matches,
Norway,all_competitions,Aune Heggebø,FW,24-320,1.0,1,1.0,0.1,0.0,0,,0,1,1.0,0,3.0,0.0,0.0,0.0,0.0,-4.01,Matches,
Norway,all_competitions,Stian Rode Gregersen,"DF,MF",31-028,1.0,1,1.0,0.1,0.0,0,,0,1,1.0,1,3.0,0.0,1.0,-1.0,-90.0,-94.13,Matches,
Norway,all_competitions,Sander Tangvik,GK,23-197,0.0,,,,,0,,0,0,,4,,,,,,,Matches,
Norway,all_competitions,Kristian Arnstad,"FW,MF",22-280,0.0,,,,,0,,0,0,,3,,,,,,,Matches,
Norway,all_competitions,Andreas Hanche-Olsen,DF,29-148,0.0,,,,,0,,0,0,,4,,,,,,,Matches,
Norway,all_competitions,Jostein Gundersen,DF,30-073,0.0,,,,,0,,0,0,,2,,,,,,,Matches,
Norway,all_competitions,Mathias Dyngeland,GK,30-250,0.0,,,,,0,,0,0,,8,,,,,,,Matches,
Norway,all_competitions,Eivind Helland,DF,21-050,0.0,,,,,0,,0,0,,1,,,,,,,Matches,
Norway,all_competitions,Viljar Myhra,GK,29-328,0.0,,,,,0,,0,0,,2,,,,,,,Matches,
Panama,all_competitions,Carlos Harvey,"MF,DF",26-131,5.0,398,80.0,88.4,4.4,4,88.0,3,1,45.0,0,1.6,8.0,11.0,-3.0,-0.68,-4.14,Matches,
Panama,all_competitions,Orlando Mosquera,GK,31-171,4.0,319,80.0,70.9,3.5,3,90.0,3,1,49.0,1,1.25,5.0,9.0,-4.0,-1.13,-3.19,Matches,
Panama,all_competitions,César Blackman,DF,28-073,5.0,300,60.0,66.7,3.3,3,79.0,1,2,32.0,0,1.6,6.0,9.0,-3.0,-0.9,-2.1,Matches,
Panama,all_competitions,Yoel Bárcenas,MF,32-234,5.0,285,57.0,63.3,3.2,3,77.0,1,2,27.0,0,1.6,5.0,9.0,-4.0,-1.26,-2.9,Matches,
Panama,all_competitions,Michael Amir Murillo,"DF,MF",30-123,4.0,282,71.0,62.7,3.1,3,88.0,2,1,19.0,1,1.75,6.0,8.0,-2.0,-0.64,-1.17,Matches,
Panama,all_competitions,Jiovany Ramos,DF,29-139,4.0,251,63.0,55.8,2.8,3,75.0,2,1,26.0,1,1.75,6.0,3.0,3.0,1.08,2.88,Matches,
Panama,all_competitions,Cristian Martínez,MF,29-128,5.0,249,50.0,55.3,2.8,3,61.0,0,2,33.0,0,1.6,6.0,6.0,0.0,0.0,0.45,Matches,
Panama,all_competitions,José Córdoba,DF,25-100,4.0,243,61.0,54.0,2.7,3,75.0,1,1,19.0,1,1.75,4.0,7.0,-3.0,-1.11,-1.98,Matches,
Panama,all_competitions,José Luis Rodríguez,MF,27-360,4.0,230,58.0,51.1,2.6,3,70.0,0,1,19.0,1,1.75,5.0,7.0,-2.0,-0.78,-1.19,Matches,
Panama,all_competitions,Cecilio Waterman,FW,35-062,5.0,197,39.0,43.8,2.2,3,51.0,0,2,22.0,0,1.6,5.0,6.0,-1.0,-0.46,-0.46,Matches,
Panama,all_competitions,Andrés Andrade Cedeño,DF,27-241,4.0,216,54.0,48.0,2.4,2,77.0,1,2,31.0,0,1.25,4.0,8.0,-4.0,-1.67,-2.82,Matches,
Panama,all_competitions,Ismael Díaz,MF,29-033,4.0,186,47.0,41.3,2.1,2,67.0,0,2,26.0,1,1.75,4.0,5.0,-1.0,-0.48,-0.48,Matches,
Panama,all_competitions,Roderick Miller,DF,34-072,4.0,165,41.0,36.7,1.8,2,59.0,0,2,24.0,1,1.75,5.0,2.0,3.0,1.64,2.9,Matches,
Panama,all_competitions,Jorge Gutiérrez,MF,27-286,3.0,159,53.0,35.3,1.8,2,57.0,0,1,45.0,2,2.33,3.0,2.0,1.0,0.57,1.18,Matches,
Panama,all_competitions,César Yanis,MF,30-137,2.0,135,68.0,30.0,1.5,2,68.0,1,0,,3,2.0,3.0,1.0,2.0,1.33,2.19,Matches,
Panama,all_competitions,Edgardo Fariña,DF,24-238,3.0,115,38.0,25.6,1.3,2,45.0,0,1,25.0,0,1.33,4.0,2.0,2.0,1.57,2.37,Matches,
Panama,all_competitions,José Fajardo,FW,32-300,5.0,190,38.0,42.2,2.1,1,29.0,0,4,40.0,0,1.6,4.0,5.0,-1.0,-0.47,-0.47,Matches,
Panama,all_competitions,Erick Davis,DF,35-075,4.0,122,31.0,27.1,1.4,1,45.0,0,3,26.0,1,1.25,4.0,3.0,1.0,0.74,1.29,Matches,
Panama,all_competitions,Adalberto Carrasquilla,MF,27-198,2.0,107,54.0,23.8,1.2,1,90.0,1,1,17.0,0,2.0,2.0,1.0,1.0,0.84,1.37,Matches,
Panama,all_competitions,Fidel Escobar,DF,31-156,3.0,104,35.0,23.1,1.2,1,65.0,0,2,20.0,0,1.33,2.0,7.0,-5.0,-4.33,-5.37,Matches,
Panama,all_competitions,Victor Griffith,MF,25-184,3.0,97,32.0,21.6,1.1,1,45.0,0,2,26.0,0,1.33,2.0,0.0,2.0,1.86,2.62,Matches,
Panama,all_competitions,Aníbal Godoy,MF,36-124,2.0,94,47.0,20.9,1.0,1,69.0,0,1,25.0,0,2.0,1.0,1.0,0.0,0.0,0.25,Matches,
Panama,all_competitions,Kadir Barría,FW,18-331,3.0,89,30.0,19.8,1.0,1,45.0,0,2,22.0,2,2.0,2.0,1.0,1.0,1.01,1.51,Matches,
Panama,all_competitions,Tomás Rodríguez,FW,27-097,2.0,70,35.0,15.6,0.8,1,45.0,0,1,25.0,1,1.5,3.0,1.0,2.0,2.57,3.28,Matches,
Panama,all_competitions,Martín Krug,DF,19-340,1.0,65,65.0,14.4,0.7,1,65.0,0,0,,1,1.0,1.0,1.0,0.0,0.0,0.23,Matches,
Panama,all_competitions,César Samudio,GK,32-111,1.0,65,65.0,14.4,0.7,1,65.0,0,0,,4,3.0,3.0,1.0,2.0,2.77,3.47,Matches,
Panama,all_competitions,Luis Mejía,GK,35-090,1.0,41,41.0,9.1,0.5,1,41.0,0,0,,0,1.0,1.0,0.0,1.0,2.2,2.64,Matches,
Panama,all_competitions,Iván Anderson,MF,28-202,2.0,36,18.0,8.0,0.4,1,29.0,0,1,7.0,0,1.5,1.0,0.0,1.0,2.5,2.93,Matches,
Panama,all_competitions,José Murillo,DF,31-110,1.0,45,45.0,10.0,0.5,0,,0,1,45.0,1,3.0,2.0,2.0,0.0,0.0,0.22,Matches,
Panama,all_competitions,Alberto Quintero,"FW,MF",38-178,1.0,45,45.0,10.0,0.5,0,,0,1,45.0,2,3.0,2.0,2.0,0.0,0.0,0.22,Matches,
Panama,all_competitions,John David Gunn,GK,26-144,1.0,25,25.0,5.6,0.3,0,,0,1,25.0,2,3.0,1.0,1.0,0.0,0.0,0.21,Matches,
Panama,all_competitions,Azarías Londoño,MF,24-358,1.0,25,25.0,5.6,0.3,0,,0,1,25.0,1,1.0,0.0,0.0,0.0,0.0,0.21,Matches,
Panama,all_competitions,Squad Total,,29.5,5.0,450,90.0,100.0,5.0,55,68.0,16,43,28.0,27,1.6,10.0,11.0,-1.0,-0.2,,,
Panama,all_competitions,Opponent Total,,27.2,5.0,450,90.0,100.0,5.0,55,68.0,15,40,28.0,24,1.0,11.0,10.0,1.0,0.2,,,
Panama,all_competitions,Fidel Escobar,DF,31.0,8.0,703.0,88.0,78.1,7.8,8,88.0,7,0,,0,2.25,12.0,4.0,8.0,1.02,-1.72,Matches,
Panama,all_competitions,Michael Amir Murillo,"DF,MF",29.0,8.0,675.0,84.0,75.0,7.5,7,90.0,7,1,45.0,0,2.25,12.0,3.0,9.0,1.2,-0.8,Matches,
Panama,all_competitions,Adalberto Carrasquilla,MF,27.0,8.0,649.0,81.0,72.1,7.2,7,88.0,5,1,32.0,0,2.25,12.0,4.0,8.0,1.11,-1.04,Matches,
Panama,all_competitions,Andrés Andrade Cedeño,DF,27.0,7.0,630.0,90.0,70.0,7.0,7,90.0,7,0,,0,2.14,12.0,4.0,8.0,1.14,-0.86,Matches,
Panama,all_competitions,Erick Davis,"DF,MF",34.0,9.0,622.0,69.0,69.1,6.9,7,85.0,4,2,13.0,0,2.33,15.0,5.0,10.0,1.45,0.15,Matches,
Panama,all_competitions,Aníbal Godoy,MF,35.0,8.0,540.0,68.0,60.0,6.0,7,74.0,2,1,19.0,1,2.25,14.0,4.0,10.0,1.67,0.67,Matches,
Panama,all_competitions,Orlando Mosquera,GK,31.0,6.0,540.0,90.0,60.0,6.0,6,90.0,6,0,,4,2.0,9.0,4.0,5.0,0.83,-1.42,Matches,
Panama,all_competitions,Cristian Martínez,MF,28.0,8.0,481.0,60.0,53.4,5.3,6,67.0,0,2,39.0,1,2.5,9.0,4.0,5.0,0.94,-1.0,Matches,
Panama,all_competitions,José Luis Rodríguez,MF,27.0,9.0,502.0,56.0,55.8,5.6,5,73.0,1,4,35.0,0,2.33,9.0,4.0,5.0,0.9,-1.14,Matches,
Panama,all_competitions,Ismael Díaz,MF,28.0,6.0,413.0,69.0,45.9,4.6,5,76.0,2,1,34.0,3,2.0,7.0,1.0,6.0,1.31,-0.17,Matches,
Panama,all_competitions,Yoel Bárcenas,MF,32.0,6.0,402.0,67.0,44.7,4.5,5,76.0,1,1,21.0,0,2.0,7.0,3.0,4.0,0.9,-0.91,Matches,
Panama,all_competitions,Cecilio Waterman,FW,34.0,8.0,324.0,41.0,36.0,3.6,5,56.0,0,3,15.0,0,2.25,6.0,0.0,6.0,1.67,0.42,Matches,
Panama,all_competitions,Carlos Harvey,"DF,MF",25.0,6.0,414.0,69.0,46.0,4.6,4,90.0,4,2,27.0,2,2.33,11.0,3.0,8.0,1.74,0.63,Matches,
Panama,all_competitions,Luis Mejía,GK,34.0,4.0,360.0,90.0,40.0,4.0,4,90.0,4,0,,6,3.0,10.0,1.0,9.0,2.25,1.42,Matches,
Panama,all_competitions,José Córdoba,DF,24.0,4.0,281.0,70.0,31.2,3.1,4,70.0,3,0,,2,3.0,7.0,1.0,6.0,1.92,0.76,Matches,
Panama,all_competitions,José Fajardo,FW,32.0,8.0,401.0,50.0,44.6,4.5,3,77.0,1,5,34.0,1,2.25,9.0,4.0,5.0,1.12,-0.5,Matches,
Panama,all_competitions,César Blackman,"MF,DF",27.0,5.0,283.0,57.0,31.4,3.1,3,90.0,3,2,7.0,5,3.0,8.0,2.0,6.0,1.91,0.74,Matches,
Panama,all_competitions,César Yanis,MF,30.0,3.0,225.0,75.0,25.0,2.5,2,90.0,2,1,45.0,3,3.0,7.0,1.0,6.0,2.4,1.33,Matches,
Panama,all_competitions,Jorge Gutiérrez,DF,27.0,5.0,221.0,44.0,24.6,2.5,2,77.0,0,3,22.0,3,2.2,3.0,0.0,3.0,1.22,-0.24,Matches,
Panama,all_competitions,Azarías Londoño,MF,24.0,4.0,189.0,47.0,21.0,2.1,2,60.0,0,2,35.0,2,2.5,8.0,0.0,8.0,3.81,3.05,Matches,
Panama,all_competitions,Eduardo Guerrero,FW,25.0,3.0,154.0,51.0,17.1,1.7,2,63.0,0,1,28.0,1,3.0,5.0,1.0,4.0,2.34,1.13,Matches,
Panama,all_competitions,Jiovany Ramos,DF,29.0,2.0,150.0,75.0,16.7,1.7,1,71.0,0,1,79.0,1,2.0,1.0,1.0,0.0,0.0,-1.68,Matches,
Panama,all_competitions,Tomás Rodríguez,FW,26.0,3.0,113.0,38.0,12.6,1.3,1,62.0,0,2,26.0,5,2.33,1.0,0.0,1.0,0.8,-0.69,Matches,
Panama,all_competitions,Edgardo Fariña,DF,24.0,2.0,107.0,54.0,11.9,1.2,1,90.0,1,1,17.0,3,3.0,5.0,1.0,4.0,3.36,2.23,Matches,
Panama,all_competitions,Edward Cedeño,MF,22.0,4.0,97.0,24.0,10.8,1.1,1,63.0,0,3,11.0,4,3.0,1.0,0.0,1.0,0.93,-0.53,Matches,
Panama,all_competitions,Eduardo Anderson,DF,25.0,1.0,90.0,90.0,10.0,1.0,1,90.0,1,0,,1,3.0,2.0,0.0,2.0,2.0,0.67,Matches,
Panama,all_competitions,Victor Griffith,MF,25.0,1.0,90.0,90.0,10.0,1.0,1,90.0,1,0,,1,3.0,3.0,0.0,3.0,3.0,1.78,Matches,
Panama,all_competitions,Janpol Morales,MF,27.0,2.0,71.0,36.0,7.9,0.8,1,26.0,0,1,45.0,0,3.0,1.0,0.0,1.0,1.27,-0.14,Matches,
Panama,all_competitions,Jovani Welch,MF,26.0,2.0,53.0,27.0,5.9,0.6,1,45.0,0,1,8.0,0,3.0,1.0,0.0,1.0,1.7,0.32,Matches,
Panama,all_competitions,Roderick Miller,DF,33.0,1.0,45.0,45.0,5.0,0.5,1,45.0,0,0,,1,3.0,0.0,0.0,0.0,0.0,-1.47,Matches,
Panama,all_competitions,Alberto Quintero,"FW,MF",38.0,2.0,31.0,16.0,3.4,0.3,0,,0,2,16.0,0,3.0,1.0,0.0,1.0,2.9,1.56,Matches,
Panama,all_competitions,Omar Browne,FW,31.0,2.0,20.0,10.0,2.2,0.2,0,,0,2,10.0,2,2.0,1.0,0.0,1.0,4.5,3.17,Matches,
Panama,all_competitions,Freddy Góndola,MF,30.0,1.0,11.0,11.0,1.2,0.1,0,,0,1,11.0,1,3.0,0.0,0.0,0.0,0.0,-1.42,Matches,
Panama,all_competitions,Everardo Rose,FW,26.0,1.0,7.0,7.0,0.8,0.1,0,,0,1,7.0,1,1.0,0.0,0.0,0.0,0.0,-1.41,Matches,
Panama,all_competitions,Abdiel Ayarza,MF,33.0,1.0,6.0,6.0,0.7,0.1,0,,0,1,6.0,0,3.0,0.0,0.0,0.0,0.0,-1.41,Matches,
Panama,all_competitions,Iván Anderson,DF,28.0,0.0,,,,,0,,0,0,,4,,,,,,,Matches,
Panama,all_competitions,John David Gunn,GK,26.0,0.0,,,,,0,,0,0,,2,,,,,,,Matches,
Panama,all_competitions,José Murillo,DF,30.0,0.0,,,,,0,,0,0,,2,,,,,,,Matches,
Panama,all_competitions,César Samudio,GK,31.0,0.0,,,,,0,,0,0,,8,,,,,,,Matches,
Panama,all_competitions,Squad Total,,29.8,10.0,900.0,90.0,100.0,10.0,110,79.0,62,48,25.0,70,2.4,19.0,5.0,14.0,1.4,,,
Panama,all_competitions,Opponent Total,,28.3,10.0,900.0,90.0,100.0,10.0,110,79.0,65,46,24.0,65,0.3,5.0,19.0,-14.0,-1.4,,,
Panama,all_competitions,Michael Amir Murillo,"DF,MF",30-123,12.0,957,80.0,70.9,10.6,10,89.0,9,2,32.0,1,2.08,18.0,11.0,7.0,0.66,-0.72,Matches,
Panama,all_competitions,Orlando Mosquera,GK,31-171,10.0,859,86.0,63.6,9.5,9,90.0,9,1,49.0,5,1.7,14.0,13.0,1.0,0.1,-2.09,Matches,
Panama,all_competitions,Andrés Andrade Cedeño,DF,27-241,11.0,846,77.0,62.7,9.4,9,87.0,8,2,31.0,0,1.82,16.0,12.0,4.0,0.43,-1.18,Matches,
Panama,all_competitions,Carlos Harvey,"DF,MF",26-131,11.0,812,74.0,60.1,9.0,8,89.0,7,3,33.0,2,2.0,19.0,14.0,5.0,0.55,-0.78,Matches,
Panama,all_competitions,Fidel Escobar,DF,31-156,11.0,807,73.0,59.8,9.0,9,85.0,7,2,20.0,0,2.0,14.0,11.0,3.0,0.33,-1.32,Matches,
Panama,all_competitions,Adalberto Carrasquilla,MF,27-198,10.0,756,76.0,56.0,8.4,8,88.0,6,2,25.0,0,2.2,14.0,5.0,9.0,1.07,0.47,Matches,
Panama,all_competitions,Erick Davis,"DF,MF",35-075,13.0,744,57.0,55.1,8.3,8,80.0,4,5,21.0,1,2.0,19.0,8.0,11.0,1.33,1.03,Matches,
Panama,all_competitions,José Luis Rodríguez,MF,27-360,13.0,732,56.0,54.2,8.1,8,72.0,1,5,31.0,1,2.15,14.0,11.0,3.0,0.37,-1.09,Matches,
Panama,all_competitions,Cristian Martínez,MF,29-128,13.0,730,56.0,54.1,8.1,9,65.0,0,4,36.0,1,2.15,15.0,10.0,5.0,0.62,-0.54,Matches,
Panama,all_competitions,Yoel Bárcenas,MF,32-234,11.0,687,62.0,50.9,7.6,8,77.0,2,3,25.0,0,1.82,12.0,12.0,0.0,0.0,-1.76,Matches,
Panama,all_competitions,Aníbal Godoy,MF,36-124,10.0,634,63.0,47.0,7.0,8,74.0,2,2,22.0,1,2.2,15.0,5.0,10.0,1.42,1.04,Matches,
Panama,all_competitions,Ismael Díaz,MF,29-033,10.0,599,60.0,44.4,6.7,7,73.0,2,3,29.0,4,1.9,11.0,6.0,5.0,0.75,-0.21,Matches,
Panama,all_competitions,José Fajardo,FW,32-300,13.0,591,45.0,43.8,6.6,4,65.0,1,9,37.0,1,2.0,13.0,9.0,4.0,0.61,-0.46,Matches,
Panama,all_competitions,César Blackman,"MF,DF",28-073,10.0,583,58.0,43.2,6.5,6,85.0,4,4,19.0,5,2.3,14.0,11.0,3.0,0.46,-0.71,Matches,
Panama,all_competitions,José Córdoba,DF,25-100,8.0,524,66.0,38.8,5.8,7,72.0,4,1,19.0,3,2.38,11.0,8.0,3.0,0.52,-0.57,Matches,
Panama,all_competitions,Cecilio Waterman,FW,35-062,13.0,521,40.0,38.6,5.8,8,54.0,0,5,17.0,0,2.0,11.0,6.0,5.0,0.86,0.0,Matches,
Panama,all_competitions,Jiovany Ramos,DF,29-139,6.0,401,67.0,29.7,4.5,4,74.0,2,2,53.0,2,1.83,7.0,4.0,3.0,0.67,-0.28,Matches,
Panama,all_competitions,Luis Mejía,GK,35-090,5.0,401,80.0,29.7,4.5,5,80.0,4,0,,6,2.6,11.0,1.0,10.0,2.24,1.96,Matches,
Panama,all_competitions,Jorge Gutiérrez,DF,27-286,8.0,380,48.0,28.1,4.2,4,67.0,0,4,28.0,5,2.25,6.0,2.0,4.0,0.95,0.11,Matches,
Panama,all_competitions,César Yanis,MF,30-137,5.0,360,72.0,26.7,4.0,4,79.0,3,1,45.0,6,2.6,10.0,2.0,8.0,2.0,1.55,Matches,
Panama,all_competitions,Edgardo Fariña,DF,24-238,5.0,222,44.0,16.4,2.5,3,60.0,1,2,21.0,3,2.0,9.0,3.0,6.0,2.43,1.87,Matches,
Panama,all_competitions,Azarías Londoño,MF,24-358,5.0,214,43.0,15.9,2.4,2,60.0,0,3,31.0,3,2.2,8.0,0.0,8.0,3.36,2.97,Matches,
Panama,all_competitions,Roderick Miller,DF,34-072,5.0,210,42.0,15.6,2.3,3,54.0,0,2,24.0,2,2.0,5.0,2.0,3.0,1.29,0.5,Matches,
Panama,all_competitions,Victor Griffith,MF,25-184,4.0,187,47.0,13.9,2.1,2,68.0,1,2,26.0,1,1.75,5.0,0.0,5.0,2.41,1.79,Matches,
Panama,all_competitions,Tomás Rodríguez,FW,27-097,5.0,183,37.0,13.6,2.0,2,54.0,0,3,25.0,6,2.0,4.0,1.0,3.0,1.48,0.7,Matches,
Panama,all_competitions,Eduardo Guerrero,FW,26-113,3.0,154,51.0,17.1,1.7,2,63.0,0,1,28.0,1,3.0,5.0,1.0,4.0,2.34,1.13,Matches,
Panama,all_competitions,Edward Cedeño,MF,22-344,4.0,97,24.0,10.8,1.1,1,63.0,0,3,11.0,4,3.0,1.0,0.0,1.0,0.93,-0.53,Matches,
Panama,all_competitions,Eduardo Anderson,DF,25-134,1.0,90,90.0,10.0,1.0,1,90.0,1,0,,1,3.0,2.0,0.0,2.0,2.0,0.67,Matches,
Panama,all_competitions,Kadir Barría,FW,18-331,3.0,89,30.0,19.8,1.0,1,45.0,0,2,22.0,2,2.0,2.0,1.0,1.0,1.01,1.51,Matches,
Panama,all_competitions,Alberto Quintero,"FW,MF",38-178,3.0,76,25.0,5.6,0.8,0,,0,3,25.0,2,3.0,3.0,2.0,1.0,1.18,0.34,Matches,
Panama,all_competitions,Janpol Morales,MF,27-357,2.0,71,36.0,7.9,0.8,1,26.0,0,1,45.0,0,3.0,1.0,0.0,1.0,1.27,-0.14,Matches,
Panama,all_competitions,César Samudio,GK,32-111,1.0,65,65.0,4.8,0.7,1,65.0,0,0,,12,3.0,3.0,1.0,2.0,2.77,3.47,Matches,
Panama,all_competitions,Martín Krug,DF,19-340,1.0,65,65.0,14.4,0.7,1,65.0,0,0,,1,1.0,1.0,1.0,0.0,0.0,0.23,Matches,
Panama,all_competitions,Jovani Welch,MF,26-179,2.0,53,27.0,5.9,0.6,1,45.0,0,1,8.0,0,3.0,1.0,0.0,1.0,1.7,0.32,Matches,
Panama,all_competitions,José Murillo,DF,31-110,1.0,45,45.0,3.3,0.5,0,,0,1,45.0,3,3.0,2.0,2.0,0.0,0.0,0.22,Matches,
Panama,all_competitions,Iván Anderson,DF,28-202,2.0,36,18.0,2.7,0.4,1,29.0,0,1,7.0,4,1.5,1.0,0.0,1.0,2.5,2.93,Matches,
Panama,all_competitions,John David Gunn,GK,26-144,1.0,25,25.0,1.9,0.3,0,,0,1,25.0,4,3.0,1.0,1.0,0.0,0.0,0.21,Matches,
Panama,all_competitions,Omar Browne,FW,32-042,2.0,20,10.0,2.2,0.2,0,,0,2,10.0,2,2.0,1.0,0.0,1.0,4.5,3.17,Matches,
Panama,all_competitions,Freddy Góndola,MF,30-269,1.0,11,11.0,1.2,0.1,0,,0,1,11.0,1,3.0,0.0,0.0,0.0,0.0,-1.42,Matches,
Panama,all_competitions,Everardo Rose,FW,26-326,1.0,7,7.0,0.8,0.1,0,,0,1,7.0,1,1.0,0.0,0.0,0.0,0.0,-1.41,Matches,
Panama,all_competitions,Abdiel Ayarza,MF,33-275,1.0,6,6.0,0.7,0.1,0,,0,1,6.0,0,3.0,0.0,0.0,0.0,0.0,-1.41,Matches,
Paraguay,all_competitions,Omar Alderete,DF,29-170,1.0,90.0,90.0,100.0,1.0,1,90.0,1,0,,0,0.0,1.0,4.0,-3.0,-3.0,,Matches,
Paraguay,all_competitions,Júnior Alonso,DF,33-125,1.0,90.0,90.0,100.0,1.0,1,90.0,1,0,,0,0.0,1.0,4.0,-3.0,-3.0,,Matches,
Paraguay,all_competitions,Andrés Cubas,MF,30-023,1.0,90.0,90.0,100.0,1.0,1,90.0,1,0,,0,0.0,1.0,4.0,-3.0,-3.0,,Matches,
Paraguay,all_competitions,Julio Enciso,FW,22-142,1.0,90.0,90.0,100.0,1.0,1,90.0,1,0,,0,0.0,1.0,4.0,-3.0,-3.0,,Matches,
Paraguay,all_competitions,Orlando Gill,GK,26-003,1.0,90.0,90.0,100.0,1.0,1,90.0,1,0,,0,0.0,1.0,4.0,-3.0,-3.0,,Matches,
Paraguay,all_competitions,Gustavo Gómez,DF,33-039,1.0,90.0,90.0,100.0,1.0,1,90.0,1,0,,0,0.0,1.0,4.0,-3.0,-3.0,,Matches,
Paraguay,all_competitions,Diego Gómez,MF,23-079,1.0,79.0,79.0,87.8,0.9,1,79.0,0,0,,0,0.0,1.0,3.0,-2.0,-2.28,5.9,Matches,
Paraguay,all_competitions,Miguel Almirón,MF,32-124,1.0,78.0,78.0,86.7,0.9,1,78.0,0,0,,0,0.0,1.0,3.0,-2.0,-2.31,5.19,Matches,
Paraguay,all_competitions,Juan Cáceres,DF,26-013,1.0,78.0,78.0,86.7,0.9,1,78.0,0,0,,0,0.0,1.0,3.0,-2.0,-2.31,5.19,Matches,
Paraguay,all_competitions,Antonio Sanabria,FW,30-102,1.0,61.0,61.0,67.8,0.7,1,61.0,0,0,,0,0.0,0.0,3.0,-3.0,-4.43,-4.43,Matches,
Paraguay,all_competitions,Damián Bobadilla,MF,24-338,1.0,45.0,45.0,50.0,0.5,1,45.0,0,0,,0,0.0,0.0,3.0,-3.0,-6.0,-6.0,Matches,
Paraguay,all_competitions,Mauricio,MF,25-023,1.0,45.0,45.0,50.0,0.5,0,,0,1,45.0,0,0.0,1.0,1.0,0.0,0.0,6.0,Matches,
Paraguay,all_competitions,Álex Arce,FW,30-363,1.0,29.0,29.0,32.2,0.3,0,,0,1,29.0,0,0.0,1.0,1.0,0.0,0.0,4.43,Matches,
Paraguay,all_competitions,Ramón Sosa,"FW,MF",26-287,1.0,12.0,12.0,13.3,0.1,0,,0,1,12.0,0,0.0,0.0,1.0,-1.0,-7.5,-5.19,Matches,
Paraguay,all_competitions,Gustavo Velásquez,DF,35-058,1.0,12.0,12.0,13.3,0.1,0,,0,1,12.0,0,0.0,0.0,1.0,-1.0,-7.5,-5.19,Matches,
Paraguay,all_competitions,Kaku,MF,31-154,1.0,11.0,11.0,12.2,0.1,0,,0,1,11.0,0,0.0,0.0,1.0,-1.0,-8.18,-5.9,Matches,
Paraguay,all_competitions,Gabriel Ávalos,FW,35-245,0.0,,,,,0,,0,0,,1,,,,,,,Matches,
Paraguay,all_competitions,Fabián Balbuena,DF,34-295,0.0,,,,,0,,0,0,,1,,,,,,,Matches,
Paraguay,all_competitions,Gustavo Caballero,"FW,MF",24-266,0.0,,,,,0,,0,0,,1,,,,,,,Matches,
Paraguay,all_competitions,José Canale,DF,29-329,0.0,,,,,0,,0,0,,1,,,,,,,Matches,
Paraguay,all_competitions,Gatito Fernández,GK,38-077,0.0,,,,,0,,0,0,,1,,,,,,,Matches,
Paraguay,all_competitions,Matías Galarza,MF,24-123,0.0,,,,,0,,0,0,,1,,,,,,,Matches,
Paraguay,all_competitions,Alexandro Maidana,DF,20-323,0.0,,,,,0,,0,0,,1,,,,,,,Matches,
Paraguay,all_competitions,Braian Ojeda,MF,25-352,0.0,,,,,0,,0,0,,1,,,,,,,Matches,
Paraguay,all_competitions,Gastón Olveira,GK,33-054,0.0,,,,,0,,0,0,,1,,,,,,,Matches,
Paraguay,all_competitions,Isidro Pitta,FW,26-304,0.0,,,,,0,,0,0,,1,,,,,,,Matches,
Paraguay,all_competitions,Squad Total,,28.4,1.0,90.0,90.0,100.0,1.0,11,80.0,6,5,22.0,10,0.0,1.0,4.0,-3.0,-3.0,,,
Paraguay,all_competitions,Opponent Total,,27.2,1.0,90.0,90.0,100.0,1.0,11,80.0,7,4,23.0,11,3.0,4.0,1.0,3.0,3.0,,,
Paraguay,all_competitions,Júnior Alonso,DF,33-125,3.0,225.0,75.0,83.3,2.5,3,75.0,2,0,,0,2.0,4.0,2.0,2.0,0.8,-3.2,Matches,
Paraguay,all_competitions,Gustavo Gómez,DF,33-039,3.0,225.0,75.0,83.3,2.5,3,75.0,2,0,,0,2.0,4.0,2.0,2.0,0.8,-3.2,Matches,
Paraguay,all_competitions,Omar Alderete,DF,29-170,3.0,195.0,65.0,72.2,2.2,3,65.0,1,0,,0,2.0,4.0,2.0,2.0,0.92,-1.48,Matches,
Paraguay,all_competitions,Diego Gómez,MF,23-079,3.0,195.0,65.0,72.2,2.2,3,65.0,1,0,,0,2.0,4.0,2.0,2.0,0.92,-1.48,Matches,
Paraguay,all_competitions,Julio Enciso,"FW,MF",22-142,3.0,182.0,61.0,67.4,2.0,3,61.0,1,0,,0,2.0,3.0,2.0,1.0,0.49,-2.57,Matches,
Paraguay,all_competitions,Miguel Almirón,MF,32-124,3.0,181.0,60.0,67.0,2.0,3,60.0,0,0,,0,2.0,3.0,2.0,1.0,0.5,-2.54,Matches,
Paraguay,all_competitions,Damián Bobadilla,MF,24-338,2.0,150.0,75.0,55.6,1.7,2,75.0,1,0,,1,1.5,2.0,2.0,0.0,0.0,-3.0,Matches,
Paraguay,all_competitions,Antonio Sanabria,FW,30-102,3.0,145.0,48.0,53.7,1.6,2,62.0,0,1,22.0,0,2.0,4.0,0.0,4.0,2.48,2.48,Matches,
Paraguay,all_competitions,Juan Cáceres,DF,26-013,2.0,135.0,68.0,50.0,1.5,2,68.0,1,0,,1,1.5,3.0,2.0,1.0,0.67,-1.33,Matches,
Paraguay,all_competitions,Orlando Gill,GK,26-003,2.0,135.0,68.0,50.0,1.5,1,90.0,1,1,45.0,1,1.5,3.0,2.0,1.0,0.67,-1.33,Matches,
Paraguay,all_competitions,Gabriel Ávalos,FW,35-245,2.0,113.0,57.0,41.9,1.3,1,68.0,0,1,45.0,1,1.5,2.0,2.0,0.0,0.0,-2.29,Matches,
Paraguay,all_competitions,Braian Ojeda,MF,25-352,3.0,112.0,37.0,41.5,1.2,1,55.0,0,2,29.0,0,2.0,2.0,2.0,0.0,0.0,-2.28,Matches,
Paraguay,all_competitions,Gastón Olveira,GK,33-054,1.0,90.0,90.0,33.3,1.0,1,90.0,1,0,,2,3.0,1.0,0.0,1.0,1.0,-0.5,Matches,
Paraguay,all_competitions,Alan Benítez,DF,32-140,1.0,89.0,89.0,33.0,1.0,1,89.0,0,0,,1,3.0,1.0,0.0,1.0,1.01,-0.48,Matches,
Paraguay,all_competitions,Lucas Romero,MF,23-289,1.0,78.0,78.0,28.9,0.9,1,78.0,0,0,,1,3.0,1.0,0.0,1.0,1.15,-0.25,Matches,
Paraguay,all_competitions,Andrés Cubas,MF,30-023,1.0,45.0,45.0,16.7,0.5,1,45.0,0,0,,0,3.0,2.0,0.0,2.0,4.0,3.2,Matches,
Paraguay,all_competitions,Gatito Fernández,GK,38-077,1.0,45.0,45.0,16.7,0.5,1,45.0,0,0,,2,3.0,2.0,0.0,2.0,4.0,3.2,Matches,
Paraguay,all_competitions,Kaku,MF,31-154,1.0,45.0,45.0,16.7,0.5,1,45.0,0,0,,0,3.0,2.0,0.0,2.0,4.0,3.2,Matches,
Paraguay,all_competitions,Mauricio,MF,25-023,3.0,131.0,44.0,48.5,1.5,0,,0,3,44.0,0,2.0,4.0,0.0,4.0,2.75,2.75,Matches,
Paraguay,all_competitions,José Canale,DF,29-329,2.0,75.0,38.0,27.8,0.8,0,,0,2,38.0,1,3.0,2.0,0.0,2.0,2.4,1.48,Matches,
Paraguay,all_competitions,Matías Galarza,MF,24-123,2.0,75.0,38.0,27.8,0.8,0,,0,2,38.0,1,3.0,2.0,0.0,2.0,2.4,1.48,Matches,
Paraguay,all_competitions,Ramón Sosa,"FW,MF",26-287,2.0,67.0,34.0,24.8,0.7,0,,0,2,34.0,1,3.0,2.0,0.0,2.0,2.69,1.8,Matches,
Paraguay,all_competitions,Álex Arce,FW,30-363,2.0,57.0,29.0,21.1,0.6,0,,0,2,29.0,1,3.0,2.0,0.0,2.0,3.16,2.31,Matches,
Paraguay,all_competitions,Alexandro Maidana,DF,20-323,2.0,57.0,29.0,21.1,0.6,0,,0,2,29.0,1,3.0,2.0,0.0,2.0,3.16,2.31,Matches,
Paraguay,all_competitions,Gustavo Velásquez,DF,35-058,2.0,46.0,23.0,17.0,0.5,0,,0,2,23.0,0,2.0,3.0,2.0,1.0,1.96,0.75,Matches,
Paraguay,all_competitions,Fabián Balbuena,DF,34-295,1.0,45.0,45.0,16.7,0.5,0,,0,1,45.0,2,3.0,2.0,0.0,2.0,4.0,3.2,Matches,
Paraguay,all_competitions,Gustavo Caballero,"FW,MF",24-266,2.0,32.0,16.0,11.9,0.4,0,,0,2,16.0,1,1.5,1.0,0.0,1.0,2.81,1.68,Matches,
Paraguay,all_competitions,Isidro Pitta,FW,26-304,0.0,,,,,0,,0,0,,1,,,,,,,Matches,
Paraguay,all_competitions,Squad Total,,28.8,3.0,270.0,90.0,100.0,3.0,33,67.0,11,23,33.0,19,2.0,6.0,2.0,4.0,1.33,,,
Paraguay,all_competitions,Opponent Total,,26.4,3.0,270.0,90.0,100.0,3.0,33,67.0,12,21,21.0,20,1.0,2.0,6.0,-4.0,-1.33,,,
Paraguay,all_competitions,Gustavo Gómez,DF,32.0,15.0,"1,350",90.0,83.3,15.0,15,90.0,15,0,,0,1.4,10.0,8.0,2.0,0.13,-0.53,Matches,
Paraguay,all_competitions,Miguel Almirón,"MF,FW",31.0,15.0,"1,280",85.0,79.0,14.2,15,85.0,4,0,,0,1.6,12.0,8.0,4.0,0.28,0.28,Matches,
Paraguay,all_competitions,Omar Alderete,DF,29.0,14.0,"1,208",86.0,74.6,13.4,14,86.0,13,0,,3,1.86,12.0,6.0,6.0,0.45,0.88,Matches,
Paraguay,all_competitions,Andrés Cubas,MF,29.0,13.0,"1,123",86.0,69.3,12.5,13,86.0,10,0,,0,1.38,9.0,7.0,2.0,0.16,-0.2,Matches,
Paraguay,all_competitions,Júnior Alonso,DF,32.0,12.0,"1,060",88.0,65.4,11.8,12,88.0,10,0,,4,1.58,12.0,9.0,3.0,0.25,0.09,Matches,
Paraguay,all_competitions,Diego Gómez,MF,22.0,13.0,877,67.0,54.1,9.7,12,71.0,1,1,25.0,0,1.62,9.0,8.0,1.0,0.1,-0.26,Matches,
Paraguay,all_competitions,Gatito Fernández,GK,37.0,11.0,990,90.0,61.1,11.0,11,90.0,11,0,,1,1.82,12.0,7.0,5.0,0.45,0.6,Matches,
Paraguay,all_competitions,Juan Cáceres,"DF,MF",25.0,12.0,924,77.0,57.0,10.3,10,86.0,9,2,35.0,1,1.67,10.0,7.0,3.0,0.29,0.16,Matches,
Paraguay,all_competitions,Ramón Sosa,"MF,FW",26.0,17.0,852,50.0,52.6,9.5,9,77.0,4,8,19.0,1,1.65,4.0,4.0,0.0,0.0,-0.47,Matches,
Paraguay,all_competitions,Julio Enciso,"MF,FW",22.0,10.0,792,79.0,48.9,8.8,9,83.0,2,1,45.0,0,1.9,12.0,6.0,6.0,0.68,0.9,Matches,
Paraguay,all_competitions,Mathías Villasanti,MF,29.0,15.0,739,49.0,45.6,8.2,8,79.0,4,7,15.0,0,1.6,4.0,5.0,-1.0,-0.12,-0.63,Matches,
Paraguay,all_competitions,Fabián Balbuena,DF,34.0,9.0,731,81.0,45.1,8.1,8,90.0,8,1,11.0,7,1.44,6.0,6.0,0.0,0.0,-0.4,Matches,
Paraguay,all_competitions,Antonio Sanabria,"FW,MF",29.0,13.0,670,52.0,41.4,7.4,8,66.0,0,5,29.0,3,1.69,9.0,4.0,5.0,0.67,0.77,Matches,
Paraguay,all_competitions,Carlos Coronel,GK,29.0,6.0,540,90.0,33.3,6.0,6,90.0,6,0,,11,0.83,1.0,3.0,-2.0,-0.33,-0.83,Matches,
Paraguay,all_competitions,Damián Bobadilla,MF,24.0,9.0,509,57.0,31.4,5.7,6,77.0,2,3,16.0,4,2.0,4.0,1.0,3.0,0.53,0.45,Matches,
Paraguay,all_competitions,Gabriel Ávalos,FW,35.0,11.0,411,37.0,25.4,4.6,4,70.0,0,7,19.0,1,1.36,5.0,2.0,3.0,0.66,0.58,Matches,
Paraguay,all_competitions,Matías Espinoza,"DF,MF",28.0,4.0,360,90.0,22.2,4.0,4,90.0,4,0,,0,1.0,1.0,2.0,-1.0,-0.25,-0.61,Matches,
Paraguay,all_competitions,Matías Galarza,MF,23.0,7.0,357,51.0,22.0,4.0,3,77.0,1,4,32.0,4,1.86,7.0,4.0,3.0,0.76,0.69,Matches,
Paraguay,all_competitions,Gustavo Velásquez,DF,34.0,5.0,344,69.0,21.2,3.8,3,82.0,2,2,49.0,7,2.2,3.0,1.0,2.0,0.52,0.38,Matches,
Paraguay,all_competitions,Robert Rojas,DF,29.0,5.0,259,52.0,16.0,2.9,3,63.0,0,2,35.0,0,1.0,1.0,0.0,1.0,0.35,0.15,Matches,
Paraguay,all_competitions,Agustín Sández,"DF,MF",25.0,4.0,222,56.0,13.7,2.5,3,72.0,1,1,5.0,5,1.25,1.0,1.0,0.0,0.0,-0.26,Matches,
Paraguay,all_competitions,Isidro Pitta,FW,26.0,5.0,214,43.0,13.2,2.4,3,57.0,0,2,22.0,4,2.2,1.0,1.0,0.0,0.0,-0.26,Matches,
Paraguay,all_competitions,Adam Bareiro,FW,29.0,3.0,208,69.0,12.8,2.3,3,69.0,0,0,,1,1.0,0.0,2.0,-2.0,-0.87,-1.25,Matches,
Paraguay,all_competitions,Álex Arce,FW,30.0,5.0,190,38.0,11.7,2.1,2,65.0,0,3,20.0,3,1.4,0.0,1.0,-1.0,-0.47,-0.79,Matches,
Paraguay,all_competitions,Álvaro Campuzano,MF,30.0,3.0,166,55.0,10.2,1.8,2,80.0,1,1,6.0,2,1.33,1.0,1.0,0.0,0.0,-0.25,Matches,
Paraguay,all_competitions,Matías Rojas,MF,30.0,3.0,132,44.0,8.1,1.5,2,65.0,0,1,3.0,3,0.67,0.0,1.0,-1.0,-0.68,-0.98,Matches,
Paraguay,all_competitions,Ronaldo Martínez,FW,29.0,2.0,105,53.0,6.5,1.2,2,53.0,0,0,,0,2.0,0.0,0.0,0.0,0.0,-0.24,Matches,
Paraguay,all_competitions,Kaku,MF,31.0,12.0,214,18.0,13.2,2.4,1,60.0,0,11,14.0,6,1.67,3.0,2.0,1.0,0.42,0.23,Matches,
Paraguay,all_competitions,Ángel Romero,MF,33.0,7.0,143,20.0,8.8,1.6,1,45.0,0,6,16.0,2,2.29,2.0,0.0,2.0,1.26,1.14,Matches,
Paraguay,all_competitions,Richard Sánchez,MF,29.0,2.0,135,68.0,8.3,1.5,1,90.0,1,1,45.0,2,0.0,0.0,2.0,-2.0,-1.33,-1.7,Matches,
Paraguay,all_competitions,Blas Riveros,DF,27.0,2.0,96,48.0,5.9,1.1,1,90.0,1,1,6.0,3,2.0,0.0,0.0,0.0,0.0,-0.24,Matches,
Paraguay,all_competitions,Orlando Gill,GK,25.0,1.0,90,90.0,5.6,1.0,1,90.0,1,0,,3,3.0,1.0,0.0,1.0,1.0,0.82,Matches,
Paraguay,all_competitions,Alberto Espínola,DF,34.0,1.0,66,66.0,4.1,0.7,1,66.0,0,0,,0,3.0,0.0,0.0,0.0,0.0,-0.23,Matches,
Paraguay,all_competitions,Richard Ortiz,MF,35.0,1.0,45,45.0,2.8,0.5,1,45.0,0,0,,1,0.0,0.0,0.0,0.0,0.0,-0.23,Matches,
Paraguay,all_competitions,Iván Ramírez,MF,31.0,1.0,45,45.0,2.8,0.5,1,45.0,0,0,,1,0.0,0.0,1.0,-1.0,-2.0,-2.29,Matches,
Paraguay,all_competitions,Hernesto Caballero,MF,34.0,2.0,73,37.0,4.5,0.8,0,,0,2,37.0,0,0.5,0.0,0.0,0.0,0.0,-0.23,Matches,
Paraguay,all_competitions,Héctor Villalba,"FW,MF",31.0,2.0,61,31.0,3.8,0.7,0,,0,2,31.0,0,1.5,1.0,0.0,1.0,1.48,1.3,Matches,
Paraguay,all_competitions,Carlos González Espínola,FW,32.0,2.0,45,23.0,2.8,0.5,0,,0,2,23.0,0,0.5,0.0,1.0,-1.0,-2.0,-2.29,Matches,
Paraguay,all_competitions,Ivan Leguizamon,"FW,MF",23.0,1.0,45,45.0,2.8,0.5,0,,0,1,45.0,0,0.0,0.0,0.0,0.0,0.0,-0.23,Matches,
Paraguay,all_competitions,Braian Ojeda,MF,25.0,2.0,37,19.0,2.3,0.4,0,,0,2,19.0,3,1.5,1.0,0.0,1.0,2.43,2.26,Matches,
Paraguay,all_competitions,Iván Piris,DF,36.0,2.0,33,17.0,2.0,0.4,0,,0,2,17.0,0,0.5,0.0,1.0,-1.0,-2.73,-3.01,Matches,
Paraguay,all_competitions,Wilder Viera,MF,23.0,1.0,9,9.0,0.6,0.1,0,,0,1,9.0,0,1.0,0.0,0.0,0.0,0.0,-0.22,Matches,
Paraguay,all_competitions,Santiago Arzamendia,DF,27.0,1.0,8,8.0,0.5,0.1,0,,0,1,8.0,2,1.0,0.0,0.0,0.0,0.0,-0.22,Matches,
Paraguay,all_competitions,Óscar Cardozo,FW,42.0,1.0,6,6.0,0.4,0.1,0,,0,1,6.0,1,0.0,0.0,0.0,0.0,0.0,-0.22,Matches,
Paraguay,all_competitions,Hugo Cuenca,MF,21.0,1.0,5,5.0,0.3,0.1,0,,0,1,5.0,2,3.0,0.0,0.0,0.0,0.0,-0.22,Matches,
Paraguay,all_competitions,Alfio Oviedo,FW,30.0,1.0,4,4.0,0.2,0.0,0,,0,1,4.0,1,1.0,1.0,0.0,1.0,22.5,22.33,Matches,
Paraguay,all_competitions,Adrián Alcaraz,FW,26.0,0.0,,,,,0,,0,0,,1,,,,,,,Matches,
Paraguay,all_competitions,Ronaldo Dejesús,DF,24.0,0.0,,,,,0,,0,0,,2,,,,,,,Matches,
Paraguay,all_competitions,Alexis Duarte,DF,25.0,0.0,,,,,0,,0,0,,2,,,,,,,Matches,
Paraguay,all_competitions,Juan Espínola,GK,31.0,0.0,,,,,0,,0,0,,15,,,,,,,Matches,
Paraguay,all_competitions,Mateo Gamarra,DF,25.0,0.0,,,,,0,,0,0,,1,,,,,,,Matches,
Paraguay,all_competitions,Gastón Giménez,MF,34.0,0.0,,,,,0,,0,0,,2,,,,,,,Matches,
Paraguay,all_competitions,Rubén Lezcano,MF,21.0,0.0,,,,,0,,0,0,,2,,,,,,,Matches,
Paraguay,all_competitions,Jesús Medina,"FW,MF",28.0,0.0,,,,,0,,0,0,,1,,,,,,,Matches,
Paraguay,all_competitions,Robert Morales,FW,26.0,0.0,,,,,0,,0,0,,2,,,,,,,Matches,
Paraguay,all_competitions,César Olmedo,DF,22.0,0.0,,,,,0,,0,0,,1,,,,,,,Matches,
Paraguay,all_competitions,Santiago Rojas,GK,29.0,0.0,,,,,0,,0,0,,6,,,,,,,Matches,
Paraguay,all_competitions,Lucas Romero,MF,23.0,0.0,,,,,0,,0,0,,1,,,,,,,Matches,
Paraguay,all_competitions,Saúl Salcedo,DF,28.0,0.0,,,,,0,,0,0,,2,,,,,,,Matches,
Paraguay,all_competitions,Squad Total,,29.8,18.0,"1,620",90.0,100.0,18.0,198,81.0,111,86,21.0,130,1.56,14.0,10.0,4.0,0.22,,,
Paraguay,all_competitions,Opponent Total,,29.4,18.0,"1,620",90.0,100.0,18.0,198,81.0,116,81,20.0,134,1.06,10.0,14.0,-4.0,-0.22,,,
Paraguay,all_competitions,Gustavo Gómez,DF,33-039,19.0,"1,665",88.0,84.1,18.5,19,88.0,18,0,,0,1.42,15.0,14.0,1.0,0.05,-1.09,Matches,
Paraguay,all_competitions,Miguel Almirón,MF,32-124,19.0,"1,539",81.0,77.7,17.1,19,81.0,4,0,,0,1.58,16.0,13.0,3.0,0.18,-0.23,Matches,
Paraguay,all_competitions,Omar Alderete,DF,29-170,18.0,"1,493",83.0,75.4,16.6,18,83.0,15,0,,3,1.78,17.0,12.0,5.0,0.3,0.3,Matches,
Paraguay,all_competitions,Júnior Alonso,DF,33-125,16.0,"1,375",86.0,69.4,15.3,16,86.0,13,0,,4,1.56,17.0,15.0,2.0,0.13,-0.32,Matches,
Paraguay,all_competitions,Andrés Cubas,MF,30-023,15.0,"1,258",84.0,63.5,14.0,15,84.0,11,0,,0,1.4,12.0,11.0,1.0,0.07,-0.43,Matches,
Paraguay,all_competitions,Diego Gómez,MF,23-079,17.0,"1,151",68.0,58.1,12.8,16,70.0,2,1,25.0,0,1.59,14.0,13.0,1.0,0.08,-0.36,Matches,
Paraguay,all_competitions,Juan Cáceres,DF,26-013,15.0,"1,137",76.0,57.4,12.6,13,82.0,10,2,35.0,2,1.54,14.0,12.0,2.0,0.16,-0.16,Matches,
Paraguay,all_competitions,Julio Enciso,FW,22-142,14.0,"1,064",76.0,53.7,11.8,13,78.0,4,1,45.0,0,1.79,16.0,12.0,4.0,0.34,0.24,Matches,
Paraguay,all_competitions,Gatito Fernández,GK,38-077,12.0,"1,035",86.0,52.3,11.5,12,86.0,11,0,,4,1.92,14.0,7.0,7.0,0.61,0.5,Matches,
Paraguay,all_competitions,Ramón Sosa,"FW,MF",26-287,20.0,931,47.0,47.0,10.3,9,77.0,4,11,21.0,2,1.7,6.0,5.0,1.0,0.1,-0.25,Matches,
Paraguay,all_competitions,Antonio Sanabria,FW,30-102,17.0,876,52.0,44.2,9.7,11,64.0,0,6,28.0,3,1.65,13.0,7.0,6.0,0.62,0.7,Matches,
Paraguay,all_competitions,Fabián Balbuena,DF,34-295,10.0,776,78.0,39.2,8.6,8,90.0,8,2,28.0,10,1.6,8.0,6.0,2.0,0.23,-0.25,Matches,
Paraguay,all_competitions,Mathías Villasanti,MF,29-141,15.0,739,49.0,45.6,8.2,8,79.0,4,7,15.0,0,1.6,4.0,5.0,-1.0,-0.12,-0.63,Matches,
Paraguay,all_competitions,Damián Bobadilla,MF,24-338,12.0,704,59.0,35.6,7.8,9,73.0,3,3,16.0,5,1.75,6.0,6.0,0.0,0.0,-0.35,Matches,
Paraguay,all_competitions,Carlos Coronel,GK,29-167,6.0,540,90.0,33.3,6.0,6,90.0,6,0,,11,0.83,1.0,3.0,-2.0,-0.33,-0.83,Matches,
Paraguay,all_competitions,Gabriel Ávalos,FW,35-245,13.0,524,40.0,26.5,5.8,5,70.0,0,8,22.0,3,1.38,7.0,4.0,3.0,0.52,0.19,Matches,
Paraguay,all_competitions,Matías Galarza,MF,24-123,9.0,432,48.0,21.8,4.8,3,77.0,1,6,34.0,6,2.11,9.0,4.0,5.0,1.04,0.86,Matches,
Paraguay,all_competitions,Gustavo Velásquez,DF,35-058,8.0,402,50.0,20.3,4.5,3,82.0,2,5,31.0,7,1.88,6.0,4.0,2.0,0.45,0.28,Matches,
Paraguay,all_competitions,Matías Espinoza,"DF,MF",28-299,4.0,360,90.0,22.2,4.0,4,90.0,4,0,,0,1.0,1.0,2.0,-1.0,-0.25,-0.61,Matches,
Paraguay,all_competitions,Orlando Gill,GK,26-003,4.0,315,79.0,15.9,3.5,3,90.0,3,1,45.0,4,1.5,5.0,6.0,-1.0,-0.29,-0.61,Matches,
Paraguay,all_competitions,Álex Arce,FW,30-363,8.0,276,35.0,13.9,3.1,2,65.0,0,6,24.0,4,1.63,3.0,2.0,1.0,0.33,0.11,Matches,
Paraguay,all_competitions,Kaku,MF,31-154,14.0,270,19.0,13.6,3.0,2,53.0,0,12,14.0,6,1.65,5.0,3.0,2.0,0.67,0.51,Matches,
Paraguay,all_competitions,Robert Rojas,DF,30-045,5.0,259,52.0,16.0,2.9,3,63.0,0,2,35.0,0,1.0,1.0,0.0,1.0,0.35,0.15,Matches,
Paraguay,all_competitions,Agustín Sández,"DF,MF",25-149,4.0,222,56.0,13.7,2.5,3,72.0,1,1,5.0,5,1.25,1.0,1.0,0.0,0.0,-0.26,Matches,
Paraguay,all_competitions,Isidro Pitta,FW,26-304,5.0,214,43.0,10.8,2.4,3,57.0,0,2,22.0,6,2.2,1.0,1.0,0.0,0.0,-0.26,Matches,
Paraguay,all_competitions,Adam Bareiro,FW,29-323,3.0,208,69.0,12.8,2.3,3,69.0,0,0,,1,1.0,0.0,2.0,-2.0,-0.87,-1.25,Matches,
Paraguay,all_competitions,Mauricio,MF,25-023,4.0,176,44.0,48.9,2.0,0,,0,4,44.0,0,1.5,5.0,1.0,4.0,2.05,3.51,Matches,
Paraguay,all_competitions,Álvaro Campuzano,MF,31-002,3.0,166,55.0,10.2,1.8,2,80.0,1,1,6.0,2,1.33,1.0,1.0,0.0,0.0,-0.25,Matches,
Paraguay,all_competitions,Braian Ojeda,MF,25-352,5.0,149,30.0,7.5,1.7,1,55.0,0,4,24.0,4,1.8,3.0,2.0,1.0,0.6,0.24,Matches,
Paraguay,all_competitions,Ángel Romero,MF,33-345,7.0,143,20.0,8.8,1.6,1,45.0,0,6,16.0,2,2.29,2.0,0.0,2.0,1.26,1.14,Matches,
Paraguay,all_competitions,Richard Sánchez,MF,30-077,2.0,135,68.0,8.3,1.5,1,90.0,1,1,45.0,2,0.0,0.0,2.0,-2.0,-1.33,-1.7,Matches,
Paraguay,all_competitions,Matías Rojas,MF,30-223,3.0,132,44.0,8.1,1.5,2,65.0,0,1,3.0,3,0.67,0.0,1.0,-1.0,-0.68,-0.98,Matches,
Paraguay,all_competitions,Ronaldo Martínez,FW,30-050,2.0,105,53.0,6.5,1.2,2,53.0,0,0,,0,2.0,0.0,0.0,0.0,0.0,-0.24,Matches,
Paraguay,all_competitions,Blas Riveros,DF,28-131,2.0,96,48.0,5.9,1.1,1,90.0,1,1,6.0,3,2.0,0.0,0.0,0.0,0.0,-0.24,Matches,
Paraguay,all_competitions,Gastón Olveira,GK,33-054,1.0,90,90.0,25.0,1.0,1,90.0,1,0,,3,3.0,1.0,0.0,1.0,1.0,-0.5,Matches,
Paraguay,all_competitions,Alan Benítez,DF,32-140,1.0,89,89.0,33.0,1.0,1,89.0,0,0,,1,3.0,1.0,0.0,1.0,1.01,-0.48,Matches,
Paraguay,all_competitions,Lucas Romero,MF,23-289,1.0,78,78.0,4.1,0.9,1,78.0,0,0,,2,3.0,1.0,0.0,1.0,1.15,-0.25,Matches,
Paraguay,all_competitions,José Canale,DF,29-329,2.0,75,38.0,20.8,0.8,0,,0,2,38.0,2,3.0,2.0,0.0,2.0,2.4,1.48,Matches,
Paraguay,all_competitions,Hernesto Caballero,MF,35-066,2.0,73,37.0,4.5,0.8,0,,0,2,37.0,0,0.5,0.0,0.0,0.0,0.0,-0.23,Matches,
Paraguay,all_competitions,Alberto Espínola,DF,35-126,1.0,66,66.0,4.1,0.7,1,66.0,0,0,,0,3.0,0.0,0.0,0.0,0.0,-0.23,Matches,
Paraguay,all_competitions,Héctor Villalba,"FW,MF",31-323,2.0,61,31.0,3.8,0.7,0,,0,2,31.0,0,1.5,1.0,0.0,1.0,1.48,1.3,Matches,
Paraguay,all_competitions,Alexandro Maidana,DF,20-323,2.0,57,29.0,15.8,0.6,0,,0,2,29.0,2,3.0,2.0,0.0,2.0,3.16,2.31,Matches,
Paraguay,all_competitions,Carlos González Espínola,FW,33-130,2.0,45,23.0,2.8,0.5,0,,0,2,23.0,0,0.5,0.0,1.0,-1.0,-2.0,-2.29,Matches,
Paraguay,all_competitions,Richard Ortiz,MF,36-023,1.0,45,45.0,2.8,0.5,1,45.0,0,0,,1,0.0,0.0,0.0,0.0,0.0,-0.23,Matches,
Paraguay,all_competitions,Iván Ramírez,MF,31-188,1.0,45,45.0,2.8,0.5,1,45.0,0,0,,1,0.0,0.0,1.0,-1.0,-2.0,-2.29,Matches,
Paraguay,all_competitions,Ivan Leguizamon,"FW,MF",23-346,1.0,45,45.0,2.8,0.5,0,,0,1,45.0,0,0.0,0.0,0.0,0.0,0.0,-0.23,Matches,
Paraguay,all_competitions,Iván Piris,DF,37-096,2.0,33,17.0,2.0,0.4,0,,0,2,17.0,0,0.5,0.0,1.0,-1.0,-2.73,-3.01,Matches,
Paraguay,all_competitions,Gustavo Caballero,"FW,MF",24-266,2.0,32,16.0,8.9,0.4,0,,0,2,16.0,2,1.5,1.0,0.0,1.0,2.81,1.68,Matches,
Paraguay,all_competitions,Wilder Viera,MF,24-102,1.0,9,9.0,0.6,0.1,0,,0,1,9.0,0,1.0,0.0,0.0,0.0,0.0,-0.22,Matches,
Paraguay,all_competitions,Santiago Arzamendia,DF,28-040,1.0,8,8.0,0.5,0.1,0,,0,1,8.0,2,1.0,0.0,0.0,0.0,0.0,-0.22,Matches,
Paraguay,all_competitions,Óscar Cardozo,FW,43-025,1.0,6,6.0,0.4,0.1,0,,0,1,6.0,1,0.0,0.0,0.0,0.0,0.0,-0.22,Matches,
Paraguay,all_competitions,Hugo Cuenca,MF,21-157,1.0,5,5.0,0.3,0.1,0,,0,1,5.0,2,3.0,0.0,0.0,0.0,0.0,-0.22,Matches,
Paraguay,all_competitions,Alfio Oviedo,FW,30-178,1.0,4,4.0,0.2,0.0,0,,0,1,4.0,1,1.0,1.0,0.0,1.0,22.5,22.33,Matches,
Paraguay,all_competitions,Robert Morales,FW,27-089,0.0,,,,,0,,0,0,,2,,,,,,,Matches,
Paraguay,all_competitions,Alexis Duarte,DF,26-094,0.0,,,,,0,,0,0,,2,,,,,,,Matches,
Paraguay,all_competitions,Mateo Gamarra,DF,25-237,0.0,,,,,0,,0,0,,1,,,,,,,Matches,
Paraguay,all_competitions,Jesús Medina,"FW,MF",29-045,0.0,,,,,0,,0,0,,1,,,,,,,Matches,
Paraguay,all_competitions,Ronaldo Dejesús,DF,25-054,0.0,,,,,0,,0,0,,2,,,,,,,Matches,
Paraguay,all_competitions,Adrián Alcaraz,FW,26-259,0.0,,,,,0,,0,0,,1,,,,,,,Matches,
Paraguay,all_competitions,Rubén Lezcano,MF,22-125,0.0,,,,,0,,0,0,,2,,,,,,,Matches,
Paraguay,all_competitions,César Olmedo,DF,23-106,0.0,,,,,0,,0,0,,1,,,,,,,Matches,
Paraguay,all_competitions,Santiago Rojas,GK,30-070,0.0,,,,,0,,0,0,,6,,,,,,,Matches,
Paraguay,all_competitions,Gastón Giménez,MF,34-322,0.0,,,,,0,,0,0,,2,,,,,,,Matches,
Paraguay,all_competitions,Saúl Salcedo,DF,28-289,0.0,,,,,0,,0,0,,2,,,,,,,Matches,
Paraguay,all_competitions,Juan Espínola,GK,31-224,0.0,,,,,0,,0,0,,15,,,,,,,Matches,
Portugal,all_competitions,Bruno Fernandes,MF,31-279,,299.0,75.0,83.1,3.3,4,75.0,1,0,,0,2.5,5.0,2.0,3.0,0.9,-0.57,Matches,4.0
Portugal,all_competitions,Samu Costa,MF,25-199,,180.0,45.0,50.0,2.0,3,45.0,0,1,45.0,0,2.5,2.0,0.0,2.0,1.0,0.0,Matches,4.0
Portugal,all_competitions,João Cancelo,DF,32-018,,225.0,56.0,62.5,2.5,2,68.0,1,2,45.0,0,2.5,4.0,1.0,3.0,1.2,0.53,Matches,4.0
Portugal,all_competitions,Francisco Conceição,MF,23-182,,210.0,53.0,58.3,2.3,2,60.0,0,2,45.0,0,2.5,4.0,0.0,4.0,1.71,1.71,Matches,4.0
Portugal,all_competitions,Renato Veiga,DF,22-320,,201.0,50.0,55.8,2.2,2,68.0,1,2,33.0,0,2.5,1.0,0.0,1.0,0.45,-1.25,Matches,4.0
Portugal,all_competitions,Diogo Dalot,DF,27-088,,180.0,45.0,50.0,2.0,2,45.0,0,2,45.0,0,2.5,4.0,2.0,2.0,1.0,0.0,Matches,4.0
Portugal,all_competitions,Pedro Neto,MF,26-097,,180.0,45.0,50.0,2.0,2,45.0,0,2,45.0,0,2.5,4.0,2.0,2.0,1.0,0.0,Matches,4.0
Portugal,all_competitions,Gonçalo Inácio,DF,24-293,,159.0,53.0,44.2,1.8,2,57.0,0,1,45.0,1,3.0,5.0,2.0,3.0,1.7,1.25,Matches,3.0
Portugal,all_competitions,Gonçalo Ramos,FW,24-359,,150.0,50.0,41.7,1.7,2,62.0,0,1,27.0,1,2.33,3.0,0.0,3.0,1.8,1.37,Matches,3.0
Portugal,all_competitions,Vitinha,MF,26-121,,135.0,45.0,37.5,1.5,2,45.0,0,1,45.0,1,2.33,2.0,1.0,1.0,0.67,-0.53,Matches,3.0
Portugal,all_competitions,Rúben Dias,DF,29-031,,131.0,66.0,36.4,1.5,2,66.0,0,0,,0,3.0,3.0,1.0,2.0,1.37,0.59,Matches,2.0
Portugal,all_competitions,José Sá,GK,33-148,,129.0,65.0,35.8,1.4,2,65.0,0,0,,2,3.0,2.0,0.0,2.0,1.4,0.62,Matches,2.0
Portugal,all_competitions,Cristiano Ronaldo,FW,41-129,,108.0,54.0,30.0,1.2,2,54.0,0,0,,0,3.0,1.0,1.0,0.0,0.0,-1.43,Matches,2.0
Portugal,all_competitions,Francisco Trincão,MF,26-167,,100.0,33.0,27.8,1.1,2,45.0,0,1,10.0,1,2.33,2.0,1.0,1.0,0.9,-0.14,Matches,3.0
Portugal,all_competitions,Nélson Semedo,DF,32-210,,90.0,45.0,25.0,1.0,2,45.0,0,0,,0,3.0,1.0,1.0,0.0,0.0,-1.33,Matches,2.0
Portugal,all_competitions,Rúben Neves,MF,29-093,,180.0,45.0,50.0,2.0,1,45.0,0,3,45.0,0,2.5,4.0,1.0,3.0,1.5,1.0,Matches,4.0
Portugal,all_competitions,João Félix,MF,26-216,,150.0,38.0,41.7,1.7,1,45.0,0,3,35.0,0,2.5,2.0,1.0,1.0,0.6,-0.69,Matches,4.0
Portugal,all_competitions,Tomás Araújo,DF,24-029,,139.0,35.0,38.6,1.5,1,45.0,0,3,31.0,0,2.5,2.0,1.0,1.0,0.65,-0.57,Matches,4.0
Portugal,all_competitions,Rui Silva,GK,32-127,,135.0,68.0,37.5,1.5,1,90.0,1,1,45.0,2,2.0,2.0,1.0,1.0,0.67,-0.53,Matches,2.0
Portugal,all_competitions,Nuno Mendes,DF,23-360,,124.0,41.0,34.4,1.4,1,45.0,0,2,40.0,1,2.33,2.0,0.0,2.0,1.45,0.69,Matches,3.0
Portugal,all_competitions,Matheus Nunes,DF,27-291,,101.0,34.0,28.1,1.1,1,45.0,0,2,28.0,0,2.33,1.0,0.0,1.0,0.89,-0.15,Matches,3.0
Portugal,all_competitions,Diogo Costa,GK,26-268,,90.0,90.0,25.0,1.0,1,90.0,1,0,,1,3.0,2.0,1.0,1.0,1.0,0.0,Matches,1.0
Portugal,all_competitions,João Neves,MF,21-260,,90.0,45.0,25.0,1.0,1,45.0,0,1,45.0,2,2.0,1.0,1.0,0.0,0.0,-1.33,Matches,2.0
Portugal,all_competitions,António Silva,DF,22-227,,90.0,45.0,25.0,1.0,1,45.0,0,1,45.0,0,2.0,1.0,0.0,1.0,1.0,0.0,Matches,2.0
Portugal,all_competitions,Bernardo Silva,MF,31-308,,90.0,45.0,25.0,1.0,1,45.0,0,1,45.0,0,3.0,1.0,0.0,1.0,1.0,0.0,Matches,2.0
Portugal,all_competitions,Rafael Leão,MF,27-004,,44.0,44.0,12.2,0.5,1,44.0,0,0,,0,3.0,0.0,0.0,0.0,0.0,-1.14,Matches,1.0
Portugal,all_competitions,Gonçalo Guedes,"FW,MF",29-197,,90.0,45.0,25.0,1.0,0,,0,2,45.0,2,2.0,2.0,1.0,1.0,1.0,0.0,Matches,2.0
Portugal,all_competitions,Paulinho,FW,33-217,,57.0,29.0,15.8,0.6,0,,0,2,29.0,0,2.0,0.0,0.0,0.0,0.0,-1.19,Matches,2.0
Portugal,all_competitions,Ricardo Horta,"FW,MF",31-272,,45.0,45.0,12.5,0.5,0,,0,1,45.0,1,3.0,1.0,0.0,1.0,2.0,1.14,Matches,1.0
Portugal,all_competitions,Mateus Fernandes,MF,21-339,,6.0,6.0,1.7,0.1,0,,0,1,6.0,1,3.0,0.0,0.0,0.0,0.0,-1.02,Matches,1.0
Portugal,all_competitions,Ricardo Velho,GK,27-298,,6.0,6.0,1.7,0.1,0,,0,1,6.0,3,3.0,0.0,0.0,0.0,0.0,-1.02,Matches,1.0
Portugal,all_competitions,Pedro Gonçalves,"FW,MF",27-351,,,,,,0,,0,0,,2,,,,,,,Matches,0.0
Portugal,all_competitions,Squad Total,,27.9,,360.0,90.0,100.0,4.0,44,56.0,5,39,37.0,21,2.5,6.0,2.0,4.0,1.0,,,4.0
Portugal,all_competitions,Opponent Total,,26.6,,360.0,90.0,100.0,4.0,44,56.0,12,31,24.0,23,0.25,2.0,6.0,-4.0,-1.0,,,4.0
Portugal,all_competitions,Diogo Costa,GK,26.0,,540.0,90.0,100.0,6.0,6,90.0,6,0,,0,2.17,20.0,7.0,13.0,2.17,,Matches,6.0
Portugal,all_competitions,Rúben Dias,DF,28.0,,522.0,87.0,96.7,5.8,6,87.0,5,0,,0,2.17,18.0,7.0,11.0,1.9,-8.1,Matches,6.0
Portugal,all_competitions,Vitinha,"MF,FW",25.0,,482.0,80.0,89.3,5.4,6,80.0,3,0,,0,2.17,16.0,7.0,9.0,1.68,-4.53,Matches,6.0
Portugal,all_competitions,Bruno Fernandes,MF,31.0,,391.0,78.0,72.4,4.3,5,78.0,2,0,,0,2.6,18.0,3.0,15.0,3.45,4.66,Matches,5.0
Portugal,all_competitions,Bernardo Silva,"MF,FW",31.0,,387.0,77.0,71.7,4.3,5,77.0,3,0,,1,2.0,12.0,7.0,5.0,1.16,-3.54,Matches,5.0
Portugal,all_competitions,Cristiano Ronaldo,FW,40.0,,367.0,73.0,68.0,4.1,5,73.0,1,0,,0,2.0,10.0,5.0,5.0,1.23,-2.94,Matches,5.0
Portugal,all_competitions,Rúben Neves,MF,28.0,,349.0,70.0,64.6,3.9,4,83.0,3,1,18.0,1,2.0,8.0,5.0,3.0,0.77,-3.94,Matches,5.0
Portugal,all_competitions,João Neves,"MF,DF",21.0,,335.0,84.0,62.0,3.7,4,84.0,2,0,,0,2.25,16.0,4.0,12.0,3.22,2.78,Matches,4.0
Portugal,all_competitions,Nuno Mendes,DF,23.0,,322.0,81.0,59.6,3.6,4,81.0,2,0,,0,2.5,11.0,3.0,8.0,2.24,0.17,Matches,4.0
Portugal,all_competitions,João Cancelo,DF,31.0,,285.0,71.0,52.8,3.2,4,71.0,1,0,,0,2.25,15.0,5.0,10.0,3.16,2.1,Matches,4.0
Portugal,all_competitions,Pedro Neto,MF,25.0,,244.0,61.0,45.2,2.7,4,61.0,0,0,,0,2.5,8.0,2.0,6.0,2.21,0.08,Matches,4.0
Portugal,all_competitions,Gonçalo Inácio,DF,24.0,,180.0,60.0,33.3,2.0,3,60.0,1,0,,2,2.0,5.0,2.0,3.0,1.5,-1.0,Matches,3.0
Portugal,all_competitions,Renato Veiga,DF,22.0,,270.0,68.0,50.0,3.0,2,90.0,2,2,45.0,2,1.75,12.0,3.0,9.0,3.0,1.67,Matches,4.0
Portugal,all_competitions,Nélson Semedo,DF,32.0,,255.0,64.0,47.2,2.8,2,90.0,2,2,38.0,0,1.75,12.0,3.0,9.0,3.18,1.91,Matches,4.0
Portugal,all_competitions,João Félix,FW,26.0,,192.0,38.0,35.6,2.1,2,64.0,0,3,22.0,0,2.0,9.0,4.0,5.0,2.34,0.27,Matches,5.0
Portugal,all_competitions,Diogo Dalot,DF,26.0,,151.0,76.0,28.0,1.7,2,76.0,1,0,,2,1.5,0.0,2.0,-2.0,-1.19,-4.66,Matches,2.0
Portugal,all_competitions,Gonçalo Ramos,FW,24.0,,159.0,27.0,29.4,1.8,1,90.0,1,5,14.0,0,2.17,11.0,2.0,9.0,5.09,4.15,Matches,6.0
Portugal,all_competitions,Rafael Leão,MF,26.0,,113.0,38.0,20.9,1.3,1,55.0,0,2,29.0,0,2.0,7.0,1.0,6.0,4.78,3.3,Matches,3.0
Portugal,all_competitions,Francisco Trincão,"FW,MF",26.0,,127.0,32.0,23.5,1.4,0,,0,4,32.0,2,2.25,3.0,1.0,2.0,1.42,-0.98,Matches,4.0
Portugal,all_competitions,Francisco Conceição,MF,23.0,,64.0,32.0,11.9,0.7,0,,0,2,32.0,3,2.0,3.0,1.0,2.0,2.81,0.73,Matches,2.0
Portugal,all_competitions,João Palhinha,MF,30.0,,53.0,18.0,9.8,0.6,0,,0,3,18.0,3,2.33,1.0,2.0,-1.0,-1.7,-4.29,Matches,3.0
Portugal,all_competitions,Nuno Tavares,"DF,MF",26.0,,38.0,19.0,7.0,0.4,0,,0,2,19.0,1,2.0,0.0,1.0,-1.0,-2.37,-4.88,Matches,2.0
Portugal,all_competitions,Carlos Forbs,"FW,MF",21.0,,35.0,35.0,6.5,0.4,0,,0,1,35.0,1,3.0,3.0,0.0,3.0,7.71,5.93,Matches,1.0
Portugal,all_competitions,Pedro Gonçalves,"FW,MF",27.0,,25.0,25.0,4.6,0.3,0,,0,1,25.0,3,3.0,0.0,0.0,0.0,0.0,-2.27,Matches,1.0
Portugal,all_competitions,Matheus Nunes,"DF,MF",27.0,,18.0,18.0,3.3,0.2,0,,0,1,18.0,3,3.0,2.0,0.0,2.0,10.0,8.1,Matches,1.0
Portugal,all_competitions,António Silva,DF,22.0,,4.0,4.0,0.7,0.0,0,,0,1,4.0,5,3.0,0.0,0.0,0.0,0.0,-2.18,Matches,1.0
Portugal,all_competitions,João Carvalho,GK,21.0,,,,,,0,,0,0,,1,,,,,,,Matches,0.0
Portugal,all_competitions,José Sá,GK,33.0,,,,,,0,,0,0,,5,,,,,,,Matches,0.0
Portugal,all_competitions,Rui Silva,GK,31.0,,,,,,0,,0,0,,6,,,,,,,Matches,0.0
Portugal,all_competitions,Squad Total,,28.0,,540.0,90.0,100.0,6.0,66,78.0,35,30,25.0,41,2.17,20.0,7.0,13.0,2.17,,,6.0
Portugal,all_competitions,Opponent Total,,27.4,,540.0,90.0,100.0,6.0,66,78.0,38,28,20.0,44,0.67,7.0,20.0,-13.0,-2.17,,,6.0
Portugal,all_competitions,Bruno Fernandes,MF,31-279,,690.0,77.0,76.7,7.7,9,77.0,3,0,,0,2.56,23.0,5.0,18.0,2.35,2.78,Matches,9.0
Portugal,all_competitions,Rúben Dias,DF,29-031,,653.0,82.0,72.6,7.3,8,82.0,5,0,,0,2.38,21.0,8.0,13.0,1.79,0.33,Matches,8.0
Portugal,all_competitions,Diogo Costa,GK,26-268,,630.0,90.0,70.0,7.0,7,90.0,7,0,,1,2.29,22.0,8.0,14.0,2.0,1.0,Matches,7.0
Portugal,all_competitions,Vitinha,"MF,FW",26-121,,617.0,69.0,68.6,6.9,8,72.0,3,1,45.0,1,2.22,18.0,8.0,10.0,1.46,-0.77,Matches,9.0
Portugal,all_competitions,Rúben Neves,MF,29-093,,529.0,59.0,58.8,5.9,5,75.0,3,4,38.0,1,2.22,12.0,6.0,6.0,1.02,-1.65,Matches,9.0
Portugal,all_competitions,João Cancelo,DF,32-018,,510.0,64.0,56.7,5.7,6,70.0,2,2,45.0,0,2.38,19.0,6.0,13.0,2.29,1.37,Matches,8.0
Portugal,all_competitions,Bernardo Silva,"MF,FW",31-308,,477.0,68.0,53.0,5.3,6,72.0,3,1,45.0,1,2.29,13.0,7.0,6.0,1.13,-1.21,Matches,7.0
Portugal,all_competitions,Cristiano Ronaldo,FW,41-129,,475.0,68.0,52.8,5.3,7,68.0,1,0,,0,2.29,11.0,6.0,5.0,0.95,-1.59,Matches,7.0
Portugal,all_competitions,Renato Veiga,DF,22-320,,471.0,59.0,52.3,5.2,4,79.0,3,4,39.0,2,2.13,13.0,3.0,10.0,1.91,0.44,Matches,8.0
Portugal,all_competitions,Nuno Mendes,DF,23-360,,446.0,64.0,49.6,5.0,5,73.0,2,2,40.0,1,2.43,13.0,3.0,10.0,2.02,0.63,Matches,7.0
Portugal,all_competitions,João Neves,"MF,DF",21-260,,425.0,71.0,47.2,4.7,5,76.0,2,1,45.0,2,2.17,17.0,5.0,12.0,2.54,1.59,Matches,6.0
Portugal,all_competitions,Pedro Neto,MF,26-097,,424.0,53.0,47.1,4.7,6,56.0,0,2,45.0,0,2.5,12.0,4.0,8.0,1.7,0.0,Matches,8.0
Portugal,all_competitions,Nélson Semedo,DF,32-210,,345.0,58.0,38.3,3.8,4,68.0,2,2,38.0,0,2.17,13.0,4.0,9.0,2.35,1.05,Matches,6.0
Portugal,all_competitions,João Félix,FW,26-216,,342.0,38.0,38.0,3.8,3,57.0,0,6,28.0,0,2.22,11.0,5.0,6.0,1.58,-0.2,Matches,9.0
Portugal,all_competitions,Gonçalo Inácio,DF,24-293,,339.0,57.0,37.7,3.8,5,59.0,1,1,45.0,3,2.5,10.0,4.0,6.0,1.59,-0.17,Matches,6.0
Portugal,all_competitions,Diogo Dalot,DF,27-088,,331.0,55.0,36.8,3.7,4,60.0,1,2,45.0,2,2.17,4.0,4.0,0.0,0.0,-2.69,Matches,6.0
Portugal,all_competitions,Gonçalo Ramos,FW,24-359,,309.0,34.0,34.3,3.4,3,71.0,1,6,16.0,1,2.22,14.0,2.0,12.0,3.5,2.73,Matches,9.0
Portugal,all_competitions,Francisco Conceição,MF,23-182,,274.0,46.0,30.4,3.0,2,60.0,0,4,39.0,3,2.33,7.0,1.0,6.0,1.97,0.39,Matches,6.0
Portugal,all_competitions,Francisco Trincão,"FW,MF",26-167,,227.0,32.0,25.2,2.5,2,45.0,0,5,27.0,3,2.28,5.0,2.0,3.0,1.19,-0.68,Matches,7.0
Portugal,all_competitions,Samu Costa,MF,25-199,,180.0,45.0,50.0,2.0,3,45.0,0,1,45.0,0,2.5,2.0,0.0,2.0,1.0,0.0,Matches,4.0
Portugal,all_competitions,Rafael Leão,MF,27-004,,157.0,39.0,17.4,1.7,2,50.0,0,2,29.0,0,2.25,7.0,1.0,6.0,3.44,2.11,Matches,4.0
Portugal,all_competitions,Tomás Araújo,DF,24-029,,139.0,35.0,38.6,1.5,1,45.0,0,3,31.0,0,2.5,2.0,1.0,1.0,0.65,-0.57,Matches,4.0
Portugal,all_competitions,Rui Silva,GK,32-127,,135.0,68.0,15.0,1.5,1,90.0,1,1,45.0,8,2.0,2.0,1.0,1.0,0.67,-0.53,Matches,2.0
Portugal,all_competitions,José Sá,GK,33-148,,129.0,65.0,14.3,1.4,2,65.0,0,0,,7,3.0,2.0,0.0,2.0,1.4,0.62,Matches,2.0
Portugal,all_competitions,Matheus Nunes,"DF,MF",27-291,,119.0,30.0,13.2,1.3,1,45.0,0,3,25.0,3,2.5,3.0,0.0,3.0,2.27,0.66,Matches,4.0
Portugal,all_competitions,António Silva,DF,22-227,,94.0,31.0,10.4,1.0,1,45.0,0,2,25.0,5,2.33,1.0,0.0,1.0,0.96,-0.83,Matches,3.0
Portugal,all_competitions,Gonçalo Guedes,"FW,MF",29-197,,90.0,45.0,25.0,1.0,0,,0,2,45.0,2,2.0,2.0,1.0,1.0,1.0,0.0,Matches,2.0
Portugal,all_competitions,Paulinho,FW,33-217,,57.0,29.0,15.8,0.6,0,,0,2,29.0,0,2.0,0.0,0.0,0.0,0.0,-1.19,Matches,2.0
Portugal,all_competitions,João Palhinha,MF,30-340,,53.0,18.0,9.8,0.6,0,,0,3,18.0,3,2.33,1.0,2.0,-1.0,-1.7,-4.29,Matches,3.0
Portugal,all_competitions,Ricardo Horta,"FW,MF",31-272,,45.0,45.0,12.5,0.5,0,,0,1,45.0,1,3.0,1.0,0.0,1.0,2.0,1.14,Matches,1.0
Portugal,all_competitions,Nuno Tavares,"DF,MF",26-139,,38.0,19.0,7.0,0.4,0,,0,2,19.0,1,2.0,0.0,1.0,-1.0,-2.37,-4.88,Matches,2.0
Portugal,all_competitions,Carlos Forbs,"FW,MF",22-087,,35.0,35.0,6.5,0.4,0,,0,1,35.0,1,3.0,3.0,0.0,3.0,7.71,5.93,Matches,1.0
Portugal,all_competitions,Pedro Gonçalves,"FW,MF",27-351,,25.0,25.0,2.8,0.3,0,,0,1,25.0,5,3.0,0.0,0.0,0.0,0.0,-2.27,Matches,1.0
Portugal,all_competitions,Ricardo Velho,GK,27-298,,6.0,6.0,1.7,0.1,0,,0,1,6.0,3,3.0,0.0,0.0,0.0,0.0,-1.02,Matches,1.0
Portugal,all_competitions,Mateus Fernandes,MF,21-339,,6.0,6.0,1.7,0.1,0,,0,1,6.0,1,3.0,0.0,0.0,0.0,0.0,-1.02,Matches,1.0
Portugal,all_competitions,João Carvalho,GK,22-066,,,,,,0,,0,0,,1,,,,,,,Matches,0.0
Qatar,all_competitions,Mahmoud Abunada,GK,26-129,,90.0,90.0,100.0,1.0,1,90.0,1,0,,0,1.0,1.0,1.0,0.0,0.0,,Matches,1.0
Qatar,all_competitions,Akram Afif,FW,29-208,,90.0,90.0,100.0,1.0,1,90.0,1,0,,0,1.0,1.0,1.0,0.0,0.0,,Matches,1.0
Qatar,all_competitions,Homam Ahmed,DF,26-293,,90.0,90.0,100.0,1.0,1,90.0,1,0,,0,1.0,1.0,1.0,0.0,0.0,,Matches,1.0
Qatar,all_competitions,Boualem Khoukhi,DF,35-340,,90.0,90.0,100.0,1.0,1,90.0,1,0,,0,1.0,1.0,1.0,0.0,0.0,,Matches,1.0
Qatar,all_competitions,Issa Laye,MF,28-174,,90.0,90.0,100.0,1.0,1,90.0,1,0,,0,1.0,1.0,1.0,0.0,0.0,,Matches,1.0
Qatar,all_competitions,Ró-Ró,DF,35-312,,90.0,90.0,100.0,1.0,1,90.0,1,0,,0,1.0,1.0,1.0,0.0,0.0,,Matches,1.0
Qatar,all_competitions,Edmilson Junior,FW,31-299,,87.0,87.0,96.7,1.0,1,87.0,0,0,,0,1.0,0.0,1.0,-1.0,-1.03,-31.03,Matches,1.0
Qatar,all_competitions,Assim Madibo,MF,29-235,,78.0,78.0,86.7,0.9,1,78.0,0,0,,0,1.0,0.0,1.0,-1.0,-1.15,-8.65,Matches,1.0
Qatar,all_competitions,Yusuf Abdurisag,FW,26-312,,59.0,59.0,65.6,0.7,1,59.0,0,0,,0,1.0,0.0,1.0,-1.0,-1.53,-4.43,Matches,1.0
Qatar,all_competitions,Jassem Gaber,MF,24-114,,59.0,59.0,65.6,0.7,1,59.0,0,0,,0,1.0,0.0,1.0,-1.0,-1.53,-4.43,Matches,1.0
Qatar,all_competitions,Ayoub Al-Oui,DF,21-095,,59.0,59.0,65.6,0.7,1,59.0,0,0,,0,1.0,0.0,1.0,-1.0,-1.53,-4.43,Matches,1.0
Qatar,all_competitions,Ahmed Alaaeldin,FW,33-134,,31.0,31.0,34.4,0.3,0,,0,1,31.0,0,1.0,1.0,0.0,1.0,2.9,4.43,Matches,1.0
Qatar,all_competitions,Karim Boudiaf,"DF,MF",35-271,,31.0,31.0,34.4,0.3,0,,0,1,31.0,0,1.0,1.0,0.0,1.0,2.9,4.43,Matches,1.0
Qatar,all_competitions,Ahmed Fathy,MF,33-140,,31.0,31.0,34.4,0.3,0,,0,1,31.0,0,1.0,1.0,0.0,1.0,2.9,4.43,Matches,1.0
Qatar,all_competitions,Mohamed Manai,DF,23-232,,12.0,12.0,13.3,0.1,0,,0,1,12.0,0,1.0,1.0,0.0,1.0,7.5,8.65,Matches,1.0
Qatar,all_competitions,Hassan Al-Haydos,"FW,MF",35-185,,3.0,3.0,3.3,0.0,0,,0,1,3.0,0,1.0,1.0,0.0,1.0,30.0,31.03,Matches,1.0
Qatar,all_competitions,Almoez Ali,FW,29-299,,,,,,0,,0,0,,1,,,,,,,Matches,0.0
Qatar,all_competitions,Meshaal Barsham,GK,28-120,,,,,,0,,0,0,,1,,,,,,,Matches,0.0
Qatar,all_competitions,Sultan Al-Brake,DF,30-068,,,,,,0,,0,0,,1,,,,,,,Matches,0.0
Qatar,all_competitions,Ahmed Al-Ganehi,FW,25-265,,,,,,0,,0,0,,1,,,,,,,Matches,0.0
Qatar,all_competitions,Abdulaziz Hatem,MF,36-164,,,,,,0,,0,0,,1,,,,,,,Matches,0.0
Qatar,all_competitions,Al-Hashmi Al-Hussain,MF,22-303,,,,,,0,,0,0,,1,,,,,,,Matches,0.0
Qatar,all_competitions,Tahsin Jamshid,FW,19-363,,,,,,0,,0,0,,1,,,,,,,Matches,0.0
Qatar,all_competitions,Lucas Mendes,DF,35-346,,,,,,0,,0,0,,1,,,,,,,Matches,0.0
Qatar,all_competitions,Mohammed Muntari,FW,32-176,,,,,,0,,0,0,,1,,,,,,,Matches,0.0
Qatar,all_competitions,Salah Zakaria,GK,27-051,,,,,,0,,0,0,,1,,,,,,,Matches,0.0
Qatar,all_competitions,Squad Total,,29.7,,90.0,90.0,100.0,1.0,11,80.0,6,5,22.0,10,1.0,1.0,1.0,0.0,0.0,,,1.0
Qatar,all_competitions,Opponent Total,,29.9,,90.0,90.0,100.0,1.0,11,80.0,6,5,13.0,10,1.0,1.0,1.0,0.0,0.0,,,1.0
Qatar,all_competitions,Mahmoud Abunada,GK,26-129,,180.0,90.0,100.0,2.0,2,90.0,2,0,,0,0.5,0.0,1.0,-1.0,-0.5,,Matches,2.0
Qatar,all_competitions,Ró-Ró,DF,35-312,,180.0,90.0,100.0,2.0,2,90.0,2,0,,0,0.5,0.0,1.0,-1.0,-0.5,,Matches,2.0
Qatar,all_competitions,Homam Ahmed,DF,26-293,,164.0,82.0,91.1,1.8,2,82.0,0,0,,0,0.5,0.0,1.0,-1.0,-0.55,-0.55,Matches,2.0
Qatar,all_competitions,Issa Laye,MF,28-174,,155.0,78.0,86.1,1.7,2,78.0,0,0,,0,0.5,0.0,1.0,-1.0,-0.58,-0.58,Matches,2.0
Qatar,all_competitions,Boualem Khoukhi,DF,35-340,,148.0,74.0,82.2,1.6,2,74.0,1,0,,0,0.5,0.0,1.0,-1.0,-0.61,-0.61,Matches,2.0
Qatar,all_competitions,Yusuf Abdurisag,FW,26-312,,135.0,68.0,75.0,1.5,2,68.0,0,0,,0,0.5,0.0,1.0,-1.0,-0.67,-0.67,Matches,2.0
Qatar,all_competitions,Jassem Gaber,MF,24-114,,135.0,68.0,75.0,1.5,2,68.0,0,0,,0,0.5,0.0,1.0,-1.0,-0.67,-0.67,Matches,2.0
Qatar,all_competitions,Akram Afif,"MF,FW",29-208,,134.0,67.0,74.4,1.5,2,67.0,0,0,,0,0.5,0.0,1.0,-1.0,-0.67,-0.67,Matches,2.0
Qatar,all_competitions,Edmilson Junior,"MF,FW",31-299,,134.0,67.0,74.4,1.5,2,67.0,0,0,,0,0.5,0.0,1.0,-1.0,-0.67,-0.67,Matches,2.0
Qatar,all_competitions,Ayoub Al-Oui,DF,21-095,,122.0,61.0,67.8,1.4,2,61.0,0,0,,0,0.5,0.0,1.0,-1.0,-0.74,-0.74,Matches,2.0
Qatar,all_competitions,Ahmed Fathy,MF,33-140,,103.0,52.0,57.2,1.1,2,52.0,0,0,,0,0.5,0.0,1.0,-1.0,-0.87,-0.87,Matches,2.0
Qatar,all_competitions,Karim Boudiaf,"DF,MF",35-271,,78.0,39.0,43.3,0.9,0,,0,2,39.0,0,0.5,0.0,0.0,0.0,0.0,0.88,Matches,2.0
Qatar,all_competitions,Assim Madibo,"DF,MF",29-235,,77.0,39.0,42.8,0.9,0,,0,2,39.0,0,0.5,0.0,0.0,0.0,0.0,0.87,Matches,2.0
Qatar,all_competitions,Ahmed Alaaeldin,FW,33-134,,65.0,33.0,36.1,0.7,0,,0,2,33.0,0,0.5,0.0,0.0,0.0,0.0,0.78,Matches,2.0
Qatar,all_competitions,Mohamed Manai,DF,23-232,,39.0,20.0,21.7,0.4,0,,0,2,20.0,0,0.5,0.0,0.0,0.0,0.0,0.64,Matches,2.0
Qatar,all_competitions,Tahsin Jamshid,FW,19-363,,26.0,13.0,14.4,0.3,0,,0,2,13.0,0,0.5,0.0,0.0,0.0,0.0,0.58,Matches,2.0
Qatar,all_competitions,Al-Hashmi Al-Hussain,MF,22-303,,25.0,13.0,13.9,0.3,0,,0,2,13.0,0,0.5,0.0,0.0,0.0,0.0,0.58,Matches,2.0
Qatar,all_competitions,Almoez Ali,FW,29-299,,20.0,20.0,11.1,0.2,0,,0,1,20.0,0,0.0,0.0,0.0,0.0,0.0,0.56,Matches,1.0
Qatar,all_competitions,Hassan Al-Haydos,"FW,MF",35-185,,18.0,9.0,10.0,0.2,0,,0,2,9.0,0,0.5,0.0,0.0,0.0,0.0,0.56,Matches,2.0
Qatar,all_competitions,Rayyan Al Ali,DF,20-080,,13.0,13.0,7.2,0.1,0,,0,1,13.0,1,0.0,0.0,0.0,0.0,0.0,0.54,Matches,1.0
Qatar,all_competitions,Lucas Mendes,DF,35-346,,13.0,13.0,7.2,0.1,0,,0,1,13.0,1,0.0,0.0,0.0,0.0,0.0,0.54,Matches,1.0
Qatar,all_competitions,Sultan Al-Brake,DF,30-068,,3.0,3.0,1.7,0.0,0,,0,1,3.0,1,1.0,0.0,0.0,0.0,0.0,0.51,Matches,1.0
Qatar,all_competitions,Meshaal Barsham,GK,28-120,,,,,,0,,0,0,,1,,,,,,,Matches,0.0
Qatar,all_competitions,Ahmed Al-Ganehi,FW,25-265,,,,,,0,,0,0,,2,,,,,,,Matches,0.0
Qatar,all_competitions,Abdulaziz Hatem,MF,36-164,,,,,,0,,0,0,,2,,,,,,,Matches,0.0
Qatar,all_competitions,Mohammed Muntari,FW,32-176,,,,,,0,,0,0,,2,,,,,,,Matches,0.0
Qatar,all_competitions,Salah Zakaria,GK,27-051,,,,,,0,,0,0,,2,,,,,,,Matches,0.0
Qatar,all_competitions,Squad Total,,29.4,,180.0,90.0,100.0,2.0,22,72.0,5,18,21.0,12,0.5,0.0,1.0,-1.0,-0.5,,,2.0
Qatar,all_competitions,Opponent Total,,27.0,,180.0,90.0,100.0,2.0,22,72.0,11,10,18.0,14,2.0,1.0,0.0,1.0,0.5,,,2.0
Qatar,all_competitions,Akram Afif,"MF,FW",29.0,,"1,383",86.0,85.4,15.4,16,86.0,11,0,,0,1.81,34.0,25.0,9.0,0.59,0.59,Matches,16.0
Qatar,all_competitions,Meshaal Barsham,GK,27.0,,"1,149",88.0,70.9,12.8,13,88.0,12,0,,3,1.92,33.0,23.0,10.0,0.78,0.97,Matches,13.0
Qatar,all_competitions,Almoez Ali,FW,29.0,,"1,091",78.0,67.3,12.1,13,81.0,8,1,34.0,1,1.86,27.0,21.0,6.0,0.49,-0.02,Matches,14.0
Qatar,all_competitions,Ahmed Fathy,MF,33.0,,945,73.0,58.3,10.5,12,77.0,6,1,18.0,3,1.92,27.0,16.0,11.0,1.05,1.31,Matches,13.0
Qatar,all_competitions,Lucas Mendes,DF,35.0,,981,75.0,60.6,10.9,11,84.0,9,2,28.0,0,1.77,24.0,20.0,4.0,0.37,-0.34,Matches,13.0
Qatar,all_competitions,Homam Ahmed,"DF,MF",26.0,,822,63.0,50.7,9.1,9,79.0,4,4,28.0,3,1.77,22.0,12.0,10.0,1.09,1.21,Matches,13.0
Qatar,all_competitions,Ró-Ró,DF,35.0,,780,87.0,48.1,8.7,9,87.0,7,0,,0,1.89,22.0,11.0,11.0,1.27,1.48,Matches,9.0
Qatar,all_competitions,Tarek Salman,DF,28.0,,757,69.0,46.7,8.4,9,81.0,6,2,16.0,4,1.82,17.0,16.0,1.0,0.12,-0.72,Matches,11.0
Qatar,all_competitions,Boualem Khoukhi,DF,35.0,,709,79.0,43.8,7.9,9,79.0,6,0,,2,2.11,20.0,11.0,9.0,1.14,1.14,Matches,9.0
Qatar,all_competitions,Jassem Gaber,MF,23.0,,577,58.0,35.6,6.4,6,81.0,3,4,22.0,1,1.9,13.0,14.0,-1.0,-0.16,-1.02,Matches,10.0
Qatar,all_competitions,Edmilson Junior,MF,31.0,,506,56.0,31.2,5.6,6,73.0,1,3,22.0,0,1.56,8.0,7.0,1.0,0.18,-0.47,Matches,9.0
Qatar,all_competitions,Ahmed Al-Ganehi,"MF,FW",25.0,,449,45.0,27.7,5.0,6,68.0,2,4,11.0,3,2.5,9.0,4.0,5.0,1.0,0.69,Matches,10.0
Qatar,all_competitions,Ibrahim Al Hassan,"MF,FW",20.0,,442,55.0,27.3,4.9,6,67.0,1,2,21.0,0,1.38,8.0,9.0,-1.0,-0.2,-0.97,Matches,8.0
Qatar,all_competitions,Mostafa Meshaal,MF,24.0,,531,66.0,32.8,5.9,5,86.0,4,3,34.0,3,2.0,18.0,9.0,9.0,1.53,1.53,Matches,8.0
Qatar,all_competitions,Ahmed Al Rawi,FW,21.0,,466,58.0,28.8,5.2,4,77.0,2,4,40.0,1,2.13,10.0,4.0,6.0,1.16,0.92,Matches,8.0
Qatar,all_competitions,Abdulaziz Hatem,MF,36.0,,461,51.0,28.5,5.1,4,79.0,3,5,29.0,3,1.11,6.0,15.0,-9.0,-1.76,-3.15,Matches,9.0
Qatar,all_competitions,Mohammed Waad,"MF,DF",26.0,,362,45.0,22.3,4.0,4,75.0,2,4,16.0,3,2.0,10.0,7.0,3.0,0.75,0.32,Matches,8.0
Qatar,all_competitions,Assim Madibo,MF,29.0,,342,86.0,21.1,3.8,4,86.0,3,0,,2,1.75,3.0,4.0,-1.0,-0.26,-0.97,Matches,4.0
Qatar,all_competitions,Ismaeel Mohammad,"DF,MF",35.0,,460,51.0,28.4,5.1,3,85.0,1,6,34.0,0,1.44,10.0,10.0,0.0,0.0,-0.7,Matches,9.0
Qatar,all_competitions,Karim Boudiaf,MF,35.0,,255,64.0,15.7,2.8,3,80.0,2,1,15.0,0,1.75,3.0,3.0,0.0,0.0,-0.59,Matches,4.0
Qatar,all_competitions,Abdurahman Mostafa,MF,28.0,,224,37.0,13.8,2.5,2,54.0,0,4,29.0,2,0.67,3.0,9.0,-6.0,-2.41,-3.38,Matches,6.0
Qatar,all_competitions,Ahmed Suhail,DF,26.0,,209,70.0,12.9,2.3,2,90.0,2,1,29.0,1,1.0,2.0,7.0,-5.0,-2.15,-3.05,Matches,3.0
Qatar,all_competitions,Abdelkarim Hassan,DF,32.0,,198,66.0,12.2,2.2,2,88.0,1,1,23.0,0,2.0,4.0,6.0,-2.0,-0.91,-1.61,Matches,3.0
Qatar,all_competitions,Bassam Al-Rawi,"MF,DF",28.0,,197,49.0,12.2,2.2,2,84.0,1,2,15.0,6,2.25,3.0,4.0,-1.0,-0.46,-1.09,Matches,4.0
Qatar,all_competitions,Abdalla Yousif,DF,23.0,,188,63.0,11.6,2.1,2,90.0,2,1,8.0,4,1.33,0.0,3.0,-3.0,-1.44,-2.19,Matches,3.0
Qatar,all_competitions,Mahmoud Abunada,GK,25.0,,180,90.0,11.1,2.0,2,90.0,2,0,,2,2.0,2.0,1.0,1.0,0.5,0.0,Matches,2.0
Qatar,all_competitions,Yousef Aymen,DF,26.0,,180,90.0,11.1,2.0,2,90.0,2,0,,1,3.0,10.0,2.0,8.0,4.0,3.94,Matches,2.0
Qatar,all_competitions,Mohamed Manai,"MF,FW",23.0,,180,60.0,11.1,2.0,2,68.0,1,1,45.0,0,1.33,2.0,3.0,-1.0,-0.5,-1.12,Matches,3.0
Qatar,all_competitions,Sultan Al-Brake,DF,29.0,,175,88.0,10.8,1.9,2,88.0,1,0,,6,2.0,2.0,0.0,2.0,1.03,0.59,Matches,2.0
Qatar,all_competitions,Murad Naji Hussein,MF,34.0,,165,83.0,10.2,1.8,2,83.0,1,0,,0,1.5,6.0,3.0,3.0,1.64,1.27,Matches,2.0
Qatar,all_competitions,Abdullah Al Ahrak,MF,28.0,,163,41.0,10.1,1.8,2,68.0,1,2,14.0,1,2.5,2.0,1.0,1.0,0.55,0.06,Matches,4.0
Qatar,all_competitions,Naif Al-Hadhrami,MF,24.0,,162,81.0,10.0,1.8,2,81.0,1,0,,1,2.0,2.0,1.0,1.0,0.56,0.06,Matches,2.0
Qatar,all_competitions,Ayoub Al-Oui,DF,20.0,,147,74.0,9.1,1.6,2,74.0,0,0,,0,2.0,1.0,0.0,1.0,0.61,0.12,Matches,2.0
Qatar,all_competitions,Hassan Al-Haydos,MF,35.0,,135,68.0,8.3,1.5,2,68.0,0,0,,2,3.0,9.0,1.0,8.0,5.33,5.27,Matches,2.0
Qatar,all_competitions,Abdulla Al Yazidi,"MF,FW",23.0,,129,26.0,8.0,1.4,2,45.0,0,3,13.0,1,2.2,4.0,2.0,2.0,1.4,0.97,Matches,5.0
Qatar,all_competitions,Yusuf Abdurisag,MF,26.0,,194,32.0,12.0,2.2,1,60.0,0,5,27.0,5,2.17,6.0,3.0,3.0,1.39,1.01,Matches,6.0
Qatar,all_competitions,Salah Zakaria,GK,26.0,,111,56.0,6.9,1.2,1,90.0,1,1,21.0,10,1.5,0.0,3.0,-3.0,-2.43,-3.15,Matches,2.0
Qatar,all_competitions,Tameem Mansour,FW,23.0,,107,36.0,6.6,1.2,1,45.0,0,2,31.0,1,3.0,5.0,0.0,5.0,4.21,3.97,Matches,3.0
Qatar,all_competitions,Mohamed Aiash,DF,24.0,,90,90.0,5.6,1.0,1,90.0,1,0,,7,1.0,0.0,0.0,0.0,0.0,-0.53,Matches,1.0
Qatar,all_competitions,Ahmed Alaaeldin,FW,33.0,,90,30.0,5.6,1.0,1,60.0,0,2,15.0,6,2.0,8.0,3.0,5.0,5.0,4.76,Matches,3.0
Qatar,all_competitions,Al-Hashmi Al-Hussain,DF,22.0,,90,90.0,5.6,1.0,1,90.0,1,0,,1,3.0,2.0,1.0,1.0,1.0,0.53,Matches,1.0
Qatar,all_competitions,Yousef Marei,DF,18.0,,90,90.0,5.6,1.0,1,90.0,1,0,,1,1.0,0.0,0.0,0.0,0.0,-0.53,Matches,1.0
Qatar,all_competitions,Saad Al Sheeb,GK,35.0,,90,90.0,5.6,1.0,1,90.0,1,0,,5,1.0,0.0,0.0,0.0,0.0,-0.53,Matches,1.0
Qatar,all_competitions,Mohamed Khaled,MF,21.0,,89,45.0,5.5,1.0,1,58.0,0,1,31.0,0,2.0,0.0,1.0,-1.0,-1.01,-1.6,Matches,2.0
Qatar,all_competitions,Mahdi Salem,MF,21.0,,82,41.0,5.1,0.9,1,45.0,0,1,37.0,2,2.0,0.0,0.0,0.0,0.0,-0.53,Matches,2.0
Qatar,all_competitions,Nabil Irfan,DF,21.0,,69,69.0,4.3,0.8,1,69.0,0,0,,2,3.0,0.0,1.0,-1.0,-1.3,-1.88,Matches,1.0
Qatar,all_competitions,Hazem Ahmed,MF,27.0,,62,31.0,3.8,0.7,1,45.0,0,1,17.0,3,2.0,0.0,1.0,-1.0,-1.45,-2.03,Matches,2.0
Qatar,all_competitions,Tahsin Jamshid,MF,19.0,,59,59.0,3.6,0.7,1,59.0,0,0,,3,1.0,0.0,0.0,0.0,0.0,-0.52,Matches,1.0
Qatar,all_competitions,Amro Surag,MF,27.0,,56,56.0,3.5,0.6,1,56.0,0,0,,1,0.0,0.0,1.0,-1.0,-1.61,-2.18,Matches,1.0
Qatar,all_competitions,Shehab Mamdouh,GK,25.0,,45,45.0,2.8,0.5,1,45.0,0,0,,5,3.0,0.0,1.0,-1.0,-2.0,-2.57,Matches,1.0
Qatar,all_competitions,Abdullah Marafee,DF,33.0,,45,45.0,2.8,0.5,1,45.0,0,0,,2,3.0,0.0,0.0,0.0,0.0,-0.51,Matches,1.0
Qatar,all_competitions,Mohammed Muntari,FW,32.0,,148,25.0,9.1,1.6,0,,0,6,25.0,2,1.67,3.0,4.0,-1.0,-0.61,-1.22,Matches,6.0
Qatar,all_competitions,Khaled Ali,MF,24.0,,45,45.0,2.8,0.5,0,,0,1,45.0,1,3.0,2.0,0.0,2.0,4.0,3.6,Matches,1.0
Qatar,all_competitions,Al-Mahdi Ali Mukhtar,DF,33.0,,45,45.0,2.8,0.5,0,,0,1,45.0,4,3.0,2.0,1.0,1.0,2.0,1.54,Matches,1.0
Qatar,all_competitions,Ali Nader,GK,21.0,,45,45.0,2.8,0.5,0,,0,1,45.0,1,3.0,2.0,0.0,2.0,4.0,3.6,Matches,1.0
Qatar,all_competitions,Sebastián Soria,FW,42.0,,30,30.0,1.9,0.3,0,,0,1,30.0,0,3.0,1.0,1.0,0.0,0.0,-0.51,Matches,1.0
Qatar,all_competitions,Fares Amer,MF,23.0,,,,,,0,,0,0,,1,,,,,,,Matches,0.0
Qatar,all_competitions,Amir Hassan,GK,21.0,,,,,,0,,0,0,,1,,,,,,,Matches,0.0
Qatar,all_competitions,Yousef Hassan,GK,29.0,,,,,,0,,0,0,,2,,,,,,,Matches,0.0
Qatar,all_competitions,Saoud Al Khater,GK,34.0,,,,,,0,,0,0,,2,,,,,,,Matches,0.0
Qatar,all_competitions,Marwan Sherif,GK,26.0,,,,,,0,,0,0,,2,,,,,,,Matches,0.0
Qatar,all_competitions,Mohamed Surag,MF,22.0,,,,,,0,,0,0,,1,,,,,,,Matches,0.0
Qatar,all_competitions,Fahad Younes,GK,31.0,,,,,,0,,0,0,,2,,,,,,,Matches,0.0
Qatar,all_competitions,Squad Total,,29.2,,"1,620",90.0,100.0,18.0,198,79.0,113,84,25.0,132,1.83,37.0,28.0,9.0,0.5,,,18.0
Qatar,all_competitions,Opponent Total,,28.7,,"1,620",90.0,100.0,18.0,198,79.0,115,82,22.0,133,1.0,28.0,37.0,-9.0,-0.5,,,18.0
Qatar,all_competitions,Akram Afif,FW,29-208,,"1,607",85.0,85.0,17.9,19,85.0,12,0,,0,1.63,35.0,27.0,8.0,0.45,0.45,Matches,19.0
Qatar,all_competitions,Meshaal Barsham,GK,28-120,,"1,149",88.0,60.8,12.8,13,88.0,12,0,,5,1.92,33.0,23.0,10.0,0.78,0.97,Matches,13.0
Qatar,all_competitions,Almoez Ali,FW,29-299,,"1,111",74.0,58.8,12.3,13,81.0,8,2,27.0,2,1.74,27.0,21.0,6.0,0.49,0.22,Matches,15.0
Qatar,all_competitions,Ahmed Fathy,MF,33-140,,"1,079",67.0,57.1,12.0,14,74.0,6,2,25.0,3,1.69,28.0,17.0,11.0,0.92,1.25,Matches,16.0
Qatar,all_competitions,Homam Ahmed,DF,26-293,,"1,076",67.0,56.9,12.0,12,81.0,5,4,28.0,3,1.56,23.0,14.0,9.0,0.75,0.86,Matches,16.0
Qatar,all_competitions,Ró-Ró,DF,35-312,,"1,050",88.0,55.6,11.7,12,88.0,10,0,,0,1.58,23.0,13.0,10.0,0.86,1.07,Matches,12.0
Qatar,all_competitions,Lucas Mendes,DF,35-346,,994,71.0,52.6,11.0,11,84.0,9,3,23.0,2,1.64,24.0,20.0,4.0,0.36,-0.08,Matches,14.0
Qatar,all_competitions,Boualem Khoukhi,DF,35-340,,947,79.0,50.1,10.5,12,79.0,8,0,,2,1.75,21.0,13.0,8.0,0.76,0.76,Matches,12.0
Qatar,all_competitions,Jassem Gaber,MF,24-114,,771,59.0,40.8,8.6,9,76.0,3,4,22.0,1,1.62,13.0,16.0,-3.0,-0.35,-1.23,Matches,13.0
Qatar,all_competitions,Tarek Salman,DF,28-191,,757,69.0,46.7,8.4,9,81.0,6,2,16.0,4,1.82,17.0,16.0,1.0,0.12,-0.72,Matches,11.0
Qatar,all_competitions,Edmilson Junior,FW,31-299,,727,61.0,38.5,8.1,9,73.0,1,3,22.0,0,1.34,8.0,9.0,-1.0,-0.12,-0.82,Matches,12.0
Qatar,all_competitions,Mostafa Meshaal,MF,25-078,,531,66.0,32.8,5.9,5,86.0,4,3,34.0,3,2.0,18.0,9.0,9.0,1.53,1.53,Matches,8.0
Qatar,all_competitions,Assim Madibo,MF,29-235,,497,71.0,26.3,5.5,5,84.0,3,2,39.0,2,1.29,3.0,5.0,-2.0,-0.36,-1.01,Matches,7.0
Qatar,all_competitions,Ahmed Al Rawi,FW,22-015,,466,58.0,28.8,5.2,4,77.0,2,4,40.0,1,2.13,10.0,4.0,6.0,1.16,0.92,Matches,8.0
Qatar,all_competitions,Abdulaziz Hatem,MF,36-164,,461,51.0,24.4,5.1,4,79.0,3,5,29.0,6,1.11,6.0,15.0,-9.0,-1.76,-3.15,Matches,9.0
Qatar,all_competitions,Ismaeel Mohammad,"DF,MF",36-070,,460,51.0,28.4,5.1,3,85.0,1,6,34.0,0,1.44,10.0,10.0,0.0,0.0,-0.7,Matches,9.0
Qatar,all_competitions,Mahmoud Abunada,GK,26-129,,450,90.0,23.8,5.0,5,90.0,5,0,,2,1.2,3.0,3.0,0.0,0.0,-0.5,Matches,5.0
Qatar,all_competitions,Ahmed Al-Ganehi,FW,25-265,,449,45.0,23.8,5.0,6,68.0,2,4,11.0,6,2.5,9.0,4.0,5.0,1.0,0.69,Matches,10.0
Qatar,all_competitions,Ibrahim Al Hassan,"MF,FW",20-231,,442,55.0,27.3,4.9,6,67.0,1,2,21.0,0,1.38,8.0,9.0,-1.0,-0.2,-0.97,Matches,8.0
Qatar,all_competitions,Yusuf Abdurisag,FW,26-312,,388,43.0,20.5,4.3,4,64.0,0,5,27.0,5,1.67,6.0,5.0,1.0,0.23,-0.19,Matches,9.0
Qatar,all_competitions,Karim Boudiaf,"DF,MF",35-271,,364,52.0,19.3,4.0,3,80.0,2,4,31.0,0,1.29,4.0,3.0,1.0,0.25,-0.17,Matches,7.0
Qatar,all_competitions,Mohammed Waad,"MF,DF",26-269,,362,45.0,22.3,4.0,4,75.0,2,4,16.0,3,2.0,10.0,7.0,3.0,0.75,0.32,Matches,8.0
Qatar,all_competitions,Ayoub Al-Oui,DF,21-095,,328,66.0,17.4,3.6,5,66.0,0,0,,0,1.2,1.0,2.0,-1.0,-0.27,-0.79,Matches,5.0
Qatar,all_competitions,Issa Laye,MF,28-174,,245,82.0,90.7,2.7,3,82.0,1,0,,0,0.67,1.0,2.0,-1.0,-0.37,-0.37,Matches,3.0
Qatar,all_competitions,Mohamed Manai,DF,23-232,,231,39.0,12.2,2.6,2,68.0,1,4,24.0,0,1.0,3.0,3.0,0.0,0.0,-0.43,Matches,6.0
Qatar,all_competitions,Abdurahman Mostafa,MF,29-070,,224,37.0,13.8,2.5,2,54.0,0,4,29.0,2,0.67,3.0,9.0,-6.0,-2.41,-3.38,Matches,6.0
Qatar,all_competitions,Ahmed Suhail,DF,27-126,,209,70.0,12.9,2.3,2,90.0,2,1,29.0,1,1.0,2.0,7.0,-5.0,-2.15,-3.05,Matches,3.0
Qatar,all_competitions,Abdelkarim Hassan,DF,32-290,,198,66.0,12.2,2.2,2,88.0,1,1,23.0,0,2.0,4.0,6.0,-2.0,-0.91,-1.61,Matches,3.0
Qatar,all_competitions,Bassam Al-Rawi,"MF,DF",28-180,,197,49.0,12.2,2.2,2,84.0,1,2,15.0,6,2.25,3.0,4.0,-1.0,-0.46,-1.09,Matches,4.0
Qatar,all_competitions,Abdalla Yousif,DF,24-065,,188,63.0,11.6,2.1,2,90.0,2,1,8.0,4,1.33,0.0,3.0,-3.0,-1.44,-2.19,Matches,3.0
Qatar,all_competitions,Ahmed Alaaeldin,FW,33-134,,186,31.0,9.8,2.1,1,60.0,0,5,25.0,6,1.33,9.0,3.0,6.0,2.9,2.8,Matches,6.0
Qatar,all_competitions,Yousef Aymen,DF,27-085,,180,90.0,11.1,2.0,2,90.0,2,0,,1,3.0,10.0,2.0,8.0,4.0,3.94,Matches,2.0
Qatar,all_competitions,Sultan Al-Brake,DF,30-068,,178,59.0,9.4,2.0,2,88.0,1,1,3.0,8,1.67,2.0,0.0,2.0,1.01,0.68,Matches,3.0
Qatar,all_competitions,Murad Naji Hussein,MF,35-002,,165,83.0,10.2,1.8,2,83.0,1,0,,0,1.5,6.0,3.0,3.0,1.64,1.27,Matches,2.0
Qatar,all_competitions,Abdullah Al Ahrak,MF,29-035,,163,41.0,10.1,1.8,2,68.0,1,2,14.0,1,2.5,2.0,1.0,1.0,0.55,0.06,Matches,4.0
Qatar,all_competitions,Naif Al-Hadhrami,MF,24-331,,162,81.0,10.0,1.8,2,81.0,1,0,,1,2.0,2.0,1.0,1.0,0.56,0.06,Matches,2.0
Qatar,all_competitions,Hassan Al-Haydos,"FW,MF",35-185,,156,31.0,8.3,1.7,2,68.0,0,3,7.0,2,1.6,10.0,1.0,9.0,5.19,5.24,Matches,5.0
Qatar,all_competitions,Mohammed Muntari,FW,32-176,,148,25.0,7.8,1.6,0,,0,6,25.0,5,1.67,3.0,4.0,-1.0,-0.61,-1.22,Matches,6.0
Qatar,all_competitions,Abdulla Al Yazidi,"MF,FW",24-078,,129,26.0,8.0,1.4,2,45.0,0,3,13.0,1,2.2,4.0,2.0,2.0,1.4,0.97,Matches,5.0
Qatar,all_competitions,Al-Hashmi Al-Hussain,MF,22-303,,115,38.0,6.1,1.3,1,90.0,1,2,13.0,2,1.33,2.0,1.0,1.0,0.78,0.41,Matches,3.0
Qatar,all_competitions,Salah Zakaria,GK,27-051,,111,56.0,5.9,1.2,1,90.0,1,1,21.0,13,1.5,0.0,3.0,-3.0,-2.43,-3.15,Matches,2.0
Qatar,all_competitions,Tameem Mansour,FW,23-252,,107,36.0,6.6,1.2,1,45.0,0,2,31.0,1,3.0,5.0,0.0,5.0,4.21,3.97,Matches,3.0
Qatar,all_competitions,Mohamed Aiash,DF,25-107,,90,90.0,5.6,1.0,1,90.0,1,0,,7,1.0,0.0,0.0,0.0,0.0,-0.53,Matches,1.0
Qatar,all_competitions,Yousef Marei,DF,19-132,,90,90.0,5.6,1.0,1,90.0,1,0,,1,1.0,0.0,0.0,0.0,0.0,-0.53,Matches,1.0
Qatar,all_competitions,Saad Al Sheeb,GK,36-115,,90,90.0,5.6,1.0,1,90.0,1,0,,5,1.0,0.0,0.0,0.0,0.0,-0.53,Matches,1.0
Qatar,all_competitions,Mohamed Khaled,MF,21-139,,89,45.0,5.5,1.0,1,58.0,0,1,31.0,0,2.0,0.0,1.0,-1.0,-1.01,-1.6,Matches,2.0
Qatar,all_competitions,Tahsin Jamshid,FW,19-363,,85,28.0,4.5,0.9,1,59.0,0,2,13.0,4,0.67,0.0,0.0,0.0,0.0,-0.42,Matches,3.0
Qatar,all_competitions,Mahdi Salem,MF,22-071,,82,41.0,5.1,0.9,1,45.0,0,1,37.0,2,2.0,0.0,0.0,0.0,0.0,-0.53,Matches,2.0
Qatar,all_competitions,Nabil Irfan,DF,22-127,,69,69.0,4.3,0.8,1,69.0,0,0,,2,3.0,0.0,1.0,-1.0,-1.3,-1.88,Matches,1.0
Qatar,all_competitions,Hazem Ahmed,MF,28-132,,62,31.0,3.8,0.7,1,45.0,0,1,17.0,3,2.0,0.0,1.0,-1.0,-1.45,-2.03,Matches,2.0
Qatar,all_competitions,Amro Surag,MF,28-067,,56,56.0,3.5,0.6,1,56.0,0,0,,1,0.0,0.0,1.0,-1.0,-1.61,-2.18,Matches,1.0
Qatar,all_competitions,Khaled Ali,MF,24-252,,45,45.0,2.8,0.5,0,,0,1,45.0,1,3.0,2.0,0.0,2.0,4.0,3.6,Matches,1.0
Qatar,all_competitions,Ali Nader,GK,21-199,,45,45.0,2.8,0.5,0,,0,1,45.0,1,3.0,2.0,0.0,2.0,4.0,3.6,Matches,1.0
Qatar,all_competitions,Abdullah Marafee,DF,34-062,,45,45.0,2.8,0.5,1,45.0,0,0,,2,3.0,0.0,0.0,0.0,0.0,-0.51,Matches,1.0
Qatar,all_competitions,Al-Mahdi Ali Mukhtar,DF,34-104,,45,45.0,2.8,0.5,0,,0,1,45.0,4,3.0,2.0,1.0,1.0,2.0,1.54,Matches,1.0
Qatar,all_competitions,Shehab Mamdouh,GK,26-057,,45,45.0,2.8,0.5,1,45.0,0,0,,5,3.0,0.0,1.0,-1.0,-2.0,-2.57,Matches,1.0
Qatar,all_competitions,Sebastián Soria,FW,42-218,,30,30.0,1.9,0.3,0,,0,1,30.0,0,3.0,1.0,1.0,0.0,0.0,-0.51,Matches,1.0
Qatar,all_competitions,Rayyan Al Ali,DF,20-080,,13,13.0,7.2,0.1,0,,0,1,13.0,1,0.0,0.0,0.0,0.0,0.0,0.54,Matches,1.0
Qatar,all_competitions,Marwan Sherif,GK,27-058,,,,,,0,,0,0,,2,,,,,,,Matches,0.0
Qatar,all_competitions,Mohamed Surag,MF,23-054,,,,,,0,,0,0,,1,,,,,,,Matches,0.0
Qatar,all_competitions,Amir Hassan,GK,22-053,,,,,,0,,0,0,,1,,,,,,,Matches,0.0
Qatar,all_competitions,Fares Amer,MF,23-158,,,,,,0,,0,0,,1,,,,,,,Matches,0.0
Qatar,all_competitions,Saoud Al Khater,GK,35-066,,,,,,0,,0,0,,2,,,,,,,Matches,0.0
Qatar,all_competitions,Fahad Younes,GK,31-319,,,,,,0,,0,0,,2,,,,,,,Matches,0.0
Qatar,all_competitions,Yousef Hassan,GK,30-021,,,,,,0,,0,0,,2,,,,,,,Matches,0.0
Saudi Arabia,all_competitions,Mohamed Kanno,MF,31-265,5.0,350.0,70.0,77.8,3.9,4,76.0,0,1,45.0,0,0.8,3.0,8.0,-5.0,-1.29,-3.09,Matches,
Saudi Arabia,all_competitions,Saud Abdulhamid,"DF,MF",26-331,4.0,306.0,77.0,68.0,3.4,4,77.0,1,0,,0,1.0,3.0,6.0,-3.0,-0.88,-0.88,Matches,
Saudi Arabia,all_competitions,Mohammed Al-Owais,GK,34-247,3.0,270.0,90.0,60.0,3.0,3,90.0,3,0,,0,0.33,2.0,4.0,-2.0,-0.67,-0.17,Matches,
Saudi Arabia,all_competitions,Firas Al-Buraikan,FW,26-031,4.0,237.0,59.0,52.7,2.6,3,64.0,0,1,45.0,0,0.25,0.0,8.0,-8.0,-3.04,-5.15,Matches,
Saudi Arabia,all_competitions,Musab Al Juwayr,MF,22-359,5.0,209.0,42.0,46.4,2.3,3,59.0,0,2,17.0,0,0.8,1.0,5.0,-4.0,-1.72,-2.1,Matches,
Saudi Arabia,all_competitions,Abdulelah Al-Amri,DF,29-150,4.0,177.0,44.0,39.3,2.0,3,50.0,0,1,26.0,0,1.0,1.0,5.0,-4.0,-2.03,-2.36,Matches,
Saudi Arabia,all_competitions,Abdullah Al-Hamdan,FW,26-274,5.0,202.0,40.0,44.9,2.2,2,62.0,0,3,26.0,0,0.8,4.0,0.0,4.0,1.78,4.32,Matches,
Saudi Arabia,all_competitions,Nawaf Boushal,DF,26-271,3.0,180.0,60.0,40.0,2.0,2,68.0,1,1,45.0,0,0.33,2.0,2.0,0.0,0.0,1.0,Matches,
Saudi Arabia,all_competitions,Khalid Al Ghannam,"MF,FW",25-218,4.0,172.0,43.0,38.2,1.9,2,62.0,0,2,24.0,1,1.0,3.0,4.0,-1.0,-0.52,0.12,Matches,
Saudi Arabia,all_competitions,Abdullah Al-Khaibari,MF,29-302,4.0,161.0,40.0,35.8,1.8,2,53.0,0,2,28.0,0,1.0,1.0,3.0,-2.0,-1.12,-0.81,Matches,
Saudi Arabia,all_competitions,Ali Lajami,DF,30-051,4.0,157.0,39.0,34.9,1.7,2,34.0,0,2,45.0,0,1.0,2.0,3.0,-1.0,-0.57,0.04,Matches,
Saudi Arabia,all_competitions,Nasser Al-Dawsari,MF,27-177,3.0,154.0,51.0,34.2,1.7,2,55.0,0,1,45.0,0,1.33,3.0,1.0,2.0,1.17,2.69,Matches,
Saudi Arabia,all_competitions,Moteb Al-Harbi,DF,26-114,3.0,154.0,51.0,34.2,1.7,2,64.0,0,1,26.0,0,1.33,1.0,2.0,-1.0,-0.58,0.02,Matches,
Saudi Arabia,all_competitions,Mohammed Abu Al-Shamat,"MF,FW",23-307,3.0,147.0,49.0,32.7,1.6,2,61.0,0,1,26.0,0,1.33,1.0,2.0,-1.0,-0.61,-0.02,Matches,
Saudi Arabia,all_competitions,Salem Al-Dawsari,"MF,FW",34-299,3.0,144.0,48.0,32.0,1.6,2,59.0,0,1,26.0,0,1.33,1.0,2.0,-1.0,-0.62,-0.04,Matches,
Saudi Arabia,all_competitions,Ziyad Al Johani,MF,24-215,3.0,139.0,46.0,30.9,1.5,2,68.0,0,1,4.0,1,1.0,3.0,2.0,1.0,0.65,1.81,Matches,
Saudi Arabia,all_competitions,Hassan Kadesh,DF,33-281,4.0,136.0,34.0,30.2,1.5,2,55.0,0,2,14.0,0,1.0,3.0,3.0,0.0,0.0,0.86,Matches,
Saudi Arabia,all_competitions,Hassan Al Tambakti,DF,27-125,2.0,135.0,68.0,30.0,1.5,2,68.0,1,0,,0,0.5,1.0,2.0,-1.0,-0.67,-0.1,Matches,
Saudi Arabia,all_competitions,Ayman Yahya,MF,25-031,4.0,154.0,39.0,34.2,1.7,1,45.0,0,3,36.0,0,1.0,2.0,3.0,-1.0,-0.58,0.02,Matches,
Saudi Arabia,all_competitions,Sultan Mendash,MF,31-240,4.0,152.0,38.0,33.8,1.7,1,64.0,0,3,29.0,0,1.0,3.0,0.0,3.0,1.78,3.59,Matches,
Saudi Arabia,all_competitions,Marwan Al Sahafi,MF,22-117,2.0,139.0,70.0,30.9,1.5,1,71.0,0,1,68.0,0,0.0,1.0,4.0,-3.0,-1.94,-1.94,Matches,
Saudi Arabia,all_competitions,Rayan Hamidou,DF,24-062,2.0,119.0,60.0,26.4,1.3,1,90.0,1,1,29.0,0,0.0,1.0,2.0,-1.0,-0.76,-0.21,Matches,
Saudi Arabia,all_competitions,Jehad Thakri,DF,24-328,2.0,109.0,55.0,24.2,1.2,1,64.0,0,1,45.0,1,2.0,2.0,0.0,2.0,1.65,2.97,Matches,
Saudi Arabia,all_competitions,Naif Masoud,MF,25-098,2.0,105.0,53.0,23.3,1.2,1,60.0,0,1,45.0,0,0.0,1.0,1.0,0.0,0.0,0.78,Matches,
Saudi Arabia,all_competitions,Salman Al-Faraj,MF,36-317,2.0,91.0,46.0,20.2,1.0,1,61.0,0,1,30.0,0,0.0,0.0,6.0,-6.0,-5.93,-6.69,Matches,
Saudi Arabia,all_competitions,Nawaf Al Aqidi,GK,26-035,1.0,90.0,90.0,20.0,1.0,1,90.0,1,0,,1,0.0,0.0,4.0,-4.0,-4.0,-4.25,Matches,
Saudi Arabia,all_competitions,Muteb Al Mufarrij,DF,29-300,2.0,90.0,45.0,20.0,1.0,1,45.0,0,1,45.0,0,0.0,1.0,1.0,0.0,0.0,0.75,Matches,
Saudi Arabia,all_competitions,Ahmed Al-Kassar,GK,35-037,1.0,64.0,64.0,14.2,0.7,1,64.0,0,0,,4,3.0,2.0,0.0,2.0,2.81,3.98,Matches,
Saudi Arabia,all_competitions,Abdulaziz Al Elewai,MF,22-123,1.0,45.0,45.0,10.0,0.5,1,45.0,0,0,,0,0.0,1.0,0.0,1.0,2.0,2.89,Matches,
Saudi Arabia,all_competitions,Ali Majrashi,DF,26-255,3.0,79.0,26.0,17.6,0.9,0,,0,3,26.0,2,1.0,1.0,1.0,0.0,0.0,0.73,Matches,
Saudi Arabia,all_competitions,Saleh Al-Shehri,FW,32-225,3.0,75.0,25.0,16.7,0.8,0,,0,3,25.0,1,1.0,1.0,0.0,1.0,1.2,2.16,Matches,
Saudi Arabia,all_competitions,Alaa Al Hejji,MF,30-193,3.0,74.0,25.0,16.4,0.8,0,,0,3,25.0,0,1.33,2.0,0.0,2.0,2.43,3.63,Matches,
Saudi Arabia,all_competitions,Khalifah Al Dawsari,DF,27-163,1.0,45.0,45.0,10.0,0.5,0,,0,1,45.0,0,0.0,0.0,2.0,-2.0,-4.0,-3.78,Matches,
Saudi Arabia,all_competitions,Mohammed Mahzari,DF,24-026,1.0,45.0,45.0,10.0,0.5,0,,0,1,45.0,0,0.0,0.0,2.0,-2.0,-4.0,-3.78,Matches,
Saudi Arabia,all_competitions,Abdulquddus Atiah,GK,29-105,1.0,26.0,26.0,5.8,0.3,0,,0,1,26.0,2,3.0,1.0,0.0,1.0,3.46,4.31,Matches,
Saudi Arabia,all_competitions,Saleh Waheeb,MF,23-307,1.0,18.0,18.0,4.0,0.2,0,,0,1,18.0,0,0.0,1.0,0.0,1.0,5.0,5.83,Matches,
Saudi Arabia,all_competitions,Turki Al Ammar,MF,26-263,0.0,,,,,0,,0,0,,1,,,,,,,Matches,
Saudi Arabia,all_competitions,Murad Al Hawsawi,MF,25-011,0.0,,,,,0,,0,0,,1,,,,,,,Matches,
Saudi Arabia,all_competitions,Mohammed Al Majhad,MF,27-333,0.0,,,,,0,,0,0,,1,,,,,,,Matches,
Saudi Arabia,all_competitions,Abdulrahman Al Sanbi,GK,25-131,0.0,,,,,0,,0,0,,1,,,,,,,Matches,
Saudi Arabia,all_competitions,Mohammed Al Yami,GK,28-304,0.0,,,,,0,,0,0,,2,,,,,,,Matches,
Saudi Arabia,all_competitions,Squad Total,,28.2,5.0,450.0,90.0,100.0,5.0,55,64.0,8,47,31.0,19,0.8,5.0,8.0,-3.0,-0.6,,,
Saudi Arabia,all_competitions,Opponent Total,,26.6,5.0,450.0,90.0,100.0,5.0,55,64.0,10,45,23.0,26,2.0,8.0,5.0,3.0,0.6,,,
Saudi Arabia,all_competitions,Salem Al-Dawsari,"MF,FW",34.0,14.0,"1,240",89.0,76.5,13.8,14,89.0,11,0,,0,1.64,16.0,11.0,5.0,0.36,-0.58,Matches,
Saudi Arabia,all_competitions,Firas Al-Buraikan,FW,25.0,15.0,"1,116",74.0,68.9,12.4,14,77.0,1,1,33.0,1,1.4,13.0,11.0,2.0,0.16,-1.09,Matches,
Saudi Arabia,all_competitions,Hassan Al Tambakti,DF,26.0,14.0,"1,188",85.0,73.3,13.2,13,90.0,13,1,18.0,0,1.64,15.0,8.0,7.0,0.53,0.11,Matches,
Saudi Arabia,all_competitions,Musab Al Juwayr,MF,22.0,14.0,852,61.0,52.6,9.5,11,73.0,3,3,16.0,0,1.43,12.0,8.0,4.0,0.42,-0.16,Matches,
Saudi Arabia,all_competitions,Saud Abdulhamid,"MF,DF",26.0,14.0,977,70.0,60.3,10.9,10,86.0,9,4,29.0,1,1.71,12.0,8.0,4.0,0.37,-0.33,Matches,
Saudi Arabia,all_competitions,Ali Lajami,DF,29.0,10.0,822,82.0,50.7,9.1,9,86.0,7,1,46.0,3,1.6,9.0,7.0,2.0,0.22,-0.57,Matches,
Saudi Arabia,all_competitions,Nasser Al-Dawsari,MF,27.0,12.0,791,66.0,48.8,8.8,9,78.0,1,3,30.0,1,1.5,9.0,8.0,1.0,0.11,-0.75,Matches,
Saudi Arabia,all_competitions,Hassan Kadesh,"DF,MF",33.0,11.0,780,71.0,48.1,8.7,9,83.0,7,2,17.0,2,2.09,13.0,6.0,7.0,0.81,0.59,Matches,
Saudi Arabia,all_competitions,Mohammed Al-Owais,GK,34.0,8.0,664,83.0,41.0,7.4,8,83.0,7,0,,0,2.13,15.0,4.0,11.0,1.49,1.68,Matches,
Saudi Arabia,all_competitions,Mohamed Kanno,MF,31.0,10.0,622,62.0,38.4,6.9,8,75.0,5,2,13.0,0,1.7,6.0,9.0,-3.0,-0.43,-1.52,Matches,
Saudi Arabia,all_competitions,Ali Al-Bulaihi,DF,36.0,7.0,630,90.0,38.9,7.0,7,90.0,7,0,,1,1.57,9.0,5.0,4.0,0.57,0.12,Matches,
Saudi Arabia,all_competitions,Nawaf Al Aqidi,GK,25.0,6.0,540,90.0,33.3,6.0,6,90.0,6,0,,1,1.83,7.0,4.0,3.0,0.5,0.0,Matches,
Saudi Arabia,all_competitions,Ayman Yahya,"FW,MF",24.0,7.0,438,63.0,27.0,4.9,6,69.0,2,1,23.0,1,1.71,3.0,3.0,0.0,0.0,-0.69,Matches,
Saudi Arabia,all_competitions,Faisal Al Ghamdi,MF,24.0,10.0,486,49.0,30.0,5.4,5,79.0,2,5,18.0,3,2.0,4.0,3.0,1.0,0.19,-0.45,Matches,
Saudi Arabia,all_competitions,Nawaf Boushal,DF,26.0,6.0,468,78.0,28.9,5.2,5,90.0,4,1,20.0,0,1.83,7.0,4.0,3.0,0.58,0.11,Matches,
Saudi Arabia,all_competitions,Ahmed Al-Kassar,GK,34.0,5.0,416,83.0,25.7,4.6,4,90.0,4,1,56.0,8,0.4,0.0,5.0,-5.0,-1.08,-2.13,Matches,
Saudi Arabia,all_competitions,Marwan Al Sahafi,"FW,MF",21.0,8.0,388,49.0,24.0,4.3,4,82.0,2,4,15.0,2,1.5,0.0,2.0,-2.0,-0.46,-1.27,Matches,
Saudi Arabia,all_competitions,Awn Al Saluli,DF,27.0,7.0,375,54.0,23.1,4.2,4,85.0,3,3,12.0,5,2.43,9.0,1.0,8.0,1.92,1.85,Matches,
Saudi Arabia,all_competitions,Mukhtar Ali,MF,28.0,6.0,372,62.0,23.0,4.1,4,81.0,2,2,25.0,2,2.17,7.0,1.0,6.0,1.45,1.24,Matches,
Saudi Arabia,all_competitions,Abdullah Al-Khaibari,MF,29.0,7.0,360,51.0,22.2,4.0,4,72.0,2,3,24.0,2,1.0,5.0,5.0,0.0,0.0,-0.64,Matches,
Saudi Arabia,all_competitions,Saleh Al-Shehri,FW,32.0,10.0,346,35.0,21.4,3.8,4,59.0,0,6,18.0,3,1.5,5.0,3.0,2.0,0.52,0.03,Matches,
Saudi Arabia,all_competitions,Abdulellah Al-Malki,MF,31.0,5.0,316,63.0,19.5,3.5,4,76.0,0,1,13.0,1,2.0,5.0,3.0,2.0,0.57,0.09,Matches,
Saudi Arabia,all_competitions,Abdullah Radif,FW,23.0,10.0,378,38.0,23.3,4.2,3,70.0,0,7,24.0,0,1.3,6.0,2.0,4.0,0.95,0.59,Matches,
Saudi Arabia,all_competitions,Jehad Thakri,DF,24.0,3.0,270,90.0,16.7,3.0,3,90.0,3,0,,1,1.67,3.0,2.0,1.0,0.33,-0.2,Matches,
Saudi Arabia,all_competitions,Moteb Al-Harbi,"MF,DF",25.0,4.0,232,58.0,14.3,2.6,3,62.0,1,1,45.0,2,1.75,6.0,2.0,4.0,1.55,1.23,Matches,
Saudi Arabia,all_competitions,Rayan Hamidou,DF,23.0,3.0,225,75.0,13.9,2.5,3,75.0,2,0,,3,1.33,4.0,2.0,2.0,0.8,0.35,Matches,
Saudi Arabia,all_competitions,Abdulrahman Ghareeb,FW,28.0,8.0,264,33.0,16.3,2.9,2,67.0,0,6,22.0,2,1.75,6.0,0.0,6.0,2.05,1.85,Matches,
Saudi Arabia,all_competitions,Ziyad Al Johani,MF,24.0,4.0,212,53.0,13.1,2.4,2,90.0,2,2,16.0,2,1.75,3.0,2.0,1.0,0.42,-0.09,Matches,
Saudi Arabia,all_competitions,Ali Majrashi,DF,26.0,3.0,196,65.0,12.1,2.2,2,76.0,1,1,45.0,3,1.33,3.0,2.0,1.0,0.46,-0.05,Matches,
Saudi Arabia,all_competitions,Abbas Al Hassan,MF,21.0,4.0,182,46.0,11.2,2.0,2,73.0,1,2,19.0,3,2.5,6.0,0.0,6.0,2.97,2.78,Matches,
Saudi Arabia,all_competitions,Sultan Al-Ghanam,MF,31.0,4.0,179,45.0,11.0,2.0,2,82.0,0,2,8.0,2,1.25,4.0,1.0,3.0,1.51,1.13,Matches,
Saudi Arabia,all_competitions,Yasser Al-Shahrani,DF,33.0,3.0,177,59.0,10.9,2.0,2,84.0,1,1,9.0,1,1.33,0.0,2.0,-2.0,-1.02,-1.7,Matches,
Saudi Arabia,all_competitions,Saleh Waheeb,MF,23.0,2.0,137,69.0,8.5,1.5,2,69.0,0,0,,0,2.0,3.0,1.0,2.0,1.31,0.89,Matches,
Saudi Arabia,all_competitions,Abdullah Al-Hamdan,MF,26.0,7.0,215,31.0,13.3,2.4,1,71.0,0,6,24.0,3,1.71,1.0,2.0,-1.0,-0.42,-1.06,Matches,
Saudi Arabia,all_competitions,Mohammed Marran,FW,24.0,4.0,142,36.0,8.8,1.6,1,78.0,0,3,21.0,1,2.5,3.0,0.0,3.0,1.9,1.54,Matches,
Saudi Arabia,all_competitions,Abdulelah Al-Amri,DF,29.0,2.0,101,51.0,6.2,1.1,1,90.0,1,1,11.0,1,0.5,1.0,2.0,-1.0,-0.89,-1.48,Matches,
Saudi Arabia,all_competitions,Abdulrahman Al-Aboud,FW,30.0,2.0,91,46.0,5.6,1.0,1,61.0,0,1,30.0,1,1.5,2.0,2.0,0.0,0.0,-0.53,Matches,
Saudi Arabia,all_competitions,Mohammed Al-Breik,MF,33.0,1.0,90,90.0,5.6,1.0,1,90.0,1,0,,2,1.0,1.0,1.0,0.0,0.0,-0.53,Matches,
Saudi Arabia,all_competitions,Muhannad Shenqeeti,DF,26.0,2.0,82,41.0,5.1,0.9,1,45.0,0,1,37.0,0,2.0,0.0,0.0,0.0,0.0,-0.53,Matches,
Saudi Arabia,all_competitions,Ali Al Asmari,MF,29.0,1.0,81,81.0,5.0,0.9,1,81.0,0,0,,1,1.0,0.0,0.0,0.0,0.0,-0.53,Matches,
Saudi Arabia,all_competitions,Muath Fagihy,MF,23.0,1.0,78,78.0,4.8,0.9,1,78.0,0,0,,1,3.0,2.0,0.0,2.0,2.31,1.9,Matches,
Saudi Arabia,all_competitions,Ali Hazazi,MF,31.0,2.0,73,37.0,4.5,0.8,1,45.0,0,1,28.0,0,3.0,4.0,0.0,4.0,4.93,4.64,Matches,
Saudi Arabia,all_competitions,Mohammed Al Qahtani,FW,23.0,1.0,45,45.0,2.8,0.5,1,45.0,0,0,,1,0.0,0.0,1.0,-1.0,-2.0,-2.57,Matches,
Saudi Arabia,all_competitions,Turki Al Ammar,MF,26.0,1.0,30,30.0,1.9,0.3,0,,0,1,30.0,1,1.0,0.0,0.0,0.0,0.0,-0.51,Matches,
Saudi Arabia,all_competitions,Eid Al Muwallad,MF,24.0,1.0,26,26.0,1.6,0.3,0,,0,1,26.0,1,3.0,0.0,0.0,0.0,0.0,-0.51,Matches,
Saudi Arabia,all_competitions,Fahad Al Muwallad,"FW,MF",31.0,2.0,21,11.0,1.3,0.2,0,,0,2,11.0,0,2.0,1.0,0.0,1.0,4.29,3.84,Matches,
Saudi Arabia,all_competitions,Abdulla Al Salem,"FW,MF",33.0,1.0,18,18.0,1.1,0.2,0,,0,1,18.0,2,3.0,0.0,0.0,0.0,0.0,-0.51,Matches,
Saudi Arabia,all_competitions,Sami Al-Najei,MF,28.0,1.0,13,13.0,0.8,0.1,0,,0,1,13.0,3,3.0,0.0,0.0,0.0,0.0,-0.5,Matches,
Saudi Arabia,all_competitions,Saad Al Mosa,DF,23.0,1.0,2,2.0,0.1,0.0,0,,0,1,2.0,3,1.0,0.0,0.0,0.0,0.0,-0.5,Matches,
Saudi Arabia,all_competitions,Waleed Al Ahmad,DF,26.0,0.0,,,,,0,,0,0,,1,,,,,,,Matches,
Saudi Arabia,all_competitions,Ayman Fallatah,MF,22.0,0.0,,,,,0,,0,0,,2,,,,,,,Matches,
Saudi Arabia,all_competitions,Mohammed Al Fatil,DF,34.0,0.0,,,,,0,,0,0,,1,,,,,,,Matches,
Saudi Arabia,all_competitions,Ahmed Al Ghamdi,MF,24.0,0.0,,,,,0,,0,0,,1,,,,,,,Matches,
Saudi Arabia,all_competitions,Khalid Al Ghannam,MF,25.0,0.0,,,,,0,,0,0,,2,,,,,,,Matches,
Saudi Arabia,all_competitions,Talal Haji,FW,18.0,0.0,,,,,0,,0,0,,2,,,,,,,Matches,
Saudi Arabia,all_competitions,Hammam Al Hammami,MF,22.0,0.0,,,,,0,,0,0,,2,,,,,,,Matches,
Saudi Arabia,all_competitions,Ali Al Hassan,MF,28.0,0.0,,,,,0,,0,0,,2,,,,,,,Matches,
Saudi Arabia,all_competitions,Abdulbasit Hindi,DF,28.0,0.0,,,,,0,,0,0,,1,,,,,,,Matches,
Saudi Arabia,all_competitions,Abdullah Madu,DF,32.0,0.0,,,,,0,,0,0,,1,,,,,,,Matches,
Saudi Arabia,all_competitions,Raghid Najjar,GK,29.0,0.0,,,,,0,,0,0,,8,,,,,,,Matches,
Saudi Arabia,all_competitions,Saad Al Nasser,"DF,MF",25.0,0.0,,,,,0,,0,0,,2,,,,,,,Matches,
Saudi Arabia,all_competitions,Muhanad Al Saad,FW,22.0,0.0,,,,,0,,0,0,,2,,,,,,,Matches,
Saudi Arabia,all_competitions,Abdulrahman Al Sanbi,GK,24.0,0.0,,,,,0,,0,0,,5,,,,,,,Matches,
Saudi Arabia,all_competitions,Hamed Al Shanqiti,GK,20.0,0.0,,,,,0,,0,0,,5,,,,,,,Matches,
Saudi Arabia,all_competitions,Meshal Sibyani,DF,24.0,0.0,,,,,0,,0,0,,2,,,,,,,Matches,
Saudi Arabia,all_competitions,Fawaz Al-Sqoor,DF,29.0,0.0,,,,,0,,0,0,,3,,,,,,,Matches,
Saudi Arabia,all_competitions,Mohammed Sulaiman,DF,21.0,0.0,,,,,0,,0,0,,1,,,,,,,Matches,
Saudi Arabia,all_competitions,Mohammed Al Yami,GK,28.0,0.0,,,,,0,,0,0,,9,,,,,,,Matches,
Saudi Arabia,all_competitions,Squad Total,,28.4,18.0,"1,620",90.0,100.0,18.0,198,80.0,111,86,21.0,129,1.67,22.0,13.0,9.0,0.5,,,
Saudi Arabia,all_competitions,Opponent Total,,28.5,18.0,"1,620",90.0,100.0,18.0,198,80.0,115,82,21.0,134,1.0,13.0,22.0,-9.0,-0.5,,,
Saudi Arabia,all_competitions,Salem Al-Dawsari,"MF,FW",34-299,17.0,"1,384",81.0,66.9,15.4,16,85.0,11,1,26.0,0,1.59,17.0,13.0,4.0,0.26,0.0,Matches,
Saudi Arabia,all_competitions,Firas Al-Buraikan,FW,26-031,19.0,"1,353",71.0,65.4,15.0,17,75.0,1,2,39.0,1,1.16,13.0,19.0,-6.0,-0.4,-1.91,Matches,
Saudi Arabia,all_competitions,Hassan Al Tambakti,DF,27-125,16.0,"1,323",83.0,63.9,14.7,15,87.0,14,1,18.0,0,1.5,16.0,10.0,6.0,0.41,0.41,Matches,
Saudi Arabia,all_competitions,Saud Abdulhamid,"MF,DF",26-331,18.0,"1,283",71.0,62.0,14.3,14,84.0,10,4,29.0,1,1.55,15.0,14.0,1.0,0.07,-0.5,Matches,
Saudi Arabia,all_competitions,Musab Al Juwayr,MF,22-359,19.0,"1,061",56.0,51.3,11.8,14,70.0,3,5,16.0,0,1.26,13.0,13.0,0.0,0.0,-0.54,Matches,
Saudi Arabia,all_competitions,Ali Lajami,DF,30-051,14.0,979,70.0,47.3,10.9,11,77.0,7,3,45.0,3,1.43,11.0,10.0,1.0,0.09,-0.32,Matches,
Saudi Arabia,all_competitions,Mohamed Kanno,MF,31-265,15.0,972,65.0,47.0,10.8,12,75.0,5,3,24.0,0,1.4,9.0,17.0,-8.0,-0.74,-1.89,Matches,
Saudi Arabia,all_competitions,Nasser Al-Dawsari,MF,27-177,15.0,945,63.0,45.7,10.5,11,74.0,1,4,34.0,1,1.47,12.0,9.0,3.0,0.29,0.05,Matches,
Saudi Arabia,all_competitions,Mohammed Al-Owais,GK,34-247,11.0,934,85.0,45.1,10.4,11,85.0,10,0,,0,1.64,17.0,8.0,9.0,0.87,1.1,Matches,
Saudi Arabia,all_competitions,Hassan Kadesh,"DF,MF",33-281,15.0,916,61.0,44.3,10.2,11,78.0,7,4,15.0,2,1.8,16.0,9.0,7.0,0.69,0.77,Matches,
Saudi Arabia,all_competitions,Nawaf Boushal,DF,26-271,9.0,648,72.0,31.3,7.2,7,83.0,5,2,33.0,0,1.33,9.0,6.0,3.0,0.42,0.23,Matches,
Saudi Arabia,all_competitions,Nawaf Al Aqidi,GK,26-035,7.0,630,90.0,30.4,7.0,7,90.0,7,0,,2,1.57,7.0,8.0,-1.0,-0.14,-0.58,Matches,
Saudi Arabia,all_competitions,Ali Al-Bulaihi,DF,36-205,7.0,630,90.0,38.9,7.0,7,90.0,7,0,,1,1.57,9.0,5.0,4.0,0.57,0.12,Matches,
Saudi Arabia,all_competitions,Ayman Yahya,"FW,MF",25-031,11.0,592,54.0,28.6,6.6,7,66.0,2,4,33.0,1,1.45,5.0,6.0,-1.0,-0.15,-0.58,Matches,
Saudi Arabia,all_competitions,Marwan Al Sahafi,"FW,MF",22-117,10.0,527,53.0,25.5,5.9,5,80.0,2,5,26.0,2,1.2,1.0,6.0,-5.0,-0.85,-1.5,Matches,
Saudi Arabia,all_competitions,Abdullah Al-Khaibari,MF,29-302,11.0,521,47.0,25.2,5.8,6,65.0,2,5,26.0,2,1.0,6.0,8.0,-2.0,-0.35,-0.81,Matches,
Saudi Arabia,all_competitions,Faisal Al Ghamdi,MF,24-305,10.0,486,49.0,30.0,5.4,5,79.0,2,5,18.0,3,2.0,4.0,3.0,1.0,0.19,-0.45,Matches,
Saudi Arabia,all_competitions,Ahmed Al-Kassar,GK,35-037,6.0,480,80.0,23.2,5.3,5,85.0,4,1,56.0,12,0.83,2.0,5.0,-3.0,-0.56,-1.07,Matches,
Saudi Arabia,all_competitions,Saleh Al-Shehri,FW,32-225,13.0,421,32.0,20.3,4.7,4,59.0,0,9,20.0,4,1.38,6.0,3.0,3.0,0.64,0.48,Matches,
Saudi Arabia,all_competitions,Abdullah Al-Hamdan,MF,26-274,12.0,417,35.0,20.1,4.6,3,65.0,0,9,25.0,3,1.33,5.0,2.0,3.0,0.65,0.48,Matches,
Saudi Arabia,all_competitions,Moteb Al-Harbi,"MF,DF",26-114,7.0,386,55.0,18.6,4.3,5,63.0,1,2,36.0,2,1.57,7.0,4.0,3.0,0.7,0.54,Matches,
Saudi Arabia,all_competitions,Jehad Thakri,DF,24-328,5.0,379,76.0,18.3,4.2,4,84.0,3,1,45.0,2,1.8,5.0,2.0,3.0,0.71,0.55,Matches,
Saudi Arabia,all_competitions,Abdullah Radif,FW,23-145,10.0,378,38.0,23.3,4.2,3,70.0,0,7,24.0,0,1.3,6.0,2.0,4.0,0.95,0.59,Matches,
Saudi Arabia,all_competitions,Awn Al Saluli,DF,27-285,7.0,375,54.0,23.1,4.2,4,85.0,3,3,12.0,5,2.43,9.0,1.0,8.0,1.92,1.85,Matches,
Saudi Arabia,all_competitions,Mukhtar Ali,MF,28-227,6.0,372,62.0,23.0,4.1,4,81.0,2,2,25.0,2,2.17,7.0,1.0,6.0,1.45,1.24,Matches,
Saudi Arabia,all_competitions,Ziyad Al Johani,MF,24-215,7.0,351,50.0,17.0,3.9,4,79.0,2,3,12.0,3,1.43,6.0,4.0,2.0,0.51,0.3,Matches,
Saudi Arabia,all_competitions,Rayan Hamidou,DF,24-062,5.0,344,69.0,16.6,3.8,4,79.0,3,1,29.0,3,0.8,5.0,4.0,1.0,0.26,0.0,Matches,
Saudi Arabia,all_competitions,Abdulellah Al-Malki,MF,31-246,5.0,316,63.0,19.5,3.5,4,76.0,0,1,13.0,1,2.0,5.0,3.0,2.0,0.57,0.09,Matches,
Saudi Arabia,all_competitions,Abdulelah Al-Amri,DF,29-150,6.0,278,46.0,13.4,3.1,4,60.0,1,2,19.0,1,0.83,2.0,7.0,-5.0,-1.62,-2.17,Matches,
Saudi Arabia,all_competitions,Ali Majrashi,DF,26-255,6.0,275,46.0,13.3,3.1,2,76.0,1,4,31.0,5,1.17,4.0,3.0,1.0,0.33,0.08,Matches,
Saudi Arabia,all_competitions,Abdulrahman Ghareeb,FW,29-075,8.0,264,33.0,16.3,2.9,2,67.0,0,6,22.0,2,1.75,6.0,0.0,6.0,2.05,1.85,Matches,
Saudi Arabia,all_competitions,Abbas Al Hassan,MF,22-112,4.0,182,46.0,11.2,2.0,2,73.0,1,2,19.0,3,2.5,6.0,0.0,6.0,2.97,2.78,Matches,
Saudi Arabia,all_competitions,Sultan Al-Ghanam,MF,32-039,4.0,179,45.0,11.0,2.0,2,82.0,0,2,8.0,2,1.25,4.0,1.0,3.0,1.51,1.13,Matches,
Saudi Arabia,all_competitions,Yasser Al-Shahrani,DF,34-020,3.0,177,59.0,10.9,2.0,2,84.0,1,1,9.0,1,1.33,0.0,2.0,-2.0,-1.02,-1.7,Matches,
Saudi Arabia,all_competitions,Khalid Al Ghannam,MF,25-218,4.0,172,43.0,8.3,1.9,2,62.0,0,2,24.0,3,1.0,3.0,4.0,-1.0,-0.52,0.12,Matches,
Saudi Arabia,all_competitions,Saleh Waheeb,MF,23-307,3.0,155,52.0,7.5,1.7,2,69.0,0,1,18.0,0,1.33,4.0,1.0,3.0,1.74,1.6,Matches,
Saudi Arabia,all_competitions,Sultan Mendash,MF,31-240,4.0,152,38.0,33.8,1.7,1,64.0,0,3,29.0,0,1.0,3.0,0.0,3.0,1.78,3.59,Matches,
Saudi Arabia,all_competitions,Mohammed Abu Al-Shamat,"MF,FW",23-307,3.0,147,49.0,32.7,1.6,2,61.0,0,1,26.0,0,1.33,1.0,2.0,-1.0,-0.61,-0.02,Matches,
Saudi Arabia,all_competitions,Mohammed Marran,FW,25-119,4.0,142,36.0,8.8,1.6,1,78.0,0,3,21.0,1,2.5,3.0,0.0,3.0,1.9,1.54,Matches,
Saudi Arabia,all_competitions,Naif Masoud,MF,25-098,2.0,105,53.0,23.3,1.2,1,60.0,0,1,45.0,0,0.0,1.0,1.0,0.0,0.0,0.78,Matches,
Saudi Arabia,all_competitions,Salman Al-Faraj,MF,36-317,2.0,91,46.0,20.2,1.0,1,61.0,0,1,30.0,0,0.0,0.0,6.0,-6.0,-5.93,-6.69,Matches,
Saudi Arabia,all_competitions,Abdulrahman Al-Aboud,FW,31-013,2.0,91,46.0,5.6,1.0,1,61.0,0,1,30.0,1,1.5,2.0,2.0,0.0,0.0,-0.53,Matches,
Saudi Arabia,all_competitions,Mohammed Al-Breik,MF,33-272,1.0,90,90.0,5.6,1.0,1,90.0,1,0,,2,1.0,1.0,1.0,0.0,0.0,-0.53,Matches,
Saudi Arabia,all_competitions,Muteb Al Mufarrij,DF,29-300,2.0,90,45.0,20.0,1.0,1,45.0,0,1,45.0,0,0.0,1.0,1.0,0.0,0.0,0.75,Matches,
Saudi Arabia,all_competitions,Muhannad Shenqeeti,DF,27-094,2.0,82,41.0,5.1,0.9,1,45.0,0,1,37.0,0,2.0,0.0,0.0,0.0,0.0,-0.53,Matches,
Saudi Arabia,all_competitions,Ali Al Asmari,MF,29-153,1.0,81,81.0,5.0,0.9,1,81.0,0,0,,1,1.0,0.0,0.0,0.0,0.0,-0.53,Matches,
Saudi Arabia,all_competitions,Muath Fagihy,MF,24-015,1.0,78,78.0,4.8,0.9,1,78.0,0,0,,1,3.0,2.0,0.0,2.0,2.31,1.9,Matches,
Saudi Arabia,all_competitions,Alaa Al Hejji,MF,30-193,3.0,74,25.0,16.4,0.8,0,,0,3,25.0,0,1.33,2.0,0.0,2.0,2.43,3.63,Matches,
Saudi Arabia,all_competitions,Ali Hazazi,MF,32-116,2.0,73,37.0,4.5,0.8,1,45.0,0,1,28.0,0,3.0,4.0,0.0,4.0,4.93,4.64,Matches,
Saudi Arabia,all_competitions,Mohammed Mahzari,DF,24-026,1.0,45,45.0,10.0,0.5,0,,0,1,45.0,0,0.0,0.0,2.0,-2.0,-4.0,-3.78,Matches,
Saudi Arabia,all_competitions,Abdulaziz Al Elewai,MF,22-123,1.0,45,45.0,10.0,0.5,1,45.0,0,0,,0,0.0,1.0,0.0,1.0,2.0,2.89,Matches,
Saudi Arabia,all_competitions,Mohammed Al Qahtani,FW,23-326,1.0,45,45.0,2.8,0.5,1,45.0,0,0,,1,0.0,0.0,1.0,-1.0,-2.0,-2.57,Matches,
Saudi Arabia,all_competitions,Khalifah Al Dawsari,DF,27-163,1.0,45,45.0,10.0,0.5,0,,0,1,45.0,0,0.0,0.0,2.0,-2.0,-4.0,-3.78,Matches,
Saudi Arabia,all_competitions,Turki Al Ammar,MF,26-263,1.0,30,30.0,1.4,0.3,0,,0,1,30.0,2,1.0,0.0,0.0,0.0,0.0,-0.51,Matches,
Saudi Arabia,all_competitions,Abdulquddus Atiah,GK,29-105,1.0,26,26.0,5.8,0.3,0,,0,1,26.0,2,3.0,1.0,0.0,1.0,3.46,4.31,Matches,
Saudi Arabia,all_competitions,Eid Al Muwallad,MF,24-182,1.0,26,26.0,1.6,0.3,0,,0,1,26.0,1,3.0,0.0,0.0,0.0,0.0,-0.51,Matches,
Saudi Arabia,all_competitions,Fahad Al Muwallad,"FW,MF",31-273,2.0,21,11.0,1.3,0.2,0,,0,2,11.0,0,2.0,1.0,0.0,1.0,4.29,3.84,Matches,
Saudi Arabia,all_competitions,Abdulla Al Salem,"FW,MF",33-177,1.0,18,18.0,1.1,0.2,0,,0,1,18.0,2,3.0,0.0,0.0,0.0,0.0,-0.51,Matches,
Saudi Arabia,all_competitions,Sami Al-Najei,MF,29-127,1.0,13,13.0,0.8,0.1,0,,0,1,13.0,3,3.0,0.0,0.0,0.0,0.0,-0.5,Matches,
Saudi Arabia,all_competitions,Saad Al Mosa,DF,23-186,1.0,2,2.0,0.1,0.0,0,,0,1,2.0,3,1.0,0.0,0.0,0.0,0.0,-0.5,Matches,
Saudi Arabia,all_competitions,Hammam Al Hammami,MF,22-135,0.0,,,,,0,,0,0,,2,,,,,,,Matches,
Saudi Arabia,all_competitions,Ayman Fallatah,MF,22-255,0.0,,,,,0,,0,0,,2,,,,,,,Matches,
Saudi Arabia,all_competitions,Mohammed Al Majhad,MF,27-333,0.0,,,,,0,,0,0,,1,,,,,,,Matches,
Saudi Arabia,all_competitions,Muhanad Al Saad,FW,22-350,0.0,,,,,0,,0,0,,2,,,,,,,Matches,
Saudi Arabia,all_competitions,Talal Haji,FW,18-271,0.0,,,,,0,,0,0,,2,,,,,,,Matches,
Saudi Arabia,all_competitions,Hamed Al Shanqiti,GK,21-049,0.0,,,,,0,,0,0,,5,,,,,,,Matches,
Saudi Arabia,all_competitions,Murad Al Hawsawi,MF,25-011,0.0,,,,,0,,0,0,,1,,,,,,,Matches,
Saudi Arabia,all_competitions,Abdulrahman Al Sanbi,GK,25-131,0.0,,,,,0,,0,0,,6,,,,,,,Matches,
Saudi Arabia,all_competitions,Saad Al Nasser,"DF,MF",25-157,0.0,,,,,0,,0,0,,2,,,,,,,Matches,
Saudi Arabia,all_competitions,Meshal Sibyani,DF,25-064,0.0,,,,,0,,0,0,,2,,,,,,,Matches,
Saudi Arabia,all_competitions,Mohammed Sulaiman,DF,22-067,0.0,,,,,0,,0,0,,1,,,,,,,Matches,
Saudi Arabia,all_competitions,Raghid Najjar,GK,29-267,0.0,,,,,0,,0,0,,8,,,,,,,Matches,
Saudi Arabia,all_competitions,Waleed Al Ahmad,DF,27-042,0.0,,,,,0,,0,0,,1,,,,,,,Matches,
Saudi Arabia,all_competitions,Abdulbasit Hindi,DF,29-132,0.0,,,,,0,,0,0,,1,,,,,,,Matches,
Saudi Arabia,all_competitions,Ali Al Hassan,MF,29-102,0.0,,,,,0,,0,0,,2,,,,,,,Matches,
Saudi Arabia,all_competitions,Mohammed Al Fatil,DF,34-161,0.0,,,,,0,,0,0,,1,,,,,,,Matches,
Saudi Arabia,all_competitions,Abdullah Madu,DF,32-334,0.0,,,,,0,,0,0,,1,,,,,,,Matches,
Saudi Arabia,all_competitions,Ahmed Al Ghamdi,MF,24-267,0.0,,,,,0,,0,0,,1,,,,,,,Matches,
Saudi Arabia,all_competitions,Fawaz Al-Sqoor,DF,30-052,0.0,,,,,0,,0,0,,3,,,,,,,Matches,
Saudi Arabia,all_competitions,Mohammed Al Yami,GK,28-304,0.0,,,,,0,,0,0,,11,,,,,,,Matches,
Scotland,all_competitions,Lewis Ferguson,MF,26-294,1.0,90.0,90.0,100.0,1.0,1,90.0,1,0,,0,3.0,1.0,0.0,1.0,1.0,,Matches,
Scotland,all_competitions,Angus Gunn,GK,30-143,1.0,90.0,90.0,100.0,1.0,1,90.0,1,0,,0,3.0,1.0,0.0,1.0,1.0,,Matches,
Scotland,all_competitions,Grant Hanley,DF,34-206,1.0,90.0,90.0,100.0,1.0,1,90.0,1,0,,0,3.0,1.0,0.0,1.0,1.0,,Matches,
Scotland,all_competitions,Jack Hendry,DF,31-038,1.0,90.0,90.0,100.0,1.0,1,90.0,1,0,,0,3.0,1.0,0.0,1.0,1.0,,Matches,
Scotland,all_competitions,Scott McTominay,MF,29-188,1.0,90.0,90.0,100.0,1.0,1,90.0,1,0,,0,3.0,1.0,0.0,1.0,1.0,,Matches,
Scotland,all_competitions,Andy Robertson,DF,32-095,1.0,90.0,90.0,100.0,1.0,1,90.0,1,0,,0,3.0,1.0,0.0,1.0,1.0,,Matches,
Scotland,all_competitions,John McGinn,MF,31-239,1.0,82.0,82.0,91.1,0.9,1,82.0,0,0,,0,3.0,1.0,0.0,1.0,1.1,1.1,Matches,
Scotland,all_competitions,Lawrence Shankland,FW,30-308,1.0,82.0,82.0,91.1,0.9,1,82.0,0,0,,0,3.0,1.0,0.0,1.0,1.1,1.1,Matches,
Scotland,all_competitions,Ché Adams,FW,29-336,1.0,74.0,74.0,82.2,0.8,1,74.0,0,0,,0,3.0,1.0,0.0,1.0,1.22,1.22,Matches,
Scotland,all_competitions,Ben Gannon-Doak,MF,20-215,1.0,74.0,74.0,82.2,0.8,1,74.0,0,0,,0,3.0,1.0,0.0,1.0,1.22,1.22,Matches,
Scotland,all_competitions,Aaron Hickey,DF,24-004,1.0,74.0,74.0,82.2,0.8,1,74.0,0,0,,0,3.0,1.0,0.0,1.0,1.22,1.22,Matches,
Scotland,all_competitions,Ryan Christie,"FW,MF",31-112,1.0,16.0,16.0,17.8,0.2,0,,0,1,16.0,0,3.0,0.0,0.0,0.0,0.0,-1.22,Matches,
Scotland,all_competitions,Lyndon Dykes,"FW,MF",30-250,1.0,16.0,16.0,17.8,0.2,0,,0,1,16.0,0,3.0,0.0,0.0,0.0,0.0,-1.22,Matches,
Scotland,all_competitions,Nathan Patterson,DF,24-241,1.0,16.0,16.0,17.8,0.2,0,,0,1,16.0,0,3.0,0.0,0.0,0.0,0.0,-1.22,Matches,
Scotland,all_competitions,Findlay Curtis,MF,19-256,1.0,8.0,8.0,8.9,0.1,0,,0,1,8.0,0,3.0,0.0,0.0,0.0,0.0,-1.1,Matches,
Scotland,all_competitions,Kenny McLean,"DF,MF",34-157,1.0,8.0,8.0,8.9,0.1,0,,0,1,8.0,0,3.0,0.0,0.0,0.0,0.0,-1.1,Matches,
Scotland,all_competitions,Tyler Fletcher,MF,19-087,0.0,,,,,0,,0,0,,1,,,,,,,Matches,
Scotland,all_competitions,Craig Gordon,GK,43-165,0.0,,,,,0,,0,0,,1,,,,,,,Matches,
Scotland,all_competitions,George Hirst,FW,27-119,0.0,,,,,0,,0,0,,1,,,,,,,Matches,
Scotland,all_competitions,Dominic Hyam,DF,30-176,0.0,,,,,0,,0,0,,1,,,,,,,Matches,
Scotland,all_competitions,Liam Kelly,GK,30-142,0.0,,,,,0,,0,0,,1,,,,,,,Matches,
Scotland,all_competitions,Scott McKenna,DF,29-214,0.0,,,,,0,,0,0,,1,,,,,,,Matches,
Scotland,all_competitions,Anthony Ralston,DF,27-210,0.0,,,,,0,,0,0,,1,,,,,,,Matches,
Scotland,all_competitions,John Souttar,DF,29-262,0.0,,,,,0,,0,0,,1,,,,,,,Matches,
Scotland,all_competitions,Ross Stewart,FW,29-338,0.0,,,,,0,,0,0,,1,,,,,,,Matches,
Scotland,all_competitions,Kieran Tierney,"DF,MF",29-009,0.0,,,,,0,,0,0,,1,,,,,,,Matches,
Scotland,all_competitions,Squad Total,,29.4,1.0,90.0,90.0,100.0,1.0,11,84.0,6,5,13.0,10,3.0,1.0,0.0,1.0,1.0,,,
Scotland,all_competitions,Opponent Total,,29.1,1.0,90.0,90.0,100.0,1.0,11,84.0,8,3,17.0,12,0.0,0.0,1.0,-1.0,-1.0,,,
Scotland,all_competitions,Andy Robertson,"DF,MF",32-095,4.0,281.0,70.0,78.1,3.1,4,70.0,1,0,,0,1.5,7.0,2.0,5.0,1.6,1.6,Matches,
Scotland,all_competitions,Ryan Christie,MF,31-112,4.0,231.0,58.0,64.2,2.6,3,68.0,1,1,28.0,0,1.5,8.0,3.0,5.0,1.95,1.95,Matches,
Scotland,all_competitions,Scott McTominay,MF,29-188,3.0,184.0,61.0,51.1,2.0,3,61.0,0,0,,0,1.0,4.0,1.0,3.0,1.47,0.44,Matches,
Scotland,all_competitions,Kenny McLean,MF,34-157,4.0,222.0,56.0,61.7,2.5,2,90.0,2,2,21.0,0,1.5,4.0,2.0,2.0,0.81,-1.15,Matches,
Scotland,all_competitions,Lewis Ferguson,MF,26-294,3.0,214.0,71.0,59.4,2.4,2,85.0,1,1,45.0,0,1.0,4.0,1.0,3.0,1.26,0.03,Matches,
Scotland,all_competitions,Angus Gunn,GK,30-143,2.0,180.0,90.0,50.0,2.0,2,90.0,2,0,,2,1.5,4.0,1.0,3.0,1.5,0.5,Matches,
Scotland,all_competitions,George Hirst,FW,27-119,4.0,178.0,45.0,49.4,2.0,2,61.0,0,2,29.0,0,1.5,1.0,3.0,-2.0,-1.01,-4.47,Matches,
Scotland,all_competitions,Jack Hendry,DF,31-038,2.0,169.0,85.0,46.9,1.9,2,85.0,1,0,,2,1.5,4.0,1.0,3.0,1.6,0.66,Matches,
Scotland,all_competitions,John Souttar,DF,29-262,3.0,146.0,49.0,40.6,1.6,2,68.0,1,1,11.0,1,2.0,1.0,2.0,-1.0,-0.62,-3.14,Matches,
Scotland,all_competitions,Ché Adams,FW,29-336,2.0,137.0,69.0,38.1,1.5,2,69.0,0,0,,1,1.5,4.0,1.0,3.0,1.97,1.16,Matches,
Scotland,all_competitions,Lawrence Shankland,FW,30-308,2.0,137.0,69.0,38.1,1.5,2,69.0,0,0,,0,3.0,7.0,1.0,6.0,3.94,4.35,Matches,
Scotland,all_competitions,Scott McKenna,DF,29-214,2.0,135.0,68.0,37.5,1.5,2,68.0,1,0,,2,1.5,1.0,2.0,-1.0,-0.67,-3.07,Matches,
Scotland,all_competitions,Billy Gilmour,MF,25-003,3.0,130.0,43.0,36.1,1.4,2,55.0,0,1,20.0,0,1.0,0.0,3.0,-3.0,-2.08,-5.21,Matches,
Scotland,all_competitions,Ben Gannon-Doak,MF,20-215,2.0,106.0,53.0,29.4,1.2,2,53.0,0,0,,0,3.0,5.0,1.0,4.0,3.4,3.04,Matches,
Scotland,all_competitions,Aaron Hickey,DF,24-004,2.0,106.0,53.0,29.4,1.2,2,53.0,0,0,,0,3.0,5.0,1.0,4.0,3.4,3.04,Matches,
Scotland,all_competitions,Kieran Tierney,DF,29-009,3.0,155.0,52.0,43.1,1.7,1,90.0,1,2,33.0,0,1.0,0.0,2.0,-2.0,-1.16,-4.23,Matches,
Scotland,all_competitions,Nathan Patterson,DF,24-241,3.0,154.0,51.0,42.8,1.7,1,80.0,0,2,37.0,1,1.0,3.0,0.0,3.0,1.75,0.88,Matches,
Scotland,all_competitions,Dominic Hyam,DF,30-176,3.0,146.0,49.0,40.6,1.6,1,90.0,1,2,28.0,1,2.0,3.0,1.0,2.0,1.23,-0.03,Matches,
Scotland,all_competitions,John McGinn,MF,31-239,3.0,129.0,43.0,35.8,1.4,1,62.0,0,2,34.0,0,1.0,0.0,0.0,0.0,0.0,-1.95,Matches,
Scotland,all_competitions,Grant Hanley,DF,34-206,2.0,124.0,62.0,34.4,1.4,1,79.0,0,1,45.0,1,3.0,7.0,0.0,7.0,5.08,5.84,Matches,
Scotland,all_competitions,Lyndon Dykes,FW,30-250,3.0,121.0,40.0,33.6,1.3,1,62.0,0,2,30.0,1,1.0,3.0,0.0,3.0,2.23,1.48,Matches,
Scotland,all_competitions,Tommy Conway,MF,23-312,2.0,93.0,47.0,25.8,1.0,1,79.0,0,1,14.0,0,0.0,0.0,0.0,0.0,0.0,-1.69,Matches,
Scotland,all_competitions,Craig Gordon,GK,43-165,1.0,76.0,76.0,21.1,0.8,1,76.0,0,0,,1,3.0,3.0,1.0,2.0,2.37,1.42,Matches,
Scotland,all_competitions,Ross McCrorie,MF,28-088,1.0,61.0,61.0,16.9,0.7,1,61.0,0,0,,1,0.0,0.0,1.0,-1.0,-1.48,-3.28,Matches,
Scotland,all_competitions,Liam Kelly,GK,30-142,2.0,59.0,30.0,16.4,0.7,1,45.0,0,1,14.0,2,1.5,1.0,1.0,0.0,0.0,-1.5,Matches,
Scotland,all_competitions,Findlay Curtis,MF,19-256,3.0,89.0,30.0,24.7,1.0,0,,0,3,30.0,1,2.0,4.0,1.0,3.0,3.03,2.37,Matches,
Scotland,all_competitions,Tyler Fletcher,MF,19-087,2.0,56.0,28.0,15.6,0.6,0,,0,2,28.0,0,3.0,3.0,0.0,3.0,4.82,4.23,Matches,
Scotland,all_competitions,Anthony Ralston,DF,27-210,3.0,53.0,18.0,14.7,0.6,0,,0,3,18.0,1,2.0,1.0,1.0,0.0,0.0,-1.47,Matches,
Scotland,all_competitions,Scott Bain,GK,34-204,1.0,45.0,45.0,12.5,0.5,0,,0,1,45.0,1,0.0,0.0,0.0,0.0,0.0,-1.43,Matches,
Scotland,all_competitions,Ross Stewart,FW,29-338,1.0,29.0,29.0,8.1,0.3,0,,0,1,29.0,0,3.0,0.0,0.0,0.0,0.0,-1.36,Matches,
Scotland,all_competitions,James Wilson,FW,19-100,1.0,14.0,14.0,3.9,0.2,0,,0,1,14.0,0,3.0,1.0,0.0,1.0,6.43,5.39,Matches,
Scotland,all_competitions,Luke Graham,DF,22-123,0.0,,,,,0,,0,0,,1,,,,,,,Matches,
Scotland,all_competitions,Andy Irving,MF,26-032,0.0,,,,,0,,0,0,,2,,,,,,,Matches,
Scotland,all_competitions,Lennon Miller,MF,19-293,0.0,,,,,0,,0,0,,2,,,,,,,Matches,
Scotland,all_competitions,Squad Total,,29.3,4.0,360.0,90.0,100.0,4.0,44,70.0,12,32,28.0,24,1.5,8.0,3.0,5.0,1.25,,,
Scotland,all_competitions,Opponent Total,,26.2,4.0,360.0,90.0,100.0,4.0,44,70.0,16,27,28.0,28,1.5,3.0,8.0,-5.0,-1.25,,,
Scotland,all_competitions,John McGinn,MF,31.0,6.0,540.0,90.0,100.0,6.0,6,90.0,6,0,,0,2.17,13.0,7.0,6.0,1.0,,Matches,
Scotland,all_competitions,Scott McTominay,MF,29.0,6.0,539.0,90.0,99.8,6.0,6,90.0,5,0,,0,2.17,13.0,7.0,6.0,1.0,1.0,Matches,
Scotland,all_competitions,Andy Robertson,DF,31.0,6.0,539.0,90.0,99.8,6.0,6,90.0,5,0,,0,2.17,12.0,7.0,5.0,0.83,-89.17,Matches,
Scotland,all_competitions,Lewis Ferguson,MF,26.0,5.0,450.0,90.0,83.3,5.0,5,90.0,5,0,,0,2.0,11.0,6.0,5.0,1.0,0.0,Matches,
Scotland,all_competitions,Ché Adams,"FW,MF",29.0,6.0,441.0,74.0,81.7,4.9,5,83.0,0,1,27.0,0,2.17,11.0,5.0,6.0,1.22,1.22,Matches,
Scotland,all_competitions,Ben Gannon-Doak,"MF,FW",20.0,6.0,335.0,56.0,62.0,3.7,5,65.0,0,1,8.0,0,2.17,7.0,3.0,4.0,1.07,0.2,Matches,
Scotland,all_competitions,John Souttar,DF,29.0,5.0,379.0,76.0,70.2,4.2,4,90.0,4,1,19.0,0,2.0,8.0,5.0,3.0,0.71,-0.96,Matches,
Scotland,all_competitions,Angus Gunn,GK,30.0,4.0,360.0,90.0,66.7,4.0,4,90.0,4,0,,0,2.5,7.0,2.0,5.0,1.25,0.75,Matches,
Scotland,all_competitions,Grant Hanley,DF,34.0,4.0,344.0,86.0,63.7,3.8,4,86.0,3,0,,2,1.75,9.0,6.0,3.0,0.78,-0.59,Matches,
Scotland,all_competitions,Ryan Christie,"MF,FW",30.0,5.0,325.0,65.0,60.2,3.6,4,77.0,0,1,17.0,0,2.0,5.0,5.0,0.0,0.0,-2.51,Matches,
Scotland,all_competitions,Aaron Hickey,DF,23.0,5.0,289.0,58.0,53.5,3.2,4,68.0,0,1,17.0,0,2.0,3.0,4.0,-1.0,-0.31,-2.82,Matches,
Scotland,all_competitions,Scott McKenna,DF,29.0,5.0,287.0,57.0,53.1,3.2,3,90.0,3,2,9.0,1,2.4,9.0,3.0,6.0,1.88,1.88,Matches,
Scotland,all_competitions,Billy Gilmour,MF,24.0,3.0,201.0,67.0,37.2,2.2,2,85.0,0,1,32.0,1,3.0,7.0,1.0,6.0,2.69,2.69,Matches,
Scotland,all_competitions,Craig Gordon,GK,43.0,2.0,180.0,90.0,33.3,2.0,2,90.0,2,0,,2,1.5,6.0,5.0,1.0,0.5,-0.75,Matches,
Scotland,all_competitions,Lyndon Dykes,FW,30.0,6.0,173.0,29.0,32.0,1.9,2,73.0,0,4,7.0,0,2.17,2.0,2.0,0.0,0.0,-1.47,Matches,
Scotland,all_competitions,Kenny McLean,MF,34.0,4.0,176.0,44.0,32.6,2.0,1,90.0,1,3,29.0,2,2.5,5.0,3.0,2.0,1.02,0.03,Matches,
Scotland,all_competitions,Anthony Ralston,DF,27.0,3.0,119.0,40.0,22.0,1.3,1,71.0,0,2,24.0,1,2.0,4.0,1.0,3.0,2.27,1.63,Matches,
Scotland,all_competitions,Max Johnston,DF,22.0,2.0,94.0,47.0,17.4,1.0,1,73.0,0,1,21.0,1,2.0,2.0,0.0,2.0,1.91,1.11,Matches,
Scotland,all_competitions,Jack Hendry,DF,30.0,1.0,71.0,71.0,13.1,0.8,1,71.0,0,0,,5,3.0,1.0,0.0,1.0,1.27,0.31,Matches,
Scotland,all_competitions,Kieran Tierney,"DF,MF",28.0,3.0,46.0,15.0,8.5,0.5,0,,0,3,15.0,1,3.0,5.0,2.0,3.0,5.87,5.32,Matches,
Scotland,all_competitions,Lawrence Shankland,"FW,MF",30.0,2.0,36.0,18.0,6.7,0.4,0,,0,2,18.0,0,1.5,3.0,1.0,2.0,5.0,4.29,Matches,
Scotland,all_competitions,George Hirst,FW,26.0,2.0,11.0,6.0,2.0,0.1,0,,0,2,6.0,4,0.5,0.0,0.0,0.0,0.0,-1.02,Matches,
Scotland,all_competitions,Lennon Miller,MF,19.0,2.0,4.0,2.0,0.7,0.0,0,,0,2,2.0,2,3.0,0.0,1.0,-1.0,-22.5,-23.68,Matches,
Scotland,all_competitions,Kieron Bowie,"FW,MF",23.0,1.0,1.0,1.0,0.2,0.0,0,,0,1,1.0,3,3.0,0.0,1.0,-1.0,-90.0,-91.17,Matches,
Scotland,all_competitions,Scott Bain,GK,34.0,0.0,,,,,0,,0,0,,2,,,,,,,Matches,
Scotland,all_competitions,Connor Barron,MF,23.0,0.0,,,,,0,,0,0,,3,,,,,,,Matches,
Scotland,all_competitions,Zander Clark,GK,33.0,0.0,,,,,0,,0,0,,2,,,,,,,Matches,
Scotland,all_competitions,Josh Doig,"DF,MF",23.0,0.0,,,,,0,,0,0,,2,,,,,,,Matches,
Scotland,all_competitions,Andy Irving,MF,25.0,0.0,,,,,0,,0,0,,2,,,,,,,Matches,
Scotland,all_competitions,Liam Kelly,GK,30.0,0.0,,,,,0,,0,0,,6,,,,,,,Matches,
Scotland,all_competitions,Josh Mulligan,MF,23.0,0.0,,,,,0,,0,0,,1,,,,,,,Matches,
Scotland,all_competitions,Squad Total,,29.4,6.0,540.0,90.0,100.0,6.0,66,84.0,38,28,15.0,43,2.17,13.0,7.0,6.0,1.0,,,
Scotland,all_competitions,Opponent Total,,27.0,6.0,540.0,90.0,100.0,6.0,66,84.0,39,25,18.0,46,0.67,7.0,13.0,-6.0,-1.0,,,
Scotland,all_competitions,Andy Robertson,DF,32-095,11.0,910.0,83.0,91.9,10.1,11,83.0,7,0,,0,2.0,20.0,9.0,11.0,1.09,-0.04,Matches,
Scotland,all_competitions,Scott McTominay,MF,29-188,10.0,813.0,81.0,82.1,9.0,10,81.0,6,0,,0,1.9,18.0,8.0,10.0,1.11,0.09,Matches,
Scotland,all_competitions,Lewis Ferguson,MF,26-294,9.0,754.0,84.0,76.2,8.4,8,89.0,7,1,45.0,0,1.78,16.0,7.0,9.0,1.07,-0.07,Matches,
Scotland,all_competitions,John McGinn,MF,31-239,10.0,751.0,75.0,75.9,8.3,8,86.0,6,2,34.0,0,1.9,14.0,7.0,7.0,0.84,-1.04,Matches,
Scotland,all_competitions,Ché Adams,FW,29-336,9.0,652.0,72.0,65.9,7.2,8,78.0,0,1,27.0,1,2.11,16.0,6.0,10.0,1.38,0.85,Matches,
Scotland,all_competitions,Angus Gunn,GK,30-143,7.0,630.0,90.0,63.6,7.0,7,90.0,7,0,,2,2.29,12.0,3.0,9.0,1.29,0.54,Matches,
Scotland,all_competitions,Ryan Christie,"FW,MF",31-112,10.0,572.0,57.0,57.8,6.4,7,73.0,1,3,20.0,0,1.9,13.0,8.0,5.0,0.79,-0.72,Matches,
Scotland,all_competitions,Grant Hanley,DF,34-206,7.0,558.0,80.0,56.4,6.2,6,86.0,4,1,45.0,3,2.29,17.0,6.0,11.0,1.77,1.57,Matches,
Scotland,all_competitions,John Souttar,DF,29-262,8.0,525.0,66.0,53.0,5.8,6,83.0,5,2,15.0,2,2.0,9.0,7.0,2.0,0.34,-1.82,Matches,
Scotland,all_competitions,Ben Gannon-Doak,MF,20-215,9.0,515.0,57.0,52.0,5.7,8,63.0,0,1,8.0,0,2.45,13.0,4.0,9.0,1.57,1.0,Matches,
Scotland,all_competitions,Aaron Hickey,DF,24-004,8.0,469.0,59.0,47.4,5.2,7,65.0,0,1,17.0,0,2.38,9.0,5.0,4.0,0.77,-0.61,Matches,
Scotland,all_competitions,Scott McKenna,DF,29-214,7.0,422.0,60.0,42.6,4.7,5,81.0,4,2,9.0,4,2.14,10.0,5.0,5.0,1.07,-0.06,Matches,
Scotland,all_competitions,Kenny McLean,"DF,MF",34-157,9.0,406.0,45.0,41.0,4.5,3,90.0,3,6,23.0,2,2.11,9.0,5.0,4.0,0.89,-0.35,Matches,
Scotland,all_competitions,Billy Gilmour,MF,25-003,6.0,331.0,55.0,36.8,3.7,4,70.0,0,2,26.0,1,2.0,7.0,4.0,3.0,0.82,-0.45,Matches,
Scotland,all_competitions,Jack Hendry,DF,31-038,4.0,330.0,83.0,33.3,3.7,4,83.0,2,0,,7,2.25,6.0,1.0,5.0,1.36,0.41,Matches,
Scotland,all_competitions,Lyndon Dykes,"FW,MF",30-250,10.0,310.0,31.0,31.3,3.4,3,69.0,0,7,15.0,1,1.9,5.0,2.0,3.0,0.87,-0.32,Matches,
Scotland,all_competitions,Craig Gordon,GK,43-165,3.0,256.0,85.0,25.9,2.8,3,85.0,2,0,,4,2.0,9.0,6.0,3.0,1.05,-0.06,Matches,
Scotland,all_competitions,Lawrence Shankland,FW,30-308,5.0,255.0,51.0,25.8,2.8,3,73.0,0,2,18.0,0,2.4,11.0,2.0,9.0,3.18,2.81,Matches,
Scotland,all_competitions,Kieran Tierney,"DF,MF",29-009,6.0,201.0,34.0,20.3,2.2,1,90.0,1,5,22.0,2,2.0,5.0,4.0,1.0,0.45,-0.84,Matches,
Scotland,all_competitions,George Hirst,FW,27-119,6.0,189.0,32.0,19.1,2.1,2,61.0,0,4,17.0,5,1.17,1.0,3.0,-2.0,-0.95,-2.6,Matches,
Scotland,all_competitions,Anthony Ralston,DF,27-210,6.0,172.0,29.0,17.4,1.9,1,71.0,0,5,20.0,3,2.0,5.0,2.0,3.0,1.57,0.58,Matches,
Scotland,all_competitions,Nathan Patterson,DF,24-241,4.0,170.0,43.0,37.8,1.9,1,80.0,0,3,30.0,1,1.5,3.0,0.0,3.0,1.59,0.62,Matches,
Scotland,all_competitions,Dominic Hyam,DF,30-176,3.0,146.0,49.0,32.4,1.6,1,90.0,1,2,28.0,2,2.0,3.0,1.0,2.0,1.23,-0.03,Matches,
Scotland,all_competitions,Findlay Curtis,MF,19-256,4.0,97.0,24.0,21.6,1.1,0,,0,4,24.0,1,2.25,4.0,1.0,3.0,2.78,2.02,Matches,
Scotland,all_competitions,Max Johnston,DF,22-170,2.0,94.0,47.0,17.4,1.0,1,73.0,0,1,21.0,1,2.0,2.0,0.0,2.0,1.91,1.11,Matches,
Scotland,all_competitions,Tommy Conway,MF,23-312,2.0,93.0,47.0,25.8,1.0,1,79.0,0,1,14.0,0,0.0,0.0,0.0,0.0,0.0,-1.69,Matches,
Scotland,all_competitions,Ross McCrorie,MF,28-088,1.0,61.0,61.0,16.9,0.7,1,61.0,0,0,,1,0.0,0.0,1.0,-1.0,-1.48,-3.28,Matches,
Scotland,all_competitions,Liam Kelly,GK,30-142,2.0,59.0,30.0,6.0,0.7,1,45.0,0,1,14.0,9,1.5,1.0,1.0,0.0,0.0,-1.5,Matches,
Scotland,all_competitions,Tyler Fletcher,MF,19-087,2.0,56.0,28.0,12.4,0.6,0,,0,2,28.0,1,3.0,3.0,0.0,3.0,4.82,4.23,Matches,
Scotland,all_competitions,Scott Bain,GK,34-204,1.0,45.0,45.0,5.0,0.5,0,,0,1,45.0,3,0.0,0.0,0.0,0.0,0.0,-1.43,Matches,
Scotland,all_competitions,Ross Stewart,FW,29-338,1.0,29.0,29.0,6.4,0.3,0,,0,1,29.0,1,3.0,0.0,0.0,0.0,0.0,-1.36,Matches,
Scotland,all_competitions,James Wilson,FW,19-100,1.0,14.0,14.0,3.9,0.2,0,,0,1,14.0,0,3.0,1.0,0.0,1.0,6.43,5.39,Matches,
Scotland,all_competitions,Lennon Miller,MF,19-293,2.0,4.0,2.0,0.4,0.0,0,,0,2,2.0,4,3.0,0.0,1.0,-1.0,-22.5,-23.68,Matches,
Scotland,all_competitions,Kieron Bowie,"FW,MF",23-266,1.0,1.0,1.0,0.2,0.0,0,,0,1,1.0,3,3.0,0.0,1.0,-1.0,-90.0,-91.17,Matches,
Scotland,all_competitions,Josh Mulligan,MF,23-214,0.0,,,,,0,,0,0,,1,,,,,,,Matches,
Scotland,all_competitions,Josh Doig,"DF,MF",24-027,0.0,,,,,0,,0,0,,2,,,,,,,Matches,
Scotland,all_competitions,Connor Barron,MF,23-289,0.0,,,,,0,,0,0,,3,,,,,,,Matches,
Scotland,all_competitions,Andy Irving,MF,26-032,0.0,,,,,0,,0,0,,4,,,,,,,Matches,
Scotland,all_competitions,Zander Clark,GK,33-353,0.0,,,,,0,,0,0,,2,,,,,,,Matches,
Scotland,all_competitions,Luke Graham,DF,22-123,0.0,,,,,0,,0,0,,1,,,,,,,Matches,
Senegal,all_competitions,Kalidou Koulibaly,DF,34.0,10.0,900.0,90.0,100.0,10.0,10,90.0,10,0,,0,2.4,22.0,3.0,19.0,1.9,,Matches,
Senegal,all_competitions,Édouard Mendy,GK,33.0,9.0,810.0,90.0,90.0,9.0,9,90.0,9,0,,0,2.33,18.0,3.0,15.0,1.67,-2.33,Matches,
Senegal,all_competitions,Idrissa Gueye,MF,36.0,9.0,757.0,84.0,84.1,8.4,9,84.0,5,0,,1,2.33,19.0,2.0,17.0,2.02,0.76,Matches,
Senegal,all_competitions,Krépin Diatta,DF,26.0,8.0,692.0,87.0,76.9,7.7,8,87.0,7,0,,0,2.5,20.0,2.0,18.0,2.34,1.91,Matches,
Senegal,all_competitions,Moussa Niakhaté,DF,29.0,8.0,688.0,86.0,76.4,7.6,8,86.0,7,0,,1,2.25,18.0,1.0,17.0,2.22,1.37,Matches,
Senegal,all_competitions,Sadio Mané,"FW,MF",33.0,8.0,638.0,80.0,70.9,7.1,8,80.0,3,0,,0,2.5,17.0,2.0,15.0,2.12,0.74,Matches,
Senegal,all_competitions,Iliman Ndiaye,"FW,MF",25.0,8.0,606.0,76.0,67.3,6.7,8,76.0,1,0,,0,2.5,18.0,2.0,16.0,2.38,1.46,Matches,
Senegal,all_competitions,Pape Matar Sarr,MF,23.0,10.0,649.0,65.0,72.1,7.2,7,81.0,3,3,27.0,0,2.4,17.0,1.0,16.0,2.22,1.14,Matches,
Senegal,all_competitions,Ismaila Sarr,"MF,FW",27.0,7.0,517.0,74.0,57.4,5.7,6,83.0,4,1,17.0,1,2.14,10.0,1.0,9.0,1.57,-0.78,Matches,
Senegal,all_competitions,Lamine Camara,MF,22.0,8.0,444.0,56.0,49.3,4.9,5,77.0,1,3,20.0,0,2.25,9.0,2.0,7.0,1.42,-0.95,Matches,
Senegal,all_competitions,El Hadji Malick Diouf,DF,21.0,4.0,360.0,90.0,40.0,4.0,4,90.0,4,0,,0,3.0,14.0,2.0,12.0,3.0,1.83,Matches,
Senegal,all_competitions,Nicolas Jackson,FW,24.0,7.0,347.0,50.0,38.6,3.9,4,74.0,0,3,18.0,0,2.43,10.0,3.0,7.0,1.82,-0.14,Matches,
Senegal,all_competitions,Habib Diallo,FW,30.0,5.0,327.0,65.0,36.3,3.6,4,79.0,1,1,12.0,3,2.6,9.0,0.0,9.0,2.48,0.91,Matches,
Senegal,all_competitions,Pape Gueye,MF,27.0,5.0,319.0,64.0,35.4,3.5,4,73.0,1,1,29.0,1,2.2,7.0,3.0,4.0,1.13,-1.2,Matches,
Senegal,all_competitions,Abdoulaye Seck,DF,33.0,4.0,302.0,76.0,33.6,3.4,3,90.0,3,1,32.0,6,2.5,5.0,3.0,2.0,0.6,-1.96,Matches,
Senegal,all_competitions,Habib Diarra,MF,22.0,4.0,220.0,55.0,24.4,2.4,3,64.0,1,1,27.0,0,2.5,5.0,1.0,4.0,1.64,-0.35,Matches,
Senegal,all_competitions,Ismail Jakobs,DF,26.0,2.0,180.0,90.0,20.0,2.0,2,90.0,2,0,,2,2.0,4.0,0.0,4.0,2.0,0.13,Matches,
Senegal,all_competitions,Boulaye Dia,FW,29.0,3.0,168.0,56.0,18.7,1.9,2,80.0,0,1,8.0,2,2.33,2.0,0.0,2.0,1.07,-1.02,Matches,
Senegal,all_competitions,Antoine Mendy,DF,21.0,2.0,126.0,63.0,14.0,1.4,1,90.0,1,1,36.0,4,2.0,1.0,0.0,1.0,0.71,-1.38,Matches,
Senegal,all_competitions,Abdou Diallo,DF,29.0,2.0,108.0,54.0,12.0,1.2,1,90.0,1,1,18.0,4,3.0,1.0,0.0,1.0,0.83,-1.21,Matches,
Senegal,all_competitions,Assane Diao,FW,20.0,2.0,102.0,51.0,11.3,1.1,1,90.0,1,1,12.0,0,2.0,2.0,0.0,2.0,1.76,-0.15,Matches,
Senegal,all_competitions,Mory Diaw,GK,32.0,1.0,90.0,90.0,10.0,1.0,1,90.0,1,0,,9,3.0,4.0,0.0,4.0,4.0,2.33,Matches,
Senegal,all_competitions,Ilay Camara,DF,23.0,2.0,74.0,37.0,8.2,0.8,1,54.0,0,1,20.0,2,3.0,2.0,0.0,2.0,2.43,0.58,Matches,
Senegal,all_competitions,Cheikhou Kouyaté,MF,36.0,1.0,64.0,64.0,7.1,0.7,1,64.0,0,0,,1,1.0,0.0,0.0,0.0,0.0,-2.05,Matches,
Senegal,all_competitions,Pathé Ciss,"DF,MF",31.0,7.0,113.0,16.0,12.6,1.3,0,,0,7,16.0,3,2.43,1.0,1.0,0.0,0.0,-2.17,Matches,
Senegal,all_competitions,Cherif Ndiaye,"FW,MF",30.0,5.0,81.0,16.0,9.0,0.9,0,,0,5,16.0,3,2.2,2.0,0.0,2.0,2.22,0.35,Matches,
Senegal,all_competitions,Formose Mendy,DF,25.0,2.0,73.0,37.0,8.1,0.8,0,,0,2,37.0,2,3.0,0.0,0.0,0.0,0.0,-2.07,Matches,
Senegal,all_competitions,Cheikh Tidiane Sabaly,"FW,MF",26.0,4.0,54.0,14.0,6.0,0.6,0,,0,4,14.0,0,3.0,3.0,0.0,3.0,5.0,3.3,Matches,
Senegal,all_competitions,Dion Lopy,MF,23.0,1.0,27.0,27.0,3.0,0.3,0,,0,1,27.0,3,3.0,0.0,0.0,0.0,0.0,-1.96,Matches,
Senegal,all_competitions,Abdallah Sima,"FW,MF",24.0,3.0,26.0,9.0,2.9,0.3,0,,0,3,9.0,1,1.67,0.0,1.0,-1.0,-3.46,-5.52,Matches,
Senegal,all_competitions,Nampalys Mendy,MF,33.0,2.0,19.0,10.0,2.1,0.2,0,,0,2,10.0,1,3.0,1.0,0.0,1.0,4.74,2.9,Matches,
Senegal,all_competitions,Cheikh Niasse,MF,26.0,1.0,19.0,19.0,2.1,0.2,0,,0,1,19.0,1,3.0,1.0,0.0,1.0,4.74,2.9,Matches,
Senegal,all_competitions,Fodé Ballo-Touré,"DF,MF",29.0,0.0,,,,,0,,0,0,,2,,,,,,,Matches,
Senegal,all_competitions,Seny Dieng,GK,31.0,0.0,,,,,0,,0,0,,4,,,,,,,Matches,
Senegal,all_competitions,Yehvann Diouf,GK,26.0,0.0,,,,,0,,0,0,,6,,,,,,,Matches,
Senegal,all_competitions,Noah Fadiga,"DF,MF",26.0,0.0,,,,,0,,0,0,,1,,,,,,,Matches,
Senegal,all_competitions,Mamadou Lamine Camara,MF,23.0,0.0,,,,,0,,0,0,,1,,,,,,,Matches,
Senegal,all_competitions,Samba Mballo,GK,23.0,0.0,,,,,0,,0,0,,1,,,,,,,Matches,
Senegal,all_competitions,Moustapha Mbow,DF,25.0,0.0,,,,,0,,0,0,,3,,,,,,,Matches,
Senegal,all_competitions,Moussa N'Diaye,DF,23.0,0.0,,,,,0,,0,0,,2,,,,,,,Matches,
Senegal,all_competitions,Abdoulaye Ndiaye,DF,23.0,0.0,,,,,0,,0,0,,3,,,,,,,Matches,
Senegal,all_competitions,Mikayil Ngor Faye,MF,21.0,0.0,,,,,0,,0,0,,2,,,,,,,Matches,
Senegal,all_competitions,Squad Total,,29.1,10.0,900.0,90.0,100.0,10.0,110,83.0,66,44,19.0,76,2.4,22.0,3.0,19.0,1.9,,,
Senegal,all_competitions,Opponent Total,,28.4,10.0,900.0,90.0,100.0,10.0,110,83.0,64,46,21.0,72,0.3,3.0,22.0,-19.0,-1.9,,,
Senegal,all_competitions,Mamadou Sarr,DF,20-289,4.0,330.0,83.0,91.7,3.7,4,83.0,2,0,,0,1.75,7.0,4.0,3.0,0.82,0.82,Matches,
Senegal,all_competitions,Krépin Diatta,"DF,MF",27-109,4.0,306.0,77.0,85.0,3.4,4,77.0,2,0,,0,1.75,5.0,3.0,2.0,0.59,-1.08,Matches,
Senegal,all_competitions,Lamine Camara,MF,22-164,4.0,255.0,64.0,70.8,2.8,3,69.0,0,1,49.0,0,1.75,6.0,3.0,3.0,1.06,1.06,Matches,
Senegal,all_competitions,Habib Diarra,MF,22-162,4.0,238.0,60.0,66.1,2.6,3,71.0,0,1,24.0,0,1.75,4.0,4.0,0.0,0.0,-2.21,Matches,
Senegal,all_competitions,Moussa Niakhaté,DF,30-098,3.0,201.0,67.0,55.8,2.2,2,90.0,2,1,21.0,1,1.33,2.0,0.0,2.0,0.9,0.33,Matches,
Senegal,all_competitions,Mory Diaw,GK,32-357,2.0,180.0,90.0,50.0,2.0,2,90.0,2,0,,2,1.5,4.0,3.0,1.0,0.5,-0.5,Matches,
Senegal,all_competitions,El Hadji Malick Diouf,"MF,DF",21-168,3.0,180.0,60.0,50.0,2.0,2,68.0,1,1,45.0,1,1.33,4.0,2.0,2.0,1.0,0.5,Matches,
Senegal,all_competitions,Ismail Jakobs,DF,26-301,3.0,180.0,60.0,50.0,2.0,2,68.0,1,1,45.0,1,1.33,3.0,2.0,1.0,0.5,-0.5,Matches,
Senegal,all_competitions,Ismaila Sarr,"MF,FW",28-109,3.0,171.0,57.0,47.5,1.9,2,71.0,0,1,29.0,0,2.33,4.0,1.0,3.0,1.58,1.58,Matches,
Senegal,all_competitions,Pathé Ciss,MF,32-090,2.0,169.0,85.0,46.9,1.9,2,85.0,0,0,,1,2.0,2.0,1.0,1.0,0.53,-0.41,Matches,
Senegal,all_competitions,Cherif Ndiaye,FW,30-142,4.0,149.0,37.0,41.4,1.7,2,53.0,0,2,22.0,0,1.75,1.0,1.0,0.0,0.0,-1.28,Matches,
Senegal,all_competitions,Nicolas Jackson,FW,24-359,3.0,146.0,49.0,40.6,1.6,2,62.0,0,1,22.0,1,1.33,4.0,2.0,2.0,1.23,0.81,Matches,
Senegal,all_competitions,Sadio Mané,"MF,FW",34-065,2.0,141.0,71.0,39.2,1.6,2,71.0,0,0,,0,0.5,2.0,2.0,0.0,0.0,-1.23,Matches,
Senegal,all_competitions,Abdoulaye Seck,DF,34-010,2.0,135.0,68.0,37.5,1.5,2,68.0,1,0,,2,1.5,4.0,3.0,1.0,0.67,-0.13,Matches,
Senegal,all_competitions,Iliman Ndiaye,"MF,FW",26-100,2.0,130.0,65.0,36.1,1.4,2,65.0,0,0,,0,0.5,2.0,3.0,-1.0,-0.69,-2.26,Matches,
Senegal,all_competitions,Ibrahim Mbaye,FW,18-141,3.0,120.0,40.0,33.3,1.3,1,67.0,0,2,27.0,0,2.33,4.0,1.0,3.0,2.25,2.25,Matches,
Senegal,all_competitions,Pape Gueye,MF,27-141,2.0,111.0,56.0,30.8,1.2,1,66.0,0,1,45.0,2,1.5,3.0,1.0,2.0,1.62,1.26,Matches,
Senegal,all_competitions,Idrissa Gueye,MF,36-261,3.0,104.0,35.0,28.9,1.2,1,90.0,1,2,7.0,0,2.33,3.0,0.0,3.0,2.6,2.6,Matches,
Senegal,all_competitions,Assane Diao,MF,20-280,3.0,100.0,33.0,27.8,1.1,1,45.0,0,2,28.0,0,2.0,1.0,1.0,0.0,0.0,-1.04,Matches,
Senegal,all_competitions,Yehvann Diouf,GK,26-210,1.0,90.0,90.0,25.0,1.0,1,90.0,1,0,,2,3.0,3.0,1.0,2.0,2.0,1.67,Matches,
Senegal,all_competitions,Édouard Mendy,GK,34-105,1.0,90.0,90.0,25.0,1.0,1,90.0,1,0,,0,1.0,0.0,0.0,0.0,0.0,-1.0,Matches,
Senegal,all_competitions,Bara Sapoko Ndiaye,MF,18-165,1.0,90.0,90.0,25.0,1.0,1,90.0,1,0,,1,0.0,2.0,3.0,-1.0,-1.0,-2.33,Matches,
Senegal,all_competitions,Nobel Mendy,DF,21-284,1.0,41.0,41.0,11.4,0.5,1,41.0,0,0,,1,3.0,0.0,0.0,0.0,0.0,-0.85,Matches,
Senegal,all_competitions,Bamba Dieng,FW,26-083,3.0,71.0,24.0,19.7,0.8,0,,0,3,24.0,1,1.33,2.0,1.0,1.0,1.27,0.64,Matches,
Senegal,all_competitions,Pape Matar Sarr,MF,23-273,3.0,60.0,20.0,16.7,0.7,0,,0,3,20.0,0,1.33,0.0,0.0,0.0,0.0,-0.9,Matches,
Senegal,all_competitions,Antoine Mendy,DF,22-018,2.0,54.0,27.0,15.0,0.6,0,,0,2,27.0,1,2.0,2.0,1.0,1.0,1.67,1.08,Matches,
Senegal,all_competitions,Moustapha Mbow,DF,26-098,1.0,45.0,45.0,12.5,0.5,0,,0,1,45.0,1,0.0,1.0,1.0,0.0,0.0,-0.86,Matches,
Senegal,all_competitions,Mamadou Diakhon,FW,20-265,1.0,27.0,27.0,7.5,0.3,0,,0,1,27.0,1,3.0,1.0,0.0,1.0,3.33,2.79,Matches,
Senegal,all_competitions,Boulaye Dia,"FW,MF",29-210,1.0,23.0,23.0,6.4,0.3,0,,0,1,23.0,1,3.0,0.0,0.0,0.0,0.0,-0.8,Matches,
Senegal,all_competitions,Kalidou Koulibaly,DF,34-359,1.0,9.0,9.0,2.5,0.1,0,,0,1,9.0,0,1.0,0.0,0.0,0.0,0.0,-0.77,Matches,
Senegal,all_competitions,Habib Diallo,FW,30-361,1.0,7.0,7.0,1.9,0.1,0,,0,1,7.0,1,3.0,1.0,0.0,1.0,12.86,12.35,Matches,
Senegal,all_competitions,Ilay Camara,"DF,MF",23-147,0.0,,,,,0,,0,0,,1,,,,,,,Matches,
Senegal,all_competitions,Pape Mamadou Sy,GK,29-043,0.0,,,,,0,,0,0,,1,,,,,,,Matches,
Senegal,all_competitions,Squad Total,,26.5,4.0,360.0,90.0,100.0,4.0,44,73.0,15,29,26.0,23,1.75,7.0,4.0,3.0,0.75,,,
Senegal,all_competitions,Opponent Total,,27.4,4.0,360.0,90.0,100.0,4.0,44,73.0,11,33,34.0,21,1.0,4.0,7.0,-3.0,-0.75,,,
Senegal,all_competitions,Krépin Diatta,DF,27-109,12.0,998.0,83.0,79.2,11.1,12,83.0,9,0,,0,2.25,25.0,5.0,20.0,1.8,1.12,Matches,
Senegal,all_competitions,Kalidou Koulibaly,DF,34-359,11.0,909.0,83.0,72.1,10.1,10,90.0,10,1,9.0,0,2.27,22.0,3.0,19.0,1.88,1.11,Matches,
Senegal,all_competitions,Édouard Mendy,GK,34-105,10.0,900.0,90.0,71.4,10.0,10,90.0,10,0,,0,2.2,18.0,3.0,15.0,1.5,-0.25,Matches,
Senegal,all_competitions,Moussa Niakhaté,DF,30-098,11.0,889.0,81.0,70.6,9.9,10,87.0,9,1,21.0,2,2.0,20.0,1.0,19.0,1.92,1.2,Matches,
Senegal,all_competitions,Idrissa Gueye,MF,36-261,12.0,861.0,72.0,68.3,9.6,10,85.0,6,2,7.0,1,2.33,22.0,2.0,20.0,2.09,1.64,Matches,
Senegal,all_competitions,Sadio Mané,"FW,MF",34-065,10.0,779.0,78.0,61.8,8.7,10,78.0,3,0,,0,2.1,19.0,4.0,15.0,1.73,0.42,Matches,
Senegal,all_competitions,Iliman Ndiaye,"FW,MF",26-100,10.0,736.0,74.0,58.4,8.2,10,74.0,1,0,,0,2.1,20.0,5.0,15.0,1.83,0.63,Matches,
Senegal,all_competitions,Pape Matar Sarr,MF,23-273,13.0,709.0,55.0,56.3,7.9,7,81.0,3,6,24.0,0,2.15,17.0,1.0,16.0,2.03,1.05,Matches,
Senegal,all_competitions,Lamine Camara,MF,22-164,12.0,699.0,58.0,55.5,7.8,8,74.0,1,4,27.0,0,2.08,15.0,5.0,10.0,1.29,-0.64,Matches,
Senegal,all_competitions,Ismaila Sarr,"MF,FW",28-109,10.0,688.0,69.0,54.6,7.6,8,80.0,4,2,23.0,1,2.2,14.0,2.0,12.0,1.57,0.0,Matches,
Senegal,all_competitions,El Hadji Malick Diouf,DF,21-168,7.0,540.0,77.0,42.9,6.0,6,83.0,5,1,45.0,1,2.28,18.0,4.0,14.0,2.33,1.33,Matches,
Senegal,all_competitions,Nicolas Jackson,FW,24-359,10.0,493.0,49.0,39.1,5.5,6,70.0,0,4,19.0,1,2.1,14.0,5.0,9.0,1.64,0.12,Matches,
Senegal,all_competitions,Habib Diarra,MF,22-162,8.0,458.0,57.0,36.3,5.1,6,68.0,1,2,26.0,0,2.13,9.0,5.0,4.0,0.79,-1.23,Matches,
Senegal,all_competitions,Abdoulaye Seck,DF,34-010,6.0,437.0,73.0,34.7,4.9,5,81.0,4,1,32.0,8,2.17,9.0,6.0,3.0,0.62,-1.46,Matches,
Senegal,all_competitions,Pape Gueye,MF,27-141,7.0,430.0,61.0,34.1,4.8,5,71.0,1,2,37.0,3,2.0,10.0,4.0,6.0,1.26,-0.48,Matches,
Senegal,all_competitions,Ismail Jakobs,DF,26-301,5.0,360.0,72.0,28.6,4.0,4,79.0,3,1,45.0,3,1.6,7.0,2.0,5.0,1.25,-0.45,Matches,
Senegal,all_competitions,Habib Diallo,FW,30-361,6.0,334.0,56.0,26.5,3.7,4,79.0,1,2,10.0,4,2.67,10.0,0.0,10.0,2.69,1.53,Matches,
Senegal,all_competitions,Mamadou Sarr,DF,20-289,4.0,330.0,83.0,91.7,3.7,4,83.0,2,0,,0,1.75,7.0,4.0,3.0,0.82,0.82,Matches,
Senegal,all_competitions,Pathé Ciss,"DF,MF",32-090,9.0,282.0,31.0,22.4,3.1,2,85.0,0,7,16.0,4,2.33,3.0,2.0,1.0,0.32,-1.61,Matches,
Senegal,all_competitions,Mory Diaw,GK,32-357,3.0,270.0,90.0,21.4,3.0,3,90.0,3,0,,11,2.0,8.0,3.0,5.0,1.67,0.12,Matches,
Senegal,all_competitions,Cherif Ndiaye,"FW,MF",30-142,9.0,230.0,26.0,18.3,2.6,2,53.0,0,7,18.0,3,2.0,3.0,1.0,2.0,0.78,-0.96,Matches,
Senegal,all_competitions,Assane Diao,FW,20-280,5.0,202.0,40.0,16.0,2.2,2,68.0,1,3,22.0,0,2.0,3.0,1.0,2.0,0.89,-0.81,Matches,
Senegal,all_competitions,Boulaye Dia,FW,29-210,4.0,191.0,48.0,15.2,2.1,2,80.0,0,2,16.0,3,2.5,2.0,0.0,2.0,0.94,-0.74,Matches,
Senegal,all_competitions,Antoine Mendy,DF,22-018,4.0,180.0,45.0,14.3,2.0,1,90.0,1,3,30.0,5,2.0,3.0,1.0,2.0,1.0,-0.67,Matches,
Senegal,all_competitions,Ibrahim Mbaye,FW,18-141,3.0,120.0,40.0,33.3,1.3,1,67.0,0,2,27.0,0,2.33,4.0,1.0,3.0,2.25,2.25,Matches,
Senegal,all_competitions,Abdou Diallo,DF,30-041,2.0,108.0,54.0,12.0,1.2,1,90.0,1,1,18.0,4,3.0,1.0,0.0,1.0,0.83,-1.21,Matches,
Senegal,all_competitions,Yehvann Diouf,GK,26-210,1.0,90.0,90.0,7.1,1.0,1,90.0,1,0,,8,3.0,3.0,1.0,2.0,2.0,1.67,Matches,
Senegal,all_competitions,Bara Sapoko Ndiaye,MF,18-165,1.0,90.0,90.0,25.0,1.0,1,90.0,1,0,,1,0.0,2.0,3.0,-1.0,-1.0,-2.33,Matches,
Senegal,all_competitions,Ilay Camara,DF,23-147,2.0,74.0,37.0,5.9,0.8,1,54.0,0,1,20.0,3,3.0,2.0,0.0,2.0,2.43,0.58,Matches,
Senegal,all_competitions,Formose Mendy,DF,25-163,2.0,73.0,37.0,8.1,0.8,0,,0,2,37.0,2,3.0,0.0,0.0,0.0,0.0,-2.07,Matches,
Senegal,all_competitions,Bamba Dieng,FW,26-083,3.0,71.0,24.0,19.7,0.8,0,,0,3,24.0,1,1.33,2.0,1.0,1.0,1.27,0.64,Matches,
Senegal,all_competitions,Cheikhou Kouyaté,MF,36-175,1.0,64.0,64.0,7.1,0.7,1,64.0,0,0,,1,1.0,0.0,0.0,0.0,0.0,-2.05,Matches,
Senegal,all_competitions,Cheikh Tidiane Sabaly,"FW,MF",27-102,4.0,54.0,14.0,6.0,0.6,0,,0,4,14.0,0,3.0,3.0,0.0,3.0,5.0,3.3,Matches,
Senegal,all_competitions,Moustapha Mbow,DF,26-098,1.0,45.0,45.0,3.6,0.5,0,,0,1,45.0,4,0.0,1.0,1.0,0.0,0.0,-0.86,Matches,
Senegal,all_competitions,Nobel Mendy,DF,21-284,1.0,41.0,41.0,11.4,0.5,1,41.0,0,0,,1,3.0,0.0,0.0,0.0,0.0,-0.85,Matches,
Senegal,all_competitions,Mamadou Diakhon,FW,20-265,1.0,27.0,27.0,7.5,0.3,0,,0,1,27.0,1,3.0,1.0,0.0,1.0,3.33,2.79,Matches,
Senegal,all_competitions,Dion Lopy,MF,24-132,1.0,27.0,27.0,3.0,0.3,0,,0,1,27.0,3,3.0,0.0,0.0,0.0,0.0,-1.96,Matches,
Senegal,all_competitions,Abdallah Sima,"FW,MF",24-362,3.0,26.0,9.0,2.9,0.3,0,,0,3,9.0,1,1.67,0.0,1.0,-1.0,-3.46,-5.52,Matches,
Senegal,all_competitions,Cheikh Niasse,MF,26-146,1.0,19.0,19.0,2.1,0.2,0,,0,1,19.0,1,3.0,1.0,0.0,1.0,4.74,2.9,Matches,
Senegal,all_competitions,Nampalys Mendy,MF,33-356,2.0,19.0,10.0,2.1,0.2,0,,0,2,10.0,1,3.0,1.0,0.0,1.0,4.74,2.9,Matches,
Senegal,all_competitions,Mikayil Ngor Faye,MF,21-335,0.0,,,,,0,,0,0,,2,,,,,,,Matches,
Senegal,all_competitions,Abdoulaye Ndiaye,DF,24-065,0.0,,,,,0,,0,0,,3,,,,,,,Matches,
Senegal,all_competitions,Fodé Ballo-Touré,"DF,MF",29-162,0.0,,,,,0,,0,0,,2,,,,,,,Matches,
Senegal,all_competitions,Moussa N'Diaye,DF,23-361,0.0,,,,,0,,0,0,,2,,,,,,,Matches,
Senegal,all_competitions,Noah Fadiga,"DF,MF",26-193,0.0,,,,,0,,0,0,,1,,,,,,,Matches,
Senegal,all_competitions,Mamadou Lamine Camara,MF,23-160,0.0,,,,,0,,0,0,,1,,,,,,,Matches,
Senegal,all_competitions,Seny Dieng,GK,31-203,0.0,,,,,0,,0,0,,4,,,,,,,Matches,
Senegal,all_competitions,Samba Mballo,GK,23-147,0.0,,,,,0,,0,0,,1,,,,,,,Matches,
Senegal,all_competitions,Pape Mamadou Sy,GK,29-043,0.0,,,,,0,,0,0,,1,,,,,,,Matches,
South Africa,all_competitions,Mbekezeli Mbokazi,DF,20-268,1.0,90.0,90.0,100.0,1.0,1,90.0,1,0,,0,0.0,0.0,2.0,-2.0,-2.0,,Matches,
South Africa,all_competitions,Teboho Mokoena,MF,29-141,1.0,90.0,90.0,100.0,1.0,1,90.0,1,0,,0,0.0,0.0,2.0,-2.0,-2.0,,Matches,
South Africa,all_competitions,Khuliso Mudau,DF,31-049,1.0,90.0,90.0,100.0,1.0,1,90.0,1,0,,0,0.0,0.0,2.0,-2.0,-2.0,,Matches,
South Africa,all_competitions,Ime Okon,DF,22-114,1.0,90.0,90.0,100.0,1.0,1,90.0,1,0,,0,0.0,0.0,2.0,-2.0,-2.0,,Matches,
South Africa,all_competitions,Nkosinathi Sibisi,DF,30-265,1.0,90.0,90.0,100.0,1.0,1,90.0,1,0,,0,0.0,0.0,2.0,-2.0,-2.0,,Matches,
South Africa,all_competitions,Ronwen Williams,GK,34-144,1.0,90.0,90.0,100.0,1.0,1,90.0,1,0,,0,0.0,0.0,2.0,-2.0,-2.0,,Matches,
South Africa,all_competitions,Aubrey Modiba,DF,30-327,1.0,76.0,76.0,84.4,0.8,1,76.0,0,0,,0,0.0,0.0,2.0,-2.0,-2.37,-2.37,Matches,
South Africa,all_competitions,Iqraam Rayners,FW,30-177,1.0,75.0,75.0,83.3,0.8,1,75.0,0,0,,0,0.0,0.0,2.0,-2.0,-2.4,-2.4,Matches,
South Africa,all_competitions,Jayden Adams,MF,25-040,1.0,60.0,60.0,66.7,0.7,1,60.0,0,0,,0,0.0,0.0,1.0,-1.0,-1.5,1.5,Matches,
South Africa,all_competitions,Lyle Foster,FW,25-284,1.0,55.0,55.0,61.1,0.6,1,55.0,0,0,,0,0.0,0.0,1.0,-1.0,-1.64,0.94,Matches,
South Africa,all_competitions,Sphephelo Sithole,MF,27-103,1.0,49.0,49.0,54.4,0.5,1,49.0,0,0,,0,0.0,0.0,1.0,-1.0,-1.84,0.36,Matches,
South Africa,all_competitions,Thalente Mbatha,MF,26-090,1.0,35.0,35.0,38.9,0.4,0,,0,1,35.0,0,0.0,0.0,1.0,-1.0,-2.57,-0.94,Matches,
South Africa,all_competitions,Themba Zwane,"FW,MF",36-315,1.0,23.0,23.0,25.6,0.3,0,,0,1,23.0,0,0.0,0.0,1.0,-1.0,-3.91,-2.57,Matches,
South Africa,all_competitions,Evidence Makgopa,FW,26-009,1.0,15.0,15.0,16.7,0.2,0,,0,1,15.0,0,0.0,0.0,0.0,0.0,0.0,2.4,Matches,
South Africa,all_competitions,Oswin Appollis,MF,24-293,1.0,14.0,14.0,15.6,0.2,0,,0,1,14.0,0,0.0,0.0,0.0,0.0,0.0,2.37,Matches,
South Africa,all_competitions,Sipho Chaine,GK,29-182,0.0,,,,,0,,0,0,,1,,,,,,,Matches,
South Africa,all_competitions,Bradley Cross,DF,25-135,0.0,,,,,0,,0,0,,1,,,,,,,Matches,
South Africa,all_competitions,Ricardo Goss,GK,32-073,0.0,,,,,0,,0,0,,1,,,,,,,Matches,
South Africa,all_competitions,Samukele Kabini,DF,22-091,0.0,,,,,0,,0,0,,1,,,,,,,Matches,
South Africa,all_competitions,Olwethu Makhanya,DF,22-045,0.0,,,,,0,,0,0,,1,,,,,,,Matches,
South Africa,all_competitions,Thapelo Maseko,MF,22-215,0.0,,,,,0,,0,0,,1,,,,,,,Matches,
South Africa,all_competitions,Thabang Matuludi,DF,27-151,0.0,,,,,0,,0,0,,1,,,,,,,Matches,
South Africa,all_competitions,Relebohile Mofokeng,MF,21-234,0.0,,,,,0,,0,0,,1,,,,,,,Matches,
South Africa,all_competitions,Tshepang Moremi,MF,25-255,0.0,,,,,0,,0,0,,1,,,,,,,Matches,
South Africa,all_competitions,Khulumani Ndamane,DF,22-129,0.0,,,,,0,,0,0,,1,,,,,,,Matches,
South Africa,all_competitions,Kamogelo Sebelebele,"DF,MF",23-328,0.0,,,,,0,,0,0,,1,,,,,,,Matches,
South Africa,all_competitions,Squad Total,,28.2,1.0,90.0,90.0,100.0,1.0,11,78.0,6,4,22.0,11,0.0,0.0,2.0,-2.0,-2.0,,,
South Africa,all_competitions,Opponent Total,,28.1,1.0,90.0,90.0,100.0,1.0,11,78.0,5,5,18.0,10,3.0,2.0,0.0,2.0,2.0,,,
South Africa,all_competitions,Ronwen Williams,GK,34.0,10.0,900.0,90.0,100.0,10.0,10,90.0,10,0,,0,1.8,17.0,6.0,11.0,1.1,,Matches,
South Africa,all_competitions,Teboho Mokoena,MF,29.0,9.0,801.0,89.0,89.0,8.9,9,89.0,8,0,,0,1.67,15.0,6.0,9.0,1.01,3.74,Matches,
South Africa,all_competitions,Khuliso Mudau,DF,30.0,8.0,720.0,90.0,80.0,8.0,8,90.0,8,0,,0,1.75,13.0,5.0,8.0,1.0,2.0,Matches,
South Africa,all_competitions,Aubrey Modiba,DF,30.0,7.0,623.0,89.0,69.2,6.9,7,89.0,6,0,,1,2.0,12.0,5.0,7.0,1.01,1.34,Matches,
South Africa,all_competitions,Oswin Appollis,MF,24.0,8.0,489.0,61.0,54.3,5.4,5,86.0,2,3,20.0,2,1.88,11.0,2.0,9.0,1.66,2.31,Matches,
South Africa,all_competitions,Nkosinathi Sibisi,DF,30.0,6.0,480.0,80.0,53.3,5.3,5,90.0,5,1,30.0,2,1.67,7.0,3.0,4.0,0.75,0.32,Matches,
South Africa,all_competitions,Siyabonga Ngezana,DF,28.0,5.0,450.0,90.0,50.0,5.0,5,90.0,5,0,,1,1.6,9.0,3.0,6.0,1.2,1.2,Matches,
South Africa,all_competitions,Lyle Foster,FW,25.0,6.0,442.0,74.0,49.1,4.9,5,84.0,1,1,20.0,1,1.5,8.0,1.0,7.0,1.43,1.62,Matches,
South Africa,all_competitions,Percy Tau,MF,31.0,5.0,422.0,84.0,46.9,4.7,5,84.0,2,0,,1,1.4,6.0,4.0,2.0,0.43,-0.33,Matches,
South Africa,all_competitions,Sphephelo Sithole,MF,26.0,5.0,389.0,78.0,43.2,4.3,5,78.0,3,0,,1,1.6,6.0,5.0,1.0,0.23,-0.65,Matches,
South Africa,all_competitions,Themba Zwane,"MF,FW",36.0,4.0,346.0,87.0,38.4,3.8,4,87.0,2,0,,0,1.75,6.0,5.0,1.0,0.26,-0.55,Matches,
South Africa,all_competitions,Sipho Mbule,MF,27.0,4.0,334.0,84.0,37.1,3.7,4,84.0,1,0,,0,2.0,7.0,1.0,6.0,1.62,1.62,Matches,
South Africa,all_competitions,Thalente Mbatha,MF,25.0,5.0,284.0,57.0,31.6,3.2,3,89.0,2,2,8.0,1,2.0,8.0,0.0,8.0,2.54,2.83,Matches,
South Africa,all_competitions,Mbekezeli Mbokazi,DF,20.0,3.0,269.0,90.0,29.9,3.0,3,90.0,2,0,,0,1.67,4.0,1.0,3.0,1.0,0.58,Matches,
South Africa,all_competitions,Mohau Nkota,MF,21.0,4.0,264.0,66.0,29.3,2.9,3,69.0,1,1,56.0,0,2.0,5.0,1.0,4.0,1.36,1.08,Matches,
South Africa,all_competitions,Mothobi Mvala,DF,31.0,3.0,240.0,80.0,26.7,2.7,3,80.0,2,0,,0,2.33,6.0,2.0,4.0,1.5,1.23,Matches,
South Africa,all_competitions,Elias Mokwana,MF,26.0,3.0,180.0,60.0,20.0,2.0,3,60.0,0,0,,3,1.33,4.0,2.0,2.0,1.0,0.5,Matches,
South Africa,all_competitions,Bathusi Aubaas,MF,30.0,7.0,256.0,37.0,28.4,2.8,2,90.0,2,5,15.0,1,1.71,3.0,1.0,2.0,0.7,0.14,Matches,
South Africa,all_competitions,Thapelo Morena,MF,32.0,6.0,251.0,42.0,27.9,2.8,2,62.0,1,4,32.0,0,1.83,6.0,0.0,6.0,2.15,2.15,Matches,
South Africa,all_competitions,Iqraam Rayners,FW,30.0,6.0,188.0,31.0,20.9,2.1,2,80.0,1,4,7.0,0,1.83,4.0,2.0,2.0,0.96,0.45,Matches,
South Africa,all_competitions,Fawaaz Basadien,DF,29.0,2.0,180.0,90.0,20.0,2.0,2,90.0,2,0,,0,1.5,4.0,0.0,4.0,2.0,1.75,Matches,
South Africa,all_competitions,Siyanda Xulu,DF,34.0,2.0,180.0,90.0,20.0,2.0,2,90.0,2,0,,0,1.5,2.0,3.0,-1.0,-0.5,-1.37,Matches,
South Africa,all_competitions,Relebohile Mofokeng,MF,21.0,3.0,158.0,53.0,17.6,1.8,2,79.0,1,1,1.0,3,2.0,3.0,0.0,3.0,1.71,1.34,Matches,
South Africa,all_competitions,Evidence Makgopa,FW,25.0,3.0,142.0,47.0,15.8,1.6,2,68.0,0,1,7.0,1,2.33,5.0,0.0,5.0,3.17,3.05,Matches,
South Africa,all_competitions,Bongokuhle Hlongwane,MF,25.0,2.0,130.0,65.0,14.4,1.4,2,65.0,0,0,,0,1.5,2.0,3.0,-1.0,-0.69,-1.51,Matches,
South Africa,all_competitions,Zuko Mdunyelwa,DF,26.0,2.0,147.0,74.0,16.3,1.6,1,62.0,0,1,85.0,0,2.0,4.0,1.0,3.0,1.84,1.48,Matches,
South Africa,all_competitions,Khulumani Ndamane,DF,21.0,2.0,128.0,64.0,14.2,1.4,1,90.0,1,1,38.0,2,3.0,5.0,0.0,5.0,3.52,3.4,Matches,
South Africa,all_competitions,Mihlali Mayambela,FW,29.0,2.0,101.0,51.0,11.2,1.1,1,90.0,1,1,11.0,0,1.5,0.0,2.0,-2.0,-1.78,-2.68,Matches,
South Africa,all_competitions,Jayden Adams,MF,24.0,2.0,96.0,48.0,10.7,1.1,1,81.0,0,1,15.0,4,1.5,3.0,0.0,3.0,2.81,2.48,Matches,
South Africa,all_competitions,Samukele Kabini,DF,21.0,1.0,90.0,90.0,10.0,1.0,1,90.0,1,0,,3,1.0,1.0,1.0,0.0,0.0,-0.67,Matches,
South Africa,all_competitions,Thabo Moloisane,DF,26.0,1.0,52.0,52.0,5.8,0.6,1,52.0,0,0,,4,3.0,1.0,0.0,1.0,1.73,1.2,Matches,
South Africa,all_competitions,Sydney Mobbie,DF,31.0,1.0,5.0,5.0,0.6,0.1,1,5.0,0,0,,6,3.0,0.0,0.0,0.0,0.0,-0.6,Matches,
South Africa,all_competitions,Zakhele Lepasa,FW,28.0,2.0,78.0,39.0,8.7,0.9,0,,0,2,39.0,0,1.5,0.0,1.0,-1.0,-1.15,-1.92,Matches,
South Africa,all_competitions,Thabiso Monyane,DF,25.0,1.0,28.0,28.0,3.1,0.3,0,,0,1,28.0,0,1.0,0.0,0.0,0.0,0.0,-0.62,Matches,
South Africa,all_competitions,Kamogelo Sebelebele,"DF,MF",23.0,2.0,25.0,13.0,2.8,0.3,0,,0,2,13.0,0,2.0,0.0,0.0,0.0,0.0,-0.62,Matches,
South Africa,all_competitions,Tshepang Moremi,MF,25.0,1.0,11.0,11.0,1.2,0.1,0,,0,1,11.0,1,1.0,0.0,0.0,0.0,0.0,-0.61,Matches,
South Africa,all_competitions,Sibongiseni Mthethwa,MF,31.0,1.0,11.0,11.0,1.2,0.1,0,,0,1,11.0,1,3.0,0.0,0.0,0.0,0.0,-0.61,Matches,
South Africa,all_competitions,Ashley Cupido,FW,24.0,1.0,6.0,6.0,0.7,0.1,0,,0,1,6.0,0,3.0,0.0,0.0,0.0,0.0,-0.6,Matches,
South Africa,all_competitions,Mduduzi Shabalala,MF,22.0,1.0,2.0,2.0,0.2,0.0,0,,0,1,2.0,3,3.0,0.0,0.0,0.0,0.0,-0.6,Matches,
South Africa,all_competitions,Ndamulelo Maphangule,MF,26.0,1.0,1.0,1.0,0.1,0.0,0,,0,1,1.0,1,0.0,0.0,0.0,0.0,0.0,-0.6,Matches,
South Africa,all_competitions,Sipho Chaine,GK,29.0,0.0,,,,,0,,0,0,,6,,,,,,,Matches,
South Africa,all_competitions,Bradley Cross,DF,25.0,0.0,,,,,0,,0,0,,2,,,,,,,Matches,
South Africa,all_competitions,Ricardo Goss,GK,31.0,0.0,,,,,0,,0,0,,10,,,,,,,Matches,
South Africa,all_competitions,Grant Kekana,DF,33.0,0.0,,,,,0,,0,0,,2,,,,,,,Matches,
South Africa,all_competitions,Malibongwe Khoza,DF,21.0,0.0,,,,,0,,0,0,,2,,,,,,,Matches,
South Africa,all_competitions,Luke Le Roux,MF,25.0,0.0,,,,,0,,0,0,,2,,,,,,,Matches,
South Africa,all_competitions,Vuyo Letlapa,DF,22.0,0.0,,,,,0,,0,0,,2,,,,,,,Matches,
South Africa,all_competitions,Patrick Maswanganyi,MF,27.0,0.0,,,,,0,,0,0,,2,,,,,,,Matches,
South Africa,all_competitions,Thabang Matuludi,DF,27.0,0.0,,,,,0,,0,0,,2,,,,,,,Matches,
South Africa,all_competitions,Veli Mothwa,GK,34.0,0.0,,,,,0,,0,0,,4,,,,,,,Matches,
South Africa,all_competitions,Given Msimango,DF,28.0,0.0,,,,,0,,0,0,,2,,,,,,,Matches,
South Africa,all_competitions,Tapelo Xoki,DF,30.0,0.0,,,,,0,,0,0,,2,,,,,,,Matches,
South Africa,all_competitions,Squad Total,,28.9,10.0,900.0,90.0,100.0,10.0,110,83.0,72,37,20.0,81,1.8,15.0,9.0,6.0,0.6,,,
South Africa,all_competitions,Opponent Total,,28.5,10.0,900.0,90.0,100.0,10.0,110,83.0,66,43,21.0,74,0.9,9.0,15.0,-6.0,-0.6,,,
South Africa,all_competitions,Ime Okon,DF,22-114,3.0,246,82.0,91.1,2.7,3,82.0,2,0,,0,0.67,2.0,3.0,-1.0,-0.37,-0.37,Matches,
South Africa,all_competitions,Tshepang Moremi,MF,25-255,3.0,194,65.0,71.9,2.2,3,65.0,1,0,,0,0.67,1.0,2.0,-1.0,-0.46,-0.46,Matches,
South Africa,all_competitions,Lyle Foster,FW,25-284,3.0,161,54.0,59.6,1.8,3,54.0,0,0,,0,0.67,1.0,1.0,0.0,0.0,0.83,Matches,
South Africa,all_competitions,Aubrey Modiba,DF,30-327,2.0,172,86.0,63.7,1.9,2,86.0,1,0,,1,0.5,2.0,3.0,-1.0,-0.52,-0.52,Matches,
South Africa,all_competitions,Khuliso Mudau,DF,31-049,2.0,172,86.0,63.7,1.9,2,86.0,1,0,,1,0.5,2.0,3.0,-1.0,-0.52,-0.52,Matches,
South Africa,all_competitions,Sphephelo Sithole,MF,27-103,3.0,171,57.0,63.3,1.9,2,75.0,1,1,22.0,0,0.67,1.0,2.0,-1.0,-0.53,-0.53,Matches,
South Africa,all_competitions,Teboho Mokoena,MF,29-141,2.0,155,78.0,57.4,1.7,2,78.0,0,0,,1,0.5,2.0,3.0,-1.0,-0.58,-0.58,Matches,
South Africa,all_competitions,Ronwen Williams,GK,34-144,2.0,135,68.0,50.0,1.5,2,68.0,1,0,,1,0.5,1.0,1.0,0.0,0.0,0.67,Matches,
South Africa,all_competitions,Themba Zwane,MF,36-315,3.0,135,45.0,50.0,1.5,2,52.0,0,1,31.0,0,0.67,2.0,2.0,0.0,0.0,0.67,Matches,
South Africa,all_competitions,Oswin Appollis,MF,24-293,3.0,166,55.0,61.5,1.8,1,90.0,1,2,38.0,0,0.67,2.0,2.0,0.0,0.0,0.87,Matches,
South Africa,all_competitions,Relebohile Mofokeng,MF,21-234,3.0,135,45.0,50.0,1.5,1,59.0,0,2,38.0,0,0.67,0.0,1.0,-1.0,-0.67,-0.67,Matches,
South Africa,all_competitions,Jayden Adams,MF,25-040,3.0,123,41.0,45.6,1.4,1,68.0,0,2,28.0,0,0.67,1.0,1.0,0.0,0.0,0.61,Matches,
South Africa,all_competitions,Thabang Matuludi,DF,27-151,2.0,98,49.0,36.3,1.1,1,90.0,1,1,8.0,1,1.0,0.0,0.0,0.0,0.0,0.52,Matches,
South Africa,all_competitions,Thalente Mbatha,MF,26-090,3.0,91,30.0,33.7,1.0,1,66.0,0,2,13.0,0,0.67,0.0,0.0,0.0,0.0,0.5,Matches,
South Africa,all_competitions,Olwethu Makhanya,DF,22-045,1.0,90,90.0,33.3,1.0,1,90.0,1,0,,0,1.0,0.0,0.0,0.0,0.0,0.5,Matches,
South Africa,all_competitions,Mbekezeli Mbokazi,DF,20-268,1.0,90,90.0,33.3,1.0,1,90.0,1,0,,2,0.0,1.0,2.0,-1.0,-1.0,-1.0,Matches,
South Africa,all_competitions,Khulumani Ndamane,DF,22-129,1.0,90,90.0,33.3,1.0,1,90.0,1,0,,2,1.0,1.0,1.0,0.0,0.0,0.5,Matches,
South Africa,all_competitions,Samukele Kabini,DF,22-091,2.0,74,37.0,27.4,0.8,1,66.0,0,1,8.0,1,1.0,0.0,0.0,0.0,0.0,0.46,Matches,
South Africa,all_competitions,Bongokuhle Hlongwane,MF,25-359,1.0,59,59.0,21.9,0.7,1,59.0,0,0,,1,0.0,0.0,1.0,-1.0,-1.53,-1.53,Matches,
South Africa,all_competitions,Ricardo Goss,GK,32-073,1.0,45,45.0,16.7,0.5,1,45.0,0,0,,2,1.0,0.0,0.0,0.0,0.0,0.4,Matches,
South Africa,all_competitions,Kamogelo Sebelebele,MF,23-328,1.0,45,45.0,16.7,0.5,1,45.0,0,0,,0,1.0,0.0,0.0,0.0,0.0,0.4,Matches,
South Africa,all_competitions,Thapelo Maseko,MF,22-215,2.0,76,38.0,28.1,0.8,0,,0,2,38.0,1,0.5,1.0,1.0,0.0,0.0,0.46,Matches,
South Africa,all_competitions,Evidence Makgopa,FW,26-009,2.0,64,32.0,23.7,0.7,0,,0,2,32.0,1,0.5,1.0,2.0,-1.0,-1.41,-1.41,Matches,
South Africa,all_competitions,Sipho Chaine,GK,29-182,1.0,45,45.0,16.7,0.5,0,,0,1,45.0,0,1.0,0.0,0.0,0.0,0.0,0.4,Matches,
South Africa,all_competitions,Renaldo Leaner,GK,28-122,1.0,45,45.0,16.7,0.5,0,,0,1,45.0,1,0.0,1.0,2.0,-1.0,-2.0,-2.0,Matches,
South Africa,all_competitions,Iqraam Rayners,"FW,MF",30-177,1.0,45,45.0,16.7,0.5,0,,0,1,45.0,0,1.0,0.0,0.0,0.0,0.0,0.4,Matches,
South Africa,all_competitions,Bradley Cross,DF,25-135,1.0,24,24.0,8.9,0.3,0,,0,1,24.0,0,1.0,0.0,0.0,0.0,0.0,0.37,Matches,
South Africa,all_competitions,Nkosinathi Sibisi,DF,30-265,1.0,24,24.0,8.9,0.3,0,,0,1,24.0,2,1.0,0.0,0.0,0.0,0.0,0.37,Matches,
South Africa,all_competitions,Squad Total,,26.8,3.0,270,90.0,100.0,3.0,33,71.0,12,21,30.0,18,0.67,2.0,3.0,-1.0,-0.33,,,
South Africa,all_competitions,Opponent Total,,28.2,3.0,270,90.0,100.0,3.0,33,71.0,15,18,24.0,16,1.67,3.0,2.0,1.0,0.33,,,
South Africa,all_competitions,Ronwen Williams,GK,34-144,13.0,"1,125",87.0,89.3,12.5,13,87.0,12,0,,1,1.46,18.0,9.0,9.0,0.72,4.72,Matches,
South Africa,all_competitions,Teboho Mokoena,MF,29-141,12.0,"1,046",87.0,83.0,11.6,12,87.0,9,0,,1,1.34,17.0,11.0,6.0,0.52,1.78,Matches,
South Africa,all_competitions,Khuliso Mudau,DF,31-049,11.0,982,89.0,77.9,10.9,11,89.0,10,0,,1,1.36,15.0,10.0,5.0,0.46,1.11,Matches,
South Africa,all_competitions,Aubrey Modiba,DF,30-327,10.0,871,87.0,69.1,9.7,10,87.0,7,0,,2,1.5,14.0,10.0,4.0,0.41,0.64,Matches,
South Africa,all_competitions,Oswin Appollis,MF,24-293,12.0,669,56.0,53.1,7.4,6,87.0,3,6,25.0,2,1.42,13.0,4.0,9.0,1.21,2.12,Matches,
South Africa,all_competitions,Lyle Foster,FW,25-284,10.0,658,66.0,52.2,7.3,9,71.0,1,1,20.0,1,1.1,9.0,3.0,6.0,0.82,1.27,Matches,
South Africa,all_competitions,Sphephelo Sithole,MF,27-103,9.0,609,68.0,48.3,6.8,8,73.0,4,1,22.0,1,1.11,7.0,8.0,-1.0,-0.15,-0.7,Matches,
South Africa,all_competitions,Nkosinathi Sibisi,DF,30-265,8.0,594,74.0,47.1,6.6,6,90.0,6,2,27.0,4,1.38,7.0,5.0,2.0,0.3,0.17,Matches,
South Africa,all_competitions,Themba Zwane,"FW,MF",36-315,8.0,504,63.0,40.0,5.6,6,75.0,2,2,27.0,0,1.13,8.0,8.0,0.0,0.0,-0.36,Matches,
South Africa,all_competitions,Siyabonga Ngezana,DF,28-334,5.0,450,90.0,50.0,5.0,5,90.0,5,0,,1,1.6,9.0,3.0,6.0,1.2,1.2,Matches,
South Africa,all_competitions,Mbekezeli Mbokazi,DF,20-268,5.0,449,90.0,35.6,5.0,5,90.0,4,0,,2,1.0,5.0,5.0,0.0,0.0,-0.33,Matches,
South Africa,all_competitions,Percy Tau,MF,32-032,5.0,422,84.0,46.9,4.7,5,84.0,2,0,,1,1.4,6.0,4.0,2.0,0.43,-0.33,Matches,
South Africa,all_competitions,Thalente Mbatha,MF,26-090,9.0,410,46.0,32.5,4.6,4,84.0,2,5,15.0,1,1.33,8.0,1.0,7.0,1.54,1.96,Matches,
South Africa,all_competitions,Ime Okon,DF,22-114,4.0,336,84.0,93.3,3.7,4,84.0,3,0,,0,0.5,2.0,5.0,-3.0,-0.8,-0.8,Matches,
South Africa,all_competitions,Sipho Mbule,MF,28-084,4.0,334,84.0,37.1,3.7,4,84.0,1,0,,0,2.0,7.0,1.0,6.0,1.62,1.62,Matches,
South Africa,all_competitions,Iqraam Rayners,FW,30-177,8.0,308,39.0,24.4,3.4,3,78.0,1,5,15.0,0,1.5,4.0,4.0,0.0,0.0,-0.28,Matches,
South Africa,all_competitions,Relebohile Mofokeng,MF,21-234,6.0,293,49.0,23.3,3.3,3,72.0,1,3,26.0,4,1.34,3.0,1.0,2.0,0.61,0.31,Matches,
South Africa,all_competitions,Jayden Adams,MF,25-040,6.0,279,47.0,22.1,3.1,3,70.0,0,3,23.0,4,0.84,4.0,2.0,2.0,0.65,0.55,Matches,
South Africa,all_competitions,Mohau Nkota,MF,21-217,4.0,264,66.0,29.3,2.9,3,69.0,1,1,56.0,0,2.0,5.0,1.0,4.0,1.36,1.08,Matches,
South Africa,all_competitions,Bathusi Aubaas,MF,31-031,7.0,256,37.0,28.4,2.8,2,90.0,2,5,15.0,1,1.71,3.0,1.0,2.0,0.7,0.14,Matches,
South Africa,all_competitions,Thapelo Morena,MF,32-312,6.0,251,42.0,27.9,2.8,2,62.0,1,4,32.0,0,1.83,6.0,0.0,6.0,2.15,2.15,Matches,
South Africa,all_competitions,Mothobi Mvala,DF,32-000,3.0,240,80.0,26.7,2.7,3,80.0,2,0,,0,2.33,6.0,2.0,4.0,1.5,1.23,Matches,
South Africa,all_competitions,Evidence Makgopa,FW,26-009,6.0,221,37.0,17.5,2.5,2,68.0,0,4,22.0,2,1.33,6.0,2.0,4.0,1.63,1.72,Matches,
South Africa,all_competitions,Khulumani Ndamane,DF,22-129,3.0,218,73.0,17.3,2.4,2,90.0,2,1,38.0,5,2.33,6.0,1.0,5.0,2.06,2.06,Matches,
South Africa,all_competitions,Tshepang Moremi,MF,25-255,4.0,205,51.0,16.3,2.3,3,65.0,1,1,11.0,2,0.75,1.0,2.0,-1.0,-0.44,-1.0,Matches,
South Africa,all_competitions,Bongokuhle Hlongwane,MF,25-359,3.0,189,63.0,16.2,2.1,3,63.0,0,0,,1,1.0,2.0,4.0,-2.0,-0.95,-1.59,Matches,
South Africa,all_competitions,Siyanda Xulu,DF,34-166,2.0,180,90.0,20.0,2.0,2,90.0,2,0,,0,1.5,2.0,3.0,-1.0,-0.5,-1.37,Matches,
South Africa,all_competitions,Fawaaz Basadien,DF,29-173,2.0,180,90.0,20.0,2.0,2,90.0,2,0,,0,1.5,4.0,0.0,4.0,2.0,1.75,Matches,
South Africa,all_competitions,Elias Mokwana,MF,26-279,3.0,180,60.0,20.0,2.0,3,60.0,0,0,,3,1.33,4.0,2.0,2.0,1.0,0.5,Matches,
South Africa,all_competitions,Samukele Kabini,DF,22-091,3.0,164,55.0,13.0,1.8,2,78.0,1,1,8.0,5,1.0,1.0,1.0,0.0,0.0,-0.45,Matches,
South Africa,all_competitions,Zuko Mdunyelwa,DF,26-340,2.0,147,74.0,16.3,1.6,1,62.0,0,1,85.0,0,2.0,4.0,1.0,3.0,1.84,1.48,Matches,
South Africa,all_competitions,Mihlali Mayambela,FW,29-293,2.0,101,51.0,11.2,1.1,1,90.0,1,1,11.0,0,1.5,0.0,2.0,-2.0,-1.78,-2.68,Matches,
South Africa,all_competitions,Thabang Matuludi,DF,27-151,2.0,98,49.0,7.8,1.1,1,90.0,1,1,8.0,4,1.0,0.0,0.0,0.0,0.0,0.52,Matches,
South Africa,all_competitions,Olwethu Makhanya,DF,22-045,1.0,90,90.0,25.0,1.0,1,90.0,1,0,,1,1.0,0.0,0.0,0.0,0.0,0.5,Matches,
South Africa,all_competitions,Zakhele Lepasa,FW,29-087,2.0,78,39.0,8.7,0.9,0,,0,2,39.0,0,1.5,0.0,1.0,-1.0,-1.15,-1.92,Matches,
South Africa,all_competitions,Thapelo Maseko,MF,22-215,2.0,76,38.0,21.1,0.8,0,,0,2,38.0,2,0.5,1.0,1.0,0.0,0.0,0.46,Matches,
South Africa,all_competitions,Kamogelo Sebelebele,"DF,MF",23-328,3.0,70,23.0,5.6,0.8,1,45.0,0,2,13.0,1,1.67,0.0,0.0,0.0,0.0,-0.41,Matches,
South Africa,all_competitions,Thabo Moloisane,DF,27-110,1.0,52,52.0,5.8,0.6,1,52.0,0,0,,4,3.0,1.0,0.0,1.0,1.73,1.2,Matches,
South Africa,all_competitions,Ricardo Goss,GK,32-073,1.0,45,45.0,3.6,0.5,1,45.0,0,0,,13,1.0,0.0,0.0,0.0,0.0,0.4,Matches,
South Africa,all_competitions,Sipho Chaine,GK,29-182,1.0,45,45.0,3.6,0.5,0,,0,1,45.0,7,1.0,0.0,0.0,0.0,0.0,0.4,Matches,
South Africa,all_competitions,Renaldo Leaner,GK,28-122,1.0,45,45.0,16.7,0.5,0,,0,1,45.0,1,0.0,1.0,2.0,-1.0,-2.0,-2.0,Matches,
South Africa,all_competitions,Thabiso Monyane,DF,26-045,1.0,28,28.0,3.1,0.3,0,,0,1,28.0,0,1.0,0.0,0.0,0.0,0.0,-0.62,Matches,
South Africa,all_competitions,Bradley Cross,DF,25-135,1.0,24,24.0,1.9,0.3,0,,0,1,24.0,3,1.0,0.0,0.0,0.0,0.0,0.37,Matches,
South Africa,all_competitions,Sibongiseni Mthethwa,MF,32-056,1.0,11,11.0,1.2,0.1,0,,0,1,11.0,1,3.0,0.0,0.0,0.0,0.0,-0.61,Matches,
South Africa,all_competitions,Ashley Cupido,FW,25-040,1.0,6,6.0,0.7,0.1,0,,0,1,6.0,0,3.0,0.0,0.0,0.0,0.0,-0.6,Matches,
South Africa,all_competitions,Sydney Mobbie,DF,31-276,1.0,5,5.0,0.6,0.1,1,5.0,0,0,,6,3.0,0.0,0.0,0.0,0.0,-0.6,Matches,
South Africa,all_competitions,Mduduzi Shabalala,MF,22-145,1.0,2,2.0,0.2,0.0,0,,0,1,2.0,3,3.0,0.0,0.0,0.0,0.0,-0.6,Matches,
South Africa,all_competitions,Ndamulelo Maphangule,MF,26-235,1.0,1,1.0,0.1,0.0,0,,0,1,1.0,1,0.0,0.0,0.0,0.0,0.0,-0.6,Matches,
South Africa,all_competitions,Patrick Maswanganyi,MF,28-071,0.0,,,,,0,,0,0,,2,,,,,,,Matches,
South Africa,all_competitions,Tapelo Xoki,DF,31-065,0.0,,,,,0,,0,0,,2,,,,,,,Matches,
South Africa,all_competitions,Vuyo Letlapa,DF,22-310,0.0,,,,,0,,0,0,,2,,,,,,,Matches,
South Africa,all_competitions,Malibongwe Khoza,DF,22-090,0.0,,,,,0,,0,0,,2,,,,,,,Matches,
South Africa,all_competitions,Luke Le Roux,MF,26-096,0.0,,,,,0,,0,0,,2,,,,,,,Matches,
South Africa,all_competitions,Veli Mothwa,GK,35-122,0.0,,,,,0,,0,0,,4,,,,,,,Matches,
South Africa,all_competitions,Given Msimango,DF,29-041,0.0,,,,,0,,0,0,,2,,,,,,,Matches,
South Africa,all_competitions,Grant Kekana,DF,33-226,0.0,,,,,0,,0,0,,2,,,,,,,Matches,
Spain,all_competitions,Álex Baena,"FW,MF",24-329,3.0,203.0,68.0,56.4,2.3,3,68.0,0,0,,1,2.33,7.0,1.0,6.0,2.66,3.23,Matches,
Spain,all_competitions,Ferrán Torres,"FW,MF",26-105,4.0,202.0,51.0,56.1,2.2,3,58.0,0,1,28.0,0,2.0,5.0,2.0,3.0,1.34,0.2,Matches,
Spain,all_competitions,Aymeric Laporte,DF,32-018,3.0,180.0,60.0,50.0,2.0,3,60.0,1,0,,1,2.33,6.0,1.0,5.0,2.5,2.5,Matches,
Spain,all_competitions,Pedro Porro,DF,26-274,3.0,184.0,61.0,51.1,2.0,2,81.0,1,1,22.0,1,1.67,1.0,1.0,0.0,0.0,-2.56,Matches,
Spain,all_competitions,Rodri,MF,29-357,3.0,181.0,60.0,50.3,2.0,2,68.0,0,1,45.0,0,2.33,6.0,0.0,6.0,2.98,3.49,Matches,
Spain,all_competitions,Dani Olmo,MF,28-038,4.0,180.0,45.0,50.0,2.0,2,45.0,0,2,45.0,0,2.0,3.0,2.0,1.0,0.5,-1.5,Matches,
Spain,all_competitions,Marc Cucurella,DF,27-327,2.0,158.0,79.0,43.9,1.8,2,79.0,1,0,,1,3.0,6.0,1.0,5.0,2.85,2.85,Matches,
Spain,all_competitions,Marcos Llorente,DF,31-135,2.0,158.0,79.0,43.9,1.8,2,79.0,1,0,,2,3.0,6.0,1.0,5.0,2.85,2.85,Matches,
Spain,all_competitions,Álex Grimaldo,DF,30-267,3.0,157.0,52.0,43.6,1.7,2,68.0,1,1,22.0,1,1.67,1.0,1.0,0.0,0.0,-2.22,Matches,
Spain,all_competitions,Pedri,MF,23-201,3.0,150.0,50.0,41.7,1.7,2,53.0,0,1,45.0,0,2.33,5.0,0.0,5.0,3.0,3.0,Matches,
Spain,all_competitions,Pau Cubarsí,DF,19-143,2.0,142.0,71.0,39.4,1.6,2,71.0,0,0,,2,3.0,6.0,0.0,6.0,3.8,4.22,Matches,
Spain,all_competitions,Unai Simón,GK,29-003,2.0,135.0,68.0,37.5,1.5,2,68.0,1,0,,2,3.0,5.0,0.0,5.0,3.33,3.33,Matches,
Spain,all_competitions,Mikel Oyarzabal,FW,29-054,2.0,107.0,54.0,29.7,1.2,2,54.0,0,0,,1,3.0,4.0,0.0,4.0,3.36,3.01,Matches,
Spain,all_competitions,Lamine Yamal,FW,18-336,2.0,107.0,54.0,29.7,1.2,2,54.0,0,0,,0,2.0,2.0,0.0,2.0,1.68,0.62,Matches,
Spain,all_competitions,David Raya,GK,30-272,2.0,106.0,53.0,29.4,1.2,1,61.0,0,1,45.0,1,2.0,1.0,1.0,0.0,0.0,-1.77,Matches,
Spain,all_competitions,Joan García,GK,25-041,2.0,101.0,51.0,28.1,1.1,1,72.0,0,1,29.0,1,1.0,1.0,1.0,0.0,0.0,-1.74,Matches,
Spain,all_competitions,Cristhian Mosquera,DF,21-352,2.0,98.0,49.0,27.2,1.1,1,90.0,1,1,8.0,0,2.0,0.0,0.0,0.0,0.0,-1.72,Matches,
Spain,all_competitions,Borja Iglesias,FW,33-148,3.0,96.0,32.0,26.7,1.1,1,45.0,0,2,26.0,1,1.67,1.0,1.0,0.0,0.0,-1.7,Matches,
Spain,all_competitions,Pablo Fornals,MF,30-112,2.0,90.0,45.0,25.0,1.0,1,45.0,0,1,45.0,0,2.0,1.0,0.0,1.0,1.0,-0.33,Matches,
Spain,all_competitions,Dean Huijsen,DF,21-061,1.0,90.0,90.0,25.0,1.0,1,90.0,1,0,,1,1.0,0.0,0.0,0.0,0.0,-1.67,Matches,
Spain,all_competitions,Fermin López,MF,23-034,2.0,90.0,45.0,25.0,1.0,1,45.0,0,1,45.0,0,2.0,2.0,0.0,2.0,2.0,1.0,Matches,
Spain,all_competitions,Gavi,MF,21-313,2.0,88.0,44.0,24.4,1.0,1,58.0,0,1,30.0,0,2.0,1.0,2.0,-1.0,-1.02,-3.01,Matches,
Spain,all_competitions,Ander Barrenetxea,FW,24-169,1.0,72.0,72.0,20.0,0.8,1,72.0,0,0,,1,1.0,0.0,0.0,0.0,0.0,-1.56,Matches,
Spain,all_competitions,Marc Bernal,MF,19-019,1.0,58.0,58.0,16.1,0.6,1,58.0,0,0,,0,1.0,1.0,1.0,0.0,0.0,-1.49,Matches,
Spain,all_competitions,Jon Martin,DF,20-052,1.0,58.0,58.0,16.1,0.6,1,58.0,0,0,,0,1.0,1.0,1.0,0.0,0.0,-1.49,Matches,
Spain,all_competitions,Fabián Ruiz Peña,MF,30-072,1.0,45.0,45.0,12.5,0.5,1,45.0,0,0,,0,3.0,2.0,0.0,2.0,4.0,3.14,Matches,
Spain,all_competitions,Carlos Soler,MF,29-163,1.0,45.0,45.0,12.5,0.5,1,45.0,0,0,,1,1.0,0.0,0.0,0.0,0.0,-1.43,Matches,
Spain,all_competitions,Yeremi Pino,"FW,MF",23-237,4.0,122.0,31.0,33.9,1.4,0,,0,4,31.0,0,2.0,1.0,1.0,0.0,0.0,-1.89,Matches,
Spain,all_competitions,Eric García,"DF,MF",25-156,2.0,90.0,45.0,25.0,1.0,0,,0,2,45.0,0,2.0,1.0,1.0,0.0,0.0,-1.67,Matches,
Spain,all_competitions,Víctor Muñoz,MF,22-336,2.0,73.0,37.0,20.3,0.8,0,,0,2,37.0,0,2.0,1.0,0.0,1.0,1.23,-0.02,Matches,
Spain,all_competitions,Marc Pubill,DF,22-359,2.0,62.0,31.0,17.2,0.7,0,,0,2,31.0,0,2.0,0.0,1.0,-1.0,-1.45,-3.26,Matches,
Spain,all_competitions,Mikel Merino,MF,29-357,2.0,53.0,27.0,14.7,0.6,0,,0,2,27.0,0,2.0,0.0,1.0,-1.0,-1.7,-3.46,Matches,
Spain,all_competitions,Gonzalo García,FW,22-082,1.0,45.0,45.0,12.5,0.5,0,,0,1,45.0,0,1.0,0.0,0.0,0.0,0.0,-1.43,Matches,
Spain,all_competitions,Sergio Gómez,"DF,MF",25-283,1.0,45.0,45.0,12.5,0.5,0,,0,1,45.0,0,1.0,0.0,0.0,0.0,0.0,-1.43,Matches,
Spain,all_competitions,Jesus Rodríguez,MF,20-205,1.0,45.0,45.0,12.5,0.5,0,,0,1,45.0,0,1.0,0.0,0.0,0.0,0.0,-1.43,Matches,
Spain,all_competitions,Martín Zubimendi,MF,27-132,2.0,44.0,22.0,12.2,0.5,0,,0,2,22.0,0,3.0,0.0,1.0,-1.0,-2.05,-3.75,Matches,
Spain,all_competitions,Javier Guerra,MF,23-032,1.0,32.0,32.0,8.9,0.4,0,,0,1,32.0,0,1.0,0.0,0.0,0.0,0.0,-1.37,Matches,
Spain,all_competitions,Beñat Turrientes,MF,24-134,1.0,32.0,32.0,8.9,0.4,0,,0,1,32.0,0,1.0,0.0,0.0,0.0,0.0,-1.37,Matches,
Spain,all_competitions,Javi Rodríguez,DF,22-352,1.0,18.0,18.0,5.0,0.2,0,,0,1,18.0,0,1.0,0.0,0.0,0.0,0.0,-1.32,Matches,
Spain,all_competitions,Leo Román,GK,25-343,1.0,18.0,18.0,5.0,0.2,0,,0,1,18.0,0,1.0,0.0,0.0,0.0,0.0,-1.32,Matches,
Spain,all_competitions,Álex Remiro,GK,31-082,0.0,,,,,0,,0,0,,2,,,,,,,Matches,
Spain,all_competitions,Squad Total,,26.3,4.0,360.0,90.0,100.0,4.0,44,63.0,8,36,33.0,20,2.0,7.0,2.0,5.0,1.25,,,
Spain,all_competitions,Opponent Total,,28.2,4.0,360.0,90.0,100.0,4.0,44,63.0,13,31,22.0,27,0.5,2.0,7.0,-5.0,-1.25,,,
Spain,all_competitions,Unai Simón,GK,28.0,6.0,540.0,90.0,100.0,6.0,6,90.0,6,0,,0,2.67,21.0,2.0,19.0,3.17,,Matches,
Spain,all_competitions,Mikel Merino,MF,29.0,6.0,466.0,78.0,86.3,5.2,6,78.0,4,0,,0,2.67,19.0,1.0,18.0,3.48,2.26,Matches,
Spain,all_competitions,Mikel Oyarzabal,"FW,MF",28.0,6.0,442.0,74.0,81.9,4.9,6,74.0,2,0,,0,2.67,21.0,2.0,19.0,3.87,3.87,Matches,
Spain,all_competitions,Marc Cucurella,DF,27.0,5.0,450.0,90.0,83.3,5.0,5,90.0,5,0,,1,2.6,17.0,2.0,15.0,3.0,-1.0,Matches,
Spain,all_competitions,Martín Zubimendi,MF,26.0,5.0,365.0,73.0,67.6,4.1,5,73.0,1,0,,1,3.0,17.0,0.0,17.0,4.19,3.16,Matches,
Spain,all_competitions,Pedro Porro,DF,26.0,5.0,360.0,72.0,66.7,4.0,5,72.0,2,0,,1,3.0,18.0,0.0,18.0,4.5,4.0,Matches,
Spain,all_competitions,Pedri,MF,23.0,4.0,297.0,74.0,55.0,3.3,4,74.0,1,0,,0,3.0,13.0,0.0,13.0,3.94,1.72,Matches,
Spain,all_competitions,Robin Le Normand,DF,29.0,4.0,295.0,74.0,54.6,3.3,4,74.0,2,0,,0,3.0,13.0,0.0,13.0,3.97,1.76,Matches,
Spain,all_competitions,Pau Cubarsí,DF,19.0,4.0,315.0,79.0,58.3,3.5,3,90.0,3,1,45.0,2,2.5,8.0,2.0,6.0,1.71,-3.49,Matches,
Spain,all_competitions,Aymeric Laporte,DF,31.0,3.0,270.0,90.0,50.0,3.0,3,90.0,3,0,,0,2.33,10.0,2.0,8.0,2.67,-1.0,Matches,
Spain,all_competitions,Ferrán Torres,FW,25.0,4.0,261.0,65.0,48.3,2.9,2,85.0,1,2,46.0,1,2.5,11.0,1.0,10.0,3.45,0.55,Matches,
Spain,all_competitions,Álex Baena,"MF,FW",24.0,4.0,208.0,52.0,38.5,2.3,2,76.0,1,2,28.0,0,2.5,6.0,0.0,6.0,2.6,-0.93,Matches,
Spain,all_competitions,Dean Huijsen,DF,20.0,2.0,180.0,90.0,33.3,2.0,2,90.0,2,0,,0,3.0,9.0,0.0,9.0,4.5,2.0,Matches,
Spain,all_competitions,Yeremi Pino,FW,23.0,4.0,163.0,41.0,30.2,1.8,2,62.0,0,2,20.0,0,2.5,6.0,2.0,4.0,2.21,-1.37,Matches,
Spain,all_competitions,Lamine Yamal,FW,18.0,2.0,150.0,75.0,27.8,1.7,2,75.0,0,0,,0,3.0,9.0,0.0,9.0,5.4,3.09,Matches,
Spain,all_competitions,Fabián Ruiz Peña,MF,29.0,2.0,143.0,72.0,26.5,1.6,2,72.0,0,0,,0,2.0,5.0,2.0,3.0,1.89,-1.74,Matches,
Spain,all_competitions,Nico Williams,FW,23.0,2.0,113.0,57.0,20.9,1.3,2,57.0,0,0,,0,3.0,5.0,0.0,5.0,3.98,1.03,Matches,
Spain,all_competitions,Marcos Llorente,DF,31.0,3.0,151.0,50.0,28.0,1.7,1,90.0,1,2,31.0,1,2.33,3.0,2.0,1.0,0.6,-3.57,Matches,
Spain,all_competitions,Aleix García,MF,28.0,3.0,128.0,43.0,23.7,1.4,1,90.0,1,2,19.0,3,2.33,4.0,2.0,2.0,1.41,-2.31,Matches,
Spain,all_competitions,Dani Olmo,FW,27.0,2.0,93.0,47.0,17.2,1.0,1,73.0,0,1,20.0,2,2.0,2.0,2.0,0.0,0.0,-3.83,Matches,
Spain,all_competitions,Álex Grimaldo,DF,30.0,1.0,90.0,90.0,16.7,1.0,1,90.0,1,0,,4,3.0,4.0,0.0,4.0,4.0,1.0,Matches,
Spain,all_competitions,Samu Omorodion,FW,21.0,2.0,74.0,37.0,13.7,0.8,1,45.0,0,1,29.0,1,2.0,1.0,0.0,1.0,1.22,-2.26,Matches,
Spain,all_competitions,Borja Iglesias,FW,33.0,3.0,91.0,30.0,16.9,1.0,0,,0,3,30.0,1,3.0,3.0,0.0,3.0,2.97,-0.24,Matches,
Spain,all_competitions,Pablo Barrios,MF,22.0,3.0,69.0,23.0,12.8,0.8,0,,0,3,23.0,1,3.0,3.0,0.0,3.0,3.91,0.86,Matches,
Spain,all_competitions,Fermin López,MF,22.0,3.0,69.0,23.0,12.8,0.8,0,,0,3,23.0,1,2.33,1.0,0.0,1.0,1.3,-2.14,Matches,
Spain,all_competitions,Rodri,"DF,MF",29.0,2.0,47.0,24.0,8.7,0.5,0,,0,2,24.0,0,3.0,0.0,0.0,0.0,0.0,-3.47,Matches,
Spain,all_competitions,Dani Carvajal,DF,34.0,1.0,29.0,29.0,5.4,0.3,0,,0,1,29.0,1,3.0,0.0,0.0,0.0,0.0,-3.35,Matches,
Spain,all_competitions,Jorge de Frutos,"FW,MF",28.0,1.0,23.0,23.0,4.3,0.3,0,,0,1,23.0,2,3.0,0.0,0.0,0.0,0.0,-3.31,Matches,
Spain,all_competitions,Daniel Vivian,DF,26.0,1.0,20.0,20.0,3.7,0.2,0,,0,1,20.0,3,3.0,2.0,0.0,2.0,9.0,6.06,Matches,
Spain,all_competitions,Álvaro Morata,FW,33.0,1.0,18.0,18.0,3.3,0.2,0,,0,1,18.0,1,3.0,0.0,0.0,0.0,0.0,-3.28,Matches,
Spain,all_competitions,Jesus Rodríguez,MF,20.0,1.0,12.0,12.0,2.2,0.1,0,,0,1,12.0,2,3.0,0.0,0.0,0.0,0.0,-3.24,Matches,
Spain,all_competitions,Pablo Fornals,"FW,MF",29.0,1.0,8.0,8.0,1.5,0.1,0,,0,1,8.0,1,1.0,0.0,0.0,0.0,0.0,-3.21,Matches,
Spain,all_competitions,David Raya,GK,30.0,0.0,,,,,0,,0,0,,6,,,,,,,Matches,
Spain,all_competitions,Álex Remiro,GK,30.0,0.0,,,,,0,,0,0,,6,,,,,,,Matches,
Spain,all_competitions,Squad Total,,26.8,6.0,540.0,90.0,100.0,6.0,66,78.0,36,30,26.0,42,2.67,21.0,2.0,19.0,3.17,,,
Spain,all_competitions,Opponent Total,,27.2,6.0,540.0,90.0,100.0,6.0,66,78.0,36,30,21.0,41,0.17,2.0,21.0,-19.0,-3.17,,,
Spain,all_competitions,Unai Simón,GK,29-003,8.0,675.0,84.0,75.0,7.5,8,84.0,7,0,,2,2.75,26.0,2.0,24.0,3.2,3.2,Matches,
Spain,all_competitions,Marc Cucurella,DF,27-327,7.0,608.0,87.0,67.6,6.8,7,87.0,6,0,,2,2.71,23.0,3.0,20.0,2.96,1.73,Matches,
Spain,all_competitions,Mikel Oyarzabal,"FW,MF",29-054,8.0,549.0,69.0,61.0,6.1,8,69.0,2,0,,1,2.75,25.0,2.0,23.0,3.77,3.51,Matches,
Spain,all_competitions,Pedro Porro,DF,26-274,8.0,544.0,68.0,60.4,6.0,7,75.0,3,1,22.0,2,2.5,19.0,1.0,18.0,2.98,1.46,Matches,
Spain,all_competitions,Mikel Merino,MF,29-357,8.0,519.0,65.0,57.7,5.8,6,78.0,4,2,27.0,0,2.5,19.0,2.0,17.0,2.95,1.29,Matches,
Spain,all_competitions,Ferrán Torres,FW,26-105,8.0,463.0,58.0,51.4,5.1,5,69.0,1,3,40.0,1,2.25,16.0,3.0,13.0,2.53,0.26,Matches,
Spain,all_competitions,Pau Cubarsí,DF,19-143,6.0,457.0,76.0,50.8,5.1,5,82.0,3,1,45.0,4,2.67,14.0,2.0,12.0,2.36,-0.07,Matches,
Spain,all_competitions,Aymeric Laporte,DF,32-018,6.0,450.0,75.0,50.0,5.0,6,75.0,4,0,,1,2.33,16.0,3.0,13.0,2.6,0.4,Matches,
Spain,all_competitions,Pedri,MF,23-201,7.0,447.0,64.0,49.7,5.0,6,67.0,1,1,45.0,0,2.71,18.0,0.0,18.0,3.62,2.43,Matches,
Spain,all_competitions,Álex Baena,"MF,FW",24-329,7.0,411.0,59.0,45.7,4.6,5,71.0,1,2,28.0,1,2.43,13.0,1.0,12.0,2.63,0.42,Matches,
Spain,all_competitions,Martín Zubimendi,MF,27-132,7.0,409.0,58.0,45.4,4.5,5,73.0,1,2,22.0,1,3.0,17.0,1.0,16.0,3.52,2.05,Matches,
Spain,all_competitions,Marcos Llorente,DF,31-135,5.0,309.0,62.0,34.3,3.4,3,83.0,2,2,31.0,3,2.6,9.0,3.0,6.0,1.75,-0.99,Matches,
Spain,all_competitions,Robin Le Normand,DF,29-215,4.0,295.0,74.0,54.6,3.3,4,74.0,2,0,,0,3.0,13.0,0.0,13.0,3.97,1.76,Matches,
Spain,all_competitions,Yeremi Pino,FW,23-237,8.0,285.0,36.0,31.7,3.2,2,62.0,0,6,27.0,0,2.25,7.0,3.0,4.0,1.26,-1.66,Matches,
Spain,all_competitions,Dani Olmo,FW,28-038,6.0,273.0,46.0,30.3,3.0,3,54.0,0,3,37.0,2,2.0,5.0,4.0,1.0,0.33,-2.97,Matches,
Spain,all_competitions,Dean Huijsen,DF,21-061,3.0,270.0,90.0,30.0,3.0,3,90.0,3,0,,1,2.33,9.0,0.0,9.0,3.0,0.86,Matches,
Spain,all_competitions,Lamine Yamal,FW,18-336,4.0,257.0,64.0,28.6,2.9,4,64.0,0,0,,0,2.5,11.0,0.0,11.0,3.85,2.03,Matches,
Spain,all_competitions,Álex Grimaldo,DF,30-267,4.0,247.0,62.0,27.4,2.7,3,75.0,2,1,22.0,5,2.0,5.0,1.0,4.0,1.46,-1.3,Matches,
Spain,all_competitions,Rodri,"DF,MF",29-357,5.0,228.0,46.0,25.3,2.5,2,68.0,0,3,31.0,0,2.6,6.0,0.0,6.0,2.37,-0.04,Matches,
Spain,all_competitions,Fabián Ruiz Peña,MF,30-072,3.0,188.0,63.0,20.9,2.1,3,63.0,0,0,,0,2.33,7.0,2.0,5.0,2.39,-0.01,Matches,
Spain,all_competitions,Borja Iglesias,FW,33-148,6.0,187.0,31.0,20.8,2.1,1,45.0,0,5,28.0,2,2.34,4.0,1.0,3.0,1.44,-1.21,Matches,
Spain,all_competitions,Fermin López,MF,23-034,5.0,159.0,32.0,17.7,1.8,1,45.0,0,4,29.0,1,2.2,3.0,0.0,3.0,1.7,-0.85,Matches,
Spain,all_competitions,Aleix García,MF,28-351,3.0,128.0,43.0,23.7,1.4,1,90.0,1,2,19.0,3,2.33,4.0,2.0,2.0,1.41,-2.31,Matches,
Spain,all_competitions,Nico Williams,FW,23-337,2.0,113.0,57.0,20.9,1.3,2,57.0,0,0,,0,3.0,5.0,0.0,5.0,3.98,1.03,Matches,
Spain,all_competitions,David Raya,GK,30-272,2.0,106.0,53.0,11.8,1.2,1,61.0,0,1,45.0,7,2.0,1.0,1.0,0.0,0.0,-1.77,Matches,
Spain,all_competitions,Joan García,GK,25-041,2.0,101.0,51.0,28.1,1.1,1,72.0,0,1,29.0,1,1.0,1.0,1.0,0.0,0.0,-1.74,Matches,
Spain,all_competitions,Pablo Fornals,"FW,MF",30-112,3.0,98.0,33.0,10.9,1.1,1,45.0,0,2,27.0,1,1.67,1.0,0.0,1.0,0.92,-1.66,Matches,
Spain,all_competitions,Cristhian Mosquera,DF,21-352,2.0,98.0,49.0,27.2,1.1,1,90.0,1,1,8.0,0,2.0,0.0,0.0,0.0,0.0,-1.72,Matches,
Spain,all_competitions,Eric García,"DF,MF",25-156,2.0,90.0,45.0,25.0,1.0,0,,0,2,45.0,0,2.0,1.0,1.0,0.0,0.0,-1.67,Matches,
Spain,all_competitions,Gavi,MF,21-313,2.0,88.0,44.0,24.4,1.0,1,58.0,0,1,30.0,0,2.0,1.0,2.0,-1.0,-1.02,-3.01,Matches,
Spain,all_competitions,Samu Omorodion,FW,22-040,2.0,74.0,37.0,13.7,0.8,1,45.0,0,1,29.0,1,2.0,1.0,0.0,1.0,1.22,-2.26,Matches,
Spain,all_competitions,Víctor Muñoz,MF,22-336,2.0,73.0,37.0,20.3,0.8,0,,0,2,37.0,0,2.0,1.0,0.0,1.0,1.23,-0.02,Matches,
Spain,all_competitions,Ander Barrenetxea,FW,24-169,1.0,72.0,72.0,20.0,0.8,1,72.0,0,0,,1,1.0,0.0,0.0,0.0,0.0,-1.56,Matches,
Spain,all_competitions,Pablo Barrios,MF,22-364,3.0,69.0,23.0,12.8,0.8,0,,0,3,23.0,1,3.0,3.0,0.0,3.0,3.91,0.86,Matches,
Spain,all_competitions,Marc Pubill,DF,22-359,2.0,62.0,31.0,17.2,0.7,0,,0,2,31.0,0,2.0,0.0,1.0,-1.0,-1.45,-3.26,Matches,
Spain,all_competitions,Jon Martin,DF,20-052,1.0,58.0,58.0,16.1,0.6,1,58.0,0,0,,0,1.0,1.0,1.0,0.0,0.0,-1.49,Matches,
Spain,all_competitions,Marc Bernal,MF,19-019,1.0,58.0,58.0,16.1,0.6,1,58.0,0,0,,0,1.0,1.0,1.0,0.0,0.0,-1.49,Matches,
Spain,all_competitions,Jesus Rodríguez,MF,20-205,2.0,57.0,29.0,6.3,0.6,0,,0,2,29.0,2,2.0,0.0,0.0,0.0,0.0,-2.56,Matches,
Spain,all_competitions,Carlos Soler,MF,29-163,1.0,45.0,45.0,12.5,0.5,1,45.0,0,0,,1,1.0,0.0,0.0,0.0,0.0,-1.43,Matches,
Spain,all_competitions,Sergio Gómez,"DF,MF",25-283,1.0,45.0,45.0,12.5,0.5,0,,0,1,45.0,0,1.0,0.0,0.0,0.0,0.0,-1.43,Matches,
Spain,all_competitions,Gonzalo García,FW,22-082,1.0,45.0,45.0,12.5,0.5,0,,0,1,45.0,0,1.0,0.0,0.0,0.0,0.0,-1.43,Matches,
Spain,all_competitions,Javier Guerra,MF,23-032,1.0,32.0,32.0,8.9,0.4,0,,0,1,32.0,0,1.0,0.0,0.0,0.0,0.0,-1.37,Matches,
Spain,all_competitions,Beñat Turrientes,MF,24-134,1.0,32.0,32.0,8.9,0.4,0,,0,1,32.0,0,1.0,0.0,0.0,0.0,0.0,-1.37,Matches,
Spain,all_competitions,Dani Carvajal,DF,34-154,1.0,29.0,29.0,5.4,0.3,0,,0,1,29.0,1,3.0,0.0,0.0,0.0,0.0,-3.35,Matches,
Spain,all_competitions,Jorge de Frutos,"FW,MF",29-114,1.0,23.0,23.0,4.3,0.3,0,,0,1,23.0,2,3.0,0.0,0.0,0.0,0.0,-3.31,Matches,
Spain,all_competitions,Daniel Vivian,DF,26-334,1.0,20.0,20.0,3.7,0.2,0,,0,1,20.0,3,3.0,2.0,0.0,2.0,9.0,6.06,Matches,
Spain,all_competitions,Álvaro Morata,FW,33-234,1.0,18.0,18.0,3.3,0.2,0,,0,1,18.0,1,3.0,0.0,0.0,0.0,0.0,-3.28,Matches,
Spain,all_competitions,Leo Román,GK,25-343,1.0,18.0,18.0,5.0,0.2,0,,0,1,18.0,0,1.0,0.0,0.0,0.0,0.0,-1.32,Matches,
Spain,all_competitions,Javi Rodríguez,DF,22-352,1.0,18.0,18.0,5.0,0.2,0,,0,1,18.0,0,1.0,0.0,0.0,0.0,0.0,-1.32,Matches,
Spain,all_competitions,Álex Remiro,GK,31-082,0.0,,,,,0,,0,0,,8,,,,,,,Matches,
Sweden,all_competitions,Daniel Svensson,"MF,DF",24-122,2.0,169.0,85.0,93.9,1.9,2,85.0,1,0,,0,0.5,3.0,4.0,-1.0,-0.53,7.65,Matches,
Sweden,all_competitions,Yasin Ayari,MF,22-251,2.0,108.0,54.0,60.0,1.2,2,54.0,0,0,,0,0.5,1.0,4.0,-3.0,-2.5,-3.75,Matches,
Sweden,all_competitions,Isak Hien,DF,27-152,2.0,108.0,54.0,60.0,1.2,2,54.0,0,0,,0,0.5,1.0,4.0,-3.0,-2.5,-3.75,Matches,
Sweden,all_competitions,Gustaf Lagerbielke,DF,26-065,2.0,108.0,54.0,60.0,1.2,2,54.0,0,0,,0,0.5,1.0,4.0,-3.0,-2.5,-3.75,Matches,
Sweden,all_competitions,Benjamin Nygren,MF,24-341,2.0,109.0,55.0,60.6,1.2,1,64.0,0,1,45.0,0,0.5,2.0,1.0,1.0,0.83,4.63,Matches,
Sweden,all_competitions,Alexander Bernhardsson,MF,27-279,2.0,108.0,54.0,60.0,1.2,1,63.0,0,1,45.0,0,0.5,2.0,1.0,1.0,0.83,4.58,Matches,
Sweden,all_competitions,Mattias Svanberg,MF,27-160,2.0,108.0,54.0,60.0,1.2,1,63.0,0,1,45.0,0,0.5,2.0,1.0,1.0,0.83,4.58,Matches,
Sweden,all_competitions,Alexander Isak,FW,26-266,2.0,91.0,46.0,50.6,1.0,1,62.0,0,1,29.0,0,0.5,2.0,1.0,1.0,0.99,4.02,Matches,
Sweden,all_competitions,Kristoffer Nordfeldt,GK,36-356,1.0,90.0,90.0,50.0,1.0,1,90.0,1,0,,1,1.0,2.0,2.0,0.0,0.0,2.0,Matches,
Sweden,all_competitions,Jacob Widell Zetterström,GK,27-338,1.0,90.0,90.0,50.0,1.0,1,90.0,1,0,,1,0.0,1.0,3.0,-2.0,-2.0,-2.0,Matches,
Sweden,all_competitions,Gustaf Nilsson,FW,29-022,2.0,87.0,44.0,48.3,1.0,1,61.0,0,1,26.0,0,0.5,1.0,4.0,-3.0,-3.1,-4.07,Matches,
Sweden,all_competitions,Lucas Bergvall,MF,20-132,2.0,73.0,37.0,40.6,0.8,1,45.0,0,1,28.0,0,0.5,1.0,4.0,-3.0,-3.7,-4.54,Matches,
Sweden,all_competitions,Anthony Elanga,FW,24-048,2.0,73.0,37.0,40.6,0.8,1,45.0,0,1,28.0,0,0.5,1.0,4.0,-3.0,-3.7,-4.54,Matches,
Sweden,all_competitions,Jesper Karlström,MF,30-358,2.0,72.0,36.0,40.0,0.8,1,45.0,0,1,27.0,0,0.5,1.0,4.0,-3.0,-3.75,-4.58,Matches,
Sweden,all_competitions,Eric Smith,DF,29-157,2.0,72.0,36.0,40.0,0.8,1,45.0,0,1,27.0,0,0.5,1.0,4.0,-3.0,-3.75,-4.58,Matches,
Sweden,all_competitions,Gabriel Gudmundsson,MF,27-046,1.0,63.0,63.0,35.0,0.7,1,63.0,0,0,,0,1.0,1.0,1.0,0.0,0.0,1.54,Matches,
Sweden,all_competitions,Herman Johansson,MF,28-241,1.0,63.0,63.0,35.0,0.7,1,63.0,0,0,,1,0.0,0.0,3.0,-3.0,-4.29,-5.05,Matches,
Sweden,all_competitions,Viktor Gyökeres,FW,28-010,1.0,62.0,62.0,34.4,0.7,1,62.0,0,0,,0,1.0,1.0,1.0,0.0,0.0,1.53,Matches,
Sweden,all_competitions,Besfort Zeneli,MF,23-205,2.0,72.0,36.0,40.0,0.8,0,,0,2,36.0,0,0.5,2.0,1.0,1.0,1.25,3.75,Matches,
Sweden,all_competitions,Hjalmar Ekdal,DF,27-236,2.0,56.0,28.0,31.1,0.6,0,,0,2,28.0,0,0.5,1.0,1.0,0.0,0.0,1.45,Matches,
Sweden,all_competitions,Sebastian Nanasi,"FW,MF",24-029,1.0,45.0,45.0,25.0,0.5,0,,0,1,45.0,1,0.0,1.0,0.0,1.0,2.0,4.0,Matches,
Sweden,all_competitions,Ken Sema,"FW,MF",32-257,1.0,45.0,45.0,25.0,0.5,0,,0,1,45.0,1,0.0,1.0,0.0,1.0,2.0,4.0,Matches,
Sweden,all_competitions,Taha Ali,"FW,MF",27-348,1.0,27.0,27.0,15.0,0.3,0,,0,1,27.0,1,1.0,1.0,1.0,0.0,0.0,1.18,Matches,
Sweden,all_competitions,Victor Lindelöf,DF,31-332,1.0,27.0,27.0,15.0,0.3,0,,0,1,27.0,0,0.0,1.0,0.0,1.0,3.33,5.1,Matches,
Sweden,all_competitions,Carl Starfelt,DF,31-013,1.0,27.0,27.0,15.0,0.3,0,,0,1,27.0,0,1.0,1.0,1.0,0.0,0.0,1.18,Matches,
Sweden,all_competitions,Elliot Stroud,MF,23-357,1.0,27.0,27.0,15.0,0.3,0,,0,1,27.0,0,1.0,1.0,1.0,0.0,0.0,1.18,Matches,
Sweden,all_competitions,Viktor Johansson,GK,27-273,0.0,,,,,0,,0,0,,2,,,,,,,Matches,
Sweden,all_competitions,Squad Total,,27.1,2.0,180.0,90.0,100.0,2.0,22,62.0,3,19,33.0,8,0.5,3.0,5.0,-2.0,-1.0,,,
Sweden,all_competitions,Opponent Total,,26.9,2.0,180.0,90.0,100.0,2.0,22,62.0,2,20,25.0,7,2.0,5.0,3.0,2.0,1.0,,,
Sweden,all_competitions,Yasin Ayari,MF,22.0,7.0,542.0,77.0,75.3,6.0,7,77.0,3,0,,1,1.0,9.0,11.0,-2.0,-0.33,1.18,Matches,
Sweden,all_competitions,Gabriel Gudmundsson,"MF,DF",26.0,8.0,584.0,73.0,81.1,6.5,6,86.0,4,2,34.0,0,1.0,9.0,12.0,-3.0,-0.46,0.86,Matches,
Sweden,all_competitions,Viktor Gyökeres,FW,27.0,6.0,540.0,90.0,75.0,6.0,6,90.0,6,0,,0,1.17,8.0,10.0,-2.0,-0.33,1.17,Matches,
Sweden,all_competitions,Daniel Svensson,"MF,DF",23.0,8.0,527.0,66.0,73.2,5.9,6,83.0,5,2,16.0,0,1.0,7.0,14.0,-7.0,-1.2,-2.13,Matches,
Sweden,all_competitions,Isak Hien,DF,27.0,6.0,486.0,81.0,67.5,5.4,6,81.0,5,0,,1,0.67,4.0,11.0,-7.0,-1.3,-2.07,Matches,
Sweden,all_competitions,Gustaf Lagerbielke,DF,25.0,6.0,457.0,76.0,63.5,5.1,5,90.0,5,1,7.0,0,1.17,8.0,10.0,-2.0,-0.39,0.63,Matches,
Sweden,all_competitions,Anthony Elanga,"MF,FW",23.0,6.0,413.0,69.0,57.4,4.6,5,74.0,0,1,45.0,1,1.17,7.0,9.0,-2.0,-0.44,0.44,Matches,
Sweden,all_competitions,Alexander Bernhardsson,MF,27.0,6.0,342.0,57.0,47.5,3.8,5,63.0,0,1,25.0,0,0.33,3.0,8.0,-5.0,-1.32,-1.32,Matches,
Sweden,all_competitions,Victor Lindelöf,DF,31.0,4.0,353.0,88.0,49.0,3.9,4,88.0,3,0,,1,1.75,6.0,5.0,1.0,0.25,1.73,Matches,
Sweden,all_competitions,Jesper Karlström,MF,30.0,4.0,312.0,78.0,43.3,3.5,4,78.0,2,0,,4,1.5,6.0,8.0,-2.0,-0.58,0.08,Matches,
Sweden,all_competitions,Benjamin Nygren,"MF,FW",24.0,5.0,316.0,63.0,43.9,3.5,3,87.0,2,2,28.0,3,1.4,7.0,8.0,-1.0,-0.28,0.61,Matches,
Sweden,all_competitions,Viktor Johansson,GK,27.0,3.0,270.0,90.0,37.5,3.0,3,90.0,3,0,,2,0.0,1.0,7.0,-6.0,-2.0,-2.2,Matches,
Sweden,all_competitions,Anton Salétros,MF,29.0,4.0,251.0,63.0,34.9,2.8,2,90.0,2,2,36.0,0,0.25,2.0,5.0,-3.0,-1.08,-0.69,Matches,
Sweden,all_competitions,Carl Starfelt,DF,30.0,3.0,234.0,78.0,32.5,2.6,2,90.0,2,1,54.0,3,2.33,6.0,4.0,2.0,0.77,2.07,Matches,
Sweden,all_competitions,Alexander Isak,FW,26.0,4.0,228.0,57.0,31.7,2.5,2,90.0,2,2,24.0,2,0.0,0.0,5.0,-5.0,-1.97,-1.97,Matches,
Sweden,all_competitions,Kristoffer Nordfeldt,GK,36.0,2.0,180.0,90.0,25.0,2.0,2,90.0,2,0,,6,3.0,6.0,3.0,3.0,1.5,2.83,Matches,
Sweden,all_competitions,Robin Olsen,GK,36.0,2.0,180.0,90.0,25.0,2.0,2,90.0,2,0,,0,0.5,2.0,4.0,-2.0,-1.0,-0.5,Matches,
Sweden,all_competitions,Lucas Bergvall,MF,19.0,4.0,165.0,41.0,22.9,1.8,2,65.0,0,2,18.0,2,1.5,1.0,3.0,-2.0,-1.09,-0.6,Matches,
Sweden,all_competitions,Ken Sema,MF,32.0,4.0,163.0,41.0,22.6,1.8,2,55.0,0,2,27.0,2,0.25,0.0,1.0,-1.0,-0.55,0.09,Matches,
Sweden,all_competitions,Hjalmar Ekdal,DF,27.0,2.0,155.0,78.0,21.5,1.7,2,78.0,1,0,,2,0.5,2.0,4.0,-2.0,-1.16,-0.68,Matches,
Sweden,all_competitions,Hugo Larsson,MF,21.0,2.0,135.0,68.0,18.8,1.5,2,68.0,1,0,,4,0.5,2.0,4.0,-2.0,-1.33,-0.87,Matches,
Sweden,all_competitions,Mattias Svanberg,"MF,FW",27.0,4.0,128.0,32.0,17.8,1.4,2,63.0,0,2,1.0,0,1.75,1.0,3.0,-2.0,-1.41,-0.95,Matches,
Sweden,all_competitions,Besfort Zeneli,MF,23.0,3.0,140.0,47.0,19.4,1.6,1,90.0,1,2,25.0,1,1.33,2.0,3.0,-1.0,-0.64,-0.02,Matches,
Sweden,all_competitions,Roony Bardghji,FW,20.0,3.0,116.0,39.0,16.1,1.3,1,65.0,0,2,26.0,2,0.33,0.0,2.0,-2.0,-1.55,-1.1,Matches,
Sweden,all_competitions,Herman Johansson,MF,28.0,2.0,115.0,58.0,16.0,1.3,1,90.0,1,1,25.0,0,2.0,4.0,1.0,3.0,2.35,3.54,Matches,
Sweden,all_competitions,Isac Lidberg,FW,27.0,2.0,103.0,52.0,14.3,1.1,1,90.0,1,1,13.0,0,0.5,1.0,2.0,-1.0,-0.87,-0.29,Matches,
Sweden,all_competitions,Gustav Lundgren,MF,30.0,2.0,100.0,50.0,13.9,1.1,1,90.0,1,1,10.0,1,2.0,2.0,1.0,1.0,0.9,1.77,Matches,
Sweden,all_competitions,Jacob Widell Zetterström,GK,27.0,1.0,90.0,90.0,12.5,1.0,1,90.0,1,0,,1,1.0,1.0,1.0,0.0,0.0,0.71,Matches,
Sweden,all_competitions,Emil Krafth,DF,31.0,2.0,89.0,45.0,12.4,1.0,1,64.0,0,1,25.0,2,0.5,0.0,1.0,-1.0,-1.01,-0.44,Matches,
Sweden,all_competitions,Emil Holm,DF,25.0,2.0,68.0,34.0,9.4,0.8,1,49.0,0,1,19.0,1,0.0,1.0,2.0,-1.0,-1.32,-0.77,Matches,
Sweden,all_competitions,Emil Forsberg,"FW,MF",34.0,2.0,66.0,33.0,9.2,0.7,0,,0,2,33.0,0,0.5,1.0,2.0,-1.0,-1.36,-0.81,Matches,
Sweden,all_competitions,Sebastian Nanasi,"FW,MF",23.0,1.0,45.0,45.0,6.3,0.5,0,,0,1,45.0,1,0.0,0.0,0.0,0.0,0.0,0.67,Matches,
Sweden,all_competitions,Niclas Eliasson,MF,30.0,1.0,27.0,27.0,3.8,0.3,0,,0,1,27.0,0,1.0,1.0,1.0,0.0,0.0,0.65,Matches,
Sweden,all_competitions,Taha Ali,"FW,MF",27.0,0.0,,,,,0,,0,0,,2,,,,,,,Matches,
Sweden,all_competitions,Samuel Dahl,DF,22.0,0.0,,,,,0,,0,0,,1,,,,,,,Matches,
Sweden,all_competitions,Melker Ellborg,GK,22.0,0.0,,,,,0,,0,0,,2,,,,,,,Matches,
Sweden,all_competitions,Victor Eriksson,DF,25.0,0.0,,,,,0,,0,0,,1,,,,,,,Matches,
Sweden,all_competitions,Jordan Larsson,"FW,MF",28.0,0.0,,,,,0,,0,0,,2,,,,,,,Matches,
Sweden,all_competitions,Gustaf Nilsson,FW,28.0,0.0,,,,,0,,0,0,,2,,,,,,,Matches,
Sweden,all_competitions,Axel Norén,DF,26.0,0.0,,,,,0,,0,0,,2,,,,,,,Matches,
Sweden,all_competitions,Eric Smith,"DF,MF",29.0,0.0,,,,,0,,0,0,,1,,,,,,,Matches,
Sweden,all_competitions,Elliot Stroud,MF,23.0,0.0,,,,,0,,0,0,,1,,,,,,,Matches,
Sweden,all_competitions,Williot Swedberg,"FW,MF",21.0,0.0,,,,,0,,0,0,,1,,,,,,,Matches,
Sweden,all_competitions,Noel Törnqvist,GK,23.0,0.0,,,,,0,,0,0,,5,,,,,,,Matches,
Sweden,all_competitions,Squad Total,,27.0,8.0,720.0,90.0,100.0,8.0,88,81.0,55,33,25.0,63,1.0,10.0,15.0,-5.0,-0.62,,,
Sweden,all_competitions,Opponent Total,,27.9,8.0,720.0,90.0,100.0,8.0,88,81.0,56,32,16.0,62,1.75,15.0,10.0,5.0,0.62,,,
Sweden,all_competitions,Daniel Svensson,"MF,DF",24-122,10.0,696.0,70.0,77.3,7.7,8,83.0,6,2,16.0,0,0.9,10.0,18.0,-8.0,-1.03,-1.48,Matches,
Sweden,all_competitions,Yasin Ayari,MF,22-251,9.0,650.0,72.0,72.2,7.2,9,72.0,3,0,,1,0.89,10.0,15.0,-5.0,-0.69,0.03,Matches,
Sweden,all_competitions,Gabriel Gudmundsson,"MF,DF",27-046,9.0,647.0,72.0,71.9,7.2,7,83.0,4,2,34.0,0,1.0,10.0,13.0,-3.0,-0.42,1.01,Matches,
Sweden,all_competitions,Viktor Gyökeres,FW,28-010,7.0,602.0,86.0,66.9,6.7,7,86.0,6,0,,0,1.15,9.0,11.0,-2.0,-0.3,1.21,Matches,
Sweden,all_competitions,Isak Hien,DF,27-152,8.0,594.0,74.0,66.0,6.6,8,74.0,5,0,,1,0.63,5.0,15.0,-10.0,-1.52,-2.4,Matches,
Sweden,all_competitions,Gustaf Lagerbielke,DF,26-065,8.0,565.0,71.0,62.8,6.3,7,80.0,5,1,7.0,0,1.0,9.0,14.0,-5.0,-0.8,-0.26,Matches,
Sweden,all_competitions,Anthony Elanga,"MF,FW",24-048,8.0,486.0,61.0,54.0,5.4,6,69.0,0,2,37.0,1,1.0,8.0,13.0,-5.0,-0.93,-0.49,Matches,
Sweden,all_competitions,Alexander Bernhardsson,MF,27-279,8.0,450.0,56.0,50.0,5.0,6,63.0,0,2,35.0,0,0.37,5.0,9.0,-4.0,-0.8,-0.2,Matches,
Sweden,all_competitions,Benjamin Nygren,"MF,FW",24-341,7.0,425.0,61.0,47.2,4.7,4,81.0,2,3,34.0,3,1.14,9.0,9.0,0.0,0.0,1.33,Matches,
Sweden,all_competitions,Jesper Karlström,MF,30-358,6.0,384.0,64.0,42.7,4.3,5,71.0,2,1,27.0,4,1.17,7.0,12.0,-5.0,-1.17,-0.82,Matches,
Sweden,all_competitions,Victor Lindelöf,DF,31-332,5.0,380.0,76.0,42.2,4.2,4,88.0,3,1,27.0,1,1.4,7.0,5.0,2.0,0.47,2.03,Matches,
Sweden,all_competitions,Alexander Isak,FW,26-266,6.0,319.0,53.0,35.4,3.5,3,81.0,2,3,26.0,2,0.17,2.0,6.0,-4.0,-1.13,-0.66,Matches,
Sweden,all_competitions,Kristoffer Nordfeldt,GK,36-356,3.0,270.0,90.0,30.0,3.0,3,90.0,3,0,,7,2.33,8.0,5.0,3.0,1.0,2.43,Matches,
Sweden,all_competitions,Viktor Johansson,GK,27-273,3.0,270.0,90.0,30.0,3.0,3,90.0,3,0,,4,0.0,1.0,7.0,-6.0,-2.0,-2.2,Matches,
Sweden,all_competitions,Carl Starfelt,DF,31-013,4.0,261.0,65.0,29.0,2.9,2,90.0,2,2,41.0,3,2.0,7.0,5.0,2.0,0.69,1.96,Matches,
Sweden,all_competitions,Anton Salétros,MF,30-063,4.0,251.0,63.0,34.9,2.8,2,90.0,2,2,36.0,0,0.25,2.0,5.0,-3.0,-1.08,-0.69,Matches,
Sweden,all_competitions,Lucas Bergvall,MF,20-132,6.0,238.0,40.0,26.4,2.6,3,58.0,0,3,21.0,2,1.17,2.0,7.0,-5.0,-1.89,-1.62,Matches,
Sweden,all_competitions,Mattias Svanberg,"MF,FW",27-160,6.0,236.0,39.0,26.2,2.6,3,63.0,0,3,16.0,0,1.33,3.0,4.0,-1.0,-0.38,0.43,Matches,
Sweden,all_competitions,Besfort Zeneli,MF,23-205,5.0,212.0,42.0,23.6,2.4,1,90.0,1,4,31.0,1,1.0,4.0,4.0,0.0,0.0,0.92,Matches,
Sweden,all_competitions,Hjalmar Ekdal,DF,27-236,4.0,211.0,53.0,23.4,2.3,2,78.0,1,2,28.0,2,0.5,3.0,5.0,-2.0,-0.85,-0.2,Matches,
Sweden,all_competitions,Ken Sema,MF,32-257,5.0,208.0,42.0,23.1,2.3,2,55.0,0,3,33.0,3,0.2,1.0,1.0,0.0,0.0,0.91,Matches,
Sweden,all_competitions,Robin Olsen,GK,36-157,2.0,180.0,90.0,25.0,2.0,2,90.0,2,0,,0,0.5,2.0,4.0,-2.0,-1.0,-0.5,Matches,
Sweden,all_competitions,Jacob Widell Zetterström,GK,27-338,2.0,180.0,90.0,20.0,2.0,2,90.0,2,0,,2,0.5,2.0,4.0,-2.0,-1.0,-0.38,Matches,
Sweden,all_competitions,Herman Johansson,MF,28-241,3.0,178.0,59.0,19.8,2.0,2,77.0,1,1,25.0,1,1.33,4.0,4.0,0.0,0.0,0.87,Matches,
Sweden,all_competitions,Hugo Larsson,MF,21-352,2.0,135.0,68.0,18.8,1.5,2,68.0,1,0,,4,0.5,2.0,4.0,-2.0,-1.33,-0.87,Matches,
Sweden,all_competitions,Roony Bardghji,FW,20-211,3.0,116.0,39.0,16.1,1.3,1,65.0,0,2,26.0,2,0.33,0.0,2.0,-2.0,-1.55,-1.1,Matches,
Sweden,all_competitions,Isac Lidberg,FW,27-279,2.0,103.0,52.0,14.3,1.1,1,90.0,1,1,13.0,0,0.5,1.0,2.0,-1.0,-0.87,-0.29,Matches,
Sweden,all_competitions,Gustav Lundgren,MF,31-057,2.0,100.0,50.0,13.9,1.1,1,90.0,1,1,10.0,1,2.0,2.0,1.0,1.0,0.9,1.77,Matches,
Sweden,all_competitions,Sebastian Nanasi,"FW,MF",24-029,2.0,90.0,45.0,10.0,1.0,0,,0,2,45.0,2,0.0,1.0,0.0,1.0,1.0,1.89,Matches,
Sweden,all_competitions,Emil Krafth,DF,31-316,2.0,89.0,45.0,12.4,1.0,1,64.0,0,1,25.0,2,0.5,0.0,1.0,-1.0,-1.01,-0.44,Matches,
Sweden,all_competitions,Gustaf Nilsson,FW,29-022,2.0,87.0,44.0,9.7,1.0,1,61.0,0,1,26.0,2,0.5,1.0,4.0,-3.0,-3.1,-4.07,Matches,
Sweden,all_competitions,Eric Smith,"DF,MF",29-157,2.0,72.0,36.0,8.0,0.8,1,45.0,0,1,27.0,1,0.5,1.0,4.0,-3.0,-3.75,-4.58,Matches,
Sweden,all_competitions,Emil Holm,DF,26-032,2.0,68.0,34.0,9.4,0.8,1,49.0,0,1,19.0,1,0.0,1.0,2.0,-1.0,-1.32,-0.77,Matches,
Sweden,all_competitions,Emil Forsberg,"FW,MF",34-234,2.0,66.0,33.0,9.2,0.7,0,,0,2,33.0,0,0.5,1.0,2.0,-1.0,-1.36,-0.81,Matches,
Sweden,all_competitions,Taha Ali,"FW,MF",27-348,1.0,27.0,27.0,3.0,0.3,0,,0,1,27.0,3,1.0,1.0,1.0,0.0,0.0,1.18,Matches,
Sweden,all_competitions,Niclas Eliasson,MF,30-189,1.0,27.0,27.0,3.8,0.3,0,,0,1,27.0,0,1.0,1.0,1.0,0.0,0.0,0.65,Matches,
Sweden,all_competitions,Elliot Stroud,MF,23-357,1.0,27.0,27.0,3.0,0.3,0,,0,1,27.0,1,1.0,1.0,1.0,0.0,0.0,1.18,Matches,
Sweden,all_competitions,Samuel Dahl,DF,23-102,0.0,,,,,0,,0,0,,1,,,,,,,Matches,
Sweden,all_competitions,Melker Ellborg,GK,23-023,0.0,,,,,0,,0,0,,2,,,,,,,Matches,
Sweden,all_competitions,Williot Swedberg,"FW,MF",22-133,0.0,,,,,0,,0,0,,1,,,,,,,Matches,
Sweden,all_competitions,Noel Törnqvist,GK,24-133,0.0,,,,,0,,0,0,,5,,,,,,,Matches,
Sweden,all_competitions,Axel Norén,DF,27-071,0.0,,,,,0,,0,0,,2,,,,,,,Matches,
Sweden,all_competitions,Jordan Larsson,"FW,MF",28-359,0.0,,,,,0,,0,0,,2,,,,,,,Matches,
Sweden,all_competitions,Victor Eriksson,DF,25-270,0.0,,,,,0,,0,0,,1,,,,,,,Matches,
Switzerland,all_competitions,Manuel Akanji,DF,30-330,1.0,90.0,90.0,100.0,1.0,1,90.0,1,0,,0,1.0,1.0,1.0,0.0,0.0,,Matches,
Switzerland,all_competitions,Nico Elvedi,DF,29-257,1.0,90.0,90.0,100.0,1.0,1,90.0,1,0,,0,1.0,1.0,1.0,0.0,0.0,,Matches,
Switzerland,all_competitions,Breel Embolo,FW,29-120,1.0,90.0,90.0,100.0,1.0,1,90.0,1,0,,0,1.0,1.0,1.0,0.0,0.0,,Matches,
Switzerland,all_competitions,Gregor Kobel,GK,28-190,1.0,90.0,90.0,100.0,1.0,1,90.0,1,0,,0,1.0,1.0,1.0,0.0,0.0,,Matches,
Switzerland,all_competitions,Granit Xhaka,MF,33-260,1.0,90.0,90.0,100.0,1.0,1,90.0,1,0,,0,1.0,1.0,1.0,0.0,0.0,,Matches,
Switzerland,all_competitions,Denis Zakaria,DF,29-206,1.0,90.0,90.0,100.0,1.0,1,90.0,1,0,,0,1.0,1.0,1.0,0.0,0.0,,Matches,
Switzerland,all_competitions,Remo Freuler,MF,34-060,1.0,88.0,88.0,97.8,1.0,1,88.0,0,0,,0,1.0,1.0,0.0,1.0,1.02,46.02,Matches,
Switzerland,all_competitions,Ricardo Rodríguez,DF,33-293,1.0,88.0,88.0,97.8,1.0,1,88.0,0,0,,0,1.0,1.0,0.0,1.0,1.02,46.02,Matches,
Switzerland,all_competitions,Ruben Vargas,MF,27-313,1.0,78.0,78.0,86.7,0.9,1,78.0,0,0,,0,1.0,1.0,0.0,1.0,1.15,8.65,Matches,
Switzerland,all_competitions,Michel Aebischer,MF,29-159,1.0,65.0,65.0,72.2,0.7,1,65.0,0,0,,0,1.0,1.0,0.0,1.0,1.38,4.98,Matches,
Switzerland,all_competitions,Dan Ndoye,MF,25-232,1.0,65.0,65.0,72.2,0.7,1,65.0,0,0,,0,1.0,1.0,0.0,1.0,1.38,4.98,Matches,
Switzerland,all_competitions,Johan Manzambi,MF,20-243,1.0,25.0,25.0,27.8,0.3,0,,0,1,25.0,0,1.0,0.0,1.0,-1.0,-3.6,-4.98,Matches,
Switzerland,all_competitions,Fabian Rieder,"FW,MF",24-118,1.0,25.0,25.0,27.8,0.3,0,,0,1,25.0,0,1.0,0.0,1.0,-1.0,-3.6,-4.98,Matches,
Switzerland,all_competitions,Zeki Amdouni,"FW,MF",25-192,1.0,12.0,12.0,13.3,0.1,0,,0,1,12.0,0,1.0,0.0,1.0,-1.0,-7.5,-8.65,Matches,
Switzerland,all_competitions,Ardon Jashari,MF,23-319,1.0,2.0,2.0,2.2,0.0,0,,0,1,2.0,0,1.0,0.0,1.0,-1.0,-45.0,-46.02,Matches,
Switzerland,all_competitions,Miro Muheim,"DF,MF",28-082,1.0,2.0,2.0,2.2,0.0,0,,0,1,2.0,0,1.0,0.0,1.0,-1.0,-45.0,-46.02,Matches,
Switzerland,all_competitions,Aurèle Amenda,DF,22-318,0.0,,,,,0,,0,0,,1,,,,,,,Matches,
Switzerland,all_competitions,Eray Cömert,DF,28-130,0.0,,,,,0,,0,0,,1,,,,,,,Matches,
Switzerland,all_competitions,Christian Fassnacht,"FW,MF",32-215,0.0,,,,,0,,0,0,,1,,,,,,,Matches,
Switzerland,all_competitions,Cedric Itten,"FW,MF",29-169,0.0,,,,,0,,0,0,,1,,,,,,,Matches,
Switzerland,all_competitions,Luca Jaquez,DF,23-012,0.0,,,,,0,,0,0,,1,,,,,,,Matches,
Switzerland,all_competitions,Marvin Keller,GK,23-346,0.0,,,,,0,,0,0,,1,,,,,,,Matches,
Switzerland,all_competitions,Yvon Mvogo,GK,32-008,0.0,,,,,0,,0,0,,1,,,,,,,Matches,
Switzerland,all_competitions,Noah Okafor,"FW,MF",26-021,0.0,,,,,0,,0,0,,1,,,,,,,Matches,
Switzerland,all_competitions,Djibril Sow,MF,29-128,0.0,,,,,0,,0,0,,1,,,,,,,Matches,
Switzerland,all_competitions,Silvan Widmer,"DF,MF",33-101,0.0,,,,,0,,0,0,,1,,,,,,,Matches,
Switzerland,all_competitions,Squad Total,,29.9,1.0,90.0,90.0,100.0,1.0,11,84.0,6,5,13.0,10,1.0,1.0,1.0,0.0,0.0,,,
Switzerland,all_competitions,Opponent Total,,29.7,1.0,90.0,90.0,100.0,1.0,11,84.0,6,5,22.0,10,1.0,1.0,1.0,0.0,0.0,,,
Switzerland,all_competitions,Remo Freuler,MF,34-060,4.0,245,61.0,68.1,2.7,4,61.0,0,0,,0,1.25,6.0,4.0,2.0,0.73,0.73,Matches,
Switzerland,all_competitions,Manuel Akanji,DF,30-330,4.0,244,61.0,67.8,2.7,4,61.0,0,0,,0,1.25,6.0,5.0,1.0,0.37,-0.41,Matches,
Switzerland,all_competitions,Nico Elvedi,DF,29-257,4.0,237,59.0,65.8,2.6,4,59.0,0,0,,0,1.25,6.0,4.0,2.0,0.76,0.76,Matches,
Switzerland,all_competitions,Dan Ndoye,"MF,FW",25-232,4.0,212,53.0,58.9,2.4,4,53.0,0,0,,0,1.25,6.0,3.0,3.0,1.27,1.88,Matches,
Switzerland,all_competitions,Breel Embolo,FW,29-120,3.0,196,65.0,54.4,2.2,3,65.0,0,0,,0,1.33,5.0,4.0,1.0,0.46,-0.09,Matches,
Switzerland,all_competitions,Michel Aebischer,MF,29-159,4.0,183,46.0,50.8,2.0,3,57.0,0,1,13.0,0,1.25,5.0,2.0,3.0,1.48,1.98,Matches,
Switzerland,all_competitions,Granit Xhaka,MF,33-260,3.0,183,61.0,50.8,2.0,3,61.0,0,0,,0,1.33,6.0,4.0,2.0,0.98,0.98,Matches,
Switzerland,all_competitions,Ruben Vargas,"FW,MF",27-313,3.0,135,45.0,37.5,1.5,3,45.0,0,0,,0,1.33,5.0,2.0,3.0,2.0,2.4,Matches,
Switzerland,all_competitions,Johan Manzambi,"MF,FW",20-243,4.0,205,51.0,56.9,2.3,2,58.0,0,2,45.0,0,1.25,5.0,3.0,2.0,0.88,0.88,Matches,
Switzerland,all_competitions,Silvan Widmer,DF,33-101,4.0,185,46.0,51.4,2.1,2,58.0,0,2,35.0,0,1.25,4.0,4.0,0.0,0.0,-1.03,Matches,
Switzerland,all_competitions,Gregor Kobel,GK,28-190,2.0,180,90.0,50.0,2.0,2,90.0,2,0,,2,0.5,4.0,5.0,-1.0,-0.5,-2.0,Matches,
Switzerland,all_competitions,Fabian Rieder,MF,24-118,3.0,178,59.0,49.4,2.0,2,67.0,0,1,45.0,1,0.67,2.0,4.0,-2.0,-1.01,-2.99,Matches,
Switzerland,all_competitions,Ricardo Rodríguez,DF,33-293,3.0,160,53.0,44.4,1.8,2,58.0,0,1,45.0,1,1.33,4.0,4.0,0.0,0.0,-0.9,Matches,
Switzerland,all_competitions,Denis Zakaria,DF,29-206,4.0,155,39.0,43.1,1.7,2,45.0,0,2,33.0,0,1.25,4.0,2.0,2.0,1.16,1.16,Matches,
Switzerland,all_competitions,Yvon Mvogo,GK,32-008,2.0,135,68.0,37.5,1.5,2,68.0,1,0,,2,2.0,3.0,0.0,3.0,2.0,2.4,Matches,
Switzerland,all_competitions,Ardon Jashari,MF,23-319,4.0,155,39.0,43.1,1.7,1,45.0,0,3,37.0,0,1.25,2.0,3.0,-1.0,-0.58,-1.9,Matches,
Switzerland,all_competitions,Zeki Amdouni,FW,25-192,2.0,115,58.0,31.9,1.3,1,70.0,0,1,45.0,0,2.0,2.0,2.0,0.0,0.0,-0.73,Matches,
Switzerland,all_competitions,Djibril Sow,MF,29-128,3.0,120,40.0,33.3,1.3,0,,0,3,40.0,1,1.67,1.0,1.0,0.0,0.0,-0.75,Matches,
Switzerland,all_competitions,Miro Muheim,"DF,MF",28-082,4.0,113,28.0,31.4,1.3,0,,0,4,28.0,0,1.25,2.0,2.0,0.0,0.0,-0.73,Matches,
Switzerland,all_competitions,Eray Cömert,DF,28-130,4.0,100,25.0,27.8,1.1,0,,0,4,25.0,0,1.25,2.0,1.0,1.0,0.9,0.55,Matches,
Switzerland,all_competitions,Aurèle Amenda,DF,22-318,3.0,94,31.0,26.1,1.0,0,,0,3,31.0,1,0.67,1.0,1.0,0.0,0.0,-0.68,Matches,
Switzerland,all_competitions,Luca Jaquez,DF,23-012,2.0,90,45.0,25.0,1.0,0,,0,2,45.0,2,2.0,1.0,1.0,0.0,0.0,-0.67,Matches,
Switzerland,all_competitions,Alvyn Sanches,"FW,MF",23-122,2.0,74,37.0,20.6,0.8,0,,0,2,37.0,0,0.5,1.0,1.0,0.0,0.0,-0.63,Matches,
Switzerland,all_competitions,Vincent Sierro,MF,30-249,2.0,58,29.0,16.1,0.6,0,,0,2,29.0,0,0.5,1.0,1.0,0.0,0.0,-0.6,Matches,
Switzerland,all_competitions,Christian Fassnacht,"FW,MF",32-215,2.0,57,29.0,15.8,0.6,0,,0,2,29.0,0,2.0,1.0,1.0,0.0,0.0,-0.59,Matches,
Switzerland,all_competitions,Joel Monteiro,"FW,MF",26-313,2.0,54,27.0,15.0,0.6,0,,0,2,27.0,0,0.5,1.0,1.0,0.0,0.0,-0.59,Matches,
Switzerland,all_competitions,Marvin Keller,GK,23-346,1.0,45,45.0,12.5,0.5,0,,0,1,45.0,3,3.0,1.0,1.0,0.0,0.0,-0.57,Matches,
Switzerland,all_competitions,Cedric Itten,"FW,MF",29-169,2.0,40,20.0,11.1,0.4,0,,0,2,20.0,0,2.0,1.0,0.0,1.0,2.25,1.97,Matches,
Switzerland,all_competitions,Noah Okafor,"FW,MF",26-021,1.0,12,12.0,3.3,0.1,0,,0,1,12.0,2,1.0,0.0,0.0,0.0,0.0,-0.52,Matches,
Switzerland,all_competitions,Squad Total,,28.6,4.0,360,90.0,100.0,4.0,44,60.0,3,41,33.0,15,1.25,8.0,6.0,2.0,0.5,,,
Switzerland,all_competitions,Opponent Total,,27.7,4.0,360,90.0,100.0,4.0,44,60.0,10,35,27.0,22,1.25,6.0,8.0,-2.0,-0.5,,,
Switzerland,all_competitions,Manuel Akanji,DF,30.0,6.0,540.0,90.0,100.0,6.0,6,90.0,6,0,,0,2.33,14.0,2.0,12.0,2.0,,Matches,
Switzerland,all_competitions,Nico Elvedi,DF,29.0,6.0,540.0,90.0,100.0,6.0,6,90.0,6,0,,0,2.33,14.0,2.0,12.0,2.0,,Matches,
Switzerland,all_competitions,Gregor Kobel,GK,28.0,6.0,540.0,90.0,100.0,6.0,6,90.0,6,0,,0,2.33,14.0,2.0,12.0,2.0,,Matches,
Switzerland,all_competitions,Granit Xhaka,MF,33.0,6.0,525.0,88.0,97.2,5.8,6,88.0,5,0,,0,2.33,14.0,2.0,12.0,2.06,2.06,Matches,
Switzerland,all_competitions,Breel Embolo,FW,28.0,6.0,483.0,81.0,89.4,5.4,6,81.0,2,0,,0,2.33,13.0,1.0,12.0,2.24,2.24,Matches,
Switzerland,all_competitions,Silvan Widmer,DF,32.0,6.0,450.0,75.0,83.3,5.0,6,75.0,2,0,,0,2.33,13.0,2.0,11.0,2.2,1.2,Matches,
Switzerland,all_competitions,Ricardo Rodríguez,DF,33.0,6.0,431.0,72.0,79.8,4.8,6,72.0,2,0,,0,2.33,12.0,2.0,10.0,2.09,0.44,Matches,
Switzerland,all_competitions,Ruben Vargas,"FW,MF",27.0,6.0,431.0,72.0,79.8,4.8,6,72.0,0,0,,0,2.33,12.0,1.0,11.0,2.3,1.47,Matches,
Switzerland,all_competitions,Dan Ndoye,"FW,MF",25.0,5.0,442.0,88.0,81.9,4.9,5,88.0,2,0,,1,2.6,12.0,1.0,11.0,2.24,1.32,Matches,
Switzerland,all_competitions,Remo Freuler,MF,33.0,4.0,360.0,90.0,66.7,4.0,4,90.0,4,0,,0,2.5,9.0,0.0,9.0,2.25,0.75,Matches,
Switzerland,all_competitions,Fabian Rieder,MF,23.0,6.0,312.0,52.0,57.8,3.5,4,69.0,1,2,18.0,0,2.33,9.0,2.0,7.0,2.02,0.05,Matches,
Switzerland,all_competitions,Michel Aebischer,MF,29.0,4.0,240.0,60.0,44.4,2.7,2,90.0,2,2,30.0,0,2.5,5.0,2.0,3.0,1.13,-1.58,Matches,
Switzerland,all_competitions,Djibril Sow,MF,28.0,4.0,202.0,51.0,37.4,2.2,2,75.0,0,2,27.0,0,2.0,5.0,1.0,4.0,1.78,-0.35,Matches,
Switzerland,all_competitions,Johan Manzambi,FW,20.0,6.0,192.0,32.0,35.6,2.1,1,90.0,1,5,20.0,0,2.33,3.0,1.0,2.0,0.94,-1.65,Matches,
Switzerland,all_competitions,Miro Muheim,"DF,MF",27.0,3.0,94.0,31.0,17.4,1.0,0,,0,3,31.0,3,2.33,2.0,0.0,2.0,1.91,-0.1,Matches,
Switzerland,all_competitions,Isaac Schmidt,"DF,MF",26.0,2.0,45.0,23.0,8.3,0.5,0,,0,2,23.0,3,2.0,0.0,0.0,0.0,0.0,-2.18,Matches,
Switzerland,all_competitions,Denis Zakaria,"DF,MF",29.0,2.0,29.0,15.0,5.4,0.3,0,,0,2,15.0,0,3.0,0.0,0.0,0.0,0.0,-2.11,Matches,
Switzerland,all_competitions,Andi Zeqiri,FW,26.0,2.0,23.0,12.0,4.3,0.3,0,,0,2,12.0,2,2.0,1.0,1.0,0.0,0.0,-2.09,Matches,
Switzerland,all_competitions,Luca Jaquez,DF,22.0,1.0,17.0,17.0,3.1,0.2,0,,0,1,17.0,1,3.0,1.0,0.0,1.0,5.29,3.4,Matches,
Switzerland,all_competitions,Simon Sohm,MF,24.0,2.0,16.0,8.0,3.0,0.2,0,,0,2,8.0,2,2.0,0.0,0.0,0.0,0.0,-2.06,Matches,
Switzerland,all_competitions,Adrian Bajrami,DF,23.0,1.0,14.0,14.0,2.6,0.2,0,,0,1,14.0,2,1.0,0.0,0.0,0.0,0.0,-2.05,Matches,
Switzerland,all_competitions,Christian Fassnacht,"FW,MF",32.0,2.0,8.0,4.0,1.5,0.1,0,,0,2,4.0,0,2.0,1.0,0.0,1.0,11.25,9.39,Matches,
Switzerland,all_competitions,Cedric Itten,"FW,MF",29.0,1.0,6.0,6.0,1.1,0.1,0,,0,1,6.0,4,3.0,0.0,0.0,0.0,0.0,-2.02,Matches,
Switzerland,all_competitions,Aurèle Amenda,DF,22.0,0.0,,,,,0,,0,0,,6,,,,,,,Matches,
Switzerland,all_competitions,Zachary Athekame,DF,21.0,0.0,,,,,0,,0,0,,1,,,,,,,Matches,
Switzerland,all_competitions,Marvin Keller,GK,23.0,0.0,,,,,0,,0,0,,6,,,,,,,Matches,
Switzerland,all_competitions,Pascal Loretz,GK,22.0,0.0,,,,,0,,0,0,,2,,,,,,,Matches,
Switzerland,all_competitions,Joel Monteiro,"FW,MF",26.0,0.0,,,,,0,,0,0,,2,,,,,,,Matches,
Switzerland,all_competitions,Yvon Mvogo,GK,31.0,0.0,,,,,0,,0,0,,4,,,,,,,Matches,
Switzerland,all_competitions,Becir Omeragic,"DF,MF",24.0,0.0,,,,,0,,0,0,,2,,,,,,,Matches,
Switzerland,all_competitions,Vincent Sierro,MF,30.0,0.0,,,,,0,,0,0,,4,,,,,,,Matches,
Switzerland,all_competitions,Squad Total,,29.4,6.0,540.0,90.0,100.0,6.0,66,82.0,39,27,19.0,45,2.33,14.0,2.0,12.0,2.0,,,
Switzerland,all_competitions,Opponent Total,,27.3,6.0,540.0,90.0,100.0,6.0,66,82.0,39,27,24.0,45,0.33,2.0,14.0,-12.0,-2.0,,,
Switzerland,all_competitions,Manuel Akanji,DF,30-330,11.0,874.0,79.0,88.3,9.7,11,79.0,7,0,,0,1.82,21.0,8.0,13.0,1.34,0.56,Matches,
Switzerland,all_competitions,Nico Elvedi,DF,29-257,11.0,867.0,79.0,87.6,9.6,11,79.0,7,0,,0,1.82,21.0,7.0,14.0,1.45,1.45,Matches,
Switzerland,all_competitions,Gregor Kobel,GK,28-190,9.0,810.0,90.0,81.8,9.0,9,90.0,9,0,,2,1.78,19.0,8.0,11.0,1.22,-0.28,Matches,
Switzerland,all_competitions,Granit Xhaka,MF,33-260,10.0,798.0,80.0,80.6,8.9,10,80.0,6,0,,0,1.9,21.0,7.0,14.0,1.58,1.58,Matches,
Switzerland,all_competitions,Breel Embolo,FW,29-120,10.0,769.0,77.0,77.7,8.5,10,77.0,3,0,,0,1.9,19.0,6.0,13.0,1.52,1.11,Matches,
Switzerland,all_competitions,Dan Ndoye,MF,25-232,10.0,719.0,72.0,72.6,8.0,10,72.0,2,0,,1,1.9,19.0,4.0,15.0,1.88,2.21,Matches,
Switzerland,all_competitions,Remo Freuler,MF,34-060,9.0,693.0,77.0,70.0,7.7,9,77.0,4,0,,0,1.78,16.0,4.0,12.0,1.56,0.95,Matches,
Switzerland,all_competitions,Ricardo Rodríguez,DF,33-293,10.0,679.0,68.0,68.6,7.5,9,70.0,2,1,45.0,1,1.9,17.0,6.0,11.0,1.46,0.59,Matches,
Switzerland,all_competitions,Ruben Vargas,MF,27-313,10.0,644.0,64.0,65.1,7.2,10,64.0,0,0,,0,1.9,18.0,3.0,15.0,2.1,2.36,Matches,
Switzerland,all_competitions,Silvan Widmer,"DF,MF",33-101,10.0,635.0,64.0,64.1,7.1,8,71.0,2,2,35.0,1,1.9,17.0,6.0,11.0,1.56,0.54,Matches,
Switzerland,all_competitions,Fabian Rieder,"FW,MF",24-118,10.0,515.0,52.0,52.0,5.7,6,68.0,1,4,27.0,1,1.7,11.0,7.0,4.0,0.7,-1.2,Matches,
Switzerland,all_competitions,Michel Aebischer,MF,29-159,9.0,488.0,54.0,49.3,5.4,6,69.0,2,3,24.0,0,1.78,11.0,4.0,7.0,1.29,0.04,Matches,
Switzerland,all_competitions,Johan Manzambi,MF,20-243,11.0,422.0,38.0,42.6,4.7,3,68.0,1,8,27.0,0,1.82,8.0,5.0,3.0,0.64,-1.1,Matches,
Switzerland,all_competitions,Djibril Sow,MF,29-128,7.0,322.0,46.0,32.5,3.6,2,75.0,0,5,35.0,2,1.86,6.0,2.0,4.0,1.12,-0.44,Matches,
Switzerland,all_competitions,Denis Zakaria,DF,29-206,7.0,274.0,39.0,27.7,3.0,3,60.0,1,4,24.0,0,1.71,5.0,3.0,2.0,0.66,-0.85,Matches,
Switzerland,all_competitions,Miro Muheim,"DF,MF",28-082,8.0,209.0,26.0,21.1,2.3,0,,0,8,26.0,3,1.62,4.0,3.0,1.0,0.43,-1.07,Matches,
Switzerland,all_competitions,Ardon Jashari,MF,23-319,5.0,157.0,31.0,34.9,1.7,1,45.0,0,4,28.0,0,1.2,2.0,4.0,-2.0,-1.15,-2.38,Matches,
Switzerland,all_competitions,Yvon Mvogo,GK,32-008,2.0,135.0,68.0,13.6,1.5,2,68.0,1,0,,7,2.0,3.0,0.0,3.0,2.0,2.4,Matches,
Switzerland,all_competitions,Zeki Amdouni,"FW,MF",25-192,3.0,127.0,42.0,28.2,1.4,1,70.0,0,2,29.0,0,1.67,2.0,3.0,-1.0,-0.71,-1.54,Matches,
Switzerland,all_competitions,Luca Jaquez,DF,23-012,3.0,107.0,36.0,10.8,1.2,0,,0,3,36.0,4,2.33,2.0,1.0,1.0,0.84,-0.63,Matches,
Switzerland,all_competitions,Eray Cömert,DF,28-130,4.0,100.0,25.0,22.2,1.1,0,,0,4,25.0,1,1.25,2.0,1.0,1.0,0.9,0.55,Matches,
Switzerland,all_competitions,Aurèle Amenda,DF,22-318,3.0,94.0,31.0,9.5,1.0,0,,0,3,31.0,8,0.67,1.0,1.0,0.0,0.0,-0.68,Matches,
Switzerland,all_competitions,Alvyn Sanches,"FW,MF",23-122,2.0,74.0,37.0,20.6,0.8,0,,0,2,37.0,0,0.5,1.0,1.0,0.0,0.0,-0.63,Matches,
Switzerland,all_competitions,Christian Fassnacht,"FW,MF",32-215,4.0,65.0,16.0,6.6,0.7,0,,0,4,16.0,1,2.0,2.0,1.0,1.0,1.38,-0.02,Matches,
Switzerland,all_competitions,Vincent Sierro,MF,30-249,2.0,58.0,29.0,6.4,0.6,0,,0,2,29.0,4,0.5,1.0,1.0,0.0,0.0,-0.6,Matches,
Switzerland,all_competitions,Joel Monteiro,"FW,MF",26-313,2.0,54.0,27.0,6.0,0.6,0,,0,2,27.0,2,0.5,1.0,1.0,0.0,0.0,-0.59,Matches,
Switzerland,all_competitions,Cedric Itten,"FW,MF",29-169,3.0,46.0,15.0,4.6,0.5,0,,0,3,15.0,5,2.33,1.0,0.0,1.0,1.96,0.59,Matches,
Switzerland,all_competitions,Marvin Keller,GK,23-346,1.0,45.0,45.0,4.5,0.5,0,,0,1,45.0,10,3.0,1.0,1.0,0.0,0.0,-0.57,Matches,
Switzerland,all_competitions,Isaac Schmidt,"DF,MF",26-189,2.0,45.0,23.0,8.3,0.5,0,,0,2,23.0,3,2.0,0.0,0.0,0.0,0.0,-2.18,Matches,
Switzerland,all_competitions,Andi Zeqiri,FW,26-357,2.0,23.0,12.0,4.3,0.3,0,,0,2,12.0,2,2.0,1.0,1.0,0.0,0.0,-2.09,Matches,
Switzerland,all_competitions,Simon Sohm,MF,25-064,2.0,16.0,8.0,3.0,0.2,0,,0,2,8.0,2,2.0,0.0,0.0,0.0,0.0,-2.06,Matches,
Switzerland,all_competitions,Adrian Bajrami,DF,24-070,1.0,14.0,14.0,2.6,0.2,0,,0,1,14.0,2,1.0,0.0,0.0,0.0,0.0,-2.05,Matches,
Switzerland,all_competitions,Noah Okafor,"FW,MF",26-021,1.0,12.0,12.0,2.7,0.1,0,,0,1,12.0,3,1.0,0.0,0.0,0.0,0.0,-0.52,Matches,
Switzerland,all_competitions,Becir Omeragic,"DF,MF",24-145,0.0,,,,,0,,0,0,,2,,,,,,,Matches,
Switzerland,all_competitions,Pascal Loretz,GK,23-013,0.0,,,,,0,,0,0,,2,,,,,,,Matches,
Switzerland,all_competitions,Zachary Athekame,DF,21-183,0.0,,,,,0,,0,0,,1,,,,,,,Matches,
Tunisia,all_competitions,Montassar Talbi,DF,27.0,10.0,900.0,90.0,100.0,10.0,10,90.0,10,0,,0,2.8,22.0,0.0,22.0,2.2,,Matches,
Tunisia,all_competitions,Ali Abdi,DF,32.0,8.0,718.0,90.0,79.8,8.0,8,90.0,7,0,,0,2.75,18.0,0.0,18.0,2.26,0.28,Matches,
Tunisia,all_competitions,Aïssa Laïdouni,MF,29.0,8.0,494.0,62.0,54.9,5.5,7,69.0,3,1,9.0,1,3.0,8.0,0.0,8.0,1.46,-1.65,Matches,
Tunisia,all_competitions,Aymen Dahmen,GK,29.0,6.0,540.0,90.0,60.0,6.0,6,90.0,6,0,,4,3.0,16.0,0.0,16.0,2.67,1.17,Matches,
Tunisia,all_competitions,Ellyes Skhiri,MF,30.0,6.0,495.0,83.0,55.0,5.5,5,90.0,5,1,45.0,0,2.67,14.0,0.0,14.0,2.55,0.77,Matches,
Tunisia,all_competitions,Naïm Sliti,"MF,FW",33.0,8.0,465.0,58.0,51.7,5.2,5,70.0,0,3,38.0,0,3.0,12.0,0.0,12.0,2.32,0.25,Matches,
Tunisia,all_competitions,Elias Achouri,"MF,FW",26.0,6.0,451.0,75.0,50.1,5.0,5,87.0,2,1,15.0,0,2.67,5.0,0.0,5.0,1.0,-2.41,Matches,
Tunisia,all_competitions,Dylan Bronn,DF,30.0,5.0,450.0,90.0,50.0,5.0,5,90.0,5,0,,3,3.0,10.0,0.0,10.0,2.0,-0.4,Matches,
Tunisia,all_competitions,Yassine Meriah,DF,32.0,5.0,450.0,90.0,50.0,5.0,5,90.0,5,0,,2,2.6,12.0,0.0,12.0,2.4,0.4,Matches,
Tunisia,all_competitions,Hannibal Mejbri,MF,23.0,6.0,430.0,72.0,47.8,4.8,5,80.0,1,1,30.0,0,3.0,9.0,0.0,9.0,1.88,-0.61,Matches,
Tunisia,all_competitions,Hazem Mastouri,FW,28.0,6.0,393.0,66.0,43.7,4.4,5,75.0,0,1,17.0,0,3.0,7.0,0.0,7.0,1.6,-1.06,Matches,
Tunisia,all_competitions,Elias Saad,"MF,FW",26.0,6.0,291.0,49.0,32.3,3.2,5,56.0,0,1,9.0,2,2.67,8.0,0.0,8.0,2.47,0.41,Matches,
Tunisia,all_competitions,Bechir Ben Said,GK,33.0,4.0,360.0,90.0,40.0,4.0,4,90.0,4,0,,4,2.5,6.0,0.0,6.0,1.5,-1.17,Matches,
Tunisia,all_competitions,Yan Valery,DF,26.0,4.0,360.0,90.0,40.0,4.0,4,90.0,4,0,,2,3.0,13.0,0.0,13.0,3.25,1.75,Matches,
Tunisia,all_competitions,Ferjani Sassi,MF,33.0,6.0,347.0,58.0,38.6,3.9,4,83.0,2,2,8.0,1,3.0,9.0,0.0,9.0,2.33,0.22,Matches,
Tunisia,all_competitions,Hamza Rafia,"MF,FW",26.0,3.0,237.0,79.0,26.3,2.6,3,79.0,0,0,,0,2.33,3.0,0.0,3.0,1.14,-1.44,Matches,
Tunisia,all_competitions,Mortadha Ben Ouanes,DF,31.0,4.0,217.0,54.0,24.1,2.4,2,90.0,2,2,19.0,2,2.5,4.0,0.0,4.0,1.66,-0.71,Matches,
Tunisia,all_competitions,Mohamed Ali Ben Romdhane,MF,26.0,5.0,205.0,41.0,22.8,2.3,2,71.0,1,3,21.0,1,3.0,5.0,0.0,5.0,2.2,-0.01,Matches,
Tunisia,all_competitions,Haythem Jouini,FW,32.0,4.0,194.0,49.0,21.6,2.2,2,86.0,1,2,12.0,0,2.5,4.0,0.0,4.0,1.86,-0.44,Matches,
Tunisia,all_competitions,Mahmoud Ghorbel,DF,22.0,2.0,180.0,90.0,20.0,2.0,2,90.0,2,0,,0,3.0,3.0,0.0,3.0,1.5,-0.87,Matches,
Tunisia,all_competitions,Wajdi Kechrida,DF,30.0,2.0,180.0,90.0,20.0,2.0,2,90.0,2,0,,0,3.0,5.0,0.0,5.0,2.5,0.37,Matches,
Tunisia,all_competitions,Hamza Mathlouthi,DF,33.0,2.0,180.0,90.0,20.0,2.0,2,90.0,2,0,,0,2.0,1.0,0.0,1.0,0.5,-2.12,Matches,
Tunisia,all_competitions,Youssef Msakni,FW,35.0,2.0,179.0,90.0,19.9,2.0,2,90.0,1,0,,0,3.0,5.0,0.0,5.0,2.51,0.39,Matches,
Tunisia,all_competitions,Anis Ben Slimane,MF,24.0,2.0,133.0,67.0,14.8,1.5,2,67.0,0,0,,0,3.0,1.0,0.0,1.0,0.68,-1.79,Matches,
Tunisia,all_competitions,Sayfallah Ltaief,MF,25.0,6.0,240.0,40.0,26.7,2.7,1,75.0,0,5,33.0,1,3.0,9.0,0.0,9.0,3.38,1.6,Matches,
Tunisia,all_competitions,Ismaël Gharbi,MF,21.0,4.0,177.0,44.0,19.7,2.0,1,81.0,0,3,32.0,0,3.0,8.0,0.0,8.0,4.07,2.33,Matches,
Tunisia,all_competitions,Firas Chaouat,FW,29.0,4.0,120.0,30.0,13.3,1.3,1,73.0,0,3,16.0,1,3.0,7.0,0.0,7.0,5.25,3.52,Matches,
Tunisia,all_competitions,Nader Ghandri,MF,30.0,4.0,100.0,25.0,11.1,1.1,1,42.0,0,3,19.0,2,2.5,1.0,0.0,1.0,0.9,-1.46,Matches,
Tunisia,all_competitions,Taha Yassine Khenissi,FW,34.0,1.0,89.0,89.0,9.9,1.0,1,89.0,0,0,,0,3.0,1.0,0.0,1.0,1.01,-1.32,Matches,
Tunisia,all_competitions,Hadj Mahmoud,MF,25.0,2.0,62.0,31.0,6.9,0.7,1,60.0,0,1,2.0,5,3.0,5.0,0.0,5.0,7.26,5.43,Matches,
Tunisia,all_competitions,Amor Layouni,MF,33.0,1.0,52.0,52.0,5.8,0.6,1,52.0,0,0,,2,3.0,1.0,0.0,1.0,1.73,-0.5,Matches,
Tunisia,all_competitions,Sebastian Tounekti,MF,23.0,2.0,48.0,24.0,5.3,0.5,1,45.0,0,1,3.0,0,3.0,2.0,0.0,2.0,3.75,1.64,Matches,
Tunisia,all_competitions,Ghaylène Chaalali,MF,31.0,1.0,48.0,48.0,5.3,0.5,0,,0,1,48.0,1,1.0,0.0,0.0,0.0,0.0,-2.32,Matches,
Tunisia,all_competitions,Firas Ben Arbi,MF,29.0,2.0,45.0,23.0,5.0,0.5,0,,0,2,23.0,1,3.0,2.0,0.0,2.0,4.0,1.89,Matches,
Tunisia,all_competitions,Seifeddine Jaziri,FW,32.0,2.0,27.0,14.0,3.0,0.3,0,,0,2,14.0,0,3.0,2.0,0.0,2.0,6.67,4.6,Matches,
Tunisia,all_competitions,Houssem Tka,MF,25.0,1.0,19.0,19.0,2.1,0.2,0,,0,1,19.0,1,3.0,2.0,0.0,2.0,9.47,7.43,Matches,
Tunisia,all_competitions,Moutaz Neffati,DF,21.0,1.0,10.0,10.0,1.1,0.1,0,,0,1,10.0,2,3.0,0.0,0.0,0.0,0.0,-2.22,Matches,
Tunisia,all_competitions,Anas Haj Mohamed,FW,20.0,1.0,9.0,9.0,1.0,0.1,0,,0,1,9.0,0,3.0,1.0,0.0,1.0,10.0,7.88,Matches,
Tunisia,all_competitions,Amine Cherni,"DF,MF",24.0,1.0,2.0,2.0,0.2,0.0,0,,0,1,2.0,2,3.0,0.0,0.0,0.0,0.0,-2.2,Matches,
Tunisia,all_competitions,Wajdi Sahli,MF,28.0,1.0,2.0,2.0,0.2,0.0,0,,0,1,2.0,0,1.0,0.0,0.0,0.0,0.0,-2.2,Matches,
Tunisia,all_competitions,Hamza Jelassi,DF,34.0,1.0,1.0,1.0,0.1,0.0,0,,0,1,1.0,1,3.0,0.0,0.0,0.0,0.0,-2.2,Matches,
Tunisia,all_competitions,Raki Aouani,FW,21.0,0.0,,,,,0,,0,0,,1,,,,,,,Matches,
Tunisia,all_competitions,Hamza Ben Abda,DF,30.0,0.0,,,,,0,,0,0,,2,,,,,,,Matches,
Tunisia,all_competitions,Noureddine Farhati,GK,25.0,0.0,,,,,0,,0,0,,6,,,,,,,Matches,
Tunisia,all_competitions,Alaa Ghram,DF,24.0,0.0,,,,,0,,0,0,,7,,,,,,,Matches,
Tunisia,all_competitions,Oussama Haddadi,"DF,MF",34.0,0.0,,,,,0,,0,0,,4,,,,,,,Matches,
Tunisia,all_competitions,Mohamed Amine Ben Hamida,DF,30.0,0.0,,,,,0,,0,0,,2,,,,,,,Matches,
Tunisia,all_competitions,Mouez Hassen,GK,30.0,0.0,,,,,0,,0,0,,2,,,,,,,Matches,
Tunisia,all_competitions,Sami Helal,GK,37.0,0.0,,,,,0,,0,0,,2,,,,,,,Matches,
Tunisia,all_competitions,Hamza Khadhraoui,FW,27.0,0.0,,,,,0,,0,0,,2,,,,,,,Matches,
Tunisia,all_competitions,Amenallah Memmiche,GK,21.0,0.0,,,,,0,,0,0,,2,,,,,,,Matches,
Tunisia,all_competitions,Ghaith Zaalouni,DF,23.0,0.0,,,,,0,,0,0,,2,,,,,,,Matches,
Tunisia,all_competitions,Mootez Zaddem,MF,25.0,0.0,,,,,0,,0,0,,2,,,,,,,Matches,
Tunisia,all_competitions,Squad Total,,29.4,10.0,900.0,90.0,100.0,10.0,110,82.0,65,45,20.0,75,2.8,22.0,0.0,22.0,2.2,,,
Tunisia,all_competitions,Opponent Total,,27.8,10.0,900.0,90.0,100.0,10.0,110,82.0,71,38,21.0,78,0.1,0.0,22.0,-22.0,-2.2,,,
Tunisia,all_competitions,Ellyes Skhiri,MF,31-035,4.0,360.0,90.0,100.0,4.0,4,90.0,4,0,,0,1.0,1.0,6.0,-5.0,-1.25,,Matches,
Tunisia,all_competitions,Mouhib Chamakh,GK,24-293,3.0,270.0,90.0,75.0,3.0,3,90.0,3,0,,1,0.33,0.0,6.0,-6.0,-2.0,-3.0,Matches,
Tunisia,all_competitions,Omar Rekik,DF,24-176,3.0,270.0,90.0,75.0,3.0,3,90.0,3,0,,1,0.33,0.0,6.0,-6.0,-2.0,-3.0,Matches,
Tunisia,all_competitions,Ismaël Gharbi,MF,22-065,4.0,226.0,57.0,62.8,2.5,3,68.0,0,1,21.0,0,1.0,1.0,2.0,-1.0,-0.4,2.29,Matches,
Tunisia,all_competitions,Rani Khedira,MF,32-138,3.0,222.0,74.0,61.7,2.5,3,74.0,0,0,,1,1.33,1.0,1.0,0.0,0.0,3.26,Matches,
Tunisia,all_competitions,Mohamed Amine Ben Hamida,DF,30-181,3.0,189.0,63.0,52.5,2.1,2,78.0,1,1,34.0,1,1.33,1.0,3.0,-2.0,-0.95,0.63,Matches,
Tunisia,all_competitions,Montassar Talbi,DF,28-019,2.0,180.0,90.0,50.0,2.0,2,90.0,2,0,,0,0.0,0.0,6.0,-6.0,-3.0,-3.5,Matches,
Tunisia,all_competitions,Khalil Ayari,"MF,FW",21-132,4.0,178.0,45.0,49.4,2.0,2,52.0,0,2,37.0,0,1.0,1.0,2.0,-1.0,-0.51,1.47,Matches,
Tunisia,all_competitions,Anis Ben Slimane,MF,25-090,3.0,176.0,59.0,48.9,2.0,2,76.0,1,1,25.0,1,0.33,0.0,2.0,-2.0,-1.02,0.44,Matches,
Tunisia,all_competitions,Adem Arous,DF,21-332,2.0,168.0,84.0,46.7,1.9,2,84.0,1,0,,2,1.5,1.0,3.0,-2.0,-1.07,0.33,Matches,
Tunisia,all_competitions,Ali Abdi,DF,32-176,2.0,146.0,73.0,40.6,1.6,2,73.0,1,0,,2,0.5,0.0,1.0,-1.0,-0.62,1.07,Matches,
Tunisia,all_competitions,Sebastian Tounekti,MF,23-336,4.0,191.0,48.0,53.1,2.1,1,72.0,0,3,40.0,0,1.0,1.0,5.0,-4.0,-1.88,-1.35,Matches,
Tunisia,all_competitions,Hadj Mahmoud,MF,26-051,4.0,154.0,39.0,42.8,1.7,1,90.0,1,3,21.0,0,1.0,0.0,5.0,-5.0,-2.92,-2.92,Matches,
Tunisia,all_competitions,Rayan Elloumi,FW,18-270,4.0,133.0,33.0,36.9,1.5,1,59.0,0,3,25.0,0,1.0,1.0,3.0,-2.0,-1.35,-0.16,Matches,
Tunisia,all_competitions,Mortadha Ben Ouanes,DF,31-347,2.0,115.0,58.0,31.9,1.3,1,90.0,1,1,25.0,2,1.5,1.0,2.0,-1.0,-0.78,0.69,Matches,
Tunisia,all_competitions,Firas Chaouat,FW,30-037,3.0,111.0,37.0,30.8,1.2,1,61.0,0,2,25.0,1,0.33,0.0,4.0,-4.0,-3.24,-2.88,Matches,
Tunisia,all_competitions,Sabri Ben Hassen,GK,30-001,1.0,90.0,90.0,25.0,1.0,1,90.0,1,0,,2,3.0,1.0,0.0,1.0,1.0,3.0,Matches,
Tunisia,all_competitions,Yan Valery,DF,27-112,1.0,90.0,90.0,25.0,1.0,1,90.0,1,0,,1,0.0,0.0,1.0,-1.0,-1.0,0.33,Matches,
Tunisia,all_competitions,Moutaz Neffati,DF,21-283,2.0,88.0,44.0,24.4,1.0,1,57.0,0,1,31.0,2,2.0,0.0,0.0,0.0,0.0,1.65,Matches,
Tunisia,all_competitions,Alaa Ghram,DF,24-325,1.0,85.0,85.0,23.6,0.9,1,85.0,0,0,,1,1.0,0.0,0.0,0.0,0.0,1.64,Matches,
Tunisia,all_competitions,Hannibal Mejbri,MF,23-144,1.0,77.0,77.0,21.4,0.9,1,77.0,0,0,,1,0.0,0.0,1.0,-1.0,-1.17,0.1,Matches,
Tunisia,all_competitions,Sayfallah Ltaief,MF,26-053,2.0,76.0,38.0,21.1,0.8,1,45.0,0,1,31.0,0,2.0,0.0,0.0,0.0,0.0,1.58,Matches,
Tunisia,all_competitions,Hazem Mastouri,FW,28-361,2.0,76.0,38.0,21.1,0.8,1,45.0,0,1,31.0,0,1.5,0.0,1.0,-1.0,-1.18,0.08,Matches,
Tunisia,all_competitions,Elias Saad,MF,26-169,3.0,73.0,24.0,20.3,0.8,1,57.0,0,2,8.0,1,1.33,0.0,0.0,0.0,0.0,1.57,Matches,
Tunisia,all_competitions,Elias Achouri,FW,27-124,1.0,65.0,65.0,18.1,0.7,1,65.0,0,0,,1,0.0,0.0,3.0,-3.0,-4.15,-3.54,Matches,
Tunisia,all_competitions,Louey Ben Farhat,FW,19-330,2.0,63.0,32.0,17.5,0.7,1,45.0,0,1,18.0,0,2.0,0.0,0.0,0.0,0.0,1.52,Matches,
Tunisia,all_competitions,Ghaith Zaalouni,DF,24-039,1.0,59.0,59.0,16.4,0.7,1,59.0,0,0,,1,3.0,1.0,0.0,1.0,1.53,3.32,Matches,
Tunisia,all_competitions,Omar Ben Ali,FW,21-053,0.0,,,,,0,,0,0,,1,,,,,,,Matches,
Tunisia,all_competitions,Dylan Bronn,DF,30-360,0.0,,,,,0,,0,0,,2,,,,,,,Matches,
Tunisia,all_competitions,Raed Chikhaoui,DF,22-005,0.0,,,,,0,,0,0,,4,,,,,,,Matches,
Tunisia,all_competitions,Aymen Dahmen,GK,29-137,0.0,,,,,0,,0,0,,4,,,,,,,Matches,
Tunisia,all_competitions,Noureddine Farhati,GK,25-273,0.0,,,,,0,,0,0,,1,,,,,,,Matches,
Tunisia,all_competitions,Anisse Saidi,FW,17-359,0.0,,,,,0,,0,0,,2,,,,,,,Matches,
Tunisia,all_competitions,Squad Total,,26.4,4.0,360.0,90.0,100.0,4.0,44,75.0,20,23,27.0,36,1.0,1.0,6.0,-5.0,-1.25,,,
Tunisia,all_competitions,Opponent Total,,28.5,4.0,360.0,90.0,100.0,4.0,44,75.0,13,29,27.0,25,1.75,6.0,1.0,5.0,1.25,,,
Tunisia,all_competitions,Montassar Talbi,DF,28-019,12.0,"1,080",90.0,85.7,12.0,12,90.0,12,0,,0,2.33,22.0,6.0,16.0,1.33,0.83,Matches,
Tunisia,all_competitions,Ali Abdi,DF,32-176,10.0,864,86.0,68.6,9.6,10,86.0,8,0,,2,2.3,18.0,1.0,17.0,1.77,1.77,Matches,
Tunisia,all_competitions,Ellyes Skhiri,MF,31-035,10.0,855,86.0,67.9,9.5,9,90.0,9,1,45.0,0,2.0,15.0,6.0,9.0,0.95,-0.83,Matches,
Tunisia,all_competitions,Aymen Dahmen,GK,29-137,6.0,540,90.0,42.9,6.0,6,90.0,6,0,,8,3.0,16.0,0.0,16.0,2.67,1.17,Matches,
Tunisia,all_competitions,Elias Achouri,"MF,FW",27-124,7.0,516,74.0,41.0,5.7,6,84.0,2,1,15.0,1,2.29,5.0,3.0,2.0,0.35,-1.47,Matches,
Tunisia,all_competitions,Hannibal Mejbri,MF,23-144,7.0,507,72.0,40.2,5.6,6,80.0,1,1,30.0,1,2.57,9.0,1.0,8.0,1.42,0.34,Matches,
Tunisia,all_competitions,Aïssa Laïdouni,MF,29-183,8.0,494,62.0,54.9,5.5,7,69.0,3,1,9.0,1,3.0,8.0,0.0,8.0,1.46,-1.65,Matches,
Tunisia,all_competitions,Hazem Mastouri,FW,28-361,8.0,469,59.0,37.2,5.2,6,70.0,0,2,24.0,0,2.63,7.0,1.0,6.0,1.15,-0.1,Matches,
Tunisia,all_competitions,Naïm Sliti,"MF,FW",33-322,8.0,465,58.0,51.7,5.2,5,70.0,0,3,38.0,0,3.0,12.0,0.0,12.0,2.32,0.25,Matches,
Tunisia,all_competitions,Dylan Bronn,DF,30-360,5.0,450,90.0,35.7,5.0,5,90.0,5,0,,5,3.0,10.0,0.0,10.0,2.0,-0.4,Matches,
Tunisia,all_competitions,Yassine Meriah,DF,32-347,5.0,450,90.0,50.0,5.0,5,90.0,5,0,,2,2.6,12.0,0.0,12.0,2.4,0.4,Matches,
Tunisia,all_competitions,Yan Valery,DF,27-112,5.0,450,90.0,35.7,5.0,5,90.0,5,0,,3,2.4,13.0,1.0,12.0,2.4,1.84,Matches,
Tunisia,all_competitions,Ismaël Gharbi,MF,22-065,8.0,403,50.0,32.0,4.5,4,72.0,0,4,29.0,0,2.0,9.0,2.0,7.0,1.56,0.51,Matches,
Tunisia,all_competitions,Elias Saad,"MF,FW",26-169,9.0,364,40.0,28.9,4.0,6,57.0,0,3,8.0,3,2.22,8.0,0.0,8.0,1.98,1.07,Matches,
Tunisia,all_competitions,Bechir Ben Said,GK,33-197,4.0,360,90.0,40.0,4.0,4,90.0,4,0,,4,2.5,6.0,0.0,6.0,1.5,-1.17,Matches,
Tunisia,all_competitions,Ferjani Sassi,MF,34-088,6.0,347,58.0,38.6,3.9,4,83.0,2,2,8.0,1,3.0,9.0,0.0,9.0,2.33,0.22,Matches,
Tunisia,all_competitions,Mortadha Ben Ouanes,DF,31-347,6.0,332,55.0,26.3,3.7,3,90.0,3,3,21.0,4,2.17,5.0,2.0,3.0,0.81,-0.54,Matches,
Tunisia,all_competitions,Sayfallah Ltaief,MF,26-053,8.0,316,40.0,25.1,3.5,2,60.0,0,6,33.0,1,2.75,9.0,0.0,9.0,2.56,1.8,Matches,
Tunisia,all_competitions,Anis Ben Slimane,MF,25-090,5.0,309,62.0,24.5,3.4,4,71.0,1,1,25.0,1,1.4,1.0,2.0,-1.0,-0.29,-1.99,Matches,
Tunisia,all_competitions,Mouhib Chamakh,GK,24-293,3.0,270,90.0,75.0,3.0,3,90.0,3,0,,1,0.33,0.0,6.0,-6.0,-2.0,-3.0,Matches,
Tunisia,all_competitions,Omar Rekik,DF,24-176,3.0,270,90.0,75.0,3.0,3,90.0,3,0,,1,0.33,0.0,6.0,-6.0,-2.0,-3.0,Matches,
Tunisia,all_competitions,Sebastian Tounekti,MF,23-336,6.0,239,40.0,19.0,2.7,2,59.0,0,4,31.0,0,1.67,3.0,5.0,-2.0,-0.75,-2.43,Matches,
Tunisia,all_competitions,Hamza Rafia,"MF,FW",27-073,3.0,237,79.0,26.3,2.6,3,79.0,0,0,,0,2.33,3.0,0.0,3.0,1.14,-1.44,Matches,
Tunisia,all_competitions,Firas Chaouat,FW,30-037,7.0,231,33.0,18.3,2.6,2,67.0,0,5,19.0,2,1.86,7.0,4.0,3.0,1.17,-0.06,Matches,
Tunisia,all_competitions,Rani Khedira,MF,32-138,3.0,222,74.0,61.7,2.5,3,74.0,0,0,,1,1.33,1.0,1.0,0.0,0.0,3.26,Matches,
Tunisia,all_competitions,Hadj Mahmoud,MF,26-051,6.0,216,36.0,17.1,2.4,2,75.0,1,4,17.0,5,1.67,5.0,5.0,0.0,0.0,-1.47,Matches,
Tunisia,all_competitions,Mohamed Ali Ben Romdhane,MF,26-281,5.0,205,41.0,22.8,2.3,2,71.0,1,3,21.0,1,3.0,5.0,0.0,5.0,2.2,-0.01,Matches,
Tunisia,all_competitions,Haythem Jouini,FW,33-038,4.0,194,49.0,21.6,2.2,2,86.0,1,2,12.0,0,2.5,4.0,0.0,4.0,1.86,-0.44,Matches,
Tunisia,all_competitions,Mohamed Amine Ben Hamida,DF,30-181,3.0,189,63.0,15.0,2.1,2,78.0,1,1,34.0,3,1.33,1.0,3.0,-2.0,-0.95,0.63,Matches,
Tunisia,all_competitions,Wajdi Kechrida,DF,30-221,2.0,180,90.0,20.0,2.0,2,90.0,2,0,,0,3.0,5.0,0.0,5.0,2.5,0.37,Matches,
Tunisia,all_competitions,Hamza Mathlouthi,DF,33-324,2.0,180,90.0,20.0,2.0,2,90.0,2,0,,0,2.0,1.0,0.0,1.0,0.5,-2.12,Matches,
Tunisia,all_competitions,Mahmoud Ghorbel,DF,22-165,2.0,180,90.0,20.0,2.0,2,90.0,2,0,,0,3.0,3.0,0.0,3.0,1.5,-0.87,Matches,
Tunisia,all_competitions,Youssef Msakni,FW,35-229,2.0,179,90.0,19.9,2.0,2,90.0,1,0,,0,3.0,5.0,0.0,5.0,2.51,0.39,Matches,
Tunisia,all_competitions,Khalil Ayari,"MF,FW",21-132,4.0,178,45.0,49.4,2.0,2,52.0,0,2,37.0,0,1.0,1.0,2.0,-1.0,-0.51,1.47,Matches,
Tunisia,all_competitions,Adem Arous,DF,21-332,2.0,168,84.0,46.7,1.9,2,84.0,1,0,,2,1.5,1.0,3.0,-2.0,-1.07,0.33,Matches,
Tunisia,all_competitions,Rayan Elloumi,FW,18-270,4.0,133,33.0,36.9,1.5,1,59.0,0,3,25.0,0,1.0,1.0,3.0,-2.0,-1.35,-0.16,Matches,
Tunisia,all_competitions,Nader Ghandri,MF,31-116,4.0,100,25.0,11.1,1.1,1,42.0,0,3,19.0,2,2.5,1.0,0.0,1.0,0.9,-1.46,Matches,
Tunisia,all_competitions,Moutaz Neffati,DF,21-283,3.0,98,33.0,7.8,1.1,1,57.0,0,2,21.0,4,2.33,0.0,0.0,0.0,0.0,-1.32,Matches,
Tunisia,all_competitions,Sabri Ben Hassen,GK,30-001,1.0,90,90.0,25.0,1.0,1,90.0,1,0,,2,3.0,1.0,0.0,1.0,1.0,3.0,Matches,
Tunisia,all_competitions,Taha Yassine Khenissi,FW,34-159,1.0,89,89.0,9.9,1.0,1,89.0,0,0,,0,3.0,1.0,0.0,1.0,1.01,-1.32,Matches,
Tunisia,all_competitions,Alaa Ghram,DF,24-325,1.0,85,85.0,6.7,0.9,1,85.0,0,0,,8,1.0,0.0,0.0,0.0,0.0,1.64,Matches,
Tunisia,all_competitions,Louey Ben Farhat,FW,19-330,2.0,63,32.0,17.5,0.7,1,45.0,0,1,18.0,0,2.0,0.0,0.0,0.0,0.0,1.52,Matches,
Tunisia,all_competitions,Ghaith Zaalouni,DF,24-039,1.0,59,59.0,4.7,0.7,1,59.0,0,0,,3,3.0,1.0,0.0,1.0,1.53,3.32,Matches,
Tunisia,all_competitions,Amor Layouni,MF,33-254,1.0,52,52.0,5.8,0.6,1,52.0,0,0,,2,3.0,1.0,0.0,1.0,1.73,-0.5,Matches,
Tunisia,all_competitions,Ghaylène Chaalali,MF,32-106,1.0,48,48.0,5.3,0.5,0,,0,1,48.0,1,1.0,0.0,0.0,0.0,0.0,-2.32,Matches,
Tunisia,all_competitions,Firas Ben Arbi,MF,30-018,2.0,45,23.0,5.0,0.5,0,,0,2,23.0,1,3.0,2.0,0.0,2.0,4.0,1.89,Matches,
Tunisia,all_competitions,Seifeddine Jaziri,FW,33-122,2.0,27,14.0,3.0,0.3,0,,0,2,14.0,0,3.0,2.0,0.0,2.0,6.67,4.6,Matches,
Tunisia,all_competitions,Houssem Tka,MF,25-302,1.0,19,19.0,2.1,0.2,0,,0,1,19.0,1,3.0,2.0,0.0,2.0,9.47,7.43,Matches,
Tunisia,all_competitions,Anas Haj Mohamed,FW,21-080,1.0,9,9.0,1.0,0.1,0,,0,1,9.0,0,3.0,1.0,0.0,1.0,10.0,7.88,Matches,
Tunisia,all_competitions,Wajdi Sahli,MF,29-058,1.0,2,2.0,0.2,0.0,0,,0,1,2.0,0,1.0,0.0,0.0,0.0,0.0,-2.2,Matches,
Tunisia,all_competitions,Amine Cherni,"DF,MF",24-342,1.0,2,2.0,0.2,0.0,0,,0,1,2.0,2,3.0,0.0,0.0,0.0,0.0,-2.2,Matches,
Tunisia,all_competitions,Hamza Jelassi,DF,34-258,1.0,1,1.0,0.1,0.0,0,,0,1,1.0,1,3.0,0.0,0.0,0.0,0.0,-2.2,Matches,
Tunisia,all_competitions,Noureddine Farhati,GK,25-273,0.0,,,,,0,,0,0,,7,,,,,,,Matches,
Tunisia,all_competitions,Hamza Khadhraoui,FW,27-149,0.0,,,,,0,,0,0,,2,,,,,,,Matches,
Tunisia,all_competitions,Mootez Zaddem,MF,25-160,0.0,,,,,0,,0,0,,2,,,,,,,Matches,
Tunisia,all_competitions,Hamza Ben Abda,DF,31-092,0.0,,,,,0,,0,0,,2,,,,,,,Matches,
Tunisia,all_competitions,Sami Helal,GK,37-238,0.0,,,,,0,,0,0,,2,,,,,,,Matches,
Tunisia,all_competitions,Oussama Haddadi,"DF,MF",34-137,0.0,,,,,0,,0,0,,4,,,,,,,Matches,
Tunisia,all_competitions,Mouez Hassen,GK,31-101,0.0,,,,,0,,0,0,,2,,,,,,,Matches,
Tunisia,all_competitions,Raki Aouani,FW,21-276,0.0,,,,,0,,0,0,,1,,,,,,,Matches,
Tunisia,all_competitions,Raed Chikhaoui,DF,22-005,0.0,,,,,0,,0,0,,4,,,,,,,Matches,
Tunisia,all_competitions,Amenallah Memmiche,GK,22-055,0.0,,,,,0,,0,0,,2,,,,,,,Matches,
Tunisia,all_competitions,Omar Ben Ali,FW,21-053,0.0,,,,,0,,0,0,,1,,,,,,,Matches,
Tunisia,all_competitions,Anisse Saidi,FW,17-359,0.0,,,,,0,,0,0,,2,,,,,,,Matches,
Türkiye,all_competitions,Abdülkerim Bardakcı,DF,31-280,1.0,90.0,90.0,100.0,1.0,1,90.0,1,0,,0,0.0,0.0,2.0,-2.0,-2.0,,Matches,
Türkiye,all_competitions,Uğurcan Çakır,GK,30-070,1.0,90.0,90.0,100.0,1.0,1,90.0,1,0,,0,0.0,0.0,2.0,-2.0,-2.0,,Matches,
Türkiye,all_competitions,Hakan Çalhanoğlu,MF,32-126,1.0,90.0,90.0,100.0,1.0,1,90.0,1,0,,0,0.0,0.0,2.0,-2.0,-2.0,,Matches,
Türkiye,all_competitions,Merih Demiral,DF,28-101,1.0,90.0,90.0,100.0,1.0,1,90.0,1,0,,0,0.0,0.0,2.0,-2.0,-2.0,,Matches,
Türkiye,all_competitions,Arda Güler,MF,21-109,1.0,90.0,90.0,100.0,1.0,1,90.0,1,0,,0,0.0,0.0,2.0,-2.0,-2.0,,Matches,
Türkiye,all_competitions,Ferdi Kadioglu,DF,26-250,1.0,90.0,90.0,100.0,1.0,1,90.0,1,0,,0,0.0,0.0,2.0,-2.0,-2.0,,Matches,
Türkiye,all_competitions,Kerem Aktürkoğlu,FW,27-236,1.0,84.0,84.0,93.3,0.9,1,84.0,0,0,,0,0.0,0.0,2.0,-2.0,-2.14,-2.14,Matches,
Türkiye,all_competitions,Zeki Çelik,DF,29-117,1.0,80.0,80.0,88.9,0.9,1,80.0,0,0,,0,0.0,0.0,2.0,-2.0,-2.25,-2.25,Matches,
Türkiye,all_competitions,İsmail Yüksek,MF,27-139,1.0,80.0,80.0,88.9,0.9,1,80.0,0,0,,0,0.0,0.0,2.0,-2.0,-2.25,-2.25,Matches,
Türkiye,all_competitions,Orkun Kökçü,MF,25-167,1.0,61.0,61.0,67.8,0.7,1,61.0,0,0,,0,0.0,0.0,1.0,-1.0,-1.48,1.63,Matches,
Türkiye,all_competitions,Barış Alper Yılmaz,MF,26-022,1.0,45.0,45.0,50.0,0.5,1,45.0,0,0,,0,0.0,0.0,1.0,-1.0,-2.0,0.0,Matches,
Türkiye,all_competitions,Kenan Yıldız,"FW,MF",21-041,1.0,45.0,45.0,50.0,0.5,0,,0,1,45.0,0,0.0,0.0,1.0,-1.0,-2.0,0.0,Matches,
Türkiye,all_competitions,Yunus Akgün,MF,25-342,1.0,29.0,29.0,32.2,0.3,0,,0,1,29.0,0,0.0,0.0,1.0,-1.0,-3.1,-1.63,Matches,
Türkiye,all_competitions,Mert Müldür,DF,27-072,1.0,10.0,10.0,11.1,0.1,0,,0,1,10.0,0,0.0,0.0,0.0,0.0,0.0,2.25,Matches,
Türkiye,all_competitions,Salih Özcan,MF,28-154,1.0,10.0,10.0,11.1,0.1,0,,0,1,10.0,0,0.0,0.0,0.0,0.0,0.0,2.25,Matches,
Türkiye,all_competitions,Deniz Gül,FW,21-347,1.0,6.0,6.0,6.7,0.1,0,,0,1,6.0,0,0.0,0.0,0.0,0.0,0.0,2.14,Matches,
Türkiye,all_competitions,Samet Akaydın,DF,32-093,0.0,,,,,0,,0,0,,1,,,,,,,Matches,
Türkiye,all_competitions,Oğuz Aydın,MF,25-230,0.0,,,,,0,,0,0,,1,,,,,,,Matches,
Türkiye,all_competitions,Kaan Ayhan,"DF,MF",31-216,0.0,,,,,0,,0,0,,1,,,,,,,Matches,
Türkiye,all_competitions,Altay Bayındır,GK,28-061,0.0,,,,,0,,0,0,,1,,,,,,,Matches,
Türkiye,all_competitions,İrfan Can Kahveci,MF,30-334,0.0,,,,,0,,0,0,,1,,,,,,,Matches,
Türkiye,all_competitions,Eren Elmalı,DF,25-342,0.0,,,,,0,,0,0,,1,,,,,,,Matches,
Türkiye,all_competitions,Mert Günok,GK,37-105,0.0,,,,,0,,0,0,,1,,,,,,,Matches,
Türkiye,all_competitions,Ozan Kabak,DF,26-081,0.0,,,,,0,,0,0,,1,,,,,,,Matches,
Türkiye,all_competitions,Çağlar Söyüncü,DF,30-022,0.0,,,,,0,,0,0,,1,,,,,,,Matches,
Türkiye,all_competitions,Can Uzun,MF,20-215,0.0,,,,,0,,0,0,,1,,,,,,,Matches,
Türkiye,all_competitions,Squad Total,,27.6,1.0,90.0,90.0,100.0,1.0,11,81.0,6,5,20.0,10,0.0,0.0,2.0,-2.0,-2.0,,,
Türkiye,all_competitions,Opponent Total,,25.1,1.0,90.0,90.0,100.0,1.0,11,81.0,6,5,16.0,10,3.0,2.0,0.0,2.0,2.0,,,
Türkiye,all_competitions,Ozan Kabak,DF,26-081,2.0,135.0,68.0,76.3,1.5,2,68.0,1,0,,0,3.0,4.0,1.0,3.0,2.0,-2.29,Matches,
Türkiye,all_competitions,Deniz Gül,FW,21-347,2.0,122.0,61.0,68.9,1.4,2,61.0,0,0,,0,3.0,5.0,1.0,4.0,2.95,1.31,Matches,
Türkiye,all_competitions,Orkun Kökçü,MF,25-167,2.0,115.0,58.0,65.0,1.3,2,58.0,0,0,,0,3.0,4.0,1.0,3.0,2.35,-0.56,Matches,
Türkiye,all_competitions,Eren Elmalı,DF,25-342,2.0,105.0,53.0,59.3,1.2,2,53.0,0,0,,0,3.0,4.0,1.0,3.0,2.57,0.07,Matches,
Türkiye,all_competitions,Zeki Çelik,DF,29-117,2.0,123.0,62.0,69.5,1.4,1,61.0,0,1,62.0,0,3.0,4.0,1.0,3.0,2.2,-1.14,Matches,
Türkiye,all_competitions,Barış Alper Yılmaz,MF,26-022,2.0,117.0,59.0,66.1,1.3,1,90.0,1,1,27.0,0,3.0,3.0,1.0,2.0,1.54,-2.96,Matches,
Türkiye,all_competitions,Mert Müldür,DF,27-072,2.0,116.0,58.0,65.5,1.3,1,87.0,0,1,29.0,0,3.0,4.0,0.0,4.0,3.1,1.63,Matches,
Türkiye,all_competitions,Can Uzun,MF,20-215,2.0,91.0,46.0,51.4,1.0,1,62.0,0,1,29.0,0,3.0,3.0,0.0,3.0,2.97,0.87,Matches,
Türkiye,all_competitions,Yunus Akgün,MF,25-342,2.0,90.0,45.0,50.8,1.0,1,45.0,0,1,45.0,0,3.0,3.0,0.0,3.0,3.0,0.93,Matches,
Türkiye,all_competitions,Uğurcan Çakır,GK,30-070,1.0,90.0,90.0,50.8,1.0,1,90.0,1,0,,0,3.0,2.0,1.0,1.0,1.0,-3.14,Matches,
Türkiye,all_competitions,Salih Özcan,MF,28-154,2.0,90.0,45.0,50.8,1.0,1,61.0,0,1,29.0,0,3.0,3.0,0.0,3.0,3.0,0.93,Matches,
Türkiye,all_competitions,İrfan Can Kahveci,MF,30-334,2.0,88.0,44.0,49.7,1.0,1,45.0,0,1,43.0,0,3.0,3.0,1.0,2.0,2.05,-0.99,Matches,
Türkiye,all_competitions,Arda Güler,MF,21-109,2.0,88.0,44.0,49.7,1.0,1,61.0,0,1,27.0,0,3.0,3.0,1.0,2.0,2.05,-0.99,Matches,
Türkiye,all_competitions,Oğuz Aydın,MF,25-230,2.0,72.0,36.0,40.7,0.8,1,61.0,0,1,11.0,0,3.0,3.0,0.0,3.0,3.75,2.04,Matches,
Türkiye,all_competitions,Altay Bayındır,GK,28-061,1.0,62.0,62.0,35.0,0.7,1,62.0,0,0,,1,3.0,3.0,0.0,3.0,4.35,2.79,Matches,
Türkiye,all_competitions,Çağlar Söyüncü,DF,30-022,1.0,62.0,62.0,35.0,0.7,1,62.0,0,0,,1,3.0,3.0,0.0,3.0,4.35,2.79,Matches,
Türkiye,all_competitions,İsmail Yüksek,MF,27-139,1.0,61.0,61.0,34.5,0.7,1,61.0,0,0,,1,3.0,2.0,1.0,1.0,1.48,-1.63,Matches,
Türkiye,all_competitions,Abdülkerim Bardakcı,DF,31-280,1.0,45.0,45.0,25.4,0.5,1,45.0,0,0,,0,3.0,1.0,1.0,0.0,0.0,-3.41,Matches,
Türkiye,all_competitions,Merih Demiral,DF,28-101,2.0,71.0,36.0,40.1,0.8,0,,0,2,36.0,0,3.0,2.0,0.0,2.0,2.54,-0.01,Matches,
Türkiye,all_competitions,Samet Akaydın,DF,32-093,1.0,43.0,43.0,24.3,0.5,0,,0,1,43.0,1,3.0,2.0,0.0,2.0,4.19,2.17,Matches,
Türkiye,all_competitions,Kaan Ayhan,"DF,MF",31-216,1.0,43.0,43.0,24.3,0.5,0,,0,1,43.0,1,3.0,2.0,0.0,2.0,4.19,2.17,Matches,
Türkiye,all_competitions,Kerem Aktürkoğlu,"FW,MF",27-236,1.0,29.0,29.0,16.4,0.3,0,,0,1,29.0,0,3.0,0.0,0.0,0.0,0.0,-3.04,Matches,
Türkiye,all_competitions,Demir Ege Tıknaz,MF,21-301,1.0,27.0,27.0,15.3,0.3,0,,0,1,27.0,1,3.0,1.0,0.0,1.0,3.33,0.93,Matches,
Türkiye,all_competitions,Muhammed Şengezer,GK,29-160,1.0,26.0,26.0,14.7,0.3,0,,0,1,26.0,0,3.0,1.0,0.0,1.0,3.46,1.08,Matches,
Türkiye,all_competitions,Aral Şimşir,MF,23-028,1.0,26.0,26.0,14.7,0.3,0,,0,1,26.0,0,3.0,1.0,0.0,1.0,3.46,1.08,Matches,
Türkiye,all_competitions,Hakan Çalhanoğlu,"FW,MF",32-126,2.0,21.0,11.0,11.9,0.2,0,,0,2,11.0,0,3.0,0.0,0.0,0.0,0.0,-2.88,Matches,
Türkiye,all_competitions,Yusuf Akçiçek,DF,20-140,0.0,,,,,0,,0,0,,1,,,,,,,Matches,
Türkiye,all_competitions,Mert Günok,GK,37-105,0.0,,,,,0,,0,0,,2,,,,,,,Matches,
Türkiye,all_competitions,Yusuf Sari,MF,27-206,0.0,,,,,0,,0,0,,1,,,,,,,Matches,
Türkiye,all_competitions,Aral Şimşir,"FW,MF",23-360,0.0,,,,,0,,0,0,,1,,,,,,,Matches,
Türkiye,all_competitions,Squad Total,,26.8,2.0,177.0,89.0,100.0,2.0,22,62.0,3,19,31.0,11,3.0,6.0,1.0,5.0,2.54,,,
Türkiye,all_competitions,Opponent Total,,26.8,2.0,177.0,89.0,100.0,2.0,22,62.0,3,19,24.0,9,0.0,1.0,6.0,-5.0,-2.54,,,
Türkiye,all_competitions,Abdülkerim Bardakcı,DF,31.0,7.0,630.0,90.0,87.5,7.0,7,90.0,7,0,,0,2.57,17.0,10.0,7.0,1.0,1.0,Matches,
Türkiye,all_competitions,Uğurcan Çakır,GK,29.0,7.0,630.0,90.0,87.5,7.0,7,90.0,7,0,,1,2.57,17.0,10.0,7.0,1.0,1.0,Matches,
Türkiye,all_competitions,Kenan Yıldız,MF,20.0,7.0,580.0,83.0,80.6,6.4,7,83.0,3,0,,1,2.57,15.0,9.0,6.0,0.93,0.29,Matches,
Türkiye,all_competitions,Arda Güler,MF,20.0,7.0,568.0,81.0,78.9,6.3,7,81.0,1,0,,1,2.57,16.0,9.0,7.0,1.11,1.11,Matches,
Türkiye,all_competitions,Kerem Aktürkoğlu,FW,27.0,7.0,563.0,80.0,78.2,6.3,7,80.0,3,0,,0,2.57,16.0,9.0,7.0,1.12,1.12,Matches,
Türkiye,all_competitions,Hakan Çalhanoğlu,MF,31.0,7.0,556.0,79.0,77.2,6.2,7,79.0,2,0,,0,2.57,15.0,10.0,5.0,0.81,-0.29,Matches,
Türkiye,all_competitions,İsmail Yüksek,"MF,DF",27.0,6.0,486.0,81.0,67.5,5.4,6,81.0,4,0,,1,2.5,10.0,7.0,3.0,0.56,-0.98,Matches,
Türkiye,all_competitions,Merih Demiral,DF,27.0,6.0,480.0,80.0,66.7,5.3,6,80.0,3,0,,0,2.17,15.0,12.0,3.0,0.56,-0.94,Matches,
Türkiye,all_competitions,Ferdi Kadioglu,"DF,MF",26.0,8.0,455.0,57.0,63.2,5.1,5,81.0,3,3,16.0,0,2.38,11.0,4.0,7.0,1.38,1.38,Matches,
Türkiye,all_competitions,Mert Müldür,DF,26.0,7.0,386.0,55.0,53.6,4.3,4,83.0,3,3,18.0,1,2.29,9.0,9.0,0.0,0.0,-1.89,Matches,
Türkiye,all_competitions,Zeki Çelik,"DF,MF",28.0,5.0,356.0,71.0,49.4,4.0,4,82.0,2,1,28.0,2,2.0,10.0,3.0,7.0,1.77,1.77,Matches,
Türkiye,all_competitions,Orkun Kökçü,MF,25.0,7.0,374.0,53.0,51.9,4.2,3,90.0,3,4,26.0,1,2.29,10.0,5.0,5.0,1.2,0.68,Matches,
Türkiye,all_competitions,Eren Elmalı,DF,25.0,4.0,250.0,63.0,34.7,2.8,3,81.0,2,1,8.0,2,2.25,7.0,9.0,-2.0,-0.72,-2.44,Matches,
Türkiye,all_competitions,Yunus Akgün,MF,25.0,3.0,177.0,59.0,24.6,2.0,3,59.0,0,0,,3,2.0,7.0,5.0,2.0,1.02,0.19,Matches,
Türkiye,all_competitions,Oğuz Aydın,MF,25.0,5.0,263.0,53.0,36.5,2.9,2,90.0,2,3,28.0,2,2.4,8.0,5.0,3.0,1.03,0.24,Matches,
Türkiye,all_competitions,Samet Akaydın,DF,31.0,4.0,232.0,58.0,32.2,2.6,2,90.0,2,2,26.0,4,2.5,5.0,2.0,3.0,1.16,0.43,Matches,
Türkiye,all_competitions,Barış Alper Yılmaz,MF,25.0,5.0,217.0,43.0,30.1,2.4,2,84.0,1,3,17.0,1,2.6,3.0,2.0,1.0,0.41,-0.66,Matches,
Türkiye,all_competitions,Salih Özcan,MF,28.0,5.0,136.0,27.0,18.9,1.5,1,77.0,0,4,15.0,3,2.0,4.0,2.0,2.0,1.32,0.55,Matches,
Türkiye,all_competitions,İrfan Can Kahveci,MF,30.0,4.0,102.0,26.0,14.2,1.1,1,68.0,0,3,11.0,2,2.5,4.0,3.0,1.0,0.88,0.01,Matches,
Türkiye,all_competitions,Ozan Kabak,DF,25.0,2.0,91.0,46.0,12.6,1.0,1,90.0,1,1,1.0,0,3.0,1.0,0.0,1.0,0.99,0.13,Matches,
Türkiye,all_competitions,Altay Bayındır,GK,27.0,1.0,90.0,90.0,12.5,1.0,1,90.0,1,0,,7,1.0,2.0,2.0,0.0,0.0,-1.0,Matches,
Türkiye,all_competitions,Çağlar Söyüncü,DF,29.0,1.0,90.0,90.0,12.5,1.0,1,90.0,1,0,,5,1.0,2.0,2.0,0.0,0.0,-1.0,Matches,
Türkiye,all_competitions,Deniz Gül,FW,21.0,3.0,77.0,26.0,10.7,0.9,1,68.0,0,2,5.0,3,2.33,3.0,2.0,1.0,1.17,0.33,Matches,
Türkiye,all_competitions,Yusuf Sari,MF,27.0,2.0,25.0,13.0,3.5,0.3,0,,0,2,13.0,0,2.0,0.0,0.0,0.0,0.0,-0.91,Matches,
Türkiye,all_competitions,Atakan Karazor,MF,29.0,2.0,23.0,12.0,3.2,0.3,0,,0,2,12.0,3,2.0,1.0,0.0,1.0,3.91,3.14,Matches,
Türkiye,all_competitions,Can Uzun,MF,20.0,1.0,22.0,22.0,3.1,0.2,0,,0,1,22.0,2,3.0,1.0,0.0,1.0,4.09,3.32,Matches,
Türkiye,all_competitions,Kaan Ayhan,"DF,MF",31.0,1.0,20.0,20.0,2.8,0.2,0,,0,1,20.0,3,3.0,0.0,0.0,0.0,0.0,-0.9,Matches,
Türkiye,all_competitions,Mustafa Eskihellaç,"DF,MF",28.0,1.0,13.0,13.0,1.8,0.1,0,,0,1,13.0,0,1.0,0.0,0.0,0.0,0.0,-0.89,Matches,
Türkiye,all_competitions,Yusuf Akçiçek,DF,20.0,1.0,8.0,8.0,1.1,0.1,0,,0,1,8.0,0,1.0,0.0,0.0,0.0,0.0,-0.88,Matches,
Türkiye,all_competitions,Mert Günok,GK,36.0,0.0,,,,,0,,0,0,,8,,,,,,,Matches,
Türkiye,all_competitions,Ahmed Kutucu,"FW,MF",25.0,0.0,,,,,0,,0,0,,1,,,,,,,Matches,
Türkiye,all_competitions,İsak Vural,MF,19.0,0.0,,,,,0,,0,0,,1,,,,,,,Matches,
Türkiye,all_competitions,Squad Total,,27.1,8.0,720.0,90.0,100.0,8.0,88,82.0,51,38,17.0,58,2.38,19.0,12.0,7.0,0.87,,,
Türkiye,all_competitions,Opponent Total,,26.7,8.0,720.0,90.0,100.0,8.0,88,82.0,54,34,21.0,62,0.5,12.0,19.0,-7.0,-0.87,,,
Türkiye,all_competitions,Uğurcan Çakır,GK,30-070,9.0,810.0,90.0,82.1,9.0,9,90.0,9,0,,1,2.33,19.0,13.0,6.0,0.67,-1.37,Matches,
Türkiye,all_competitions,Abdülkerim Bardakcı,DF,31-280,9.0,765.0,85.0,77.5,8.5,9,85.0,8,0,,0,2.33,18.0,13.0,5.0,0.59,-1.44,Matches,
Türkiye,all_competitions,Arda Güler,MF,21-109,10.0,746.0,75.0,75.6,8.3,9,80.0,2,1,27.0,1,2.4,19.0,12.0,7.0,0.84,-0.28,Matches,
Türkiye,all_competitions,Kerem Aktürkoğlu,FW,27-236,9.0,676.0,75.0,68.5,7.5,8,81.0,3,1,29.0,0,2.33,16.0,11.0,5.0,0.67,-0.78,Matches,
Türkiye,all_competitions,Hakan Çalhanoğlu,MF,32-126,10.0,667.0,67.0,67.6,7.4,8,81.0,3,2,11.0,0,2.4,15.0,12.0,3.0,0.4,-1.56,Matches,
Türkiye,all_competitions,Merih Demiral,DF,28-101,9.0,641.0,71.0,64.9,7.1,7,81.0,4,2,36.0,0,2.11,17.0,14.0,3.0,0.42,-1.4,Matches,
Türkiye,all_competitions,İsmail Yüksek,MF,27-139,8.0,627.0,78.0,63.5,7.0,8,78.0,4,0,,2,2.25,12.0,10.0,2.0,0.29,-1.71,Matches,
Türkiye,all_competitions,Kenan Yıldız,"FW,MF",21-041,8.0,625.0,78.0,77.2,6.9,7,83.0,3,1,45.0,1,2.25,15.0,10.0,5.0,0.72,0.72,Matches,
Türkiye,all_competitions,Zeki Çelik,DF,29-117,8.0,559.0,70.0,56.6,6.2,6,78.0,2,2,45.0,2,2.0,14.0,6.0,8.0,1.29,0.87,Matches,
Türkiye,all_competitions,Orkun Kökçü,MF,25-167,10.0,550.0,55.0,55.7,6.1,6,74.0,3,4,26.0,1,2.2,14.0,7.0,7.0,1.15,0.53,Matches,
Türkiye,all_competitions,Ferdi Kadioglu,DF,26-250,9.0,545.0,61.0,67.3,6.1,6,83.0,4,3,16.0,0,2.12,11.0,6.0,5.0,0.83,0.83,Matches,
Türkiye,all_competitions,Mert Müldür,DF,27-072,10.0,512.0,51.0,51.9,5.7,5,84.0,3,5,19.0,1,2.2,13.0,9.0,4.0,0.7,-0.43,Matches,
Türkiye,all_competitions,Barış Alper Yılmaz,MF,26-022,8.0,379.0,47.0,38.4,4.2,4,76.0,2,4,19.0,1,2.38,6.0,4.0,2.0,0.47,-0.71,Matches,
Türkiye,all_competitions,Eren Elmalı,DF,25-342,6.0,355.0,59.0,36.0,3.9,5,69.0,2,1,8.0,3,2.5,11.0,10.0,1.0,0.25,-1.57,Matches,
Türkiye,all_competitions,Oğuz Aydın,MF,25-230,7.0,335.0,48.0,33.9,3.7,3,80.0,2,4,24.0,3,2.57,11.0,5.0,6.0,1.61,0.65,Matches,
Türkiye,all_competitions,Yunus Akgün,MF,25-342,6.0,296.0,49.0,30.0,3.3,4,56.0,0,2,37.0,3,2.0,10.0,6.0,4.0,1.22,0.43,Matches,
Türkiye,all_competitions,Samet Akaydın,DF,32-093,5.0,275.0,55.0,27.9,3.1,2,90.0,2,3,32.0,6,2.6,7.0,2.0,5.0,1.64,0.62,Matches,
Türkiye,all_competitions,Salih Özcan,MF,28-154,8.0,236.0,30.0,23.9,2.6,2,69.0,0,6,16.0,3,2.0,7.0,2.0,5.0,1.91,1.31,Matches,
Türkiye,all_competitions,Ozan Kabak,DF,26-081,4.0,226.0,57.0,22.9,2.5,3,75.0,2,1,1.0,1,3.0,5.0,1.0,4.0,1.59,0.52,Matches,
Türkiye,all_competitions,Deniz Gül,FW,21-347,6.0,205.0,34.0,20.8,2.3,3,63.0,0,3,5.0,3,2.17,8.0,3.0,5.0,2.2,1.62,Matches,
Türkiye,all_competitions,İrfan Can Kahveci,MF,30-334,6.0,190.0,32.0,19.3,2.1,2,57.0,0,4,19.0,3,2.67,7.0,4.0,3.0,1.42,0.28,Matches,
Türkiye,all_competitions,Altay Bayındır,GK,28-061,2.0,152.0,76.0,15.4,1.7,2,76.0,1,0,,9,2.0,5.0,2.0,3.0,1.78,0.69,Matches,
Türkiye,all_competitions,Çağlar Söyüncü,DF,30-022,2.0,152.0,76.0,15.4,1.7,2,76.0,1,0,,7,2.0,5.0,2.0,3.0,1.78,0.69,Matches,
Türkiye,all_competitions,Can Uzun,MF,20-215,3.0,113.0,38.0,11.4,1.3,1,62.0,0,2,26.0,3,3.0,4.0,0.0,4.0,3.19,2.27,Matches,
Türkiye,all_competitions,Kaan Ayhan,"DF,MF",31-216,2.0,63.0,32.0,6.4,0.7,0,,0,2,32.0,5,3.0,2.0,0.0,2.0,2.86,1.78,Matches,
Türkiye,all_competitions,Demir Ege Tıknaz,MF,21-301,1.0,27.0,27.0,15.3,0.3,0,,0,1,27.0,1,3.0,1.0,0.0,1.0,3.33,0.93,Matches,
Türkiye,all_competitions,Muhammed Şengezer,GK,29-160,1.0,26.0,26.0,14.7,0.3,0,,0,1,26.0,0,3.0,1.0,0.0,1.0,3.46,1.08,Matches,
Türkiye,all_competitions,Aral Şimşir,MF,23-028,1.0,26.0,26.0,14.7,0.3,0,,0,1,26.0,0,3.0,1.0,0.0,1.0,3.46,1.08,Matches,
Türkiye,all_competitions,Yusuf Sari,MF,27-206,2.0,25.0,13.0,2.8,0.3,0,,0,2,13.0,1,2.0,0.0,0.0,0.0,0.0,-0.91,Matches,
Türkiye,all_competitions,Atakan Karazor,MF,29-244,2.0,23.0,12.0,3.2,0.3,0,,0,2,12.0,3,2.0,1.0,0.0,1.0,3.91,3.14,Matches,
Türkiye,all_competitions,Mustafa Eskihellaç,"DF,MF",29-040,1.0,13.0,13.0,1.8,0.1,0,,0,1,13.0,0,1.0,0.0,0.0,0.0,0.0,-0.89,Matches,
Türkiye,all_competitions,Yusuf Akçiçek,DF,20-140,1.0,8.0,8.0,0.9,0.1,0,,0,1,8.0,1,1.0,0.0,0.0,0.0,0.0,-0.88,Matches,
Türkiye,all_competitions,Mert Günok,GK,37-105,0.0,,,,,0,,0,0,,11,,,,,,,Matches,
Türkiye,all_competitions,Ahmed Kutucu,"FW,MF",26-105,0.0,,,,,0,,0,0,,1,,,,,,,Matches,
Türkiye,all_competitions,İsak Vural,MF,20-017,0.0,,,,,0,,0,0,,1,,,,,,,Matches,
Türkiye,all_competitions,Aral Şimşir,"FW,MF",23-360,0.0,,,,,0,,0,0,,1,,,,,,,Matches,
United States,all_competitions,Tyler Adams,MF,27-120,1.0,90.0,90.0,100.0,1.0,1,90.0,1,0,,0,3.0,4.0,1.0,3.0,3.0,,Matches,
United States,all_competitions,Alex Freeman,DF,21-309,1.0,90.0,90.0,100.0,1.0,1,90.0,1,0,,0,3.0,4.0,1.0,3.0,3.0,,Matches,
United States,all_competitions,Matt Freese,GK,27-285,1.0,90.0,90.0,100.0,1.0,1,90.0,1,0,,0,3.0,4.0,1.0,3.0,3.0,,Matches,
United States,all_competitions,Weston McKennie,MF,27-290,1.0,90.0,90.0,100.0,1.0,1,90.0,1,0,,0,3.0,4.0,1.0,3.0,3.0,,Matches,
United States,all_competitions,Tim Ream,DF,38-252,1.0,90.0,90.0,100.0,1.0,1,90.0,1,0,,0,3.0,4.0,1.0,3.0,3.0,,Matches,
United States,all_competitions,Chris Richards,DF,26-078,1.0,90.0,90.0,100.0,1.0,1,90.0,1,0,,0,3.0,4.0,1.0,3.0,3.0,,Matches,
United States,all_competitions,Antonee Robinson,DF,28-310,1.0,90.0,90.0,100.0,1.0,1,90.0,1,0,,0,3.0,4.0,1.0,3.0,3.0,,Matches,
United States,all_competitions,Malik Tillman,MF,24-017,1.0,81.0,81.0,90.0,0.9,1,81.0,0,0,,0,3.0,3.0,1.0,2.0,2.22,-7.78,Matches,
United States,all_competitions,Folarin Balogun,FW,24-346,1.0,71.0,71.0,78.9,0.8,1,71.0,0,0,,0,3.0,3.0,0.0,3.0,3.8,3.8,Matches,
United States,all_competitions,Sergiño Dest,MF,25-223,1.0,71.0,71.0,78.9,0.8,1,71.0,0,0,,0,3.0,3.0,0.0,3.0,3.8,3.8,Matches,
United States,all_competitions,Christian Pulisic,MF,27-269,1.0,45.0,45.0,50.0,0.5,1,45.0,0,0,,0,3.0,3.0,0.0,3.0,6.0,6.0,Matches,
United States,all_competitions,Sebastian Berhalter,MF,25-035,1.0,45.0,45.0,50.0,0.5,0,,0,1,45.0,0,3.0,1.0,1.0,0.0,0.0,-6.0,Matches,
United States,all_competitions,Ricardo Pepi,FW,23-156,1.0,19.0,19.0,21.1,0.2,0,,0,1,19.0,0,3.0,1.0,1.0,0.0,0.0,-3.8,Matches,
United States,all_competitions,Timothy Weah,"DF,FW",26-112,1.0,19.0,19.0,21.1,0.2,0,,0,1,19.0,0,3.0,1.0,1.0,0.0,0.0,-3.8,Matches,
United States,all_competitions,Gio Reyna,MF,23-213,1.0,9.0,9.0,10.0,0.1,0,,0,1,9.0,0,3.0,1.0,0.0,1.0,10.0,7.78,Matches,
United States,all_competitions,Brenden Aaronson,"FW,MF",25-235,0.0,,,,,0,,0,0,,1,,,,,,,Matches,
United States,all_competitions,Max Arfsten,MF,25-056,0.0,,,,,0,,0,0,,1,,,,,,,Matches,
United States,all_competitions,Chris Brady,GK,22-103,0.0,,,,,0,,0,0,,1,,,,,,,Matches,
United States,all_competitions,Mark McKenzie,DF,27-109,0.0,,,,,0,,0,0,,1,,,,,,,Matches,
United States,all_competitions,Miles Robinson,DF,29-092,0.0,,,,,0,,0,0,,1,,,,,,,Matches,
United States,all_competitions,Cristian Roldan,MF,31-011,0.0,,,,,0,,0,0,,1,,,,,,,Matches,
United States,all_competitions,Joe Scally,"DF,MF",23-165,0.0,,,,,0,,0,0,,1,,,,,,,Matches,
United States,all_competitions,Auston Trusty,DF,27-306,0.0,,,,,0,,0,0,,1,,,,,,,Matches,
United States,all_competitions,Matt Turner,GK,31-355,0.0,,,,,0,,0,0,,1,,,,,,,Matches,
United States,all_competitions,Haji Wright,"FW,MF",28-079,0.0,,,,,0,,0,0,,1,,,,,,,Matches,
United States,all_competitions,Alejandro Zendejas,"FW,MF",28-127,0.0,,,,,0,,0,0,,1,,,,,,,Matches,
United States,all_competitions,Squad Total,,27.2,1.0,90.0,90.0,100.0,1.0,11,82.0,7,4,23.0,11,3.0,4.0,1.0,3.0,3.0,,,
United States,all_competitions,Opponent Total,,28.4,1.0,90.0,90.0,100.0,1.0,11,82.0,6,5,22.0,10,0.0,1.0,4.0,-3.0,-3.0,,,
United States,all_competitions,Christian Pulisic,"MF,FW",27-269,4.0,221.0,55.0,61.4,2.5,4,55.0,0,0,,0,0.75,4.0,8.0,-4.0,-1.63,-0.98,Matches,
United States,all_competitions,Antonee Robinson,DF,28-310,4.0,214.0,54.0,59.4,2.4,4,54.0,0,0,,0,0.75,4.0,7.0,-3.0,-1.26,-0.03,Matches,
United States,all_competitions,Malik Tillman,MF,24-017,4.0,251.0,63.0,69.7,2.8,3,69.0,0,1,45.0,0,0.75,3.0,9.0,-6.0,-2.15,-2.98,Matches,
United States,all_competitions,Alex Freeman,DF,21-309,4.0,221.0,55.0,61.4,2.5,3,65.0,0,1,27.0,0,0.75,4.0,7.0,-3.0,-1.22,0.07,Matches,
United States,all_competitions,Weston McKennie,MF,27-290,4.0,221.0,55.0,61.4,2.5,3,59.0,0,1,45.0,0,0.75,3.0,8.0,-5.0,-2.04,-2.04,Matches,
United States,all_competitions,Tim Ream,DF,38-252,3.0,206.0,69.0,57.2,2.3,3,69.0,1,0,,1,1.0,5.0,8.0,-3.0,-1.31,-0.14,Matches,
United States,all_competitions,Folarin Balogun,FW,24-346,4.0,209.0,52.0,58.1,2.3,2,70.0,0,2,35.0,0,0.75,3.0,7.0,-4.0,-1.72,-1.13,Matches,
United States,all_competitions,Sebastian Berhalter,MF,25-035,4.0,208.0,52.0,57.8,2.3,2,77.0,0,2,28.0,0,0.75,4.0,6.0,-2.0,-0.87,0.91,Matches,
United States,all_competitions,Timothy Weah,"MF,DF",26-112,4.0,193.0,48.0,53.6,2.1,2,65.0,0,2,32.0,0,0.75,2.0,6.0,-4.0,-1.87,-1.33,Matches,
United States,all_competitions,Matt Freese,GK,27-285,2.0,180.0,90.0,50.0,2.0,2,90.0,2,0,,2,0.0,1.0,4.0,-3.0,-1.5,-0.5,Matches,
United States,all_competitions,Mark McKenzie,DF,27-109,4.0,165.0,41.0,45.8,1.8,2,68.0,1,2,15.0,0,0.75,4.0,6.0,-2.0,-1.09,0.29,Matches,
United States,all_competitions,Matt Turner,GK,31-355,2.0,135.0,68.0,37.5,1.5,2,68.0,1,0,,2,1.5,4.0,6.0,-2.0,-1.33,-0.13,Matches,
United States,all_competitions,Tyler Adams,MF,27-120,2.0,116.0,58.0,32.2,1.3,2,58.0,0,0,,0,1.5,3.0,3.0,0.0,0.0,1.84,Matches,
United States,all_competitions,Sergiño Dest,MF,25-223,2.0,116.0,58.0,32.2,1.3,2,58.0,0,0,,0,1.5,3.0,3.0,0.0,0.0,1.84,Matches,
United States,all_competitions,Auston Trusty,DF,27-306,3.0,162.0,54.0,45.0,1.8,1,89.0,0,2,37.0,1,1.0,1.0,3.0,-2.0,-1.11,0.25,Matches,
United States,all_competitions,Tanner Tessmann,MF,24-263,2.0,108.0,54.0,30.0,1.2,1,63.0,0,1,45.0,0,0.0,1.0,4.0,-3.0,-2.5,-1.79,Matches,
United States,all_competitions,Gio Reyna,MF,23-213,4.0,107.0,27.0,29.7,1.2,1,45.0,0,3,21.0,0,0.75,3.0,2.0,1.0,0.84,2.98,Matches,
United States,all_competitions,Miles Robinson,DF,29-092,2.0,106.0,53.0,29.4,1.2,1,61.0,0,1,45.0,0,1.5,2.0,3.0,-1.0,-0.85,0.57,Matches,
United States,all_competitions,Chris Richards,DF,26-078,1.0,90.0,90.0,25.0,1.0,1,90.0,1,0,,0,0.0,0.0,2.0,-2.0,-2.0,-1.0,Matches,
United States,all_competitions,Ricardo Pepi,FW,23-156,3.0,85.0,28.0,23.6,0.9,1,45.0,0,2,20.0,1,1.0,3.0,2.0,1.0,1.06,3.02,Matches,
United States,all_competitions,Aidan Morris,MF,24-210,1.0,78.0,78.0,21.7,0.9,1,78.0,0,0,,1,0.0,0.0,2.0,-2.0,-2.31,-1.35,Matches,
United States,all_competitions,Johnny Cardoso,MF,24-267,1.0,45.0,45.0,12.5,0.5,1,45.0,0,0,,0,0.0,1.0,1.0,0.0,0.0,1.43,Matches,
United States,all_competitions,Max Arfsten,MF,25-056,4.0,137.0,34.0,38.1,1.5,0,,0,4,34.0,0,0.75,2.0,4.0,-2.0,-1.31,-0.1,Matches,
United States,all_competitions,Cristian Roldan,MF,31-011,4.0,121.0,30.0,33.6,1.3,0,,0,4,30.0,0,0.75,2.0,5.0,-3.0,-2.23,-1.48,Matches,
United States,all_competitions,Joe Scally,"DF,MF",23-165,4.0,109.0,27.0,30.3,1.2,0,,0,4,27.0,0,0.75,2.0,2.0,0.0,0.0,1.79,Matches,
United States,all_competitions,Patrick Agyemang,FW,25-219,2.0,65.0,33.0,18.1,0.7,0,,0,2,33.0,0,0.0,1.0,2.0,-1.0,-1.38,-0.16,Matches,
United States,all_competitions,Chris Brady,GK,22-103,1.0,45.0,45.0,12.5,0.5,0,,0,1,45.0,3,3.0,1.0,1.0,0.0,0.0,1.43,Matches,
United States,all_competitions,Brenden Aaronson,"FW,MF",25-235,2.0,31.0,16.0,8.6,0.3,0,,0,2,16.0,2,0.0,0.0,0.0,0.0,0.0,1.37,Matches,
United States,all_competitions,Alejandro Zendejas,"FW,MF",28-127,1.0,15.0,15.0,4.2,0.2,0,,0,1,15.0,1,3.0,0.0,0.0,0.0,0.0,1.3,Matches,
United States,all_competitions,Patrick Schulte,GK,25-093,0.0,,,,,0,,0,0,,2,,,,,,,Matches,
United States,all_competitions,Haji Wright,"FW,MF",28-079,0.0,,,,,0,,0,0,,2,,,,,,,Matches,
United States,all_competitions,Squad Total,,26.9,4.0,360.0,90.0,100.0,4.0,44,64.0,6,38,30.0,18,0.75,6.0,11.0,-5.0,-1.25,,,
United States,all_competitions,Opponent Total,,27.0,4.0,360.0,90.0,100.0,4.0,44,64.0,7,37,28.0,16,2.25,11.0,6.0,5.0,1.25,,,
United States,all_competitions,Malik Tillman,MF,24-017,5.0,332.0,66.0,73.8,3.7,4,72.0,0,1,45.0,0,1.2,6.0,10.0,-4.0,-1.08,-2.61,Matches,
United States,all_competitions,Alex Freeman,DF,21-309,5.0,311.0,62.0,69.1,3.5,4,71.0,1,1,27.0,0,1.2,8.0,8.0,0.0,0.0,1.29,Matches,
United States,all_competitions,Weston McKennie,MF,27-290,5.0,311.0,62.0,69.1,3.5,4,67.0,1,1,45.0,0,1.2,7.0,9.0,-2.0,-0.58,-0.58,Matches,
United States,all_competitions,Antonee Robinson,DF,28-310,5.0,304.0,61.0,67.6,3.4,5,61.0,1,0,,0,1.2,8.0,8.0,0.0,0.0,1.23,Matches,
United States,all_competitions,Tim Ream,DF,38-252,4.0,296.0,74.0,65.8,3.3,4,74.0,2,0,,1,1.5,9.0,9.0,0.0,0.0,1.17,Matches,
United States,all_competitions,Folarin Balogun,FW,24-346,5.0,280.0,56.0,62.2,3.1,3,70.0,0,2,35.0,0,1.2,6.0,7.0,-1.0,-0.32,0.21,Matches,
United States,all_competitions,Matt Freese,GK,27-285,3.0,270.0,90.0,60.0,3.0,3,90.0,3,0,,2,1.0,5.0,5.0,0.0,0.0,1.0,Matches,
United States,all_competitions,Christian Pulisic,MF,27-269,5.0,266.0,53.0,59.1,3.0,5,53.0,0,0,,0,1.2,7.0,8.0,-1.0,-0.34,0.15,Matches,
United States,all_competitions,Sebastian Berhalter,MF,25-035,5.0,253.0,51.0,56.2,2.8,2,77.0,0,3,33.0,0,1.2,5.0,7.0,-2.0,-0.71,-0.71,Matches,
United States,all_competitions,Timothy Weah,"DF,FW",26-112,5.0,212.0,42.0,47.1,2.4,2,65.0,0,3,28.0,0,1.2,3.0,7.0,-4.0,-1.7,-2.45,Matches,
United States,all_competitions,Tyler Adams,MF,27-120,3.0,206.0,69.0,45.8,2.3,3,69.0,1,0,,0,2.0,7.0,4.0,3.0,1.31,3.15,Matches,
United States,all_competitions,Sergiño Dest,MF,25-223,3.0,187.0,62.0,41.6,2.1,3,62.0,0,0,,0,2.0,6.0,3.0,3.0,1.44,3.15,Matches,
United States,all_competitions,Chris Richards,DF,26-078,2.0,180.0,90.0,40.0,2.0,2,90.0,2,0,,0,1.5,4.0,3.0,1.0,0.5,1.5,Matches,
United States,all_competitions,Mark McKenzie,DF,27-109,4.0,165.0,41.0,36.7,1.8,2,68.0,1,2,15.0,1,0.75,4.0,6.0,-2.0,-1.09,0.29,Matches,
United States,all_competitions,Auston Trusty,DF,27-306,3.0,162.0,54.0,36.0,1.8,1,89.0,0,2,37.0,2,1.0,1.0,3.0,-2.0,-1.11,0.25,Matches,
United States,all_competitions,Max Arfsten,MF,25-056,4.0,137.0,34.0,30.4,1.5,0,,0,4,34.0,1,0.75,2.0,4.0,-2.0,-1.31,-0.1,Matches,
United States,all_competitions,Matt Turner,GK,31-355,2.0,135.0,68.0,30.0,1.5,2,68.0,1,0,,3,1.5,4.0,6.0,-2.0,-1.33,-0.13,Matches,
United States,all_competitions,Cristian Roldan,MF,31-011,4.0,121.0,30.0,26.9,1.3,0,,0,4,30.0,1,0.75,2.0,5.0,-3.0,-2.23,-1.48,Matches,
United States,all_competitions,Gio Reyna,MF,23-213,5.0,116.0,23.0,25.8,1.3,1,45.0,0,4,18.0,0,1.2,4.0,2.0,2.0,1.55,2.63,Matches,
United States,all_competitions,Joe Scally,"DF,MF",23-165,4.0,109.0,27.0,24.2,1.2,0,,0,4,27.0,1,0.75,2.0,2.0,0.0,0.0,1.79,Matches,
United States,all_competitions,Tanner Tessmann,MF,24-263,2.0,108.0,54.0,30.0,1.2,1,63.0,0,1,45.0,0,0.0,1.0,4.0,-3.0,-2.5,-1.79,Matches,
United States,all_competitions,Miles Robinson,DF,29-092,2.0,106.0,53.0,23.6,1.2,1,61.0,0,1,45.0,1,1.5,2.0,3.0,-1.0,-0.85,0.57,Matches,
United States,all_competitions,Ricardo Pepi,FW,23-156,4.0,104.0,26.0,23.1,1.2,1,45.0,0,3,20.0,1,1.5,4.0,3.0,1.0,0.87,1.65,Matches,
United States,all_competitions,Aidan Morris,MF,24-210,1.0,78.0,78.0,21.7,0.9,1,78.0,0,0,,1,0.0,0.0,2.0,-2.0,-2.31,-1.35,Matches,
United States,all_competitions,Patrick Agyemang,FW,25-219,2.0,65.0,33.0,18.1,0.7,0,,0,2,33.0,0,0.0,1.0,2.0,-1.0,-1.38,-0.16,Matches,
United States,all_competitions,Chris Brady,GK,22-103,1.0,45.0,45.0,10.0,0.5,0,,0,1,45.0,4,3.0,1.0,1.0,0.0,0.0,1.43,Matches,
United States,all_competitions,Johnny Cardoso,MF,24-267,1.0,45.0,45.0,12.5,0.5,1,45.0,0,0,,0,0.0,1.0,1.0,0.0,0.0,1.43,Matches,
United States,all_competitions,Brenden Aaronson,"FW,MF",25-235,2.0,31.0,16.0,6.9,0.3,0,,0,2,16.0,3,0.0,0.0,0.0,0.0,0.0,1.37,Matches,
United States,all_competitions,Alejandro Zendejas,"FW,MF",28-127,1.0,15.0,15.0,3.3,0.2,0,,0,1,15.0,2,3.0,0.0,0.0,0.0,0.0,1.3,Matches,
United States,all_competitions,Patrick Schulte,GK,25-093,0.0,,,,,0,,0,0,,2,,,,,,,Matches,
United States,all_competitions,Haji Wright,"FW,MF",28-079,0.0,,,,,0,,0,0,,3,,,,,,,Matches,
Uruguay,all_competitions,Guillermo Varela,DF,33-082,,180.0,90.0,100.0,2.0,2,90.0,2,0,,0,1.0,1.0,1.0,0.0,0.0,,Matches,2.0
Uruguay,all_competitions,Federico Valverde,MF,27-327,,179.0,90.0,99.4,2.0,2,90.0,1,0,,0,1.0,1.0,1.0,0.0,0.0,0.0,Matches,2.0
Uruguay,all_competitions,Mathías Olivera,DF,28-226,,176.0,88.0,97.8,2.0,2,88.0,1,0,,0,1.0,0.0,1.0,-1.0,-0.51,-23.01,Matches,2.0
Uruguay,all_competitions,Manuel Ugarte,MF,25-064,,176.0,88.0,97.8,2.0,2,88.0,1,0,,0,1.0,0.0,1.0,-1.0,-0.51,-23.01,Matches,2.0
Uruguay,all_competitions,Giorgian de Arrascaeta,MF,32-013,,175.0,88.0,97.2,1.9,2,88.0,0,0,,0,1.0,0.0,1.0,-1.0,-0.51,-18.51,Matches,2.0
Uruguay,all_competitions,Agustín Canobbio,"MF,FW",27-256,,172.0,86.0,95.6,1.9,2,86.0,0,0,,0,1.0,0.0,1.0,-1.0,-0.52,-11.77,Matches,2.0
Uruguay,all_competitions,Maxi Araújo,"MF,FW",26-119,,149.0,75.0,82.8,1.7,2,75.0,0,0,,0,1.0,0.0,0.0,0.0,0.0,0.0,Matches,2.0
Uruguay,all_competitions,Ronald Araújo,DF,27-099,,135.0,68.0,75.0,1.5,2,68.0,1,0,,0,1.0,1.0,1.0,0.0,0.0,0.0,Matches,2.0
Uruguay,all_competitions,José María Giménez,DF,31-145,,165.0,83.0,91.7,1.8,1,90.0,1,1,75.0,0,1.0,1.0,1.0,0.0,0.0,0.0,Matches,2.0
Uruguay,all_competitions,Federico Viñas,FW,27-349,,95.0,48.0,52.8,1.1,1,68.0,0,1,27.0,0,1.0,1.0,1.0,0.0,0.0,0.0,Matches,2.0
Uruguay,all_competitions,Fernando Muslera,GK,39-363,,90.0,90.0,50.0,1.0,1,90.0,1,0,,1,1.0,1.0,1.0,0.0,0.0,0.0,Matches,1.0
Uruguay,all_competitions,Sergio Rochet,GK,33-083,,90.0,90.0,50.0,1.0,1,90.0,1,0,,1,1.0,0.0,0.0,0.0,0.0,0.0,Matches,1.0
Uruguay,all_competitions,Rodrigo Aguirre,FW,31-256,,63.0,63.0,35.0,0.7,1,63.0,0,0,,0,1.0,0.0,0.0,0.0,0.0,0.0,Matches,1.0
Uruguay,all_competitions,Joaquín Piquerez,DF,27-294,,15.0,15.0,8.3,0.2,1,15.0,0,0,,1,1.0,0.0,0.0,0.0,0.0,0.0,Matches,1.0
Uruguay,all_competitions,Sebastián Cáceres,DF,26-300,,45.0,45.0,25.0,0.5,0,,0,1,45.0,1,1.0,0.0,0.0,0.0,0.0,0.0,Matches,1.0
Uruguay,all_competitions,Facundo Pellistri,"FW,MF",24-176,,31.0,16.0,17.2,0.3,0,,0,2,16.0,0,1.0,1.0,1.0,0.0,0.0,0.0,Matches,2.0
Uruguay,all_competitions,Darwin Núñez,FW,26-355,,26.0,13.0,14.4,0.3,0,,0,2,13.0,0,1.0,1.0,0.0,1.0,3.46,4.05,Matches,2.0
Uruguay,all_competitions,Juan Manuel Sanabria,"DF,MF",26-077,,8.0,4.0,4.4,0.1,0,,0,2,4.0,0,1.0,1.0,0.0,1.0,11.25,11.77,Matches,2.0
Uruguay,all_competitions,Emiliano Martínez,MF,26-301,,5.0,3.0,2.8,0.1,0,,0,2,3.0,0,1.0,1.0,0.0,1.0,18.0,18.51,Matches,2.0
Uruguay,all_competitions,Brian Rodríguez,"FW,MF",26-025,,4.0,4.0,2.2,0.0,0,,0,1,4.0,1,1.0,1.0,0.0,1.0,22.5,23.01,Matches,1.0
Uruguay,all_competitions,Nicolás De La Cruz,MF,29-013,,1.0,1.0,0.6,0.0,0,,0,1,1.0,1,1.0,0.0,0.0,0.0,0.0,0.0,Matches,1.0
Uruguay,all_competitions,Agustín Álvarez,FW,25-026,,,,,,0,,0,0,,1,,,,,,,Matches,0.0
Uruguay,all_competitions,José Luis Rodríguez Bebanz,DF,29-092,,,,,,0,,0,0,,2,,,,,,,Matches,0.0
Uruguay,all_competitions,Nicolas Fonseca,MF,27-238,,,,,,0,,0,0,,2,,,,,,,Matches,0.0
Uruguay,all_competitions,Santiago Mele,GK,28-281,,,,,,0,,0,0,,2,,,,,,,Matches,0.0
Uruguay,all_competitions,Facundo Torres,MF,26-062,,,,,,0,,0,0,,2,,,,,,,Matches,0.0
Uruguay,all_competitions,Matías Viña,"DF,MF",28-217,,,,,,0,,0,0,,2,,,,,,,Matches,0.0
Uruguay,all_competitions,Squad Total,,29.5,,180.0,90.0,100.0,2.0,22,80.0,9,13,17.0,17,1.0,1.0,1.0,0.0,0.0,,,2.0
Uruguay,all_competitions,Opponent Total,,27.1,,180.0,90.0,100.0,2.0,22,80.0,8,14,25.0,13,1.0,1.0,1.0,0.0,0.0,,,2.0
Uruguay,all_competitions,Federico Valverde,MF,27.0,,"1,286",86.0,79.4,14.3,14,89.0,13,1,45.0,0,1.6,20.0,10.0,10.0,0.7,0.7,Matches,15.0
Uruguay,all_competitions,Manuel Ugarte,MF,24.0,,"1,265",79.0,78.1,14.1,14,87.0,11,2,23.0,0,1.56,14.0,10.0,4.0,0.28,-1.24,Matches,16.0
Uruguay,all_competitions,Sergio Rochet,GK,32.0,,"1,260",90.0,77.8,14.0,14,90.0,14,0,,2,1.64,18.0,8.0,10.0,0.71,0.71,Matches,14.0
Uruguay,all_competitions,Maxi Araújo,"MF,FW",25.0,,"1,170",78.0,72.2,13.0,14,82.0,9,1,19.0,0,1.4,14.0,10.0,4.0,0.31,-0.89,Matches,15.0
Uruguay,all_competitions,Facundo Pellistri,"FW,MF",24.0,,"1,165",69.0,71.9,12.9,14,75.0,3,3,37.0,0,1.59,18.0,6.0,12.0,0.93,1.32,Matches,17.0
Uruguay,all_competitions,Nahitan Nández,"DF,MF",30.0,,"1,045",80.0,64.5,11.6,12,85.0,7,1,29.0,0,1.31,11.0,11.0,0.0,0.0,-1.57,Matches,13.0
Uruguay,all_competitions,Darwin Núñez,FW,26.0,,969,75.0,59.8,10.8,12,77.0,5,1,45.0,0,1.54,16.0,7.0,9.0,0.84,0.7,Matches,13.0
Uruguay,all_competitions,Sebastián Cáceres,DF,26.0,,916,76.0,56.5,10.2,11,82.0,10,1,12.0,1,1.92,16.0,5.0,11.0,1.08,1.21,Matches,12.0
Uruguay,all_competitions,Mathías Olivera,DF,28.0,,885,74.0,54.6,9.8,10,81.0,6,2,38.0,1,1.58,15.0,7.0,8.0,0.81,0.57,Matches,12.0
Uruguay,all_competitions,José María Giménez,DF,31.0,,765,85.0,47.2,8.5,8,90.0,8,1,45.0,0,1.67,10.0,6.0,4.0,0.47,-0.16,Matches,9.0
Uruguay,all_competitions,Rodrigo Bentancur,MF,28.0,,732,81.0,45.2,8.1,8,88.0,6,1,29.0,0,2.0,13.0,4.0,9.0,1.11,1.01,Matches,9.0
Uruguay,all_competitions,Ronald Araújo,DF,26.0,,720,90.0,44.4,8.0,8,90.0,8,0,,1,1.75,11.0,5.0,6.0,0.75,0.35,Matches,8.0
Uruguay,all_competitions,Nicolás De La Cruz,MF,28.0,,567,71.0,35.0,6.3,6,79.0,3,2,47.0,1,1.75,13.0,5.0,8.0,1.27,1.1,Matches,8.0
Uruguay,all_competitions,Guillermo Varela,DF,32.0,,498,62.0,30.7,5.5,6,80.0,4,2,9.0,4,1.5,5.0,4.0,1.0,0.18,-0.54,Matches,8.0
Uruguay,all_competitions,Giorgian de Arrascaeta,MF,31.0,,462,58.0,28.5,5.1,6,69.0,1,2,24.0,2,1.38,5.0,3.0,2.0,0.39,-0.23,Matches,8.0
Uruguay,all_competitions,Cristian Olivera,"FW,MF",23.0,,488,54.0,30.1,5.4,5,71.0,2,4,33.0,6,1.0,5.0,2.0,3.0,0.55,0.0,Matches,9.0
Uruguay,all_competitions,Rodrigo Aguirre,"FW,MF",31.0,,430,61.0,26.5,4.8,5,73.0,2,2,33.0,1,1.57,7.0,4.0,3.0,0.63,0.1,Matches,7.0
Uruguay,all_competitions,Brian Rodríguez,"MF,FW",25.0,,430,54.0,26.5,4.8,5,73.0,1,3,22.0,6,1.25,4.0,5.0,-1.0,-0.21,-1.04,Matches,8.0
Uruguay,all_competitions,Matías Viña,DF,28.0,,412,69.0,25.4,4.6,5,81.0,4,1,7.0,1,2.17,8.0,3.0,5.0,1.09,0.72,Matches,6.0
Uruguay,all_competitions,Joaquín Piquerez,DF,27.0,,367,52.0,22.7,4.1,4,71.0,2,3,28.0,2,1.57,7.0,4.0,3.0,0.74,0.23,Matches,7.0
Uruguay,all_competitions,Santiago Mele,GK,28.0,,360,90.0,22.2,4.0,4,90.0,4,0,,14,1.25,4.0,4.0,0.0,0.0,-0.71,Matches,4.0
Uruguay,all_competitions,Santiago Bueno,DF,27.0,,315,79.0,19.4,3.5,3,90.0,3,1,45.0,9,0.75,0.0,1.0,-1.0,-0.29,-1.04,Matches,4.0
Uruguay,all_competitions,Marcelo Saracchi,DF,27.0,,189,38.0,11.7,2.1,2,84.0,1,3,7.0,2,1.4,3.0,2.0,1.0,0.48,-0.09,Matches,5.0
Uruguay,all_competitions,Lucas Olaza,DF,31.0,,166,83.0,10.2,1.8,2,83.0,1,0,,2,1.0,0.0,0.0,0.0,0.0,-0.62,Matches,2.0
Uruguay,all_competitions,Nicolas Marichal,DF,24.0,,131,66.0,8.1,1.5,1,45.0,0,1,86.0,3,1.0,0.0,0.0,0.0,0.0,-0.6,Matches,2.0
Uruguay,all_competitions,Luis Suárez,FW,39.0,,108,54.0,6.7,1.2,1,90.0,1,1,18.0,1,2.0,0.0,0.0,0.0,0.0,-0.6,Matches,2.0
Uruguay,all_competitions,Nicolas Fonseca,MF,27.0,,106,27.0,6.5,1.2,1,90.0,1,3,5.0,6,1.25,0.0,1.0,-1.0,-0.85,-1.5,Matches,4.0
Uruguay,all_competitions,Emiliano Martínez,MF,26.0,,102,51.0,6.3,1.1,1,90.0,1,1,12.0,6,1.0,0.0,0.0,0.0,0.0,-0.59,Matches,2.0
Uruguay,all_competitions,Federico Viñas,FW,27.0,,91,18.0,5.6,1.0,1,45.0,0,4,12.0,1,1.6,1.0,0.0,1.0,0.99,0.46,Matches,5.0
Uruguay,all_competitions,Agustín Canobbio,MF,27.0,,76,25.0,4.7,0.8,1,69.0,0,2,4.0,3,2.0,1.0,2.0,-1.0,-1.18,-1.83,Matches,3.0
Uruguay,all_competitions,Facundo Torres,MF,25.0,,80,20.0,4.9,0.9,0,,0,4,20.0,8,1.25,0.0,0.0,0.0,0.0,-0.58,Matches,4.0
Uruguay,all_competitions,Felipe Carballo,MF,29.0,,54,18.0,3.3,0.6,0,,0,3,18.0,0,2.0,0.0,1.0,-1.0,-1.67,-2.3,Matches,3.0
Uruguay,all_competitions,Miguel Merentiel,FW,29.0,,45,45.0,2.8,0.5,0,,0,1,45.0,1,1.0,0.0,0.0,0.0,0.0,-0.57,Matches,1.0
Uruguay,all_competitions,Rodrigo Zalazar,"FW,MF",26.0,,44,22.0,2.7,0.5,0,,0,2,22.0,2,1.5,1.0,1.0,0.0,0.0,-0.57,Matches,2.0
Uruguay,all_competitions,Bruno Méndez,DF,26.0,,28,14.0,1.7,0.3,0,,0,2,14.0,4,3.0,1.0,0.0,1.0,3.21,2.71,Matches,2.0
Uruguay,all_competitions,José Luis Rodríguez Bebanz,DF,28.0,,25,25.0,1.5,0.3,0,,0,1,25.0,10,1.0,0.0,0.0,0.0,0.0,-0.56,Matches,1.0
Uruguay,all_competitions,Matías Vecino,"FW,MF",34.0,,23,12.0,1.4,0.3,0,,0,2,12.0,0,2.0,1.0,0.0,1.0,3.91,3.41,Matches,2.0
Uruguay,all_competitions,Kevin Amaro,DF,21.0,,20,20.0,1.2,0.2,0,,0,1,20.0,1,1.0,0.0,0.0,0.0,0.0,-0.56,Matches,1.0
Uruguay,all_competitions,Maxi Gómez,FW,29.0,,18,18.0,1.1,0.2,0,,0,1,18.0,1,3.0,0.0,1.0,-1.0,-5.0,-5.62,Matches,1.0
Uruguay,all_competitions,Agustín Álvarez,FW,24.0,,6,6.0,0.4,0.1,0,,0,1,6.0,2,0.0,0.0,0.0,0.0,0.0,-0.56,Matches,1.0
Uruguay,all_competitions,Luciano Rodríguez,FW,22.0,,1,1.0,0.1,0.0,0,,0,1,1.0,6,0.0,0.0,0.0,0.0,0.0,-0.56,Matches,1.0
Uruguay,all_competitions,Matías Abaldo,MF,21.0,,,,,,0,,0,0,,2,,,,,,,Matches,0.0
Uruguay,all_competitions,Facundo Bernal,MF,22.0,,,,,,0,,0,0,,1,,,,,,,Matches,0.0
Uruguay,all_competitions,Cristopher Fiermarin,GK,28.0,,,,,,0,,0,0,,2,,,,,,,Matches,0.0
Uruguay,all_competitions,Franco Israel,GK,25.0,,,,,,0,,0,0,,18,,,,,,,Matches,0.0
Uruguay,all_competitions,Ignacio Laquintana,MF,26.0,,,,,,0,,0,0,,1,,,,,,,Matches,0.0
Uruguay,all_competitions,Joaquín Lavega,FW,20.0,,,,,,0,,0,0,,1,,,,,,,Matches,0.0
Uruguay,all_competitions,Juan Manuel Sanabria,"DF,MF",25.0,,,,,,0,,0,0,,2,,,,,,,Matches,0.0
Uruguay,all_competitions,Santiago Mouriño,DF,23.0,,,,,,0,,0,0,,1,,,,,,,Matches,0.0
Uruguay,all_competitions,Tiago Palacios,"FW,MF",24.0,,,,,,0,,0,0,,1,,,,,,,Matches,0.0
Uruguay,all_competitions,Lucas Pino,FW,20.0,,,,,,0,,0,0,,1,,,,,,,Matches,0.0
Uruguay,all_competitions,Juan Rodríguez,DF,20.0,,,,,,0,,0,0,,2,,,,,,,Matches,0.0
Uruguay,all_competitions,Agustín Sant'Anna,DF,28.0,,,,,,0,,0,0,,2,,,,,,,Matches,0.0
Uruguay,all_competitions,Lucas Torreira,MF,29.0,,,,,,0,,0,0,,1,,,,,,,Matches,0.0
Uruguay,all_competitions,Squad Total,,28.0,,"1,620",90.0,100.0,18.0,198,82.0,131,68,23.0,145,1.56,22.0,12.0,10.0,0.56,,,18.0
Uruguay,all_competitions,Opponent Total,,29.3,,"1,620",90.0,100.0,18.0,198,82.0,112,85,18.0,131,1.06,12.0,22.0,-10.0,-0.56,,,18.0
Uruguay,all_competitions,Federico Valverde,MF,27-327,,"1,465",86.0,81.4,16.3,16,89.0,14,1,45.0,0,1.53,21.0,11.0,10.0,0.61,0.61,Matches,17.0
Uruguay,all_competitions,Manuel Ugarte,MF,25-064,,"1,441",80.0,80.1,16.0,16,87.0,12,2,23.0,0,1.5,14.0,11.0,3.0,0.19,-1.57,Matches,18.0
Uruguay,all_competitions,Sergio Rochet,GK,33-083,,"1,350",90.0,75.0,15.0,15,90.0,15,0,,3,1.6,18.0,8.0,10.0,0.67,0.67,Matches,15.0
Uruguay,all_competitions,Maxi Araújo,"MF,FW",26-119,,"1,319",78.0,73.3,14.7,16,81.0,9,1,19.0,0,1.35,14.0,10.0,4.0,0.27,-0.85,Matches,17.0
Uruguay,all_competitions,Facundo Pellistri,"FW,MF",24-176,,"1,196",63.0,66.4,13.3,14,75.0,3,5,28.0,0,1.53,19.0,7.0,12.0,0.9,1.2,Matches,19.0
Uruguay,all_competitions,Mathías Olivera,DF,28-226,,"1,061",76.0,58.9,11.8,12,82.0,7,2,38.0,1,1.5,15.0,8.0,7.0,0.59,0.23,Matches,14.0
Uruguay,all_competitions,Nahitan Nández,"DF,MF",30-168,,"1,045",80.0,64.5,11.6,12,85.0,7,1,29.0,0,1.31,11.0,11.0,0.0,0.0,-1.57,Matches,13.0
Uruguay,all_competitions,Darwin Núñez,FW,26-355,,995,66.0,55.3,11.1,12,77.0,5,3,24.0,0,1.47,17.0,7.0,10.0,0.9,0.9,Matches,15.0
Uruguay,all_competitions,Sebastián Cáceres,DF,26-300,,961,74.0,53.4,10.7,11,82.0,10,2,29.0,2,1.85,16.0,5.0,11.0,1.03,1.14,Matches,13.0
Uruguay,all_competitions,José María Giménez,DF,31-145,,930,85.0,51.7,10.3,9,90.0,9,2,60.0,0,1.55,11.0,7.0,4.0,0.39,-0.23,Matches,11.0
Uruguay,all_competitions,Ronald Araújo,DF,27-099,,855,86.0,47.5,9.5,10,86.0,9,0,,1,1.6,12.0,6.0,6.0,0.63,0.25,Matches,10.0
Uruguay,all_competitions,Rodrigo Bentancur,MF,28-354,,732,81.0,45.2,8.1,8,88.0,6,1,29.0,0,2.0,13.0,4.0,9.0,1.11,1.01,Matches,9.0
Uruguay,all_competitions,Guillermo Varela,DF,33-082,,678,68.0,37.7,7.5,8,83.0,6,2,9.0,4,1.4,6.0,5.0,1.0,0.13,-0.59,Matches,10.0
Uruguay,all_competitions,Giorgian de Arrascaeta,MF,32-013,,637,64.0,35.4,7.1,8,74.0,1,2,24.0,2,1.3,5.0,4.0,1.0,0.14,-0.56,Matches,10.0
Uruguay,all_competitions,Nicolás De La Cruz,MF,29-013,,568,63.0,31.6,6.3,6,79.0,3,3,32.0,2,1.67,13.0,5.0,8.0,1.27,1.12,Matches,9.0
Uruguay,all_competitions,Rodrigo Aguirre,"FW,MF",31-256,,493,62.0,27.4,5.5,6,71.0,2,2,33.0,1,1.5,7.0,4.0,3.0,0.55,0.07,Matches,8.0
Uruguay,all_competitions,Cristian Olivera,"FW,MF",24-058,,488,54.0,30.1,5.4,5,71.0,2,4,33.0,6,1.0,5.0,2.0,3.0,0.55,0.0,Matches,9.0
Uruguay,all_competitions,Brian Rodríguez,"MF,FW",26-025,,434,48.0,24.1,4.8,5,73.0,1,4,18.0,7,1.22,5.0,5.0,0.0,0.0,-0.66,Matches,9.0
Uruguay,all_competitions,Matías Viña,DF,28-217,,412,69.0,22.9,4.6,5,81.0,4,1,7.0,3,2.17,8.0,3.0,5.0,1.09,0.72,Matches,6.0
Uruguay,all_competitions,Joaquín Piquerez,DF,27-294,,382,48.0,21.2,4.2,5,60.0,2,3,28.0,3,1.5,7.0,4.0,3.0,0.71,0.26,Matches,8.0
Uruguay,all_competitions,Santiago Mele,GK,28-281,,360,90.0,20.0,4.0,4,90.0,4,0,,16,1.25,4.0,4.0,0.0,0.0,-0.71,Matches,4.0
Uruguay,all_competitions,Santiago Bueno,DF,27-217,,315,79.0,19.4,3.5,3,90.0,3,1,45.0,9,0.75,0.0,1.0,-1.0,-0.29,-1.04,Matches,4.0
Uruguay,all_competitions,Agustín Canobbio,MF,27-256,,248,50.0,13.8,2.8,3,80.0,0,2,4.0,3,1.6,1.0,3.0,-2.0,-0.73,-1.42,Matches,5.0
Uruguay,all_competitions,Marcelo Saracchi,DF,28-052,,189,38.0,11.7,2.1,2,84.0,1,3,7.0,2,1.4,3.0,2.0,1.0,0.48,-0.09,Matches,5.0
Uruguay,all_competitions,Federico Viñas,FW,27-349,,186,27.0,10.3,2.1,2,57.0,0,5,15.0,1,1.43,2.0,1.0,1.0,0.48,-0.02,Matches,7.0
Uruguay,all_competitions,Lucas Olaza,DF,31-328,,166,83.0,10.2,1.8,2,83.0,1,0,,2,1.0,0.0,0.0,0.0,0.0,-0.62,Matches,2.0
Uruguay,all_competitions,Nicolas Marichal,DF,25-089,,131,66.0,8.1,1.5,1,45.0,0,1,86.0,3,1.0,0.0,0.0,0.0,0.0,-0.6,Matches,2.0
Uruguay,all_competitions,Luis Suárez,FW,39-141,,108,54.0,6.7,1.2,1,90.0,1,1,18.0,1,2.0,0.0,0.0,0.0,0.0,-0.6,Matches,2.0
Uruguay,all_competitions,Emiliano Martínez,MF,26-301,,107,27.0,5.9,1.2,1,90.0,1,3,6.0,6,1.0,1.0,0.0,1.0,0.84,0.36,Matches,4.0
Uruguay,all_competitions,Nicolas Fonseca,MF,27-238,,106,27.0,5.9,1.2,1,90.0,1,3,5.0,8,1.25,0.0,1.0,-1.0,-0.85,-1.5,Matches,4.0
Uruguay,all_competitions,Fernando Muslera,GK,39-363,,90,90.0,50.0,1.0,1,90.0,1,0,,1,1.0,1.0,1.0,0.0,0.0,0.0,Matches,1.0
Uruguay,all_competitions,Facundo Torres,MF,26-062,,80,20.0,4.4,0.9,0,,0,4,20.0,10,1.25,0.0,0.0,0.0,0.0,-0.58,Matches,4.0
Uruguay,all_competitions,Felipe Carballo,MF,29-253,,54,18.0,3.3,0.6,0,,0,3,18.0,0,2.0,0.0,1.0,-1.0,-1.67,-2.3,Matches,3.0
Uruguay,all_competitions,Miguel Merentiel,FW,30-110,,45,45.0,2.8,0.5,0,,0,1,45.0,1,1.0,0.0,0.0,0.0,0.0,-0.57,Matches,1.0
Uruguay,all_competitions,Rodrigo Zalazar,"FW,MF",26-306,,44,22.0,2.7,0.5,0,,0,2,22.0,2,1.5,1.0,1.0,0.0,0.0,-0.57,Matches,2.0
Uruguay,all_competitions,Bruno Méndez,DF,26-277,,28,14.0,1.7,0.3,0,,0,2,14.0,4,3.0,1.0,0.0,1.0,3.21,2.71,Matches,2.0
Uruguay,all_competitions,José Luis Rodríguez Bebanz,DF,29-092,,25,25.0,1.4,0.3,0,,0,1,25.0,12,1.0,0.0,0.0,0.0,0.0,-0.56,Matches,1.0
Uruguay,all_competitions,Matías Vecino,"FW,MF",34-294,,23,12.0,1.4,0.3,0,,0,2,12.0,0,2.0,1.0,0.0,1.0,3.91,3.41,Matches,2.0
Uruguay,all_competitions,Kevin Amaro,DF,22-103,,20,20.0,1.2,0.2,0,,0,1,20.0,1,1.0,0.0,0.0,0.0,0.0,-0.56,Matches,1.0
Uruguay,all_competitions,Maxi Gómez,FW,29-304,,18,18.0,1.1,0.2,0,,0,1,18.0,1,3.0,0.0,1.0,-1.0,-5.0,-5.62,Matches,1.0
Uruguay,all_competitions,Juan Manuel Sanabria,"DF,MF",26-077,,8,4.0,0.4,0.1,0,,0,2,4.0,2,1.0,1.0,0.0,1.0,11.25,11.77,Matches,2.0
Uruguay,all_competitions,Agustín Álvarez,FW,25-026,,6,6.0,0.3,0.1,0,,0,1,6.0,3,0.0,0.0,0.0,0.0,0.0,-0.56,Matches,1.0
Uruguay,all_competitions,Luciano Rodríguez,FW,22-333,,1,1.0,0.1,0.0,0,,0,1,1.0,6,0.0,0.0,0.0,0.0,0.0,-0.56,Matches,1.0
Uruguay,all_competitions,Tiago Palacios,"FW,MF",25-078,,,,,,0,,0,0,,1,,,,,,,Matches,0.0
Uruguay,all_competitions,Joaquín Lavega,FW,21-131,,,,,,0,,0,0,,1,,,,,,,Matches,0.0
Uruguay,all_competitions,Facundo Bernal,MF,22-297,,,,,,0,,0,0,,1,,,,,,,Matches,0.0
Uruguay,all_competitions,Santiago Mouriño,DF,24-121,,,,,,0,,0,0,,1,,,,,,,Matches,0.0
Uruguay,all_competitions,Matías Abaldo,MF,22-072,,,,,,0,,0,0,,2,,,,,,,Matches,0.0
Uruguay,all_competitions,Lucas Pino,FW,20-227,,,,,,0,,0,0,,1,,,,,,,Matches,0.0
Uruguay,all_competitions,Juan Rodríguez,DF,21-015,,,,,,0,,0,0,,2,,,,,,,Matches,0.0
Uruguay,all_competitions,Franco Israel,GK,26-053,,,,,,0,,0,0,,18,,,,,,,Matches,0.0
Uruguay,all_competitions,Lucas Torreira,MF,30-123,,,,,,0,,0,0,,1,,,,,,,Matches,0.0
Uruguay,all_competitions,Agustín Sant'Anna,DF,28-260,,,,,,0,,0,0,,2,,,,,,,Matches,0.0
Uruguay,all_competitions,Ignacio Laquintana,MF,27-133,,,,,,0,,0,0,,1,,,,,,,Matches,0.0
Uruguay,all_competitions,Cristopher Fiermarin,GK,28-164,,,,,,0,,0,0,,2,,,,,,,Matches,0.0
Uzbekistan,all_competitions,Rustam Ashurmatov,DF,29-342,2.0,180.0,90.0,100.0,2.0,2,90.0,2,0,,0,0.0,1.0,4.0,-3.0,-1.5,,Matches,
Uzbekistan,all_competitions,Abdukodir Khusanov,DF,22-105,2.0,180.0,90.0,100.0,2.0,2,90.0,2,0,,0,0.0,1.0,4.0,-3.0,-1.5,,Matches,
Uzbekistan,all_competitions,Sherzod Nasrullaev,DF,27-326,2.0,180.0,90.0,100.0,2.0,2,90.0,2,0,,0,0.0,1.0,4.0,-3.0,-1.5,,Matches,
Uzbekistan,all_competitions,Farrukh Sayfiev,DF,35-148,2.0,174.0,87.0,96.7,1.9,2,87.0,1,0,,0,0.0,1.0,3.0,-2.0,-1.03,13.97,Matches,
Uzbekistan,all_competitions,Eldor Shomurodov,FW,30-350,2.0,166.0,83.0,92.2,1.8,2,83.0,1,0,,0,0.0,0.0,3.0,-3.0,-1.63,-1.63,Matches,
Uzbekistan,all_competitions,Otabek Shukurov,MF,29-357,2.0,159.0,80.0,88.3,1.8,2,80.0,1,0,,0,0.0,1.0,3.0,-2.0,-1.13,3.15,Matches,
Uzbekistan,all_competitions,Oston Urunov,MF,25-177,2.0,122.0,61.0,67.8,1.4,2,61.0,0,0,,0,0.0,0.0,2.0,-2.0,-1.48,0.08,Matches,
Uzbekistan,all_competitions,Abbosbek Fayzullayev,MF,22-254,2.0,158.0,79.0,87.8,1.8,1,90.0,1,1,68.0,0,0.0,1.0,4.0,-3.0,-1.71,-1.71,Matches,
Uzbekistan,all_competitions,Akmal Mozgovoy,MF,27-073,2.0,111.0,56.0,61.7,1.2,1,90.0,1,1,21.0,0,0.0,1.0,3.0,-2.0,-1.62,-0.32,Matches,
Uzbekistan,all_competitions,Jakhongir Urozov,DF,22-147,2.0,111.0,56.0,61.7,1.2,1,90.0,1,1,21.0,0,0.0,1.0,3.0,-2.0,-1.62,-0.32,Matches,
Uzbekistan,all_competitions,Abduvohid Nematov,GK,25-086,1.0,90.0,90.0,50.0,1.0,1,90.0,1,0,,1,0.0,0.0,2.0,-2.0,-2.0,-1.0,Matches,
Uzbekistan,all_competitions,Utkir Yusupov,GK,35-161,1.0,90.0,90.0,50.0,1.0,1,90.0,1,0,,1,0.0,1.0,2.0,-1.0,-1.0,1.0,Matches,
Uzbekistan,all_competitions,Odiljon Hamrobekov,MF,30-121,1.0,84.0,84.0,46.7,0.9,1,84.0,0,0,,0,0.0,0.0,1.0,-1.0,-1.07,0.8,Matches,
Uzbekistan,all_competitions,Abdulla Abdullaev,DF,28-286,1.0,69.0,69.0,38.3,0.8,1,69.0,0,0,,1,0.0,0.0,1.0,-1.0,-1.3,0.32,Matches,
Uzbekistan,all_competitions,Aziz Gʻaniyev,MF,28-112,1.0,22.0,22.0,12.2,0.2,1,22.0,0,0,,0,0.0,0.0,0.0,0.0,0.0,1.71,Matches,
Uzbekistan,all_competitions,Dostonbek Khamdamov,MF,29-325,1.0,37.0,37.0,20.6,0.4,0,,0,1,37.0,1,0.0,1.0,1.0,0.0,0.0,1.89,Matches,
Uzbekistan,all_competitions,Azizbek Amonov,FW,28-227,1.0,21.0,21.0,11.7,0.2,0,,0,1,21.0,1,0.0,0.0,1.0,-1.0,-4.29,-3.15,Matches,
Uzbekistan,all_competitions,Jamshid Iskanderov,"FW,MF",32-241,1.0,14.0,14.0,7.8,0.2,0,,0,1,14.0,1,0.0,1.0,1.0,0.0,0.0,1.63,Matches,
Uzbekistan,all_competitions,Sherzod Esanov,MF,23-133,1.0,6.0,6.0,3.3,0.1,0,,0,1,6.0,1,0.0,0.0,1.0,-1.0,-15.0,-13.97,Matches,
Uzbekistan,all_competitions,Igor Sergeev,FW,33-045,2.0,6.0,3.0,3.3,0.1,0,,0,2,3.0,0,0.0,0.0,1.0,-1.0,-15.0,-13.97,Matches,
Uzbekistan,all_competitions,Botirali Ergashev,GK,30-356,0.0,,,,,0,,0,0,,2,,,,,,,Matches,
Uzbekistan,all_competitions,Umar Eshmurodov,DF,33-196,0.0,,,,,0,,0,0,,2,,,,,,,Matches,
Uzbekistan,all_competitions,Jasurbek Jaloliddinov,MF,24-030,0.0,,,,,0,,0,0,,2,,,,,,,Matches,
Uzbekistan,all_competitions,Ruslanbek Jiyanov,FW,25-009,0.0,,,,,0,,0,0,,2,,,,,,,Matches,
Uzbekistan,all_competitions,Bekhruz Karimov,DF,18-311,0.0,,,,,0,,0,0,,1,,,,,,,Matches,
Uzbekistan,all_competitions,Jaloliddin Masharipov,"FW,MF",32-286,0.0,,,,,0,,0,0,,1,,,,,,,Matches,
Uzbekistan,all_competitions,Umarali Raxmonaliyev,MF,22-300,0.0,,,,,0,,0,0,,1,,,,,,,Matches,
Uzbekistan,all_competitions,Sherzod Temirov,FW,27-230,0.0,,,,,0,,0,0,,1,,,,,,,Matches,
Uzbekistan,all_competitions,Avazbek Ulmasaliev,DF,26-079,0.0,,,,,0,,0,0,,2,,,,,,,Matches,
Uzbekistan,all_competitions,Squad Total,,28.2,2.0,180.0,90.0,100.0,2.0,22,81.0,14,9,22.0,21,0.0,1.0,4.0,-3.0,-1.5,,,
Uzbekistan,all_competitions,Opponent Total,,27.1,2.0,180.0,90.0,100.0,2.0,22,81.0,8,14,39.0,16,3.0,4.0,1.0,3.0,1.5,,,
Uzbekistan,all_competitions,Utkir Yusupov,GK,35.0,16.0,"1,440",90.0,100.0,16.0,16,90.0,16,0,,0,2.19,27.0,11.0,16.0,1.0,,Matches,
Uzbekistan,all_competitions,Odiljon Hamrobekov,MF,29.0,16.0,"1,421",89.0,98.7,15.8,16,89.0,11,0,,0,2.19,25.0,11.0,14.0,0.89,-8.59,Matches,
Uzbekistan,all_competitions,Eldor Shomurodov,FW,30.0,15.0,"1,194",80.0,82.9,13.3,15,80.0,8,0,,0,2.13,20.0,8.0,12.0,0.9,-0.56,Matches,
Uzbekistan,all_competitions,Otabek Shukurov,MF,29.0,14.0,"1,155",83.0,80.2,12.8,14,83.0,7,0,,0,2.07,21.0,10.0,11.0,0.86,-0.72,Matches,
Uzbekistan,all_competitions,Xusniddin Aliqulov,DF,26.0,14.0,"1,186",85.0,82.4,13.2,13,90.0,12,1,21.0,0,2.21,22.0,9.0,13.0,0.99,-0.08,Matches,
Uzbekistan,all_competitions,Jaloliddin Masharipov,"FW,MF",32.0,14.0,"1,120",80.0,77.8,12.4,13,81.0,2,1,70.0,0,2.21,19.0,8.0,11.0,0.88,-0.52,Matches,
Uzbekistan,all_competitions,Abdukodir Khusanov,DF,21.0,14.0,"1,123",80.0,78.0,12.5,12,90.0,12,2,22.0,0,2.07,19.0,6.0,13.0,1.04,0.19,Matches,
Uzbekistan,all_competitions,Rustam Ashurmatov,DF,29.0,12.0,932,78.0,64.7,10.4,11,85.0,8,1,1.0,2,1.92,15.0,9.0,6.0,0.58,-1.19,Matches,
Uzbekistan,all_competitions,Khojiakbar Alijonov,"MF,DF",28.0,12.0,907,76.0,63.0,10.1,10,83.0,5,2,38.0,0,2.08,15.0,10.0,5.0,0.5,-1.36,Matches,
Uzbekistan,all_competitions,Sherzod Nasrullaev,"MF,DF",27.0,11.0,826,75.0,57.4,9.2,9,87.0,8,2,21.0,1,2.18,14.0,5.0,9.0,0.98,-0.05,Matches,
Uzbekistan,all_competitions,Farrukh Sayfiev,"MF,DF",35.0,11.0,750,68.0,52.1,8.3,9,78.0,5,2,23.0,4,1.82,15.0,6.0,9.0,1.08,0.17,Matches,
Uzbekistan,all_competitions,Abbosbek Fayzullayev,"MF,FW",22.0,16.0,963,60.0,66.9,10.7,8,82.0,4,8,39.0,0,2.19,18.0,5.0,13.0,1.21,0.65,Matches,
Uzbekistan,all_competitions,Umar Eshmurodov,DF,33.0,9.0,676,75.0,46.9,7.5,8,84.0,6,1,5.0,4,2.33,16.0,7.0,9.0,1.2,0.37,Matches,
Uzbekistan,all_competitions,Oston Urunov,"FW,MF",25.0,9.0,539,60.0,37.4,6.0,7,68.0,0,2,33.0,0,2.11,11.0,6.0,5.0,0.83,-0.26,Matches,
Uzbekistan,all_competitions,Aziz Turgʻunboyev,"MF,FW",31.0,9.0,533,59.0,37.0,5.9,7,70.0,2,2,20.0,5,2.67,11.0,4.0,7.0,1.18,0.29,Matches,
Uzbekistan,all_competitions,Abdulla Abdullaev,DF,28.0,8.0,273,34.0,19.0,3.0,3,68.0,1,5,14.0,8,2.38,2.0,2.0,0.0,0.0,-1.23,Matches,
Uzbekistan,all_competitions,Xojimat Erkinov,FW,24.0,10.0,192,19.0,13.3,2.1,2,55.0,0,8,10.0,6,2.4,6.0,1.0,5.0,2.34,1.55,Matches,
Uzbekistan,all_competitions,Akmal Mozgovoy,MF,26.0,5.0,188,38.0,13.1,2.1,2,90.0,2,3,3.0,5,2.6,4.0,0.0,4.0,1.91,1.05,Matches,
Uzbekistan,all_competitions,Bobir Abdixolikov,FW,28.0,6.0,137,23.0,9.5,1.5,1,65.0,0,5,14.0,5,2.5,4.0,1.0,3.0,1.97,1.07,Matches,
Uzbekistan,all_competitions,Jamshid Iskanderov,"FW,MF",32.0,4.0,80,20.0,5.6,0.9,0,,0,4,20.0,12,2.25,4.0,1.0,3.0,3.38,2.51,Matches,
Uzbekistan,all_competitions,Igor Sergeev,FW,32.0,3.0,45,15.0,3.1,0.5,0,,0,3,15.0,1,2.33,5.0,0.0,5.0,10.0,9.29,Matches,
Uzbekistan,all_competitions,Ruslanbek Jiyanov,FW,24.0,2.0,38,19.0,2.6,0.4,0,,0,2,19.0,1,2.0,0.0,1.0,-1.0,-2.37,-3.46,Matches,
Uzbekistan,all_competitions,Azizbek Amonov,FW,28.0,3.0,36,12.0,2.5,0.4,0,,0,3,12.0,5,2.33,0.0,0.0,0.0,0.0,-1.03,Matches,
Uzbekistan,all_competitions,Ibrohimxalil Yoʻldoshev,DF,24.0,1.0,34,34.0,2.4,0.4,0,,0,1,34.0,1,3.0,0.0,0.0,0.0,0.0,-1.02,Matches,
Uzbekistan,all_competitions,Diyor Xolmatov,MF,23.0,3.0,22,7.0,1.5,0.2,0,,0,3,7.0,2,2.33,0.0,0.0,0.0,0.0,-1.02,Matches,
Uzbekistan,all_competitions,Abdurauf Boʻriyev,MF,23.0,3.0,17,6.0,1.2,0.2,0,,0,3,6.0,4,1.67,2.0,0.0,2.0,10.59,9.7,Matches,
Uzbekistan,all_competitions,Zafarmurod Abdirahmatov,DF,22.0,1.0,3,3.0,0.2,0.0,0,,0,1,3.0,3,3.0,0.0,0.0,0.0,0.0,-1.0,Matches,
Uzbekistan,all_competitions,Aziz Gʻaniyev,MF,27.0,1.0,1,1.0,0.1,0.0,0,,0,1,1.0,1,3.0,0.0,0.0,0.0,0.0,-1.0,Matches,
Uzbekistan,all_competitions,Islom Tukhtakhodjaev,DF,36.0,1.0,1,1.0,0.1,0.0,0,,0,1,1.0,0,3.0,1.0,0.0,1.0,90.0,89.06,Matches,
Uzbekistan,all_competitions,Umar Adhamzoda,DF,27.0,0.0,,,,,0,,0,0,,1,,,,,,,Matches,
Uzbekistan,all_competitions,Alibek Davronov,DF,23.0,0.0,,,,,0,,0,0,,1,,,,,,,Matches,
Uzbekistan,all_competitions,Botirali Ergashev,GK,30.0,0.0,,,,,0,,0,0,,16,,,,,,,Matches,
Uzbekistan,all_competitions,Gʻolib Gʻaybullayev,DF,30.0,0.0,,,,,0,,0,0,,2,,,,,,,Matches,
Uzbekistan,all_competitions,Akramjon Komilov,DF,29.0,0.0,,,,,0,,0,0,,2,,,,,,,Matches,
Uzbekistan,all_competitions,Dilshod Komilov,MF,26.0,0.0,,,,,0,,0,0,,2,,,,,,,Matches,
Uzbekistan,all_competitions,Abduvohid Nematov,GK,24.0,0.0,,,,,0,,0,0,,15,,,,,,,Matches,
Uzbekistan,all_competitions,Valijon Raximov,GK,30.0,0.0,,,,,0,,0,0,,1,,,,,,,Matches,
Uzbekistan,all_competitions,Muhammadqodir Xamraliyev,MF,24.0,0.0,,,,,0,,0,0,,6,,,,,,,Matches,
Uzbekistan,all_competitions,Jasur Yaxshiboyev,FW,28.0,0.0,,,,,0,,0,0,,2,,,,,,,Matches,
Uzbekistan,all_competitions,Squad Total,,29.2,16.0,"1,440",90.0,100.0,16.0,176,83.0,109,67,18.0,118,2.19,27.0,11.0,16.0,1.0,,,
Uzbekistan,all_competitions,Opponent Total,,29.3,16.0,"1,440",90.0,100.0,16.0,176,83.0,99,74,18.0,115,0.5,11.0,27.0,-16.0,-1.0,,,
Uzbekistan,all_competitions,Utkir Yusupov,GK,35-161,17.0,"1,530",90.0,94.4,17.0,17,90.0,17,0,,1,2.06,28.0,13.0,15.0,0.88,2.88,Matches,
Uzbekistan,all_competitions,Odiljon Hamrobekov,MF,30-121,17.0,"1,505",89.0,92.9,16.7,17,89.0,11,0,,0,2.06,25.0,12.0,13.0,0.78,0.78,Matches,
Uzbekistan,all_competitions,Eldor Shomurodov,FW,30-350,17.0,"1,360",80.0,84.0,15.1,17,80.0,9,0,,0,1.88,20.0,11.0,9.0,0.6,-0.79,Matches,
Uzbekistan,all_competitions,Otabek Shukurov,MF,29-357,16.0,"1,314",82.0,81.1,14.6,16,82.0,8,0,,0,1.81,22.0,13.0,9.0,0.62,-0.56,Matches,
Uzbekistan,all_competitions,Abdukodir Khusanov,DF,22-105,16.0,"1,303",81.0,80.4,14.5,14,90.0,14,2,22.0,0,1.81,20.0,10.0,10.0,0.69,-0.16,Matches,
Uzbekistan,all_competitions,Xusniddin Aliqulov,DF,27-071,14.0,"1,186",85.0,82.4,13.2,13,90.0,12,1,21.0,0,2.21,22.0,9.0,13.0,0.99,-0.08,Matches,
Uzbekistan,all_competitions,Abbosbek Fayzullayev,"MF,FW",22-254,18.0,"1,121",62.0,69.2,12.5,9,83.0,5,9,42.0,0,1.95,19.0,9.0,10.0,0.8,0.26,Matches,
Uzbekistan,all_competitions,Jaloliddin Masharipov,"FW,MF",32-286,14.0,"1,120",80.0,69.1,12.4,13,81.0,2,1,70.0,1,2.21,19.0,8.0,11.0,0.88,-0.52,Matches,
Uzbekistan,all_competitions,Rustam Ashurmatov,DF,29-342,14.0,"1,112",79.0,68.6,12.4,13,85.0,10,1,1.0,2,1.65,16.0,13.0,3.0,0.24,-1.53,Matches,
Uzbekistan,all_competitions,Sherzod Nasrullaev,"MF,DF",27-326,13.0,"1,006",77.0,62.1,11.2,11,88.0,10,2,21.0,1,1.84,15.0,9.0,6.0,0.54,-0.49,Matches,
Uzbekistan,all_competitions,Farrukh Sayfiev,"MF,DF",35-148,13.0,924,71.0,57.0,10.3,11,80.0,6,2,23.0,4,1.54,16.0,9.0,7.0,0.68,-0.09,Matches,
Uzbekistan,all_competitions,Khojiakbar Alijonov,"MF,DF",29-056,12.0,907,76.0,63.0,10.1,10,83.0,5,2,38.0,0,2.08,15.0,10.0,5.0,0.5,-1.36,Matches,
Uzbekistan,all_competitions,Umar Eshmurodov,DF,33-196,9.0,676,75.0,41.7,7.5,8,84.0,6,1,5.0,6,2.33,16.0,7.0,9.0,1.2,0.37,Matches,
Uzbekistan,all_competitions,Oston Urunov,"FW,MF",25-177,11.0,661,60.0,40.8,7.3,9,66.0,0,2,33.0,0,1.73,11.0,8.0,3.0,0.41,-0.53,Matches,
Uzbekistan,all_competitions,Aziz Turgʻunboyev,"MF,FW",31-256,9.0,533,59.0,37.0,5.9,7,70.0,2,2,20.0,5,2.67,11.0,4.0,7.0,1.18,0.29,Matches,
Uzbekistan,all_competitions,Abdulla Abdullaev,DF,28-286,9.0,342,38.0,21.1,3.8,4,68.0,1,5,14.0,9,2.12,2.0,3.0,-1.0,-0.26,-1.25,Matches,
Uzbekistan,all_competitions,Akmal Mozgovoy,MF,27-073,7.0,299,43.0,18.5,3.3,3,90.0,3,4,7.0,5,1.86,5.0,3.0,2.0,0.6,-0.15,Matches,
Uzbekistan,all_competitions,Xojimat Erkinov,FW,25-016,10.0,192,19.0,13.3,2.1,2,55.0,0,8,10.0,6,2.4,6.0,1.0,5.0,2.34,1.55,Matches,
Uzbekistan,all_competitions,Bobir Abdixolikov,FW,29-052,6.0,137,23.0,9.5,1.5,1,65.0,0,5,14.0,5,2.5,4.0,1.0,3.0,1.97,1.07,Matches,
Uzbekistan,all_competitions,Jakhongir Urozov,DF,22-147,2.0,111,56.0,61.7,1.2,1,90.0,1,1,21.0,0,0.0,1.0,3.0,-2.0,-1.62,-0.32,Matches,
Uzbekistan,all_competitions,Jamshid Iskanderov,"FW,MF",32-241,5.0,94,19.0,5.8,1.0,0,,0,5,19.0,13,1.8,5.0,2.0,3.0,2.87,2.28,Matches,
Uzbekistan,all_competitions,Abduvohid Nematov,GK,25-086,1.0,90,90.0,5.6,1.0,1,90.0,1,0,,16,0.0,0.0,2.0,-2.0,-2.0,-1.0,Matches,
Uzbekistan,all_competitions,Azizbek Amonov,FW,28-227,4.0,57,14.0,3.5,0.6,0,,0,4,14.0,6,1.75,0.0,1.0,-1.0,-1.58,-2.39,Matches,
Uzbekistan,all_competitions,Igor Sergeev,FW,33-045,5.0,51,10.0,3.1,0.6,0,,0,5,10.0,1,1.4,5.0,1.0,4.0,7.06,6.54,Matches,
Uzbekistan,all_competitions,Ruslanbek Jiyanov,FW,25-009,2.0,38,19.0,2.3,0.4,0,,0,2,19.0,3,2.0,0.0,1.0,-1.0,-2.37,-3.46,Matches,
Uzbekistan,all_competitions,Dostonbek Khamdamov,MF,29-325,1.0,37,37.0,20.6,0.4,0,,0,1,37.0,1,0.0,1.0,1.0,0.0,0.0,1.89,Matches,
Uzbekistan,all_competitions,Ibrohimxalil Yoʻldoshev,DF,25-120,1.0,34,34.0,2.4,0.4,0,,0,1,34.0,1,3.0,0.0,0.0,0.0,0.0,-1.02,Matches,
Uzbekistan,all_competitions,Aziz Gʻaniyev,MF,28-112,2.0,23,12.0,1.4,0.3,1,22.0,0,1,1.0,1,1.5,0.0,0.0,0.0,0.0,-0.73,Matches,
Uzbekistan,all_competitions,Diyor Xolmatov,MF,23-327,3.0,22,7.0,1.5,0.2,0,,0,3,7.0,2,2.33,0.0,0.0,0.0,0.0,-1.02,Matches,
Uzbekistan,all_competitions,Abdurauf Boʻriyev,MF,23-329,3.0,17,6.0,1.2,0.2,0,,0,3,6.0,4,1.67,2.0,0.0,2.0,10.59,9.7,Matches,
Uzbekistan,all_competitions,Sherzod Esanov,MF,23-133,1.0,6,6.0,3.3,0.1,0,,0,1,6.0,1,0.0,0.0,1.0,-1.0,-15.0,-13.97,Matches,
Uzbekistan,all_competitions,Zafarmurod Abdirahmatov,DF,23-047,1.0,3,3.0,0.2,0.0,0,,0,1,3.0,3,3.0,0.0,0.0,0.0,0.0,-1.0,Matches,
Uzbekistan,all_competitions,Islom Tukhtakhodjaev,DF,36-227,1.0,1,1.0,0.1,0.0,0,,0,1,1.0,0,3.0,1.0,0.0,1.0,90.0,89.06,Matches,
Uzbekistan,all_competitions,Alibek Davronov,DF,23-168,0.0,,,,,0,,0,0,,1,,,,,,,Matches,
Uzbekistan,all_competitions,Dilshod Komilov,MF,27-029,0.0,,,,,0,,0,0,,2,,,,,,,Matches,
Uzbekistan,all_competitions,Valijon Raximov,GK,31-118,0.0,,,,,0,,0,0,,1,,,,,,,Matches,
Uzbekistan,all_competitions,Akramjon Komilov,DF,30-092,0.0,,,,,0,,0,0,,2,,,,,,,Matches,
Uzbekistan,all_competitions,Botirali Ergashev,GK,30-356,0.0,,,,,0,,0,0,,18,,,,,,,Matches,
Uzbekistan,all_competitions,Muhammadqodir Xamraliyev,MF,24-343,0.0,,,,,0,,0,0,,6,,,,,,,Matches,
Uzbekistan,all_competitions,Umar Adhamzoda,DF,28-071,0.0,,,,,0,,0,0,,1,,,,,,,Matches,
Uzbekistan,all_competitions,Jasur Yaxshiboyev,FW,28-355,0.0,,,,,0,,0,0,,2,,,,,,,Matches,
Uzbekistan,all_competitions,Gʻolib Gʻaybullayev,DF,30-143,0.0,,,,,0,,0,0,,2,,,,,,,Matches,
Uzbekistan,all_competitions,Avazbek Ulmasaliev,DF,26-079,0.0,,,,,0,,0,0,,2,,,,,,,Matches,
Uzbekistan,all_competitions,Jasurbek Jaloliddinov,MF,24-030,0.0,,,,,0,,0,0,,2,,,,,,,Matches,
Uzbekistan,all_competitions,Sherzod Temirov,FW,27-230,0.0,,,,,0,,0,0,,1,,,,,,,Matches,
Uzbekistan,all_competitions,Umarali Raxmonaliyev,MF,22-300,0.0,,,,,0,,0,0,,1,,,,,,,Matches,
Uzbekistan,all_competitions,Bekhruz Karimov,DF,18-311,0.0,,,,,0,,0,0,,1,,,,,,,Matches,
