Country,Date,Time,Comp,Round,Day,Venue,Result,GF,GA,Opponent,Poss,Attendance,Captain,Formation,Opp Formation,Referee,Notes,is_future,Country_FIFA_Rank,Country_FIFA_Points,Opponent_FIFA_Rank,Opponent_FIFA_Points,h2h_matches,h2h_wins,h2h_losses,h2h_draws,h2h_goals_for,h2h_goals_against,Stadium,ID,City,Capacity,Roof_Type,Surface,Latitude,Longitude,Elevation_m,ranking_diff,is_higher_ranked,days_since_last_match,form_last_5,form_last_10,goals_scored_last_5,goals_conceded_last_5,win_rate_home,win_rate_away,win_rate_neutral,temp_max,precipitation,wind_speed,Target_Win,is_raining,is_hot
Algeria,2023-11-16,18:00,WCQ,First round,Thu,Home,W,3.0,1.0,Somalia,,,Riyad Mahrez,4-1-4-1,4-1-4-1,Boubou Traoré,,False,33,1512.9,196,852.06,0,0,0,0,0,0,,,,,,,25.2854,51.531,,-163,1,,,,,,,,,29.6,2.1,25.7,1,1,0
Algeria,2023-11-19,15:00,WCQ,First round,Sun,Away,W,2.0,0.0,Mozambique,,,Riyad Mahrez,4-1-4-1,4-2-3-1,Samuel Uwikunda,,False,33,1512.9,113,1176.58,0,0,0,0,0,0,,,,,,,25.2854,51.531,,-80,1,3.0,3.0,3.0,3.0,1.0,1.0,,,27.7,0.0,13.8,1,0,0
Algeria,2024-06-06,22:00,WCQ,First round,Thu,Home,L,1.0,2.0,Guinea,,,Yacine Brahimi,4-2-3-1,5-4-1,Bamlak Tessema,,False,43,1482.71,76,1324.65,0,0,0,0,0,0,,,,,,,25.2854,51.531,,-33,1,200.0,6.0,6.0,2.5,0.5,1.0,1.0,,39.3,0.0,18.9,0,0,1
Algeria,2024-06-10,19:00,WCQ,First round,Mon,Away,W,2.0,1.0,Uganda,,,Aïssa Mandi,4-1-4-1,4-2-2-2,Raphiou Ligali,,False,43,1482.71,92,1242.15,0,0,0,0,0,0,,,,,,,25.2854,51.531,,-49,1,4.0,6.0,6.0,2.0,1.0,0.5,1.0,,39.7,0.0,16.8,1,0,1
Algeria,2025-03-21,15:00,WCQ,First round,Fri,Away,W,3.0,1.0,Botswana,,,Riyad Mahrez,4-1-4-1,4-2-3-1,Ahmed Arajiga,,False,41,1486.03,147,1050.15,0,0,0,0,0,0,,,,,,,25.2854,51.531,,-106,1,284.0,9.0,9.0,2.0,1.0,0.5,1.0,,33.5,0.0,17.1,1,0,1
Algeria,2025-03-25,22:00,WCQ,First round,Tue,Home,W,5.0,1.0,Mozambique,,,Riyad Mahrez,4-1-4-1,4-2-3-1,Pacifique Ndabihawenimana,,False,41,1486.03,99,1226.03,0,0,0,0,0,0,,,,,,,25.2854,51.531,,-58,1,4.0,12.0,12.0,2.2,1.0,0.5,1.0,,24.0,0.0,25.1,1,0,0
Algeria,2025-09-04,20:00,WCQ,First round,Thu,Home,W,3.0,1.0,Botswana,,,Riyad Mahrez,4-1-4-1,4-2-3-1,Pacifique Ndabihawenimana,,False,41,1486.03,147,1050.15,0,0,0,0,0,0,,,,,,,25.2854,51.531,,-106,1,163.0,12.0,15.0,2.6,1.0,0.6666666666666666,1.0,,36.5,0.0,12.9,1,0,1
Algeria,2025-09-08,17:00,WCQ,First round,Mon,Neutral,D,0.0,0.0,Guinea,,,Riyad Mahrez,4-1-4-1,3-4-3,Samuel Uwikunda,,False,41,1486.03,82,1298.3,0,0,0,0,0,0,,,,,,,25.2854,51.531,,-41,1,4.0,12.0,18.0,2.8,1.2,0.75,1.0,,44.9,0.0,18.8,0,0,1
Algeria,2025-10-09,17:00,WCQ,First round,Thu,Neutral,W,3.0,0.0,Somalia,,,Riyad Mahrez,4-1-4-1,4-2-3-1,Godfrey Nkhakananga,,False,41,1486.03,202,829.81,0,0,0,0,0,0,,,,,,,25.2854,51.531,,-161,1,31.0,13.0,19.0,2.6,0.8,0.75,1.0,0.0,35.5,0.0,13.5,1,0,1
Algeria,2025-10-14,17:00,WCQ,First round,Tue,Home,W,2.0,1.0,Uganda,,,Riyad Mahrez,4-1-4-1,4-2-3-1,Imtehaz Heeralall,,False,41,1486.03,90,1257.64,0,0,0,0,0,0,,,,,,,25.2854,51.531,,-49,1,5.0,13.0,22.0,2.8,0.6,0.75,1.0,0.5,34.2,0.0,20.0,1,0,1
Algeria,2026-03-27,20:30,Friendlies (M),Friendlies (M),Fri,Neutral,W,7.0,0.0,Guatemala,,,Riyad Mahrez,4-2-3-1,4-2-2-2,Andrea Colombo,,False,41,1486.03,107,1200.43,0,0,0,0,0,0,,,,,,,25.2854,51.531,,-66,1,164.0,13.0,25.0,2.6,0.6,0.8,1.0,0.5,25.5,0.5,15.9,1,0,0
Algeria,2026-03-31,20:30,Friendlies (M),Friendlies (M),Tue,Neutral,D,0.0,0.0,Uruguay,,,Aïssa Mandi,5-4-1,4-1-4-1,Luca Pairetto,,False,41,1486.03,11,1701.34,0,0,0,0,0,0,,,,,,,25.2854,51.531,,30,0,4.0,13.0,25.0,3.0,0.4,0.8,1.0,0.6666666666666666,23.8,16.9,17.3,0,1,0
Algeria,2026-06-03,20:45,Friendlies (M),Friendlies (M),Wed,Away,W,1.0,0.0,Netherlands,,40306.0,Riyad Mahrez,4-1-4-1,4-2-3-1,Jakob Semler,,False,41,1486.03,7,1759.95,0,0,0,0,0,0,,,,,,,52.3676,4.9041,,34,0,64.0,11.0,23.0,2.4,0.2,0.8,1.0,0.5,18.4,16.0,23.3,1,1,0
Algeria,2026-06-10,19:00,Friendlies (M),Friendlies (M),Wed,Neutral,W,4.0,0.0,Bolivia,,,Riyad Mahrez,4-1-4-1,4-1-4-1,Esad Omanovic,,False,41,1486.03,83,1293.76,0,0,0,0,0,0,,,,,,,25.2854,51.531,,-42,1,7.0,13.0,26.0,2.6,0.2,0.8,1.0,0.5,46.0,0.0,13.9,1,0,1
Argentina,2023-09-07,21:00,WCQ,World Cup qualification,Thu,Home,W,1.0,0.0,Ecuador,71.0,84500.0,Lionel Messi,4-3-3,5-3-2,Wilmar Roldán,,False,1,1843.73,40,1486.47,0,0,0,0,0,0,,,,,,,-34.6037,-58.3816,,-39,1,,,,,,,,,15.8,7.0,26.5,1,1,0
Argentina,2023-09-12,16:00,WCQ,World Cup qualification,Tue,Away,W,3.0,0.0,Bolivia,60.0,38000.0,Ángel Di María,4-3-3,5-3-2,Esteban Ostojich,,False,1,1843.73,83,1295.09,0,0,0,0,0,0,,,,,,,25.2854,51.531,,-82,1,5.0,3.0,3.0,1.0,0.0,1.0,,,38.2,0.0,18.7,1,0,1
Argentina,2023-10-12,20:00,WCQ,World Cup qualification,Thu,Home,W,1.0,0.0,Paraguay,75.0,80000.0,Nicolás Otamendi,4-3-3,3-4-3,Raphael Claus,,False,1,1851.41,52,1432.08,0,0,0,0,0,0,,,,,,,-34.6037,-58.3816,,-51,1,30.0,6.0,6.0,2.0,0.0,1.0,1.0,,16.2,0.0,15.7,1,0,0
Argentina,2023-10-17,21:00,WCQ,World Cup qualification,Tue,Away,W,2.0,0.0,Peru,66.0,37675.0,Lionel Messi,4-3-3,4-4-1-1,Jesús Valenzuela,,False,1,1851.41,22,1551.91,1,1,0,0,6,0,,,,,,,25.2854,51.531,,-21,1,5.0,9.0,9.0,1.6666666666666667,0.0,1.0,1.0,,37.6,0.0,20.6,1,0,1
Argentina,2023-11-16,21:00,WCQ,World Cup qualification,Thu,Home,L,0.0,2.0,Uruguay,63.0,,Lionel Messi,4-3-3,4-2-3-1,Wilmar Roldán,,False,1,1861.29,15,1643.72,2,1,1,0,3,4,,,,,,,-34.6037,-58.3816,,-14,1,30.0,12.0,12.0,1.75,0.0,1.0,1.0,,24.0,0.0,24.9,0,0,0
Argentina,2023-11-21,21:30,WCQ,World Cup qualification,Tue,Away,W,1.0,0.0,Brazil,50.0,,Lionel Messi,4-4-2,4-2-3-1,Piero Maza,,False,1,1861.29,3,1812.2,4,1,2,1,3,5,,,,,,,-15.8267,-47.9218,,-2,1,5.0,12.0,12.0,1.4,0.4,0.6666666666666666,1.0,,29.2,9.2,14.4,1,1,0
Argentina,2024-09-05,21:00,WCQ,World Cup qualification,Thu,Home,W,3.0,0.0,Chile,65.0,52160.0,Nicolás Otamendi,3-5-2,4-3-3,Jesús Valenzuela,,False,1,1901.48,43,1489.5,1,1,0,0,3,1,,,,,,,-34.6037,-58.3816,,-42,1,289.0,12.0,15.0,1.4,0.4,0.6666666666666666,1.0,,14.9,0.0,23.1,1,0,0
Argentina,2024-09-10,15:30,WCQ,World Cup qualification,Tue,Away,L,1.0,2.0,Colombia,53.0,,Nicolás Otamendi,4-4-2,4-3-3,Piero Maza,,False,1,1901.48,9,1727.32,0,0,0,0,0,0,,,,,,,4.711,-74.0721,,-8,1,5.0,12.0,18.0,1.4,0.4,0.75,1.0,,20.0,0.4,17.1,0,0,0
Argentina,2024-10-10,17:00,WCQ,World Cup qualification,Thu,Away,D,1.0,1.0,Venezuela,60.0,,Lionel Messi,4-4-2◆,4-3-3,Gustavo Tejera,,False,1,1889.02,40,1488.56,0,0,0,0,0,0,,,,,,,25.2854,51.531,,-39,1,30.0,9.0,18.0,1.4,0.8,0.75,0.75,,35.6,0.0,20.7,0,0,1
Argentina,2024-10-15,21:00,WCQ,World Cup qualification,Tue,Home,W,6.0,0.0,Bolivia,72.0,,Lionel Messi,4-3-3,5-4-1,Kevin Ortega,,False,1,1889.02,83,1293.76,0,0,0,0,0,0,,,,,,,-34.6037,-58.3816,,-82,1,5.0,7.0,19.0,1.2,1.0,0.75,0.6,,25.0,0.2,18.5,1,0,0
Argentina,2024-11-14,20:30,WCQ,World Cup qualification,Thu,Away,L,1.0,2.0,Paraguay,77.0,32200.0,Lionel Messi,4-2-3-1,4-4-2,Anderson Daronco,,False,1,1889.02,57,1423.98,0,0,0,0,0,0,,,,,,,25.2854,51.531,,-56,1,30.0,10.0,22.0,2.4,0.6,0.8,0.6,,32.0,0.0,18.2,0,0,1
Argentina,2024-11-19,21:00,WCQ,World Cup qualification,Tue,Home,W,1.0,0.0,Peru,74.0,,Lionel Messi,4-3-3,3-5-2,Wilmar Roldán,,False,1,1889.02,43,1483.2,1,1,0,0,6,0,,,,,,,-34.6037,-58.3816,,-42,1,5.0,7.0,19.0,2.4,1.0,0.8,0.5,,21.1,0.0,18.7,1,0,0
Argentina,2025-03-21,20:30,WCQ,World Cup qualification,Fri,Away,W,1.0,0.0,Uruguay,45.0,,Nicolás Otamendi,4-2-3-1,4-3-3,Juan Gabriel Benítez,,False,1,1889.02,11,1701.34,2,1,1,0,3,4,,,,,,,-34.9011,-56.1645,,-10,1,122.0,7.0,19.0,2.0,1.0,0.8333333333333334,0.5,,27.2,0.0,18.0,1,0,0
Argentina,2025-03-25,21:00,WCQ,World Cup qualification,Tue,Home,W,4.0,1.0,Brazil,56.0,,Nicolás Otamendi,4-1-3-2,4-2-3-1,Andrés Rojas,,False,1,1889.02,5,1772.02,4,1,2,1,3,5,,,,,,,-34.6037,-58.3816,,-4,1,4.0,10.0,19.0,2.0,0.6,0.8333333333333334,0.5714285714285714,,23.6,0.0,16.4,1,0,0
Argentina,2025-06-05,21:00,WCQ,World Cup qualification,Thu,Away,W,1.0,0.0,Chile,66.0,,Cristian Romero,4-2-3-1,4-3-3,Jesús Valenzuela,,False,1,1889.02,49,1467.98,1,1,0,0,3,1,,,,,,,-33.4489,-70.6693,,-48,1,72.0,12.0,19.0,2.6,0.6,0.8571428571428571,0.5714285714285714,,19.1,0.0,2.4,1,0,0
Argentina,2025-06-10,21:00,WCQ,World Cup qualification,Tue,Home,D,1.0,1.0,Colombia,64.0,,Lionel Messi,4-3-3,4-3-3,Juan Gabriel Benítez,,False,1,1889.02,9,1738.72,0,0,0,0,0,0,,,,,,,-34.6037,-58.3816,,-8,1,5.0,12.0,22.0,1.6,0.6,0.8571428571428571,0.625,,13.6,0.0,6.8,0,0,0
Argentina,2025-09-04,20:30,WCQ,World Cup qualification,Thu,Home,W,3.0,0.0,Venezuela,77.0,,Lionel Messi,4-2-2-2,5-3-2,Piero Maza,,False,1,1889.02,40,1488.56,0,0,0,0,0,0,,,,,,,-34.6037,-58.3816,,-39,1,86.0,13.0,20.0,1.6,0.4,0.75,0.625,,11.9,0.0,17.2,1,0,0
Argentina,2025-09-09,18:00,WCQ,World Cup qualification,Tue,Away,L,0.0,1.0,Ecuador,57.0,,Nicolás Otamendi,4-2-3-1,4-4-1-1,Wilmar Roldán,,False,1,1889.02,27,1535.43,0,0,0,0,0,0,,,,,,,25.2854,51.531,,-26,1,5.0,13.0,20.0,2.0,0.4,0.7777777777777778,0.625,,43.9,0.0,19.8,0,0,1
Argentina,2026-03-27,20:15,Friendlies (M),Friendlies (M),Fri,Home,W,2.0,1.0,Mauritania,,45760.0,Cristian Romero,4-1-4-1,4-2-2-2,Derlis López,,False,1,1889.02,112,1179.04,0,0,0,0,0,0,,,,,,,-34.6037,-58.3816,,-111,1,199.0,10.0,20.0,1.8,0.6,0.7777777777777778,0.5555555555555556,,24.8,6.2,11.6,1,1,0
Argentina,2026-03-31,20:30,Friendlies (M),Friendlies (M),Tue,Home,W,5.0,0.0,Zambia,,50000.0,Lionel Messi,4-1-4-1,4-2-3-1,Alexis Herrera,,False,1,1889.02,93,1252.79,0,0,0,0,0,0,,,,,,,-34.6037,-58.3816,,-92,1,4.0,10.0,22.0,1.4,0.6,0.8,0.5555555555555556,,30.4,0.1,15.4,1,0,1
Argentina,2026-06-06,19:00,Friendlies (M),Friendlies (M),Sat,Neutral,W,2.0,0.0,Honduras,,,Nicolás Otamendi,4-2-3-1,4-2-3-1,Víctor Rivas,,False,1,1889.02,77,1311.3,0,0,0,0,0,0,,,,,,,25.2854,51.531,,-76,1,67.0,10.0,22.0,2.2,0.6,0.8181818181818182,0.5555555555555556,,43.0,0.0,24.6,1,0,1
Argentina,2026-06-09,20:08,Friendlies (M),Friendlies (M),Tue,Neutral,W,3.0,0.0,Iceland,,,Nicolás Otamendi,4-2-3-1,4-2-2-2,Rosendo Mendoza,,False,1,1889.02,71,1355.75,1,0,0,1,1,1,,,,,,,25.2854,51.531,,-70,1,3.0,12.0,25.0,2.4,0.4,0.8181818181818182,0.5555555555555556,1.0,44.1,0.0,16.3,1,0,1
Australia,2023-11-16,20:10,WCQ,Second round,Thu,Home,W,7.0,0.0,Bangladesh,,20876.0,Mathew Ryan,4-2-3-1,4-3-1-2,Axrol Riskullayev,,False,27,1531.25,183,912.6,0,0,0,0,0,0,,,,,,,25.2854,51.531,,-156,1,,,,,,,,,29.6,2.1,25.7,1,1,0
Australia,2023-11-21,17:00,WCQ,Second round,Tue,Neutral,W,1.0,0.0,Palestine,,14537.0,Mathew Ryan,4-2-3-1,4-1-4-1,Qasim Matar Al Hatmi,,False,27,1531.25,96,1224.05,0,0,0,0,0,0,,,,,,,25.2854,51.531,,-69,1,5.0,3.0,3.0,7.0,0.0,1.0,,,30.6,1.9,25.4,1,0,1
Australia,2024-03-21,20:10,WCQ,Second round,Thu,Home,W,2.0,0.0,Lebanon,,27026.0,Mathew Ryan,4-2-2-2,5-4-1,Khamis Mohammed Al Marri,,False,23,1554.82,115,1168.07,0,0,0,0,0,0,,,,,,,25.2854,51.531,,-92,1,121.0,6.0,6.0,4.0,0.0,1.0,,1.0,27.5,0.0,32.7,1,0,0
Australia,2024-03-26,19:45,WCQ,Second round,Tue,Neutral,W,5.0,0.0,Lebanon,,25023.0,Mathew Ryan,3-1-4-2,5-4-1,Mooud Bonyadifard,,False,23,1554.82,115,1168.07,0,0,0,0,0,0,,,,,,,25.2854,51.531,,-92,1,5.0,9.0,9.0,3.333333333333333,0.0,1.0,,1.0,25.0,0.0,33.8,1,0,0
Australia,2024-06-06,16:45,WCQ,Second round,Thu,Away,W,2.0,0.0,Bangladesh,,5227.0,Jackson Irvine,4-1-4-1,5-3-2,Jansen Foo,,False,24,1563.93,184,905.3,0,0,0,0,0,0,,,,,,,25.2854,51.531,,-160,1,72.0,12.0,12.0,3.75,0.0,1.0,,1.0,39.3,0.0,18.9,1,0,1
Australia,2024-06-11,20:10,WCQ,Second round,Tue,Home,W,5.0,0.0,Palestine,,18261.0,Jackson Irvine,4-2-2-2,5-4-1,Khalid Saleh Al Turais,,False,24,1563.93,93,1238.66,0,0,0,0,0,0,,,,,,,25.2854,51.531,,-69,1,5.0,15.0,15.0,3.4,0.0,1.0,1.0,1.0,45.2,0.0,17.6,1,0,1
Australia,2024-09-05,20:10,WCQ,Third round,Thu,Home,L,0.0,1.0,Bahrain,71.0,24644.0,Mathew Ryan,4-1-4-1,4-2-3-1,Omar Mohamed Al Ali,,False,24,1571.29,80,1302.86,0,0,0,0,0,0,,,,,,,25.2854,51.531,,-56,1,86.0,15.0,18.0,3.0,0.0,1.0,1.0,1.0,39.5,0.0,23.7,0,0,1
Australia,2024-09-10,19:00,WCQ,Third round,Tue,Away,D,0.0,0.0,Indonesia,63.0,70059.0,Mathew Ryan,4-2-2-2,5-4-1,Salman Ahmad Falahi,,False,24,1571.29,133,1108.73,0,0,0,0,0,0,,,,,,,25.2854,51.531,,-109,1,5.0,12.0,18.0,2.8,0.2,0.75,1.0,1.0,45.0,0.0,21.7,0,0,1
Australia,2024-10-10,19:40,WCQ,Third round,Thu,Home,W,3.0,1.0,China PR,73.0,46291.0,Jackson Irvine,3-4-3,4-2-2-2,Nazmi Nasaruddin,,False,25,1544.3,91,1253.77,0,0,0,0,0,0,,,,,,,25.2854,51.531,,-66,1,30.0,10.0,19.0,2.4,0.2,0.75,0.5,1.0,35.6,0.0,20.7,1,0,1
Australia,2024-10-15,19:35,WCQ,Third round,Tue,Away,D,1.0,1.0,Japan,35.0,58730.0,Jackson Irvine,5-4-1,3-4-3,Ahmad Al Ali,,False,25,1544.3,16,1639.6,2,1,1,0,3,2,,,,,,,35.6762,139.6503,,9,0,5.0,10.0,22.0,2.0,0.4,0.8,0.5,1.0,25.8,0.0,14.8,0,0,0
Australia,2024-11-14,20:10,WCQ,Third round,Thu,Home,D,0.0,0.0,Saudi Arabia,42.0,27491.0,Jackson Irvine,5-4-1,4-1-4-1,Adel Ali Al Naqbi,,False,25,1544.3,56,1433.16,0,0,0,0,0,0,,,,,,,25.2854,51.531,,-31,1,30.0,8.0,23.0,1.8,0.6,0.8,0.3333333333333333,1.0,32.0,0.0,18.2,0,0,1
Australia,2024-11-19,21:15,WCQ,Third round,Tue,Away,D,2.0,2.0,Bahrain,59.0,6873.0,Mathew Ryan,3-4-3,4-2-3-1,Ko Hyungjin,,False,25,1544.3,76,1315.49,0,0,0,0,0,0,,,,,,,25.2854,51.531,,-51,1,5.0,6.0,21.0,0.8,0.6,0.6666666666666666,0.3333333333333333,1.0,30.8,0.0,12.7,0,0,1
Australia,2025-03-20,20:10,WCQ,Third round,Thu,Home,W,5.0,1.0,Indonesia,40.0,35241.0,Mathew Ryan,3-4-3,5-4-1,Adham Makhadmeh,,False,25,1544.3,129,1124.17,0,0,0,0,0,0,,,,,,,25.2854,51.531,,-104,1,121.0,7.0,19.0,1.2,0.8,0.6666666666666666,0.25,1.0,29.6,0.0,14.3,1,0,0
Australia,2025-03-25,19:00,WCQ,Third round,Tue,Away,W,2.0,0.0,China PR,51.0,70588.0,Mathew Ryan,3-4-3,4-3-1-2,Mooud Bonyadifard,,False,25,1544.3,91,1253.77,0,0,0,0,0,0,,,,,,,25.2854,51.531,,-66,1,5.0,9.0,19.0,2.2,1.0,0.7142857142857143,0.25,1.0,24.0,0.0,25.1,1,0,0
Australia,2025-06-05,21:10,WCQ,Third round,Thu,Home,W,1.0,0.0,Japan,31.0,57226.0,Mathew Ryan,3-4-3,3-4-3,Qasim Matar Al Hatmi,,False,25,1544.3,16,1639.6,2,1,1,0,3,2,,,,,,,25.2854,51.531,,9,0,72.0,9.0,19.0,2.0,0.8,0.7142857142857143,0.4,1.0,39.0,0.0,22.1,1,0,1
Australia,2025-06-10,21:15,WCQ,Third round,Tue,Away,W,2.0,1.0,Saudi Arabia,30.0,24620.0,Mathew Ryan,3-4-3,4-1-4-1,Abdulrahman Ibrahim Al Jassim,,False,25,1544.3,56,1433.16,0,0,0,0,0,0,,,,,,,24.7136,46.6753,,-31,1,5.0,11.0,19.0,2.0,0.6,0.75,0.4,1.0,44.3,0.0,15.2,1,0,1
Australia,2026-05-30,19:00,Friendlies (M),Friendlies (M),Sat,Neutral,L,0.0,1.0,Mexico,,78479.0,Mathew Ryan,3-4-3,4-1-4-1,Rubiel Vázquez,,False,25,1544.3,17,1635.66,0,0,0,0,0,0,,,,,,,25.2854,51.531,,8,0,354.0,13.0,19.0,2.4,0.8,0.75,0.5,1.0,40.6,0.0,19.6,0,0,1
Australia,2026-06-06,12:00,Friendlies (M),Friendlies (M),Sat,Neutral,D,1.0,1.0,Switzerland,,6500.0,Harry Souttar,5-4-1,4-2-2-2,Katja Koroleva,,False,25,1544.3,15,1641.0,0,0,0,0,0,0,,,,,,,25.2854,51.531,,10,0,7.0,12.0,19.0,2.0,0.6,0.75,0.5,0.6666666666666666,43.0,0.0,24.6,0,0,1
Australia,2026-06-13,21:00,World Cup,Group stage,Sat,Neutral,W,2.0,0.0,Türkiye,28.0,52497.0,Harry Souttar,5-4-1,4-2-3-1,Jesús Valenzuela,,False,25,1544.3,26,1538.52,0,0,0,0,0,0,,,,,,,25.2854,51.531,,-1,1,7.0,10.0,19.0,1.2,0.6,0.75,0.5,0.5,40.8,0.0,23.3,1,0,1
Austria,2025-06-07,20:45,WCQ,First round,Sat,Home,W,2.0,1.0,Romania,60.0,48500.0,Marcel Sabitzer,4-2-3-1,4-4-2,Maurizio Mariani,,False,22,1580.37,45,1481.4,0,0,0,0,0,0,,,,,,,25.2854,51.531,,-23,1,,,,,,,,,37.8,0.0,17.2,1,0,1
Austria,2025-06-10,20:45,WCQ,First round,Tue,Away,W,4.0,0.0,San Marino,67.0,3075.0,Marko Arnautović,4-2-3-1,4-3-3,Ondřej Berka,,False,22,1580.37,210,746.05,0,0,0,0,0,0,,,,,,,25.2854,51.531,,-188,1,3.0,3.0,3.0,2.0,1.0,1.0,,,37.8,0.0,13.6,1,0,1
Austria,2025-09-06,20:45,WCQ,First round,Sat,Home,W,1.0,0.0,Cyprus,71.0,16300.0,David Alaba,4-2-3-1,4-3-2-1,Jakob Kehlet,,False,22,1580.37,123,1137.06,0,0,0,0,0,0,,,,,,,25.2854,51.531,,-101,1,88.0,6.0,6.0,3.0,0.5,1.0,1.0,,40.7,0.0,12.6,1,0,1
Austria,2025-09-09,20:45,WCQ,First round,Tue,Away,W,2.0,1.0,Bosnia-Herzegovina,58.0,11700.0,David Alaba,4-2-3-1,4-3-3,Jesús Gil,,False,22,1580.37,75,1332.39,0,0,0,0,0,0,,,,,,,25.2854,51.531,,-53,1,3.0,9.0,9.0,2.333333333333333,0.3333333333333333,1.0,1.0,,43.9,0.0,19.8,1,0,1
Austria,2025-10-09,20:45,WCQ,First round,Thu,Home,W,10.0,0.0,San Marino,71.0,37500.0,David Alaba,4-2-3-1,4-5-1,Igal Frid,,False,22,1580.37,210,746.05,0,0,0,0,0,0,,,,,,,25.2854,51.531,,-188,1,30.0,12.0,12.0,2.25,0.5,1.0,1.0,,35.5,0.0,13.5,1,0,1
Austria,2025-10-12,21:45,WCQ,First round,Sun,Away,L,0.0,1.0,Romania,54.0,39581.0,David Alaba,4-2-3-1,4-3-3,Davide Massa,,False,22,1580.37,45,1481.4,0,0,0,0,0,0,,,,,,,25.2854,51.531,,-23,1,3.0,15.0,15.0,3.8,0.4,1.0,1.0,,34.2,0.0,11.8,0,0,1
Austria,2025-11-15,19:00,WCQ,First round,Sat,Away,W,2.0,0.0,Cyprus,63.0,6012.0,Marko Arnautović,4-2-3-1,4-1-4-1,Urs Schnyder,,False,22,1580.37,123,1137.06,0,0,0,0,0,0,,,,,,,25.2854,51.531,,-101,1,34.0,12.0,15.0,3.4,0.4,1.0,0.6666666666666666,,31.1,0.0,14.4,1,0,1
Austria,2025-11-18,20:45,WCQ,First round,Tue,Home,D,1.0,1.0,Bosnia-Herzegovina,70.0,48000.0,Marko Arnautović,4-2-3-1,4-4-2,João Pinheiro,,False,22,1580.37,75,1332.39,0,0,0,0,0,0,,,,,,,25.2854,51.531,,-53,1,3.0,12.0,18.0,3.0,0.4,1.0,0.75,,32.8,0.0,22.2,0,0,1
Austria,2026-03-27,18:00,Friendlies (M),Friendlies (M),Fri,Home,W,5.0,1.0,Ghana,,40200.0,Marcel Sabitzer,4-2-3-1,4-2-3-1,Mohammed Khaled Al Hoish,,False,22,1580.37,70,1360.43,0,0,0,0,0,0,,,,,,,25.2854,51.531,,-48,1,129.0,10.0,19.0,3.0,0.6,0.75,0.75,,25.5,0.5,15.9,1,0,0
Austria,2026-03-31,20:45,Friendlies (M),Friendlies (M),Tue,Home,W,1.0,0.0,Korea Republic,,35300.0,Marko Arnautović,4-2-3-1,3-4-3,Sander van der Eijk,,False,22,1580.37,23,1572.61,0,0,0,0,0,0,,,,,,,25.2854,51.531,,-1,1,4.0,10.0,22.0,3.6,0.6,0.8,0.75,,23.8,16.9,17.3,1,1,0
Austria,2026-06-01,20:45,Friendlies (M),Friendlies (M),Mon,Home,W,1.0,0.0,Tunisia,,35100.0,David Alaba,4-2-3-1,4-2-3-1,Jérémie Pignard,,False,22,1580.37,36,1504.86,0,0,0,0,0,0,,,,,,,25.2854,51.531,,-14,1,62.0,10.0,25.0,1.8,0.6,0.8333333333333334,0.75,,43.5,0.0,16.3,1,0,1
Belgium,2025-06-06,20:45,WCQ,First round,Fri,Away,D,1.0,1.0,N. Macedonia,68.0,23070.0,Thomas Meunier,4-3-3,4-2-3-1,Chris Kavanagh,,False,6,1768.14,72,1351.18,0,0,0,0,0,0,,,,,,,25.2854,51.531,,-66,1,,,,,,,,,39.7,0.0,13.9,0,0,1
Belgium,2025-06-09,20:45,WCQ,First round,Mon,Home,W,4.0,3.0,wls Wales,46.0,33653.0,Youri Tielemans,4-2-3-1,5-4-1,Irfan Peljto,,False,6,1768.14,29,1526.53,0,0,0,0,0,0,,,,,,,25.2854,51.531,,-23,1,3.0,1.0,1.0,1.0,1.0,,0.0,,37.0,0.0,12.6,1,0,1
Belgium,2025-09-04,20:45,WCQ,First round,Thu,Away,W,6.0,0.0,Liechtenstein,82.0,3158.0,Youri Tielemans,4-2-3-1,3-5-2,Morten Krogh,,False,6,1768.14,203,827.19,0,0,0,0,0,0,,,,,,,25.2854,51.531,,-197,1,87.0,4.0,4.0,2.5,2.0,1.0,0.0,,36.5,0.0,12.9,1,0,1
Belgium,2025-09-07,20:45,WCQ,First round,Sun,Home,W,6.0,0.0,Kazakhstan,75.0,15119.0,Youri Tielemans,4-2-3-1,3-4-3,Radu Petrescu,,False,6,1768.14,109,1193.21,0,0,0,0,0,0,,,,,,,25.2854,51.531,,-103,1,3.0,7.0,7.0,3.6666666666666665,1.3333333333333333,1.0,0.5,,45.1,0.0,15.6,1,0,1
Belgium,2025-10-10,20:45,WCQ,First round,Fri,Home,D,0.0,0.0,N. Macedonia,78.0,18583.0,Kevin De Bruyne,4-1-4-1,5-3-2,Halil Umut Meler,,False,6,1768.14,72,1351.18,0,0,0,0,0,0,,,,,,,25.2854,51.531,,-66,1,33.0,10.0,10.0,4.25,1.0,1.0,0.5,,37.2,0.0,12.6,0,0,1
Belgium,2025-10-13,19:45,WCQ,First round,Mon,Away,W,4.0,2.0,wls Wales,38.0,32803.0,Kevin De Bruyne,4-2-3-1,4-2-3-1,Daniel Siebert,,False,6,1768.14,29,1526.53,0,0,0,0,0,0,,,,,,,25.2854,51.531,,-23,1,3.0,11.0,11.0,3.4,0.8,0.6666666666666666,0.5,,35.0,0.0,14.7,1,0,1
Belgium,2025-11-15,19:00,WCQ,First round,Sat,Away,D,1.0,1.0,Kazakhstan,77.0,28012.0,Hans Vanaken,4-2-3-1,4-2-3-1,Donatas Rumšas,,False,6,1768.14,109,1193.21,0,0,0,0,0,0,,,,,,,25.2854,51.531,,-103,1,33.0,13.0,14.0,4.0,1.0,0.6666666666666666,0.6666666666666666,,31.1,0.0,14.4,0,0,1
Belgium,2025-11-18,20:45,WCQ,First round,Tue,Home,W,7.0,0.0,Liechtenstein,81.0,26253.0,Youri Tielemans,4-3-3,3-5-2,Mohammed Al Hakim,,False,6,1768.14,203,827.19,0,0,0,0,0,0,,,,,,,25.2854,51.531,,-197,1,3.0,11.0,15.0,3.4,0.6,0.6666666666666666,0.5,,32.8,0.0,22.2,1,0,1
Belgium,2026-03-28,15:37,Friendlies (M),Friendlies (M),Sat,Away,W,5.0,2.0,United States,,66867.0,Kevin De Bruyne,4-2-3-1,4-2-3-1,Esteban Ostojich,,False,6,1768.14,18,1632.19,2,1,1,0,2,4,,,,,,,38.9072,-77.0369,,-12,1,130.0,11.0,18.0,3.6,0.6,0.75,0.5,,9.2,0.0,22.6,1,0,0
Belgium,2026-03-31,20:00,Friendlies (M),Friendlies (M),Tue,Neutral,D,1.0,1.0,Mexico,,52412.0,Youri Tielemans,4-2-3-1,4-2-3-1,Rosendo Mendoza,,False,6,1768.14,17,1635.66,3,0,2,1,3,5,,,,,,,25.2854,51.531,,-11,1,3.0,11.0,21.0,3.4,1.0,0.75,0.6,,23.8,16.9,17.3,0,1,0
Belgium,2026-06-02,18:00,Friendlies (M),Friendlies (M),Tue,Away,W,2.0,0.0,Croatia,,7555.0,Youri Tielemans,3-4-3,3-4-3,Rade Obrenović,,False,6,1768.14,12,1699.6,1,0,0,1,0,0,,,,,,,25.2854,51.531,,-6,1,63.0,11.0,22.0,3.6,1.2,0.75,0.6,0.0,44.8,0.0,17.1,1,0,1
Belgium,2026-06-06,15:00,Friendlies (M),Friendlies (M),Sat,Home,W,5.0,0.0,Tunisia,,40236.0,Youri Tielemans,4-2-3-1,4-1-4-1,Tasos Sidiropoulos,,False,6,1768.14,36,1504.86,2,1,0,1,6,3,,,,,,,25.2854,51.531,,-30,1,4.0,11.0,24.0,3.2,0.8,0.75,0.6666666666666666,0.0,43.0,0.0,24.6,1,0,1
Bosnia-Herzegovina,2025-03-21,21:45,WCQ,First round,Fri,Away,W,1.0,0.0,Romania,34.0,49413.0,Edin Džeko,4-3-3,4-3-3,Danny Makkelie,,False,75,1332.39,45,1481.4,0,0,0,0,0,0,,,,,,,25.2854,51.531,,30,0,,,,,,,,,33.5,0.0,17.1,1,0,1
Bosnia-Herzegovina,2025-03-24,20:45,WCQ,First round,Mon,Home,W,2.0,1.0,Cyprus,56.0,7464.0,Sead Kolašinac,4-3-3,4-5-1,Rohit Saggi,,False,75,1332.39,123,1137.06,0,0,0,0,0,0,,,,,,,25.2854,51.531,,-48,1,3.0,3.0,3.0,1.0,0.0,,1.0,,24.5,0.0,26.9,1,0,0
Bosnia-Herzegovina,2025-06-07,15:00,WCQ,First round,Sat,Home,W,1.0,0.0,San Marino,67.0,11828.0,Ermedin Demirović,4-3-3,4-3-3,Luís Godinho,,False,75,1332.39,210,746.05,0,0,0,0,0,0,,,,,,,25.2854,51.531,,-135,1,75.0,6.0,6.0,1.5,0.5,1.0,1.0,,37.8,0.0,17.2,1,0,1
Bosnia-Herzegovina,2025-09-06,20:45,WCQ,First round,Sat,Away,W,6.0,0.0,San Marino,73.0,2740.0,Edin Džeko,4-3-3,4-3-2-1,Enea Jorgji,,False,75,1332.39,210,746.05,0,0,0,0,0,0,,,,,,,25.2854,51.531,,-135,1,91.0,9.0,9.0,1.3333333333333333,0.3333333333333333,1.0,1.0,,40.7,0.0,12.6,1,0,1
Bosnia-Herzegovina,2025-09-09,20:45,WCQ,First round,Tue,Home,L,1.0,2.0,Austria,42.0,11700.0,Edin Džeko,4-3-3,4-2-3-1,Jesús Gil,,False,75,1332.39,22,1580.37,0,0,0,0,0,0,,,,,,,25.2854,51.531,,53,0,3.0,12.0,12.0,2.5,0.25,1.0,1.0,,43.9,0.0,19.8,0,0,1
Bosnia-Herzegovina,2025-10-09,21:45,WCQ,First round,Thu,Away,D,2.0,2.0,Cyprus,35.0,2355.0,Edin Džeko,4-3-3,4-3-3,Lawrence Visser,,False,75,1332.39,123,1137.06,0,0,0,0,0,0,,,,,,,25.2854,51.531,,-48,1,30.0,12.0,12.0,2.2,0.6,0.6666666666666666,1.0,,35.5,0.0,13.5,0,0,1
Bosnia-Herzegovina,2025-11-15,20:45,WCQ,First round,Sat,Home,W,3.0,1.0,Romania,59.0,11459.0,Edin Džeko,4-2-3-1,4-3-3,Michael Oliver,,False,75,1332.39,45,1481.4,0,0,0,0,0,0,,,,,,,25.2854,51.531,,30,0,37.0,10.0,13.0,2.4,1.0,0.6666666666666666,0.6666666666666666,,31.1,0.0,14.4,1,0,1
Bosnia-Herzegovina,2025-11-18,20:45,WCQ,First round,Tue,Away,D,1.0,1.0,Austria,30.0,48000.0,Edin Džeko,4-4-2,4-2-3-1,João Pinheiro,,False,75,1332.39,22,1580.37,0,0,0,0,0,0,,,,,,,25.2854,51.531,,53,0,3.0,10.0,16.0,2.6,1.0,0.75,0.6666666666666666,,32.8,0.0,22.2,0,0,1
Bosnia-Herzegovina,2026-03-26,19:45,WCQ,Second round — Semi-finals,Thu,Neutral,D,1.0,1.0,wls Wales,38.0,32487.0,Edin Džeko,4-4-2,4-1-4-1,István Kovács,Bosnia-Herzegovina won on penalty kicks following extra time,False,75,1332.39,29,1526.53,0,0,0,0,0,0,,,,,,,25.2854,51.531,,46,0,128.0,8.0,17.0,2.6,1.2,0.75,0.5,,28.8,18.7,21.9,0,1,0
Bosnia-Herzegovina,2026-03-31,20:45,WCQ,Second round — Finals,Tue,Home,D,1.0,1.0,Italy,65.0,9500.0,Edin Džeko,4-4-2,3-5-2,Clément Turpin,Bosnia-Herzegovina won on penalty kicks following extra time,False,75,1332.39,10,1726.31,0,0,0,0,0,0,,,,,,,25.2854,51.531,,65,0,5.0,6.0,18.0,1.6,1.4,0.75,0.5,0.0,23.8,16.9,17.3,0,1,0
Bosnia-Herzegovina,2026-05-29,20:30,Friendlies (M),Friendlies (M),Fri,Home,D,0.0,0.0,N. Macedonia,,28961.0,Amar Dedić,4-2-2-2,5-4-1,Rade Obrenović,,False,75,1332.39,72,1351.18,0,0,0,0,0,0,,,,,,,25.2854,51.531,,3,0,59.0,7.0,19.0,1.6,1.2,0.6,0.5,0.0,45.8,0.0,12.8,0,0,1
Bosnia-Herzegovina,2026-06-06,14:00,Friendlies (M),Friendlies (M),Sat,Neutral,D,1.0,1.0,Panama,,,Ermedin Demirović,4-2-2-2,5-4-1,Luis Enrique Santander,,False,75,1332.39,37,1502.55,0,0,0,0,0,0,,,,,,,25.2854,51.531,,38,0,8.0,7.0,17.0,1.2,0.8,0.5,0.5,0.0,43.0,0.0,24.6,0,0,1
Bosnia-Herzegovina,2026-06-12,15:00,World Cup,Group stage,Fri,Neutral,D,1.0,1.0,Canada,39.0,43002.0,Sead Kolašinac,4-2-2-2,4-2-2-2,Facundo Tello,,False,75,1332.39,38,1502.31,0,0,0,0,0,0,,,,,,,25.2854,51.531,,37,0,6.0,5.0,15.0,0.8,0.8,0.5,0.5,0.0,44.3,0.0,23.9,0,0,1
Brazil,2023-09-08,21:45,WCQ,World Cup qualification,Fri,Home,W,5.0,1.0,Bolivia,80.0,48183.0,Casemiro,4-2-3-1,5-4-1,Juan Gabriel Benítez,,False,3,1828.27,83,1295.09,1,1,0,0,4,0,,,,,,,-15.8267,-47.9218,,-80,1,,,,,,,,,27.6,0.0,18.4,1,0,0
Brazil,2023-09-12,21:00,WCQ,World Cup qualification,Tue,Away,W,1.0,0.0,Peru,62.0,36328.0,Casemiro,4-2-3-1,4-4-2,Fernando Rapallini,,False,3,1828.27,21,1561.2,2,2,0,0,7,2,,,,,,,25.2854,51.531,,-18,1,4.0,3.0,3.0,5.0,1.0,1.0,,,38.2,0.0,18.7,1,0,1
Brazil,2023-10-12,20:30,WCQ,World Cup qualification,Thu,Home,D,1.0,1.0,Venezuela,70.0,39018.0,Casemiro,4-2-3-1,4-4-2,Kevin Ortega,,False,3,1837.61,53,1422.83,0,0,0,0,0,0,,,,,,,-15.8267,-47.9218,,-50,1,30.0,6.0,6.0,3.0,0.5,1.0,1.0,,32.0,0.0,13.8,0,0,1
Brazil,2023-10-17,21:00,WCQ,World Cup qualification,Tue,Away,L,0.0,2.0,Uruguay,61.0,52477.0,Casemiro,4-2-3-1,4-2-3-1,Alexis Herrera,,False,3,1837.61,17,1626.51,2,1,1,0,4,3,,,,,,,-34.9011,-56.1645,,-14,1,5.0,7.0,7.0,2.333333333333333,0.6666666666666666,0.5,1.0,,15.1,0.2,39.3,0,0,0
Brazil,2023-11-16,19:00,WCQ,World Cup qualification,Thu,Away,L,1.0,2.0,Colombia,60.0,,Marquinhos,4-4-2,4-2-3-1,Andrés Matonte,,False,3,1812.2,17,1626.6,1,1,0,0,2,1,,,,,,,4.711,-74.0721,,-14,1,30.0,7.0,7.0,1.75,1.0,0.5,0.5,,21.7,0.0,15.0,0,0,0
Brazil,2023-11-21,21:30,WCQ,World Cup qualification,Tue,Home,L,0.0,1.0,Argentina,50.0,,Marquinhos,4-2-3-1,4-4-2,Piero Maza,,False,3,1812.2,1,1861.29,4,2,1,1,5,3,,,,,,,-15.8267,-47.9218,,2,0,5.0,7.0,7.0,1.6,1.2,0.5,0.3333333333333333,,29.2,9.2,14.4,0,1,0
Brazil,2024-09-06,22:00,WCQ,World Cup qualification,Fri,Home,W,1.0,0.0,Ecuador,57.0,,Danilo,4-2-3-1,3-5-2,Facundo Tello,,False,5,1785.61,27,1530.44,0,0,0,0,0,0,,,,,,,-15.8267,-47.9218,,-22,1,290.0,4.0,7.0,0.6,1.2,0.3333333333333333,0.3333333333333333,,31.6,0.0,17.4,1,0,1
Brazil,2024-09-10,20:30,WCQ,World Cup qualification,Tue,Away,L,0.0,1.0,Paraguay,71.0,31962.0,Danilo,4-3-3,4-2-3-1,Andrés Matonte,,False,5,1785.61,62,1396.8,0,0,0,0,0,0,,,,,,,25.2854,51.531,,-57,1,4.0,4.0,10.0,0.6,1.2,0.5,0.3333333333333333,,45.0,0.0,21.7,0,0,1
Brazil,2024-10-10,21:00,WCQ,World Cup qualification,Thu,Away,W,2.0,1.0,Chile,72.0,,Danilo,4-2-3-1,4-2-3-1,Darío Herrera,,False,5,1772.02,49,1467.98,4,3,0,1,12,4,,,,,,,-33.4489,-70.6693,,-44,1,30.0,3.0,10.0,0.4,1.2,0.5,0.25,,19.0,0.0,15.7,1,0,0
Brazil,2024-10-15,21:45,WCQ,World Cup qualification,Tue,Home,W,4.0,0.0,Peru,68.0,,Marquinhos,4-2-3-1,3-5-2,Esteban Ostojich,,False,5,1772.02,43,1483.2,2,2,0,0,7,2,,,,,,,-15.8267,-47.9218,,-38,1,5.0,6.0,13.0,0.8,1.0,0.5,0.4,,24.3,4.4,20.0,1,1,0
Brazil,2024-11-14,17:00,WCQ,World Cup qualification,Thu,Away,D,1.0,1.0,Venezuela,67.0,32200.0,Marquinhos,4-2-3-1,4-2-3-1,Andrés Rojas,,False,5,1772.02,40,1488.56,0,0,0,0,0,0,,,,,,,25.2854,51.531,,-35,1,30.0,9.0,16.0,1.4,0.6,0.6,0.4,,32.0,0.0,18.2,0,0,1
Brazil,2024-11-19,21:45,WCQ,World Cup qualification,Tue,Home,D,1.0,1.0,Uruguay,62.0,,Danilo,4-2-2-2,4-3-3,Piero Maza,,False,5,1772.02,11,1701.34,2,1,1,0,4,3,,,,,,,-15.8267,-47.9218,,-6,1,5.0,10.0,14.0,1.6,0.6,0.6,0.3333333333333333,,26.7,17.8,11.5,0,1,0
Brazil,2025-03-20,21:45,WCQ,World Cup qualification,Thu,Home,W,2.0,1.0,Colombia,52.0,70027.0,Marquinhos,4-4-2,4-2-3-1,Alexis Herrera,,False,5,1772.02,9,1738.72,1,1,0,0,2,1,,,,,,,-15.8267,-47.9218,,-4,1,121.0,8.0,12.0,1.6,0.8,0.5,0.3333333333333333,,29.5,24.6,11.1,1,1,0
Brazil,2025-03-25,21:00,WCQ,World Cup qualification,Tue,Away,L,1.0,4.0,Argentina,44.0,,Marquinhos,4-2-3-1,4-1-3-2,Andrés Rojas,,False,5,1772.02,1,1889.02,4,2,1,1,5,3,,,,,,,-34.6037,-58.3816,,4,0,5.0,11.0,14.0,2.0,0.8,0.5714285714285714,0.3333333333333333,,23.6,0.0,16.4,0,0,0
Brazil,2025-06-05,18:00,WCQ,World Cup qualification,Thu,Away,D,0.0,0.0,Ecuador,48.0,,Marquinhos,4-3-3,4-4-2,Piero Maza,,False,5,1772.02,27,1535.43,0,0,0,0,0,0,,,,,,,25.2854,51.531,,-22,1,72.0,8.0,14.0,1.8,1.4,0.5714285714285714,0.2857142857142857,,39.0,0.0,22.1,0,0,1
Brazil,2025-06-10,21:45,WCQ,World Cup qualification,Tue,Home,W,1.0,0.0,Paraguay,73.0,,Marquinhos,4-2-3-1,4-2-3-1,Facundo Tello,,False,5,1772.02,57,1423.98,0,0,0,0,0,0,,,,,,,-15.8267,-47.9218,,-52,1,5.0,6.0,15.0,1.0,1.4,0.5714285714285714,0.25,,26.3,0.5,8.1,1,0,0
Brazil,2025-09-04,21:30,WCQ,World Cup qualification,Thu,Home,W,3.0,0.0,Chile,64.0,,Marquinhos,4-2-3-1,3-4-3,Alexis Herrera,,False,5,1772.02,49,1467.98,4,3,0,1,12,4,,,,,,,-15.8267,-47.9218,,-44,1,86.0,8.0,18.0,1.0,1.2,0.625,0.25,,27.0,0.0,15.2,1,0,0
Brazil,2025-09-09,19:30,WCQ,World Cup qualification,Tue,Away,L,0.0,1.0,Bolivia,58.0,,Alisson,4-3-3,4-3-3,Cristián Garay,,False,5,1772.02,83,1293.76,1,1,0,0,4,0,,,,,,,25.2854,51.531,,-78,1,5.0,10.0,18.0,1.4,1.0,0.6666666666666666,0.25,,43.9,0.0,19.8,0,0,1
Brazil,2026-03-26,16:00,Friendlies (M),Friendlies (M),Thu,Neutral,L,1.0,2.0,France,,66215.0,Casemiro,4-2-2-2,4-2-3-1,Guido Gonzales Jr.,,False,5,1772.02,2,1851.92,6,1,3,2,8,10,,,,,,,25.2854,51.531,,3,0,198.0,7.0,18.0,1.0,1.0,0.6666666666666666,0.2222222222222222,,28.8,18.7,21.9,0,1,0
Brazil,2026-03-31,20:00,Friendlies (M),Friendlies (M),Tue,Neutral,W,3.0,1.0,Croatia,,46398.0,Marquinhos,4-2-2-2,3-4-3,Armando Villarreal,,False,5,1772.02,12,1699.6,3,2,0,1,5,2,,,,,,,25.2854,51.531,,-7,1,5.0,7.0,15.0,1.0,0.6,0.6666666666666666,0.2222222222222222,0.0,23.8,16.9,17.3,1,1,0
Brazil,2026-05-31,18:30,Friendlies (M),Friendlies (M),Sun,Home,W,6.0,2.0,Panama,,72140.0,Casemiro,4-2-3-1,5-4-1,Daniel Schlager,,False,5,1772.02,37,1502.55,0,0,0,0,0,0,,,,,,,-15.8267,-47.9218,,-32,1,61.0,9.0,15.0,1.6,0.8,0.6666666666666666,0.2222222222222222,0.5,26.3,0.0,10.7,1,0,0
Brazil,2026-06-06,18:00,Friendlies (M),Friendlies (M),Sat,Neutral,W,2.0,1.0,Egypt,,64311.0,Marquinhos,4-2-2-2,4-2-3-1,Adonai Escobedo,,False,5,1772.02,31,1515.64,0,0,0,0,0,0,,,,,,,25.2854,51.531,,-26,1,6.0,9.0,17.0,2.6,1.2,0.7,0.2222222222222222,0.5,43.0,0.0,24.6,1,0,1
Brazil,2026-06-13,18:00,World Cup,Group stage,Sat,Neutral,D,1.0,1.0,Morocco,51.0,80663.0,Marquinhos,4-2-2-2,4-2-3-1,Slavko Vinčič,,False,5,1772.02,14,1676.14,1,1,0,0,3,0,,,,,,,25.2854,51.531,,-9,1,7.0,9.0,19.0,2.4,1.4,0.7,0.2222222222222222,0.6666666666666666,40.8,0.0,23.3,0,0,1
Canada,2026-03-28,13:20,Friendlies (M),Friendlies (M),Sat,Home,D,2.0,2.0,Iceland,,26328.0,Jonathan David,4-2-2-2,4-2-2-2,Jon Freemon,,False,38,1502.31,71,1355.75,0,0,0,0,0,0,,,,,,,25.2854,51.531,,-33,1,,,,,,,,,24.1,0.0,17.7,0,0,0
Canada,2026-03-31,21:00,Friendlies (M),Friendlies (M),Tue,Home,D,0.0,0.0,Tunisia,,22624.0,Jonathan David,4-2-2-2,4-2-3-1,Keylor Herrera,,False,38,1502.31,36,1504.86,0,0,0,0,0,0,,,,,,,25.2854,51.531,,2,0,3.0,1.0,1.0,2.0,2.0,0.0,,,23.8,16.9,17.3,0,1,0
Canada,2026-06-01,19:00,Friendlies (M),Friendlies (M),Mon,Home,W,2.0,0.0,Uzbekistan,,46164.0,Stephen Eustáquio,4-2-2-2,5-4-1,Marco Antonio Ortíz,,False,38,1502.31,60,1413.06,0,0,0,0,0,0,,,,,,,25.2854,51.531,,-22,1,62.0,2.0,2.0,1.0,1.0,0.0,,,43.5,0.0,16.3,1,0,1
Canada,2026-06-05,19:30,Friendlies (M),Friendlies (M),Fri,Home,D,1.0,1.0,Rep. of Ireland,,19619.0,Stephen Eustáquio,4-2-2-2,3-4-3,Pablo Camacho,,False,38,1502.31,62,1394.63,0,0,0,0,0,0,,,,,,,25.2854,51.531,,-24,1,4.0,5.0,5.0,1.3333333333333333,0.6666666666666666,0.3333333333333333,,,42.8,0.0,29.3,0,0,1
Canada,2026-06-12,15:00,World Cup,Group stage,Fri,Neutral,D,1.0,1.0,Bosnia-Herzegovina,61.0,43002.0,Stephen Eustáquio,4-2-2-2,4-2-2-2,Facundo Tello,,False,38,1502.31,75,1332.39,0,0,0,0,0,0,,,,,,,25.2854,51.531,,-37,1,7.0,6.0,6.0,1.25,0.75,0.25,,,44.3,0.0,23.9,0,0,1
Cape Verde,2023-11-16,18:00,WCQ,First round,Thu,Home,D,0.0,0.0,Angola,,,Ryan Mendes,4-1-4-1,3-3-2-2,Youcef Gamouh,,False,74,1326.93,116,1169.64,0,0,0,0,0,0,,,,,,,25.2854,51.531,,-42,1,,,,,,,,,29.6,2.1,25.7,0,1,0
Cape Verde,2023-11-21,16:15,WCQ,First round,Tue,Neutral,W,2.0,0.0,Eswatini,,,Ryan Mendes,4-1-4-1,4-2-2-2,Sabri Mohamed Fadul,,False,74,1326.93,146,1063.13,0,0,0,0,0,0,,,,,,,25.2854,51.531,,-72,1,5.0,1.0,1.0,0.0,0.0,0.0,,,30.6,1.9,25.4,1,0,1
Cape Verde,2024-06-08,14:00,WCQ,First round,Sat,Away,L,1.0,4.0,Cameroon,,,Ryan Mendes,4-2-3-1,4-1-4-1,Mustapha Ghorbal,,False,65,1383.44,51,1452.59,0,0,0,0,0,0,,,,,,,25.2854,51.531,,14,0,200.0,4.0,4.0,1.0,0.0,0.0,,1.0,39.7,0.0,19.9,0,0,1
Cape Verde,2024-06-11,15:00,WCQ,First round,Tue,Home,W,1.0,0.0,Libya,,,Ryan Mendes,4-2-3-1,4-2-3-1,Kalilou Traoré,,False,65,1383.44,114,1166.71,0,0,0,0,0,0,,,,,,,25.2854,51.531,,-49,1,3.0,4.0,4.0,1.0,1.3333333333333333,0.0,0.0,1.0,45.2,0.0,17.6,1,0,1
Cape Verde,2025-03-20,15:00,WCQ,First round,Thu,Home,W,1.0,0.0,Mauritius,,,Vozinha,4-1-4-1,4-2-2-2,Yannick Malala,,False,65,1379.17,178,927.57,0,0,0,0,0,0,,,,,,,25.2854,51.531,,-113,1,282.0,7.0,7.0,1.0,1.0,0.5,0.0,1.0,29.6,0.0,14.3,1,0,0
Cape Verde,2025-03-25,17:00,WCQ,First round,Tue,Away,W,2.0,1.0,Angola,,,Ryan Mendes,4-2-3-1,4-1-4-1,Mustapha Ghorbal,,False,65,1379.17,85,1281.09,0,0,0,0,0,0,,,,,,,25.2854,51.531,,-20,1,5.0,10.0,10.0,1.0,0.8,0.6666666666666666,0.0,1.0,24.0,0.0,25.1,1,0,0
Cape Verde,2025-09-04,20:00,WCQ,First round,Thu,Away,W,2.0,0.0,Mauritius,,,Vozinha,4-2-3-1,4-2-2-2,Mohamed Diraneh Guedi,,False,65,1379.17,178,927.57,0,0,0,0,0,0,,,,,,,25.2854,51.531,,-113,1,163.0,12.0,13.0,1.4,1.0,0.6666666666666666,0.5,1.0,36.5,0.0,12.9,1,0,1
Cape Verde,2025-09-09,15:00,WCQ,First round,Tue,Home,W,1.0,0.0,Cameroon,,,Ryan Mendes,4-2-3-1,4-1-4-1,Daniel Nii Ayi Laryea,,False,65,1379.17,53,1458.51,0,0,0,0,0,0,,,,,,,25.2854,51.531,,12,0,5.0,12.0,16.0,1.4,1.0,0.6666666666666666,0.6666666666666666,1.0,43.9,0.0,19.8,1,0,1
Cape Verde,2025-10-08,15:00,WCQ,First round,Wed,Away,D,3.0,3.0,Libya,,,Vozinha,4-1-4-1,3-5-2,Mahmood Ali Mahmood Ismail,,False,65,1379.17,121,1153.97,0,0,0,0,0,0,,,,,,,25.2854,51.531,,-56,1,29.0,15.0,19.0,1.4,0.2,0.75,0.6666666666666666,1.0,35.9,0.0,11.1,0,0,1
Cape Verde,2025-10-13,15:00,WCQ,First round,Mon,Home,W,3.0,0.0,Eswatini,,,Ryan Mendes,4-2-3-1,4-2-2-2,Ahmed Arajiga,,False,65,1379.17,159,1012.17,0,0,0,0,0,0,,,,,,,25.2854,51.531,,-94,1,5.0,13.0,20.0,1.8,0.8,0.75,0.5,1.0,35.0,0.0,14.7,1,0,1
Cape Verde,2026-05-31,16:00,Friendlies (M),Friendlies (M),Sun,Neutral,W,3.0,0.0,Serbia,,7500.0,Ryan Mendes,4-1-4-1,4-1-4-1,João António Gonçalves,,False,65,1379.17,35,1505.08,0,0,0,0,0,0,,,,,,,25.2854,51.531,,30,0,230.0,13.0,23.0,2.2,0.8,0.8,0.5,1.0,42.0,0.0,18.7,1,0,1
Cape Verde,2026-06-06,16:00,Friendlies (M),Friendlies (M),Sat,Neutral,W,3.0,0.0,Bermuda,,,Ryan Mendes,4-2-3-1,4-2-2-2,,,False,65,1379.17,170,973.34,0,0,0,0,0,0,,,,,,,25.2854,51.531,,-105,1,6.0,13.0,25.0,2.4,0.6,0.8,0.5,1.0,43.0,0.0,24.6,1,0,1
Colombia,2023-09-07,18:00,WCQ,World Cup qualification,Thu,Home,W,1.0,0.0,Venezuela,70.0,43084.0,Juan Cuadrado,4-3-3,4-3-3,Anderson Daronco,,False,17,1624.91,57,1417.23,0,0,0,0,0,0,,,,,,,4.711,-74.0721,,-40,1,,,,,,,,,20.9,0.1,16.6,1,0,0
Colombia,2023-09-12,21:30,WCQ,World Cup qualification,Tue,Away,D,0.0,0.0,Chile,49.0,22153.0,Mateus Uribe,4-3-3,4-3-3,Jesús Valenzuela,,False,17,1624.91,32,1511.31,0,0,0,0,0,0,,,,,,,-33.4489,-70.6693,,-15,1,5.0,3.0,3.0,1.0,0.0,1.0,,,14.2,3.1,10.9,0,1,0
Colombia,2023-10-12,15:30,WCQ,World Cup qualification,Thu,Home,D,2.0,2.0,Uruguay,49.0,43915.0,James Rodríguez,4-2-3-1,4-2-3-1,Piero Maza,,False,16,1629.6,17,1626.51,2,1,1,0,3,2,,,,,,,4.711,-74.0721,,-1,1,30.0,4.0,4.0,0.5,0.0,1.0,0.0,,22.9,0.1,12.5,0,0,0
Colombia,2023-10-17,18:30,WCQ,World Cup qualification,Tue,Away,D,0.0,0.0,Ecuador,46.0,,James Rodríguez,4-2-3-1,3-5-2,Facundo Tello,,False,16,1629.6,38,1497.66,0,0,0,0,0,0,,,,,,,25.2854,51.531,,-22,1,5.0,5.0,5.0,1.0,0.6666666666666666,0.5,0.0,,37.6,0.0,20.6,0,0,1
Colombia,2023-11-16,19:00,WCQ,World Cup qualification,Thu,Home,W,2.0,1.0,Brazil,40.0,,James Rodríguez,4-2-3-1,4-4-2,Andrés Matonte,,False,17,1626.6,3,1812.2,1,0,1,0,1,2,,,,,,,4.711,-74.0721,,14,0,30.0,6.0,6.0,0.75,0.5,0.5,0.0,,21.7,0.0,15.0,1,0,0
Colombia,2023-11-21,20:00,WCQ,World Cup qualification,Tue,Away,W,1.0,0.0,Paraguay,59.0,25298.0,James Rodríguez,4-2-3-1,4-2-2-2,Jesús Valenzuela,,False,17,1626.6,53,1436.96,0,0,0,0,0,0,,,,,,,25.2854,51.531,,-36,1,5.0,9.0,9.0,1.0,0.6,0.6666666666666666,0.0,,30.6,1.9,25.4,1,0,1
Colombia,2024-09-06,20:30,WCQ,World Cup qualification,Fri,Away,D,1.0,1.0,Peru,70.0,,Luis Díaz,4-3-3,3-5-2,Esteban Ostojich,,False,9,1727.32,42,1489.68,0,0,0,0,0,0,,,,,,,25.2854,51.531,,-33,1,290.0,9.0,12.0,1.0,0.6,0.6666666666666666,0.3333333333333333,,40.5,0.0,20.9,0,0,1
Colombia,2024-09-10,15:30,WCQ,World Cup qualification,Tue,Home,W,2.0,1.0,Argentina,47.0,,James Rodríguez,4-3-3,4-4-2,Piero Maza,,False,9,1727.32,1,1901.48,0,0,0,0,0,0,,,,,,,4.711,-74.0721,,8,0,4.0,9.0,13.0,1.2,0.8,0.6666666666666666,0.25,,20.0,0.4,17.1,1,0,0
Colombia,2024-10-10,16:00,WCQ,World Cup qualification,Thu,Away,L,0.0,1.0,Bolivia,65.0,17191.0,James Rodríguez,4-2-3-1,4-3-3,Wilton Sampaio,,False,9,1738.72,83,1293.76,0,0,0,0,0,0,,,,,,,25.2854,51.531,,-74,1,30.0,11.0,16.0,1.2,0.6,0.75,0.25,,35.6,0.0,20.7,0,0,1
Colombia,2024-10-15,15:30,WCQ,World Cup qualification,Tue,Home,W,4.0,0.0,Chile,62.0,,James Rodríguez,4-3-3,4-2-3-1,Jesús Valenzuela,,False,9,1738.72,49,1467.98,0,0,0,0,0,0,,,,,,,4.711,-74.0721,,-40,1,5.0,10.0,16.0,1.2,0.8,0.75,0.2,,20.0,0.1,16.6,1,0,0
Colombia,2024-11-15,21:00,WCQ,World Cup qualification,Fri,Away,L,2.0,3.0,Uruguay,55.0,,Luis Díaz,4-3-1-2,4-2-3-1,Kevin Ortega,,False,9,1738.72,11,1701.34,2,1,1,0,3,2,,,,,,,-34.9011,-56.1645,,-2,1,31.0,10.0,19.0,1.6,0.6,0.8,0.2,,26.5,0.0,20.9,0,0,0
Colombia,2024-11-19,18:00,WCQ,World Cup qualification,Tue,Home,L,0.0,1.0,Ecuador,67.0,,James Rodríguez,4-4-2◆,4-5-1,Esteban Ostojich,,False,9,1738.72,27,1535.43,0,0,0,0,0,0,,,,,,,4.711,-74.0721,,-18,1,4.0,7.0,16.0,1.8,1.2,0.8,0.1666666666666666,,20.5,8.1,13.5,0,1,0
Colombia,2025-03-20,21:45,WCQ,World Cup qualification,Thu,Away,L,1.0,2.0,Brazil,49.0,70027.0,James Rodríguez,4-2-3-1,4-4-2,Alexis Herrera,,False,9,1738.72,5,1772.02,1,0,1,0,1,2,,,,,,,-15.8267,-47.9218,,4,0,121.0,6.0,15.0,1.6,1.2,0.6666666666666666,0.1666666666666666,,29.5,24.6,11.1,0,1,0
Colombia,2025-03-25,19:00,WCQ,World Cup qualification,Tue,Home,D,2.0,2.0,Paraguay,61.0,42262.0,James Rodríguez,4-2-3-1,4-2-3-1,Facundo Tello,,False,9,1738.72,57,1423.98,0,0,0,0,0,0,,,,,,,4.711,-74.0721,,-48,1,5.0,3.0,14.0,1.4,1.4,0.6666666666666666,0.1428571428571428,,20.2,0.0,15.2,0,0,0
Colombia,2025-06-06,15:30,WCQ,World Cup qualification,Fri,Home,D,0.0,0.0,Peru,71.0,,James Rodríguez,4-2-3-1,4-2-3-1,Wilton Sampaio,,False,9,1738.72,43,1483.2,0,0,0,0,0,0,,,,,,,4.711,-74.0721,,-34,1,73.0,4.0,14.0,1.8,1.6,0.5714285714285714,0.1428571428571428,,18.1,1.7,9.5,0,0,0
Colombia,2025-06-10,21:00,WCQ,World Cup qualification,Tue,Away,D,1.0,1.0,Argentina,36.0,,James Rodríguez,4-3-3,4-3-3,Juan Gabriel Benítez,,False,9,1738.72,1,1889.02,0,0,0,0,0,0,,,,,,,-34.6037,-58.3816,,8,0,4.0,2.0,12.0,1.0,1.6,0.5,0.1428571428571428,,13.6,0.0,6.8,0,0,0
Colombia,2025-09-04,18:30,WCQ,World Cup qualification,Thu,Home,W,3.0,0.0,Bolivia,64.0,,James Rodríguez,4-2-3-1,4-3-3,Darío Herrera,,False,9,1738.72,83,1293.76,0,0,0,0,0,0,,,,,,,4.711,-74.0721,,-74,1,86.0,3.0,10.0,0.8,1.2,0.5,0.125,,18.3,6.7,13.1,1,1,0
Colombia,2025-09-09,19:30,WCQ,World Cup qualification,Tue,Away,W,6.0,3.0,Venezuela,64.0,,James Rodríguez,4-3-3,4-4-2,Wilton Sampaio,,False,9,1738.72,40,1488.56,0,0,0,0,0,0,,,,,,,25.2854,51.531,,-31,1,5.0,6.0,12.0,1.4,1.0,0.5555555555555556,0.125,,43.9,0.0,19.8,1,0,1
Colombia,2026-03-26,19:30,Friendlies (M),Friendlies (M),Thu,Neutral,L,1.0,2.0,Croatia,,,James Rodríguez,4-2-3-1,3-4-3,Rubiel Vázquez,,False,9,1738.72,12,1699.6,0,0,0,0,0,0,,,,,,,25.2854,51.531,,-3,1,198.0,9.0,12.0,2.4,1.2,0.5555555555555556,0.2222222222222222,,28.8,18.7,21.9,0,1,0
Colombia,2026-03-29,15:00,Friendlies (M),Friendlies (M),Sun,Neutral,L,1.0,3.0,France,,60734.0,James Rodríguez,4-2-3-1,4-2-3-1,Víctor Rivas,,False,9,1738.72,2,1851.92,1,1,0,0,2,0,,,,,,,25.2854,51.531,,7,0,3.0,8.0,12.0,2.2,1.2,0.5555555555555556,0.2222222222222222,0.0,27.5,0.0,12.5,0,0,0
Colombia,2026-06-01,18:00,Friendlies (M),Friendlies (M),Mon,Home,W,3.0,1.0,Costa Rica,,,Luis Díaz,4-1-4-1,4-1-4-1,Guillermo Guerrero,,False,9,1738.72,50,1466.08,0,0,0,0,0,0,,,,,,,4.711,-74.0721,,-41,1,64.0,7.0,9.0,2.4,1.8,0.5555555555555556,0.2222222222222222,0.0,20.0,1.0,12.2,1,0,0
Colombia,2026-06-07,16:00,Friendlies (M),Friendlies (M),Sun,Neutral,W,2.0,0.0,Jordan,,28831.0,James Rodríguez,4-1-4-1,5-4-1,Rafael López,,False,9,1738.72,68,1377.52,0,0,0,0,0,0,,,,,,,25.2854,51.531,,-59,1,6.0,9.0,12.0,2.8,1.8,0.6,0.2222222222222222,0.0,41.5,0.0,16.9,1,0,1
Congo DR,2023-11-15,17:00,WCQ,First round,Wed,Home,W,2.0,0.0,Mauritania,,,Chancel Mbemba,4-2-3-1,4-2-2-2,Muhammad El Mabrouk,,False,65,1366.18,101,1208.99,0,0,0,0,0,0,,,,,,,25.2854,51.531,,-36,1,,,,,,,,,31.0,0.0,19.3,1,0,1
Congo DR,2023-11-19,18:00,WCQ,First round,Sun,Neutral,L,0.0,1.0,Sudan,,,Chancel Mbemba,4-2-3-1,4-1-4-1,Bamlak Tessema,,False,65,1366.18,130,1109.22,0,0,0,0,0,0,,,,,,,25.2854,51.531,,-65,1,4.0,3.0,3.0,2.0,0.0,1.0,,,27.7,0.0,13.8,0,0,0
Congo DR,2024-06-06,19:00,WCQ,First round,Thu,Away,D,1.0,1.0,Senegal,,,Chancel Mbemba,4-2-3-1,3-4-1-2,Mutaz Al Shalmani,,False,63,1388.25,17,1624.73,0,0,0,0,0,0,,,,,,,14.7167,-17.4677,,46,0,200.0,3.0,3.0,1.0,0.5,1.0,,0.0,27.1,0.0,23.7,0,0,0
Congo DR,2024-06-09,17:00,WCQ,First round,Sun,Home,W,1.0,0.0,Togo,,,Chancel Mbemba,4-2-3-1,3-4-1-2,Mehrez Melki,,False,63,1388.25,113,1170.34,0,0,0,0,0,0,,,,,,,25.2854,51.531,,-50,1,3.0,4.0,4.0,1.0,0.6666666666666666,1.0,0.0,0.0,37.0,0.0,18.0,1,0,1
Congo DR,2025-03-21,17:00,WCQ,First round,Fri,Home,W,1.0,0.0,South Sudan,,,Chancel Mbemba,4-2-2-2,4-2-2-2,Celso Alvação,,False,58,1416.91,172,967.83,0,0,0,0,0,0,,,,,,,25.2854,51.531,,-114,1,285.0,7.0,7.0,1.0,0.5,1.0,0.0,0.0,33.5,0.0,17.1,1,0,1
Congo DR,2025-03-25,21:00,WCQ,First round,Tue,Away,W,2.0,0.0,Mauritania,,,Chancel Mbemba,4-1-4-1,4-2-3-1,Athoumani Mohamed,,False,58,1416.91,112,1179.04,0,0,0,0,0,0,,,,,,,25.2854,51.531,,-54,1,4.0,10.0,10.0,1.0,0.4,1.0,0.0,0.0,24.0,0.0,25.1,1,0,0
Congo DR,2025-09-05,15:00,WCQ,First round,Fri,Away,W,4.0,1.0,South Sudan,,,Chancel Mbemba,4-1-4-1,5-2-1-2,Brighton Chimene,,False,58,1416.91,172,967.83,0,0,0,0,0,0,,,,,,,25.2854,51.531,,-114,1,164.0,10.0,13.0,1.0,0.4,1.0,0.5,0.0,39.8,0.1,16.5,1,0,1
Congo DR,2025-09-09,17:00,WCQ,First round,Tue,Home,L,2.0,3.0,Senegal,,,Chancel Mbemba,4-1-4-1,4-1-4-1,Cumar Cabdiqaadir Cartan,,False,58,1416.91,21,1620.87,0,0,0,0,0,0,,,,,,,25.2854,51.531,,37,0,4.0,13.0,16.0,1.8,0.4,1.0,0.6666666666666666,0.0,43.9,0.0,19.8,0,0,1
Congo DR,2025-10-10,13:00,WCQ,First round,Fri,Away,W,1.0,0.0,Togo,,,Chancel Mbemba,3-4-1-2,3-4-3,Lenine Rocha,,False,58,1416.91,119,1158.81,0,0,0,0,0,0,,,,,,,25.2854,51.531,,-61,1,31.0,12.0,16.0,2.0,0.8,0.75,0.6666666666666666,0.0,37.2,0.0,12.6,1,0,1
Congo DR,2025-10-14,20:00,WCQ,First round,Tue,Home,W,1.0,0.0,Sudan,,,Chancel Mbemba,4-2-3-1,4-1-4-1,Abongile Tom,,False,58,1416.91,120,1154.5,0,0,0,0,0,0,,,,,,,25.2854,51.531,,-62,1,4.0,12.0,19.0,2.0,0.8,0.75,0.75,0.0,34.2,0.0,20.0,1,0,1
Congo DR,2025-11-13,20:00,WCQ,Second round — Semi-finals,Thu,Neutral,W,1.0,0.0,Cameroon,,,Chancel Mbemba,4-1-4-1,3-4-3,Mahmood Ismail Chantir,,False,58,1416.91,53,1458.51,0,0,0,0,0,0,,,,,,,25.2854,51.531,,5,0,30.0,12.0,22.0,2.0,0.8,0.8,0.75,0.0,29.5,0.0,14.1,1,0,0
Congo DR,2025-11-16,20:00,WCQ,Second round — Final,Sun,Neutral,D,1.0,1.0,Nigeria,,,Chancel Mbemba,4-1-4-1,4-3-2-1,Jalal Jiyed,Congo DR won on penalty kicks following extra time,False,58,1416.91,39,1498.02,0,0,0,0,0,0,,,,,,,25.2854,51.531,,19,0,3.0,12.0,22.0,1.8,0.8,0.8,0.75,0.5,31.8,0.0,13.5,0,0,1
Congo DR,2026-03-25,15:00,Friendlies (M),Friendlies (M),Wed,Neutral,W,2.0,0.0,Bermuda,,,,,,Daniel Quintero,,False,58,1416.91,170,973.34,0,0,0,0,0,0,,,,,,,25.2854,51.531,,-112,1,129.0,10.0,23.0,1.2,0.8,0.8,0.75,0.3333333333333333,26.5,19.2,22.9,1,1,0
Congo DR,2026-03-31,15:00,WCQ Play-offs,WCQ — Inter-confederation play-offs finals (M),Tue,Neutral,W,1.0,0.0,Jamaica,,39983.0,Chancel Mbemba,4-2-2-2,4-2-3-1,Facundo Tello,Required Extra Time,False,58,1416.91,61,1402.95,0,0,0,0,0,0,,,,,,,25.2854,51.531,,-3,1,6.0,13.0,25.0,1.2,0.2,0.8,0.75,0.5,23.8,16.9,17.3,1,1,0
Congo DR,2026-06-03,20:00,Friendlies (M),Friendlies (M),Wed,Neutral,D,0.0,0.0,Denmark,,23043.0,Chancel Mbemba,3-5-2,4-1-4-1,Lothar D'Hondt,,False,58,1416.91,20,1621.7,0,0,0,0,0,0,,,,,,,25.2854,51.531,,38,0,64.0,13.0,25.0,1.2,0.2,0.8,0.75,0.6,45.3,0.0,20.9,0,0,1
Congo DR,2026-06-09,18:00,Friendlies (M),Friendlies (M),Tue,Neutral,L,1.0,2.0,Chile,,,Chancel Mbemba,4-2-3-1,4-2-3-1,Mehrez Melki,,False,58,1416.91,49,1467.98,0,0,0,0,0,0,,,,,,,25.2854,51.531,,9,0,6.0,11.0,23.0,1.0,0.2,0.8,0.75,0.5,44.1,0.0,16.3,0,0,1
Croatia,2025-06-06,19:45,WCQ,First round,Fri,Away,W,7.0,0.0,Gibraltar,69.0,1516.0,Ivan Perišić,4-2-3-1,4-3-3,Georgi Kabakov,,False,12,1699.6,198,842.4,0,0,0,0,0,0,,,,,,,25.2854,51.531,,-186,1,,,,,,,,,39.7,0.0,13.9,1,0,1
Croatia,2025-06-09,20:45,WCQ,First round,Mon,Home,W,5.0,1.0,Czechia,61.0,12207.0,Luka Modrić,4-2-3-1,3-4-3,Jesús Gil,,False,12,1699.6,46,1473.19,0,0,0,0,0,0,,,,,,,25.2854,51.531,,-34,1,3.0,3.0,3.0,7.0,0.0,,1.0,,37.0,0.0,12.6,1,0,1
Croatia,2025-09-05,19:45,WCQ,First round,Fri,Away,W,1.0,0.0,Faroe Islands,74.0,4632.0,Andrej Kramarić,2-4-3-1,3-4-3,Kristo Tohver,,False,12,1699.6,140,1089.51,0,0,0,0,0,0,,,,,,,25.2854,51.531,,-128,1,88.0,6.0,6.0,6.0,0.5,1.0,1.0,,39.8,0.1,16.5,1,0,1
Croatia,2025-09-08,20:45,WCQ,First round,Mon,Home,W,4.0,0.0,Montenegro,75.0,21209.0,Luka Modrić,4-2-3-1,3-4-3,Felix Zwayer,,False,12,1699.6,74,1332.68,0,0,0,0,0,0,,,,,,,25.2854,51.531,,-62,1,3.0,9.0,9.0,4.333333333333333,0.3333333333333333,1.0,1.0,,44.9,0.0,18.8,1,0,1
Croatia,2025-10-09,20:45,WCQ,First round,Thu,Away,D,0.0,0.0,Czechia,58.0,18870.0,Luka Modrić,4-2-3-1,4-2-3-1,François Letexier,,False,12,1699.6,46,1473.19,0,0,0,0,0,0,,,,,,,25.2854,51.531,,-34,1,31.0,12.0,12.0,4.25,0.25,1.0,1.0,,35.5,0.0,13.5,0,0,1
Croatia,2025-10-12,20:45,WCQ,First round,Sun,Home,W,3.0,0.0,Gibraltar,81.0,7579.0,Mateo Kovačić,4-2-3-1,5-4-1,Oleksii Derevinskyi,,False,12,1699.6,198,842.4,0,0,0,0,0,0,,,,,,,25.2854,51.531,,-186,1,3.0,13.0,13.0,3.4,0.2,1.0,0.6666666666666666,,34.2,0.0,11.8,1,0,1
Croatia,2025-11-14,20:45,WCQ,First round,Fri,Home,W,3.0,1.0,Faroe Islands,81.0,7846.0,Luka Modrić,3-4-3,5-4-1,Əliyar Ağayev,,False,12,1699.6,140,1089.51,0,0,0,0,0,0,,,,,,,25.2854,51.531,,-128,1,33.0,13.0,16.0,2.6,0.2,1.0,0.6666666666666666,,29.8,0.0,12.3,1,0,0
Croatia,2025-11-17,20:45,WCQ,First round,Mon,Away,W,3.0,2.0,Montenegro,63.0,4673.0,Ivan Perišić,4-2-3-1,4-3-1-2,Halil Umut Meler,,False,12,1699.6,74,1332.68,0,0,0,0,0,0,,,,,,,25.2854,51.531,,-62,1,3.0,13.0,19.0,2.2,0.2,1.0,0.6666666666666666,,30.6,0.0,9.4,1,0,1
Croatia,2026-03-26,19:30,Friendlies (M),Friendlies (M),Thu,Neutral,W,2.0,1.0,Colombia,,,Ivan Perišić,3-4-3,4-2-3-1,Rubiel Vázquez,,False,12,1699.6,9,1738.72,0,0,0,0,0,0,,,,,,,25.2854,51.531,,3,0,129.0,13.0,22.0,2.6,0.6,1.0,0.75,,28.8,18.7,21.9,1,1,0
Croatia,2026-03-31,20:00,Friendlies (M),Friendlies (M),Tue,Neutral,L,1.0,3.0,Brazil,,46398.0,Luka Modrić,3-4-3,4-2-2-2,Armando Villarreal,,False,12,1699.6,5,1772.02,3,0,2,1,2,5,,,,,,,25.2854,51.531,,7,0,5.0,13.0,25.0,2.2,0.8,1.0,0.75,1.0,23.8,16.9,17.3,0,1,0
Croatia,2026-06-02,18:00,Friendlies (M),Friendlies (M),Tue,Home,L,0.0,2.0,Belgium,,7555.0,Luka Modrić,3-4-3,3-4-3,Rade Obrenović,,False,12,1699.6,6,1768.14,1,0,0,1,0,0,,,,,,,25.2854,51.531,,6,0,63.0,12.0,25.0,2.4,1.4,1.0,0.75,0.5,44.8,0.0,17.1,0,0,1
Croatia,2026-06-07,20:45,Friendlies (M),Friendlies (M),Sun,Home,W,2.0,1.0,Slovenia,,8800.0,Luka Modrić,4-2-3-1,5-4-1,Bence Csonka,,False,12,1699.6,51,1462.98,0,0,0,0,0,0,,,,,,,25.2854,51.531,,-39,1,5.0,9.0,22.0,1.8,1.8,0.8,0.75,0.5,41.5,0.0,16.9,1,0,1
Curaçao,2024-06-06,08:30,WCQ,Second round,Thu,Home,W,4.0,1.0,Barbados,,4254.0,Eloy Room,3-4-3,4-4-2,Iván Barton,,False,91,1262.48,177,943.8,0,0,0,0,0,0,,,,,,,25.2854,51.531,,-86,1,,,,,,,,,39.3,0.0,18.9,1,0,1
Curaçao,2024-06-08,20:00,WCQ,Second round,Sat,Away,W,2.0,0.0,Aruba,,,Eloy Room,3-4-3,4-4-2,César Arturo Ramos,,False,91,1262.48,193,875.82,0,0,0,0,0,0,,,,,,,25.2854,51.531,,-102,1,2.0,3.0,3.0,4.0,1.0,1.0,,,39.7,0.0,19.9,1,0,1
Curaçao,2025-06-06,19:30,WCQ,Second round,Fri,Home,W,4.0,0.0,St. Lucia,,,Leandro Bacuna,4-2-3-1,5-4-1,José Torres,,False,88,1261.38,173,965.66,0,0,0,0,0,0,,,,,,,25.2854,51.531,,-85,1,363.0,6.0,6.0,3.0,0.5,1.0,1.0,,39.7,0.0,13.9,1,0,1
Curaçao,2025-06-11,00:00,WCQ,Second round,Wed,Away,W,5.0,1.0,Haiti,,1115.0,Leandro Bacuna,4-2-3-1,4-3-3,Steven Madrigal,,False,88,1261.38,86,1278.56,0,0,0,0,0,0,,,,,,,25.2854,51.531,,2,0,5.0,9.0,9.0,3.333333333333333,0.3333333333333333,1.0,1.0,,40.5,0.0,13.1,1,0,1
Curaçao,2025-09-05,20:00,WCQ,Third round,Fri,Away,D,0.0,0.0,Trin & Tobago,,,Leandro Bacuna,3-4-3,4-4-2,Katia García,,False,88,1261.38,101,1213.25,0,0,0,0,0,0,,,,,,,25.2854,51.531,,-13,1,86.0,12.0,12.0,3.75,0.5,1.0,1.0,,39.8,0.1,16.5,0,0,1
Curaçao,2025-09-09,20:00,WCQ,Third round,Tue,Home,W,3.0,2.0,Bermuda,,9474.0,Leandro Bacuna,4-3-3,4-2-3-1,Adonis Carrasco,,False,88,1261.38,170,973.34,0,0,0,0,0,0,,,,,,,25.2854,51.531,,-82,1,4.0,13.0,13.0,3.0,0.4,1.0,0.6666666666666666,,43.9,0.0,19.8,1,0,1
Curaçao,2025-10-10,19:00,WCQ,Third round,Fri,Home,W,2.0,0.0,Jamaica,,,Leandro Bacuna,4-3-3,4-2-3-1,Julio César Luna,,False,88,1261.38,61,1402.95,0,0,0,0,0,0,,,,,,,25.2854,51.531,,27,0,31.0,13.0,16.0,2.8,0.6,1.0,0.6666666666666666,,37.2,0.0,12.6,1,0,1
Curaçao,2025-10-14,19:00,WCQ,Third round,Tue,Home,D,1.0,1.0,Trin & Tobago,,,Leandro Bacuna,4-3-3,5-4-1,César Arturo Ramos,,False,88,1261.38,101,1213.25,0,0,0,0,0,0,,,,,,,25.2854,51.531,,-13,1,4.0,13.0,19.0,2.8,0.6,1.0,0.6666666666666666,,34.2,0.0,20.0,0,0,1
Curaçao,2025-11-13,20:00,WCQ,Third round,Thu,Away,W,7.0,0.0,Bermuda,,1181.0,Leandro Bacuna,4-3-3,4-2-3-1,Tori Penso,,False,88,1261.38,170,973.34,0,0,0,0,0,0,,,,,,,25.2854,51.531,,-82,1,30.0,11.0,20.0,2.2,0.8,0.8,0.6666666666666666,,29.5,0.0,14.1,1,0,0
Curaçao,2025-11-18,20:00,WCQ,Third round,Tue,Away,D,0.0,0.0,Jamaica,,,Leandro Bacuna,4-3-3,4-2-3-1,Iván Barton,,False,88,1261.38,61,1402.95,0,0,0,0,0,0,,,,,,,25.2854,51.531,,27,0,5.0,11.0,23.0,2.6,0.6,0.8,0.75,,32.8,0.0,22.2,0,0,1
Curaçao,2026-05-30,13:00,Friendlies (M),Friendlies (M),Sat,Away,L,1.0,4.0,sct Scotland,,44433.0,Leandro Bacuna,5-4-1,4-2-2-2,Goga Kikacheishvili,,False,88,1261.38,52,1461.75,0,0,0,0,0,0,,,,,,,25.2854,51.531,,36,0,193.0,11.0,24.0,2.6,0.6,0.8,0.6,,40.6,0.0,19.6,0,0,1
Curaçao,2026-06-06,20:00,Friendlies (M),Friendlies (M),Sat,Home,W,4.0,0.0,Aruba,,,Juriën Gaari,4-2-2-2,4-2-2-2,José Corporán,,False,88,1261.38,194,868.4,0,0,0,0,0,0,,,,,,,25.2854,51.531,,-106,1,7.0,8.0,21.0,2.2,1.0,0.8,0.5,,43.0,0.0,24.6,1,0,1
Czechia,2025-03-22,20:45,WCQ,First round,Sat,Home,W,2.0,1.0,Faroe Islands,68.0,8978.0,Tomáš Souček,4-4-2,3-4-3,Rade Obrenović,,False,46,1473.19,140,1089.51,0,0,0,0,0,0,,,,,,,25.2854,51.531,,-94,1,,,,,,,,,33.5,0.4,15.0,1,0,1
Czechia,2025-03-25,20:45,WCQ,First round,Tue,Away,W,4.0,0.0,Gibraltar,80.0,583.0,Tomáš Souček,4-2-3-1,4-3-3,Horațiu Fesnic,,False,46,1473.19,198,842.4,0,0,0,0,0,0,,,,,,,25.2854,51.531,,-152,1,3.0,3.0,3.0,2.0,1.0,1.0,,,24.0,0.0,25.1,1,0,0
Czechia,2025-06-06,20:45,WCQ,First round,Fri,Home,W,2.0,0.0,Montenegro,57.0,10889.0,Tomáš Souček,4-2-3-1,3-4-3,Serdar Gözübüyük,,False,46,1473.19,74,1332.68,0,0,0,0,0,0,,,,,,,25.2854,51.531,,-28,1,73.0,6.0,6.0,3.0,0.5,1.0,1.0,,39.7,0.0,13.9,1,0,1
Czechia,2025-06-09,20:45,WCQ,First round,Mon,Away,L,1.0,5.0,Croatia,39.0,12207.0,Tomáš Souček,3-4-3,4-2-3-1,Jesús Gil,,False,46,1473.19,12,1699.6,0,0,0,0,0,0,,,,,,,25.2854,51.531,,34,0,3.0,9.0,9.0,2.6666666666666665,0.3333333333333333,1.0,1.0,,37.0,0.0,12.6,0,0,1
Czechia,2025-09-05,20:45,WCQ,First round,Fri,Away,W,2.0,0.0,Montenegro,49.0,6315.0,Tomáš Souček,4-2-3-1,4-3-3,Marco Guida,,False,46,1473.19,74,1332.68,0,0,0,0,0,0,,,,,,,25.2854,51.531,,-28,1,88.0,9.0,9.0,2.25,1.5,1.0,0.5,,39.8,0.1,16.5,1,0,1
Czechia,2025-10-09,20:45,WCQ,First round,Thu,Home,D,0.0,0.0,Croatia,42.0,18870.0,Tomáš Souček,4-2-3-1,4-2-3-1,François Letexier,,False,46,1473.19,12,1699.6,0,0,0,0,0,0,,,,,,,25.2854,51.531,,34,0,34.0,12.0,12.0,2.2,1.2,1.0,0.6666666666666666,,35.5,0.0,13.5,0,0,1
Czechia,2025-10-12,17:00,WCQ,First round,Sun,Away,L,1.0,2.0,Faroe Islands,63.0,2980.0,Tomáš Souček,4-2-3-1,3-4-3,Andrea Colombo,,False,46,1473.19,140,1089.51,0,0,0,0,0,0,,,,,,,25.2854,51.531,,-94,1,3.0,10.0,13.0,1.8,1.0,0.6666666666666666,0.6666666666666666,,34.2,0.0,11.8,0,0,1
Czechia,2025-11-17,20:45,WCQ,First round,Mon,Home,W,6.0,0.0,Gibraltar,73.0,6587.0,Tomáš Souček,4-2-3-1,5-4-1,Sascha Stegemann,,False,46,1473.19,198,842.4,0,0,0,0,0,0,,,,,,,25.2854,51.531,,-152,1,36.0,7.0,13.0,1.2,1.4,0.6666666666666666,0.5,,30.6,0.0,9.4,1,0,1
Czechia,2026-03-26,20:45,WCQ,Second round — Semi-finals,Thu,Neutral,D,2.0,2.0,Rep. of Ireland,58.0,19137.0,Ladislav Krejčí,3-4-3,3-4-3,Glenn Nyberg,Czechia won on penalty kicks following extra time,False,46,1473.19,62,1394.63,0,0,0,0,0,0,,,,,,,25.2854,51.531,,-16,1,129.0,7.0,16.0,2.0,1.4,0.75,0.5,,28.8,18.7,21.9,0,1,0
Czechia,2026-03-31,20:45,WCQ,Second round — Finals,Tue,Home,D,2.0,2.0,Denmark,23.0,18215.0,Ladislav Krejčí,3-4-3,4-2-3-1,Maurizio Mariani,Czechia won on penalty kicks following extra time,False,46,1473.19,20,1621.7,0,0,0,0,0,0,,,,,,,25.2854,51.531,,26,0,5.0,8.0,17.0,2.2,0.8,0.75,0.5,0.0,23.8,16.9,17.3,0,1,0
Czechia,2026-05-31,16:00,Friendlies (M),Friendlies (M),Sun,Home,W,2.0,1.0,Kosovo,,11102.0,Ladislav Krejčí,3-4-3,4-3-2-1,Michal Očenáš,,False,46,1473.19,104,1205.96,0,0,0,0,0,0,,,,,,,25.2854,51.531,,-58,1,61.0,6.0,18.0,2.2,1.2,0.6,0.5,0.0,42.0,0.0,18.7,1,0,1
Czechia,2026-06-04,20:00,Friendlies (M),Friendlies (M),Thu,Neutral,W,3.0,1.0,Guatemala,,,Ladislav Krejčí,3-4-3,5-4-1,Pierre-Luc Lauzière,,False,46,1473.19,107,1200.43,0,0,0,0,0,0,,,,,,,25.2854,51.531,,-61,1,4.0,8.0,18.0,2.6,1.4,0.6666666666666666,0.5,0.0,44.2,0.0,24.1,1,0,1
Czechia,2026-06-11,20:00,World Cup,Group stage,Thu,Neutral,L,1.0,2.0,Korea Republic,38.0,44985.0,Ladislav Krejčí,3-4-3,3-4-3,Amin Omar,,False,46,1473.19,23,1572.61,0,0,0,0,0,0,,,,,,,25.2854,51.531,,23,0,7.0,11.0,18.0,3.0,1.2,0.6666666666666666,0.5,0.5,44.6,0.0,17.2,0,0,1
Côte d'Ivoire,2023-11-17,19:00,WCQ,First round,Fri,Home,W,9.0,0.0,Seychelles,,,Serge Aurier,3-1-4-2,5-2-1-2,Adalbert Diouf,,False,52,1439.17,195,853.5,0,0,0,0,0,0,,,,,,,25.2854,51.531,,-143,1,,,,,,,,,28.0,3.1,22.7,1,1,0
Côte d'Ivoire,2023-11-20,16:00,WCQ,First round,Mon,Neutral,W,2.0,0.0,Gambia,,,Serge Aurier,4-2-3-1,4-5-1,Jalal Jiyed,,False,52,1439.17,124,1137.47,0,0,0,0,0,0,,,,,,,25.2854,51.531,,-72,1,3.0,3.0,3.0,9.0,0.0,1.0,,,28.8,0.1,20.0,1,0,0
Côte d'Ivoire,2024-06-07,19:00,WCQ,First round,Fri,Home,W,1.0,0.0,Gabon,,,Franck Kessié,3-5-2,4-1-4-1,Cumar Cabdiqaadir Cartan,,False,38,1498.8,84,1287.33,0,0,0,0,0,0,,,,,,,25.2854,51.531,,-46,1,200.0,6.0,6.0,5.5,0.0,1.0,,1.0,42.1,0.0,21.0,1,0,1
Côte d'Ivoire,2024-06-11,15:00,WCQ,First round,Tue,Neutral,D,0.0,0.0,Kenya,,,Franck Kessié,4-1-4-1,4-1-4-1,Jalal Jiyed,,False,38,1498.8,107,1191.24,0,0,0,0,0,0,,,,,,,25.2854,51.531,,-69,1,4.0,9.0,9.0,4.0,0.0,1.0,,1.0,45.2,0.0,17.6,0,0,1
Côte d'Ivoire,2025-03-21,19:00,WCQ,First round,Fri,Neutral,W,1.0,0.0,Burundi,,,Franck Kessié,3-4-3,5-4-1,Samir Guezzaz,,False,33,1509.12,136,1101.79,0,0,0,0,0,0,,,,,,,25.2854,51.531,,-103,1,283.0,10.0,10.0,3.0,0.0,1.0,,0.5,33.5,0.0,17.1,1,0,1
Côte d'Ivoire,2025-03-24,19:00,WCQ,First round,Mon,Home,W,1.0,0.0,Gambia,,,Franck Kessié,4-2-3-1,3-4-3,Ring Nyier,,False,33,1509.12,124,1137.47,0,0,0,0,0,0,,,,,,,25.2854,51.531,,-91,1,3.0,13.0,13.0,2.6,0.0,1.0,,0.6666666666666666,24.5,0.0,26.9,1,0,0
Côte d'Ivoire,2025-09-05,19:00,WCQ,First round,Fri,Home,W,1.0,0.0,Burundi,,,Franck Kessié,4-2-3-1,5-4-1,Bouchra Karboubi,,False,33,1509.12,136,1101.79,0,0,0,0,0,0,,,,,,,25.2854,51.531,,-103,1,165.0,13.0,16.0,1.0,0.0,1.0,,0.6666666666666666,39.8,0.1,16.5,1,0,1
Côte d'Ivoire,2025-09-09,20:00,WCQ,First round,Tue,Away,D,0.0,0.0,Gabon,,,Franck Kessié,4-2-3-1,4-2-3-1,Abdel Aziz Mohamed Bouh,,False,33,1509.12,84,1292.88,0,0,0,0,0,0,,,,,,,25.2854,51.531,,-51,1,4.0,13.0,19.0,0.8,0.0,1.0,,0.6666666666666666,43.9,0.0,19.8,0,0,1
Côte d'Ivoire,2025-10-10,17:00,WCQ,First round,Fri,Neutral,W,7.0,0.0,Seychelles,,,Willy Boly,4-1-4-1,3-4-3,Jean-Claude Ishimwe,,False,33,1509.12,201,831.19,0,0,0,0,0,0,,,,,,,25.2854,51.531,,-168,1,31.0,11.0,20.0,0.6,0.0,1.0,0.0,0.6666666666666666,37.2,0.0,12.6,1,0,1
Côte d'Ivoire,2025-10-14,19:00,WCQ,First round,Tue,Home,W,3.0,0.0,Kenya,,,Franck Kessié,4-2-2-2,3-4-3,Naby Laye Touré,,False,33,1509.12,102,1208.96,0,0,0,0,0,0,,,,,,,25.2854,51.531,,-69,1,4.0,13.0,23.0,2.0,0.0,1.0,0.0,0.75,34.2,0.0,20.0,1,0,1
Côte d'Ivoire,2026-03-28,14:00,Friendlies (M),Friendlies (M),Sat,Neutral,W,4.0,0.0,Korea Republic,,5917.0,Jean Seri,4-1-4-1,3-4-3,Ian McNabb,,False,33,1509.12,23,1572.61,0,0,0,0,0,0,,,,,,,25.2854,51.531,,10,0,165.0,13.0,26.0,2.4,0.0,1.0,0.0,0.75,24.1,0.0,17.7,1,0,0
Côte d'Ivoire,2026-03-31,19:30,Friendlies (M),Friendlies (M),Tue,Neutral,W,1.0,0.0,sct Scotland,,33034.0,Franck Kessié,4-2-3-1,3-4-1-2,Daniel Elder,,False,33,1509.12,52,1461.75,0,0,0,0,0,0,,,,,,,25.2854,51.531,,-19,1,3.0,13.0,26.0,3.0,0.0,1.0,0.0,0.8,23.8,16.9,17.3,1,1,0
Côte d'Ivoire,2026-06-04,21:10,Friendlies (M),Friendlies (M),Thu,Away,W,2.0,1.0,France,,33636.0,Franck Kessié,4-2-2-2,4-2-3-1,Sebastian Gishamer,,False,33,1509.12,2,1851.92,0,0,0,0,0,0,,,,,,,48.8566,2.3522,,31,0,65.0,13.0,26.0,3.0,0.0,1.0,0.0,0.8333333333333334,19.6,6.3,22.8,1,1,0
Ecuador,2023-09-07,21:00,WCQ,World Cup qualification,Thu,Away,L,0.0,1.0,Argentina,29.0,84500.0,Enner Valencia,5-3-2,4-3-3,Wilmar Roldán,,False,40,1486.47,1,1843.73,0,0,0,0,0,0,,,,,,,-34.6037,-58.3816,,39,0,,,,,,,,,15.8,7.0,26.5,0,1,0
Ecuador,2023-09-12,16:00,WCQ,World Cup qualification,Tue,Home,W,2.0,1.0,Uruguay,50.0,35613.0,Enner Valencia,5-3-2,4-2-3-1,Wilton Sampaio,,False,40,1486.47,16,1633.13,0,0,0,0,0,0,,,,,,,25.2854,51.531,,24,0,5.0,0.0,0.0,0.0,1.0,,0.0,,38.2,0.0,18.7,1,0,1
Ecuador,2023-10-12,19:00,WCQ,World Cup qualification,Thu,Away,W,2.0,1.0,Bolivia,46.0,34200.0,Enner Valencia,4-4-2,4-4-2,Cristián Garay,,False,38,1497.66,83,1287.86,0,0,0,0,0,0,,,,,,,25.2854,51.531,,-45,1,30.0,3.0,3.0,1.0,1.0,1.0,0.0,,36.7,0.0,22.4,1,0,1
Ecuador,2023-10-17,18:30,WCQ,World Cup qualification,Tue,Home,D,0.0,0.0,Colombia,54.0,,Enner Valencia,3-5-2,4-2-3-1,Facundo Tello,,False,38,1497.66,16,1629.6,0,0,0,0,0,0,,,,,,,25.2854,51.531,,22,0,5.0,6.0,6.0,1.3333333333333333,1.0,1.0,0.5,,37.6,0.0,20.6,0,0,1
Ecuador,2023-11-16,18:00,WCQ,World Cup qualification,Thu,Away,D,0.0,0.0,Venezuela,50.0,,Alexander Domínguez,4-2-3-1,4-3-3,Juan Gabriel Benítez,,False,36,1508.31,49,1445.67,0,0,0,0,0,0,,,,,,,25.2854,51.531,,-13,1,30.0,7.0,7.0,1.0,0.75,0.5,0.5,,29.6,2.1,25.7,0,1,0
Ecuador,2023-11-21,18:30,WCQ,World Cup qualification,Tue,Home,W,1.0,0.0,Chile,53.0,,Alexander Domínguez,4-2-3-1,5-3-2,Anderson Daronco,,False,36,1508.31,37,1503.81,0,0,0,0,0,0,,,,,,,25.2854,51.531,,-1,1,5.0,8.0,8.0,0.8,0.6,0.5,0.3333333333333333,,30.6,1.9,25.4,1,0,1
Ecuador,2024-09-06,22:00,WCQ,World Cup qualification,Fri,Away,L,0.0,1.0,Brazil,43.0,,Enner Valencia,3-5-2,4-2-3-1,Facundo Tello,,False,27,1530.44,5,1785.61,0,0,0,0,0,0,,,,,,,-15.8267,-47.9218,,22,0,290.0,11.0,11.0,1.0,0.4,0.6666666666666666,0.3333333333333333,,31.6,0.0,17.4,0,0,1
Ecuador,2024-09-10,16:00,WCQ,World Cup qualification,Tue,Home,W,1.0,0.0,Peru,69.0,,Moisés Caicedo,3-4-3,3-5-2,Andrés Rojas,,False,27,1530.44,42,1489.68,0,0,0,0,0,0,,,,,,,25.2854,51.531,,-15,1,4.0,8.0,11.0,0.6,0.4,0.6666666666666666,0.25,,45.0,0.0,21.7,1,0,1
Ecuador,2024-10-10,16:00,WCQ,World Cup qualification,Thu,Home,D,0.0,0.0,Paraguay,77.0,,Pervis Estupiñán,3-4-3,3-4-3,Raphael Claus,,False,27,1535.43,57,1423.98,0,0,0,0,0,0,,,,,,,25.2854,51.531,,-30,1,30.0,8.0,14.0,0.4,0.2,0.75,0.25,,35.6,0.0,20.7,0,0,1
Ecuador,2024-10-15,20:30,WCQ,World Cup qualification,Tue,Away,D,0.0,0.0,Uruguay,45.0,27112.0,Piero Hincapié,5-3-2,4-2-3-1,Cristián Garay,,False,27,1535.43,11,1701.34,0,0,0,0,0,0,,,,,,,-34.9011,-56.1645,,16,0,5.0,8.0,15.0,0.4,0.2,0.6,0.25,,17.9,0.1,22.4,0,0,0
Ecuador,2024-11-14,19:00,WCQ,World Cup qualification,Thu,Home,W,4.0,0.0,Bolivia,79.0,,Hernán Galíndez,4-5-1,4-2-3-1,Maximiliano Ramírez,,False,27,1535.43,83,1293.76,0,0,0,0,0,0,,,,,,,25.2854,51.531,,-56,1,30.0,8.0,16.0,0.4,0.2,0.6,0.2,,32.0,0.0,18.2,1,0,1
Ecuador,2024-11-19,18:00,WCQ,World Cup qualification,Tue,Away,W,1.0,0.0,Colombia,33.0,,Willian Pacho,4-5-1,4-4-2,Esteban Ostojich,,False,27,1535.43,9,1738.72,0,0,0,0,0,0,,,,,,,4.711,-74.0721,,18,0,5.0,8.0,19.0,1.0,0.2,0.6666666666666666,0.2,,20.5,8.1,13.5,1,1,0
Ecuador,2025-03-21,16:00,WCQ,World Cup qualification,Fri,Home,W,2.0,1.0,Venezuela,71.0,,Enner Valencia,4-2-3-1,4-3-3,Ramon Abatti,,False,27,1535.43,40,1488.56,0,0,0,0,0,0,,,,,,,25.2854,51.531,,-13,1,122.0,11.0,19.0,1.2,0.0,0.6666666666666666,0.3333333333333333,,33.5,0.0,17.1,1,0,1
Ecuador,2025-03-25,21:00,WCQ,World Cup qualification,Tue,Away,D,0.0,0.0,Chile,40.0,38996.0,Moisés Caicedo,3-4-3,4-3-3,Gustavo Tejera,,False,27,1535.43,49,1467.98,0,0,0,0,0,0,,,,,,,-33.4489,-70.6693,,-22,1,4.0,11.0,19.0,1.4,0.2,0.7142857142857143,0.3333333333333333,,22.6,1.1,11.0,0,0,0
Ecuador,2025-06-05,18:00,WCQ,World Cup qualification,Thu,Home,D,0.0,0.0,Brazil,52.0,,Piero Hincapié,4-4-2,4-3-3,Piero Maza,,False,27,1535.43,5,1772.02,0,0,0,0,0,0,,,,,,,25.2854,51.531,,22,0,72.0,11.0,19.0,1.4,0.2,0.7142857142857143,0.2857142857142857,,39.0,0.0,22.1,0,0,1
Ecuador,2025-06-10,20:30,WCQ,World Cup qualification,Tue,Away,D,0.0,0.0,Peru,47.0,,Pervis Estupiñán,4-4-2,4-4-2,Andrés Rojas,,False,27,1535.43,43,1483.2,0,0,0,0,0,0,,,,,,,25.2854,51.531,,-16,1,5.0,11.0,19.0,1.4,0.2,0.625,0.2857142857142857,,37.8,0.0,13.6,0,0,1
Ecuador,2025-09-04,19:30,WCQ,World Cup qualification,Thu,Away,D,0.0,0.0,Paraguay,63.0,,Hernán Galíndez,4-4-1-1,4-4-2,Raphael Claus,,False,27,1535.43,57,1423.98,0,0,0,0,0,0,,,,,,,25.2854,51.531,,-30,1,86.0,9.0,17.0,0.6,0.2,0.625,0.25,,36.5,0.0,12.9,0,0,1
Ecuador,2025-09-09,18:00,WCQ,World Cup qualification,Tue,Home,W,1.0,0.0,Argentina,43.0,,Enner Valencia,4-4-1-1,4-2-3-1,Wilmar Roldán,,False,27,1535.43,1,1889.02,0,0,0,0,0,0,,,,,,,25.2854,51.531,,26,0,5.0,7.0,18.0,0.4,0.2,0.625,0.2222222222222222,,43.9,0.0,19.8,1,0,1
Ecuador,2026-03-27,21:15,Friendlies (M),Friendlies (M),Fri,Neutral,D,1.0,1.0,Morocco,,61622.0,Willian Pacho,4-2-3-1,4-2-3-1,José Luis Munuera,,False,27,1535.43,14,1676.14,0,0,0,0,0,0,,,,,,,25.2854,51.531,,13,0,199.0,7.0,18.0,0.2,0.0,0.6666666666666666,0.2222222222222222,,25.5,0.5,15.9,0,0,0
Ecuador,2026-03-31,20:45,Friendlies (M),Friendlies (M),Tue,Away,D,1.0,1.0,Netherlands,,29344.0,Enner Valencia,4-2-2-2,4-2-3-1,Sascha Stegemann,,False,27,1535.43,7,1759.95,1,0,0,1,1,1,,,,,,,52.3676,4.9041,,20,0,4.0,7.0,18.0,0.4,0.2,0.6666666666666666,0.2222222222222222,0.0,10.9,0.6,13.6,0,0,0
Ecuador,2026-05-30,20:00,Friendlies (M),Friendlies (M),Sat,Neutral,W,2.0,1.0,Saudi Arabia,,,Pervis Estupiñán,4-2-2-2,4-1-4-1,Filip Dujic,,False,27,1535.43,56,1433.16,0,0,0,0,0,0,,,,,,,25.2854,51.531,,-29,1,60.0,7.0,18.0,0.6,0.4,0.6666666666666666,0.2,0.0,40.6,0.0,19.6,1,0,1
Ecuador,2026-06-07,16:15,Friendlies (M),Friendlies (M),Sun,Neutral,W,3.0,0.0,Guatemala,,,Hernán Galíndez,3-1-4-2,5-4-1,Marco Antonio Ortíz,,False,27,1535.43,107,1200.43,0,0,0,0,0,0,,,,,,,25.2854,51.531,,-80,1,8.0,9.0,18.0,1.0,0.6,0.6666666666666666,0.2,0.5,41.5,0.0,16.9,1,0,1
Egypt,2023-11-16,18:00,WCQ,First round,Thu,Home,W,6.0,0.0,Djibouti,,,Mohamed Salah,4-1-4-1,4-2-2-2,Jelly Chavani,,False,35,1511.95,189,889.2,0,0,0,0,0,0,,,,,,,25.2854,51.531,,-154,1,,,,,,,,,29.6,2.1,25.7,1,1,0
Egypt,2023-11-19,16:00,WCQ,First round,Sun,Neutral,W,2.0,0.0,Sierra Leone,,,Mohamed Salah,4-1-4-1,4-2-3-1,Jean-Jacques Ndala,,False,35,1511.95,122,1145.12,0,0,0,0,0,0,,,,,,,25.2854,51.531,,-87,1,3.0,3.0,3.0,6.0,0.0,1.0,,,27.7,0.0,13.8,1,0,0
Egypt,2024-06-06,21:00,WCQ,First round,Thu,Home,W,2.0,1.0,Burkina Faso,,,Mohamed Salah,3-5-2,4-1-4-1,Peter Waweru,,False,37,1499.72,62,1390.38,0,0,0,0,0,0,,,,,,,25.2854,51.531,,-25,1,200.0,6.0,6.0,4.0,0.0,1.0,,1.0,39.3,0.0,18.9,1,0,1
Egypt,2024-06-10,16:00,WCQ,First round,Mon,Away,D,1.0,1.0,Guinea-Bissau,,,Mohamed Salah,4-2-3-1,3-4-3,Mahmood Ali Mahmood Ismail,,False,37,1499.72,116,1163.44,0,0,0,0,0,0,,,,,,,25.2854,51.531,,-79,1,4.0,9.0,9.0,3.333333333333333,0.3333333333333333,1.0,,1.0,39.7,0.0,16.8,0,0,1
Egypt,2025-03-21,21:00,WCQ,First round,Fri,Neutral,W,2.0,0.0,Ethiopia,,,Mohamed Salah,4-2-3-1,3-5-2,Patrice Milazare,,False,31,1515.64,145,1063.44,0,0,0,0,0,0,,,,,,,25.2854,51.531,,-114,1,284.0,10.0,10.0,2.75,0.5,1.0,0.0,1.0,33.5,0.0,17.1,1,0,1
Egypt,2025-03-25,21:00,WCQ,First round,Tue,Home,W,1.0,0.0,Sierra Leone,,,Mohamed Salah,4-2-3-1,5-4-1,Imtehaz Heeralall,,False,31,1515.64,125,1134.26,0,0,0,0,0,0,,,,,,,25.2854,51.531,,-94,1,4.0,13.0,13.0,2.6,0.4,1.0,0.0,1.0,24.0,0.0,25.1,1,0,0
Egypt,2025-09-05,22:00,WCQ,First round,Fri,Home,W,2.0,0.0,Ethiopia,,,Mohamed Salah,4-1-4-1,5-3-2,Abongile Tom,,False,31,1515.64,145,1063.44,0,0,0,0,0,0,,,,,,,25.2854,51.531,,-114,1,164.0,13.0,16.0,1.6,0.4,1.0,0.0,1.0,39.8,0.1,16.5,1,0,1
Egypt,2025-09-09,16:00,WCQ,First round,Tue,Away,D,0.0,0.0,Burkina Faso,,,Mohamed Salah,3-4-3,4-1-4-1,Messie Nkounkou,,False,31,1515.64,63,1387.5,0,0,0,0,0,0,,,,,,,25.2854,51.531,,-32,1,4.0,13.0,19.0,1.6,0.4,1.0,0.0,1.0,43.9,0.0,19.8,0,0,1
Egypt,2025-10-08,17:00,WCQ,First round,Wed,Away,W,3.0,0.0,Djibouti,,,Mohamed Salah,3-2-4-1,5-4-1,Tanguy Mebiame,,False,31,1515.64,192,875.13,0,0,0,0,0,0,,,,,,,25.2854,51.531,,-161,1,29.0,11.0,20.0,1.2,0.2,1.0,0.0,1.0,35.9,0.0,11.1,1,0,1
Egypt,2025-10-12,22:00,WCQ,First round,Sun,Home,W,1.0,0.0,Guinea-Bissau,,,Ramy Rabia,4-2-3-1,4-1-4-1,Daniel Nii Ayi Laryea,,False,31,1515.64,115,1166.02,0,0,0,0,0,0,,,,,,,25.2854,51.531,,-84,1,4.0,13.0,23.0,1.6,0.0,1.0,0.3333333333333333,1.0,34.2,0.0,11.8,1,0,1
Egypt,2026-03-27,20:30,Friendlies (M),Friendlies (M),Fri,Away,W,4.0,0.0,Saudi Arabia,,,Trézéguet,4-1-4-1,3-4-1-2,Abdulla Ali Al Athba,,False,31,1515.64,56,1433.16,1,0,1,0,1,2,,,,,,,24.7136,46.6753,,-25,1,166.0,13.0,26.0,1.4,0.0,1.0,0.3333333333333333,1.0,22.4,0.0,15.3,1,0,0
Egypt,2026-03-31,21:00,Friendlies (M),Friendlies (M),Tue,Away,D,0.0,0.0,Spain,,35895.0,Mohamed Hany,4-2-3-1,4-1-4-1,Georgi Kabakov,,False,31,1515.64,3,1836.42,0,0,0,0,0,0,,,,,,,40.4168,-3.7038,,28,0,4.0,13.0,26.0,2.0,0.0,1.0,0.5,1.0,20.1,0.0,23.6,0,0,0
Egypt,2026-05-28,21:00,Friendlies (M),Friendlies (M),Thu,Home,W,1.0,0.0,Russia,,,Trézéguet,4-2-3-1,4-1-4-1,Lahlou Benbraham,,False,31,1515.64,34,1508.73,1,0,1,0,1,3,,,,,,,25.2854,51.531,,-3,1,58.0,11.0,24.0,1.6,0.0,1.0,0.4,1.0,45.5,0.0,11.5,1,0,1
Egypt,2026-06-06,18:00,Friendlies (M),Friendlies (M),Sat,Neutral,L,1.0,2.0,Brazil,,64311.0,Trézéguet,4-2-3-1,4-2-2-2,Adonai Escobedo,,False,31,1515.64,5,1772.02,0,0,0,0,0,0,,,,,,,25.2854,51.531,,26,0,9.0,13.0,24.0,1.8,0.0,1.0,0.4,1.0,43.0,0.0,24.6,0,0,1
England,2025-03-21,19:45,WCQ,First round,Fri,Home,W,2.0,0.0,Albania,74.0,82378.0,Harry Kane,4-2-3-1,4-2-3-1,Alejandro Hernández,,False,4,1817.28,67,1377.91,0,0,0,0,0,0,,,,,,,51.5074,-0.1278,,-63,1,,,,,,,,,32.664441219158206,0.0,18.524528301886793,1,0,1
England,2025-03-24,19:45,WCQ,First round,Mon,Home,W,3.0,0.0,Latvia,74.0,79572.0,Harry Kane,4-2-3-1,5-4-1,Orel Grinfeeld,,False,4,1817.28,137,1097.98,0,0,0,0,0,0,,,,,,,51.5074,-0.1278,,-133,1,3.0,3.0,3.0,2.0,0.0,1.0,,,32.664441219158206,0.0,18.524528301886793,1,0,1
England,2025-06-07,18:00,WCQ,First round,Sat,Away,W,1.0,0.0,Andorra,83.0,8872.0,Harry Kane,4-2-3-1,5-4-1,Igor Pajač,,False,4,1817.28,169,981.7,0,0,0,0,0,0,,,,,,,25.2854,51.531,,-165,1,75.0,6.0,6.0,2.5,0.0,1.0,,,37.8,0.0,17.2,1,0,1
England,2025-09-06,17:00,WCQ,First round,Sat,Home,W,2.0,0.0,Andorra,83.0,39202.0,Harry Kane,4-2-3-1,5-4-1,Mohammed Al-Emara,,False,4,1817.28,169,981.7,0,0,0,0,0,0,,,,,,,51.5074,-0.1278,,-165,1,91.0,9.0,9.0,2.0,0.0,1.0,1.0,,32.664441219158206,0.0,18.524528301886793,1,0,1
England,2025-09-09,20:45,WCQ,First round,Tue,Away,W,5.0,0.0,Serbia,70.0,39789.0,Harry Kane,4-2-3-1,3-4-3,Clément Turpin,,False,4,1817.28,35,1505.08,0,0,0,0,0,0,,,,,,,25.2854,51.531,,-31,1,3.0,12.0,12.0,2.0,0.0,1.0,1.0,,43.9,0.0,19.8,1,0,1
England,2025-10-14,21:45,WCQ,First round,Tue,Away,W,5.0,0.0,Latvia,72.0,10404.0,Harry Kane,4-3-3,5-4-1,Tasos Sidiropoulos,,False,4,1817.28,137,1097.98,0,0,0,0,0,0,,,,,,,25.2854,51.531,,-133,1,35.0,15.0,15.0,2.6,0.0,1.0,1.0,,34.2,0.0,20.0,1,0,1
England,2025-11-13,19:45,WCQ,First round,Thu,Home,W,2.0,0.0,Serbia,70.0,74289.0,Harry Kane,4-2-3-1,4-2-3-1,Ivan Kružliak,,False,4,1817.28,35,1505.08,0,0,0,0,0,0,,,,,,,51.5074,-0.1278,,-31,1,30.0,15.0,18.0,3.2,0.0,1.0,1.0,,32.664441219158206,0.0,18.524528301886793,1,0,1
England,2025-11-16,18:00,WCQ,First round,Sun,Away,W,2.0,0.0,Albania,70.0,21459.0,Harry Kane,4-3-3,4-2-3-1,Marco Guida,,False,4,1817.28,67,1377.91,0,0,0,0,0,0,,,,,,,25.2854,51.531,,-63,1,3.0,15.0,21.0,3.0,0.0,1.0,1.0,,31.8,0.0,13.5,1,0,1
England,2026-03-27,19:45,Friendlies (M),Friendlies (M),Fri,Home,D,1.0,1.0,Uruguay,,80581.0,Jordan Henderson,4-2-3-1,4-2-3-1,Sven Jablonski,,False,4,1817.28,11,1701.34,3,0,2,1,3,6,,,,,,,51.5074,-0.1278,,-7,1,131.0,15.0,24.0,3.2,0.0,1.0,1.0,,32.664441219158206,0.0,18.524528301886793,0,0,1
England,2026-03-31,19:45,Friendlies (M),Friendlies (M),Tue,Home,L,0.0,1.0,Japan,,79233.0,Marc Guéhi,4-2-3-1,3-4-3,Nick Walsh,,False,4,1817.28,16,1639.6,4,2,1,1,7,4,,,,,,,51.5074,-0.1278,,-12,1,4.0,13.0,25.0,3.0,0.2,0.8,1.0,,32.664441219158206,0.0,18.524528301886793,0,0,1
England,2026-06-06,16:00,Friendlies (M),Friendlies (M),Sat,Neutral,W,1.0,0.0,New Zealand,,25889.0,Harry Kane,4-2-3-1,4-2-3-1,Natalie Simon,,False,4,1817.28,103,1199.04,1,1,0,0,2,1,,,,,,,25.2854,51.531,,-99,1,67.0,10.0,25.0,2.0,0.4,0.6666666666666666,1.0,,43.0,0.0,24.6,1,0,1
England,2026-06-10,17:00,Friendlies (M),Friendlies (M),Wed,Neutral,W,3.0,0.0,Costa Rica,,20341.0,Harry Kane,4-2-3-1,4-1-4-1,Katja Koroleva,,False,4,1817.28,50,1466.08,1,0,0,1,0,0,,,,,,,25.2854,51.531,,-46,1,4.0,10.0,25.0,1.2,0.4,0.6666666666666666,1.0,1.0,46.0,0.0,13.9,1,0,1
France,2025-09-05,21:45,WCQ,First round,Fri,Away,W,2.0,0.0,Ukraine,56.0,38793.0,Kylian Mbappé,4-2-3-1,4-5-1,Danny Makkelie,,False,2,1851.92,24,1548.29,0,0,0,0,0,0,,,,,,,25.2854,51.531,,-22,1,,,,,,,,,39.8,0.1,16.5,1,0,1
France,2025-09-09,20:45,WCQ,First round,Tue,Home,W,2.0,1.0,Iceland,63.0,40150.0,Kylian Mbappé,4-2-3-1,4-4-2,António Nobre,,False,2,1851.92,71,1355.75,0,0,0,0,0,0,,,,,,,48.8566,2.3522,,-69,1,4.0,3.0,3.0,2.0,0.0,,1.0,,22.2,0.0,9.0,1,0,0
France,2025-10-10,20:45,WCQ,First round,Fri,Home,W,3.0,0.0,Azerbaijan,77.0,40150.0,Kylian Mbappé,4-4-2,5-4-1,Rohit Saggi,,False,2,1851.92,113,1173.15,0,0,0,0,0,0,,,,,,,48.8566,2.3522,,-111,1,31.0,6.0,6.0,2.0,0.5,1.0,1.0,,15.1,0.0,9.2,1,0,0
France,2025-10-13,18:45,WCQ,First round,Mon,Away,D,2.0,2.0,Iceland,70.0,9151.0,Mike Maignan,4-2-3-1,5-3-2,Orel Grinfeeld,,False,2,1851.92,71,1355.75,0,0,0,0,0,0,,,,,,,25.2854,51.531,,-69,1,3.0,9.0,9.0,2.333333333333333,0.3333333333333333,1.0,1.0,,35.0,0.0,14.7,0,0,1
France,2025-11-13,20:45,WCQ,First round,Thu,Home,W,4.0,0.0,Ukraine,71.0,41055.0,Kylian Mbappé,4-2-3-1,5-3-2,Slavko Vinčič,,False,2,1851.92,24,1548.29,0,0,0,0,0,0,,,,,,,48.8566,2.3522,,-22,1,31.0,10.0,10.0,2.25,0.75,1.0,0.5,,16.4,0.0,16.6,1,0,0
France,2025-11-16,21:00,WCQ,First round,Sun,Away,W,3.0,1.0,Azerbaijan,74.0,29700.0,Ibrahima Konaté,4-2-3-1,3-4-3,Andris Treimanis,,False,2,1851.92,113,1173.15,0,0,0,0,0,0,,,,,,,25.2854,51.531,,-111,1,3.0,13.0,13.0,2.6,0.6,1.0,0.5,,31.8,0.0,13.5,1,0,1
France,2026-03-26,16:00,Friendlies (M),Friendlies (M),Thu,Neutral,W,2.0,1.0,Brazil,,66215.0,Kylian Mbappé,4-2-3-1,4-2-2-2,Guido Gonzales Jr.,,False,2,1851.92,5,1772.02,6,3,1,2,10,8,,,,,,,25.2854,51.531,,-3,1,130.0,13.0,16.0,2.8,0.8,1.0,0.6666666666666666,,28.8,18.7,21.9,1,1,0
France,2026-03-29,15:00,Friendlies (M),Friendlies (M),Sun,Neutral,W,3.0,1.0,Colombia,,60734.0,N'Golo Kanté,4-2-3-1,4-2-3-1,Víctor Rivas,,False,2,1851.92,9,1738.72,1,0,1,0,0,2,,,,,,,25.2854,51.531,,-7,1,3.0,13.0,19.0,2.8,0.8,1.0,0.6666666666666666,1.0,27.5,0.0,12.5,1,0,0
France,2026-06-04,21:10,Friendlies (M),Friendlies (M),Thu,Home,L,1.0,2.0,Côte d'Ivoire,,33636.0,Kylian Mbappé,4-2-3-1,4-2-2-2,Sebastian Gishamer,,False,2,1851.92,33,1509.12,0,0,0,0,0,0,,,,,,,48.8566,2.3522,,-31,1,67.0,13.0,22.0,2.8,1.0,1.0,0.6666666666666666,1.0,19.6,6.3,22.8,0,1,0
France,2026-06-08,21:10,Friendlies (M),Friendlies (M),Mon,Home,W,3.0,1.0,nir Northern Ireland,,43272.0,Kylian Mbappé,4-2-3-1,5-4-1,Sascha Stegemann,,False,2,1851.92,73,1339.64,2,2,0,0,8,1,,,,,,,48.8566,2.3522,,-71,1,4.0,12.0,22.0,2.6,1.0,0.75,0.6666666666666666,1.0,21.8,3.5,20.8,1,1,0
Germany,2025-09-04,20:45,WCQ,First round,Thu,Away,L,0.0,2.0,Slovakia,70.0,20013.0,Joshua Kimmich,4-2-3-1,4-3-3,Serdar Gözübüyük,,False,13,1692.19,42,1485.89,0,0,0,0,0,0,,,,,,,25.2854,51.531,,-29,1,,,,,,,,,36.5,0.0,12.9,0,0,1
Germany,2025-09-07,20:45,WCQ,First round,Sun,Home,W,3.0,1.0,nir Northern Ireland,80.0,43169.0,Joshua Kimmich,4-2-3-1,3-5-2,Espen Eskås,,False,13,1692.19,73,1339.64,0,0,0,0,0,0,,,,,,,52.52,13.405,,-60,1,3.0,0.0,0.0,0.0,2.0,,0.0,,21.3,0.0,10.9,1,0,0
Germany,2025-10-10,20:45,WCQ,First round,Fri,Home,W,4.0,0.0,Luxembourg,84.0,25249.0,Joshua Kimmich,4-2-3-1,4-5-1,Nenad Minaković,,False,13,1692.19,87,1261.95,0,0,0,0,0,0,,,,,,,52.52,13.405,,-74,1,33.0,3.0,3.0,1.5,1.5,1.0,0.0,,14.7,1.4,25.6,1,0,0
Germany,2025-10-13,19:45,WCQ,First round,Mon,Away,W,1.0,0.0,nir Northern Ireland,68.0,17926.0,Joshua Kimmich,4-4-1-1,5-4-1,Jesús Gil,,False,13,1692.19,73,1339.64,0,0,0,0,0,0,,,,,,,25.2854,51.531,,-60,1,3.0,6.0,6.0,2.333333333333333,1.0,1.0,0.0,,35.0,0.0,14.7,1,0,1
Germany,2025-11-14,20:45,WCQ,First round,Fri,Away,W,2.0,0.0,Luxembourg,65.0,9214.0,Jonathan Tah,4-3-3,4-1-4-1,John Brooks,,False,13,1692.19,87,1261.95,0,0,0,0,0,0,,,,,,,25.2854,51.531,,-74,1,32.0,9.0,9.0,2.0,0.75,1.0,0.5,,29.8,0.0,12.3,1,0,0
Germany,2025-11-17,20:45,WCQ,First round,Mon,Home,W,6.0,0.0,Slovakia,72.0,40120.0,Joshua Kimmich,4-2-3-1,4-3-3,François Letexier,,False,13,1692.19,42,1485.89,0,0,0,0,0,0,,,,,,,52.52,13.405,,-29,1,3.0,12.0,12.0,2.0,0.6,1.0,0.6666666666666666,,5.5,7.2,14.9,1,1,0
Germany,2026-03-27,20:45,Friendlies (M),Friendlies (M),Fri,Away,W,4.0,3.0,Switzerland,,37994.0,Joshua Kimmich,4-1-4-1,4-1-4-1,Chris Kavanagh,,False,13,1692.19,15,1641.0,2,0,1,1,3,5,,,,,,,25.2854,51.531,,-2,1,130.0,15.0,15.0,3.2,0.2,1.0,0.6666666666666666,,25.5,0.5,15.9,1,0,0
Germany,2026-03-30,20:45,Friendlies (M),Friendlies (M),Mon,Home,W,2.0,1.0,Ghana,,52723.0,Joshua Kimmich,4-2-3-1,5-4-1,Stuart Attwell,,False,13,1692.19,70,1360.43,2,1,0,1,3,2,,,,,,,52.52,13.405,,-57,1,3.0,15.0,18.0,3.4,0.6,1.0,0.75,,7.7,4.3,19.1,1,1,0
Germany,2026-05-31,20:45,Friendlies (M),Friendlies (M),Sun,Home,W,4.0,0.0,Finland,,25122.0,Joshua Kimmich,4-2-3-1,4-5-1,Matheus Candançan,,False,13,1692.19,64,1384.36,0,0,0,0,0,0,,,,,,,52.52,13.405,,-51,1,62.0,15.0,21.0,3.0,0.8,1.0,0.75,,22.4,1.1,13.0,1,0,0
Germany,2026-06-06,13:30,Friendlies (M),Friendlies (M),Sat,Away,W,2.0,1.0,United States,,63636.0,Joshua Kimmich,4-2-3-1,4-2-3-1,Piero Maza,,False,13,1692.19,18,1632.19,7,4,3,0,11,10,,,,,,,38.9072,-77.0369,,-5,1,6.0,15.0,24.0,3.6,0.8,1.0,0.75,,33.0,5.1,19.4,1,1,1
Ghana,2023-11-17,16:00,WCQ,First round,Fri,Home,W,1.0,0.0,Madagascar,,,Richard Ofori,4-2-3-1,4-1-4-1,Samir Guezzaz,,False,60,1394.74,108,1188.57,0,0,0,0,0,0,,,,,,,25.2854,51.531,,-48,1,,,,,,,,,28.0,3.1,22.7,1,1,0
Ghana,2023-11-21,19:00,WCQ,First round,Tue,Away,L,0.0,1.0,Comoros,,,André Ayew,4-2-3-1,4-1-4-1,Abdel Aziz Mohamed Bouh,,False,60,1394.74,128,1125.57,0,0,0,0,0,0,,,,,,,25.2854,51.531,,-68,1,4.0,3.0,3.0,1.0,0.0,1.0,,,30.6,1.9,25.4,0,0,1
Ghana,2024-06-06,19:00,WCQ,First round,Thu,Away,W,2.0,1.0,Mali,,,Thomas Partey,3-4-3,4-1-3-2,Amin Omar,,False,68,1358.77,44,1477.9,0,0,0,0,0,0,,,,,,,25.2854,51.531,,24,0,198.0,3.0,3.0,0.5,0.5,1.0,0.0,,39.3,0.0,18.9,1,0,1
Ghana,2024-06-10,19:00,WCQ,First round,Mon,Home,W,4.0,3.0,CAR,,,Thomas Partey,4-2-3-1,4-2-2-2,Ahmed Abdulrazg,,False,68,1358.77,128,1128.17,0,0,0,0,0,0,,,,,,,25.2854,51.531,,-60,1,4.0,6.0,6.0,1.0,0.6666666666666666,1.0,0.5,,39.7,0.0,16.8,1,0,1
Ghana,2025-03-21,19:00,WCQ,First round,Fri,Home,W,5.0,0.0,Chad,,,Jordan Ayew,4-1-4-1,4-2-3-1,Ahmed Abdulrazg,,False,70,1360.43,177,932.44,0,0,0,0,0,0,,,,,,,25.2854,51.531,,-107,1,284.0,9.0,9.0,1.75,1.25,1.0,0.5,,33.5,0.0,17.1,1,0,1
Ghana,2025-03-24,19:00,WCQ,First round,Mon,Neutral,W,3.0,0.0,Madagascar,,,Jordan Ayew,3-4-3,4-2-3-1,Issa Sy,,False,70,1360.43,108,1196.56,0,0,0,0,0,0,,,,,,,25.2854,51.531,,-38,1,3.0,12.0,12.0,2.4,1.0,1.0,0.5,,24.5,0.0,26.9,1,0,0
Ghana,2025-09-04,14:00,WCQ,First round,Thu,Away,D,1.0,1.0,Chad,,,Jordan Ayew,4-2-3-1,4-1-4-1,Celso Alvação,,False,70,1360.43,177,932.44,0,0,0,0,0,0,,,,,,,25.2854,51.531,,-107,1,164.0,12.0,15.0,2.8,1.0,1.0,0.5,1.0,36.5,0.0,12.9,0,0,1
Ghana,2025-09-08,19:00,WCQ,First round,Mon,Home,W,1.0,0.0,Mali,,,Jordan Ayew,3-4-3,4-2-3-1,Luxolo Badi,,False,70,1360.43,54,1455.16,0,0,0,0,0,0,,,,,,,25.2854,51.531,,16,0,4.0,13.0,16.0,3.0,1.0,1.0,0.3333333333333333,1.0,44.9,0.0,18.8,1,0,1
Ghana,2025-10-08,17:00,WCQ,First round,Wed,Neutral,W,5.0,0.0,CAR,,,Jordan Ayew,4-2-3-1,4-5-1,Patrice Milazar,,False,70,1360.43,128,1130.7,0,0,0,0,0,0,,,,,,,25.2854,51.531,,-58,1,30.0,13.0,19.0,2.8,0.8,1.0,0.3333333333333333,1.0,35.9,0.0,11.1,1,0,1
Ghana,2025-10-12,19:00,WCQ,First round,Sun,Home,W,1.0,0.0,Comoros,,,Jordan Ayew,3-4-3,5-3-2,Pierre Ghislain Atcho,,False,70,1360.43,118,1159.64,0,0,0,0,0,0,,,,,,,25.2854,51.531,,-48,1,4.0,13.0,22.0,3.0,0.2,1.0,0.3333333333333333,1.0,34.2,0.0,11.8,1,0,1
Ghana,2026-03-27,18:00,Friendlies (M),Friendlies (M),Fri,Away,L,1.0,5.0,Austria,,40200.0,Jordan Ayew,4-2-3-1,4-2-3-1,Mohammed Khaled Al Hoish,,False,70,1360.43,22,1580.37,0,0,0,0,0,0,,,,,,,25.2854,51.531,,48,0,166.0,13.0,25.0,2.2,0.2,1.0,0.3333333333333333,1.0,25.5,0.5,15.9,0,0,0
Ghana,2026-03-30,20:45,Friendlies (M),Friendlies (M),Mon,Away,L,1.0,2.0,Germany,,52723.0,Jordan Ayew,5-4-1,4-2-3-1,Stuart Attwell,,False,70,1360.43,13,1692.19,2,0,1,1,2,3,,,,,,,52.52,13.405,,57,0,3.0,10.0,22.0,1.8,1.2,1.0,0.25,1.0,7.7,4.3,19.1,0,1,0
Ghana,2026-05-22,20:00,Friendlies (M),Friendlies (M),Fri,Away,L,0.0,2.0,Mexico,,41235.0,Majeed Ashimeru,4-1-4-1,4-2-3-1,Selvin Brown,,False,70,1360.43,17,1635.66,0,0,0,0,0,0,,,,,,,19.4326,-99.1332,,53,0,53.0,9.0,22.0,1.8,1.4,1.0,0.2,1.0,25.4,2.5,9.0,0,1,0
Ghana,2026-06-02,19:45,Friendlies (M),Friendlies (M),Tue,Away,D,1.0,1.0,wls Wales,,11806.0,Jordan Ayew,4-2-3-1,4-2-3-1,Oscar Johnson,,False,70,1360.43,29,1526.53,0,0,0,0,0,0,,,,,,,25.2854,51.531,,41,0,11.0,6.0,19.0,1.6,1.8,1.0,0.1666666666666666,1.0,44.8,0.0,17.1,0,0,1
Haiti,2024-06-06,17:00,WCQ,Second round,Thu,Home,W,2.0,1.0,St. Lucia,,,Johny Placide,4-4-2,5-4-1,Ismail Elfath,,False,90,1262.5,173,965.66,0,0,0,0,0,0,,,,,,,25.2854,51.531,,-83,1,,,,,,,,,39.3,0.0,18.9,1,0,1
Haiti,2024-06-09,17:00,WCQ,Second round,Sun,Away,W,3.0,1.0,Barbados,,,Johny Placide,4-4-2,5-4-1,Keylor Herrera,,False,90,1262.5,177,943.8,0,0,0,0,0,0,,,,,,,25.2854,51.531,,-87,1,3.0,3.0,3.0,2.0,1.0,1.0,,,37.0,0.0,18.0,1,0,1
Haiti,2025-06-07,17:00,WCQ,Second round,Sat,Away,W,5.0,0.0,Aruba,,673.0,Johny Placide,4-3-3,3-5-2,Luis Enrique Santander,,False,86,1278.56,194,868.4,0,0,0,0,0,0,,,,,,,25.2854,51.531,,-108,1,363.0,6.0,6.0,2.5,1.0,1.0,1.0,,37.8,0.0,17.2,1,0,1
Haiti,2025-06-11,00:00,WCQ,Second round,Wed,Home,L,1.0,5.0,Curaçao,,1115.0,Johny Placide,4-3-3,4-2-3-1,Steven Madrigal,,False,86,1278.56,88,1261.38,0,0,0,0,0,0,,,,,,,25.2854,51.531,,-2,1,4.0,9.0,9.0,3.333333333333333,0.6666666666666666,1.0,1.0,,40.5,0.0,13.1,0,0,1
Haiti,2025-09-05,20:00,WCQ,Third round,Fri,Home,D,0.0,0.0,Honduras,,,Ricardo Adé,4-3-3,3-4-3,Pierre-Luc Lauzière,,False,86,1278.56,77,1311.3,0,0,0,0,0,0,,,,,,,25.2854,51.531,,9,0,86.0,9.0,9.0,2.75,1.75,0.5,1.0,,39.8,0.1,16.5,0,0,1
Haiti,2025-09-09,20:00,WCQ,Third round,Tue,Away,D,3.0,3.0,Costa Rica,,,Ricardo Adé,4-4-2,5-3-2,Tori Penso,,False,86,1278.56,50,1466.08,0,0,0,0,0,0,,,,,,,25.2854,51.531,,36,0,4.0,10.0,10.0,2.2,1.4,0.3333333333333333,1.0,,43.9,0.0,19.8,0,0,1
Haiti,2025-10-09,18:00,WCQ,Third round,Thu,Away,W,3.0,0.0,Nicaragua,,,Johny Placide,4-4-2,4-1-4-1,Víctor Cáceres,,False,86,1278.56,131,1118.04,0,0,0,0,0,0,,,,,,,25.2854,51.531,,-45,1,30.0,8.0,11.0,2.4,1.8,0.3333333333333333,0.6666666666666666,,35.5,0.0,13.5,1,0,1
Haiti,2025-10-13,18:00,WCQ,Third round,Mon,Away,L,0.0,3.0,Honduras,,15675.0,Johny Placide,4-4-2,4-1-4-1,Oshane Nation,,False,86,1278.56,77,1311.3,0,0,0,0,0,0,,,,,,,25.2854,51.531,,9,0,4.0,8.0,14.0,2.4,1.6,0.3333333333333333,0.75,,35.0,0.0,14.7,0,0,1
Haiti,2025-11-13,22:00,WCQ,Third round,Thu,Home,W,1.0,0.0,Costa Rica,,,Johny Placide,4-2-3-1,5-4-1,Joe Dickerson,,False,86,1278.56,50,1466.08,0,0,0,0,0,0,,,,,,,25.2854,51.531,,36,0,31.0,5.0,14.0,1.4,2.2,0.3333333333333333,0.6,,29.5,0.0,14.1,1,0,0
Haiti,2025-11-18,21:00,WCQ,Third round,Tue,Home,W,2.0,0.0,Nicaragua,,,Johny Placide,4-2-3-1,4-2-3-1,Mario Escobar,,False,86,1278.56,131,1118.04,0,0,0,0,0,0,,,,,,,25.2854,51.531,,-45,1,5.0,8.0,17.0,1.4,1.2,0.5,0.6,,32.8,0.0,22.2,1,0,1
Haiti,2026-03-28,20:00,Friendlies (M),Friendlies (M),Sat,Neutral,L,0.0,1.0,Tunisia,,13408.0,Ricardo Adé,4-2-3-1,4-2-3-1,Pierre-Luc Lauzière,,False,86,1278.56,36,1504.86,0,0,0,0,0,0,,,,,,,25.2854,51.531,,50,0,130.0,10.0,20.0,1.8,1.2,0.6,0.6,,24.1,0.0,17.7,0,0,0
Haiti,2026-03-31,13:30,Friendlies (M),Friendlies (M),Tue,Neutral,D,1.0,1.0,Iceland,,,Ricardo Adé,4-2-2-2,4-2-3-1,Carly Shaw-MacLaren,,False,86,1278.56,71,1355.75,0,0,0,0,0,0,,,,,,,25.2854,51.531,,15,0,3.0,9.0,17.0,1.2,0.8,0.6,0.6,0.0,23.8,16.9,17.3,0,1,0
Haiti,2026-06-02,20:36,Friendlies (M),Friendlies (M),Tue,Neutral,W,4.0,0.0,New Zealand,,,Johny Placide,4-2-2-2,4-2-3-1,Rubiel Vázquez,,False,86,1278.56,103,1199.04,0,0,0,0,0,0,,,,,,,25.2854,51.531,,-17,1,63.0,7.0,15.0,0.8,1.0,0.6,0.6,0.0,44.8,0.0,17.1,1,0,1
Haiti,2026-06-05,20:00,Friendlies (M),Friendlies (M),Fri,Neutral,L,1.0,2.0,Peru,,,Johny Placide,4-2-2-2,4-2-3-1,Filip Dujic,,False,86,1278.56,43,1483.2,0,0,0,0,0,0,,,,,,,25.2854,51.531,,43,0,3.0,10.0,15.0,1.6,0.4,0.6,0.6,0.3333333333333333,42.8,0.0,29.3,0,0,1
Haiti,2026-06-13,21:00,World Cup,Group stage,Sat,Neutral,L,0.0,1.0,sct Scotland,54.0,64146.0,Johny Placide,4-2-2-2,4-2-2-2,Mustapha Ghorbal,,False,86,1278.56,52,1461.75,0,0,0,0,0,0,,,,,,,25.2854,51.531,,34,0,8.0,7.0,15.0,1.6,0.8,0.6,0.6,0.25,40.8,0.0,23.3,0,0,1
IR Iran,2023-11-16,18:00,WCQ,Second round,Thu,Home,W,4.0,0.0,Hong Kong,,6193.0,Ehsan Hajsafi,4-2-3-1,3-4-3,Nazmi Nasaruddin,,False,21,1567.3,146,1062.39,0,0,0,0,0,0,,,,,,,25.2854,51.531,,-125,1,,,,,,,,,29.6,2.1,25.7,1,1,0
IR Iran,2023-11-21,18:00,WCQ,Second round,Tue,Away,D,2.0,2.0,Uzbekistan,,32551.0,Sardar Azmoun,4-1-4-1,3-4-3,Mohammed Abdulla Hassan,,False,21,1567.3,73,1333.09,0,0,0,0,0,0,,,,,,,25.2854,51.531,,-52,1,5.0,3.0,3.0,4.0,0.0,1.0,,,30.6,1.9,25.4,0,0,1
IR Iran,2024-03-21,20:30,WCQ,Second round,Thu,Home,W,5.0,0.0,Turkmenistan,,23109.0,Mehdi Taremi,4-1-3-2,4-2-3-1,Yūsuke Araki,,False,20,1608.23,141,1078.25,0,0,0,0,0,0,,,,,,,25.2854,51.531,,-121,1,121.0,4.0,4.0,3.0,1.0,1.0,0.0,,27.5,0.0,32.7,1,0,0
IR Iran,2024-03-26,20:00,WCQ,Second round,Tue,Away,W,1.0,0.0,Turkmenistan,,10230.0,Mehdi Taremi,4-2-2-2,4-1-4-1,Sivakorn Pu-udom,,False,20,1608.23,141,1078.25,0,0,0,0,0,0,,,,,,,25.2854,51.531,,-121,1,5.0,7.0,7.0,3.6666666666666665,0.6666666666666666,1.0,0.0,,25.0,0.0,33.8,1,0,0
IR Iran,2024-06-06,20:00,WCQ,Second round,Thu,Away,W,4.0,2.0,Hong Kong,,9992.0,Alireza Jahanbakhsh,4-2-2-2,4-2-2-2,Qasim Matar Al Hatmi,,False,20,1613.96,146,1062.39,0,0,0,0,0,0,,,,,,,25.2854,51.531,,-126,1,72.0,10.0,10.0,3.0,0.5,1.0,0.5,,39.3,0.0,18.9,1,0,1
IR Iran,2024-06-11,21:30,WCQ,Second round,Tue,Home,D,0.0,0.0,Uzbekistan,,15468.0,Alireza Jahanbakhsh,4-2-3-1,3-4-3,Kim Jonghyeok,,False,20,1613.96,64,1386.58,0,0,0,0,0,0,,,,,,,25.2854,51.531,,-44,1,5.0,13.0,13.0,3.2,0.8,1.0,0.6666666666666666,,45.2,0.0,17.6,0,0,1
IR Iran,2024-09-05,20:30,WCQ,Third round,Thu,Home,W,1.0,0.0,Kyrgyz Republic,67.0,12077.0,Mehdi Taremi,4-2-3-1,5-3-2,Yūsuke Araki,,False,20,1611.16,102,1213.58,0,0,0,0,0,0,,,,,,,25.2854,51.531,,-82,1,86.0,11.0,14.0,2.4,0.8,0.6666666666666666,0.6666666666666666,,39.5,0.0,23.7,1,0,1
IR Iran,2024-09-10,20:00,WCQ,Third round,Tue,Away,W,1.0,0.0,UAE,40.0,17826.0,Alireza Jahanbakhsh,4-2-3-1,4-1-4-1,Kim Jonghyeok,,False,20,1611.16,69,1368.84,0,0,0,0,0,0,,,,,,,25.2854,51.531,,-49,1,5.0,13.0,17.0,2.2,0.4,0.75,0.6666666666666666,,45.0,0.0,21.7,1,0,1
IR Iran,2024-10-10,19:00,WCQ,Third round,Thu,Away,D,0.0,0.0,Uzbekistan,56.0,33829.0,Alireza Beiranvand,4-2-3-1,5-4-1,Shaun Evans,,False,19,1622.92,60,1413.06,0,0,0,0,0,0,,,,,,,25.2854,51.531,,-41,1,30.0,13.0,20.0,1.4,0.4,0.75,0.75,,35.6,0.0,20.7,0,0,1
IR Iran,2024-10-15,19:30,WCQ,Third round,Tue,Neutral,W,4.0,1.0,Qatar,46.0,7890.0,Mehdi Taremi,4-2-3-1,4-4-1-1,Yūsuke Araki,,False,19,1622.92,44,1481.69,0,0,0,0,0,0,,,,,,,25.2854,51.531,,-25,1,5.0,11.0,21.0,1.2,0.4,0.75,0.6,,35.3,0.0,19.8,1,0,1
IR Iran,2024-11-14,19:00,WCQ,Third round,Thu,Neutral,W,3.0,2.0,Korea DPR,49.0,150.0,Mehdi Taremi,4-2-3-1,4-2-2-2,Sadullo Gulmurodi,,False,19,1622.92,111,1183.02,0,0,0,0,0,0,,,,,,,25.2854,51.531,,-92,1,30.0,11.0,24.0,1.2,0.2,0.75,0.6,1.0,32.0,0.0,18.2,1,0,1
IR Iran,2024-11-19,20:00,WCQ,Third round,Tue,Away,W,3.0,2.0,Kyrgyz Republic,61.0,10021.0,Mehdi Taremi,4-2-3-1,3-4-3,Ma Ning,,False,19,1622.92,106,1201.11,0,0,0,0,0,0,,,,,,,25.2854,51.531,,-87,1,5.0,13.0,24.0,1.8,0.6,0.75,0.6,1.0,30.8,0.0,12.7,1,0,1
IR Iran,2025-03-20,19:30,WCQ,Third round,Thu,Home,W,2.0,0.0,UAE,56.0,20469.0,Alireza Jahanbakhsh,4-2-3-1,5-4-1,Ko Hyungjin,,False,19,1622.92,69,1377.22,0,0,0,0,0,0,,,,,,,25.2854,51.531,,-50,1,121.0,13.0,26.0,2.2,1.0,0.75,0.6666666666666666,1.0,29.6,0.0,14.3,1,0,0
IR Iran,2025-03-25,19:30,WCQ,Third round,Tue,Home,D,2.0,2.0,Uzbekistan,61.0,36702.0,Alireza Jahanbakhsh,4-2-3-1,3-4-3,Ahmed Abu Bakar Al Kaf,,False,19,1622.92,60,1413.06,0,0,0,0,0,0,,,,,,,25.2854,51.531,,-41,1,5.0,13.0,26.0,2.4,1.0,0.8,0.6666666666666666,1.0,24.0,0.0,25.1,0,0,0
IR Iran,2025-06-05,21:15,WCQ,Third round,Thu,Away,L,0.0,1.0,Qatar,48.0,8925.0,Mehdi Taremi,4-2-3-1,4-2-3-1,Mohammed Khaled Al Hoish,,False,19,1622.92,44,1481.69,0,0,0,0,0,0,,,,,,,25.2854,51.531,,-25,1,72.0,13.0,24.0,2.8,1.4,0.6666666666666666,0.6666666666666666,1.0,39.0,0.0,22.1,0,0,1
IR Iran,2025-06-10,19:30,WCQ,Third round,Tue,Home,W,3.0,0.0,Korea DPR,69.0,16803.0,Mehdi Taremi,4-1-4-1,4-2-3-1,Nazmi Nasaruddin,,False,19,1622.92,111,1183.02,0,0,0,0,0,0,,,,,,,25.2854,51.531,,-92,1,5.0,10.0,21.0,2.0,1.4,0.6666666666666666,0.5714285714285714,1.0,37.8,0.0,13.6,1,0,1
IR Iran,2026-05-29,18:30,Friendlies (M),Friendlies (M),Fri,Neutral,W,3.0,1.0,Gambia,,,Ehsan Hajsafi,4-2-3-1,5-4-1,Atilla Karaoğlan,,False,19,1622.92,124,1137.47,0,0,0,0,0,0,,,,,,,25.2854,51.531,,-105,1,353.0,10.0,23.0,2.0,1.0,0.7142857142857143,0.5714285714285714,1.0,45.8,0.0,12.8,1,0,1
IR Iran,2026-06-04,19:30,Friendlies (M),Friendlies (M),Thu,Neutral,W,2.0,0.0,Mali,,,,,,,,False,19,1622.92,54,1455.16,0,0,0,0,0,0,,,,,,,25.2854,51.531,,-35,1,6.0,10.0,23.0,2.0,0.8,0.7142857142857143,0.5714285714285714,1.0,44.2,0.0,24.1,1,0,1
Iraq,2023-11-16,17:45,WCQ,Second round,Thu,Home,W,5.0,1.0,Indonesia,,64447.0,Jalal Hassan,4-2-3-1,3-4-3,Ahmed Eisa Darwish,,False,68,1349.73,145,1069.82,0,0,0,0,0,0,,,,,,,25.2854,51.531,,-77,1,,,,,,,,,29.6,2.1,25.7,1,1,0
Iraq,2023-11-21,19:00,WCQ,Second round,Tue,Away,W,1.0,0.0,Vietnam,,20568.0,Jalal Hassan,4-2-3-1,3-4-3,Abdulla Ali Al Athba,,False,68,1349.73,94,1236.25,0,0,0,0,0,0,,,,,,,25.2854,51.531,,-26,1,5.0,3.0,3.0,5.0,1.0,1.0,,,30.6,1.9,25.4,1,0,1
Iraq,2024-03-21,22:00,WCQ,Second round,Thu,Home,W,1.0,0.0,Philippines,,63750.0,Jalal Hassan,4-2-3-1,4-4-2,Abdullah Jamali,,False,59,1409.44,139,1086.17,0,0,0,0,0,0,,,,,,,25.2854,51.531,,-80,1,121.0,6.0,6.0,3.0,0.5,1.0,1.0,,27.5,0.0,32.7,1,0,0
Iraq,2024-03-26,19:00,WCQ,Second round,Tue,Away,W,5.0,0.0,Philippines,,10014.0,Jalal Hassan,4-2-3-1,5-3-2,Nazmi Nasaruddin,,False,59,1409.44,139,1086.17,0,0,0,0,0,0,,,,,,,25.2854,51.531,,-80,1,5.0,9.0,9.0,2.333333333333333,0.3333333333333333,1.0,1.0,,25.0,0.0,33.8,1,0,0
Iraq,2024-06-06,16:00,WCQ,Second round,Thu,Away,W,2.0,0.0,Indonesia,,60245.0,Jalal Hassan,4-2-3-1,3-4-3,Shaun Evans,,False,58,1420.47,134,1102.7,0,0,0,0,0,0,,,,,,,25.2854,51.531,,-76,1,72.0,12.0,12.0,3.0,0.25,1.0,1.0,,39.3,0.0,18.9,1,0,1
Iraq,2024-06-11,21:00,WCQ,Second round,Tue,Home,W,3.0,1.0,Vietnam,,42791.0,Jalal Hassan,4-2-3-1,5-4-1,Omar Mohamed Al Ali,,False,58,1420.47,115,1164.54,0,0,0,0,0,0,,,,,,,25.2854,51.531,,-57,1,5.0,15.0,15.0,2.8,0.2,1.0,1.0,,45.2,0.0,17.6,1,0,1
Iraq,2024-09-05,19:00,WCQ,Third round,Thu,Home,W,1.0,0.0,Oman,42.0,63720.0,Jalal Hassan,4-2-3-1,4-2-3-1,Khalid Saleh Al Turais,,False,55,1433.07,76,1326.18,0,0,0,0,0,0,,,,,,,25.2854,51.531,,-21,1,86.0,15.0,18.0,2.4,0.2,1.0,1.0,,39.5,0.0,23.7,1,0,1
Iraq,2024-09-10,21:00,WCQ,Third round,Tue,Away,D,0.0,0.0,Kuwait,41.0,58000.0,Jalal Hassan,3-4-1-2,5-4-1,Hiroyuki Kimura,,False,55,1433.07,136,1098.42,0,0,0,0,0,0,,,,,,,25.2854,51.531,,-81,1,5.0,15.0,21.0,2.4,0.2,1.0,1.0,,45.0,0.0,21.7,0,0,1
Iraq,2024-10-10,21:00,WCQ,Third round,Thu,Home,W,1.0,0.0,Palestine,59.0,44773.0,Jalal Hassan,4-2-3-1,4-2-2-2,Adel Ali Al Naqbi,,False,55,1435.9,98,1228.99,0,0,0,0,0,0,,,,,,,25.2854,51.531,,-43,1,30.0,13.0,22.0,2.2,0.2,1.0,0.75,,35.6,0.0,20.7,1,0,1
Iraq,2024-10-15,20:00,WCQ,Third round,Tue,Away,L,2.0,3.0,Korea Republic,24.0,35198.0,Jalal Hassan,4-2-3-1,4-2-3-1,Rustam Lutfullin,,False,55,1435.9,23,1572.61,0,0,0,0,0,0,,,,,,,25.2854,51.531,,32,0,5.0,13.0,25.0,1.4,0.2,1.0,0.75,,35.3,0.0,19.8,0,0,1
Iraq,2024-11-14,19:15,WCQ,Third round,Thu,Home,D,0.0,0.0,Jordan,59.0,65000.0,Saad Abdul-Amir,4-2-3-1,3-4-3,Mohammed Khaled Al Hoish,,False,55,1435.9,68,1377.52,0,0,0,0,0,0,,,,,,,25.2854,51.531,,-13,1,30.0,10.0,25.0,1.4,0.8,1.0,0.6,,32.0,0.0,18.2,0,0,1
Iraq,2024-11-19,20:00,WCQ,Third round,Tue,Away,W,1.0,0.0,Oman,42.0,26377.0,Ahmed Yasin Ghani,4-2-3-1,4-2-3-1,Omar Mohamed Al Ali,,False,55,1435.9,78,1309.27,0,0,0,0,0,0,,,,,,,25.2854,51.531,,-23,1,5.0,8.0,23.0,0.8,0.6,0.8333333333333334,0.6,,30.8,0.0,12.7,1,0,1
Iraq,2025-03-20,21:15,WCQ,Third round,Thu,Home,D,2.0,2.0,Kuwait,62.0,45851.0,Ayman Hussein,4-2-2-2,4-1-4-1,Ma Ning,,False,55,1435.9,134,1111.62,0,0,0,0,0,0,,,,,,,25.2854,51.531,,-79,1,121.0,8.0,23.0,0.8,0.6,0.8333333333333334,0.6666666666666666,,29.6,0.0,14.3,0,0,0
Iraq,2025-03-25,21:15,WCQ,Third round,Tue,Away,L,1.0,2.0,Palestine,46.0,7305.0,Ayman Hussein,3-4-3,4-2-3-1,Khalid Saleh Al Turais,,False,55,1435.9,98,1228.99,0,0,0,0,0,0,,,,,,,25.2854,51.531,,-43,1,5.0,8.0,21.0,1.2,1.0,0.7142857142857143,0.6666666666666666,,24.0,0.0,25.1,0,0,0
Iraq,2025-06-05,21:15,WCQ,Third round,Thu,Home,L,0.0,2.0,Korea Republic,24.0,55972.0,Jalal Hassan,4-2-3-1,4-2-3-1,Yūsuke Araki,,False,55,1435.9,23,1572.61,0,0,0,0,0,0,,,,,,,25.2854,51.531,,32,0,72.0,5.0,18.0,1.2,1.4,0.7142857142857143,0.5714285714285714,,39.0,0.0,22.1,0,0,1
Iraq,2025-06-10,21:15,WCQ,Third round,Tue,Away,W,1.0,0.0,Jordan,59.0,15502.0,Jalal Hassan,4-2-3-1,3-4-3,Omar Mohamed Al Ali,,False,55,1435.9,68,1377.52,0,0,0,0,0,0,,,,,,,25.2854,51.531,,-13,1,5.0,5.0,15.0,0.8,1.2,0.625,0.5714285714285714,,37.8,0.0,13.6,1,0,1
Iraq,2025-10-11,22:30,WCQ,Fourth round,Sat,Home,W,1.0,0.0,Indonesia,45.0,14687.0,Jalal Hassan,4-2-2-2,4-2-3-1,Ma Ning,,False,55,1435.9,129,1124.17,0,0,0,0,0,0,,,,,,,25.2854,51.531,,-74,1,123.0,7.0,15.0,1.0,1.2,0.625,0.625,,36.3,0.0,21.0,1,0,1
Iraq,2025-10-14,21:45,WCQ,Fourth round,Tue,Away,D,0.0,0.0,Saudi Arabia,38.0,60816.0,Jalal Hassan,4-2-3-1,4-2-3-1,Adham Makhadmeh,,False,55,1435.9,56,1433.16,0,0,0,0,0,0,,,,,,,24.7136,46.6753,,-1,1,3.0,7.0,15.0,1.0,1.2,0.6666666666666666,0.625,,33.8,0.0,13.5,0,0,1
Iraq,2025-11-13,20:00,WCQ,Fifth round,Thu,Away,D,1.0,1.0,UAE,49.0,32008.0,Jalal Hassan,4-2-2-2,4-2-3-1,Shaun Evans,Leg 1 of 2,False,55,1435.9,69,1377.22,0,0,0,0,0,0,,,,,,,25.2854,51.531,,-14,1,30.0,7.0,15.0,0.6,0.8,0.6666666666666666,0.5555555555555556,,29.5,0.0,14.1,0,0,0
Iraq,2025-11-18,19:00,WCQ,Fifth round,Tue,Home,W,2.0,1.0,UAE,50.0,62444.0,Jalal Hassan,4-2-3-1,4-2-3-1,Yūsuke Araki,Leg 2 of 2; Iraq won,False,55,1435.9,69,1377.22,0,0,0,0,0,0,,,,,,,25.2854,51.531,,-14,1,5.0,8.0,13.0,0.6,0.6,0.6666666666666666,0.5,,32.8,0.0,22.2,1,0,1
Iraq,2026-03-31,21:00,WCQ Play-offs,WCQ — Inter-confederation play-offs finals (M),Tue,Neutral,W,2.0,1.0,Bolivia,,49286.0,Ayman Hussein,4-1-3-2,4-1-4-1,Iván Barton,,False,55,1435.9,83,1293.76,0,0,0,0,0,0,,,,,,,25.2854,51.531,,-28,1,133.0,11.0,16.0,1.0,0.4,0.7,0.5,,23.8,16.9,17.3,1,1,0
Iraq,2026-05-29,18:00,Friendlies (M),Friendlies (M),Fri,Neutral,W,1.0,0.0,Andorra,,,Mohanad Ali,4-2-2-2,5-4-1,Ricardo de Burgos,,False,55,1435.9,169,981.7,0,0,0,0,0,0,,,,,,,25.2854,51.531,,-114,1,59.0,11.0,18.0,1.2,0.6,0.7,0.5,1.0,45.8,0.0,12.8,1,0,1
Iraq,2026-06-04,21:00,Friendlies (M),Friendlies (M),Thu,Away,D,1.0,1.0,Spain,,30423.0,Ibrahim Bayesh,4-2-2-2,4-1-4-1,Florian Badstübner,,False,55,1435.9,3,1836.42,0,0,0,0,0,0,,,,,,,40.4168,-3.7038,,52,0,6.0,11.0,18.0,1.2,0.6,0.7,0.5,1.0,28.5,0.0,17.5,0,0,0
Iraq,2026-06-09,20:00,Friendlies (M),Friendlies (M),Tue,Neutral,L,0.0,2.0,Venezuela,,,Jalal Hassan,4-2-2-2,4-2-3-1,Filip Dujic,,False,55,1435.9,40,1488.56,0,0,0,0,0,0,,,,,,,25.2854,51.531,,15,0,5.0,11.0,18.0,1.4,0.8,0.7,0.4545454545454545,1.0,44.1,0.0,16.3,0,0,1
Japan,2023-11-16,19:02,WCQ,Second round,Thu,Home,W,5.0,0.0,Myanmar,,34484.0,Yuta Nakayama,4-1-4-1,5-4-1,Taqi Aljaafari,,False,18,1612.99,158,1011.73,0,0,0,0,0,0,,,,,,,35.6762,139.6503,,-140,1,,,,,,,,,17.1,0.1,15.0,1,0,0
Japan,2023-11-21,17:45,WCQ,Second round,Tue,Away,W,5.0,0.0,Syria,,6130.0,Wataru Endo,4-2-3-1,4-1-4-1,Ma Ning,,False,18,1612.99,92,1239.37,0,0,0,0,0,0,,,,,,,25.2854,51.531,,-74,1,5.0,3.0,3.0,5.0,0.0,1.0,,,30.6,1.9,25.4,1,0,1
Japan,2024-03-21,19:23,WCQ,Second round,Thu,Home,W,1.0,0.0,Korea DPR,,59354.0,Ko Itakura,4-2-3-1,4-2-2-2,Adel Ali Al Naqbi,,False,18,1614.33,114,1168.12,0,0,0,0,0,0,,,,,,,35.6762,139.6503,,-96,1,121.0,6.0,6.0,5.0,0.0,1.0,1.0,,9.4,0.0,45.9,1,0,0
Japan,2024-03-26,17:00,WCQ,Second round,Tue,Away,W,3.0,0.0,Korea DPR,,,,,,Abdulrahman Ibrahim Al Jassim,Match awarded to Japan,False,18,1614.33,114,1168.12,0,0,0,0,0,0,,,,,,,25.2854,51.531,,-96,1,5.0,9.0,9.0,3.6666666666666665,0.0,1.0,1.0,,25.0,0.0,33.8,1,0,0
Japan,2024-06-06,18:40,WCQ,Second round,Thu,Away,W,5.0,0.0,Myanmar,,21200.0,Shogo Taniguchi,3-4-3,5-4-1,Majed Mohammed Al Shamrani,,False,18,1621.88,163,999.46,0,0,0,0,0,0,,,,,,,25.2854,51.531,,-145,1,72.0,12.0,12.0,3.5,0.0,1.0,1.0,,39.3,0.0,18.9,1,0,1
Japan,2024-06-11,19:14,WCQ,Second round,Tue,Home,W,5.0,0.0,Syria,,26650.0,Wataru Endo,4-2-3-1,4-2-2-2,Ahmad Al Ali,,False,18,1621.88,89,1266.52,0,0,0,0,0,0,,,,,,,35.6762,139.6503,,-71,1,5.0,15.0,15.0,3.8,0.0,1.0,1.0,,27.1,0.0,27.0,1,0,0
Japan,2024-09-05,19:35,WCQ,Third round,Thu,Home,W,7.0,0.0,China PR,77.0,52398.0,Wataru Endo,3-4-3,4-2-2-2,Abdulrahman Ibrahim Al Jassim,,False,18,1628.81,87,1267.51,0,0,0,0,0,0,,,,,,,35.6762,139.6503,,-69,1,86.0,15.0,18.0,3.8,0.0,1.0,1.0,,29.7,0.0,14.6,1,0,0
Japan,2024-09-10,19:00,WCQ,Third round,Tue,Away,W,5.0,0.0,Bahrain,76.0,22729.0,Wataru Endo,3-4-3,4-2-3-1,Rustam Lutfullin,,False,18,1628.81,80,1302.86,0,0,0,0,0,0,,,,,,,25.2854,51.531,,-62,1,5.0,15.0,21.0,4.2,0.0,1.0,1.0,,45.0,0.0,21.7,1,0,1
Japan,2024-10-10,21:00,WCQ,Third round,Thu,Away,W,2.0,0.0,Saudi Arabia,43.0,56283.0,Wataru Endo,3-4-3,4-1-4-1,Kim Jonghyeok,,False,16,1639.6,56,1433.16,0,0,0,0,0,0,,,,,,,24.7136,46.6753,,-40,1,30.0,15.0,24.0,5.0,0.0,1.0,1.0,,36.3,0.0,10.8,1,0,1
Japan,2024-10-15,19:35,WCQ,Third round,Tue,Home,D,1.0,1.0,Australia,65.0,58730.0,Hidemasa Morita,3-4-3,5-4-1,Ahmad Al Ali,,False,16,1639.6,25,1544.3,2,1,1,0,2,3,,,,,,,35.6762,139.6503,,-9,1,5.0,15.0,27.0,4.8,0.0,1.0,1.0,,25.8,0.0,14.8,0,0,0
Japan,2024-11-15,19:00,WCQ,Third round,Fri,Away,W,4.0,0.0,Indonesia,66.0,60304.0,Wataru Endo,3-4-3,5-3-2,Mooud Bonyadifard,,False,16,1639.6,129,1124.17,0,0,0,0,0,0,,,,,,,25.2854,51.531,,-113,1,31.0,13.0,28.0,4.0,0.2,0.8,1.0,,30.3,0.0,14.9,1,0,1
Japan,2024-11-19,20:00,WCQ,Third round,Tue,Away,W,3.0,1.0,China PR,68.0,45336.0,Wataru Endo,3-4-3,4-3-1-2,Taqi Aljaafari,,False,16,1639.6,91,1253.77,0,0,0,0,0,0,,,,,,,25.2854,51.531,,-75,1,4.0,13.0,28.0,3.8,0.2,0.8,1.0,,30.8,0.0,12.7,1,0,1
Japan,2025-03-20,19:35,WCQ,Third round,Thu,Home,W,2.0,0.0,Bahrain,61.0,58137.0,Wataru Endo,3-4-3,4-2-3-1,Abdulrahman Ibrahim Al Jassim,,False,16,1639.6,76,1315.49,0,0,0,0,0,0,,,,,,,35.6762,139.6503,,-60,1,121.0,13.0,28.0,3.0,0.4,0.8,1.0,,12.1,0.0,15.2,1,0,0
Japan,2025-03-25,19:35,WCQ,Third round,Tue,Home,D,0.0,0.0,Saudi Arabia,78.0,58003.0,Wataru Endo,3-4-3,5-4-1,Ahmad Al Ali,,False,16,1639.6,56,1433.16,0,0,0,0,0,0,,,,,,,35.6762,139.6503,,-40,1,5.0,13.0,28.0,2.4,0.4,0.8333333333333334,1.0,,22.5,0.1,14.3,0,0,0
Japan,2025-06-05,21:10,WCQ,Third round,Thu,Away,L,0.0,1.0,Australia,69.0,57226.0,Daichi Kamada,3-4-3,3-4-3,Qasim Matar Al Hatmi,,False,16,1639.6,25,1544.3,2,1,1,0,2,3,,,,,,,25.2854,51.531,,-9,1,72.0,11.0,26.0,2.0,0.4,0.7142857142857143,1.0,,39.0,0.0,22.1,0,0,1
Japan,2025-06-10,19:35,WCQ,Third round,Tue,Home,W,6.0,0.0,Indonesia,71.0,33661.0,Takefusa Kubo,3-4-3,5-4-1,Kim Jonghyeok,,False,16,1639.6,129,1124.17,0,0,0,0,0,0,,,,,,,35.6762,139.6503,,-113,1,5.0,10.0,23.0,1.8,0.4,0.7142857142857143,0.875,,22.0,18.2,8.0,1,1,0
Japan,2026-03-28,17:00,Friendlies (M),Friendlies (M),Sat,Away,W,1.0,0.0,sct Scotland,,44644.0,Daizen Maeda,3-4-3,4-2-3-1,Shaun Evans,,False,16,1639.6,52,1461.75,1,1,0,0,2,1,,,,,,,25.2854,51.531,,-36,1,291.0,10.0,23.0,2.2,0.4,0.75,0.875,,24.1,0.0,17.7,1,0,0
Japan,2026-03-31,19:45,Friendlies (M),Friendlies (M),Tue,Away,W,1.0,0.0,eng England,,79233.0,Ritsu Doan,3-4-3,4-2-3-1,Nick Walsh,,False,16,1639.6,4,1817.28,4,1,2,1,4,7,,,,,,,25.2854,51.531,,12,0,3.0,10.0,23.0,1.8,0.2,0.75,0.8888888888888888,,23.8,16.9,17.3,1,1,0
Japan,2026-05-31,19:25,Friendlies (M),Friendlies (M),Sun,Home,W,1.0,0.0,Iceland,,62212.0,Maya Yoshida,3-4-3,5-4-1,Damian Kos,,False,16,1639.6,71,1355.75,0,0,0,0,0,0,,,,,,,35.6762,139.6503,,-55,1,61.0,10.0,23.0,1.6,0.2,0.75,0.9,,32.2,0.8,13.9,1,0,1
Jordan,2023-11-16,18:00,WCQ,Second round,Thu,Away,D,1.0,1.0,Tajikistan,,13650.0,Ihsan Haddad,4-1-4-1,4-2-3-1,Ali Sabah Al Qaysi,,False,82,1284.39,109,1187.23,0,0,0,0,0,0,,,,,,,25.2854,51.531,,-27,1,,,,,,,,,29.6,2.1,25.7,0,1,0
Jordan,2023-11-21,18:00,WCQ,Second round,Tue,Home,L,0.0,2.0,Saudi Arabia,,13845.0,Ihsan Haddad,4-1-4-1,3-5-2,Ahmed Abu Bakar Al Kaf,,False,82,1284.39,57,1408.85,0,0,0,0,0,0,,,,,,,25.2854,51.531,,25,0,5.0,1.0,1.0,1.0,1.0,,0.0,,30.6,1.9,25.4,0,0,1
Jordan,2024-03-21,14:00,WCQ,Second round,Thu,Away,W,3.0,0.0,Pakistan,,9625.0,Ihsan Haddad,3-4-3,4-2-2-2,Rustam Lutfullin,,False,70,1343.6,195,856.54,0,0,0,0,0,0,,,,,,,25.2854,51.531,,-125,1,121.0,1.0,1.0,0.5,1.5,0.0,0.0,,27.5,0.0,32.7,1,0,0
Jordan,2024-03-26,21:00,WCQ,Second round,Tue,Home,W,7.0,0.0,Pakistan,,14695.0,Ihsan Haddad,3-4-3,5-3-2,Nivon Robesh,,False,70,1343.6,195,856.54,0,0,0,0,0,0,,,,,,,25.2854,51.531,,-125,1,5.0,4.0,4.0,1.3333333333333333,1.0,0.0,0.5,,25.0,0.0,33.8,1,0,0
Jordan,2024-06-06,20:30,WCQ,Second round,Thu,Home,W,3.0,0.0,Tajikistan,,14795.0,Ihsan Haddad,3-4-3,4-1-4-1,Ahmed Abu Bakar Al Kaf,,False,71,1350.21,99,1216.76,0,0,0,0,0,0,,,,,,,25.2854,51.531,,-28,1,72.0,7.0,7.0,2.75,0.75,0.5,0.5,,39.3,0.0,18.9,1,0,1
Jordan,2024-06-11,21:00,WCQ,Second round,Tue,Away,W,2.0,1.0,Saudi Arabia,,17871.0,Ihsan Haddad,5-4-1,3-1-4-2,Adel Ali Al Naqbi,,False,71,1350.21,53,1443.53,0,0,0,0,0,0,,,,,,,24.7136,46.6753,,18,0,5.0,10.0,10.0,2.8,0.6,0.6666666666666666,0.5,,45.0,0.0,17.4,1,0,1
Jordan,2024-09-05,21:00,WCQ,Third round,Thu,Home,D,1.0,1.0,Kuwait,46.0,13555.0,Mahmoud Al-Mardi,3-4-3,5-3-2,Adel Ali Al Naqbi,,False,68,1374.13,136,1098.42,0,0,0,0,0,0,,,,,,,25.2854,51.531,,-68,1,86.0,12.0,13.0,3.0,0.6,0.6666666666666666,0.6666666666666666,,39.5,0.0,23.7,0,0,1
Jordan,2024-09-10,22:00,WCQ,Third round,Tue,Neutral,W,3.0,1.0,Palestine,45.0,3012.0,Ihsan Haddad,3-4-3,4-2-2-2,Majed Mohammed Al Shamrani,,False,68,1374.13,96,1231.25,0,0,0,0,0,0,,,,,,,25.2854,51.531,,-28,1,5.0,13.0,14.0,3.2,0.4,0.5,0.6666666666666666,,45.0,0.0,21.7,1,0,1
Jordan,2024-10-10,17:00,WCQ,Third round,Thu,Home,L,0.0,2.0,Korea Republic,25.0,14655.0,Ihsan Haddad,3-4-3,4-2-3-1,Hiroyuki Kimura,,False,68,1377.52,23,1572.61,0,0,0,0,0,0,,,,,,,25.2854,51.531,,45,0,30.0,13.0,17.0,3.2,0.6,0.5,0.6666666666666666,1.0,35.6,0.0,20.7,0,0,1
Jordan,2024-10-15,19:00,WCQ,Third round,Tue,Home,W,4.0,0.0,Oman,42.0,14515.0,Ihsan Haddad,3-4-3,4-2-2-2,Khalid Saleh Al Turais,,False,68,1377.52,78,1309.27,0,0,0,0,0,0,,,,,,,25.2854,51.531,,-10,1,5.0,10.0,17.0,1.8,1.0,0.4,0.6666666666666666,1.0,35.3,0.0,19.8,1,0,1
Jordan,2024-11-14,19:15,WCQ,Third round,Thu,Away,D,0.0,0.0,Iraq,41.0,65000.0,Ihsan Haddad,3-4-3,4-2-3-1,Mohammed Khaled Al Hoish,,False,68,1377.52,55,1435.9,0,0,0,0,0,0,,,,,,,25.2854,51.531,,13,0,30.0,10.0,20.0,2.0,1.0,0.5,0.6666666666666666,1.0,32.0,0.0,18.2,0,0,1
Jordan,2024-11-19,21:15,WCQ,Third round,Tue,Away,D,1.0,1.0,Kuwait,51.0,29400.0,Ihsan Haddad,3-4-3,4-2-3-1,Nazmi Nasaruddin,,False,68,1377.52,134,1111.62,0,0,0,0,0,0,,,,,,,25.2854,51.531,,-66,1,5.0,8.0,20.0,1.6,0.8,0.5,0.5,1.0,30.8,0.0,12.7,0,0,1
Jordan,2025-03-20,21:15,WCQ,Third round,Thu,Home,W,3.0,1.0,Palestine,49.0,9555.0,Ihsan Haddad,3-4-3,4-2-3-1,Shaun Evans,,False,68,1377.52,98,1228.99,0,0,0,0,0,0,,,,,,,25.2854,51.531,,-30,1,121.0,8.0,21.0,1.6,0.8,0.5,0.4,1.0,29.6,0.0,14.3,1,0,0
Jordan,2025-03-25,20:00,WCQ,Third round,Tue,Away,D,1.0,1.0,Korea Republic,25.0,41532.0,Ihsan Haddad,3-4-3,4-2-3-1,Ilgiz Tantashev,,False,68,1377.52,23,1572.61,0,0,0,0,0,0,,,,,,,25.2854,51.531,,45,0,5.0,8.0,21.0,1.6,0.8,0.5714285714285714,0.4,1.0,24.0,0.0,25.1,0,0,0
Jordan,2025-06-05,20:00,WCQ,Third round,Thu,Away,W,3.0,0.0,Oman,41.0,13878.0,Yazan Al-Arab,3-4-3,5-4-1,Khalid Saleh Al Turais,,False,68,1377.52,78,1309.27,0,0,0,0,0,0,,,,,,,25.2854,51.531,,-10,1,72.0,9.0,19.0,1.8,0.6,0.5714285714285714,0.3333333333333333,1.0,39.0,0.0,22.1,1,0,1
Jordan,2025-06-10,21:15,WCQ,Third round,Tue,Home,L,0.0,1.0,Iraq,41.0,15502.0,Mahmoud Al-Mardi,3-4-3,4-2-3-1,Omar Mohamed Al Ali,,False,68,1377.52,55,1435.9,0,0,0,0,0,0,,,,,,,25.2854,51.531,,13,0,5.0,9.0,19.0,1.6,0.6,0.5714285714285714,0.4285714285714285,1.0,37.8,0.0,13.6,0,0,1
Jordan,2026-05-31,15:00,Friendlies (M),Friendlies (M),Sun,Away,L,1.0,4.0,Switzerland,,13380.0,Ihsan Haddad,5-3-2,3-4-3,Rohit Saggi,,False,68,1377.52,15,1641.0,0,0,0,0,0,0,,,,,,,25.2854,51.531,,53,0,355.0,8.0,16.0,1.6,0.8,0.5,0.4285714285714285,1.0,42.0,0.0,18.7,0,0,1
Jordan,2026-06-07,16:00,Friendlies (M),Friendlies (M),Sun,Neutral,L,0.0,2.0,Colombia,,28831.0,Ihsan Haddad,5-4-1,4-1-4-1,Rafael López,,False,68,1377.52,9,1738.72,0,0,0,0,0,0,,,,,,,25.2854,51.531,,59,0,7.0,7.0,15.0,1.6,1.4,0.5,0.375,1.0,41.5,0.0,16.9,0,0,1
Korea Republic,2023-11-16,20:00,WCQ,Second round,Thu,Home,W,5.0,0.0,Singapore,,64381.0,Son Heung-min,4-1-4-1,5-4-1,Bijan Heidari,,False,24,1540.35,155,1032.89,0,0,0,0,0,0,,,,,,,25.2854,51.531,,-131,1,,,,,,,,,29.6,2.1,25.7,1,1,0
Korea Republic,2023-11-21,20:00,WCQ,Second round,Tue,Away,W,3.0,0.0,China PR,,39969.0,Son Heung-min,4-2-3-1,3-4-3,Abdulrahman Ibrahim Al Jassim,,False,24,1540.35,79,1296.99,0,0,0,0,0,0,,,,,,,25.2854,51.531,,-55,1,5.0,3.0,3.0,5.0,0.0,1.0,,,30.6,1.9,25.4,1,0,1
Korea Republic,2024-03-21,20:00,WCQ,Second round,Thu,Home,D,1.0,1.0,Thailand,,64912.0,Son Heung-min,4-1-4-1,4-2-2-2,Khalid Saleh Al Turais,,False,22,1566.21,101,1206.72,0,0,0,0,0,0,,,,,,,25.2854,51.531,,-79,1,121.0,6.0,6.0,4.0,0.0,1.0,1.0,,27.5,0.0,32.7,0,0,0
Korea Republic,2024-03-26,19:30,WCQ,Second round,Tue,Away,W,3.0,0.0,Thailand,,45458.0,Son Heung-min,4-1-4-1,4-2-3-1,Adham Makhadmeh,,False,22,1566.21,101,1206.72,0,0,0,0,0,0,,,,,,,25.2854,51.531,,-79,1,5.0,7.0,7.0,3.0,0.3333333333333333,0.5,1.0,,25.0,0.0,33.8,1,0,0
Korea Republic,2024-06-06,20:00,WCQ,Second round,Thu,Away,W,7.0,0.0,Singapore,,49097.0,Son Heung-min,4-1-4-1,4-4-2,Sadullo Gulmurodi,,False,23,1563.99,155,1019.06,0,0,0,0,0,0,,,,,,,25.2854,51.531,,-132,1,72.0,10.0,10.0,3.0,0.25,0.5,1.0,,39.3,0.0,18.9,1,0,1
Korea Republic,2024-06-11,20:00,WCQ,Second round,Tue,Home,W,1.0,0.0,China PR,,64935.0,Son Heung-min,4-1-4-1,4-2-2-2,Mohammed Khaled Al Hoish,,False,23,1563.99,88,1275.22,0,0,0,0,0,0,,,,,,,25.2854,51.531,,-65,1,5.0,13.0,13.0,3.8,0.2,0.5,1.0,,45.2,0.0,17.6,1,0,1
Korea Republic,2024-09-05,20:00,WCQ,Third round,Thu,Home,D,0.0,0.0,Palestine,75.0,59579.0,Son Heung-min,4-2-3-1,4-2-2-2,Alireza Faghani,,False,23,1572.87,96,1231.25,0,0,0,0,0,0,,,,,,,25.2854,51.531,,-73,1,86.0,13.0,16.0,3.0,0.2,0.6666666666666666,1.0,,39.5,0.0,23.7,0,0,1
Korea Republic,2024-09-10,18:00,WCQ,Third round,Tue,Away,W,3.0,1.0,Oman,66.0,27144.0,Son Heung-min,4-2-3-1,4-2-3-1,Ma Ning,,False,23,1572.87,76,1326.18,0,0,0,0,0,0,,,,,,,25.2854,51.531,,-53,1,5.0,11.0,17.0,2.4,0.2,0.5,1.0,,45.0,0.0,21.7,1,0,1
Korea Republic,2024-10-10,17:00,WCQ,Third round,Thu,Away,W,2.0,0.0,Jordan,75.0,14655.0,Kim Min-jae,4-2-3-1,3-4-3,Hiroyuki Kimura,,False,23,1572.61,68,1377.52,0,0,0,0,0,0,,,,,,,25.2854,51.531,,-45,1,30.0,13.0,20.0,2.8,0.2,0.5,1.0,,35.6,0.0,20.7,1,0,1
Korea Republic,2024-10-15,20:00,WCQ,Third round,Tue,Home,W,3.0,2.0,Iraq,76.0,35198.0,Kim Min-jae,4-2-3-1,4-2-3-1,Rustam Lutfullin,,False,23,1572.61,55,1435.9,0,0,0,0,0,0,,,,,,,25.2854,51.531,,-32,1,5.0,13.0,23.0,2.6,0.2,0.5,1.0,,35.3,0.0,19.8,1,0,1
Korea Republic,2024-11-14,17:00,WCQ,Third round,Thu,Away,W,3.0,1.0,Kuwait,75.0,22791.0,Son Heung-min,4-2-3-1,4-2-2-2,Shaun Evans,,False,23,1572.61,134,1111.62,0,0,0,0,0,0,,,,,,,25.2854,51.531,,-111,1,30.0,13.0,26.0,1.8,0.6,0.6,1.0,,32.0,0.0,18.2,1,0,1
Korea Republic,2024-11-19,17:00,WCQ,Third round,Tue,Neutral,D,1.0,1.0,Palestine,74.0,2405.0,Son Heung-min,4-2-3-1,4-2-2-2,Yūsuke Araki,,False,23,1572.61,98,1228.99,0,0,0,0,0,0,,,,,,,25.2854,51.531,,-75,1,5.0,13.0,26.0,2.2,0.8,0.6,1.0,,30.8,0.0,12.7,0,0,1
Korea Republic,2025-03-20,20:00,WCQ,Third round,Thu,Home,D,1.0,1.0,Oman,63.0,35212.0,Son Heung-min,4-2-3-1,5-4-1,Alireza Faghani,,False,23,1572.61,78,1309.27,0,0,0,0,0,0,,,,,,,25.2854,51.531,,-55,1,121.0,13.0,24.0,2.4,1.0,0.6,1.0,0.0,29.6,0.0,14.3,0,0,0
Korea Republic,2025-03-25,20:00,WCQ,Third round,Tue,Home,D,1.0,1.0,Jordan,75.0,41532.0,Son Heung-min,4-2-3-1,3-4-3,Ilgiz Tantashev,,False,23,1572.61,68,1377.52,0,0,0,0,0,0,,,,,,,25.2854,51.531,,-45,1,5.0,11.0,24.0,2.0,1.0,0.5,1.0,0.0,24.0,0.0,25.1,0,0,0
Korea Republic,2025-06-05,21:15,WCQ,Third round,Thu,Away,W,2.0,0.0,Iraq,76.0,55972.0,Lee Jae-sung,4-2-3-1,4-2-3-1,Yūsuke Araki,,False,23,1572.61,55,1435.9,0,0,0,0,0,0,,,,,,,25.2854,51.531,,-32,1,72.0,9.0,22.0,1.8,1.2,0.4285714285714285,1.0,0.0,39.0,0.0,22.1,1,0,1
Korea Republic,2025-06-10,20:00,WCQ,Third round,Tue,Home,W,4.0,0.0,Kuwait,74.0,41119.0,Hwang In-beom,4-2-3-1,4-1-4-1,Majed Mohammed Al Shamrani,,False,23,1572.61,134,1111.62,0,0,0,0,0,0,,,,,,,25.2854,51.531,,-111,1,5.0,9.0,22.0,1.6,0.8,0.4285714285714285,1.0,0.0,37.8,0.0,13.6,1,0,1
Korea Republic,2026-03-28,14:00,Friendlies (M),Friendlies (M),Sat,Neutral,L,0.0,4.0,Côte d'Ivoire,,5917.0,Kim Min-jae,3-4-3,4-1-4-1,Ian McNabb,,False,23,1572.61,33,1509.12,0,0,0,0,0,0,,,,,,,25.2854,51.531,,-10,1,291.0,9.0,22.0,1.8,0.6,0.5,1.0,0.0,24.1,0.0,17.7,0,0,0
Korea Republic,2026-03-31,20:45,Friendlies (M),Friendlies (M),Tue,Away,L,0.0,1.0,Austria,,35300.0,Son Heung-min,3-4-3,4-2-3-1,Sander van der Eijk,,False,23,1572.61,22,1580.37,0,0,0,0,0,0,,,,,,,25.2854,51.531,,1,0,3.0,8.0,21.0,1.6,1.2,0.5,1.0,0.0,23.8,16.9,17.3,0,1,0
Korea Republic,2026-05-30,19:00,Friendlies (M),Friendlies (M),Sat,Neutral,W,5.0,0.0,Trin & Tobago,,5237.0,Son Heung-min,3-4-3,4-2-2-2,Víctor Rivas,,False,23,1572.61,101,1213.25,0,0,0,0,0,0,,,,,,,25.2854,51.531,,-78,1,60.0,7.0,18.0,1.4,1.2,0.5,0.875,0.0,40.6,0.0,19.6,1,0,1
Korea Republic,2026-06-03,19:00,Friendlies (M),Friendlies (M),Wed,Neutral,W,1.0,0.0,El Salvador,,,Lee Jae-sung,3-4-3,5-3-2,Natalie Simon,,False,23,1572.61,80,1307.04,0,0,0,0,0,0,,,,,,,25.2854,51.531,,-57,1,4.0,9.0,18.0,2.2,1.0,0.5,0.875,0.3333333333333333,45.3,0.0,20.9,1,0,1
Korea Republic,2026-06-11,20:00,World Cup,Group stage,Thu,Neutral,W,2.0,1.0,Czechia,62.0,44985.0,Son Heung-min,3-4-3,3-4-3,Amin Omar,,False,23,1572.61,46,1473.19,0,0,0,0,0,0,,,,,,,25.2854,51.531,,-23,1,8.0,9.0,18.0,2.0,1.0,0.5,0.875,0.5,44.6,0.0,17.2,1,0,1
Mexico,2026-03-28,19:00,Friendlies (M),Friendlies (M),Sat,Home,D,0.0,0.0,Portugal,,84130.0,César Montes,4-1-4-1,4-2-3-1,Walter López,,False,17,1635.66,8,1752.14,1,0,1,0,1,2,,,,,,,19.4326,-99.1332,,9,0,,,,,,,,,22.0,0.0,18.8,0,0,0
Mexico,2026-03-31,20:00,Friendlies (M),Friendlies (M),Tue,Neutral,D,1.0,1.0,Belgium,,52412.0,César Montes,4-2-3-1,4-2-3-1,Rosendo Mendoza,,False,17,1635.66,6,1768.14,3,2,0,1,5,3,,,,,,,25.2854,51.531,,11,0,3.0,1.0,1.0,0.0,0.0,0.0,,,23.8,16.9,17.3,0,1,0
Mexico,2026-05-22,20:00,Friendlies (M),Friendlies (M),Fri,Home,W,2.0,0.0,Ghana,,41235.0,Jesús Gallardo,4-2-3-1,4-1-4-1,Selvin Brown,,False,17,1635.66,70,1360.43,0,0,0,0,0,0,,,,,,,19.4326,-99.1332,,-53,1,52.0,2.0,2.0,0.5,0.5,0.0,,0.0,25.4,2.5,9.0,1,1,0
Mexico,2026-05-30,19:00,Friendlies (M),Friendlies (M),Sat,Neutral,W,1.0,0.0,Australia,,78479.0,Edson Álvarez,4-1-4-1,3-4-3,Rubiel Vázquez,,False,17,1635.66,25,1544.3,0,0,0,0,0,0,,,,,,,25.2854,51.531,,-8,1,8.0,5.0,5.0,1.0,0.3333333333333333,0.5,,0.0,40.6,0.0,19.6,1,0,1
Mexico,2026-06-04,20:00,Friendlies (M),Friendlies (M),Thu,Home,W,5.0,1.0,Serbia,,27163.0,César Montes,4-1-4-1,4-2-3-1,Keylor Herrera,,False,17,1635.66,35,1505.08,0,0,0,0,0,0,,,,,,,19.4326,-99.1332,,-18,1,5.0,8.0,8.0,1.0,0.25,0.5,,0.5,24.0,21.9,10.3,1,1,0
Mexico,2026-06-11,13:00,World Cup,Group stage,Thu,Neutral,W,2.0,0.0,South Africa,61.0,80824.0,César Montes,4-1-4-1,5-3-2,Wilton Sampaio,,False,17,1635.66,59,1415.07,1,0,0,1,1,1,,,,,,,25.2854,51.531,,-42,1,7.0,11.0,11.0,1.8,0.4,0.6666666666666666,,0.5,44.6,0.0,17.2,1,0,1
Morocco,2023-11-21,22:00,WCQ,First round,Tue,Away,W,2.0,0.0,Tanzania,,,Romain Saïss,4-1-4-1,3-4-3,Abongile Tom,,False,13,1658.49,121,1146.46,0,0,0,0,0,0,,,,,,,25.2854,51.531,,-108,1,5.0,,,,,,,,30.6,1.9,25.4,1,0,1
Morocco,2024-06-07,20:00,WCQ,First round,Fri,Home,W,2.0,1.0,Zambia,,,Romain Saïss,4-2-3-1,5-3-2,Issa Sy,,False,13,1661.42,86,1278.26,0,0,0,0,0,0,,,,,,,34.0209,-6.8416,,-73,1,199.0,3.0,3.0,2.0,0.0,,1.0,,21.9,0.0,19.4,1,0,0
Morocco,2024-06-11,20:00,WCQ,First round,Tue,Neutral,W,6.0,0.0,Congo,,,Hakim Ziyech,4-1-4-1,4-1-4-1,Daniel Nii Ayi Laryea,,False,13,1661.42,111,1179.8,0,0,0,0,0,0,,,,,,,25.2854,51.531,,-98,1,4.0,6.0,6.0,2.0,0.5,1.0,1.0,,45.2,0.0,17.6,1,0,1
Morocco,2025-03-21,21:30,WCQ,First round,Fri,Neutral,W,2.0,1.0,Niger,,,Achraf Hakimi,4-1-4-1,4-2-3-1,Cumar Cabdiqaadir Cartan,,False,14,1676.14,127,1132.39,0,0,0,0,0,0,,,,,,,25.2854,51.531,,-113,1,283.0,9.0,9.0,3.333333333333333,0.3333333333333333,1.0,1.0,1.0,33.5,0.0,17.1,1,0,1
Morocco,2025-03-25,21:30,WCQ,First round,Tue,Home,W,2.0,0.0,Tanzania,,,Yassine Bounou,4-1-4-1,4-2-3-1,Alhadj Allaou Mahamat,,False,14,1676.14,110,1188.24,0,0,0,0,0,0,,,,,,,34.0209,-6.8416,,-96,1,4.0,12.0,12.0,3.0,0.5,1.0,1.0,1.0,17.1,0.0,14.0,1,0,0
Morocco,2025-09-05,20:00,WCQ,First round,Fri,Home,W,5.0,0.0,Niger,,,Achraf Hakimi,4-2-3-1,4-1-4-1,Jean-Jacques Ndala,,False,14,1676.14,127,1132.39,0,0,0,0,0,0,,,,,,,34.0209,-6.8416,,-113,1,164.0,15.0,15.0,2.8,0.4,1.0,1.0,1.0,28.0,0.0,11.8,1,0,0
Morocco,2025-09-08,15:00,WCQ,First round,Mon,Away,W,2.0,0.0,Zambia,,,Yassine Bounou,4-2-3-1,4-1-4-1,Louis Houngnandande,,False,14,1676.14,93,1252.79,0,0,0,0,0,0,,,,,,,25.2854,51.531,,-79,1,3.0,15.0,18.0,3.4,0.4,1.0,1.0,1.0,44.9,0.0,18.8,1,0,1
Morocco,2025-10-14,20:00,WCQ,First round,Tue,Home,W,1.0,0.0,Congo,,50292.0,Achraf Hakimi,4-1-4-1,4-1-4-1,Abdel Aziz Mohamed Bouh,,False,14,1676.14,117,1160.33,0,0,0,0,0,0,,,,,,,34.0209,-6.8416,,-103,1,6.0,12.0,21.0,2.75,0.25,1.0,1.0,1.0,24.8,0.0,11.3,1,0,0
Morocco,2026-03-27,21:15,Friendlies (M),Friendlies (M),Fri,Neutral,D,1.0,1.0,Ecuador,,61622.0,Achraf Hakimi,4-2-3-1,4-2-3-1,José Luis Munuera,,False,14,1676.14,27,1535.43,0,0,0,0,0,0,,,,,,,25.2854,51.531,,-13,1,164.0,12.0,24.0,2.5,0.0,1.0,1.0,1.0,25.5,0.5,15.9,0,0,0
Morocco,2026-03-31,20:00,Friendlies (M),Friendlies (M),Tue,Neutral,W,2.0,1.0,Paraguay,,38000.0,Achraf Hakimi,4-2-3-1,4-2-2-2,Eric Wattellier,,False,14,1676.14,57,1423.98,0,0,0,0,0,0,,,,,,,25.2854,51.531,,-43,1,4.0,10.0,25.0,2.25,0.25,1.0,1.0,0.6666666666666666,23.8,16.9,17.3,1,1,0
Morocco,2026-06-02,18:15,Friendlies (M),Friendlies (M),Tue,Home,W,4.0,0.0,Madagascar,,,Munir,4-1-4-1,5-3-2,Boubou Traoré,,False,14,1676.14,108,1196.56,0,0,0,0,0,0,,,,,,,34.0209,-6.8416,,-94,1,63.0,10.0,25.0,1.5,0.5,1.0,1.0,0.75,25.0,0.0,15.1,1,0,0
Morocco,2026-06-07,15:00,Friendlies (M),Friendlies (M),Sun,Neutral,D,1.0,1.0,Norway,,,Achraf Hakimi,4-2-3-1,4-1-4-1,Pierre-Luc Lauzière,,False,14,1676.14,47,1472.16,1,0,0,1,2,2,,,,,,,25.2854,51.531,,-33,1,5.0,10.0,25.0,2.0,0.5,1.0,1.0,0.75,41.5,0.0,16.9,0,0,1
Morocco,2026-06-13,18:00,World Cup,Group stage,Sat,Neutral,D,1.0,1.0,Brazil,49.0,80663.0,Achraf Hakimi,4-2-3-1,4-2-2-2,Slavko Vinčič,,False,14,1676.14,5,1772.02,1,0,1,0,0,3,,,,,,,25.2854,51.531,,9,0,6.0,11.0,23.0,1.8,0.6,1.0,1.0,0.6,40.8,0.0,23.3,0,0,1
Netherlands,2025-06-07,21:45,WCQ,First round,Sat,Away,W,2.0,0.0,Finland,60.0,29483.0,Virgil van Dijk,4-3-3,4-2-3-1,Daniel Siebert,,False,7,1759.95,64,1384.36,0,0,0,0,0,0,,,,,,,25.2854,51.531,,-57,1,,,,,,,,,37.8,0.0,17.2,1,0,1
Netherlands,2025-06-10,20:45,WCQ,First round,Tue,Home,W,8.0,0.0,Malta,65.0,21006.0,Virgil van Dijk,4-3-3,4-2-3-1,Ricardo de Burgos,,False,7,1759.95,171,971.89,0,0,0,0,0,0,,,,,,,52.3676,4.9041,,-164,1,3.0,3.0,3.0,2.0,0.0,,1.0,,16.8,5.5,27.4,1,1,0
Netherlands,2025-09-04,20:45,WCQ,First round,Thu,Home,D,1.0,1.0,Poland,74.0,40904.0,Virgil van Dijk,4-3-3,4-2-3-1,Simone Sozza,,False,7,1759.95,30,1525.08,0,0,0,0,0,0,,,,,,,52.3676,4.9041,,-23,1,86.0,6.0,6.0,5.0,0.0,1.0,1.0,,21.3,0.3,20.7,0,0,0
Netherlands,2025-09-07,19:00,WCQ,First round,Sun,Away,W,3.0,2.0,Lithuania,73.0,14797.0,Virgil van Dijk,4-2-3-1,3-4-3,Elçin Məsiyev,,False,7,1759.95,139,1090.89,0,0,0,0,0,0,,,,,,,25.2854,51.531,,-132,1,3.0,7.0,7.0,3.6666666666666665,0.3333333333333333,0.5,1.0,,45.1,0.0,15.6,1,0,1
Netherlands,2025-10-09,20:45,WCQ,First round,Thu,Away,W,4.0,0.0,Malta,63.0,9254.0,Virgil van Dijk,4-3-3,4-2-3-1,Duje Strukan,,False,7,1759.95,171,971.89,0,0,0,0,0,0,,,,,,,25.2854,51.531,,-164,1,32.0,10.0,10.0,3.5,0.75,0.5,1.0,,35.5,0.0,13.5,1,0,1
Netherlands,2025-10-12,18:00,WCQ,First round,Sun,Home,W,4.0,0.0,Finland,69.0,52387.0,Virgil van Dijk,4-2-3-1,5-3-2,Slavko Vinčič,,False,7,1759.95,64,1384.36,0,0,0,0,0,0,,,,,,,52.3676,4.9041,,-57,1,3.0,13.0,13.0,3.6,0.6,0.5,1.0,,16.5,0.3,10.9,1,0,0
Netherlands,2025-11-14,20:45,WCQ,First round,Fri,Away,D,1.0,1.0,Poland,60.0,56278.0,Virgil van Dijk,4-2-3-1,3-4-3,Maurizio Mariani,,False,7,1759.95,30,1525.08,0,0,0,0,0,0,,,,,,,25.2854,51.531,,-23,1,33.0,13.0,16.0,4.0,0.6,0.6666666666666666,1.0,,29.8,0.0,12.3,0,0,0
Netherlands,2025-11-17,20:45,WCQ,First round,Mon,Home,W,4.0,0.0,Lithuania,69.0,46913.0,Virgil van Dijk,4-3-3,5-4-1,Luís Godinho,,False,7,1759.95,139,1090.89,0,0,0,0,0,0,,,,,,,52.3676,4.9041,,-132,1,3.0,11.0,17.0,2.6,0.8,0.6666666666666666,0.75,,7.7,0.4,17.3,1,0,0
Netherlands,2026-03-27,20:45,Friendlies (M),Friendlies (M),Fri,Home,W,2.0,1.0,Norway,,50327.0,Virgil van Dijk,4-2-3-1,4-2-2-2,Lawrence Visser,,False,7,1759.95,47,1472.16,0,0,0,0,0,0,,,,,,,52.3676,4.9041,,-40,1,130.0,13.0,20.0,3.2,0.6,0.75,0.75,,9.1,0.9,16.6,1,0,0
Netherlands,2026-03-31,20:45,Friendlies (M),Friendlies (M),Tue,Home,D,1.0,1.0,Ecuador,,29344.0,Virgil van Dijk,4-2-3-1,4-2-2-2,Sascha Stegemann,,False,7,1759.95,27,1535.43,1,0,0,1,1,1,,,,,,,52.3676,4.9041,,-20,1,4.0,13.0,23.0,3.0,0.4,0.8,0.75,,10.9,0.6,13.6,0,0,0
Netherlands,2026-06-03,20:45,Friendlies (M),Friendlies (M),Wed,Home,L,0.0,1.0,Algeria,,40306.0,Virgil van Dijk,4-2-3-1,4-1-4-1,Jakob Semler,,False,7,1759.95,41,1486.03,0,0,0,0,0,0,,,,,,,52.3676,4.9041,,-34,1,64.0,11.0,24.0,2.4,0.6,0.6666666666666666,0.75,,18.4,16.0,23.3,0,1,0
Netherlands,2026-06-08,14:45,Friendlies (M),Friendlies (M),Mon,Neutral,W,2.0,1.0,Uzbekistan,,,Virgil van Dijk,4-1-4-1,5-4-1,Alyssa Pennington,,False,7,1759.95,60,1413.06,0,0,0,0,0,0,,,,,,,25.2854,51.531,,-53,1,5.0,8.0,21.0,1.6,0.8,0.5714285714285714,0.75,,41.2,0.0,19.3,1,0,1
New Zealand,2024-10-11,13:00,WCQ,Second round,Fri,Neutral,W,3.0,0.0,Tahiti,,1000.0,Chris Wood,4-2-3-1,5-3-2,Médéric Lacour,,False,103,1199.04,158,1016.83,0,0,0,0,0,0,,,,,,,25.2854,51.531,,-55,1,,,,,,,,,35.7,0.8,18.2,1,0,1
New Zealand,2024-11-15,19:30,WCQ,Second round,Fri,Neutral,W,8.0,1.0,Vanuatu,,10113.0,Chris Wood,4-2-3-1,4-3-3,Ben Aukwai,,False,103,1199.04,162,1005.49,0,0,0,0,0,0,,,,,,,25.2854,51.531,,-59,1,35.0,3.0,3.0,3.0,0.0,,,1.0,30.3,0.0,14.9,1,0,1
New Zealand,2024-11-18,19:30,WCQ,Second round,Mon,Neutral,W,8.0,0.0,Samoa,,5327.0,Chris Wood,4-2-3-1,5-4-1,Veer Singh,,False,103,1199.04,185,900.79,0,0,0,0,0,0,,,,,,,25.2854,51.531,,-82,1,3.0,6.0,6.0,5.5,0.5,,,1.0,33.0,0.0,10.0,1,0,1
New Zealand,2025-03-21,19:10,WCQ,Third round — Semi-finals,Fri,Neutral,W,7.0,0.0,Fiji,,20947.0,Chris Wood,4-2-3-1,4-2-2-2,Norbert Hauata,,False,103,1199.04,150,1038.29,0,0,0,0,0,0,,,,,,,25.2854,51.531,,-47,1,123.0,9.0,9.0,6.333333333333333,0.3333333333333333,,,1.0,33.5,0.0,17.1,1,0,1
New Zealand,2025-03-24,19:00,WCQ,Third round — Final,Mon,Neutral,W,3.0,0.0,New Caledonia,,25132.0,Chris Wood,4-2-3-1,5-4-1,Ben Aukwai,,False,103,1199.04,160,1008.92,0,0,0,0,0,0,,,,,,,25.2854,51.531,,-57,1,3.0,12.0,12.0,6.5,0.25,,,1.0,24.5,0.0,26.9,1,0,0
New Zealand,2026-06-02,20:36,Friendlies (M),Friendlies (M),Tue,Neutral,L,0.0,4.0,Haiti,,,Chris Wood,4-2-3-1,4-2-2-2,Rubiel Vázquez,,False,103,1199.04,86,1278.56,0,0,0,0,0,0,,,,,,,25.2854,51.531,,17,0,435.0,15.0,15.0,5.8,0.2,,,1.0,44.8,0.0,17.1,0,0,1
New Zealand,2026-06-06,16:00,Friendlies (M),Friendlies (M),Sat,Neutral,L,0.0,1.0,eng England,,25889.0,Chris Wood,4-2-3-1,4-2-3-1,Natalie Simon,,False,103,1199.04,4,1817.28,1,0,1,0,1,2,,,,,,,25.2854,51.531,,99,0,4.0,12.0,15.0,5.2,1.0,,,0.8333333333333334,43.0,0.0,24.6,0,0,1
Norway,2025-03-22,19:00,WCQ,First round,Sat,Away,W,5.0,0.0,Moldova,70.0,9342.0,Martin Ødegaard,4-4-2,3-4-3,Matej Jug,,False,47,1472.16,149,1042.81,0,0,0,0,0,0,,,,,,,25.2854,51.531,,-102,1,,,,,,,,,33.5,0.4,15.0,1,0,1
Norway,2025-03-25,21:45,WCQ,First round,Tue,Away,W,4.0,2.0,Israel,56.0,1200.0,Martin Ødegaard,4-4-2,4-3-3,Chris Kavanagh,,False,47,1472.16,79,1307.8,0,0,0,0,0,0,,,,,,,25.2854,51.531,,-32,1,3.0,3.0,3.0,5.0,0.0,,1.0,,24.0,0.0,25.1,1,0,0
Norway,2025-06-06,20:45,WCQ,First round,Fri,Home,W,3.0,0.0,Italy,38.0,25796.0,Martin Ødegaard,4-4-2,3-5-1-1,Jose Maria Sánchez,,False,47,1472.16,10,1726.31,4,1,3,0,4,6,,,,,,,25.2854,51.531,,37,0,73.0,6.0,6.0,4.5,1.0,,1.0,,39.7,0.0,13.9,1,0,1
Norway,2025-06-09,21:45,WCQ,First round,Mon,Away,W,1.0,0.0,Estonia,62.0,11577.0,Martin Ødegaard,4-4-2,4-2-3-1,Srđan Jovanović,,False,47,1472.16,122,1140.39,0,0,0,0,0,0,,,,,,,25.2854,51.531,,-75,1,3.0,9.0,9.0,4.0,0.6666666666666666,1.0,1.0,,37.0,0.0,12.6,1,0,1
Norway,2025-09-09,20:45,WCQ,First round,Tue,Home,W,11.0,1.0,Moldova,71.0,24605.0,Martin Ødegaard,3-4-3,5-3-2,Balázs Berke,,False,47,1472.16,149,1042.81,0,0,0,0,0,0,,,,,,,25.2854,51.531,,-102,1,92.0,12.0,12.0,3.25,0.5,1.0,1.0,,43.9,0.0,19.8,1,0,1
Norway,2025-10-11,18:00,WCQ,First round,Sat,Home,W,5.0,0.0,Israel,54.0,19363.0,Erling Haaland,4-4-2,4-4-2,Szymon Marciniak,,False,47,1472.16,79,1307.8,0,0,0,0,0,0,,,,,,,25.2854,51.531,,-32,1,32.0,15.0,15.0,4.8,0.6,1.0,1.0,,36.3,0.0,21.0,1,0,1
Norway,2025-11-13,18:00,WCQ,First round,Thu,Home,W,4.0,1.0,Estonia,68.0,25493.0,Erling Haaland,4-4-2,5-4-1,Matej Jug,,False,47,1472.16,122,1140.39,0,0,0,0,0,0,,,,,,,25.2854,51.531,,-75,1,33.0,15.0,18.0,4.8,0.6,1.0,1.0,,29.5,0.0,14.1,1,0,0
Norway,2025-11-16,20:45,WCQ,First round,Sun,Away,W,4.0,1.0,Italy,42.0,69020.0,Erling Haaland,4-5-1,3-5-2,Alejandro Hernández,,False,47,1472.16,10,1726.31,4,1,3,0,4,6,,,,,,,41.9028,12.4964,,37,0,3.0,15.0,21.0,4.8,0.4,1.0,1.0,,32.664441219158206,0.0,18.524528301886793,1,0,1
Norway,2026-03-27,20:45,Friendlies (M),Friendlies (M),Fri,Away,L,1.0,2.0,Netherlands,,50327.0,Sander Berge,4-2-2-2,4-2-3-1,Lawrence Visser,,False,47,1472.16,7,1759.95,0,0,0,0,0,0,,,,,,,52.3676,4.9041,,40,0,131.0,15.0,24.0,5.0,0.6,1.0,1.0,,9.1,0.9,16.6,0,0,0
Norway,2026-03-31,18:00,Friendlies (M),Friendlies (M),Tue,Home,D,0.0,0.0,Switzerland,,23913.0,Erling Haaland,4-1-4-1,3-4-3,Jasper Vergoote,,False,47,1472.16,15,1641.0,0,0,0,0,0,0,,,,,,,25.2854,51.531,,32,0,4.0,12.0,24.0,5.0,1.0,1.0,0.8,,23.8,16.9,17.3,0,1,0
Norway,2026-06-01,19:00,Friendlies (M),Friendlies (M),Mon,Home,W,3.0,1.0,Sweden,,25178.0,Sander Berge,4-2-2-2,3-1-4-2,Balázs Berke,,False,47,1472.16,28,1528.18,2,2,0,0,7,2,,,,,,,25.2854,51.531,,19,0,62.0,10.0,25.0,2.8,0.8,0.8,0.8,,43.5,0.0,16.3,1,0,1
Norway,2026-06-07,15:00,Friendlies (M),Friendlies (M),Sun,Neutral,D,1.0,1.0,Morocco,,,Martin Ødegaard,4-1-4-1,4-2-3-1,Pierre-Luc Lauzière,,False,47,1472.16,14,1676.14,1,0,0,1,2,2,,,,,,,25.2854,51.531,,33,0,6.0,10.0,25.0,2.4,1.0,0.8333333333333334,0.8,,41.5,0.0,16.9,0,0,1
Panama,2024-06-06,19:30,WCQ,Second round,Thu,Home,W,2.0,0.0,Guyana,,8575.0,Aníbal Godoy,3-4-3,5-4-1,Filiberto Martínez,,False,45,1475.62,154,1020.31,0,0,0,0,0,0,,,,,,,25.2854,51.531,,-109,1,,,,,,,,,39.3,0.0,18.9,1,0,1
Panama,2024-06-09,19:00,WCQ,Second round,Sun,Away,W,3.0,1.0,Montserrat,,155.0,Aníbal Godoy,4-1-4-1,4-3-3,Ismael Cornejo,,False,45,1475.62,175,946.08,0,0,0,0,0,0,,,,,,,25.2854,51.531,,-130,1,3.0,3.0,3.0,2.0,0.0,1.0,,,37.0,0.0,18.0,1,0,1
Panama,2025-06-07,19:00,WCQ,Second round,Sat,Away,W,2.0,0.0,Belize,,,Aníbal Godoy,3-4-1-2,4-3-3,Julio César Luna,,False,37,1502.55,182,913.42,0,0,0,0,0,0,,,,,,,25.2854,51.531,,-145,1,363.0,6.0,6.0,2.5,0.5,1.0,1.0,,37.8,0.0,17.2,1,0,1
Panama,2025-06-10,19:00,WCQ,Second round,Tue,Home,W,3.0,0.0,Nicaragua,,,Luis Mejía,4-2-3-1,4-1-4-1,Ismael Lopez,,False,37,1502.55,131,1118.04,0,0,0,0,0,0,,,,,,,25.2854,51.531,,-94,1,3.0,9.0,9.0,2.333333333333333,0.3333333333333333,1.0,1.0,,37.8,0.0,13.6,1,0,1
Panama,2025-09-04,18:30,WCQ,Third round,Thu,Away,D,0.0,0.0,Suriname,,,Aníbal Godoy,4-2-3-1,5-4-1,Kwinsi Williams,,False,37,1502.55,138,1094.39,0,0,0,0,0,0,,,,,,,25.2854,51.531,,-101,1,86.0,12.0,12.0,2.5,0.25,1.0,1.0,,36.5,0.0,12.9,0,0,1
Panama,2025-09-08,20:30,WCQ,Third round,Mon,Home,D,1.0,1.0,Guatemala,,,Aníbal Godoy,4-2-3-1,4-4-2,Said Martínez,,False,37,1502.55,107,1200.43,0,0,0,0,0,0,,,,,,,25.2854,51.531,,-70,1,4.0,13.0,13.0,2.0,0.2,1.0,0.6666666666666666,,44.9,0.0,18.8,0,0,1
Panama,2025-10-10,19:00,WCQ,Third round,Fri,Away,W,1.0,0.0,El Salvador,,,Erick Davis,5-4-1,5-3-2,Drew Fischer,,False,37,1502.55,80,1307.04,0,0,0,0,0,0,,,,,,,25.2854,51.531,,-43,1,32.0,11.0,14.0,1.8,0.4,0.6666666666666666,0.6666666666666666,,37.2,0.0,12.6,1,0,1
Panama,2025-10-14,20:00,WCQ,Third round,Tue,Home,D,1.0,1.0,Suriname,,,Erick Davis,5-4-1,3-4-3,Selvin Brown,,False,37,1502.55,138,1094.39,0,0,0,0,0,0,,,,,,,25.2854,51.531,,-101,1,4.0,11.0,17.0,1.4,0.2,0.6666666666666666,0.75,,34.2,0.0,20.0,0,0,1
Panama,2025-11-13,20:00,WCQ,Third round,Thu,Away,W,3.0,2.0,Guatemala,,,Aníbal Godoy,5-4-1,4-3-3,César Arturo Ramos,,False,37,1502.55,107,1200.43,0,0,0,0,0,0,,,,,,,25.2854,51.531,,-70,1,30.0,9.0,18.0,1.2,0.4,0.5,0.75,,29.5,0.0,14.1,1,0,0
Panama,2025-11-18,20:00,WCQ,Third round,Tue,Home,W,3.0,0.0,El Salvador,,,Aníbal Godoy,3-4-3,4-3-3,Said Martínez,,False,37,1502.55,80,1307.04,0,0,0,0,0,0,,,,,,,25.2854,51.531,,-43,1,5.0,9.0,21.0,1.2,0.8,0.5,0.8,,32.8,0.0,22.2,1,0,1
Panama,2026-03-27,19:00,Friendlies (M),Friendlies (M),Fri,Away,D,1.0,1.0,South Africa,,,Erick Davis,5-4-1,4-2-3-1,Thabang Ketshabile,,False,37,1502.55,59,1415.07,0,0,0,0,0,0,,,,,,,25.2854,51.531,,-22,1,129.0,11.0,24.0,1.8,0.8,0.6,0.8,,25.5,0.5,15.9,0,0,0
Panama,2026-03-31,19:30,Friendlies (M),Friendlies (M),Tue,Away,W,2.0,1.0,South Africa,,,Aníbal Godoy,3-4-3,4-2-3-1,Thabang Ketshabile,,False,37,1502.55,59,1415.07,0,0,0,0,0,0,,,,,,,25.2854,51.531,,-22,1,4.0,11.0,22.0,1.8,0.8,0.6,0.6666666666666666,,23.8,16.9,17.3,1,1,0
Panama,2026-05-31,18:30,Friendlies (M),Friendlies (M),Sun,Away,L,2.0,6.0,Brazil,,72140.0,Yoel Bárcenas,5-4-1,4-2-3-1,Daniel Schlager,,False,37,1502.55,5,1772.02,0,0,0,0,0,0,,,,,,,-15.8267,-47.9218,,32,0,61.0,11.0,22.0,2.0,1.0,0.6,0.7142857142857143,,26.3,0.0,10.7,0,0,0
Panama,2026-06-03,19:45,Friendlies (M),Friendlies (M),Wed,Home,W,4.0,2.0,Dominican Rep.,,,José Fajardo,3-5-2,5-4-1,Nelson Salgado,,False,37,1502.55,146,1057.75,0,0,0,0,0,0,,,,,,,25.2854,51.531,,-109,1,3.0,10.0,19.0,2.2,2.0,0.6,0.625,,45.3,0.0,20.9,1,0,1
Panama,2026-06-06,14:00,Friendlies (M),Friendlies (M),Sat,Neutral,D,1.0,1.0,Bosnia-Herzegovina,,,Michael Amir Murillo,5-4-1,4-2-2-2,Luis Enrique Santander,,False,37,1502.55,75,1332.39,0,0,0,0,0,0,,,,,,,25.2854,51.531,,-38,1,3.0,10.0,19.0,2.4,2.0,0.6666666666666666,0.625,,43.0,0.0,24.6,0,0,1
Paraguay,2023-09-07,18:30,WCQ,World Cup qualification,Thu,Home,D,0.0,0.0,Peru,60.0,16211.0,Gustavo Gómez,4-3-3,4-2-3-1,Andrés Matonte,,False,49,1442.64,21,1561.2,0,0,0,0,0,0,,,,,,,25.2854,51.531,,28,0,,,,,,,,,40.9,0.0,23.1,0,0,1
Paraguay,2023-09-12,18:00,WCQ,World Cup qualification,Tue,Away,L,0.0,1.0,Venezuela,46.0,48523.0,Gustavo Gómez,4-3-3,4-4-2,Andrés Rojas,,False,49,1442.64,57,1417.23,0,0,0,0,0,0,,,,,,,25.2854,51.531,,-8,1,5.0,1.0,1.0,0.0,0.0,0.0,,,38.2,0.0,18.7,0,0,1
Paraguay,2023-10-12,20:00,WCQ,World Cup qualification,Thu,Away,L,0.0,1.0,Argentina,25.0,80000.0,Gustavo Gómez,3-4-3,4-3-3,Raphael Claus,,False,52,1432.08,1,1851.41,0,0,0,0,0,0,,,,,,,-34.6037,-58.3816,,51,0,30.0,1.0,1.0,0.0,0.5,0.0,0.0,,16.2,0.0,15.7,0,0,0
Paraguay,2023-10-17,19:30,WCQ,World Cup qualification,Tue,Home,W,1.0,0.0,Bolivia,62.0,,Gustavo Gómez,4-2-3-1,5-3-2,Gustavo Tejera,,False,52,1432.08,83,1287.86,0,0,0,0,0,0,,,,,,,25.2854,51.531,,-31,1,5.0,1.0,1.0,0.0,0.6666666666666666,0.0,0.0,,37.6,0.0,20.6,1,0,1
Paraguay,2023-11-16,21:30,WCQ,World Cup qualification,Thu,Away,D,0.0,0.0,Chile,29.0,,Gustavo Gómez,4-2-3-1,4-2-3-1,Fernando Rapallini,,False,53,1436.96,37,1503.81,0,0,0,0,0,0,,,,,,,-33.4489,-70.6693,,16,0,30.0,4.0,4.0,0.25,0.5,0.5,0.0,,22.7,0.0,20.1,0,0,0
Paraguay,2023-11-21,20:00,WCQ,World Cup qualification,Tue,Home,L,0.0,1.0,Colombia,41.0,25298.0,Gustavo Gómez,4-2-2-2,4-2-3-1,Jesús Valenzuela,,False,53,1436.96,17,1626.6,0,0,0,0,0,0,,,,,,,25.2854,51.531,,36,0,5.0,5.0,5.0,0.2,0.4,0.5,0.0,,30.6,1.9,25.4,0,0,1
Paraguay,2024-09-06,20:30,WCQ,World Cup qualification,Fri,Away,D,0.0,0.0,Uruguay,35.0,47741.0,Gustavo Gómez,4-2-3-1,4-3-3,Darío Herrera,,False,62,1396.8,11,1713.15,0,0,0,0,0,0,,,,,,,-34.9011,-56.1645,,51,0,290.0,4.0,5.0,0.2,0.6,0.3333333333333333,0.0,,16.9,0.0,30.7,0,0,0
Paraguay,2024-09-10,20:30,WCQ,World Cup qualification,Tue,Home,W,1.0,0.0,Brazil,29.0,31962.0,Fabián Balbuena,4-2-3-1,4-3-3,Andrés Matonte,,False,62,1396.8,5,1785.61,0,0,0,0,0,0,,,,,,,25.2854,51.531,,57,0,4.0,5.0,6.0,0.2,0.4,0.3333333333333333,0.0,,45.0,0.0,21.7,1,0,1
Paraguay,2024-10-10,16:00,WCQ,World Cup qualification,Thu,Away,D,0.0,0.0,Ecuador,23.0,,Gustavo Gómez,3-4-3,3-4-3,Raphael Claus,,False,57,1423.98,27,1535.43,0,0,0,0,0,0,,,,,,,25.2854,51.531,,30,0,30.0,8.0,9.0,0.4,0.2,0.5,0.0,,35.6,0.0,20.7,0,0,1
Paraguay,2024-10-15,20:00,WCQ,World Cup qualification,Tue,Home,W,2.0,1.0,Venezuela,61.0,,Gustavo Gómez,4-2-3-1,4-2-3-1,Piero Maza,,False,57,1423.98,40,1488.56,0,0,0,0,0,0,,,,,,,25.2854,51.531,,17,0,5.0,6.0,10.0,0.2,0.2,0.5,0.0,,35.3,0.0,19.8,1,0,1
Paraguay,2024-11-14,20:30,WCQ,World Cup qualification,Thu,Home,W,2.0,1.0,Argentina,23.0,32200.0,Gustavo Gómez,4-4-2,4-2-3-1,Anderson Daronco,,False,57,1423.98,1,1889.02,0,0,0,0,0,0,,,,,,,25.2854,51.531,,56,0,30.0,8.0,13.0,0.6,0.4,0.6,0.0,,32.0,0.0,18.2,1,0,1
Paraguay,2024-11-19,16:00,WCQ,World Cup qualification,Tue,Away,D,2.0,2.0,Bolivia,35.0,18655.0,Gustavo Gómez,5-4-1,4-3-3,Andrés Matonte,,False,57,1423.98,83,1293.76,0,0,0,0,0,0,,,,,,,25.2854,51.531,,-26,1,5.0,11.0,15.0,1.0,0.4,0.6666666666666666,0.0,,30.8,0.0,12.7,0,0,1
Paraguay,2025-03-20,20:00,WCQ,World Cup qualification,Thu,Home,W,1.0,0.0,Chile,36.0,31193.0,Fabián Balbuena,4-4-2,4-2-3-1,Raphael Claus,,False,57,1423.98,49,1467.98,0,0,0,0,0,0,,,,,,,25.2854,51.531,,8,0,121.0,11.0,16.0,1.4,0.8,0.6666666666666666,0.0,,29.6,0.0,14.3,1,0,0
Paraguay,2025-03-25,19:00,WCQ,World Cup qualification,Tue,Away,D,2.0,2.0,Colombia,39.0,42262.0,Fabián Balbuena,4-2-3-1,4-2-3-1,Facundo Tello,,False,57,1423.98,9,1738.72,0,0,0,0,0,0,,,,,,,4.711,-74.0721,,48,0,5.0,11.0,19.0,1.4,0.8,0.7142857142857143,0.0,,20.2,0.0,15.2,0,0,0
Paraguay,2025-06-05,19:00,WCQ,World Cup qualification,Thu,Home,W,2.0,0.0,Uruguay,29.0,,Gustavo Gómez,4-4-1-1,4-3-3,Darío Herrera,,False,57,1423.98,11,1701.34,0,0,0,0,0,0,,,,,,,25.2854,51.531,,46,0,72.0,11.0,17.0,1.8,1.2,0.7142857142857143,0.0,,39.0,0.0,22.1,1,0,1
Paraguay,2025-06-10,21:45,WCQ,World Cup qualification,Tue,Away,L,0.0,1.0,Brazil,27.0,,Gustavo Gómez,4-2-3-1,4-2-3-1,Facundo Tello,,False,57,1423.98,5,1772.02,0,0,0,0,0,0,,,,,,,-15.8267,-47.9218,,52,0,5.0,11.0,19.0,1.8,1.0,0.75,0.0,,26.3,0.5,8.1,0,0,0
Paraguay,2025-09-04,19:30,WCQ,World Cup qualification,Thu,Home,D,0.0,0.0,Ecuador,38.0,,Gustavo Gómez,4-4-2,4-4-1-1,Raphael Claus,,False,57,1423.98,27,1535.43,0,0,0,0,0,0,,,,,,,25.2854,51.531,,30,0,86.0,8.0,19.0,1.4,1.0,0.75,0.0,,36.5,0.0,12.9,0,0,1
Paraguay,2025-09-09,18:30,WCQ,World Cup qualification,Tue,Away,W,1.0,0.0,Peru,46.0,,Gustavo Gómez,4-4-2,4-5-1,Maximiliano Ramírez,,False,57,1423.98,43,1483.2,0,0,0,0,0,0,,,,,,,25.2854,51.531,,14,0,5.0,8.0,19.0,1.0,0.6,0.6666666666666666,0.0,,43.9,0.0,19.8,1,0,1
Paraguay,2026-03-27,21:00,Friendlies (M),Friendlies (M),Fri,Away,W,1.0,0.0,Greece,,33296.0,Gustavo Gómez,4-2-2-2,4-2-3-1,Daniele Chiffi,,False,57,1423.98,48,1469.18,0,0,0,0,0,0,,,,,,,25.2854,51.531,,9,0,199.0,8.0,19.0,1.0,0.6,0.6666666666666666,0.1111111111111111,,25.5,0.5,15.9,1,0,0
Paraguay,2026-03-31,20:00,Friendlies (M),Friendlies (M),Tue,Neutral,L,1.0,2.0,Morocco,,38000.0,Gustavo Gómez,4-2-2-2,4-2-3-1,Eric Wattellier,,False,57,1423.98,14,1676.14,0,0,0,0,0,0,,,,,,,25.2854,51.531,,43,0,4.0,10.0,21.0,0.8,0.2,0.6666666666666666,0.2,,23.8,16.9,17.3,0,1,0
Paraguay,2026-06-05,18:45,Friendlies (M),Friendlies (M),Fri,Home,W,4.0,0.0,Nicaragua,,35000.0,Gustavo Gómez,4-2-3-1,5-4-1,Maximiliano Ramírez,,False,57,1423.98,131,1118.04,0,0,0,0,0,0,,,,,,,25.2854,51.531,,-74,1,66.0,7.0,18.0,0.6,0.6,0.6666666666666666,0.2,0.0,42.8,0.0,29.3,1,0,1
Paraguay,2026-06-12,18:00,World Cup,Group stage,Fri,Neutral,L,1.0,4.0,United States,35.0,70492.0,Gustavo Gómez,4-2-2-2,4-2-3-1,Danny Makkelie,,False,57,1423.98,18,1632.19,1,0,1,0,0,3,,,,,,,25.2854,51.531,,39,0,7.0,10.0,18.0,1.4,0.4,0.7,0.2,0.0,44.3,0.0,23.9,0,0,1
Portugal,2025-09-06,20:00,WCQ,First round,Sat,Away,W,5.0,0.0,Armenia,71.0,14403.0,Cristiano Ronaldo,4-3-3,4-4-2,Anthony Taylor,,False,8,1752.14,96,1230.43,0,0,0,0,0,0,,,,,,,25.2854,51.531,,-88,1,,,,,,,,,40.7,0.0,12.6,1,0,1
Portugal,2025-09-09,20:45,WCQ,First round,Tue,Away,W,3.0,2.0,Hungary,69.0,61473.0,Cristiano Ronaldo,4-2-3-1,4-1-4-1,Erik Lambrechts,,False,8,1752.14,32,1511.06,1,1,0,0,3,1,,,,,,,25.2854,51.531,,-24,1,3.0,3.0,3.0,5.0,0.0,,1.0,,43.9,0.0,19.8,1,0,1
Portugal,2025-10-11,19:45,WCQ,First round,Sat,Home,W,1.0,0.0,Rep. of Ireland,70.0,48821.0,Cristiano Ronaldo,4-2-3-1,3-4-3,Ivan Kružliak,,False,8,1752.14,62,1394.63,0,0,0,0,0,0,,,,,,,38.7223,-9.1393,,-54,1,32.0,6.0,6.0,4.0,1.0,,1.0,,27.5,0.0,14.2,1,0,0
Portugal,2025-10-14,19:45,WCQ,First round,Tue,Home,D,2.0,2.0,Hungary,65.0,47854.0,Cristiano Ronaldo,4-2-3-1,4-3-3,Srđan Jovanović,,False,8,1752.14,32,1511.06,1,1,0,0,3,1,,,,,,,38.7223,-9.1393,,-24,1,3.0,9.0,9.0,3.0,0.6666666666666666,1.0,1.0,,28.6,0.0,9.6,0,0,0
Portugal,2025-11-13,19:45,WCQ,First round,Thu,Away,L,0.0,2.0,Rep. of Ireland,77.0,50717.0,Cristiano Ronaldo,4-3-3,3-4-3,Glenn Nyberg,,False,8,1752.14,62,1394.63,0,0,0,0,0,0,,,,,,,25.2854,51.531,,-54,1,30.0,10.0,10.0,2.75,1.0,0.5,1.0,,29.5,0.0,14.1,0,0,0
Portugal,2025-11-16,14:00,WCQ,First round,Sun,Home,W,9.0,1.0,Armenia,76.0,46702.0,Bernardo Silva,4-2-3-1,4-3-3,Irfan Peljto,,False,8,1752.14,96,1230.43,0,0,0,0,0,0,,,,,,,38.7223,-9.1393,,-88,1,3.0,10.0,10.0,2.2,1.2,0.5,0.6666666666666666,,18.0,6.1,21.6,1,1,0
Portugal,2026-03-28,19:00,Friendlies (M),Friendlies (M),Sat,Away,D,0.0,0.0,Mexico,,84130.0,Bruno Fernandes,4-2-3-1,4-1-4-1,Walter López,,False,8,1752.14,17,1635.66,1,1,0,0,2,1,,,,,,,19.4326,-99.1332,,-9,1,132.0,10.0,13.0,3.0,1.4,0.6666666666666666,0.6666666666666666,,22.0,0.0,18.8,0,0,0
Portugal,2026-03-31,19:07,Friendlies (M),Friendlies (M),Tue,Away,W,2.0,0.0,United States,,72297.0,Bruno Fernandes,4-2-3-1,4-2-3-1,Sven Jablonski,,False,8,1752.14,18,1632.19,2,0,1,1,4,5,,,,,,,38.9072,-77.0369,,-10,1,3.0,8.0,14.0,2.4,1.0,0.6666666666666666,0.5,,29.1,0.1,22.5,1,0,0
Portugal,2026-06-06,18:45,Friendlies (M),Friendlies (M),Sat,Home,W,2.0,1.0,Chile,,,Cristiano Ronaldo,4-2-3-1,4-2-2-2,Luca Zufferli,,False,8,1752.14,49,1467.98,0,0,0,0,0,0,,,,,,,38.7223,-9.1393,,-41,1,67.0,8.0,17.0,2.6,1.0,0.6666666666666666,0.6,,26.8,0.2,20.2,1,0,0
Portugal,2026-06-10,20:45,Friendlies (M),Friendlies (M),Wed,Home,W,2.0,1.0,Nigeria,,21049.0,Cristiano Ronaldo,4-2-3-1,4-1-4-1,Mateo Busquets,,False,8,1752.14,39,1498.02,0,0,0,0,0,0,,,,,,,38.7223,-9.1393,,-31,1,4.0,10.0,20.0,2.6,0.8,0.75,0.6,,29.3,0.0,22.5,1,0,0
Qatar,2023-11-16,18:45,WCQ,Second round,Thu,Home,W,8.0,1.0,Afghanistan,,19374.0,Hassan Al-Haydos,4-1-4-1,4-2-2-2,Nasrullo Kabirov,,False,61,1394.16,154,1033.8,0,0,0,0,0,0,,,,,,,25.2854,51.531,,-93,1,,,,,,,,,29.6,2.1,25.7,1,1,0
Qatar,2023-11-21,19:00,WCQ,Second round,Tue,Away,W,3.0,0.0,India,,11389.0,Hassan Al-Haydos,4-1-4-1,4-2-2-2,Sivakorn Pu-udom,,False,61,1394.16,102,1198.84,0,0,0,0,0,0,,,,,,,25.2854,51.531,,-41,1,5.0,3.0,3.0,8.0,1.0,1.0,,,30.6,1.9,25.4,1,0,1
Qatar,2024-03-21,21:30,WCQ,Second round,Thu,Home,W,3.0,0.0,Kuwait,,9826.0,Akram Afif,4-2-3-1,4-1-4-1,Jumpei Iida,,False,37,1499.34,137,1094.05,0,0,0,0,0,0,,,,,,,25.2854,51.531,,-100,1,121.0,6.0,6.0,5.5,0.5,1.0,1.0,,27.5,0.0,32.7,1,0,0
Qatar,2024-03-26,22:00,WCQ,Second round,Tue,Away,W,2.0,1.0,Kuwait,,8460.0,Akram Afif,4-3-1-2,4-1-4-1,Sadullo Gulmurodi,,False,37,1499.34,137,1094.05,0,0,0,0,0,0,,,,,,,25.2854,51.531,,-100,1,5.0,9.0,9.0,4.666666666666667,0.3333333333333333,1.0,1.0,,25.0,0.0,33.8,1,0,0
Qatar,2024-06-06,19:00,WCQ,Second round,Thu,Neutral,D,0.0,0.0,Afghanistan,,651.0,Saad Al Sheeb,3-4-3,4-2-2-2,Sivakorn Pu-udom,,False,34,1507.94,151,1036.92,0,0,0,0,0,0,,,,,,,25.2854,51.531,,-117,1,72.0,12.0,12.0,4.0,0.5,1.0,1.0,,39.3,0.0,18.9,0,0,1
Qatar,2024-06-11,18:45,WCQ,Second round,Tue,Home,W,2.0,1.0,India,,2816.0,Abdullah Al Ahrak,3-4-3,3-4-3,Kim Woosung,,False,34,1507.94,121,1145.94,0,0,0,0,0,0,,,,,,,25.2854,51.531,,-87,1,5.0,13.0,13.0,3.2,0.4,1.0,1.0,0.0,45.2,0.0,17.6,1,0,1
Qatar,2024-09-05,19:00,WCQ,Third round,Thu,Home,L,1.0,3.0,UAE,69.0,33952.0,Akram Afif,4-2-3-1,4-1-4-1,Shaun Evans,,False,34,1504.06,69,1368.84,0,0,0,0,0,0,,,,,,,25.2854,51.531,,-35,1,86.0,13.0,16.0,2.0,0.4,1.0,1.0,0.0,39.5,0.0,23.7,0,0,1
Qatar,2024-09-10,19:00,WCQ,Third round,Tue,Neutral,D,2.0,2.0,Korea DPR,73.0,140.0,Akram Afif,3-5-2,4-2-2-2,Nazmi Nasaruddin,,False,34,1504.06,110,1183.96,0,0,0,0,0,0,,,,,,,25.2854,51.531,,-76,1,5.0,10.0,16.0,1.6,1.0,0.75,1.0,0.0,45.0,0.0,21.7,0,0,1
Qatar,2024-10-10,19:00,WCQ,Third round,Thu,Home,W,3.0,1.0,Kyrgyz Republic,63.0,25195.0,Abdulaziz Hatem,4-2-3-1,5-3-2,Taqi Aljaafari,,False,44,1481.69,106,1201.11,0,0,0,0,0,0,,,,,,,25.2854,51.531,,-62,1,30.0,8.0,17.0,1.4,1.4,0.75,1.0,0.0,35.6,0.0,20.7,1,0,1
Qatar,2024-10-15,19:30,WCQ,Third round,Tue,Neutral,L,1.0,4.0,IR Iran,54.0,7890.0,Abdulaziz Hatem,4-4-1-1,4-2-3-1,Yūsuke Araki,,False,44,1481.69,19,1622.92,0,0,0,0,0,0,,,,,,,25.2854,51.531,,25,0,5.0,8.0,20.0,1.6,1.4,0.8,1.0,0.0,35.3,0.0,19.8,0,0,1
Qatar,2024-11-14,19:15,WCQ,Third round,Thu,Home,W,3.0,2.0,Uzbekistan,46.0,10759.0,Akram Afif,3-4-1-2,3-4-3,Kim Jonghyeok,,False,44,1481.69,60,1413.06,0,0,0,0,0,0,,,,,,,25.2854,51.531,,-16,1,30.0,7.0,20.0,1.8,2.2,0.8,1.0,0.0,32.0,0.0,18.2,1,0,1
Qatar,2024-11-19,20:00,WCQ,Third round,Tue,Away,L,0.0,5.0,UAE,68.0,13825.0,Akram Afif,3-5-2,4-2-3-1,Khalid Saleh Al Turais,,False,44,1481.69,69,1377.22,0,0,0,0,0,0,,,,,,,25.2854,51.531,,-25,1,5.0,7.0,20.0,2.0,2.4,0.8333333333333334,1.0,0.0,30.8,0.0,12.7,0,0,1
Qatar,2025-03-20,21:15,WCQ,Third round,Thu,Home,W,5.0,1.0,Korea DPR,53.0,10375.0,Akram Afif,3-4-3,4-2-2-2,Mohanad Qasim Sarray,,False,44,1481.69,111,1183.02,0,0,0,0,0,0,,,,,,,25.2854,51.531,,-67,1,121.0,7.0,17.0,1.8,2.8,0.8333333333333334,0.6666666666666666,0.0,29.6,0.0,14.3,1,0,0
Qatar,2025-03-25,19:45,WCQ,Third round,Tue,Away,L,1.0,3.0,Kyrgyz Republic,55.0,12325.0,Abdulaziz Hatem,3-4-3,5-3-2,Nazmi Nasaruddin,,False,44,1481.69,106,1201.11,0,0,0,0,0,0,,,,,,,25.2854,51.531,,-62,1,5.0,9.0,17.0,2.4,2.6,0.8571428571428571,0.6666666666666666,0.0,24.0,0.0,25.1,0,0,0
Qatar,2025-06-05,21:15,WCQ,Third round,Thu,Home,W,1.0,0.0,IR Iran,52.0,8925.0,Akram Afif,4-2-3-1,4-2-3-1,Mohammed Khaled Al Hoish,,False,44,1481.69,19,1622.92,0,0,0,0,0,0,,,,,,,25.2854,51.531,,25,0,72.0,6.0,14.0,2.0,3.0,0.8571428571428571,0.5,0.0,39.0,0.0,22.1,1,0,1
Qatar,2025-06-10,18:45,WCQ,Third round,Tue,Away,L,0.0,3.0,Uzbekistan,39.0,32931.0,Akram Afif,4-2-3-1,4-2-3-1,Ma Ning,,False,44,1481.69,60,1413.06,0,0,0,0,0,0,,,,,,,25.2854,51.531,,-16,1,5.0,9.0,16.0,2.0,2.2,0.875,0.5,0.0,37.8,0.0,13.6,0,0,1
Qatar,2025-10-08,18:00,WCQ,Fourth round,Wed,Away,D,0.0,0.0,Oman,70.0,12975.0,Boualem Khoukhi,4-2-3-1,4-1-4-1,Yūsuke Araki,,False,44,1481.69,78,1309.27,0,0,0,0,0,0,,,,,,,25.2854,51.531,,-34,1,120.0,6.0,13.0,1.4,2.4,0.875,0.4,0.0,35.9,0.0,11.1,0,0,1
Qatar,2025-10-14,20:00,WCQ,Fourth round,Tue,Home,W,2.0,1.0,UAE,41.0,13038.0,Boualem Khoukhi,4-2-2-2,4-2-3-1,Ilgiz Tantashev,,False,44,1481.69,69,1377.22,0,0,0,0,0,0,,,,,,,25.2854,51.531,,-25,1,6.0,7.0,14.0,1.4,1.4,0.875,0.3333333333333333,0.0,34.2,0.0,20.0,1,0,1
Qatar,2026-05-28,19:45,Friendlies (M),Friendlies (M),Thu,Away,L,0.0,1.0,Rep. of Ireland,,28981.0,Boualem Khoukhi,4-3-2-1,3-4-3,Jamie Robinson,,False,44,1481.69,62,1394.63,0,0,0,0,0,0,,,,,,,25.2854,51.531,,-18,1,226.0,7.0,16.0,0.8,1.4,0.8888888888888888,0.3333333333333333,0.0,45.5,0.0,11.5,0,0,1
Qatar,2026-06-06,13:00,Friendlies (M),Friendlies (M),Sat,Neutral,D,0.0,0.0,El Salvador,,,Boualem Khoukhi,4-1-4-1,5-3-2,Rubiel Vázquez,,False,44,1481.69,80,1307.04,0,0,0,0,0,0,,,,,,,25.2854,51.531,,-36,1,9.0,7.0,13.0,0.6,1.0,0.8888888888888888,0.2857142857142857,0.0,43.0,0.0,24.6,0,0,1
Qatar,2026-06-13,12:00,World Cup,Group stage,Sat,Neutral,D,1.0,1.0,Switzerland,32.0,67966.0,Boualem Khoukhi,4-1-4-1,4-2-3-1,Said Martínez,,False,44,1481.69,15,1641.0,0,0,0,0,0,0,,,,,,,25.2854,51.531,,29,0,7.0,5.0,14.0,0.4,1.0,0.8888888888888888,0.2857142857142857,0.0,40.8,0.0,23.3,0,0,1
Saudi Arabia,2023-11-16,19:30,WCQ,Second round,Thu,Home,W,4.0,0.0,Pakistan,,11150.0,Mohammed Al-Owais,3-1-4-2,4-2-2-2,Hanna Hattab,,False,57,1408.85,193,864.84,0,0,0,0,0,0,,,,,,,24.7136,46.6753,,-136,1,,,,,,,,,26.2,1.4,29.0,1,0,0
Saudi Arabia,2023-11-21,18:00,WCQ,Second round,Tue,Away,W,2.0,0.0,Jordan,,13845.0,Mohammed Al-Owais,3-5-2,4-1-4-1,Ahmed Abu Bakar Al Kaf,,False,57,1408.85,82,1284.39,0,0,0,0,0,0,,,,,,,25.2854,51.531,,-25,1,5.0,3.0,3.0,4.0,0.0,1.0,,,30.6,1.9,25.4,1,0,1
Saudi Arabia,2024-03-21,22:00,WCQ,Second round,Thu,Home,W,1.0,0.0,Tajikistan,,18756.0,Salem Al-Dawsari,3-1-4-2,4-2-2-2,Taqi Aljaafari,,False,53,1441.4,99,1218.89,0,0,0,0,0,0,,,,,,,24.7136,46.6753,,-46,1,121.0,6.0,6.0,3.0,0.0,1.0,1.0,,25.0,0.0,16.6,1,0,0
Saudi Arabia,2024-03-26,20:00,WCQ,Second round,Tue,Away,D,1.0,1.0,Tajikistan,,13300.0,Salem Al-Dawsari,3-3-2-2,4-2-2-2,Kim Jonghyeok,,False,53,1441.4,99,1218.89,0,0,0,0,0,0,,,,,,,25.2854,51.531,,-46,1,5.0,9.0,9.0,2.333333333333333,0.0,1.0,1.0,,25.0,0.0,33.8,0,0,0
Saudi Arabia,2024-06-06,20:30,WCQ,Second round,Thu,Away,W,3.0,0.0,Pakistan,,20124.0,Salem Al-Dawsari,3-4-3,5-3-2,Ammar Ebrahim Mahfoodh,,False,53,1443.53,195,849.94,0,0,0,0,0,0,,,,,,,25.2854,51.531,,-142,1,72.0,10.0,10.0,2.0,0.25,1.0,0.5,,39.3,0.0,18.9,1,0,1
Saudi Arabia,2024-06-11,21:00,WCQ,Second round,Tue,Home,L,1.0,2.0,Jordan,,17871.0,Salem Al-Dawsari,3-1-4-2,5-4-1,Adel Ali Al Naqbi,,False,53,1443.53,71,1350.21,0,0,0,0,0,0,,,,,,,24.7136,46.6753,,-18,1,5.0,13.0,13.0,2.2,0.2,1.0,0.6666666666666666,,45.0,0.0,17.4,0,0,1
Saudi Arabia,2024-09-05,21:00,WCQ,Third round,Thu,Home,D,1.0,1.0,Indonesia,66.0,42386.0,Salem Al-Dawsari,3-5-1-1,5-4-1,Adham Makhadmeh,,False,56,1431.3,133,1108.73,0,0,0,0,0,0,,,,,,,24.7136,46.6753,,-77,1,86.0,10.0,13.0,1.6,0.6,0.6666666666666666,0.6666666666666666,,40.2,0.0,20.2,0,0,1
Saudi Arabia,2024-09-10,20:00,WCQ,Third round,Tue,Away,W,2.0,1.0,China PR,57.0,48628.0,Salem Al-Dawsari,3-4-3,4-2-2-2,Sadullo Gulmurodi,,False,56,1431.3,87,1267.51,0,0,0,0,0,0,,,,,,,25.2854,51.531,,-31,1,5.0,8.0,14.0,1.4,0.8,0.5,0.6666666666666666,,45.0,0.0,21.7,1,0,1
Saudi Arabia,2024-10-10,21:00,WCQ,Third round,Thu,Home,L,0.0,2.0,Japan,57.0,56283.0,Salem Al-Dawsari,4-1-4-1,3-4-3,Kim Jonghyeok,,False,56,1433.16,16,1639.6,0,0,0,0,0,0,,,,,,,24.7136,46.6753,,40,0,30.0,8.0,17.0,1.6,1.0,0.5,0.75,,36.3,0.0,10.8,0,0,1
Saudi Arabia,2024-10-15,21:00,WCQ,Third round,Tue,Home,D,0.0,0.0,Bahrain,67.0,35437.0,Salem Al-Dawsari,4-1-4-1,4-2-2-2,Salman Ahmad Falahi,,False,56,1433.16,76,1315.49,0,0,0,0,0,0,,,,,,,24.7136,46.6753,,-20,1,5.0,7.0,17.0,1.4,1.2,0.4,0.75,,35.8,0.0,16.6,0,0,1
Saudi Arabia,2024-11-14,20:10,WCQ,Third round,Thu,Away,D,0.0,0.0,Australia,58.0,27491.0,Yasser Al-Shahrani,4-1-4-1,5-4-1,Adel Ali Al Naqbi,,False,56,1433.16,25,1544.3,0,0,0,0,0,0,,,,,,,25.2854,51.531,,31,0,30.0,5.0,18.0,0.8,1.2,0.3333333333333333,0.75,,32.0,0.0,18.2,0,0,1
Saudi Arabia,2024-11-19,19:00,WCQ,Third round,Tue,Away,L,0.0,2.0,Indonesia,77.0,55970.0,Yasser Al-Shahrani,4-1-4-1,3-5-2,Rustam Lutfullin,,False,56,1433.16,129,1124.17,0,0,0,0,0,0,,,,,,,25.2854,51.531,,-73,1,5.0,6.0,16.0,0.6,0.8,0.3333333333333333,0.6,,30.8,0.0,12.7,0,0,1
Saudi Arabia,2025-03-20,21:15,WCQ,Third round,Thu,Home,W,1.0,0.0,China PR,80.0,24742.0,Salem Al-Dawsari,4-2-2-2,4-2-3-1,Omar Mohamed Al Ali,,False,56,1433.16,91,1253.77,0,0,0,0,0,0,,,,,,,24.7136,46.6753,,-35,1,121.0,5.0,13.0,0.4,1.0,0.3333333333333333,0.5,,33.7,0.4,18.9,1,0,1
Saudi Arabia,2025-03-25,19:35,WCQ,Third round,Tue,Away,D,0.0,0.0,Japan,22.0,58003.0,Salem Al-Dawsari,5-4-1,3-4-3,Ahmad Al Ali,,False,56,1433.16,16,1639.6,0,0,0,0,0,0,,,,,,,35.6762,139.6503,,40,0,5.0,5.0,13.0,0.2,0.8,0.4285714285714285,0.5,,22.5,0.1,14.3,0,0,0
Saudi Arabia,2025-06-05,19:00,WCQ,Third round,Thu,Away,W,2.0,0.0,Bahrain,46.0,15075.0,Salem Al-Dawsari,4-1-4-1,4-2-2-2,Ilgiz Tantashev,,False,56,1433.16,76,1315.49,0,0,0,0,0,0,,,,,,,25.2854,51.531,,-20,1,72.0,6.0,13.0,0.2,0.4,0.4285714285714285,0.4285714285714285,,39.0,0.0,22.1,1,0,1
Saudi Arabia,2025-06-10,21:15,WCQ,Third round,Tue,Home,L,1.0,2.0,Australia,70.0,24620.0,Salem Al-Dawsari,4-1-4-1,3-4-3,Abdulrahman Ibrahim Al Jassim,,False,56,1433.16,25,1544.3,0,0,0,0,0,0,,,,,,,24.7136,46.6753,,31,0,5.0,8.0,13.0,0.6,0.4,0.4285714285714285,0.5,,44.3,0.0,15.2,0,0,1
Saudi Arabia,2025-10-08,20:15,WCQ,Fourth round,Wed,Away,W,3.0,2.0,Indonesia,55.0,40634.0,Salem Al-Dawsari,4-2-3-1,4-2-2-2,Ahmad Al Ali,,False,56,1433.16,129,1124.17,0,0,0,0,0,0,,,,,,,25.2854,51.531,,-73,1,120.0,7.0,13.0,0.8,0.8,0.375,0.5,,35.9,0.0,11.1,1,0,1
Saudi Arabia,2025-10-14,21:45,WCQ,Fourth round,Tue,Home,D,0.0,0.0,Iraq,62.0,60816.0,Salem Al-Dawsari,4-2-3-1,4-2-3-1,Adham Makhadmeh,,False,56,1433.16,55,1435.9,0,0,0,0,0,0,,,,,,,24.7136,46.6753,,1,0,6.0,10.0,15.0,1.4,0.8,0.375,0.5555555555555556,,33.8,0.0,13.5,0,0,1
Saudi Arabia,2026-03-27,20:30,Friendlies (M),Friendlies (M),Fri,Home,L,0.0,4.0,Egypt,,,Salman Al-Faraj,3-4-1-2,4-1-4-1,Abdulla Ali Al Athba,,False,56,1433.16,31,1515.64,1,1,0,0,2,1,,,,,,,24.7136,46.6753,,25,0,164.0,8.0,13.0,1.2,0.8,0.3333333333333333,0.5555555555555556,,22.4,0.0,15.3,0,0,0
Saudi Arabia,2026-03-31,18:00,Friendlies (M),Friendlies (M),Tue,Away,L,1.0,2.0,Serbia,,4101.0,Mohamed Kanno,4-2-3-1,4-2-3-1,Balázs Berke,,False,56,1433.16,35,1505.08,0,0,0,0,0,0,,,,,,,25.2854,51.531,,21,0,4.0,7.0,13.0,1.2,1.6,0.3,0.5555555555555556,,23.8,16.9,17.3,0,1,0
Saudi Arabia,2026-05-30,20:00,Friendlies (M),Friendlies (M),Sat,Neutral,L,1.0,2.0,Ecuador,,,Salem Al-Dawsari,4-1-4-1,4-2-2-2,Filip Dujic,,False,56,1433.16,27,1535.43,0,0,0,0,0,0,,,,,,,25.2854,51.531,,29,0,60.0,4.0,12.0,1.0,2.0,0.3,0.5,,40.6,0.0,19.6,0,0,1
Saudi Arabia,2026-06-05,18:00,Friendlies (M),Friendlies (M),Fri,Neutral,W,3.0,0.0,Puerto Rico,,,Mohamed Kanno,4-2-3-1,4-2-2-2,Reon Radix,,False,56,1433.16,154,1021.62,0,0,0,0,0,0,,,,,,,25.2854,51.531,,-98,1,6.0,4.0,11.0,1.0,2.0,0.3,0.5,0.0,42.8,0.0,29.3,1,0,1
Saudi Arabia,2026-06-09,18:00,Friendlies (M),Friendlies (M),Tue,Neutral,D,0.0,0.0,Senegal,,,Salem Al-Dawsari,4-2-3-1,4-1-4-1,Víctor Rivas,,False,56,1433.16,21,1620.87,0,0,0,0,0,0,,,,,,,25.2854,51.531,,35,0,4.0,4.0,14.0,1.0,1.6,0.3,0.5,0.5,44.1,0.0,16.3,0,0,1
Scotland,2025-09-05,20:45,WCQ,First round,Fri,Away,D,0.0,0.0,Denmark,27.0,35369.0,Andy Robertson,4-2-3-1,4-4-1-1,Daniel Siebert,,False,52,1461.75,20,1621.7,1,0,1,0,0,1,,,,,,,25.2854,51.531,,32,0,,,,,,,,,39.8,0.1,16.5,0,0,1
Scotland,2025-09-08,21:45,WCQ,First round,Mon,Away,W,2.0,0.0,Belarus,73.0,,Andy Robertson,4-3-1-2,5-3-2,Nikola Dabanović,,False,52,1461.75,97,1229.07,0,0,0,0,0,0,,,,,,,25.2854,51.531,,-45,1,3.0,1.0,1.0,0.0,0.0,,0.0,,44.9,0.0,18.8,1,0,1
Scotland,2025-10-09,19:45,WCQ,First round,Thu,Home,W,3.0,1.0,Greece,33.0,46006.0,Andy Robertson,4-3-3,4-2-3-1,Espen Eskås,,False,52,1461.75,48,1469.18,0,0,0,0,0,0,,,,,,,25.2854,51.531,,4,0,31.0,4.0,4.0,1.0,0.0,,0.5,,35.5,0.0,13.5,1,0,1
Scotland,2025-10-12,17:00,WCQ,First round,Sun,Home,W,2.0,1.0,Belarus,55.0,49346.0,Andy Robertson,4-2-3-1,4-4-1-1,Marian Barbu,,False,52,1461.75,97,1229.07,0,0,0,0,0,0,,,,,,,25.2854,51.531,,-45,1,3.0,7.0,7.0,1.6666666666666667,0.3333333333333333,1.0,0.5,,34.2,0.0,11.8,1,0,1
Scotland,2025-11-15,21:45,WCQ,First round,Sat,Away,L,2.0,3.0,Greece,51.0,18405.0,Andy Robertson,4-2-3-1,4-2-3-1,Jesús Gil,,False,52,1461.75,48,1469.18,0,0,0,0,0,0,,,,,,,25.2854,51.531,,4,0,34.0,10.0,10.0,1.75,0.5,1.0,0.5,,31.1,0.0,14.4,0,0,1
Scotland,2025-11-18,19:45,WCQ,First round,Tue,Home,W,4.0,2.0,Denmark,30.0,49587.0,Andy Robertson,4-1-4-1,4-2-3-1,Szymon Marciniak,,False,52,1461.75,20,1621.7,1,0,1,0,0,1,,,,,,,25.2854,51.531,,32,0,3.0,10.0,10.0,1.8,1.0,1.0,0.3333333333333333,,32.8,0.0,22.2,1,0,1
Scotland,2026-03-28,17:00,Friendlies (M),Friendlies (M),Sat,Home,L,0.0,1.0,Japan,,44644.0,Andy Robertson,4-2-3-1,3-4-3,Shaun Evans,,False,52,1461.75,16,1639.6,1,0,1,0,1,2,,,,,,,25.2854,51.531,,36,0,130.0,12.0,13.0,2.6,1.4,1.0,0.3333333333333333,,24.1,0.0,17.7,0,0,0
Scotland,2026-03-31,19:30,Friendlies (M),Friendlies (M),Tue,Neutral,L,0.0,1.0,Côte d'Ivoire,,33034.0,Andy Robertson,3-4-1-2,4-2-3-1,Daniel Elder,,False,52,1461.75,33,1509.12,0,0,0,0,0,0,,,,,,,25.2854,51.531,,19,0,3.0,9.0,13.0,2.2,1.6,0.75,0.3333333333333333,,23.8,16.9,17.3,0,1,0
Scotland,2026-05-30,13:00,Friendlies (M),Friendlies (M),Sat,Home,W,4.0,1.0,Curaçao,,44433.0,Andy Robertson,4-2-2-2,5-4-1,Goga Kikacheishvili,,False,52,1461.75,88,1261.38,0,0,0,0,0,0,,,,,,,25.2854,51.531,,-36,1,60.0,6.0,13.0,1.6,1.6,0.75,0.3333333333333333,0.0,40.6,0.0,19.6,1,0,1
Scotland,2026-06-06,16:00,Friendlies (M),Friendlies (M),Sat,Neutral,W,4.0,0.0,Bolivia,,,Andy Robertson,4-2-2-2,4-1-4-1,Rosendo Mendoza,,False,52,1461.75,83,1293.76,0,0,0,0,0,0,,,,,,,25.2854,51.531,,-31,1,7.0,6.0,16.0,2.0,1.6,0.8,0.3333333333333333,0.0,43.0,0.0,24.6,1,0,1
Scotland,2026-06-13,21:00,World Cup,Group stage,Sat,Neutral,W,1.0,0.0,Haiti,46.0,64146.0,Andy Robertson,4-2-2-2,4-2-2-2,Mustapha Ghorbal,,False,52,1461.75,86,1278.56,0,0,0,0,0,0,,,,,,,25.2854,51.531,,-34,1,7.0,9.0,19.0,2.4,1.0,0.8,0.3333333333333333,0.5,40.8,0.0,23.3,1,0,1
Senegal,2023-11-18,19:00,WCQ,First round,Sat,Home,W,4.0,0.0,South Sudan,,,Kalidou Koulibaly,4-1-4-1,4-1-4-1,Retṧelisitsoe Molise,,False,20,1600.82,167,986.56,0,0,0,0,0,0,,,,,,,14.7167,-17.4677,,-147,1,,,,,,,,,31.6,0.0,18.1,1,0,1
Senegal,2023-11-21,16:00,WCQ,First round,Tue,Away,D,0.0,0.0,Togo,,,Kalidou Koulibaly,4-1-4-1,4-1-4-1,Mustapha Ghorbal,,False,20,1600.82,119,1158.24,0,0,0,0,0,0,,,,,,,25.2854,51.531,,-99,1,3.0,3.0,3.0,4.0,0.0,1.0,,,30.6,1.9,25.4,0,0,1
Senegal,2024-06-06,19:00,WCQ,First round,Thu,Home,D,1.0,1.0,Congo DR,,,Kalidou Koulibaly,3-4-1-2,4-2-3-1,Mutaz Al Shalmani,,False,17,1624.73,63,1388.25,0,0,0,0,0,0,,,,,,,14.7167,-17.4677,,-46,1,198.0,4.0,4.0,2.0,0.0,1.0,0.0,,27.1,0.0,23.7,0,0,0
Senegal,2024-06-09,16:00,WCQ,First round,Sun,Away,W,1.0,0.0,Mauritania,,,Kalidou Koulibaly,3-4-1-2,4-2-3-1,Samir Guezzaz,,False,17,1624.73,105,1195.5,0,0,0,0,0,0,,,,,,,25.2854,51.531,,-88,1,3.0,5.0,5.0,1.6666666666666667,0.3333333333333333,0.5,0.0,,37.0,0.0,18.0,1,0,1
Senegal,2025-03-22,21:00,WCQ,First round,Sat,Neutral,D,0.0,0.0,Sudan,,,Kalidou Koulibaly,4-1-4-1,4-2-3-1,Tanguy Mebiame,,False,21,1620.87,120,1154.5,0,0,0,0,0,0,,,,,,,25.2854,51.531,,-99,1,286.0,8.0,8.0,1.5,0.25,0.5,0.5,,33.5,0.4,15.0,0,0,1
Senegal,2025-03-25,21:00,WCQ,First round,Tue,Home,W,2.0,0.0,Togo,,,Kalidou Koulibaly,4-1-4-1,5-4-1,Peter Waweru,,False,21,1620.87,119,1158.81,0,0,0,0,0,0,,,,,,,14.7167,-17.4677,,-98,1,3.0,9.0,9.0,1.2,0.2,0.5,0.5,0.0,25.0,0.0,21.1,1,0,0
Senegal,2025-09-05,19:00,WCQ,First round,Fri,Home,W,2.0,0.0,Sudan,,,Kalidou Koulibaly,4-1-4-1,4-2-3-1,Imtehaz Heeralall,,False,21,1620.87,120,1154.5,0,0,0,0,0,0,,,,,,,14.7167,-17.4677,,-99,1,164.0,9.0,12.0,0.8,0.2,0.6666666666666666,0.5,0.0,30.1,4.2,20.5,1,1,1
Senegal,2025-09-09,17:00,WCQ,First round,Tue,Away,W,3.0,2.0,Congo DR,,,Kalidou Koulibaly,4-1-4-1,4-1-4-1,Cumar Cabdiqaadir Cartan,,False,21,1620.87,58,1416.91,0,0,0,0,0,0,,,,,,,25.2854,51.531,,-37,1,4.0,11.0,15.0,1.2,0.2,0.75,0.5,0.0,43.9,0.0,19.8,1,0,1
Senegal,2025-10-10,15:00,WCQ,First round,Fri,Away,W,5.0,0.0,South Sudan,,,Kalidou Koulibaly,4-2-3-1,4-2-3-1,Abdou Abdel Mefire,,False,21,1620.87,172,967.83,0,0,0,0,0,0,,,,,,,25.2854,51.531,,-151,1,31.0,13.0,18.0,1.6,0.4,0.75,0.6666666666666666,0.0,37.2,0.0,12.6,1,0,1
Senegal,2025-10-14,19:00,WCQ,First round,Tue,Home,W,4.0,0.0,Mauritania,,,Kalidou Koulibaly,4-2-2-2,4-2-2-2,Mohamed Ali Moussa,,False,21,1620.87,112,1179.04,0,0,0,0,0,0,,,,,,,14.7167,-17.4677,,-91,1,4.0,13.0,21.0,2.4,0.4,0.75,0.75,0.0,31.9,0.5,13.4,1,0,1
Senegal,2026-03-28,17:00,Friendlies (M),Friendlies (M),Sat,Neutral,W,2.0,0.0,Peru,,,Idrissa Gueye,4-1-4-1,4-2-3-1,Jérémie Pignard,,False,21,1620.87,43,1483.2,0,0,0,0,0,0,,,,,,,25.2854,51.531,,-22,1,165.0,15.0,24.0,3.2,0.4,0.8,0.75,0.0,24.1,0.0,17.7,1,0,0
Senegal,2026-03-31,19:00,Friendlies (M),Friendlies (M),Tue,Home,W,3.0,1.0,Gambia,,,Abdoulaye Seck,3-4-3,3-4-3,Abdel Aziz Mohamed Bouh,,False,21,1620.87,124,1137.47,0,0,0,0,0,0,,,,,,,14.7167,-17.4677,,-103,1,3.0,15.0,24.0,3.2,0.4,0.8,0.75,0.5,28.3,0.0,23.5,1,0,0
Senegal,2026-05-31,15:30,Friendlies (M),Friendlies (M),Sun,Away,L,2.0,3.0,United States,,57741.0,Sadio Mané,4-2-3-1,4-2-3-1,Nick Walsh,,False,21,1620.87,18,1632.19,0,0,0,0,0,0,,,,,,,38.9072,-77.0369,,3,0,61.0,15.0,26.0,3.4,0.6,0.8333333333333334,0.75,0.5,26.4,0.0,9.9,0,0,0
Senegal,2026-06-09,18:00,Friendlies (M),Friendlies (M),Tue,Neutral,D,0.0,0.0,Saudi Arabia,,,Sadio Mané,4-1-4-1,4-2-3-1,Víctor Rivas,,False,21,1620.87,56,1433.16,0,0,0,0,0,0,,,,,,,25.2854,51.531,,-35,1,9.0,12.0,25.0,3.2,0.8,0.8333333333333334,0.6,0.5,44.1,0.0,16.3,0,0,1
South Africa,2023-11-18,15:00,WCQ,First round,Sat,Home,W,2.0,1.0,Benin,,,Ronwen Williams,4-2-3-1,4-1-4-1,Mahmood Ali Mahmood Ismail,,False,64,1366.35,93,1238.89,0,0,0,0,0,0,,,,,,,25.2854,51.531,,-29,1,,,,,,,,,28.2,0.0,18.9,1,0,0
South Africa,2023-11-21,15:00,WCQ,First round,Tue,Away,L,0.0,2.0,Rwanda,,,Ronwen Williams,4-2-3-1,4-2-3-1,Amin Omar,,False,64,1366.35,140,1087.03,0,0,0,0,0,0,,,,,,,25.2854,51.531,,-76,1,3.0,3.0,3.0,2.0,1.0,1.0,,,30.6,1.9,25.4,0,0,1
South Africa,2024-06-07,20:00,WCQ,First round,Fri,Away,D,1.0,1.0,Nigeria,,,Ronwen Williams,4-2-2-2,4-2-3-1,Alhadj Allaou Mahamat,,False,59,1407.67,30,1520.27,0,0,0,0,0,0,,,,,,,25.2854,51.531,,29,0,199.0,3.0,3.0,1.0,1.5,1.0,0.0,,42.1,0.0,21.0,0,0,1
South Africa,2024-06-11,18:00,WCQ,First round,Tue,Home,W,3.0,1.0,Zimbabwe,,,Ronwen Williams,4-2-2-2,3-4-3,Mohamed Maarouf,,False,59,1407.67,122,1143.66,0,0,0,0,0,0,,,,,,,25.2854,51.531,,-63,1,4.0,4.0,4.0,1.0,1.3333333333333333,1.0,0.0,,45.2,0.0,17.6,1,0,1
South Africa,2025-03-21,18:00,WCQ,First round,Fri,Home,L,0.0,3.0,Lesotho,,,Ronwen Williams,4-2-3-1,4-2-3-1,Mohamed Diraneh Guedi,Match awarded to Lesotho,False,59,1415.07,153,1034.02,0,0,0,0,0,0,,,,,,,25.2854,51.531,,-94,1,283.0,7.0,7.0,1.5,1.25,1.0,0.0,,33.5,0.0,17.1,0,0,1
South Africa,2025-03-25,16:00,WCQ,First round,Tue,Neutral,W,2.0,0.0,Benin,,,Ronwen Williams,4-2-3-1,4-2-3-1,Dahane Beida,,False,59,1415.07,89,1257.69,0,0,0,0,0,0,,,,,,,25.2854,51.531,,-30,1,4.0,7.0,7.0,1.2,1.6,0.6666666666666666,0.0,,24.0,0.0,25.1,1,0,0
South Africa,2025-09-05,18:00,WCQ,First round,Fri,Neutral,W,3.0,0.0,Lesotho,,,Ronwen Williams,4-2-3-1,4-1-4-1,Dickens Mimisa,,False,59,1415.07,153,1034.02,0,0,0,0,0,0,,,,,,,25.2854,51.531,,-94,1,164.0,7.0,10.0,1.2,1.4,0.6666666666666666,0.0,1.0,39.8,0.1,16.5,1,0,1
South Africa,2025-09-09,18:00,WCQ,First round,Tue,Home,D,1.0,1.0,Nigeria,,,Ronwen Williams,4-2-3-1,4-3-1-2,Pierre Ghislain Atcho,,False,59,1415.07,39,1498.02,0,0,0,0,0,0,,,,,,,25.2854,51.531,,20,0,4.0,10.0,13.0,1.8,1.0,0.6666666666666666,0.0,1.0,43.9,0.0,19.8,0,0,1
South Africa,2025-10-10,18:00,WCQ,First round,Fri,Neutral,D,0.0,0.0,Zimbabwe,,,Ronwen Williams,4-2-3-1,4-2-3-1,Mustapha Ghorbal,,False,59,1415.07,124,1134.99,0,0,0,0,0,0,,,,,,,25.2854,51.531,,-65,1,31.0,10.0,14.0,1.8,1.0,0.5,0.0,1.0,37.2,0.0,12.6,0,0,1
South Africa,2025-10-14,18:00,WCQ,First round,Tue,Home,W,3.0,0.0,Rwanda,,,Ronwen Williams,4-2-3-1,4-1-4-1,Mehrez Melki,,False,59,1415.07,130,1123.32,0,0,0,0,0,0,,,,,,,25.2854,51.531,,-71,1,4.0,8.0,15.0,1.2,0.8,0.5,0.0,0.6666666666666666,34.2,0.0,20.0,1,0,1
South Africa,2026-03-27,19:00,Friendlies (M),Friendlies (M),Fri,Home,D,1.0,1.0,Panama,,,Ronwen Williams,4-2-3-1,5-4-1,Thabang Ketshabile,,False,59,1415.07,37,1502.55,0,0,0,0,0,0,,,,,,,25.2854,51.531,,22,0,164.0,11.0,18.0,1.8,0.2,0.6,0.0,0.6666666666666666,25.5,0.5,15.9,0,0,0
South Africa,2026-03-31,19:30,Friendlies (M),Friendlies (M),Tue,Home,L,1.0,2.0,Panama,,,Ronwen Williams,4-2-3-1,3-4-3,Thabang Ketshabile,,False,59,1415.07,37,1502.55,0,0,0,0,0,0,,,,,,,25.2854,51.531,,22,0,4.0,9.0,16.0,1.6,0.4,0.5,0.0,0.6666666666666666,23.8,16.9,17.3,0,1,0
South Africa,2026-05-29,18:00,Friendlies (M),Friendlies (M),Fri,Home,D,0.0,0.0,Nicaragua,,,Themba Zwane,4-2-3-1,5-4-1,Lebalang Mokete,,False,59,1415.07,131,1118.04,0,0,0,0,0,0,,,,,,,25.2854,51.531,,-72,1,59.0,6.0,16.0,1.2,0.8,0.4285714285714285,0.0,0.6666666666666666,45.8,0.0,12.8,0,0,1
South Africa,2026-06-11,13:00,World Cup,Group stage,Thu,Neutral,L,0.0,2.0,Mexico,40.0,80824.0,Ronwen Williams,5-3-2,4-1-4-1,Wilton Sampaio,,False,59,1415.07,17,1635.66,1,0,0,1,1,1,,,,,,,25.2854,51.531,,42,0,13.0,6.0,16.0,1.0,0.6,0.375,0.0,0.6666666666666666,44.6,0.0,17.2,0,0,1
Spain,2025-09-04,21:45,WCQ,First round,Thu,Away,W,3.0,0.0,Bulgaria,78.0,40582.0,Unai Simón,4-3-3,4-3-3,Srđan Jovanović,,False,3,1836.42,81,1302.68,1,1,0,0,6,1,,,,,,,25.2854,51.531,,-78,1,,,,,,,,,36.5,0.0,12.9,1,0,1
Spain,2025-09-07,21:45,WCQ,First round,Sun,Away,W,6.0,0.0,Türkiye,50.0,32059.0,Unai Simón,4-3-3,4-2-3-1,Michael Oliver,,False,3,1836.42,26,1538.52,0,0,0,0,0,0,,,,,,,25.2854,51.531,,-23,1,3.0,3.0,3.0,3.0,0.0,,1.0,,45.1,0.0,15.6,1,0,1
Spain,2025-10-11,20:45,WCQ,First round,Sat,Home,W,2.0,0.0,Georgia,83.0,28661.0,Unai Simón,4-3-3,5-3-2,Manfredas Lukjančukas,,False,3,1836.42,66,1378.22,0,0,0,0,0,0,,,,,,,40.4168,-3.7038,,-63,1,34.0,6.0,6.0,4.5,0.0,,1.0,,23.5,0.0,13.4,1,0,0
Spain,2025-10-14,20:45,WCQ,First round,Tue,Home,W,4.0,0.0,Bulgaria,78.0,24526.0,Unai Simón,4-2-3-1,4-5-1,Willy Delajod,,False,3,1836.42,81,1302.68,1,1,0,0,6,1,,,,,,,40.4168,-3.7038,,-78,1,3.0,9.0,9.0,3.6666666666666665,0.0,1.0,1.0,,23.4,0.0,4.7,1,0,0
Spain,2025-11-15,21:00,WCQ,First round,Sat,Away,W,4.0,0.0,Georgia,61.0,44314.0,Unai Simón,4-3-3,4-1-4-1,Benoît Bastien,,False,3,1836.42,66,1378.22,0,0,0,0,0,0,,,,,,,25.2854,51.531,,-63,1,32.0,12.0,12.0,3.75,0.0,1.0,1.0,,31.1,0.0,14.4,1,0,1
Spain,2025-11-18,20:45,WCQ,First round,Tue,Home,D,2.0,2.0,Türkiye,73.0,30812.0,Unai Simón,4-3-3,5-4-1,Felix Zwayer,,False,3,1836.42,26,1538.52,0,0,0,0,0,0,,,,,,,40.4168,-3.7038,,-23,1,3.0,15.0,15.0,3.8,0.0,1.0,1.0,,13.2,0.0,8.3,0,0,0
Spain,2026-03-27,21:00,Friendlies (M),Friendlies (M),Fri,Home,W,3.0,0.0,Serbia,,20482.0,Rodri,4-1-4-1,4-4-1-1,Luís Godinho,,False,3,1836.42,35,1505.08,0,0,0,0,0,0,,,,,,,40.4168,-3.7038,,-32,1,129.0,13.0,16.0,3.6,0.4,0.6666666666666666,1.0,,18.9,0.0,19.0,1,0,0
Spain,2026-03-31,21:00,Friendlies (M),Friendlies (M),Tue,Home,D,0.0,0.0,Egypt,,35895.0,Ferrán Torres,4-1-4-1,4-2-3-1,Georgi Kabakov,,False,3,1836.42,31,1515.64,0,0,0,0,0,0,,,,,,,40.4168,-3.7038,,-28,1,4.0,13.0,19.0,3.0,0.4,0.75,1.0,,20.1,0.0,23.6,0,0,0
Spain,2026-06-04,21:00,Friendlies (M),Friendlies (M),Thu,Home,D,1.0,1.0,Iraq,,30423.0,Ferrán Torres,4-1-4-1,4-2-2-2,Florian Badstübner,,False,3,1836.42,55,1435.9,0,0,0,0,0,0,,,,,,,40.4168,-3.7038,,-52,1,65.0,11.0,20.0,2.6,0.4,0.6,1.0,,28.5,0.0,17.5,0,0,0
Spain,2026-06-08,20:00,Friendlies (M),Friendlies (M),Mon,Neutral,W,3.0,1.0,Peru,,,Rodri,4-2-3-1,4-2-2-2,Fernando Hernández,,False,3,1836.42,43,1483.2,0,0,0,0,0,0,,,,,,,25.2854,51.531,,-40,1,4.0,9.0,21.0,2.0,0.6,0.5,1.0,,41.2,0.0,19.3,1,0,1
Sweden,2025-09-05,20:45,WCQ,First round,Fri,Away,D,2.0,2.0,Slovenia,59.0,15679.0,Isak Hien,3-5-2,4-4-2,Jose Maria Sánchez,,False,28,1528.18,51,1462.98,0,0,0,0,0,0,,,,,,,25.2854,51.531,,-23,1,,,,,,,,,39.8,0.1,16.5,0,0,1
Sweden,2025-09-08,20:45,WCQ,First round,Mon,Away,L,0.0,2.0,Kosovo,69.0,12887.0,Isak Hien,3-5-2,4-4-2,Allard Lindhout,,False,28,1528.18,104,1205.96,0,0,0,0,0,0,,,,,,,25.2854,51.531,,-76,1,3.0,1.0,1.0,2.0,2.0,,0.0,,44.9,0.0,18.8,0,0,1
Sweden,2025-10-10,20:45,WCQ,First round,Fri,Home,L,0.0,2.0,Switzerland,41.0,50151.0,Alexander Isak,3-5-2,4-3-3,Anthony Taylor,,False,28,1528.18,15,1641.0,1,1,0,0,1,0,,,,,,,25.2854,51.531,,13,0,32.0,1.0,1.0,1.0,2.0,,0.0,,37.2,0.0,12.6,0,0,1
Sweden,2025-10-13,20:45,WCQ,First round,Mon,Home,L,0.0,1.0,Kosovo,68.0,36571.0,Victor Lindelöf,3-5-2,3-1-4-2,Danny Makkelie,,False,28,1528.18,104,1205.96,0,0,0,0,0,0,,,,,,,25.2854,51.531,,-76,1,3.0,1.0,1.0,0.6666666666666666,2.0,0.0,0.0,,35.0,0.0,14.7,0,0,1
Sweden,2025-11-15,20:45,WCQ,First round,Sat,Away,L,1.0,4.0,Switzerland,41.0,26458.0,Isak Hien,4-4-2,4-2-3-1,Erik Lambrechts,,False,28,1528.18,15,1641.0,1,1,0,0,1,0,,,,,,,25.2854,51.531,,13,0,33.0,1.0,1.0,0.5,1.75,0.0,0.0,,31.1,0.0,14.4,0,0,1
Sweden,2025-11-18,20:45,WCQ,First round,Tue,Home,D,1.0,1.0,Slovenia,61.0,25724.0,Victor Lindelöf,4-4-2,5-4-1,Maurizio Mariani,,False,28,1528.18,51,1462.98,0,0,0,0,0,0,,,,,,,25.2854,51.531,,-23,1,3.0,1.0,1.0,0.6,2.2,0.0,0.0,,32.8,0.0,22.2,0,0,1
Sweden,2026-03-26,20:45,WCQ,Second round — Semi-finals,Thu,Neutral,W,3.0,1.0,Ukraine,32.0,18846.0,Victor Lindelöf,3-4-3,4-1-4-1,João Pinheiro,,False,28,1528.18,24,1548.29,0,0,0,0,0,0,,,,,,,25.2854,51.531,,4,0,128.0,1.0,2.0,0.4,2.0,0.0,0.0,,28.8,18.7,21.9,1,1,0
Sweden,2026-03-31,20:45,WCQ,Second round — Finals,Tue,Home,W,3.0,2.0,Poland,33.0,49627.0,Victor Lindelöf,3-4-3,3-4-3,Slavko Vinčič,,False,28,1528.18,30,1525.08,1,0,1,0,0,1,,,,,,,25.2854,51.531,,-2,1,5.0,4.0,5.0,1.0,1.8,0.0,0.0,1.0,23.8,16.9,17.3,1,1,0
Sweden,2026-06-01,19:00,Friendlies (M),Friendlies (M),Mon,Away,L,1.0,3.0,Norway,,25178.0,Isak Hien,3-1-4-2,4-2-2-2,Balázs Berke,,False,28,1528.18,47,1472.16,2,0,2,0,2,7,,,,,,,25.2854,51.531,,-19,1,62.0,7.0,8.0,1.6,1.8,0.25,0.0,1.0,43.5,0.0,16.3,0,0,1
Sweden,2026-06-04,19:00,Friendlies (M),Friendlies (M),Thu,Home,D,2.0,2.0,Greece,,39139.0,Isak Hien,3-4-1-2,3-4-3,Aaron Wyn Jones,,False,28,1528.18,48,1469.18,0,0,0,0,0,0,,,,,,,25.2854,51.531,,-20,1,3.0,7.0,8.0,1.8,2.2,0.25,0.0,1.0,44.2,0.0,24.1,0,0,1
Switzerland,2025-09-05,20:45,WCQ,First round,Fri,Home,W,4.0,0.0,Kosovo,63.0,33996.0,Granit Xhaka,4-3-3,4-3-3,Szymon Marciniak,,False,15,1641.0,104,1205.96,0,0,0,0,0,0,,,,,,,25.2854,51.531,,-89,1,,,,,,,,,39.8,0.1,16.5,1,0,1
Switzerland,2025-09-08,20:45,WCQ,First round,Mon,Home,W,3.0,0.0,Slovenia,65.0,12757.0,Granit Xhaka,4-3-3,4-4-2,François Letexier,,False,15,1641.0,51,1462.98,0,0,0,0,0,0,,,,,,,25.2854,51.531,,-36,1,3.0,3.0,3.0,4.0,0.0,1.0,,,44.9,0.0,18.8,1,0,1
Switzerland,2025-10-10,20:45,WCQ,First round,Fri,Away,W,2.0,0.0,Sweden,60.0,50151.0,Granit Xhaka,4-3-3,3-5-2,Anthony Taylor,,False,15,1641.0,28,1528.18,1,0,1,0,0,1,,,,,,,25.2854,51.531,,-13,1,32.0,6.0,6.0,3.5,0.0,1.0,,,37.2,0.0,12.6,1,0,1
Switzerland,2025-10-13,20:45,WCQ,First round,Mon,Away,D,0.0,0.0,Slovenia,65.0,14637.0,Granit Xhaka,4-3-3,5-4-1,Felix Zwayer,,False,15,1641.0,51,1462.98,0,0,0,0,0,0,,,,,,,25.2854,51.531,,-36,1,3.0,9.0,9.0,3.0,0.0,1.0,1.0,,35.0,0.0,14.7,0,0,1
Switzerland,2025-11-15,20:45,WCQ,First round,Sat,Home,W,4.0,1.0,Sweden,59.0,26458.0,Granit Xhaka,4-2-3-1,4-4-2,Erik Lambrechts,,False,15,1641.0,28,1528.18,1,0,1,0,0,1,,,,,,,25.2854,51.531,,-13,1,33.0,10.0,10.0,2.25,0.0,1.0,0.5,,31.1,0.0,14.4,1,0,1
Switzerland,2025-11-18,20:45,WCQ,First round,Tue,Away,D,1.0,1.0,Kosovo,53.0,11215.0,Granit Xhaka,4-3-3,5-3-2,Davide Massa,,False,15,1641.0,104,1205.96,0,0,0,0,0,0,,,,,,,25.2854,51.531,,-89,1,3.0,13.0,13.0,2.6,0.2,1.0,0.5,,32.8,0.0,22.2,0,0,1
Switzerland,2026-03-27,20:45,Friendlies (M),Friendlies (M),Fri,Home,L,3.0,4.0,Germany,,37994.0,Granit Xhaka,4-1-4-1,4-1-4-1,Chris Kavanagh,,False,15,1641.0,13,1692.19,2,1,0,1,5,3,,,,,,,25.2854,51.531,,2,0,129.0,11.0,14.0,2.0,0.4,1.0,0.3333333333333333,,25.5,0.5,15.9,0,0,0
Switzerland,2026-03-31,18:00,Friendlies (M),Friendlies (M),Tue,Away,D,0.0,0.0,Norway,,23913.0,Manuel Akanji,3-4-3,4-1-4-1,Jasper Vergoote,,False,15,1641.0,47,1472.16,0,0,0,0,0,0,,,,,,,25.2854,51.531,,-32,1,4.0,8.0,14.0,2.0,1.2,0.75,0.3333333333333333,,23.8,16.9,17.3,0,1,0
Switzerland,2026-05-31,15:00,Friendlies (M),Friendlies (M),Sun,Home,W,4.0,1.0,Jordan,,13380.0,Granit Xhaka,3-4-3,5-3-2,Rohit Saggi,,False,15,1641.0,68,1377.52,0,0,0,0,0,0,,,,,,,25.2854,51.531,,-53,1,61.0,6.0,15.0,1.6,1.2,0.75,0.25,,42.0,0.0,18.7,1,0,1
Switzerland,2026-06-06,12:00,Friendlies (M),Friendlies (M),Sat,Neutral,D,1.0,1.0,Australia,,6500.0,Granit Xhaka,4-2-2-2,5-4-1,Katja Koroleva,,False,15,1641.0,25,1544.3,0,0,0,0,0,0,,,,,,,25.2854,51.531,,-10,1,6.0,8.0,18.0,2.4,1.4,0.8,0.25,,43.0,0.0,24.6,0,0,1
Switzerland,2026-06-13,12:00,World Cup,Group stage,Sat,Neutral,D,1.0,1.0,Qatar,68.0,67966.0,Granit Xhaka,4-2-3-1,4-1-4-1,Said Martínez,,False,15,1641.0,44,1481.69,0,0,0,0,0,0,,,,,,,25.2854,51.531,,-29,1,7.0,6.0,19.0,1.8,1.4,0.8,0.25,0.0,40.8,0.0,23.3,0,0,1
Tunisia,2023-11-17,20:00,WCQ,First round,Fri,Home,W,4.0,0.0,São Tomé,,,Youssef Msakni,4-1-4-1,4-2-2-2,Joseph Odey Ogabor,,False,32,1516.14,187,908.18,0,0,0,0,0,0,,,,,,,25.2854,51.531,,-155,1,,,,,,,,,28.0,3.1,22.7,1,1,0
Tunisia,2023-11-21,15:00,WCQ,First round,Tue,Away,W,1.0,0.0,Malawi,,,Youssef Msakni,4-1-4-1,4-2-2-2,Aklésso Gnama,,False,32,1516.14,123,1144.29,0,0,0,0,0,0,,,,,,,25.2854,51.531,,-91,1,4.0,3.0,3.0,4.0,0.0,1.0,,,30.6,1.9,25.4,1,0,1
Tunisia,2024-06-05,20:00,WCQ,First round,Wed,Home,W,1.0,0.0,Equ. Guinea,,,Yassine Meriah,4-1-4-1,4-1-4-1,Abongile Tom,,False,41,1493.12,79,1308.03,0,0,0,0,0,0,,,,,,,25.2854,51.531,,-38,1,197.0,6.0,6.0,2.5,0.0,1.0,1.0,,42.6,0.0,14.2,1,0,1
Tunisia,2024-06-09,18:00,WCQ,First round,Sun,Neutral,D,0.0,0.0,Namibia,,,Yassine Meriah,4-2-3-1,4-2-3-1,Dahane Beida,,False,41,1493.12,106,1192.13,0,0,0,0,0,0,,,,,,,25.2854,51.531,,-65,1,4.0,9.0,9.0,2.0,0.0,1.0,1.0,,37.0,0.0,18.0,0,0,1
Tunisia,2025-03-19,16:00,WCQ,First round,Wed,Away,W,1.0,0.0,Liberia,,,Naïm Sliti,4-2-3-1,4-2-3-1,Clément Franklin Kpan,,False,36,1504.86,143,1064.97,0,0,0,0,0,0,,,,,,,25.2854,51.531,,-107,1,283.0,10.0,10.0,1.5,0.0,1.0,1.0,0.0,29.7,0.0,12.5,1,0,0
Tunisia,2025-03-24,22:00,WCQ,First round,Mon,Home,W,2.0,0.0,Malawi,,,Naïm Sliti,4-2-3-1,4-2-3-1,Louis Houngnandande,,False,36,1504.86,133,1117.42,0,0,0,0,0,0,,,,,,,25.2854,51.531,,-97,1,5.0,13.0,13.0,1.4,0.0,1.0,1.0,0.0,24.5,0.0,26.9,1,0,0
Tunisia,2025-09-04,20:00,WCQ,First round,Thu,Home,W,3.0,0.0,Liberia,,,Ferjani Sassi,4-1-4-1,4-2-3-1,Raphiou Ligali,,False,36,1504.86,143,1064.97,0,0,0,0,0,0,,,,,,,25.2854,51.531,,-107,1,164.0,13.0,16.0,1.0,0.0,1.0,1.0,0.0,36.5,0.0,12.9,1,0,1
Tunisia,2025-09-08,14:00,WCQ,First round,Mon,Away,W,1.0,0.0,Equ. Guinea,,,Ferjani Sassi,4-2-3-1,4-1-4-1,Patrice Milazar,,False,36,1504.86,94,1250.57,0,0,0,0,0,0,,,,,,,25.2854,51.531,,-58,1,4.0,13.0,19.0,1.4,0.0,1.0,1.0,0.0,44.9,0.0,18.8,1,0,1
Tunisia,2025-10-10,17:00,WCQ,First round,Fri,Neutral,W,6.0,0.0,São Tomé,,,Naïm Sliti,4-1-4-1,4-2-3-1,Andofetra Rakotojaona,,False,36,1504.86,187,908.18,0,0,0,0,0,0,,,,,,,25.2854,51.531,,-151,1,32.0,13.0,22.0,1.4,0.0,1.0,1.0,0.0,37.2,0.0,12.6,1,0,1
Tunisia,2025-10-13,14:00,WCQ,First round,Mon,Home,W,3.0,0.0,Namibia,,,Ferjani Sassi,4-2-3-1,4-1-4-1,Issa Sy,,False,36,1504.86,105,1201.3,0,0,0,0,0,0,,,,,,,25.2854,51.531,,-69,1,3.0,15.0,25.0,2.6,0.0,1.0,1.0,0.5,35.0,0.0,14.7,1,0,1
Tunisia,2026-03-28,20:00,Friendlies (M),Friendlies (M),Sat,Neutral,W,1.0,0.0,Haiti,,13408.0,Ellyes Skhiri,4-2-3-1,4-2-3-1,Pierre-Luc Lauzière,,False,36,1504.86,86,1278.56,0,0,0,0,0,0,,,,,,,25.2854,51.531,,-50,1,166.0,15.0,28.0,3.0,0.0,1.0,1.0,0.5,24.1,0.0,17.7,1,0,0
Tunisia,2026-03-31,21:00,Friendlies (M),Friendlies (M),Tue,Away,D,0.0,0.0,Canada,,22624.0,Ellyes Skhiri,4-2-3-1,4-2-2-2,Keylor Herrera,,False,36,1504.86,38,1502.31,0,0,0,0,0,0,,,,,,,25.2854,51.531,,-2,1,3.0,15.0,28.0,2.8,0.0,1.0,1.0,0.6666666666666666,23.8,16.9,17.3,0,1,0
Tunisia,2026-06-01,20:45,Friendlies (M),Friendlies (M),Mon,Away,L,0.0,1.0,Austria,,35100.0,Ellyes Skhiri,4-2-3-1,4-2-3-1,Jérémie Pignard,,False,36,1504.86,22,1580.37,0,0,0,0,0,0,,,,,,,25.2854,51.531,,14,0,62.0,13.0,26.0,2.2,0.0,1.0,0.75,0.6666666666666666,43.5,0.0,16.3,0,0,1
Tunisia,2026-06-06,15:00,Friendlies (M),Friendlies (M),Sat,Away,L,0.0,5.0,Belgium,,40236.0,Ellyes Skhiri,4-1-4-1,4-2-3-1,Tasos Sidiropoulos,,False,36,1504.86,6,1768.14,2,0,1,1,3,6,,,,,,,25.2854,51.531,,30,0,5.0,10.0,23.0,2.0,0.2,1.0,0.6,0.6666666666666666,43.0,0.0,24.6,0,0,1
Türkiye,2025-09-04,20:00,WCQ,First round,Thu,Away,W,3.0,2.0,Georgia,46.0,44238.0,Hakan Çalhanoğlu,4-2-3-1,4-4-2,Davide Massa,,False,26,1538.52,66,1378.22,0,0,0,0,0,0,,,,,,,25.2854,51.531,,-40,1,,,,,,,,,36.5,0.0,12.9,1,0,1
Türkiye,2025-09-07,21:45,WCQ,First round,Sun,Home,L,0.0,6.0,Spain,50.0,32059.0,Hakan Çalhanoğlu,4-2-3-1,4-3-3,Michael Oliver,,False,26,1538.52,3,1836.42,0,0,0,0,0,0,,,,,,,25.2854,51.531,,23,0,3.0,3.0,3.0,3.0,2.0,,1.0,,45.1,0.0,15.6,0,0,1
Türkiye,2025-10-11,21:45,WCQ,First round,Sat,Away,W,6.0,1.0,Bulgaria,78.0,10059.0,Hakan Çalhanoğlu,4-2-3-1,4-4-1-1,Luís Godinho,,False,26,1538.52,81,1302.68,0,0,0,0,0,0,,,,,,,25.2854,51.531,,-55,1,34.0,3.0,3.0,1.5,4.0,0.0,1.0,,36.3,0.0,21.0,1,0,1
Türkiye,2025-10-14,21:45,WCQ,First round,Tue,Home,W,4.0,1.0,Georgia,45.0,26633.0,Hakan Çalhanoğlu,4-2-3-1,4-3-3,Radu Petrescu,,False,26,1538.52,66,1378.22,0,0,0,0,0,0,,,,,,,25.2854,51.531,,-40,1,3.0,6.0,6.0,3.0,3.0,0.0,1.0,,34.2,0.0,20.0,1,0,1
Türkiye,2025-11-15,20:00,WCQ,First round,Sat,Home,W,2.0,0.0,Bulgaria,67.0,42756.0,Hakan Çalhanoğlu,4-2-3-1,4-5-1,Nick Walsh,,False,26,1538.52,81,1302.68,0,0,0,0,0,0,,,,,,,25.2854,51.531,,-55,1,32.0,9.0,9.0,3.25,2.5,0.5,1.0,,31.1,0.0,14.4,1,0,1
Türkiye,2025-11-18,20:45,WCQ,First round,Tue,Away,D,2.0,2.0,Spain,27.0,30812.0,Merih Demiral,5-4-1,4-3-3,Felix Zwayer,,False,26,1538.52,3,1836.42,0,0,0,0,0,0,,,,,,,40.4168,-3.7038,,23,0,3.0,12.0,12.0,3.0,2.0,0.6666666666666666,1.0,,13.2,0.0,8.3,0,0,0
Türkiye,2026-03-26,20:00,WCQ,Second round — Semi-finals,Thu,Neutral,W,1.0,0.0,Romania,68.0,38979.0,Hakan Çalhanoğlu,4-2-3-1,4-2-3-1,François Letexier,,False,26,1538.52,45,1481.4,0,0,0,0,0,0,,,,,,,25.2854,51.531,,-19,1,128.0,10.0,13.0,2.8,2.0,0.6666666666666666,0.6666666666666666,,28.8,18.7,21.9,1,1,0
Türkiye,2026-03-31,20:45,WCQ,Second round — Finals,Tue,Away,W,1.0,0.0,Kosovo,57.0,12887.0,Hakan Çalhanoğlu,3-4-3,3-4-3,Michael Oliver,,False,26,1538.52,104,1205.96,0,0,0,0,0,0,,,,,,,25.2854,51.531,,-78,1,5.0,13.0,16.0,3.0,0.8,0.6666666666666666,0.6666666666666666,1.0,23.8,16.9,17.3,1,1,0
Türkiye,2026-06-01,20:30,Friendlies (M),Friendlies (M),Mon,Home,W,4.0,0.0,N. Macedonia,,33994.0,Çağlar Söyüncü,4-2-3-1,3-4-1-2,José Luis Munuera,,False,26,1538.52,72,1351.18,0,0,0,0,0,0,,,,,,,25.2854,51.531,,-46,1,62.0,13.0,19.0,2.0,0.6,0.6666666666666666,0.75,1.0,43.5,0.0,16.3,1,0,1
Türkiye,2026-06-06,18:00,Friendlies (M),Friendlies (M),Sat,Neutral,W,2.0,1.0,Venezuela,,,Zeki Çelik,4-2-3-1,4-2-2-2,Daniel Quintero,,False,26,1538.52,40,1488.56,0,0,0,0,0,0,,,,,,,25.2854,51.531,,-14,1,5.0,13.0,22.0,2.0,0.4,0.75,0.75,1.0,43.0,0.0,24.6,1,0,1
Türkiye,2026-06-13,21:00,World Cup,Group stage,Sat,Neutral,L,0.0,2.0,Australia,72.0,52497.0,Hakan Çalhanoğlu,4-2-3-1,5-4-1,Jesús Valenzuela,,False,26,1538.52,25,1544.3,0,0,0,0,0,0,,,,,,,25.2854,51.531,,1,0,7.0,13.0,25.0,2.0,0.6,0.75,0.75,1.0,40.8,0.0,23.3,0,0,1
United States,2026-03-28,15:37,Friendlies (M),Friendlies (M),Sat,Home,L,2.0,5.0,Belgium,,66867.0,Tim Ream,4-2-3-1,4-2-3-1,Esteban Ostojich,,False,18,1632.19,6,1768.14,2,1,1,0,4,2,,,,,,,38.9072,-77.0369,,12,0,,,,,,,,,9.2,0.0,22.6,0,0,0
United States,2026-03-31,19:07,Friendlies (M),Friendlies (M),Tue,Home,L,0.0,2.0,Portugal,,72297.0,Chris Richards,4-2-3-1,4-2-3-1,Sven Jablonski,,False,18,1632.19,8,1752.14,2,1,0,1,5,4,,,,,,,38.9072,-77.0369,,10,0,3.0,0.0,0.0,2.0,5.0,0.0,,,29.1,0.1,22.5,0,0,0
United States,2026-05-31,15:30,Friendlies (M),Friendlies (M),Sun,Home,W,3.0,2.0,Senegal,,57741.0,Tim Ream,4-2-3-1,4-2-3-1,Nick Walsh,,False,18,1632.19,21,1620.87,0,0,0,0,0,0,,,,,,,38.9072,-77.0369,,-3,1,61.0,0.0,0.0,1.0,3.5,0.0,,,26.4,0.0,9.9,1,0,0
United States,2026-06-06,13:30,Friendlies (M),Friendlies (M),Sat,Home,L,1.0,2.0,Germany,,63636.0,Tim Ream,4-2-3-1,4-2-3-1,Piero Maza,,False,18,1632.19,13,1692.19,7,3,4,0,10,11,,,,,,,38.9072,-77.0369,,5,0,6.0,3.0,3.0,1.6666666666666667,3.0,0.3333333333333333,,,33.0,5.1,19.4,0,1,1
United States,2026-06-12,18:00,World Cup,Group stage,Fri,Neutral,W,4.0,1.0,Paraguay,65.0,70492.0,Tim Ream,4-2-3-1,4-2-2-2,Danny Makkelie,,False,18,1632.19,57,1423.98,1,1,0,0,3,0,,,,,,,25.2854,51.531,,-39,1,6.0,3.0,3.0,1.5,2.75,0.25,,,44.3,0.0,23.9,1,0,1
Uruguay,2023-09-08,20:00,WCQ,World Cup qualification,Fri,Home,W,3.0,1.0,Chile,50.0,49713.0,Federico Valverde,4-3-3,4-4-2,Darío Herrera,,False,16,1633.13,32,1511.31,0,0,0,0,0,0,,,,,,,-34.9011,-56.1645,,-16,1,,,,,,,,,13.7,0.0,31.4,1,0,0
Uruguay,2023-09-12,16:00,WCQ,World Cup qualification,Tue,Away,L,1.0,2.0,Ecuador,50.0,35613.0,Federico Valverde,4-2-3-1,5-3-2,Wilton Sampaio,,False,16,1633.13,40,1486.47,0,0,0,0,0,0,,,,,,,25.2854,51.531,,-24,1,4.0,3.0,3.0,3.0,1.0,1.0,,,38.2,0.0,18.7,0,0,1
Uruguay,2023-10-12,15:30,WCQ,World Cup qualification,Thu,Away,D,2.0,2.0,Colombia,51.0,43915.0,Federico Valverde,4-2-3-1,4-2-3-1,Piero Maza,,False,17,1626.51,16,1629.6,2,1,1,0,2,3,,,,,,,4.711,-74.0721,,1,0,30.0,3.0,3.0,2.0,1.5,1.0,0.0,,22.9,0.1,12.5,0,0,0
Uruguay,2023-10-17,21:00,WCQ,World Cup qualification,Tue,Home,W,2.0,0.0,Brazil,39.0,52477.0,Federico Valverde,4-2-3-1,4-2-3-1,Alexis Herrera,,False,17,1626.51,3,1837.61,2,1,1,0,3,4,,,,,,,-34.9011,-56.1645,,14,0,5.0,4.0,4.0,2.0,1.6666666666666667,1.0,0.0,,15.1,0.2,39.3,1,0,0
Uruguay,2023-11-16,21:00,WCQ,World Cup qualification,Thu,Away,W,2.0,0.0,Argentina,37.0,,Federico Valverde,4-2-3-1,4-3-3,Wilmar Roldán,,False,15,1643.72,1,1861.29,2,1,1,0,4,3,,,,,,,-34.6037,-58.3816,,14,0,30.0,7.0,7.0,2.0,1.25,1.0,0.0,,24.0,0.0,24.9,1,0,0
Uruguay,2023-11-21,20:30,WCQ,World Cup qualification,Tue,Home,W,3.0,0.0,Bolivia,69.0,60235.0,José María Giménez,4-3-3,4-5-1,Kevin Ortega,,False,15,1643.72,85,1271.09,1,1,0,0,8,0,,,,,,,-34.9011,-56.1645,,-70,1,5.0,10.0,10.0,2.0,1.0,1.0,0.3333333333333333,,23.5,2.0,24.5,1,0,0
Uruguay,2024-09-06,20:30,WCQ,World Cup qualification,Fri,Home,D,0.0,0.0,Paraguay,65.0,47741.0,Luis Suárez,4-3-3,4-2-3-1,Darío Herrera,,False,11,1713.15,62,1396.8,0,0,0,0,0,0,,,,,,,-34.9011,-56.1645,,-51,1,290.0,10.0,13.0,2.0,0.8,1.0,0.3333333333333333,,16.9,0.0,30.7,0,0,0
Uruguay,2024-09-10,18:00,WCQ,World Cup qualification,Tue,Away,D,0.0,0.0,Venezuela,55.0,,Sergio Rochet,4-3-3,4-1-4-1,Raphael Claus,,False,11,1713.15,37,1501.46,0,0,0,0,0,0,,,,,,,25.2854,51.531,,-26,1,4.0,11.0,14.0,1.8,0.4,0.75,0.3333333333333333,,45.0,0.0,21.7,0,0,1
Uruguay,2024-10-11,20:30,WCQ,World Cup qualification,Fri,Away,L,0.0,1.0,Peru,62.0,,Federico Valverde,3-5-2,3-5-2,Facundo Tello,,False,11,1701.34,43,1483.2,1,1,0,0,1,0,,,,,,,25.2854,51.531,,-32,1,31.0,11.0,15.0,1.4,0.0,0.75,0.25,,35.7,0.8,18.2,0,0,1
Uruguay,2024-10-15,20:30,WCQ,World Cup qualification,Tue,Home,D,0.0,0.0,Ecuador,55.0,27112.0,José María Giménez,4-2-3-1,5-3-2,Cristián Garay,,False,11,1701.34,27,1535.43,0,0,0,0,0,0,,,,,,,-34.9011,-56.1645,,-16,1,4.0,8.0,15.0,1.0,0.2,0.75,0.2,,17.9,0.1,22.4,0,0,0
Uruguay,2024-11-15,21:00,WCQ,World Cup qualification,Fri,Home,W,3.0,2.0,Colombia,45.0,,José María Giménez,4-2-3-1,4-3-1-2,Kevin Ortega,,False,11,1701.34,9,1738.72,2,1,1,0,2,3,,,,,,,-34.9011,-56.1645,,2,0,31.0,6.0,16.0,0.6,0.2,0.6,0.2,,26.5,0.0,20.9,1,0,0
Uruguay,2024-11-19,21:45,WCQ,World Cup qualification,Tue,Away,D,1.0,1.0,Brazil,39.0,,José María Giménez,4-3-3,4-2-2-2,Piero Maza,,False,11,1701.34,5,1772.02,2,1,1,0,3,4,,,,,,,-15.8267,-47.9218,,6,0,4.0,6.0,16.0,0.6,0.6,0.6666666666666666,0.2,,26.7,17.8,11.5,0,1,0
Uruguay,2025-03-21,20:30,WCQ,World Cup qualification,Fri,Home,L,0.0,1.0,Argentina,55.0,,José María Giménez,4-3-3,4-2-3-1,Juan Gabriel Benítez,,False,11,1701.34,1,1889.02,2,1,1,0,4,3,,,,,,,-34.9011,-56.1645,,10,0,122.0,6.0,17.0,0.8,0.8,0.6666666666666666,0.1666666666666666,,27.2,0.0,18.0,0,0,0
Uruguay,2025-03-25,16:00,WCQ,World Cup qualification,Tue,Away,D,0.0,0.0,Bolivia,34.0,10723.0,José María Giménez,4-4-2,4-5-1,Augusto Aragón,,False,11,1701.34,83,1293.76,1,1,0,0,8,0,,,,,,,25.2854,51.531,,-72,1,4.0,5.0,16.0,0.8,1.0,0.5714285714285714,0.1666666666666666,,24.0,0.0,25.1,0,0,0
Uruguay,2025-06-05,19:00,WCQ,World Cup qualification,Thu,Away,L,0.0,2.0,Paraguay,71.0,,José María Giménez,4-3-3,4-4-1-1,Darío Herrera,,False,11,1701.34,57,1423.98,0,0,0,0,0,0,,,,,,,25.2854,51.531,,-46,1,72.0,6.0,14.0,0.8,0.8,0.5714285714285714,0.1428571428571428,,39.0,0.0,22.1,0,0,1
Uruguay,2025-06-10,20:00,WCQ,World Cup qualification,Tue,Home,W,2.0,0.0,Venezuela,59.0,,José María Giménez,4-2-3-1,4-2-3-1,Raphael Claus,,False,11,1701.34,40,1488.56,0,0,0,0,0,0,,,,,,,-34.9011,-56.1645,,-29,1,5.0,5.0,11.0,0.8,1.2,0.5714285714285714,0.125,,10.9,0.0,14.7,1,0,0
Uruguay,2025-09-04,20:30,WCQ,World Cup qualification,Thu,Home,W,3.0,0.0,Peru,63.0,,Federico Valverde,4-3-3,4-5-1,Facundo Tello,,False,11,1701.34,43,1483.2,1,1,0,0,1,0,,,,,,,-34.9011,-56.1645,,-32,1,86.0,5.0,11.0,0.6,0.8,0.625,0.125,,13.2,0.0,33.5,1,0,0
Uruguay,2025-09-09,20:30,WCQ,World Cup qualification,Tue,Away,D,0.0,0.0,Chile,51.0,,Federico Valverde,4-3-3,4-2-3-1,Anderson Daronco,,False,11,1701.34,49,1467.98,0,0,0,0,0,0,,,,,,,-33.4489,-70.6693,,-38,1,5.0,7.0,13.0,1.0,0.6,0.6666666666666666,0.125,,22.6,0.0,8.7,0,0,0
Uruguay,2026-03-27,19:45,Friendlies (M),Friendlies (M),Fri,Away,D,1.0,1.0,eng England,,80581.0,Federico Valverde,4-2-3-1,4-2-3-1,Sven Jablonski,,False,11,1701.34,4,1817.28,3,2,0,1,6,3,,,,,,,25.2854,51.531,,7,0,199.0,8.0,13.0,1.0,0.4,0.6666666666666666,0.1111111111111111,,25.5,0.5,15.9,0,0,0
Uruguay,2026-03-31,20:30,Friendlies (M),Friendlies (M),Tue,Neutral,D,0.0,0.0,Algeria,,,José María Giménez,4-1-4-1,5-4-1,Luca Pairetto,,False,11,1701.34,41,1486.03,0,0,0,0,0,0,,,,,,,25.2854,51.531,,-30,1,4.0,8.0,14.0,1.2,0.6,0.6666666666666666,0.1,,23.8,16.9,17.3,0,1,0
Uzbekistan,2023-11-16,19:00,WCQ,Second round,Thu,Away,W,3.0,1.0,Turkmenistan,,19500.0,Eldor Shomurodov,3-4-3,3-4-3,Hiroyuki Kimura,,False,73,1333.09,141,1086.12,0,0,0,0,0,0,,,,,,,25.2854,51.531,,-68,1,,,,,,,,,29.6,2.1,25.7,1,1,0
Uzbekistan,2023-11-21,18:00,WCQ,Second round,Tue,Home,D,2.0,2.0,IR Iran,,32551.0,Eldor Shomurodov,3-4-3,4-1-4-1,Mohammed Abdulla Hassan,,False,73,1333.09,21,1567.3,0,0,0,0,0,0,,,,,,,25.2854,51.531,,52,0,5.0,3.0,3.0,3.0,1.0,,1.0,,30.6,1.9,25.4,0,0,1
Uzbekistan,2024-03-21,20:00,WCQ,Second round,Thu,Away,W,2.0,0.0,Hong Kong,,6263.0,Eldor Shomurodov,3-4-3,4-2-3-1,Kim Woosung,,False,66,1376.5,146,1062.39,0,0,0,0,0,0,,,,,,,25.2854,51.531,,-80,1,121.0,4.0,4.0,2.5,1.5,0.0,1.0,,27.5,0.0,32.7,1,0,0
Uzbekistan,2024-03-26,19:30,WCQ,Second round,Tue,Home,W,3.0,0.0,Hong Kong,,29584.0,Eldor Shomurodov,3-4-3,3-5-2,Ahmed Al Ali,,False,66,1376.5,146,1062.39,0,0,0,0,0,0,,,,,,,25.2854,51.531,,-80,1,5.0,7.0,7.0,2.333333333333333,1.0,0.0,1.0,,25.0,0.0,33.8,1,0,0
Uzbekistan,2024-06-06,19:30,WCQ,Second round,Thu,Home,W,3.0,1.0,Turkmenistan,,27306.0,Eldor Shomurodov,3-4-3,3-4-3,Yūsuke Araki,,False,64,1386.58,143,1072.52,0,0,0,0,0,0,,,,,,,25.2854,51.531,,-79,1,72.0,10.0,10.0,2.5,0.75,0.5,1.0,,39.3,0.0,18.9,1,0,1
Uzbekistan,2024-06-11,21:30,WCQ,Second round,Tue,Away,D,0.0,0.0,IR Iran,,15468.0,Eldor Shomurodov,3-4-3,4-2-3-1,Kim Jonghyeok,,False,64,1386.58,20,1613.96,0,0,0,0,0,0,,,,,,,25.2854,51.531,,44,0,5.0,13.0,13.0,2.6,0.8,0.6666666666666666,1.0,,45.2,0.0,17.6,0,0,1
Uzbekistan,2024-09-05,19:00,WCQ,Third round,Thu,Home,W,1.0,0.0,Korea DPR,47.0,24205.0,Eldor Shomurodov,3-4-3,4-2-2-2,Ahmed Abu Bakar Al Kaf,,False,61,1397.41,110,1183.96,0,0,0,0,0,0,,,,,,,25.2854,51.531,,-49,1,86.0,11.0,14.0,2.0,0.6,0.6666666666666666,0.6666666666666666,,39.5,0.0,23.7,1,0,1
Uzbekistan,2024-09-10,20:00,WCQ,Third round,Tue,Away,W,3.0,2.0,Kyrgyz Republic,63.0,13282.0,Eldor Shomurodov,5-3-2,5-3-2,Ahmad Al Ali,,False,61,1397.41,102,1213.58,0,0,0,0,0,0,,,,,,,25.2854,51.531,,-41,1,5.0,13.0,17.0,1.8,0.2,0.75,0.6666666666666666,,45.0,0.0,21.7,1,0,1
Uzbekistan,2024-10-10,19:00,WCQ,Third round,Thu,Home,D,0.0,0.0,IR Iran,45.0,33829.0,Eldor Shomurodov,5-4-1,4-2-3-1,Shaun Evans,,False,60,1413.06,19,1622.92,0,0,0,0,0,0,,,,,,,25.2854,51.531,,41,0,30.0,13.0,20.0,2.0,0.6,0.75,0.75,,35.6,0.0,20.7,0,0,1
Uzbekistan,2024-10-15,19:00,WCQ,Third round,Tue,Home,W,1.0,0.0,UAE,60.0,32773.0,Eldor Shomurodov,5-3-2,4-2-3-1,Ma Ning,,False,60,1413.06,69,1377.22,0,0,0,0,0,0,,,,,,,25.2854,51.531,,-9,1,5.0,11.0,21.0,1.4,0.6,0.6,0.75,,35.3,0.0,19.8,1,0,1
Uzbekistan,2024-11-14,19:15,WCQ,Third round,Thu,Away,L,2.0,3.0,Qatar,54.0,10759.0,Eldor Shomurodov,3-4-3,3-4-1-2,Kim Jonghyeok,,False,60,1413.06,44,1481.69,0,0,0,0,0,0,,,,,,,25.2854,51.531,,16,0,30.0,11.0,24.0,1.0,0.4,0.6666666666666666,0.75,,32.0,0.0,18.2,0,0,1
Uzbekistan,2024-11-19,19:00,WCQ,Third round,Tue,Neutral,W,1.0,0.0,Korea DPR,41.0,166.0,Jaloliddin Masharipov,3-4-3,4-2-2-2,Ahmad Al Ali,,False,60,1413.06,111,1183.02,0,0,0,0,0,0,,,,,,,25.2854,51.531,,-51,1,5.0,10.0,21.0,1.4,1.0,0.6666666666666666,0.6,,30.8,0.0,12.7,1,0,1
Uzbekistan,2025-03-20,21:00,WCQ,Third round,Thu,Home,W,1.0,0.0,Kyrgyz Republic,74.0,32458.0,Eldor Shomurodov,3-4-3,5-3-2,Yūsuke Araki,,False,60,1413.06,106,1201.11,0,0,0,0,0,0,,,,,,,25.2854,51.531,,-46,1,121.0,10.0,23.0,1.4,1.0,0.6666666666666666,0.6,1.0,29.6,0.0,14.3,1,0,0
Uzbekistan,2025-03-25,19:30,WCQ,Third round,Tue,Away,D,2.0,2.0,IR Iran,39.0,36702.0,Eldor Shomurodov,3-4-3,4-2-3-1,Ahmed Abu Bakar Al Kaf,,False,60,1413.06,19,1622.92,0,0,0,0,0,0,,,,,,,25.2854,51.531,,41,0,5.0,10.0,23.0,1.0,0.6,0.7142857142857143,0.6,1.0,24.0,0.0,25.1,0,0,0
Uzbekistan,2025-06-05,20:00,WCQ,Third round,Thu,Away,D,0.0,0.0,UAE,39.0,9820.0,Eldor Shomurodov,3-4-3,4-2-3-1,Shaun Evans,,False,60,1413.06,69,1377.22,0,0,0,0,0,0,,,,,,,25.2854,51.531,,-9,1,72.0,10.0,21.0,1.4,1.0,0.7142857142857143,0.5,1.0,39.0,0.0,22.1,0,0,1
Uzbekistan,2025-06-10,18:45,WCQ,Third round,Tue,Home,W,3.0,0.0,Qatar,61.0,32931.0,Eldor Shomurodov,4-2-3-1,4-2-3-1,Ma Ning,,False,60,1413.06,44,1481.69,0,0,0,0,0,0,,,,,,,25.2854,51.531,,16,0,5.0,8.0,19.0,1.2,1.0,0.7142857142857143,0.4285714285714285,1.0,37.8,0.0,13.6,1,0,1
Uzbekistan,2026-06-01,19:00,Friendlies (M),Friendlies (M),Mon,Away,L,0.0,2.0,Canada,,46164.0,Eldor Shomurodov,5-4-1,4-2-2-2,Marco Antonio Ortíz,,False,60,1413.06,38,1502.31,0,0,0,0,0,0,,,,,,,25.2854,51.531,,22,0,356.0,11.0,21.0,1.4,0.4,0.75,0.4285714285714285,1.0,43.5,0.0,16.3,0,0,1
Uzbekistan,2026-06-08,14:45,Friendlies (M),Friendlies (M),Mon,Neutral,L,1.0,2.0,Netherlands,,,Eldor Shomurodov,5-4-1,4-1-4-1,Alyssa Pennington,,False,60,1413.06,7,1759.95,0,0,0,0,0,0,,,,,,,25.2854,51.531,,53,0,7.0,8.0,18.0,1.2,0.8,0.75,0.375,1.0,41.2,0.0,19.3,0,0,1
